ccn,hospital_name,state,old_intervention,old_finding,result,corroborated_files,pointer_attempts,pointer_entries,homepage_url,homepage_status,homepage_error,candidates_checked,prior_mrf_status,verified_mrf_url,fresh_date,verified_pointer_url,fresh_metadata,fresh_version,old_date,old_version,checked_at
021310,MANIILAQ HEALTH CENTER,AK,format-unusable,compliant-date-unverified,mrf-reachable-review-required,0,https://maniilaq.mdsave.com/cms-hpt.txt [200],1,,,,1,206,,,,date-unverified,,,,2026-09-09T01:24:21.616Z
021311,PEACEHEALTH KETCHIKAN MEDICAL CENTER,AK,manual-review,pointer-blocked-to-automation,access-or-discovery-unresolved,0,https://peacehealth.org/cms-hpt.txt [403] | https://www.peacehealth.org/cms-hpt.txt [403],0,https://peacehealth.org/,403,,0,,,,,date-unverified,,,,2026-09-09T01:24:21.621Z
021312,SAMUEL SIMMONDS MEMORIAL HOSPITAL,AK,connection-dead,not-assessed-site-unreachable,access-or-discovery-unresolved,0,https://arcticslope.org/cms-hpt.txt [404] | https://www.arcticslope.org/cms-hpt.txt [404],0,https://arcticslope.org/,200,,0,,,,,date-unverified,,,,2026-09-09T01:24:21.623Z
021305,SEARHC WRANGELL MEDICAL CENTER & LTC,AK,file-404,no-cms-hpt-txt-published,access-or-discovery-unresolved,0,https://searhc.org/cms-hpt.txt [404] | https://www.searhc.org/cms-hpt.txt [404],0,https://searhc.org/,200,,0,,,,,date-unverified,,,,2026-09-09T01:24:21.624Z
021314,SOUTHEAST ALASKA REGIONAL HEALTH CONSORTIUM,AK,stale-file,mrf-stale-over-365-days,mrf-reachable-review-required,0,https://apps.para-hcfs.com/cms-hpt.txt [404] | https://www.apps.para-hcfs.com/cms-hpt.txt [getaddrinfo ENOTFOUND www.apps.para-hcfs.com],0,https://apps.para-hcfs.com/,200,,1,200,,2024-12-09,,date-over-365-days,2.0.0,2024-12-09,2.0.0,2026-09-09T01:24:21.628Z
010036,ANDALUSIA HEALTH,AL,client-rejected,not-assessed-site-unreachable,access-or-discovery-unresolved,0,https://andalusiahealth.com/cms-hpt.txt [406] | https://www.andalusiahealth.com/cms-hpt.txt [406],0,https://andalusiahealth.com/,406,,0,,,,,date-unverified,,,,2026-09-09T01:24:21.629Z
010079,ATHENS LIMESTONE HOSPITAL,AL,dns-dead,not-assessed-site-unreachable,access-or-discovery-unresolved,0,https://huntsvillehospital.org/cms-hpt.txt [getaddrinfo ENOTFOUND huntsvillehospital.org] | https://www.huntsvillehospital.org/cms-hpt.txt [getaddrinfo ENOTFOUND www.huntsvillehospital.org],0,https://huntsvillehospital.org/,,request timeout,0,,,,,date-unverified,,,,2026-09-09T01:24:21.632Z
010169,ATMORE COMMUNITY HOSPITAL,AL,stale-file,mrf-stale-over-365-days,pointer-and-identity-verified,1,https://atmorehealth.org/cms-hpt.txt [200],1,,,,1,206,http://www.atmorehealth.org/docs/1336_BILLINGITEMLIST_CsvTallv2.0.0_20250401195853.csv,2025-04-01,https://www.atmorehealth.org/cms-hpt.txt,date-over-365-days,2.0.0,2025-04-01,2.0.0,2026-09-09T01:24:21.639Z
010083,BALDWIN HEALTH,AL,file-404,no-cms-hpt-txt-published,access-or-discovery-unresolved,0,https://southbaldwinrmc.com/cms-hpt.txt [404] | https://www.southbaldwinrmc.com/cms-hpt.txt [404],0,https://southbaldwinrmc.com/,200,,0,,,,,date-unverified,,,,2026-09-09T01:24:21.644Z
010023,BAPTIST MEDICAL CENTER SOUTH,AL,format-unusable,compliant-date-unverified,mrf-reachable-review-required,0,https://baptistjax.com/cms-hpt.txt [200],11,,,,5,200,,2026-02-06,,date-within-365-days-version-3,3.0.0,,,2026-09-09T01:24:21.666Z
014015,BEACON CHILDREN'S HOSPITAL,AL,old-template,old-template-version,mrf-reachable-review-required,0,https://perimeterhealthcare.com/cms-hpt.txt [200],7,,,,1,206,,2025-11-20,,date-within-365-days-older-version,2.0.0,2025-11-20,2.0.0,2026-09-09T01:24:21.673Z
010073,CLAY COUNTY HOSPITAL,AL,format-unusable,compliant-date-unverified,mrf-reachable-review-required,0,https://claycountyhospital.com/cms-hpt.txt [200],1,,,,1,200,,,,date-unverified,,,,2026-09-09T01:24:21.673Z
010034,COMMUNITY HOSPITAL INC,AL,html-soft-block,no-cms-hpt-txt-published,access-or-discovery-unresolved,0,https://chal.org/cms-hpt.txt [200] | https://www.chal.org/cms-hpt.txt [200],0,https://chal.org/,200,,0,,,,,date-unverified,,,,2026-09-09T01:24:21.677Z
010164,COOSA VALLEY MEDICAL CENTER,AL,format-unusable,compliant-date-unverified,mrf-reachable-review-required,0,https://cvhealth.net/cms-hpt.txt [200],1,,,,1,200,,,,date-unverified,,,,2026-09-09T01:24:21.677Z
011308,CRENSHAW COMMUNITY HOSPITAL,AL,old-template,old-template-version,pointer-and-identity-verified,1,https://crenshawcommunityhospital.com/cms-hpt.txt [200],1,,,,1,206,https://crenshawcommunityhospital.com/wp-content/uploads/2025/10/000817582_crenshaw-community-hospital_standardcharges-2.csv,2025-10-13,https://crenshawcommunityhospital.com/wp-content/uploads/2025/11/cms-hpt.txt,date-within-365-days-older-version,2.0.0,2025-10-13,2.0.0,2026-09-09T01:24:21.684Z
010131,CRESTWOOD MEDICAL CENTER,AL,dns-dead,not-assessed-site-unreachable,access-or-discovery-unresolved,0,https://crestwoodmedcenter.com/cms-hpt.txt [getaddrinfo ENOTFOUND crestwoodmedcenter.com] | https://www.crestwoodmedcenter.com/cms-hpt.txt [getaddrinfo ENOTFOUND www.crestwoodmedcenter.com],0,https://crestwoodmedcenter.com/,,request timeout,0,,,,,date-unverified,,,,2026-09-09T01:24:21.687Z
010099,D W MCMILLAN MEMORIAL HOSPITAL,AL,stale-file,mrf-stale-over-365-days,pointer-and-identity-verified,1,https://dwmmh.org/cms-hpt.txt [200],1,,,,1,206,http://www.dwmmh.org/docs/1336_BILLINGITEMLIST_CsvTallv2.0.0_20250305220544.csv,2025-03-05,https://www.dwmmh.org/cms-hpt.txt,date-over-365-days,2.0.0,2025-03-05,2.0.0,2026-09-09T01:24:21.697Z
010092,DCH REGIONAL MEDICAL CENTER,AL,format-unusable,compliant-date-unverified,pointer-readable-review-required,0,https://www.dchsystem.com/cms-hpt.txt [200],3,,,,1,,,,,date-unverified,,,,2026-09-09T01:24:21.698Z
010085,DECATUR MORGAN HOSPITAL - DECATUR CAMPUS,AL,dns-dead,not-assessed-site-unreachable,access-or-discovery-unresolved,0,https://huntsvillehospital.org/cms-hpt.txt [getaddrinfo ENOTFOUND huntsvillehospital.org] | https://www.huntsvillehospital.org/cms-hpt.txt [getaddrinfo ENOTFOUND www.huntsvillehospital.org],0,https://huntsvillehospital.org/,,request timeout,0,,,,,date-unverified,,,,2026-09-09T01:24:21.699Z
010012,DEKALB REGIONAL MEDICAL CENTER,AL,name-ambiguous,not-assessed-not-named-in-file,pointer-readable-review-required,0,https://dekalbregional.com/cms-hpt.txt [200],1,,,,1,,,,,date-unverified,,,,2026-09-09T01:24:21.700Z
010148,EVERGREEN MEDICAL CENTER,AL,waf-blocked,mrf-blocked-to-automation,pointer-readable-review-required,0,https://evergreenmedical.org/cms-hpt.txt [200],1,,,,1,403,,,,date-unverified,,,,2026-09-09T01:24:21.700Z
010045,FAYETTE MEDICAL CENTER,AL,format-unusable,compliant-date-unverified,pointer-readable-review-required,0,https://www.dchsystem.com/cms-hpt.txt [200],3,,,,1,,,,,date-unverified,,,,2026-09-09T01:24:21.700Z
010019,HELEN KELLER HOSPITAL,AL,dns-dead,not-assessed-site-unreachable,access-or-discovery-unresolved,0,https://huntsvillehospital.org/cms-hpt.txt [getaddrinfo ENOTFOUND huntsvillehospital.org] | https://www.huntsvillehospital.org/cms-hpt.txt [getaddrinfo ENOTFOUND www.huntsvillehospital.org],0,https://huntsvillehospital.org/,,request timeout,0,,,,,date-unverified,,,,2026-09-09T01:24:21.703Z
010061,HIGHLANDS MEDICAL CENTER,AL,dns-dead,not-assessed-site-unreachable,access-or-discovery-unresolved,0,https://highlandsmedcenter.com/cms-hpt.txt [request timeout] | https://www.highlandsmedcenter.com/cms-hpt.txt [request timeout],0,https://highlandsmedcenter.com/,,request timeout,0,,,,,date-unverified,,,,2026-09-09T01:24:21.705Z
014000,HILL CREST BEHAVIORAL HEALTH SERVICES,AL,waf-blocked,pointer-blocked-to-automation,access-or-discovery-unresolved,0,https://hillcrestbhs.com/cms-hpt.txt [403] | https://www.hillcrestbhs.com/cms-hpt.txt [403],0,https://hillcrestbhs.com/,,request timeout,0,,,,,date-unverified,,,,2026-09-09T01:24:21.707Z
010168,JACK HUGHSTON MEMORIAL HOSPITAL,AL,mrf-gone,mrf-url-unreachable,pointer-readable-review-required,0,https://al.hughston.com/cms-hpt.txt [200],1,,,,1,404,,,,date-unverified,,,,2026-09-09T01:24:21.708Z
011311,LAKELAND COMMUNITY HOSPITAL,AL,file-404,no-cms-hpt-txt-published,access-or-discovery-unresolved,0,https://lakelandcommunityhospital.com/cms-hpt.txt [404] | https://www.lakelandcommunityhospital.com/cms-hpt.txt [404],0,https://lakelandcommunityhospital.com/,,request timeout,0,,,,,date-unverified,,,,2026-09-09T01:24:21.709Z
010007,MIZELL MEMORIAL HOSPITAL,AL,stale-file,mrf-stale-over-365-days,pointer-and-identity-verified,1,https://mizellmh.com/cms-hpt.txt [200],6,,,,2,206,"https://www.mizellmh.com/docs/630307951_Mizell-Memorial-Hospital,-Inc._standardcharges.csv",2025-01-01,https://www.mizellmh.com/cms-hpt.txt,date-over-365-days,2.0.0,2025-01-01,2.0.0,2026-09-09T01:24:21.717Z
014006,MOUNTAIN VIEW HOSPITAL,AL,stale-file,mrf-stale-over-365-days,mrf-reachable-review-required,0,https://mtnviewhospital.com/cms-hpt.txt [200],1,,,,1,206,,2024-12-04,,date-over-365-days,2.0.0,2024-12-04,2.0.0,2026-09-09T01:24:21.721Z
011304,OCHSNER CHOCTAW GENERAL,AL,name-ambiguous,not-assessed-not-named-in-file,mrf-reachable-review-required,0,https://ochsnerrush.org/cms-hpt.txt [200],26,,,,26,,,,,date-unverified,,,,2026-09-09T01:24:22.097Z
011302,RED BAY HOSPITAL,AL,name-ambiguous,not-assessed-not-named-in-file,mrf-reachable-review-required,0,https://healthy.kaiserpermanente.org/cms-hpt.txt [200],41,,,,41,,,,,date-unverified,,,,2026-09-09T01:24:23.165Z
010065,RUSSELL MEDICAL CENTER,AL,file-404,no-cms-hpt-txt-published,access-or-discovery-unresolved,0,https://russellcares.com/cms-hpt.txt [404] | https://www.russellcares.com/cms-hpt.txt [404],0,https://russellcares.com/,,request timeout,0,,,,,date-unverified,,,,2026-09-09T01:24:23.167Z
011306,TANNER MEDICAL CENTER-EAST ALABAMA,AL,stale-file,mrf-stale-over-365-days,pointer-and-identity-verified,1,https://tanner.org/cms-hpt.txt [200],5,,,,2,404,https://www.tanner.org/upload/docs/PDFs/FinancialAssistance/475348597_Tanner-Medical-Center---East-Alabama_standardcharges.csv,2026-03-24,https://tanner.org/cms-hpt.txt,date-within-365-days-version-3,3.0.0,2024-07-01,2.0.0,2026-09-09T01:24:23.176Z
010150,THE HEALTH CARE AUTHORITY OF THE CITY OF GREENVILLE- LV STABLER HOSPITAL,AL,stale-file,mrf-stale-over-365-days,access-or-discovery-unresolved,0,https://www.rmcca.com/cms-hpt.txt [Parse Error: Invalid header token] | https://rmcca.com/cms-hpt.txt [Client network socket disconnected before secure TLS connection was established],0,https://www.rmcca.com/,,request timeout,1,,,,,date-unverified,,2025-08-22,2.0.0,2026-09-09T01:24:23.178Z
010126,TROY REGIONAL MEDICAL CENTER,AL,stale-file,mrf-stale-over-365-days,mrf-reachable-review-required,0,https://troymedicalcenter.com/cms-hpt.txt [200],2,,,,2,206,,2024-12-31,,date-over-365-days,1,2024-12-31,1,2026-09-09T01:24:23.184Z
010118,VAUGHAN REGIONAL MEDICAL CENTER PARKWAY CAMPUS,AL,client-rejected,not-assessed-site-unreachable,access-or-discovery-unresolved,0,https://vaughanregional.com/cms-hpt.txt [406] | https://www.vaughanregional.com/cms-hpt.txt [406],0,https://vaughanregional.com/,,request timeout,0,,,,,date-unverified,,,,2026-09-09T01:24:23.186Z
010112,WHITFIELD REGIONAL HOSPITAL,AL,file-404,no-cms-hpt-txt-published,access-or-discovery-unresolved,0,https://bwwmh.com/cms-hpt.txt [404] | https://www.bwwmh.com/cms-hpt.txt [404],0,https://bwwmh.com/,,request timeout,0,,,,,date-unverified,,,,2026-09-09T01:24:23.188Z
040039,ARKANSAS METHODIST MEDICAL CENTER,AR,format-unusable,compliant-date-unverified,mrf-reachable-review-required,0,https://myammc.org/cms-hpt.txt [200],1,,,,1,200,,,,date-unverified,,,,2026-09-09T01:24:23.189Z
044011,ARKANSAS STATE HOSPITAL,AR,manual-review,no-cms-hpt-txt-published,access-or-discovery-unresolved,0,https://humanservices.arkansas.gov/cms-hpt.txt [404] | https://www.humanservices.arkansas.gov/cms-hpt.txt [404],0,https://humanservices.arkansas.gov/,200,,0,,,,,date-unverified,,,,2026-09-09T01:24:23.191Z
040147,ARKANSAS SURGICAL HOSPITAL,AR,html-soft-block,no-cms-hpt-txt-published,access-or-discovery-unresolved,0,https://clariti-health.com/cms-hpt.txt [200] | https://www.clariti-health.com/cms-hpt.txt [200],0,https://clariti-health.com/,200,,0,,,,,date-unverified,,,,2026-09-09T01:24:23.193Z
040011,CHAMBERS MEMORIAL HOSPITAL,AR,format-unusable,compliant-date-unverified,mrf-reachable-review-required,0,https://chambershealth.org/cms-hpt.txt [200],1,,,,1,200,,,,date-unverified,,,,2026-09-09T01:24:23.193Z
040069,GREAT RIVER MEDICAL CENTER,AR,stale-file,mrf-stale-over-365-days,mrf-reachable-review-required,0,https://mchsys.org/cms-hpt.txt [200],2,,,,1,206,,2024-02-01,,date-over-365-days,,2024-02-01,,2026-09-09T01:24:23.193Z
040002,JOHNSON REGIONAL MEDICAL CENTER,AR,old-template,old-template-version,mrf-reachable-review-required,0,https://www.jrmc.com/cms-hpt.txt [200],1,,,,1,206,,2025-11-25,,date-within-365-days-older-version,2.0.0,2025-11-25,2.0.0,2026-09-09T01:24:23.197Z
041309,LAWRENCE MEMORIAL HOSPITAL,AR,mrf-gone,mrf-url-unreachable,pointer-readable-review-required,0,https://lawrencegeneral.org/cms-hpt.txt [200],1,,,,1,404,,,,date-unverified,,,,2026-09-09T01:24:23.198Z
040017,NORTH ARKANSAS REGIONAL MEDICAL CENTER,AR,old-template,old-template-version,pointer-and-identity-verified,1,https://narmc.com/cms-hpt.txt [200],1,,,,1,206,https://www.narmc.com/images/710787860_north-arkansas-regional-medical-center_standardcharges.csv,2025-11-25,https://www.narmc.com/cms-hpt.txt,date-within-365-days-older-version,2.0.0,2025-11-25,2.0.0,2026-09-09T01:24:23.204Z
040022,NORTHWEST MEDICAL CENTER-SPRINGDALE,AR,connection-dead,not-assessed-site-unreachable,access-or-discovery-unresolved,0,https://northwesthealth.com/cms-hpt.txt [getaddrinfo ENOTFOUND www.freemanhealthnw.comcms-hpt.txt] | https://www.northwesthealth.com/cms-hpt.txt [getaddrinfo ENOTFOUND www.freemanhealthnw.comcms-hpt.txt],0,https://northwesthealth.com/,200,,0,,,,,date-unverified,,,,2026-09-09T01:24:23.210Z
041313,OZARK HEALTH,AR,name-ambiguous,not-assessed-not-named-in-file,access-or-discovery-unresolved,0,https://ozarkhealth.net/cms-hpt.txt [200] | https://www.ozarkhealth.net/cms-hpt.txt [200],0,https://ozarkhealth.net/,200,,0,,,,,date-unverified,,,,2026-09-09T01:24:23.212Z
044021,PERIMETER BEHAVIORAL HOSPITAL OF WEST MEMPHIS,AR,name-ambiguous,not-assessed-not-named-in-file,mrf-reachable-review-required,0,https://perimeterhealthcare.com/cms-hpt.txt [200],7,,,,7,,,,,date-unverified,,,,2026-09-09T01:24:23.384Z
041330,PIGGOTT COMMUNITY HOSPITAL,AR,waf-blocked,pointer-blocked-to-automation,pointer-and-identity-verified,1,https://piggotthealthsystem.com/cms-hpt.txt [200],1,,,,1,,https://apps.para-hcfs.com/PTT/FinalLinks/Reports.aspx?dbName=dbPCHPIGGOTTAR&type=CDM&fileType=CSV,2026-04-02,https://piggotthealthsystem.com/cms-hpt.txt,date-within-365-days-version-3,3.00,,,2026-09-09T01:24:23.387Z
040001,SILOAM SPRINGS REGIONAL HOSPITAL,AR,connection-dead,not-assessed-site-unreachable,access-or-discovery-unresolved,0,https://northwesthealth.com/cms-hpt.txt [getaddrinfo ENOTFOUND www.freemanhealthnw.comcms-hpt.txt] | https://www.northwesthealth.com/cms-hpt.txt [getaddrinfo ENOTFOUND www.freemanhealthnw.comcms-hpt.txt],0,https://northwesthealth.com/,200,,0,,,,,date-unverified,,,,2026-09-09T01:24:23.389Z
040782,SOUTH MISSISSIPPI COUNTY REGIONAL MEDICAL CENTER,AR,stale-file,mrf-stale-over-365-days,mrf-reachable-review-required,0,https://mchsys.org/cms-hpt.txt [200],2,,,,1,206,,2024-02-01,,date-over-365-days,,2024-02-01,,2026-09-09T01:24:23.390Z
040164,UNITY HEALTH - JACKSONVILLE,AR,stale-file,mrf-stale-over-365-days,pointer-and-identity-verified,1,https://unity-health.org/cms-hpt.txt [200],3,,,,2,200,https://res.cloudinary.com/dpmykpsih/raw/upload/unity-health-2024-site-471/media/r/9853a0e7e4714bd59ef913643cafb308/86-2564877_unity-health-jacksonville_standardcharges.json,2025-03-01,https://res.cloudinary.com/dpmykpsih/raw/upload/unity-health-2024-site-471/media/r/6ffa86dd7af948a4b4216e06cb522e07/unity-healthcms-hpt.txt,date-over-365-days,2.2.0,2025-03-01,2.2.0,2026-09-09T01:24:23.397Z
041332,UNITY HEALTH - NEWPORT,AR,stale-file,mrf-stale-over-365-days,pointer-and-identity-verified,1,https://unity-health.org/cms-hpt.txt [200],3,,,,2,200,https://res.cloudinary.com/dpmykpsih/raw/upload/unity-health-2024-site-471/media/r/e095f26cd5034d22b9124fc30dcecb5a/86-1835149_unity-health-newport_standardcharges.json,2025-03-01,https://res.cloudinary.com/dpmykpsih/raw/upload/unity-health-2024-site-471/media/r/6ffa86dd7af948a4b4216e06cb522e07/unity-healthcms-hpt.txt,date-over-365-days,2.2.0,2025-03-01,2.2.0,2026-09-09T01:24:23.403Z
040014,WHITE COUNTY MEDICAL CENTER,AR,stale-file,mrf-stale-over-365-days,pointer-and-identity-verified,1,https://unity-health.org/cms-hpt.txt [200],3,,,,1,200,https://res.cloudinary.com/dpmykpsih/raw/upload/unity-health-2024-site-471/media/r/f7b14e4eba234333a31eb2d09e307e62/71-0772737_unity-health-white-county-medical-center_standardcharges.json,2025-03-01,https://res.cloudinary.com/dpmykpsih/raw/upload/unity-health-2024-site-471/media/r/6ffa86dd7af948a4b4216e06cb522e07/unity-healthcms-hpt.txt,date-over-365-days,2.2.0,2025-03-01,2.2.0,2026-09-09T01:24:23.409Z
640001,LBJ TROPICAL MEDICAL CENTER,AS,format-unusable,compliant-date-unverified,pointer-readable-review-required,0,https://lbjtmc.org/cms-hpt.txt [200],1,,,,1,,,,,date-unverified,,,,2026-09-09T01:24:23.409Z
034035,AVENIR BEHAVIORAL HEALTH CENTER,AZ,old-template,old-template-version,pointer-and-identity-verified,1,https://www.avenirseniorliving.com/cms-hpt.txt [200],1,,,,1,200,https://g5-assets-cld-res.cloudinary.com/raw/upload/v1759418416/g5/g5-c-5hk8rftzt-avenir-senior-living-single-domain/g5-cl-1ivmlhcajg-avenir-center-for-behavioral-health-at-surprise/uploads/400629305_avenir_behavioral_center_standardcharges_wrurw3.csv,2025-09-30,https://g5-assets-cld-res.cloudinary.com/raw/upload/v1759426049/g5/g5-c-5hk8rftzt-avenir-senior-living-single-domain/g5-cl-1ivmhxc3h3-avenir-senior-living/uploads/cms-hptt_ggurj3.txt,date-within-365-days-older-version,2.0.0,2025-09-30,2.0.0,2026-09-09T01:24:23.413Z
030002,BANNER - UNIVERSITY MEDICAL CENTER PHOENIX,AZ,waf-blocked,pointer-blocked-to-automation,access-or-discovery-unresolved,0,https://bannerhealth.com/cms-hpt.txt [Parse Error: Header overflow] | https://www.bannerhealth.com/cms-hpt.txt [Parse Error: Header overflow],0,https://bannerhealth.com/,,Parse Error: Header overflow,0,,,,,date-unverified,,,,2026-09-09T01:24:23.415Z
030064,BANNER - UNIVERSITY MEDICAL CENTER TUCSON CAMPUS,AZ,waf-blocked,pointer-blocked-to-automation,access-or-discovery-unresolved,0,https://bannerhealth.com/cms-hpt.txt [Parse Error: Header overflow] | https://www.bannerhealth.com/cms-hpt.txt [Parse Error: Header overflow],0,https://bannerhealth.com/,,Parse Error: Header overflow,0,,,,,date-unverified,,,,2026-09-09T01:24:23.418Z
030088,BANNER BAYWOOD MEDICAL CENTER,AZ,waf-blocked,pointer-blocked-to-automation,access-or-discovery-unresolved,0,https://bannerhealth.com/cms-hpt.txt [Parse Error: Header overflow] | https://www.bannerhealth.com/cms-hpt.txt [Parse Error: Header overflow],0,https://bannerhealth.com/,,Parse Error: Header overflow,0,,,,,date-unverified,,,,2026-09-09T01:24:23.426Z
034004,BANNER BEHAVIORAL HEALTH HOSPITAL,AZ,waf-blocked,pointer-blocked-to-automation,access-or-discovery-unresolved,0,https://bannerhealth.com/cms-hpt.txt [Parse Error: Header overflow] | https://www.bannerhealth.com/cms-hpt.txt [Parse Error: Header overflow],0,https://bannerhealth.com/,,Parse Error: Header overflow,0,,,,,date-unverified,,,,2026-09-09T01:24:23.429Z
030061,BANNER BOSWELL MEDICAL CENTER,AZ,waf-blocked,pointer-blocked-to-automation,access-or-discovery-unresolved,0,https://bannerhealth.com/cms-hpt.txt [Parse Error: Header overflow] | https://www.bannerhealth.com/cms-hpt.txt [Parse Error: Header overflow],0,https://bannerhealth.com/,,Parse Error: Header overflow,0,,,,,date-unverified,,,,2026-09-09T01:24:23.434Z
030016,BANNER CASA GRANDE MEDICAL CENTER,AZ,waf-blocked,pointer-blocked-to-automation,access-or-discovery-unresolved,0,https://bannerhealth.com/cms-hpt.txt [Parse Error: Header overflow] | https://www.bannerhealth.com/cms-hpt.txt [Parse Error: Header overflow],0,https://bannerhealth.com/,,Parse Error: Header overflow,0,,,,,date-unverified,,,,2026-09-09T01:24:23.435Z
030093,BANNER DEL E. WEBB MEDICAL CENTER,AZ,waf-blocked,pointer-blocked-to-automation,access-or-discovery-unresolved,0,https://bannerhealth.com/cms-hpt.txt [Parse Error: Header overflow] | https://www.bannerhealth.com/cms-hpt.txt [Parse Error: Header overflow],0,https://bannerhealth.com/,,Parse Error: Header overflow,0,,,,,date-unverified,,,,2026-09-09T01:24:23.438Z
030065,BANNER DESERT MEDICAL CENTER,AZ,waf-blocked,pointer-blocked-to-automation,access-or-discovery-unresolved,0,https://bannerhealth.com/cms-hpt.txt [Parse Error: Header overflow] | https://www.bannerhealth.com/cms-hpt.txt [Parse Error: Header overflow],0,https://bannerhealth.com/,,Parse Error: Header overflow,0,,,,,date-unverified,,,,2026-09-09T01:24:23.440Z
030115,BANNER ESTRELLA MEDICAL CENTER,AZ,waf-blocked,pointer-blocked-to-automation,access-or-discovery-unresolved,0,https://bannerhealth.com/cms-hpt.txt [Parse Error: Header overflow] | https://www.bannerhealth.com/cms-hpt.txt [Parse Error: Header overflow],0,https://bannerhealth.com/,,Parse Error: Header overflow,0,,,,,date-unverified,,,,2026-09-09T01:24:23.442Z
030122,BANNER GATEWAY MEDICAL CENTER,AZ,waf-blocked,pointer-blocked-to-automation,access-or-discovery-unresolved,0,https://bannerhealth.com/cms-hpt.txt [Parse Error: Header overflow] | https://www.bannerhealth.com/cms-hpt.txt [Parse Error: Header overflow],0,https://bannerhealth.com/,,Parse Error: Header overflow,0,,,,,date-unverified,,,,2026-09-09T01:24:23.444Z
030134,BANNER GOLDFIELD MEDICAL CENTER,AZ,waf-blocked,pointer-blocked-to-automation,access-or-discovery-unresolved,0,https://bannerhealth.com/cms-hpt.txt [Parse Error: Header overflow] | https://www.bannerhealth.com/cms-hpt.txt [Parse Error: Header overflow],0,https://bannerhealth.com/,,Parse Error: Header overflow,0,,,,,date-unverified,,,,2026-09-09T01:24:23.447Z
030105,BANNER HEART HOSPITAL,AZ,waf-blocked,pointer-blocked-to-automation,access-or-discovery-unresolved,0,https://bannerhealth.com/cms-hpt.txt [Parse Error: Header overflow] | https://www.bannerhealth.com/cms-hpt.txt [Parse Error: Header overflow],0,https://bannerhealth.com/,,Parse Error: Header overflow,0,,,,,date-unverified,,,,2026-09-09T01:24:23.450Z
030130,BANNER IRONWOOD MEDICAL CENTER,AZ,waf-blocked,pointer-blocked-to-automation,access-or-discovery-unresolved,0,https://bannerhealth.com/cms-hpt.txt [Parse Error: Header overflow] | https://www.bannerhealth.com/cms-hpt.txt [Parse Error: Header overflow],0,https://bannerhealth.com/,,Parse Error: Header overflow,0,,,,,date-unverified,,,,2026-09-09T01:24:23.454Z
030147,BANNER OCOTILLO MEDICAL CENTER,AZ,waf-blocked,pointer-blocked-to-automation,access-or-discovery-unresolved,0,https://bannerhealth.com/cms-hpt.txt [Parse Error: Header overflow] | https://www.bannerhealth.com/cms-hpt.txt [Parse Error: Header overflow],0,https://bannerhealth.com/,,Parse Error: Header overflow,0,,,,,date-unverified,,,,2026-09-09T01:24:23.456Z
031318,BANNER PAYSON MEDICAL CENTER,AZ,waf-blocked,pointer-blocked-to-automation,access-or-discovery-unresolved,0,https://bannerhealth.com/cms-hpt.txt [Parse Error: Header overflow] | https://www.bannerhealth.com/cms-hpt.txt [Parse Error: Header overflow],0,https://bannerhealth.com/,,Parse Error: Header overflow,0,,,,,date-unverified,,,,2026-09-09T01:24:23.459Z
030089,BANNER THUNDERBIRD MEDICAL CENTER,AZ,waf-blocked,pointer-blocked-to-automation,access-or-discovery-unresolved,0,https://bannerhealth.com/cms-hpt.txt [Parse Error: Header overflow] | https://www.bannerhealth.com/cms-hpt.txt [Parse Error: Header overflow],0,https://bannerhealth.com/,,Parse Error: Header overflow,0,,,,,date-unverified,,,,2026-09-09T01:24:23.465Z
030111,BANNER-UNIVERSITY MEDICAL CENTER SOUTH CAMPUS,AZ,waf-blocked,pointer-blocked-to-automation,access-or-discovery-unresolved,0,https://bannerhealth.com/cms-hpt.txt [Parse Error: Header overflow] | https://www.bannerhealth.com/cms-hpt.txt [Parse Error: Header overflow],0,https://bannerhealth.com/,,Parse Error: Header overflow,0,,,,,date-unverified,,,,2026-09-09T01:24:23.467Z
030138,CITY OF HOPE CANCER CENTER PHOENIX,AZ,waf-blocked,pointer-blocked-to-automation,access-or-discovery-unresolved,0,https://cancercenter.com/cms-hpt.txt [403] | https://www.cancercenter.com/cms-hpt.txt [403],0,https://cancercenter.com/,403,,0,,,,,date-unverified,,,,2026-09-09T01:24:23.470Z
034013,COLLEGE MEDICAL CENTER PHOENIX,AZ,old-template,old-template-version,pointer-and-identity-verified,1,https://cmcphoenix.com/cms-hpt.txt [200],1,,,,1,200,https://cmcphoenix.com/331313844_college-medical-center-phoenix_standardcharges-3/,2026-03-11,https://cmcphoenix.com/cms-hpt.txt,date-within-365-days-older-version,1,2026-03-11,1,2026-09-09T01:24:23.475Z
034034,DESTINY SPRINGS HEALTHCARE,AZ,mrf-gone,mrf-url-unreachable,pointer-readable-review-required,0,https://destinyspringshealthcare.com/cms-hpt.txt [200],1,,,,1,404,,,,date-unverified,,,,2026-09-09T01:24:23.476Z
030153,EAST VALLEY ER & HOSPITAL,AZ,old-template,old-template-version,pointer-and-identity-verified,1,https://eastvalleyhospital.com/cms-hpt.txt [200],1,,,,1,200,https://eastvalleyhospital.com/wp-content/uploads/2025/10/862195601-1881352037_east-valley-hospital-llc_standardcharges-3in.csv,2025-10-10,https://eastvalleyhospital.com/cms-hpt.txt,date-within-365-days-older-version,2.1.0,2025-10-10,2.1.0,2026-09-09T01:24:23.482Z
031313,HOLY CROSS HOSPITAL,AZ,name-ambiguous,not-assessed-not-named-in-file,access-or-discovery-unresolved,0,https://www.holycrosshealth.org/cms-hpt.txt [200] | https://holycrosshealth.org/cms-hpt.txt [200],2,https://www.holycrosshealth.org/,200,,0,,,,,date-unverified,,,,2026-09-09T01:24:23.486Z
031304,PAGE HOSPITAL,AZ,waf-blocked,pointer-blocked-to-automation,access-or-discovery-unresolved,0,https://bannerhealth.com/cms-hpt.txt [Parse Error: Header overflow] | https://www.bannerhealth.com/cms-hpt.txt [Parse Error: Header overflow],0,https://bannerhealth.com/,,Parse Error: Header overflow,0,,,,,date-unverified,,,,2026-09-09T01:24:23.489Z
031309,SAGE MEMORIAL HOSPITAL,AZ,file-404,no-cms-hpt-txt-published,access-or-discovery-unresolved,0,https://sagememorial.com/cms-hpt.txt [404] | https://www.sagememorial.com/cms-hpt.txt [404],0,https://sagememorial.com/,200,,0,,,,,date-unverified,,,,2026-09-09T01:24:23.493Z
030062,SUMMIT HEALTHCARE REGIONAL MEDICAL CENTER,AZ,stale-file,mrf-stale-over-365-days,pointer-and-identity-verified,1,https://summithealthcare.net/cms-hpt.txt [200],1,,,,1,206,https://hospitalpricedisclosure.com/download.aspx?pi=L*__*5isnkJWsT9OFJEKfZzfA*-*,2025-01-01,https://summithealthcare.net/cms-hpt.txt,date-over-365-days,2.2.0,2025-01-01,2.2.0,2026-09-09T01:24:23.497Z
030108,THE CORE INSTITUTE SPECIALTY HOSP,AZ,file-404,no-cms-hpt-txt-published,access-or-discovery-unresolved,0,https://thecoreinstitutehospital.com/cms-hpt.txt [404] | https://www.thecoreinstitutehospital.com/cms-hpt.txt [404],0,https://thecoreinstitutehospital.com/,200,,0,,,,,date-unverified,,,,2026-09-09T01:24:23.503Z
034023,THE GUIDANCE CENTER,AZ,file-404,no-cms-hpt-txt-published,access-or-discovery-unresolved,0,https://tgcaz.org/cms-hpt.txt [404] | https://www.tgcaz.org/cms-hpt.txt [404],0,https://tgcaz.org/,200,,0,,,,,date-unverified,,,,2026-09-09T01:24:23.507Z
034025,THE HEALING PLACE,AZ,old-template,old-template-version,pointer-and-identity-verified,1,https://polarahealth.com/cms-hpt.txt [200],1,,,,1,206,https://www.polarahealth.com/s/TheHealingPlace_MainCampus_StandardCharges.csv,2025-11-04,https://static1.squarespace.com/static/641cdb99a1fef46a48846e0c/t/69177051ff07795f6421eb3a/1763143790342/cms-hpt.txt,date-within-365-days-older-version,2.0.0,2025-11-04,2.0.0,2026-09-09T01:24:23.512Z
050455,ADVENTIST HEALTH BAKERSFIELD,CA,name-ambiguous,not-assessed-not-named-in-file,mrf-reachable-review-required,0,https://adventisthealth.org/cms-hpt.txt [200],23,,,,23,,,,,date-unverified,,,,2026-09-09T01:24:23.968Z
050236,ADVENTIST HEALTH SIMI VALLEY,CA,name-ambiguous,not-assessed-not-named-in-file,mrf-reachable-review-required,0,https://adventisthealth.org/cms-hpt.txt [200],23,,,,23,,,,,date-unverified,,,,2026-09-09T01:24:24.402Z
050211,ALAMEDA HOSPITAL,CA,connection-dead,not-assessed-site-unreachable,access-or-discovery-unresolved,0,https://alamedahealthsystem.org/cms-hpt.txt [Client network socket disconnected before secure TLS connection was established] | https://www.alamedahealthsystem.org/cms-hpt.txt [request deadline exceeded],0,https://alamedahealthsystem.org/,,request deadline exceeded,0,,,,,date-unverified,,,,2026-09-09T01:24:24.405Z
054158,"ALISO RIDGE BEHAVIORAL HEALTH, LLC",CA,stale-file,mrf-stale-over-365-days,pointer-and-identity-verified,1,https://ocspecialtyhealth.com/cms-hpt.txt [200],1,,,,1,206,https://www.ocspecialtyhealth.com/wp-content/uploads/2025/03/811504286_aliso-ridge-behavioral-health-llc_standardcharges.csv,2025-03-21,https://www.ocspecialtyhealth.com/cms-hpt.txt,date-over-365-days,2.0.0,2025-03-21,2.0.0,2026-09-09T01:24:24.433Z
050043,ALTA BATES SUMMIT MEDICAL CENTER,CA,manual-review,not-assessed-site-unreachable,access-or-discovery-unresolved,0,https://sutterhealth.org/cms-hpt.txt [200] | https://www.sutterhealth.org/cms-hpt.txt [200],0,https://sutterhealth.org/,200,,0,,,,,date-unverified,,,,2026-09-09T01:24:24.435Z
050305,ALTA BATES SUMMIT MEDICAL CENTER - ALTA BATES CAMP,CA,manual-review,not-assessed-site-unreachable,access-or-discovery-unresolved,0,https://sutterhealth.org/cms-hpt.txt [200] | https://www.sutterhealth.org/cms-hpt.txt [200],0,https://sutterhealth.org/,200,,0,,,,,date-unverified,,,,2026-09-09T01:24:24.436Z
050854,"ANAHEIM COMMUNITY HOSPITAL, LLC",CA,stale-file,mrf-stale-over-365-days,pointer-and-identity-verified,1,https://anaheimcommunityhospital.com/cms-hpt.txt [200],1,,,,1,206,https://www.anaheimcommunityhospital.com/wp-content/uploads/2025/03/854314119_anaheim-community-hospital-llc_standardcharges.csv,2025-03-03,https://anaheimcommunityhospital.com/cms-hpt.txt,date-over-365-days,2.0.0,2025-03-03,2.0.0,2026-09-09T01:24:24.463Z
054078,AURORA LAS ENCINAS,CA,mrf-gone,mrf-url-unreachable,pointer-readable-review-required,0,https://www.vistadelmarhospital.com/cms-hpt.txt [200],10,,,,1,404,,,,date-unverified,,,,2026-09-09T01:24:24.464Z
051320,BANNER LASSEN MEDICAL CENTER,CA,waf-blocked,pointer-blocked-to-automation,access-or-discovery-unresolved,0,https://bannerhealth.com/cms-hpt.txt [Parse Error: Header overflow] | https://www.bannerhealth.com/cms-hpt.txt [Parse Error: Header overflow],0,https://bannerhealth.com/,,Parse Error: Header overflow,0,,,,,date-unverified,,,,2026-09-09T01:24:24.466Z
051335,BEAR VALLEY COMMUNITY HOSPITAL,CA,stale-file,mrf-stale-over-365-days,pointer-and-identity-verified,1,https://bvchd.com/cms-hpt.txt [200],1,,,,1,206,https://bvchd.com/wp-content/uploads/2024/09/330294751_BEAR-VALLEY-COMMUNITY-HOSPITAL_standardcharges.csv,2024-08-29,https://bvchd.com/cms-hpt.txt,date-over-365-days,2.0.0,2024-08-29,2.0.0,2026-09-09T01:24:24.489Z
050055,CALIFORNIA PACIFIC MEDICAL CENTER - MISSION BERNAL,CA,manual-review,not-assessed-site-unreachable,access-or-discovery-unresolved,0,https://sutterhealth.org/cms-hpt.txt [200] | https://www.sutterhealth.org/cms-hpt.txt [200],0,https://sutterhealth.org/,200,,0,,,,,date-unverified,,,,2026-09-09T01:24:24.491Z
050047,CALIFORNIA PACIFIC MEDICAL CENTER- VAN NESS CAMPUS,CA,manual-review,not-assessed-site-unreachable,access-or-discovery-unresolved,0,https://sutterhealth.org/cms-hpt.txt [200] | https://www.sutterhealth.org/cms-hpt.txt [200],0,https://sutterhealth.org/,200,,0,,,,,date-unverified,,,,2026-09-09T01:24:24.494Z
050008,CALIFORNIA PACIFIC MEDICAL CTR-DAVIES CAMPUS HOSP,CA,manual-review,not-assessed-site-unreachable,access-or-discovery-unresolved,0,https://sutterhealth.org/cms-hpt.txt [200] | https://www.sutterhealth.org/cms-hpt.txt [200],0,https://sutterhealth.org/,200,,0,,,,,date-unverified,,,,2026-09-09T01:24:24.496Z
050625,CEDARS-SINAI MEDICAL CENTER,CA,old-template,old-template-version,pointer-and-identity-verified,1,https://cedars-sinai.org/cms-hpt.txt [200],1,,,,1,200,https://www.cedars-sinai.org/content/dam/cedars-sinai/billing-insurance/documents/951644600_CEDARS-SINAI-MEDICAL-CENTER_standardcharges.json,2025-11-26,https://www.cedars-sinai.org/cms-hpt.txt,date-within-365-days-older-version,2.0.0,2025-11-26,2.0.0,2026-09-09T01:24:24.516Z
053302,CHILDREN'S HOSP OF LOS ANGELES,CA,waf-blocked,mrf-blocked-to-automation,pointer-readable-review-required,0,https://chla.org/cms-hpt.txt [200],1,,,,1,403,,,,date-unverified,,,,2026-09-09T01:24:24.516Z
050543,COLLEGE HOSPITAL COSTA MESA,CA,html-soft-block,no-cms-hpt-txt-published,access-or-discovery-unresolved,0,https://chc.la/cms-hpt.txt [403] | https://www.chc.la/cms-hpt.txt [403],0,https://chc.la/,202,,0,,,,,date-unverified,,,,2026-09-09T01:24:24.520Z
050776,COLLEGE MEDICAL CENTER,CA,format-unusable,compliant-date-unverified,pointer-readable-review-required,0,https://collegemedicalcenter.com/cms-hpt.txt [200],3,,,,1,,,,,date-unverified,,,,2026-09-09T01:24:24.520Z
050785,DOCS SURGICAL HOSPITAL,CA,manual-review,pointer-blocked-to-automation,access-or-discovery-unresolved,0,https://docshealth.com/cms-hpt.txt [404] | https://www.docshealth.com/cms-hpt.txt [404],0,https://docshealth.com/,200,,0,,,,,date-unverified,,,,2026-09-09T01:24:24.523Z
051300,EASTERN PLUMAS HOSPITAL - PORTOLA CAMPUS,CA,stale-file,mrf-stale-over-365-days,mrf-reachable-review-required,0,https://tippahcountyhospital.com/cms-hpt.txt [200],1,,,,1,206,,2025-07-29,,date-over-365-days,2.0.0,2025-07-29,2.0.0,2026-09-09T01:24:24.530Z
050488,EDEN MEDICAL CENTER,CA,manual-review,not-assessed-site-unreachable,access-or-discovery-unresolved,0,https://sutterhealth.org/cms-hpt.txt [200] | https://www.sutterhealth.org/cms-hpt.txt [200],0,https://sutterhealth.org/,200,,0,,,,,date-unverified,,,,2026-09-09T01:24:24.533Z
050708,FRESNO SURGICAL HOSPITAL,CA,waf-blocked,pointer-blocked-to-automation,access-or-discovery-unresolved,0,https://fresnosurgicalhospital.com/cms-hpt.txt [403] | https://www.fresnosurgicalhospital.com/cms-hpt.txt [403],0,https://fresnosurgicalhospital.com/,403,,0,,,,,date-unverified,,,,2026-09-09T01:24:24.536Z
054028,GATEWAYS HOSP  MENTAL HEALTH CTR,CA,stale-file,mrf-stale-over-365-days,pointer-and-identity-verified,1,https://gatewayshospital.org/cms-hpt.txt [200],1,,,,2,206,https://www.gatewayshospital.org/price-transparency/95-1691011_gateways-hospital-and-mental-health-center_standardcharges.csv,2025-08-06,https://gatewayshospital.org/cms-hpt.txt,date-over-365-days,3.0.0,2025-08-06,2,2026-09-09T01:24:24.599Z
051306,GLENN MEDICAL CENTER,CA,old-template,old-template-version,mrf-reachable-review-required,0,https://gmcmed.org/cms-hpt.txt [200],1,,,,1,200,,2025-10-04,,date-within-365-days-older-version,2.0.0,2025-10-04,2.0.0,2026-09-09T01:24:24.618Z
050320,HIGHLAND HOSPITAL,CA,connection-dead,not-assessed-site-unreachable,access-or-discovery-unresolved,0,https://alamedahealthsystem.org/cms-hpt.txt [Client network socket disconnected before secure TLS connection was established] | https://www.alamedahealthsystem.org/cms-hpt.txt [request deadline exceeded],0,https://alamedahealthsystem.org/,,request deadline exceeded,0,,,,,date-unverified,,,,2026-09-09T01:24:24.623Z
050438,HUNTINGTON HOSPITAL,CA,waf-blocked,pointer-blocked-to-automation,access-or-discovery-unresolved,0,https://huntingtonhealth.org/cms-hpt.txt [request timeout] | https://www.huntingtonhealth.org/cms-hpt.txt [403],0,https://huntingtonhealth.org/,403,,0,,,,,date-unverified,,,,2026-09-09T01:24:24.626Z
050763,L A DOWNTOWN MEDICAL CENTER,CA,stale-file,mrf-stale-over-365-days,mrf-reachable-review-required,0,https://ladowntownmc.com/cms-hpt.txt [200],1,,,,1,206,,2024-07-01,,date-over-365-days,3.0.0,2024-07-01,3.0.0,2026-09-09T01:24:24.650Z
050028,MAD RIVER COMMUNITY HOSPITAL,CA,html-soft-block,no-cms-hpt-txt-published,access-or-discovery-unresolved,0,https://madriverhospital.com/cms-hpt.txt [403] | https://www.madriverhospital.com/cms-hpt.txt [403],0,https://madriverhospital.com/,202,,0,,,,,date-unverified,,,,2026-09-09T01:24:24.654Z
050528,MEMORIAL HOSPITAL LOS BANOS,CA,manual-review,not-assessed-site-unreachable,access-or-discovery-unresolved,0,https://sutterhealth.org/cms-hpt.txt [200] | https://www.sutterhealth.org/cms-hpt.txt [200],0,https://sutterhealth.org/,200,,0,,,,,date-unverified,,,,2026-09-09T01:24:24.655Z
050557,MEMORIAL MEDICAL CENTER,CA,manual-review,not-assessed-site-unreachable,access-or-discovery-unresolved,0,https://sutterhealth.org/cms-hpt.txt [200] | https://www.sutterhealth.org/cms-hpt.txt [200],0,https://sutterhealth.org/,200,,0,,,,,date-unverified,,,,2026-09-09T01:24:24.656Z
050704,MISSION COMMUNITY HOSPITAL,CA,name-ambiguous,not-assessed-not-named-in-file,mrf-reachable-review-required,0,https://missionhealth.org/cms-hpt.txt [200],9,,,,7,,,,,date-unverified,,,,2026-09-09T01:24:24.708Z
051324,NORTHERN INYO HOSPITAL,CA,stale-file,mrf-stale-over-365-days,pointer-and-identity-verified,1,https://nih.org/cms-hpt.txt [200],3,,,,1,206,https://www.nih.org/documents/956005449_northern-inyo-hospital_standardcharges.csv,2024-10-01,https://www.nih.org/cms-hpt.txt,date-over-365-days,2.2.0,2024-10-01,2.2.0,2026-09-09T01:24:24.731Z
050131,NOVATO COMMUNITY HOSPITAL,CA,manual-review,not-assessed-site-unreachable,access-or-discovery-unresolved,0,https://sutterhealth.org/cms-hpt.txt [200] | https://www.sutterhealth.org/cms-hpt.txt [200],0,https://sutterhealth.org/,200,,0,,,,,date-unverified,,,,2026-09-09T01:24:24.734Z
050378,PACIFICA HOSPITAL OF THE VALLEY,CA,format-unusable,compliant-date-unverified,mrf-reachable-review-required,0,https://pacificahospital.com/cms-hpt.txt [200],1,,,,1,200,,,,date-unverified,,,,2026-09-09T01:24:24.734Z
050115,PALOMAR HEALTH DOWNTOWN CAMPUS,CA,file-404,no-cms-hpt-txt-published,access-or-discovery-unresolved,0,https://palomarhealth.org/cms-hpt.txt [request timeout] | https://www.palomarhealth.org/cms-hpt.txt [404],0,https://palomarhealth.org/,200,,0,,,,,date-unverified,,,,2026-09-09T01:24:24.737Z
050636,PALOMAR MEDICAL CENTER POWAY,CA,file-404,no-cms-hpt-txt-published,access-or-discovery-unresolved,0,https://palomarhealth.org/cms-hpt.txt [request timeout] | https://www.palomarhealth.org/cms-hpt.txt [404],0,https://palomarhealth.org/,200,,0,,,,,date-unverified,,,,2026-09-09T01:24:24.739Z
050007,PENINSULA MEDICAL CENTER,CA,manual-review,not-assessed-site-unreachable,access-or-discovery-unresolved,0,https://sutterhealth.org/cms-hpt.txt [200] | https://www.sutterhealth.org/cms-hpt.txt [200],0,https://sutterhealth.org/,200,,0,,,,,date-unverified,,,,2026-09-09T01:24:24.740Z
050292,RIVERSIDE UNIVERSITY HEALTH SYSTEM-MEDICAL CENTER,CA,old-template,old-template-version,pointer-and-identity-verified,1,https://ruhealth.org/cms-hpt.txt [200],1,,,,1,206,https://www.ruhealth.org/956000930_riverside-university-health-system_standardcharges.csv,2026-03-30,https://ruhealth.org/cms-hpt.txt,date-within-365-days-version-unverified,2026.1.0,2026-03-30,2026.1.0,2026-09-09T01:24:24.763Z
050167,SAN JOAQUIN GENERAL HOSPITAL,CA,format-unusable,compliant-date-unverified,pointer-readable-review-required,0,https://sanjoaquingeneral.org/cms-hpt.txt [200],1,,,,1,,,,,date-unverified,,,,2026-09-09T01:24:24.764Z
050261,SIERRA VIEW MEDICAL CENTER,CA,format-unusable,compliant-date-unverified,pointer-readable-review-required,0,https://sierra-view.com/cms-hpt.txt [200],1,,,,1,,,,,date-unverified,,,,2026-09-09T01:24:24.764Z
050726,STANISLAUS SURGICAL HOSPITAL,CA,dns-dead,not-assessed-site-unreachable,access-or-discovery-unresolved,0,https://stanislaussurgical.com/cms-hpt.txt [getaddrinfo ENOTFOUND stanislaussurgical.com] | https://www.stanislaussurgical.com/cms-hpt.txt [getaddrinfo ENOTFOUND www.stanislaussurgical.com],0,https://stanislaussurgical.com/,,getaddrinfo ENOTFOUND stanislaussurgical.com,0,,,,,date-unverified,,,,2026-09-09T01:24:24.766Z
050014,SUTTER AMADOR HOSPITAL,CA,manual-review,not-assessed-site-unreachable,access-or-discovery-unresolved,0,https://sutterhealth.org/cms-hpt.txt [200] | https://www.sutterhealth.org/cms-hpt.txt [200],0,https://sutterhealth.org/,200,,0,,,,,date-unverified,,,,2026-09-09T01:24:24.768Z
050498,SUTTER AUBURN FAITH HOSPITAL,CA,manual-review,not-assessed-site-unreachable,access-or-discovery-unresolved,0,https://sutterhealth.org/cms-hpt.txt [200] | https://www.sutterhealth.org/cms-hpt.txt [200],0,https://sutterhealth.org/,200,,0,,,,,date-unverified,,,,2026-09-09T01:24:24.770Z
054096,SUTTER CENTER FOR PSYCHIATRY,CA,manual-review,not-assessed-site-unreachable,access-or-discovery-unresolved,0,https://sutterhealth.org/cms-hpt.txt [200] | https://www.sutterhealth.org/cms-hpt.txt [200],0,https://sutterhealth.org/,200,,0,,,,,date-unverified,,,,2026-09-09T01:24:24.771Z
050417,SUTTER COAST HOSPITAL,CA,manual-review,not-assessed-site-unreachable,access-or-discovery-unresolved,0,https://sutterhealth.org/cms-hpt.txt [200] | https://www.sutterhealth.org/cms-hpt.txt [200],0,https://sutterhealth.org/,200,,0,,,,,date-unverified,,,,2026-09-09T01:24:24.773Z
050537,SUTTER DAVIS HOSPITAL,CA,manual-review,not-assessed-site-unreachable,access-or-discovery-unresolved,0,https://sutterhealth.org/cms-hpt.txt [200] | https://www.sutterhealth.org/cms-hpt.txt [200],0,https://sutterhealth.org/,200,,0,,,,,date-unverified,,,,2026-09-09T01:24:24.774Z
050523,SUTTER DELTA MEDICAL CENTER,CA,manual-review,not-assessed-site-unreachable,access-or-discovery-unresolved,0,https://sutterhealth.org/cms-hpt.txt [200] | https://www.sutterhealth.org/cms-hpt.txt [200],0,https://sutterhealth.org/,200,,0,,,,,date-unverified,,,,2026-09-09T01:24:24.775Z
051329,SUTTER LAKESIDE HOSPITAL,CA,manual-review,not-assessed-site-unreachable,access-or-discovery-unresolved,0,https://sutterhealth.org/cms-hpt.txt [200] | https://www.sutterhealth.org/cms-hpt.txt [200],0,https://sutterhealth.org/,200,,0,,,,,date-unverified,,,,2026-09-09T01:24:24.776Z
050714,SUTTER MATERNITY & SURGERY CENTER OF SANTA CRUZ,CA,manual-review,not-assessed-site-unreachable,access-or-discovery-unresolved,0,https://sutterhealth.org/cms-hpt.txt [200] | https://www.sutterhealth.org/cms-hpt.txt [200],0,https://sutterhealth.org/,200,,0,,,,,date-unverified,,,,2026-09-09T01:24:24.777Z
050108,"SUTTER MEDICAL CENTER, SACRAMENTO",CA,manual-review,not-assessed-site-unreachable,access-or-discovery-unresolved,0,https://sutterhealth.org/cms-hpt.txt [200] | https://www.sutterhealth.org/cms-hpt.txt [200],0,https://sutterhealth.org/,200,,0,,,,,date-unverified,,,,2026-09-09T01:24:24.778Z
050309,SUTTER ROSEVILLE MEDICAL CENTER,CA,manual-review,not-assessed-site-unreachable,access-or-discovery-unresolved,0,https://sutterhealth.org/cms-hpt.txt [200] | https://www.sutterhealth.org/cms-hpt.txt [200],0,https://sutterhealth.org/,200,,0,,,,,date-unverified,,,,2026-09-09T01:24:24.779Z
050291,SUTTER SANTA ROSA REGIONAL HOSPITAL,CA,manual-review,not-assessed-site-unreachable,access-or-discovery-unresolved,0,https://sutterhealth.org/cms-hpt.txt [200] | https://www.sutterhealth.org/cms-hpt.txt [200],0,https://sutterhealth.org/,200,,0,,,,,date-unverified,,,,2026-09-09T01:24:24.781Z
050101,SUTTER SOLANO MEDICAL CENTER,CA,manual-review,not-assessed-site-unreachable,access-or-discovery-unresolved,0,https://sutterhealth.org/cms-hpt.txt [200] | https://www.sutterhealth.org/cms-hpt.txt [200],0,https://sutterhealth.org/,200,,0,,,,,date-unverified,,,,2026-09-09T01:24:24.782Z
050766,SUTTER SURGICAL HOSPITAL - NORTH VALLEY,CA,manual-review,not-assessed-site-unreachable,access-or-discovery-unresolved,0,https://sutterhealth.org/cms-hpt.txt [200] | https://www.sutterhealth.org/cms-hpt.txt [200],0,https://sutterhealth.org/,200,,0,,,,,date-unverified,,,,2026-09-09T01:24:24.784Z
050313,SUTTER TRACY COMMUNITY HOSPITAL,CA,manual-review,not-assessed-site-unreachable,access-or-discovery-unresolved,0,https://sutterhealth.org/cms-hpt.txt [200] | https://www.sutterhealth.org/cms-hpt.txt [200],0,https://sutterhealth.org/,200,,0,,,,,date-unverified,,,,2026-09-09T01:24:24.786Z
050128,TRI-CITY MEDICAL CENTER,CA,old-template,old-template-version,pointer-and-identity-verified,1,https://tricitymed.org/cms-hpt.txt [200],1,,,,2,206,https://downloads.ctfassets.net/pxcfulgsd9e2/4gjlqHWnZQNgtiSy8ZJLrL/462e87c011e61ee6d9262dedaaddd95d/952126937_tricity-medical-center_standardcharges.csv,2026-05-29,https://tricitymed.org/cms-hpt.txt,date-within-365-days-version-3,3.0.0,2025-10-03,2.0.0,2026-09-09T01:24:24.824Z
050025,UC SAN DIEGO HEALTH HILLCREST - HILLCREST MED CTR,CA,dns-dead,not-assessed-site-unreachable,access-or-discovery-unresolved,0,https://health.ucsd.edu/cms-hpt.txt [getaddrinfo ENOTFOUND health.ucsd.edu] | https://www.health.ucsd.edu/cms-hpt.txt [request timeout],0,https://health.ucsd.edu/,,request timeout,0,,,,,date-unverified,,,,2026-09-09T01:24:24.827Z
050152,UCSF HEALTH SAINT FRANCIS HOSPITAL,CA,name-ambiguous,not-assessed-not-named-in-file,mrf-reachable-review-required,0,https://commonspirit.org/cms-hpt.txt [request timeout] | https://www.commonspirit.org/cms-hpt.txt [200],72,,,,68,,,,,date-unverified,,,,2026-09-09T01:24:26.052Z
050457,UCSF HEALTH ST. MARY'S HOSPITAL,CA,name-ambiguous,not-assessed-not-named-in-file,mrf-reachable-review-required,0,https://commonspirit.org/cms-hpt.txt [request timeout] | https://www.commonspirit.org/cms-hpt.txt [200],72,,,,68,,,,,date-unverified,,,,2026-09-09T01:24:26.954Z
060126,BANNER FORT COLLINS MEDICAL CENTER,CO,waf-blocked,pointer-blocked-to-automation,access-or-discovery-unresolved,0,https://bannerhealth.com/cms-hpt.txt [Parse Error: Header overflow] | https://www.bannerhealth.com/cms-hpt.txt [Parse Error: Header overflow],0,https://bannerhealth.com/,,Parse Error: Header overflow,0,,,,,date-unverified,,,,2026-09-09T01:24:26.956Z
060030,BANNER NORTH CO MEDICAL CENTER - LOVELAND CAMPUS,CO,waf-blocked,pointer-blocked-to-automation,access-or-discovery-unresolved,0,https://bannerhealth.com/cms-hpt.txt [Parse Error: Header overflow] | https://www.bannerhealth.com/cms-hpt.txt [Parse Error: Header overflow],0,https://bannerhealth.com/,,Parse Error: Header overflow,0,,,,,date-unverified,,,,2026-09-09T01:24:26.957Z
060001,BANNER NORTH COLORADO MEDICAL CENTER,CO,waf-blocked,pointer-blocked-to-automation,access-or-discovery-unresolved,0,https://bannerhealth.com/cms-hpt.txt [Parse Error: Header overflow] | https://www.bannerhealth.com/cms-hpt.txt [Parse Error: Header overflow],0,https://bannerhealth.com/,,Parse Error: Header overflow,0,,,,,date-unverified,,,,2026-09-09T01:24:26.958Z
063303,CHILDREN'S HOSPITAL COLORADO - COLORADO SPRINGS,CO,name-ambiguous,not-assessed-not-named-in-file,mrf-reachable-review-required,0,https://childrenscolorado.org/cms-hpt.txt [200],1,,,,1,,,,,date-unverified,,,,2026-09-09T01:24:26.963Z
061303,EAST MORGAN COUNTY HOSPITAL,CO,waf-blocked,pointer-blocked-to-automation,access-or-discovery-unresolved,0,https://bannerhealth.com/cms-hpt.txt [Parse Error: Header overflow] | https://www.bannerhealth.com/cms-hpt.txt [Parse Error: Header overflow],0,https://bannerhealth.com/,,Parse Error: Header overflow,0,,,,,date-unverified,,,,2026-09-09T01:24:26.965Z
061325,EASTERN RIO BLANCO COUNTY HEALTH SERVICE DISTRICT,CO,format-unusable,compliant-date-unverified,mrf-reachable-review-required,0,https://pioneershospital.org/cms-hpt.txt [200],1,,,,1,206,,,,date-unverified,,,,2026-09-09T01:24:26.965Z
061312,ESTES PARK MEDICAL CENTER,CO,html-soft-block,no-cms-hpt-txt-published,access-or-discovery-unresolved,0,https://search.hospitalpriceindex.com/cms-hpt.txt [200] | https://www.search.hospitalpriceindex.com/cms-hpt.txt [request timeout],0,https://search.hospitalpriceindex.com/,200,,0,,,,,date-unverified,,,,2026-09-09T01:24:26.967Z
061304,HAXTUN HOSPITAL DISTRICT,CO,format-unusable,compliant-date-unverified,mrf-reachable-review-required,0,https://haxtunhealth.org/cms-hpt.txt [200],1,,,,1,200,,,,date-unverified,,,,2026-09-09T01:24:26.968Z
061343,KEEFE MEMORIAL HOSPITAL,CO,stale-file,mrf-stale-over-365-days,pointer-and-identity-verified,1,https://keefemh.org/cms-hpt.txt [200],1,,,,1,206,https://keefemh.org/wp-content/uploads/2025/07/472340447_keefe-memorial-health-service-district_standardcharges.csv,2025-06-30,https://keefemh.org/cms-hpt.txt,date-over-365-days,2.0.0,2025-06-30,2.0.0,2026-09-09T01:24:26.972Z
061306,LINCOLN HEALTH HOSPITAL,CO,html-soft-block,no-cms-hpt-txt-published,access-or-discovery-unresolved,0,https://hugohospital.com/cms-hpt.txt [403] | https://www.hugohospital.com/cms-hpt.txt [request timeout],0,https://hugohospital.com/,202,,0,,,,,date-unverified,,,,2026-09-09T01:24:26.974Z
060020,"PARKVIEW MEDICAL CENTER, INC",CO,mrf-gone,mrf-url-unreachable,pointer-readable-review-required,0,https://uchealth.org/cms-hpt.txt [200],15,,,,1,404,,,,date-unverified,,,,2026-09-09T01:24:26.974Z
061323,PROWERS MEDICAL CENTER,CO,stale-file,mrf-stale-over-365-days,mrf-reachable-review-required,0,https://prowersmedical.com/cms-hpt.txt [request timeout] | https://www.prowersmedical.com/cms-hpt.txt [200],1,,,,1,206,,2025-01-01,,date-over-365-days,2.0.0,2025-01-01,2.0.0,2026-09-09T01:24:26.974Z
061308,SAN LUIS VALLEY HEALTH CONEJOS COUNTY HOSPITAL,CO,name-ambiguous,not-assessed-not-named-in-file,pointer-readable-review-required,0,https://www.sanluisvalleyhealth.org/cms-hpt.txt [200],2,,,,2,,,,,date-unverified,,,,2026-09-09T01:24:26.974Z
061311,SOUTHEAST COLORADO HOSPITAL DISTRICT,CO,format-unusable,compliant-date-unverified,mrf-reachable-review-required,0,https://sechosp.org/cms-hpt.txt [200],1,,,,1,200,,,,date-unverified,,,,2026-09-09T01:24:26.974Z
061327,SOUTHWEST MEMORIAL HOSPITAL,CO,format-unusable,compliant-date-unverified,mrf-reachable-review-required,0,https://swhealth.org/cms-hpt.txt [request timeout] | https://www.swhealth.org/cms-hpt.txt [200],1,,,,1,200,,,,date-unverified,,,,2026-09-09T01:24:26.974Z
060076,STERLING REGIONAL MEDCENTER,CO,waf-blocked,pointer-blocked-to-automation,access-or-discovery-unresolved,0,https://bannerhealth.com/cms-hpt.txt [Parse Error: Header overflow] | https://www.bannerhealth.com/cms-hpt.txt [Parse Error: Header overflow],0,https://bannerhealth.com/,,Parse Error: Header overflow,0,,,,,date-unverified,,,,2026-09-09T01:24:26.976Z
060022,UCH-MEMORIAL HEALTH SYSTEM,CO,name-ambiguous,not-assessed-not-named-in-file,mrf-reachable-review-required,0,https://uchealth.org/cms-hpt.txt [200],15,,,,15,,,,,date-unverified,,,,2026-09-09T01:24:27.028Z
061309,WRAY COMMUNITY DISTRICT HOSPITAL,CO,file-404,no-cms-hpt-txt-published,access-or-discovery-unresolved,0,https://wrayhospital.org/cms-hpt.txt [request timeout] | https://www.wrayhospital.org/cms-hpt.txt [404],0,https://wrayhospital.org/,202,,0,,,,,date-unverified,,,,2026-09-09T01:24:27.029Z
070010,BRIDGEPORT HOSPITAL,CT,mrf-gone,mrf-url-unreachable,pointer-readable-review-required,0,https://bridgeporthospital.org/cms-hpt.txt [200],2,,,,1,404,,,,date-unverified,,,,2026-09-09T01:24:27.030Z
070025,HARTFORD HOSPITAL,CT,file-404,no-cms-hpt-txt-published,access-or-discovery-unresolved,0,https://hartfordhealthcare.org/cms-hpt.txt [404] | https://www.hartfordhealthcare.org/cms-hpt.txt [404],0,https://hartfordhealthcare.org/,200,,0,,,,,date-unverified,,,,2026-09-09T01:24:27.031Z
070036,JOHN DEMPSEY HOSPITAL OF THE UNIVERSITY OF CONNECT,CT,format-unusable,compliant-date-unverified,mrf-reachable-review-required,0,https://health.uconn.edu/cms-hpt.txt [200],1,,,,1,200,,2026-07-01,,date-within-365-days-version-3,3.0.0,,,2026-09-09T01:24:27.033Z
074016,MASONICARE HEALTH CENTER,CT,stale-file,mrf-stale-over-365-days,pointer-and-identity-verified,1,https://masonicare.org/cms-hpt.txt [200],1,,,,1,206,https://www.masonicare.org/download_file/view/1743/1,2025-01-01,https://www.masonicare.org/cms-hpt.txt,date-over-365-days,2.0.0,2025-01-01,2.0.0,2026-09-09T01:24:27.035Z
070022,YALE-NEW HAVEN HOSPITAL,CT,mrf-gone,mrf-url-unreachable,pointer-readable-review-required,0,https://ynhh.org/cms-hpt.txt [200],2,,,,1,404,,,,date-unverified,,,,2026-09-09T01:24:27.035Z
094004,PSYCHIATRIC INSTITUTE OF WASHINGTON,DC,waf-blocked,pointer-blocked-to-automation,access-or-discovery-unresolved,0,https://psychinstitute.com/cms-hpt.txt [403] | https://www.psychinstitute.com/cms-hpt.txt [403],0,https://psychinstitute.com/,403,,0,,,,,date-unverified,,,,2026-09-09T01:24:27.038Z
090005,SIBLEY MEMORIAL HOSPITAL,DC,waf-blocked,pointer-blocked-to-automation,access-or-discovery-unresolved,0,https://hopkinsmedicine.org/cms-hpt.txt [403] | https://www.hopkinsmedicine.org/cms-hpt.txt [403],0,https://hopkinsmedicine.org/,403,,0,,,,,date-unverified,,,,2026-09-09T01:24:27.040Z
090008,UNITED MEDICAL CENTER,DC,manual-review,not-assessed-site-unreachable,access-or-discovery-unresolved,0,https://unitedmedicaldc.com/cms-hpt.txt [404] | https://www.unitedmedicaldc.com/cms-hpt.txt [404],0,https://unitedmedicaldc.com/,200,,0,,,,,date-unverified,,,,2026-09-09T01:24:27.045Z
084004,DOVER BEHAVIORAL HEALTH SYSTEM,DE,waf-blocked,pointer-blocked-to-automation,access-or-discovery-unresolved,0,https://doverbehavioral.com/cms-hpt.txt [403] | https://www.doverbehavioral.com/cms-hpt.txt [403],0,https://doverbehavioral.com/,403,,0,,,,,date-unverified,,,,2026-09-09T01:24:27.047Z
084005,SUN BEHAVIORAL DELAWARE LLC,DE,html-soft-block,no-cms-hpt-txt-published,access-or-discovery-unresolved,0,https://sundelaware.com/cms-hpt.txt [403] | https://www.sundelaware.com/cms-hpt.txt [403],0,https://sundelaware.com/,202,,0,,,,,date-unverified,,,,2026-09-09T01:24:27.048Z
100244,CAPE CORAL HOSPITAL,FL,waf-blocked,mrf-blocked-to-automation,pointer-readable-review-required,0,https://leehealth.org/cms-hpt.txt [200],5,,,,1,403,,,,date-unverified,,,,2026-09-09T01:24:27.049Z
100161,CENTRAL FLORIDA LAKE MONROE HOSPITAL,FL,server-blocked,mrf-blocked-to-automation,pointer-and-identity-verified,1,https://hcafloridahealthcare.com/cms-hpt.txt [200],114,,,,3,403,https://stctrprodsnsvc00455826e6.blob.core.windows.net/pt-final-posting-files/59-1978725_HCA-FLORIDA-LAKE-MONROE-HOSPITAL_standardcharges.json?si=dpx-pt-json-access-policy&spr=https&sv=2026-02-06&sr=c&sig=ks%2BgfAjyEHlZmeP2PYJ%2f9NpMuCoRStjTb2bhIy9Y6LM%3D,2026-03-01,https://www.hcafloridahealthcare.com/cms-hpt.txt,date-within-365-days-version-3,3.0.0,,,2026-09-09T01:24:27.063Z
104024,"CIRCLES OF CARE, INC",FL,old-template,old-template-version,pointer-and-identity-verified,1,https://circlesofcare.org/cms-hpt.txt [200],1,,,,1,206,https://www.circlesofcare.org/wp-content/uploads/2025/12/591101553_circles-of-care-inc_standardcharges.csv,2025-12-12,https://circlesofcare.org/cms-hpt.txt,date-within-365-days-older-version,2.0.0,2025-12-12,2.0.0,2026-09-09T01:24:27.070Z
100105,CLEVELAND CLINIC INDIAN RIVER HOSPITAL,FL,format-unusable,compliant-date-unverified,mrf-reachable-review-required,0,https://my.clevelandclinic.org/cms-hpt.txt [200],23,,,,6,200,,2026-06-15,,date-within-365-days-version-3,3.0.0,,,2026-09-09T01:24:27.106Z
100044,CLEVELAND CLINIC MARTIN NORTH HOSPITAL,FL,format-unusable,compliant-date-unverified,mrf-reachable-review-required,0,https://my.clevelandclinic.org/cms-hpt.txt [200],23,,,,6,,,,,date-unverified,,,,2026-09-09T01:24:27.141Z
100183,CORAL GABLES HOSPITAL,FL,stale-file,mrf-stale-over-365-days,pointer-and-identity-verified,1,https://coralgableshospital.org/cms-hpt.txt [200],1,,,,1,206,https://coralgableshospital.org/pricetransparency/995038459_CoralGablesHospital_standardcharges.csv,2025-02-21,https://coralgableshospital.org/cms-hpt.txt,date-over-365-days,2.0.0,2025-02-21,2.0.0,2026-09-09T01:24:27.151Z
100277,DOUGLAS GARDENS HOSPITAL,FL,html-soft-block,no-cms-hpt-txt-published,access-or-discovery-unresolved,0,https://miamijewishhealth.org/cms-hpt.txt [403] | https://www.miamijewishhealth.org/cms-hpt.txt [403],0,https://miamijewishhealth.org/,202,,0,,,,,date-unverified,,,,2026-09-09T01:24:27.153Z
100134,ED FRASER MEMORIAL HOSPITAL,FL,mrf-gone,mrf-url-unreachable,pointer-and-identity-verified,1,https://edfraserhospital.com/cms-hpt.txt [200],1,,,,2,404,https://hospitalpricetransparencyfiles.com/baker-county-medical-services-inc/593202547_Baker-County-Medical-Services-Inc_standardcharges.csv,2025-11-12,https://edfraserhospital.com/cms-hpt.txt,date-within-365-days-version-3,3.0.0,,,2026-09-09T01:24:27.163Z
100090,FLAGLER HOSPITAL,FL,manual-review,not-assessed-site-unreachable,access-or-discovery-unresolved,0,https://flaglerhealth.org/cms-hpt.txt [404] | https://www.flaglerhealth.org/cms-hpt.txt [404],0,https://flaglerhealth.org/,404,,0,,,,,date-unverified,,,,2026-09-09T01:24:27.164Z
100298,FLORIDA STATE HOSPITAL UNIT 31 MED,FL,file-404,no-cms-hpt-txt-published,access-or-discovery-unresolved,0,https://myflfamilies.com/cms-hpt.txt [404] | https://www.myflfamilies.com/cms-hpt.txt [404],0,https://myflfamilies.com/,200,,0,,,,,date-unverified,,,,2026-09-09T01:24:27.166Z
100266,GULF BREEZE HOSPITAL,FL,format-unusable,compliant-date-unverified,pointer-and-identity-verified,1,https://www.ebaptisthealthcare.org/cms-hpt.txt [200],3,,,,1,200,https://baptisthealthcare.pt.panaceainc.com/MRFDownload/baptisthealthcare/glfbreeze,2025-12-23,https://www.ebaptisthealthcare.org/cms-hpt.txt,date-within-365-days-version-3,3.0.0,,,2026-09-09T01:24:27.174Z
100220,GULF COAST MEDICAL CENTER LEE HEALTH,FL,waf-blocked,mrf-blocked-to-automation,pointer-readable-review-required,0,https://leehealth.org/cms-hpt.txt [200],5,,,,1,403,,,,date-unverified,,,,2026-09-09T01:24:27.175Z
100330,HALIFAX HEALTH /UF HEALTH MEDICAL CENTER OF DELTON,FL,format-unusable,compliant-date-unverified,mrf-reachable-review-required,0,https://halifaxhealth.org/cms-hpt.txt [200],4,,,,2,200,,2026-08-05,,date-within-365-days-version-3,3.0.0,,,2026-09-09T01:24:27.186Z
100131,HCA FLORIDA AVENTURA HOSPITAL,FL,server-blocked,mrf-blocked-to-automation,mrf-reachable-review-required,0,https://hcafloridahealthcare.com/cms-hpt.txt [200],114,,,,47,403,,,,date-unverified,,,,2026-09-09T01:24:27.534Z
100256,HCA FLORIDA BAYONET POINT HOSPITAL,FL,server-blocked,mrf-blocked-to-automation,pointer-and-identity-verified,1,https://hcafloridahealthcare.com/cms-hpt.txt [200],114,,,,47,403,https://stctrprodsnsvc00455826e6.blob.core.windows.net/pt-final-posting-files/62-1113740_HCA-FLORIDA-BAYONET-POINT-HOSPITAL_standardcharges.json?si=dpx-pt-json-access-policy&spr=https&sv=2026-02-06&sr=c&sig=ks%2BgfAjyEHlZmeP2PYJ%2f9NpMuCoRStjTb2bhIy9Y6LM%3D,2026-03-01,https://www.hcafloridahealthcare.com/cms-hpt.txt,date-within-365-days-version-3,3.0.0,,,2026-09-09T01:24:27.897Z
100213,HCA FLORIDA BLAKE HOSPITAL,FL,server-blocked,mrf-blocked-to-automation,pointer-and-identity-verified,1,https://hcafloridahealthcare.com/cms-hpt.txt [200],114,,,,47,403,https://stctrprodsnsvc00455826e6.blob.core.windows.net/pt-final-posting-files/62-1113740_HCA-FLORIDA-BLAKE-HOSPITAL_standardcharges.json?si=dpx-pt-json-access-policy&spr=https&sv=2026-02-06&sr=c&sig=ks%2BgfAjyEHlZmeP2PYJ%2f9NpMuCoRStjTb2bhIy9Y6LM%3D,2026-03-01,https://www.hcafloridahealthcare.com/cms-hpt.txt,date-within-365-days-version-3,3.0.0,,,2026-09-09T01:24:28.269Z
100243,HCA FLORIDA BRANDON HOSPITAL,FL,server-blocked,mrf-blocked-to-automation,mrf-reachable-review-required,0,https://hcafloridahealthcare.com/cms-hpt.txt [200],114,,,,47,403,,,,date-unverified,,,,2026-09-09T01:24:28.707Z
100254,HCA FLORIDA CAPITAL HOSPITAL,FL,server-blocked,mrf-blocked-to-automation,mrf-reachable-review-required,0,https://hcafloridahealthcare.com/cms-hpt.txt [200],114,,,,47,403,,,,date-unverified,,,,2026-09-09T01:24:29.104Z
100023,HCA FLORIDA CITRUS HOSPITAL,FL,server-blocked,mrf-blocked-to-automation,pointer-and-identity-verified,1,https://hcafloridahealthcare.com/cms-hpt.txt [200],114,,,,47,403,https://stctrprodsnsvc00455826e6.blob.core.windows.net/pt-final-posting-files/47-1455535_HCA-FLORIDA-CITRUS-HOSPITAL_standardcharges.json?si=dpx-pt-json-access-policy&spr=https&sv=2026-02-06&sr=c&sig=ks%2BgfAjyEHlZmeP2PYJ%2f9NpMuCoRStjTb2bhIy9Y6LM%3D,2026-03-01,https://www.hcafloridahealthcare.com/cms-hpt.txt,date-within-365-days-version-3,3.0.0,,,2026-09-09T01:24:29.527Z
100267,HCA FLORIDA ENGLEWOOD HOSPITAL,FL,server-blocked,mrf-blocked-to-automation,pointer-and-identity-verified,1,https://hcafloridahealthcare.com/cms-hpt.txt [200],114,,,,47,403,https://stctrprodsnsvc00455826e6.blob.core.windows.net/pt-final-posting-files/35-1611050_HCA-FLORIDA-ENGLEWOOD-HOSPITAL_standardcharges.json?si=dpx-pt-json-access-policy&spr=https&sv=2026-02-06&sr=c&sig=ks%2BgfAjyEHlZmeP2PYJ%2f9NpMuCoRStjTb2bhIy9Y6LM%3D,2026-03-01,https://www.hcafloridahealthcare.com/cms-hpt.txt,date-within-365-days-version-3,3.0.0,,,2026-09-09T01:24:29.941Z
100236,HCA FLORIDA FAWCETT HOSPITAL,FL,server-blocked,mrf-blocked-to-automation,mrf-reachable-review-required,0,https://hcafloridahealthcare.com/cms-hpt.txt [200],114,,,,47,403,,,,date-unverified,,,,2026-09-09T01:24:30.328Z
100223,HCA FLORIDA FORT WALTON-DESTIN HOSPITAL,FL,server-blocked,mrf-blocked-to-automation,mrf-reachable-review-required,0,https://hcafloridahealthcare.com/cms-hpt.txt [200],114,,,,2,403,,,,date-unverified,,,,2026-09-09T01:24:30.341Z
100242,HCA FLORIDA GULF COAST HOSPITAL,FL,server-blocked,mrf-blocked-to-automation,pointer-and-identity-verified,1,https://hcafloridahealthcare.com/cms-hpt.txt [200],114,,,,47,403,https://stctrprodsnsvc00455826e6.blob.core.windows.net/pt-final-posting-files/62-0976863_HCA-FLORIDA-GULF-COAST-HOSPITAL_standardcharges.json?si=dpx-pt-json-access-policy&spr=https&sv=2026-02-06&sr=c&sig=ks%2BgfAjyEHlZmeP2PYJ%2f9NpMuCoRStjTb2bhIy9Y6LM%3D,2026-03-01,https://www.hcafloridahealthcare.com/cms-hpt.txt,date-within-365-days-version-3,3.0.0,,,2026-09-09T01:24:30.683Z
100049,HCA FLORIDA HIGHLANDS HOSPITAL,FL,server-blocked,mrf-blocked-to-automation,pointer-and-identity-verified,1,https://hcafloridahealthcare.com/cms-hpt.txt [200],114,,,,47,403,https://stctrprodsnsvc00455826e6.blob.core.windows.net/pt-final-posting-files/82-2084329_HCA-FLORIDA-HIGHLANDS-HOSPITAL_standardcharges.json?si=dpx-pt-json-access-policy&spr=https&sv=2026-02-06&sr=c&sig=ks%2BgfAjyEHlZmeP2PYJ%2f9NpMuCoRStjTb2bhIy9Y6LM%3D,2026-03-01,https://www.hcafloridahealthcare.com/cms-hpt.txt,date-within-365-days-version-3,3.0.0,,,2026-09-09T01:24:31.162Z
100080,HCA FLORIDA JFK HOSPITAL,FL,server-blocked,mrf-blocked-to-automation,mrf-reachable-review-required,0,https://hcafloridahealthcare.com/cms-hpt.txt [200],114,,,,47,403,,,,date-unverified,,,,2026-09-09T01:24:31.596Z
100209,HCA FLORIDA KENDALL HOSPITAL,FL,server-blocked,mrf-blocked-to-automation,mrf-reachable-review-required,0,https://hcafloridahealthcare.com/cms-hpt.txt [200],114,,,,47,403,,,,date-unverified,,,,2026-09-09T01:24:31.975Z
100156,HCA FLORIDA LAKE CITY HOSPITAL,FL,server-blocked,mrf-blocked-to-automation,mrf-reachable-review-required,0,https://hcafloridahealthcare.com/cms-hpt.txt [200],114,,,,47,403,,,,date-unverified,,,,2026-09-09T01:24:32.341Z
100248,HCA FLORIDA LARGO HOSPITAL,FL,server-blocked,mrf-blocked-to-automation,pointer-and-identity-verified,1,https://hcafloridahealthcare.com/cms-hpt.txt [200],114,,,,47,403,https://stctrprodsnsvc00455826e6.blob.core.windows.net/pt-final-posting-files/62-1026428_HCA-FLORIDA-LARGO-HOSPITAL_standardcharges.json?si=dpx-pt-json-access-policy&spr=https&sv=2026-02-06&sr=c&sig=ks%2BgfAjyEHlZmeP2PYJ%2f9NpMuCoRStjTb2bhIy9Y6LM%3D,2026-03-01,https://www.hcafloridahealthcare.com/cms-hpt.txt,date-within-365-days-version-3,3.0.0,,,2026-09-09T01:24:32.776Z
100246,HCA FLORIDA LAWNWOOD HOSPITAL,FL,server-blocked,mrf-blocked-to-automation,pointer-and-identity-verified,1,https://hcafloridahealthcare.com/cms-hpt.txt [200],114,,,,47,403,https://stctrprodsnsvc00455826e6.blob.core.windows.net/pt-final-posting-files/59-1764486_HCA-FLORIDA-LAWNWOOD-HOSPITAL_standardcharges.json?si=dpx-pt-json-access-policy&spr=https&sv=2026-02-06&sr=c&sig=ks%2BgfAjyEHlZmeP2PYJ%2f9NpMuCoRStjTb2bhIy9Y6LM%3D,2026-03-01,https://www.hcafloridahealthcare.com/cms-hpt.txt,date-within-365-days-version-3,3.0.0,,,2026-09-09T01:24:33.125Z
100179,HCA FLORIDA MEMORIAL HOSPITAL,FL,server-blocked,mrf-blocked-to-automation,mrf-reachable-review-required,0,https://hcafloridahealthcare.com/cms-hpt.txt [200],114,,,,47,403,,,,date-unverified,,,,2026-09-09T01:24:33.526Z
100167,HCA FLORIDA MERCY HOSPITAL,FL,server-blocked,mrf-blocked-to-automation,pointer-and-identity-verified,1,https://hcafloridahealthcare.com/cms-hpt.txt [200],114,,,,47,403,https://stctrprodsnsvc00455826e6.blob.core.windows.net/pt-final-posting-files/75-2482249_HCA-FLORIDA-WESTSIDE-HOSPITAL_standardcharges.json?si=dpx-pt-json-access-policy&spr=https&sv=2026-02-06&sr=c&sig=ks%2BgfAjyEHlZmeP2PYJ%2f9NpMuCoRStjTb2bhIy9Y6LM%3D,2026-03-01,https://www.hcafloridahealthcare.com/cms-hpt.txt,date-within-365-days-version-3,3.0.0,,,2026-09-09T01:24:33.894Z
100204,HCA FLORIDA NORTH FLORIDA HOSPITAL,FL,server-blocked,mrf-blocked-to-automation,mrf-reachable-review-required,0,https://hcafloridahealthcare.com/cms-hpt.txt [200],114,,,,47,403,,,,date-unverified,,,,2026-09-09T01:24:34.286Z
100238,HCA FLORIDA NORTHSIDE HOSPITAL,FL,server-blocked,mrf-blocked-to-automation,pointer-and-identity-verified,1,https://hcafloridahealthcare.com/cms-hpt.txt [200],114,,,,47,403,https://stctrprodsnsvc00455826e6.blob.core.windows.net/pt-final-posting-files/61-0947837_HCA-FLORIDA-NORTHSIDE-HOSPITAL_standardcharges.json?si=dpx-pt-json-access-policy&spr=https&sv=2026-02-06&sr=c&sig=ks%2BgfAjyEHlZmeP2PYJ%2f9NpMuCoRStjTb2bhIy9Y6LM%3D,2026-03-01,https://www.hcafloridahealthcare.com/cms-hpt.txt,date-within-365-days-version-3,3.0.0,,,2026-09-09T01:24:34.691Z
100189,HCA FLORIDA NORTHWEST HOSPITAL,FL,server-blocked,mrf-blocked-to-automation,pointer-and-identity-verified,1,https://hcafloridahealthcare.com/cms-hpt.txt [200],114,,,,47,403,https://stctrprodsnsvc00455826e6.blob.core.windows.net/pt-final-posting-files/61-1259843_HCA-FLORIDA-NORTHWEST-HOSPITAL_standardcharges.json?si=dpx-pt-json-access-policy&spr=https&sv=2026-02-06&sr=c&sig=ks%2BgfAjyEHlZmeP2PYJ%2f9NpMuCoRStjTb2bhIy9Y6LM%3D,2026-03-01,https://www.hcafloridahealthcare.com/cms-hpt.txt,date-within-365-days-version-3,3.0.0,,,2026-09-09T01:24:35.259Z
100264,HCA FLORIDA OAK HILL HOSPITAL,FL,server-blocked,mrf-blocked-to-automation,pointer-and-identity-verified,1,https://hcafloridahealthcare.com/cms-hpt.txt [200],114,,,,47,403,https://stctrprodsnsvc00455826e6.blob.core.windows.net/pt-final-posting-files/62-1113740_HCA-FLORIDA-OAK-HILL-HOSPITAL_standardcharges.json?si=dpx-pt-json-access-policy&spr=https&sv=2026-02-06&sr=c&sig=ks%2BgfAjyEHlZmeP2PYJ%2f9NpMuCoRStjTb2bhIy9Y6LM%3D,2026-03-01,https://www.hcafloridahealthcare.com/cms-hpt.txt,date-within-365-days-version-3,3.0.0,,,2026-09-09T01:24:35.722Z
100226,HCA FLORIDA ORANGE PARK HOSPITAL,FL,server-blocked,mrf-blocked-to-automation,mrf-reachable-review-required,0,https://hcafloridahealthcare.com/cms-hpt.txt [200],114,,,,47,403,,,,date-unverified,,,,2026-09-09T01:24:36.114Z
100110,HCA FLORIDA OSCEOLA HOSPITAL,FL,server-blocked,mrf-blocked-to-automation,mrf-reachable-review-required,0,https://hcafloridahealthcare.com/cms-hpt.txt [200],114,,,,47,403,,,,date-unverified,,,,2026-09-09T01:24:36.650Z
100269,HCA FLORIDA PALMS WEST HOSPITAL,FL,server-blocked,mrf-blocked-to-automation,pointer-and-identity-verified,1,https://hcafloridahealthcare.com/cms-hpt.txt [200],114,,,,47,403,https://stctrprodsnsvc00455826e6.blob.core.windows.net/pt-final-posting-files/62-1694178_HCA-FLORIDA-PALMS-WEST-HOSPITAL_standardcharges.json?si=dpx-pt-json-access-policy&spr=https&sv=2026-02-06&sr=c&sig=ks%2BgfAjyEHlZmeP2PYJ%2f9NpMuCoRStjTb2bhIy9Y6LM%3D,2026-03-01,https://www.hcafloridahealthcare.com/cms-hpt.txt,date-within-365-days-version-3,3.0.0,,,2026-09-09T01:24:37.500Z
100126,HCA FLORIDA PASADENA HOSPITAL A PART OF HCA FLORID,FL,server-blocked,mrf-blocked-to-automation,mrf-reachable-review-required,0,https://hcafloridahealthcare.com/cms-hpt.txt [200],114,,,,2,403,,,,date-unverified,,,,2026-09-09T01:24:37.528Z
100320,HCA FLORIDA POINCIANA HOSPITAL,FL,server-blocked,mrf-blocked-to-automation,mrf-reachable-review-required,0,https://hcafloridahealthcare.com/cms-hpt.txt [200],114,,,,47,403,,,,date-unverified,,,,2026-09-09T01:24:38.246Z
100232,HCA FLORIDA PUTNAM HOSPITAL,FL,server-blocked,mrf-blocked-to-automation,pointer-and-identity-verified,1,https://hcafloridahealthcare.com/cms-hpt.txt [200],114,,,,47,403,https://stctrprodsnsvc00455826e6.blob.core.windows.net/pt-final-posting-files/47-2762362_HCA-FLORIDA-PUTNAM-HOSPITAL_standardcharges.json?si=dpx-pt-json-access-policy&spr=https&sv=2026-02-06&sr=c&sig=ks%2BgfAjyEHlZmeP2PYJ%2f9NpMuCoRStjTb2bhIy9Y6LM%3D,2026-03-01,https://www.hcafloridahealthcare.com/cms-hpt.txt,date-within-365-days-version-3,3.0.0,,,2026-09-09T01:24:38.865Z
100252,HCA FLORIDA RAULERSON HOSPITAL,FL,server-blocked,mrf-blocked-to-automation,pointer-and-identity-verified,1,https://hcafloridahealthcare.com/cms-hpt.txt [200],114,,,,47,403,https://stctrprodsnsvc00455826e6.blob.core.windows.net/pt-final-posting-files/59-1833934_HCA-FLORIDA-RAULERSON-HOSPITAL_standardcharges.json?si=dpx-pt-json-access-policy&spr=https&sv=2026-02-06&sr=c&sig=ks%2BgfAjyEHlZmeP2PYJ%2f9NpMuCoRStjTb2bhIy9Y6LM%3D,2026-03-01,https://www.hcafloridahealthcare.com/cms-hpt.txt,date-within-365-days-version-3,3.0.0,,,2026-09-09T01:24:39.428Z
100166,HCA FLORIDA SARASOTA DOCTORS HOSPITAL,FL,server-blocked,mrf-blocked-to-automation,mrf-reachable-review-required,0,https://hcafloridahealthcare.com/cms-hpt.txt [200],114,,,,47,403,,,,date-unverified,,,,2026-09-09T01:24:40.223Z
100259,HCA FLORIDA SOUTH SHORE HOSPITAL,FL,server-blocked,mrf-blocked-to-automation,mrf-reachable-review-required,0,https://hcafloridahealthcare.com/cms-hpt.txt [200],114,,,,47,403,,,,date-unverified,,,,2026-09-09T01:24:40.781Z
100206,HCA FLORIDA SOUTH TAMPA HOSPITAL,FL,server-blocked,mrf-blocked-to-automation,pointer-and-identity-verified,1,https://hcafloridahealthcare.com/cms-hpt.txt [200],114,,,,47,403,https://stctrprodsnsvc00455826e6.blob.core.windows.net/pt-final-posting-files/36-4764806_HCA-FLORIDA-SOUTH-TAMPA-HOSPITAL_standardcharges.json?si=dpx-pt-json-access-policy&spr=https&sv=2026-02-06&sr=c&sig=ks%2BgfAjyEHlZmeP2PYJ%2f9NpMuCoRStjTb2bhIy9Y6LM%3D,2026-03-01,https://www.hcafloridahealthcare.com/cms-hpt.txt,date-within-365-days-version-3,3.0.0,,,2026-09-09T01:24:41.291Z
100180,HCA FLORIDA ST PETERSBURG HOSPITAL,FL,server-blocked,mrf-blocked-to-automation,pointer-and-identity-verified,1,https://hcafloridahealthcare.com/cms-hpt.txt [200],114,,,,47,403,https://stctrprodsnsvc00455826e6.blob.core.windows.net/pt-final-posting-files/59-1174716_HCA-FLORIDA-ST.-PETERSBURG-HOSPITAL_standardcharges.json?si=dpx-pt-json-access-policy&spr=https&sv=2026-02-06&sr=c&sig=ks%2BgfAjyEHlZmeP2PYJ%2f9NpMuCoRStjTb2bhIy9Y6LM%3D,2026-03-01,https://www.hcafloridahealthcare.com/cms-hpt.txt,date-within-365-days-version-3,3.0.0,,,2026-09-09T01:24:41.666Z
100191,HCA FLORIDA TRINITY HOSPITAL,FL,server-blocked,mrf-blocked-to-automation,pointer-and-identity-verified,1,https://hcafloridahealthcare.com/cms-hpt.txt [200],114,,,,47,403,https://stctrprodsnsvc00455826e6.blob.core.windows.net/pt-final-posting-files/59-2047041_HCA-FLORIDA-TRINITY-HOSPITAL_standardcharges.json?si=dpx-pt-json-access-policy&spr=https&sv=2026-02-06&sr=c&sig=ks%2BgfAjyEHlZmeP2PYJ%2f9NpMuCoRStjTb2bhIy9Y6LM%3D,2026-03-01,https://www.hcafloridahealthcare.com/cms-hpt.txt,date-within-365-days-version-3,3.0.0,,,2026-09-09T01:24:42.041Z
100054,HCA FLORIDA TWIN CITIES HOSPITAL,FL,server-blocked,mrf-blocked-to-automation,pointer-and-identity-verified,1,https://hcafloridahealthcare.com/cms-hpt.txt [200],114,,,,47,403,https://stctrprodsnsvc00455826e6.blob.core.windows.net/pt-final-posting-files/59-1836808_HCA-FLORIDA-TWIN-CITIES-HOSPITAL_standardcharges.json?si=dpx-pt-json-access-policy&spr=https&sv=2026-02-06&sr=c&sig=ks%2BgfAjyEHlZmeP2PYJ%2f9NpMuCoRStjTb2bhIy9Y6LM%3D,2026-03-01,https://www.hcafloridahealthcare.com/cms-hpt.txt,date-within-365-days-version-3,3.0.0,,,2026-09-09T01:24:42.448Z
100360,HCA FLORIDA UNIVERSITY HOSPITAL,FL,server-blocked,mrf-blocked-to-automation,pointer-and-identity-verified,1,https://hcafloridahealthcare.com/cms-hpt.txt [200],114,,,,47,403,https://stctrprodsnsvc00455826e6.blob.core.windows.net/pt-final-posting-files/32-0583104_HCA-FLORIDA-UNIVERSITY-HOSPITAL_standardcharges.json?si=dpx-pt-json-access-policy&spr=https&sv=2026-02-06&sr=c&sig=ks%2BgfAjyEHlZmeP2PYJ%2f9NpMuCoRStjTb2bhIy9Y6LM%3D,2026-03-01,https://www.hcafloridahealthcare.com/cms-hpt.txt,date-within-365-days-version-3,3.0.0,,,2026-09-09T01:24:42.886Z
100231,HCA FLORIDA WEST HOSPITAL,FL,server-blocked,mrf-blocked-to-automation,mrf-reachable-review-required,0,https://hcafloridahealthcare.com/cms-hpt.txt [200],114,,,,47,403,,,,date-unverified,,,,2026-09-09T01:24:43.248Z
100053,HIALEAH HOSPITAL,FL,stale-file,mrf-stale-over-365-days,pointer-and-identity-verified,1,https://hialeahhosp.org/cms-hpt.txt [200],1,,,,1,206,https://hialeahhosp.org/pricetransparency/995053647_HialeahHospital_standardcharges.csv,2025-02-21,https://hialeahhosp.org/cms-hpt.txt,date-over-365-days,2.0.0,2025-02-21,2.0.0,2026-09-09T01:24:43.254Z
103300,JOHNS HOPKINS ALL CHILDREN'S HOSPITAL,FL,waf-blocked,pointer-blocked-to-automation,access-or-discovery-unresolved,0,https://hopkinsallchildrens.org/cms-hpt.txt [403] | https://www.hopkinsallchildrens.org/cms-hpt.txt [403],0,https://hopkinsallchildrens.org/,403,,0,,,,,date-unverified,,,,2026-09-09T01:24:43.255Z
100253,JUPITER MEDICAL CENTER,FL,old-template,old-template-version,pointer-and-identity-verified,1,https://jupitermed.com/cms-hpt.txt [200],1,,,,1,206,https://www.jupitermed.com/documents/content/59-1460239_jupiter-medical-center_standardcharges.csv,2025-10-01,https://www.jupitermed.com/cms-hpt.txt,date-within-365-days-older-version,2.2.0,2025-10-01,2.2.0,2026-09-09T01:24:43.260Z
101303,LAKE BUTLER HOSPITAL,FL,html-soft-block,no-cms-hpt-txt-published,access-or-discovery-unresolved,0,https://lakebutlerhospital.com/cms-hpt.txt [403] | https://www.lakebutlerhospital.com/cms-hpt.txt [403],0,https://lakebutlerhospital.com/,202,,0,,,,,date-unverified,,,,2026-09-09T01:24:43.262Z
100299,LAKEWOOD RANCH MEDICAL CENTER,FL,waf-blocked,pointer-blocked-to-automation,access-or-discovery-unresolved,0,https://lakewoodranchmedicalcenter.com/cms-hpt.txt [403] | https://www.lakewoodranchmedicalcenter.com/cms-hpt.txt [403],0,https://lakewoodranchmedicalcenter.com/,403,,0,,,,,date-unverified,,,,2026-09-09T01:24:43.263Z
100012,LEE MEMORIAL HOSPITAL,FL,waf-blocked,mrf-blocked-to-automation,pointer-readable-review-required,0,https://leehealth.org/cms-hpt.txt [200],5,,,,3,403,,,,date-unverified,,,,2026-09-09T01:24:43.264Z
104084,NEUROBEHAVIORAL HOSPITAL OF THE PALM BEACHES-NORTH,FL,old-template,old-template-version,pointer-and-identity-verified,1,https://nbhospitals.com/cms-hpt.txt [200],2,,,,1,206,https://nbhospitals.com/standard-services/Pricing-guidelinesNeuro.csv,2026-01-01,https://nbhospitals.com/cms-hpt.txt,date-within-365-days-older-version,1,2026-01-01,1,2026-09-09T01:24:43.280Z
104085,NEUROBEHAVIORAL HOSPITAL OF THE PALM BEACHES-SOUTH,FL,old-template,old-template-version,pointer-and-identity-verified,1,https://nbhospitals.com/cms-hpt.txt [200],2,,,,1,206,https://nbhospitals.com/standard-services/Pricing-guidelinesNeuro.csv,2026-01-01,https://nbhospitals.com/cms-hpt.txt,date-within-365-days-older-version,1,2026-01-01,1,2026-09-09T01:24:43.293Z
100029,NORTH SHORE MEDICAL CENTER,FL,stale-file,mrf-stale-over-365-days,pointer-and-identity-verified,1,https://northshoremc.org/cms-hpt.txt [200],1,,,,1,206,https://northshoremc.org/pricetransparency/995020733_NorthShoreMedicalCenter_standardcharges.csv,2025-02-21,https://northshoremc.org/cms-hpt.txt,date-over-365-days,2.0.0,2025-02-21,2.0.0,2026-09-09T01:24:43.303Z
104007,NORTHEAST FLORIDA STATE HOSPITAL,FL,file-404,no-cms-hpt-txt-published,access-or-discovery-unresolved,0,https://myflfamilies.com/cms-hpt.txt [404] | https://www.myflfamilies.com/cms-hpt.txt [404],0,https://myflfamilies.com/,200,,0,,,,,date-unverified,,,,2026-09-09T01:24:43.305Z
100329,OVIEDO MEDICAL CENTER,FL,server-blocked,mrf-blocked-to-automation,pointer-and-identity-verified,1,https://hcafloridahealthcare.com/cms-hpt.txt [200],114,,,,2,403,https://stctrprodsnsvc00455826e6.blob.core.windows.net/pt-final-posting-files/46-4660005_OVIEDO-MEDICAL-CENTER_standardcharges.json?si=dpx-pt-json-access-policy&spr=https&sv=2026-02-06&sr=c&sig=ks%2BgfAjyEHlZmeP2PYJ%2f9NpMuCoRStjTb2bhIy9Y6LM%3D,2026-03-01,https://www.hcafloridahealthcare.com/cms-hpt.txt,date-within-365-days-version-3,3.0.0,,,2026-09-09T01:24:43.312Z
100187,PALMETTO GENERAL HOSPITAL,FL,stale-file,mrf-stale-over-365-days,pointer-and-identity-verified,1,https://palmettogeneral.org/cms-hpt.txt [200],1,,,,1,206,https://palmettogeneral.org/pricetransparency/995002378_PalmettoGeneralHospital_standardcharges.csv,2025-02-20,https://palmettogeneral.org/cms-hpt.txt,date-over-365-days,2.0.0,2025-02-20,2.0.0,2026-09-09T01:24:43.320Z
100067,ST ANTHONYS HOSPITAL,FL,mrf-gone,mrf-url-unreachable,pointer-readable-review-required,0,https://baycare.org/cms-hpt.txt [200],18,,,,1,404,,,,date-unverified,,,,2026-09-09T01:24:43.321Z
100135,TALLAHASSEE MEMORIAL HEALTHCARE,FL,stale-file,mrf-stale-over-365-days,pointer-and-identity-verified,1,https://tmh.org/cms-hpt.txt [200],1,,,,1,206,https://www.tmh.org/sites/default/files/price-transparency/591917016_tallahassee-memorial-hospital_standardcharges.csv,2025-05-15,https://www.tmh.org/sites/default/files/price-transparency/cms-hpt.txt,date-over-365-days,2.0.0,2025-05-15,2.0.0,2026-09-09T01:24:43.326Z
100071,TAMPA GENERAL HOSPITAL BROOKSVILLE,FL,mrf-gone,mrf-url-unreachable,mrf-reachable-review-required,0,https://www.tgh.org/cms-hpt.txt [200],4,,,,2,404,,,,date-unverified,,,,2026-09-09T01:24:43.331Z
100249,TAMPA GENERAL HOSPITAL CRYSTAL RIVER,FL,mrf-gone,mrf-url-unreachable,pointer-readable-review-required,0,https://www.tgh.org/cms-hpt.txt [200],4,,,,1,404,,,,date-unverified,,,,2026-09-09T01:24:43.331Z
100350,UCF LAKE NONA HOSPITAL,FL,server-blocked,mrf-blocked-to-automation,pointer-and-identity-verified,1,https://hcafloridahealthcare.com/cms-hpt.txt [200],114,,,,2,403,https://stctrprodsnsvc00455826e6.blob.core.windows.net/pt-final-posting-files/85-4247323_UCF-LAKE-NONA-HOSPITAL_standardcharges.json?si=dpx-pt-json-access-policy&spr=https&sv=2026-02-06&sr=c&sig=ks%2BgfAjyEHlZmeP2PYJ%2f9NpMuCoRStjTb2bhIy9Y6LM%3D,2026-03-01,https://www.hcafloridahealthcare.com/cms-hpt.txt,date-within-365-days-version-3,3.0.0,,,2026-09-09T01:24:43.336Z
100275,WELLINGTON REGIONAL MEDICAL CENTER,FL,waf-blocked,pointer-blocked-to-automation,access-or-discovery-unresolved,0,https://wellingtonregional.com/cms-hpt.txt [403] | https://www.wellingtonregional.com/cms-hpt.txt [403],0,https://wellingtonregional.com/,403,,0,,,,,date-unverified,,,,2026-09-09T01:24:43.338Z
113300,ATHUR M BLANK HOSPITAL,GA,dns-dead,not-assessed-site-unreachable,access-or-discovery-unresolved,0,https://choaassets.choa.org/cms-hpt.txt [getaddrinfo ENOTFOUND choaassets.choa.org] | https://www.choaassets.choa.org/cms-hpt.txt [getaddrinfo ENOTFOUND www.choaassets.choa.org],0,https://choaassets.choa.org/,,getaddrinfo ENOTFOUND choaassets.choa.org,0,,,,,date-unverified,,,,2026-09-09T01:24:43.339Z
110024,CANDLER HOSPITAL,GA,stale-file,mrf-stale-over-365-days,pointer-and-identity-verified,1,https://www.sjchs.org/cms-hpt.txt [200],2,,,,1,206,https://www.sjchs.org/docs/default-source/default-document-library/580593388_candler-hospital_standardcharges293f9cd3-a627-4d74-aabc-b691b192010e.json,2025-07-01,https://www.sjchs.org/cms-hpt.txt,date-over-365-days,2.2.0,2025-07-01,2.2.0,2026-09-09T01:24:43.344Z
113301,CHILDREN'S HEALTHCARE OF ATLANTA AT SCOTTISH RITE,GA,dns-dead,not-assessed-site-unreachable,access-or-discovery-unresolved,0,https://choaassets.choa.org/cms-hpt.txt [getaddrinfo ENOTFOUND choaassets.choa.org] | https://www.choaassets.choa.org/cms-hpt.txt [getaddrinfo ENOTFOUND www.choaassets.choa.org],0,https://choaassets.choa.org/,,getaddrinfo ENOTFOUND choaassets.choa.org,0,,,,,date-unverified,,,,2026-09-09T01:24:43.345Z
110236,COMMONSPIRIT-MEMORIAL HOSPITAL-NORTH GEORGIA,GA,name-ambiguous,not-assessed-not-named-in-file,mrf-reachable-review-required,0,https://commonspirit.org/cms-hpt.txt [request timeout] | https://www.commonspirit.org/cms-hpt.txt [200],72,,,,68,,,,,date-unverified,,,,2026-09-09T01:24:44.415Z
110194,DONALSONVILLE HOSPITAL INC,GA,html-soft-block,no-cms-hpt-txt-published,access-or-discovery-unresolved,0,https://donalsonvillehospital.org/cms-hpt.txt [403] | https://www.donalsonvillehospital.org/cms-hpt.txt [403],0,https://donalsonvillehospital.org/,202,,0,,,,,date-unverified,,,,2026-09-09T01:24:44.417Z
111337,ELBERT MEMORIAL HOSPITAL,GA,html-soft-block,no-cms-hpt-txt-published,access-or-discovery-unresolved,0,https://emhcare.net/cms-hpt.txt [403] | https://www.emhcare.net/cms-hpt.txt [403],0,https://emhcare.net/,202,,0,,,,,date-unverified,,,,2026-09-09T01:24:44.419Z
111314,LIFEBRITE COMMUNITY HOSPITAL OF EARLY,GA,name-ambiguous,not-assessed-not-named-in-file,mrf-reachable-review-required,0,https://www.novanthealth.org/cms-hpt.txt [200],19,,,,19,,,,,date-unverified,,,,2026-09-09T01:24:44.500Z
110128,MEMORIAL HEALTH MEADOWS HOSPITAL,GA,mrf-gone,mrf-url-unreachable,mrf-reachable-review-required,0,https://memorialhealth.com/cms-hpt.txt [200],3,,,,2,404,,,,date-unverified,,,,2026-09-09T01:24:44.504Z
111318,MONROE COUNTY HOSPITAL,GA,html-soft-block,no-cms-hpt-txt-published,access-or-discovery-unresolved,0,https://monroehospital.org/cms-hpt.txt [403] | https://www.monroehospital.org/cms-hpt.txt [403],0,https://monroehospital.org/,202,,0,,,,,date-unverified,,,,2026-09-09T01:24:44.506Z
110161,NORTHSIDE HOSPITAL,GA,waf-blocked,mrf-blocked-to-automation,pointer-readable-review-required,0,https://northside.com/cms-hpt.txt [200],5,,,,5,403,,,,date-unverified,,,,2026-09-09T01:24:44.506Z
110008,NORTHSIDE HOSPITAL CHEROKEE,GA,waf-blocked,mrf-blocked-to-automation,pointer-readable-review-required,0,https://northside.com/cms-hpt.txt [200],5,,,,5,403,,,,date-unverified,,,,2026-09-09T01:24:44.506Z
110252,NORTHSIDE HOSPITAL DULUTH,GA,waf-blocked,mrf-blocked-to-automation,pointer-readable-review-required,0,https://northside.com/cms-hpt.txt [200],5,,,,5,403,,,,date-unverified,,,,2026-09-09T01:24:44.506Z
110005,NORTHSIDE HOSPITAL FORSYTH,GA,waf-blocked,mrf-blocked-to-automation,pointer-readable-review-required,0,https://northside.com/cms-hpt.txt [200],5,,,,5,403,,,,date-unverified,,,,2026-09-09T01:24:44.506Z
110087,NORTHSIDE HOSPITAL GWINNETT,GA,waf-blocked,mrf-blocked-to-automation,pointer-readable-review-required,0,https://northside.com/cms-hpt.txt [200],5,,,,5,403,,,,date-unverified,,,,2026-09-09T01:24:44.506Z
110253,SOUTH GEORGIA SPECIALTY HOSPITAL,GA,stale-file,mrf-stale-over-365-days,pointer-and-identity-verified,1,https://southgeorgiaspecialtyhospital.com/cms-hpt.txt [200],1,,,,1,206,https://southgeorgiaspecialtyhospital.com/wp-content/uploads/2025/05/844617179_affabilis-ii-llc-dba-south-georgia-specialty-hospital_standardcharges.csv,2025-01-01,https://southgeorgiaspecialtyhospital.com/cms-hpt.txt,date-over-365-days,2.0.0,2025-01-01,2.0.0,2026-09-09T01:24:44.511Z
110146,SOUTHEAST GEORGIA HEALTH SYSTEM -- CAMDEN CAMPUS,GA,stale-file,mrf-stale-over-365-days,pointer-and-identity-verified,1,https://www.sghs.org/cms-hpt.txt [200],2,,,,2,206,https://res.cloudinary.com/dpmykpsih/raw/upload/southeast-georgia-site-441/media/r/2b7af40f710742bdb73b6db38189c1a2/581911751_southeast-georgia-health-system-camden-campus_standardcharges.csv,2025-01-28,https://www.sghs.org/cms-hpt.txt,date-over-365-days,2.0.0,2025-01-28,2.0.0,2026-09-09T01:24:44.526Z
110025,SOUTHEAST GEORGIA HEALTH SYSTEM- BRUNSWICK CAMPUS,GA,stale-file,mrf-stale-over-365-days,pointer-and-identity-verified,1,https://www.sghs.org/cms-hpt.txt [200],2,,,,2,206,https://res.cloudinary.com/dpmykpsih/raw/upload/southeast-georgia-site-441/media/r/3973089e73b74845a679c5863cedd135/581911751_southeast-georgia-health-system-brunswick-campus_standardcharg.csv,2025-01-01,https://www.sghs.org/cms-hpt.txt,date-over-365-days,2.0.0,2025-01-01,2.0.0,2026-09-09T01:24:44.541Z
110233,"SOUTHEASTERN REGIONAL MEDICAL CENTER, INC",GA,waf-blocked,pointer-blocked-to-automation,access-or-discovery-unresolved,0,https://cancercenter.com/cms-hpt.txt [403] | https://www.cancercenter.com/cms-hpt.txt [403],0,https://cancercenter.com/,403,,0,,,,,date-unverified,,,,2026-09-09T01:24:44.544Z
110101,"SOUTHWELL MEDICAL, A CAMPUS OF TRMC",GA,file-404,no-cms-hpt-txt-published,access-or-discovery-unresolved,0,https://mysouthwell.com/cms-hpt.txt [404] | https://www.mysouthwell.com/cms-hpt.txt [404],0,https://mysouthwell.com/,200,,0,,,,,date-unverified,,,,2026-09-09T01:24:44.545Z
110129,ST FRANCIS HOSPITAL- EMORY HEALTHCARE,GA,client-rejected,not-assessed-site-unreachable,access-or-discovery-unresolved,0,https://mystfrancis.com/cms-hpt.txt [406] | https://www.mystfrancis.com/cms-hpt.txt [406],0,https://mystfrancis.com/,406,,0,,,,,date-unverified,,,,2026-09-09T01:24:44.546Z
110006,ST MARY'S HOSPITAL,GA,stale-file,mrf-stale-over-365-days,mrf-reachable-review-required,0,https://stmaryshealthcaresystem.org/cms-hpt.txt [200],3,,,,2,200,,2025-01-01,,date-over-365-days,2.0.0,2025-01-01,2.0.0,2026-09-09T01:24:44.550Z
111329,ST MARYS GOOD SAMARITAN HOSPITAL,GA,stale-file,mrf-stale-over-365-days,mrf-reachable-review-required,0,https://stmaryshealthcaresystem.org/cms-hpt.txt [200],3,,,,3,,,,,date-unverified,,2025-01-01,2.0.0,2026-09-09T01:24:44.555Z
114004,SUMMITRIDGE CENTER- PSYCHIATRY & ADDICTIVE MED,GA,waf-blocked,pointer-blocked-to-automation,access-or-discovery-unresolved,0,https://summitridgehospital.net/cms-hpt.txt [403] | https://www.summitridgehospital.net/cms-hpt.txt [403],0,https://summitridgehospital.net/,403,,0,,,,,date-unverified,,,,2026-09-09T01:24:44.557Z
110015,TANNER MEDICAL CENTER VILLA RICA,GA,stale-file,mrf-stale-over-365-days,pointer-and-identity-verified,1,https://tanner.org/cms-hpt.txt [200],5,,,,2,404,https://www.tanner.org/upload/docs/PDFs/FinancialAssistance/582453303_Tanner-Medical-Center---Villa-Rica_standardcharges.csv,2026-03-24,https://tanner.org/cms-hpt.txt,date-within-365-days-version-3,3.0.0,2024-07-01,2.0.0,2026-09-09T01:24:44.562Z
110002,UPSON REGIONAL MEDICAL CENTER,GA,connection-dead,not-assessed-site-unreachable,access-or-discovery-unresolved,0,https://urmc.org/cms-hpt.txt [404] | https://www.urmc.org/cms-hpt.txt [404],0,https://urmc.org/,200,,0,,,,,date-unverified,,,,2026-09-09T01:24:44.564Z
110124,WAYNE MEMORIAL HOSPITAL,GA,old-template,old-template-version,mrf-reachable-review-required,0,https://wmh.org/cms-hpt.txt [200],1,,,,1,206,,2026-03-11,,date-within-365-days-older-version,2.0.0,2026-03-11,2.0.0,2026-09-09T01:24:44.568Z
650001,GUAM MEMORIAL  HOSPITAL AUTHORITY,GU,file-404,no-cms-hpt-txt-published,access-or-discovery-unresolved,0,https://gmha.org/cms-hpt.txt [404] | https://www.gmha.org/cms-hpt.txt [404],0,https://gmha.org/,200,,0,,,,,date-unverified,,,,2026-09-09T01:24:44.569Z
120026,PALI MOMI MEDICAL CENTER,HI,format-unusable,compliant-date-unverified,pointer-readable-review-required,0,https://hawaiipacifichealth.org/cms-hpt.txt [200],4,,,,1,,,,,date-unverified,,,,2026-09-09T01:24:44.569Z
161351,AVERA HOLY FAMILY HOSPITAL,IA,old-template,old-template-version,access-or-discovery-unresolved,0,https://avera.org/cms-hpt.txt [403] | https://www.avera.org/cms-hpt.txt [403],0,https://avera.org/,403,,1,403,,,,date-unverified,,2026-04-01,4.0.0,2026-09-09T01:24:44.570Z
161321,AVERA MERRILL PIONEER HOSPITAL,IA,old-template,old-template-version,access-or-discovery-unresolved,0,https://avera.org/cms-hpt.txt [403] | https://www.avera.org/cms-hpt.txt [403],0,https://avera.org/,403,,1,403,,,,date-unverified,,2026-04-01,4.0.0,2026-09-09T01:24:44.571Z
160101,BROADLAWNS MEDICAL CENTER,IA,stale-file,mrf-stale-over-365-days,pointer-and-identity-verified,1,https://broadlawns.org/cms-hpt.txt [200],1,,,,2,206,https://HospitalPriceDisclosure.com/Default.aspx?ci=1VwSuyXntiJ*_*QU4uafbKPQ*-*,2026-09-01,https://www.broadlawns.org/cms-hpt.txt,date-within-365-days-version-3,3.0.0,2025-04-23,3.0.0,2026-09-09T01:24:44.576Z
161359,BURGESS HEALTH CENTER,IA,mrf-gone,mrf-url-unreachable,pointer-readable-review-required,0,https://burgesshc.org/cms-hpt.txt [200],1,,,,1,404,,,,date-unverified,,,,2026-09-09T01:24:44.576Z
161348,CLARKE COUNTY HOSPITAL,IA,server-blocked,pointer-blocked-to-automation,access-or-discovery-unresolved,0,https://clarkehosp.org/cms-hpt.txt [getaddrinfo ENOTFOUND clarkehosp.org] | https://www.clarkehosp.org/cms-hpt.txt [getaddrinfo ENOTFOUND www.clarkehosp.org],0,https://clarkehosp.org/,,getaddrinfo ENOTFOUND clarkehosp.org,0,,,,,date-unverified,,,,2026-09-09T01:24:44.577Z
161368,FLOYD VALLEY HEALTHCARE,IA,old-template,old-template-version,access-or-discovery-unresolved,0,https://avera.org/cms-hpt.txt [403] | https://www.avera.org/cms-hpt.txt [403],0,https://avera.org/,403,,1,403,,,,date-unverified,,2026-04-01,4.0.0,2026-09-09T01:24:44.578Z
161365,GREATER REGIONAL MEDICAL CENTER,IA,format-unusable,compliant-date-unverified,mrf-reachable-review-required,0,https://greaterregional.org/cms-hpt.txt [200],1,,,,1,200,,,,date-unverified,,,,2026-09-09T01:24:44.579Z
161380,HANSEN FAMILY HOSPITAL,IA,name-ambiguous,not-assessed-not-named-in-file,mrf-reachable-review-required,0,https://mercyone.org/cms-hpt.txt [200],18,,,,18,,,,,date-unverified,,,,2026-09-09T01:24:44.689Z
161336,HEGG MEMORIAL HEALTH CENTER,IA,old-template,old-template-version,access-or-discovery-unresolved,0,https://avera.org/cms-hpt.txt [403] | https://www.avera.org/cms-hpt.txt [403],0,https://avera.org/,403,,1,403,,,,date-unverified,,2026-04-01,4.0.0,2026-09-09T01:24:44.692Z
161329,JACKSON COUNTY REGIONAL HEALTH CENTER,IA,format-unusable,pointer-lists-no-mrf-url,access-or-discovery-unresolved,0,https://jcrhc.org/cms-hpt.txt [200] | https://www.jcrhc.org/cms-hpt.txt [200],1,https://jcrhc.org/,200,,0,,,,,date-unverified,,,,2026-09-09T01:24:44.694Z
160124,LAKES REGIONAL HEALTHCARE,IA,old-template,old-template-version,access-or-discovery-unresolved,0,https://avera.org/cms-hpt.txt [403] | https://www.avera.org/cms-hpt.txt [403],0,https://avera.org/,403,,1,403,,,,date-unverified,,2026-04-01,4.0.0,2026-09-09T01:24:44.695Z
160153,MERCYONE SIOUXLAND MEDICAL CENTER,IA,name-ambiguous,not-assessed-not-named-in-file,mrf-reachable-review-required,0,https://mercyone.org/cms-hpt.txt [200],18,,,,18,,,,,date-unverified,,,,2026-09-09T01:24:44.819Z
161363,MONTGOMERY COUNTY MEMORIAL HOSPITAL,IA,format-unusable,compliant-date-unverified,pointer-readable-review-required,0,https://mcmh.org/cms-hpt.txt [200],1,,,,1,,,,,date-unverified,,,,2026-09-09T01:24:44.819Z
161345,OSCEOLA COMMUNITY HOSPITAL,IA,old-template,old-template-version,access-or-discovery-unresolved,0,https://avera.org/cms-hpt.txt [403] | https://www.avera.org/cms-hpt.txt [403],0,https://avera.org/,403,,1,403,,,,date-unverified,,2026-04-01,4.0.0,2026-09-09T01:24:44.821Z
161328,REGIONAL HEALTH SERVICES OF HOWARD COUNTY,IA,old-template,old-template-version,access-or-discovery-unresolved,0,https://avera.org/cms-hpt.txt [403] | https://www.avera.org/cms-hpt.txt [403],0,https://avera.org/,403,,1,403,,,,date-unverified,,2026-04-01,4.0.0,2026-09-09T01:24:44.823Z
161346,SIOUX CENTER HEALTH,IA,old-template,old-template-version,access-or-discovery-unresolved,0,https://avera.org/cms-hpt.txt [403] | https://www.avera.org/cms-hpt.txt [403],0,https://avera.org/,403,,1,403,,,,date-unverified,,2026-04-01,4.0.0,2026-09-09T01:24:44.827Z
160057,SOUTHEAST IOWA REGIONAL MEDICAL CENTER,IA,format-unusable,compliant-date-unverified,pointer-readable-review-required,0,https://greatriverhealth.org/cms-hpt.txt [200],3,,,,1,,,,,date-unverified,,,,2026-09-09T01:24:44.827Z
160112,SPENCER MUNICIPAL HOSPITAL,IA,stale-file,mrf-stale-over-365-days,pointer-and-identity-verified,1,https://spencerhospital.org/cms-hpt.txt [200],1,,,,2,206,https://www.spencerhospital.org/webres/File/Pricing/426005883_spencer-municipal-hospital_standardcharges.csv,2026-01-01,http://www.spencerhospital.org/cms-hpt.txt,date-within-365-days-version-3,3.0.0,2024-07-01,2.0.0,2026-09-09T01:24:44.837Z
161350,STEWART MEMORIAL COMMUNITY HOSPITAL,IA,stale-file,mrf-stale-over-365-days,pointer-and-identity-verified,1,https://stewartmemorial.org/cms-hpt.txt [200],1,,,,1,206,https://www.stewartmemorial.org/wp-content/uploads/2025/12/420860039_Stewart-Memorial-Community-Hospital_StandardCharges.csv,2024-10-08,https://stewartmemorial.org/cms-hpt.txt,date-over-365-days,2.0.0,2024-10-08,2.0.0,2026-09-09T01:24:44.843Z
131326,CASSIA REGIONAL HOSPITAL,ID,format-unusable,compliant-date-unverified,pointer-readable-review-required,0,https://intermountainhealthcare.org/cms-hpt.txt [200],32,,,,1,,,,,date-unverified,,,,2026-09-09T01:24:44.843Z
131327,GRITMAN MEDICAL CENTER,ID,html-soft-block,no-cms-hpt-txt-published,access-or-discovery-unresolved,0,https://gritman.org/cms-hpt.txt [403] | https://www.gritman.org/cms-hpt.txt [403],0,https://gritman.org/,202,,0,,,,,date-unverified,,,,2026-09-09T01:24:44.845Z
131319,MINIDOKA MEMORIAL HOSPITAL,ID,mrf-gone,mrf-url-unreachable,pointer-readable-review-required,0,https://minidokamemorial.org/cms-hpt.txt [200],1,,,,1,404,,,,date-unverified,,,,2026-09-09T01:24:44.845Z
130003,ST JOSEPH REGIONAL MEDICAL CENTER,ID,client-rejected,not-assessed-site-unreachable,access-or-discovery-unresolved,0,https://sjrmc.org/cms-hpt.txt [406] | https://www.sjrmc.org/cms-hpt.txt [406],0,https://sjrmc.org/,406,,0,,,,,date-unverified,,,,2026-09-09T01:24:44.847Z
130063,TREASURE VALLEY HOSPITAL,ID,stale-file,mrf-stale-over-365-days,pointer-and-identity-verified,1,https://treasurevalleyhospital.com/cms-hpt.txt [200],1,,,,1,206,https://cdn.sanity.io/files/rlbzokv7/production/063a7fda12ee958c90577c83cec3c34abe54407c.csv,2024-07-01,https://treasurevalleyhospital.com/cms-hpt.txt,date-over-365-days,2.0.0,2024-07-01,2.0.0,2026-09-09T01:24:44.849Z
140289,ANDERSON HOSPITAL,IL,manual-review,not-assessed-site-unreachable,access-or-discovery-unresolved,0,https://andersonhospital.org/cms-hpt.txt [403] | https://www.andersonhospital.org/cms-hpt.txt [403],0,https://andersonhospital.org/,202,,0,,,,,date-unverified,,,,2026-09-09T01:24:44.851Z
141306,COMMUNITY HOSPITAL OF STAUNTON,IL,html-soft-block,no-cms-hpt-txt-published,access-or-discovery-unresolved,0,https://stauntonhospital.org/cms-hpt.txt [403] | https://www.stauntonhospital.org/cms-hpt.txt [403],0,https://stauntonhospital.org/,202,,0,,,,,date-unverified,,,,2026-09-09T01:24:44.852Z
140029,COPLEY MEMORIAL HOSPITAL,IL,format-unusable,compliant-date-unverified,access-or-discovery-unresolved,0,https://www.rush.edu/cms-hpt.txt [200] | https://rush.edu/cms-hpt.txt [200],3,https://www.rush.edu/,200,,1,,,,,date-unverified,,,,2026-09-09T01:24:44.853Z
140172,FRANCISCAN HEALTH OLYMPIA & CHICAGO HEIGHTS,IL,name-ambiguous,not-assessed-not-named-in-file,mrf-reachable-review-required,0,https://franciscanhealth.org/cms-hpt.txt [200],13,,,,13,,,,,date-unverified,,,,2026-09-09T01:24:44.920Z
141321,FRANKLIN HOSPITAL,IL,old-template,old-template-version,mrf-reachable-review-required,0,https://franklinhospital.net/cms-hpt.txt [200],1,,,,1,206,,2025-12-01,,date-within-365-days-older-version,2.0.0,2025-12-01,2.0.0,2026-09-09T01:24:44.925Z
141317,GIBSON COMMUNITY HOSPITAL,IL,old-template,old-template-version,mrf-reachable-review-required,0,https://gibsonhospital.org/cms-hpt.txt [200],1,,,,1,206,,2026-01-27,,date-within-365-days-older-version,2.0.0,2026-01-27,2.0.0,2026-09-09T01:24:44.930Z
140184,HEARTLAND REGIONAL MEDICAL CENTER,IL,name-ambiguous,not-assessed-not-named-in-file,mrf-reachable-review-required,0,https://deaconess.com/cms-hpt.txt [200],13,,,,9,,,,,date-unverified,,,,2026-09-09T01:24:44.998Z
141332,HILLSBORO AREA HOSPITAL,IL,connection-dead,not-assessed-site-unreachable,access-or-discovery-unresolved,0,https://hillsboroareahospital.org/cms-hpt.txt [Hostname/IP does not match certificate's altnames: Host: hillsboroareahospital.org. is not in the cert's altnames: DNS:dev4.starkmedia.com] | https://www.hillsboroareahospital.org/cms-hpt.txt [Hostname/IP does not match certificate's altnames: Host: www.hillsboroareahospital.org. is not in the cert's altnames: DNS:dev4.starkmedia.com],0,https://hillsboroareahospital.org/,,Hostname/IP does not match certificate's altnames: Host: hillsboroareahospital.org. is not in the cert's altnames: DNS:dev4.starkmedia.com,0,,,,,date-unverified,,,,2026-09-09T01:24:45.000Z
141330,HOPEDALE HOSPITAL,IL,file-at-pointer-path,no-cms-hpt-txt-published,access-or-discovery-unresolved,0,https://hopedalemc.com/cms-hpt.txt [200] | https://www.hopedalemc.com/cms-hpt.txt [200],0,https://hopedalemc.com/,200,,0,,,,,date-unverified,,,,2026-09-09T01:24:45.001Z
141353,IROQUOIS MEMORIAL HOSPITAL,IL,old-template,old-template-version,mrf-reachable-review-required,0,https://iroquoismemorial.com/cms-hpt.txt [200],1,,,,1,206,,,,date-unverified,2,,2,2026-09-09T01:24:45.009Z
140082,LOUIS A WEISS MEMORIAL HOSPITAL,IL,stale-file,mrf-stale-over-365-days,pointer-and-identity-verified,1,https://weisshospital.com/cms-hpt.txt [200],1,,,,1,206,https://sthpiprd.blob.core.windows.net/machine-readable-files/12711/352637418_resilience-healthcare-weiss-memorial-hospital-llc_standardcharges.csv,2025-03-17,https://www.weisshospital.com/8453_Weiss%20Memorial%20Hospital_2025-04-01.txt,date-over-365-days,2.0.0,2025-03-17,2.0.0,2026-09-09T01:24:45.018Z
140008,LOYOLA GOTTLIEB MEMORIAL HOSPITAL,IL,format-unusable,compliant-date-unverified,pointer-and-identity-verified,1,https://www.loyolamedicine.org/cms-hpt.txt [200],3,,,,1,200,https://trinityhealth.pt.panaceainc.com/MRFDownload/trinityhealth/gottliebmemorialhospital,2026-03-31,https://www.loyolamedicine.org/sites/default/files/cms-hpt.txt,date-within-365-days-version-3,3.0.0,,,2026-09-09T01:24:45.025Z
140148,MEMORIAL MEDICAL CENTER,IL,name-ambiguous,not-assessed-not-named-in-file,mrf-reachable-review-required,0,https://memorial.health/cms-hpt.txt [200],5,,,,5,,,,,date-unverified,,,,2026-09-09T01:24:45.063Z
141335,MERCY HARVARD HOSPITAL,IL,name-ambiguous,not-assessed-not-named-in-file,mrf-reachable-review-required,0,https://mercyhealthsystem.org/cms-hpt.txt [200],16,,,,6,,,,,date-unverified,,,,2026-09-09T01:24:45.105Z
141302,MIDWEST MEDICAL CENTER,IL,stale-file,mrf-stale-over-365-days,pointer-and-identity-verified,1,https://www.midwestmedicalcenter.org/cms-hpt.txt [200],1,,,,1,206,https://www.midwestmedicalcenter.org/content/pdfs/204560540_midwest-medical-center_standardcharges.csv,2025-01-02,https://www.midwestmedicalcenter.org/cms-hpt.txt,date-over-365-days,2.0.0,2025-01-02,2.0.0,2026-09-09T01:24:45.111Z
140100,"MIDWESTERN REGION MED CENTER, INC",IL,waf-blocked,pointer-blocked-to-automation,access-or-discovery-unresolved,0,https://cancercenter.com/cms-hpt.txt [403] | https://www.cancercenter.com/cms-hpt.txt [403],0,https://cancercenter.com/,403,,0,,,,,date-unverified,,,,2026-09-09T01:24:45.114Z
140010,NORTHSHORE UNIVERSITY HEALTHSYSTEM - EVANSTON HOSPITAL,IL,connection-dead,not-assessed-site-unreachable,access-or-discovery-unresolved,0,"https://nch.org/cms-hpt.txt [unable to verify the first certificate; if the root CA is installed locally, try running Node.js with --use-system-ca] | https://www.nch.org/cms-hpt.txt [unable to verify the first certificate; if the root CA is installed locally, try running Node.js with --use-system-ca]",0,https://nch.org/,,"unable to verify the first certificate; if the root CA is installed locally, try running Node.js with --use-system-ca",0,,,,,date-unverified,,,,2026-09-09T01:24:45.115Z
140180,PRESENCE SAINTS MARY AND ELIZABETH MEDICAL CENTER,IL,name-ambiguous,not-assessed-not-named-in-file,mrf-reachable-review-required,0,https://healthcare.ascension.org/-/media/Healthcare/cms-hpt.txt [200],93,,,,77,,,,,date-unverified,,,,2026-09-09T01:24:45.684Z
140063,RUSH OAK PARK HOSPITAL,IL,format-unusable,compliant-date-unverified,access-or-discovery-unresolved,0,https://www.rush.edu/cms-hpt.txt [200] | https://rush.edu/cms-hpt.txt [200],3,https://www.rush.edu/,200,,1,,,,,date-unverified,,,,2026-09-09T01:24:45.686Z
140119,RUSH UNIVERSITY MEDICAL CENTER,IL,format-unusable,compliant-date-unverified,access-or-discovery-unresolved,0,https://www.rush.edu/cms-hpt.txt [200] | https://rush.edu/cms-hpt.txt [200],3,https://www.rush.edu/,200,,1,,,,,date-unverified,,,,2026-09-09T01:24:45.688Z
140095,SAINT ANTHONY HOSPITAL,IL,name-ambiguous,not-assessed-not-named-in-file,mrf-reachable-review-required,0,https://mercy.net/cms-hpt.txt [200],73,,,,73,,,,,date-unverified,,,,2026-09-09T01:24:46.179Z
140166,ST MARYS HOSPITAL,IL,stale-file,mrf-stale-over-365-days,mrf-reachable-review-required,0,https://stmaryshealthcaresystem.org/cms-hpt.txt [200],3,,,,2,200,,2025-01-01,,date-over-365-days,2.0.0,2025-01-01,2.0.0,2026-09-09T01:24:46.185Z
140114,SWEDISH HOSPITAL,IL,server-blocked,pointer-blocked-to-automation,access-or-discovery-unresolved,0,https://swedishcovenant.org/cms-hpt.txt [200] | https://www.swedishcovenant.org/cms-hpt.txt [200],0,https://swedishcovenant.org/,200,,0,,,,,date-unverified,,,,2026-09-09T01:24:46.188Z
140228,UW HEALTH,IL,name-ambiguous,not-assessed-not-named-in-file,access-or-discovery-unresolved,0,https://uwhealth.org/cms-hpt.txt [getaddrinfo ENOTFOUND uwhealth.org] | https://www.uwhealth.org/cms-hpt.txt [getaddrinfo EAI_AGAIN www.uwhealth.org],0,https://uwhealth.org/,,request timeout,0,,,,,date-unverified,,,,2026-09-09T01:24:46.191Z
140084,VISTA MEDICAL CENTER EAST,IL,stale-file,mrf-stale-over-365-days,pointer-and-identity-verified,1,https://vistahealth.com/cms-hpt.txt [200],1,,,,1,206,https://vistahealth.com//wp-content/uploads/2025/06/203978521_VISTA-MEDICAL-CENTER_standardcharges.csv,2025-03-31,https://vistahealth.com/cms-hpt.txt,date-over-365-days,2.0.0,2025-03-31,2.0.0,2026-09-09T01:24:46.203Z
140049,WEST SUBURBAN MEDICAL CENTER,IL,stale-file,mrf-stale-over-365-days,pointer-and-identity-verified,1,https://westsuburbanmc.com/cms-hpt.txt [200],1,,,,1,206,https://sthpiprd.blob.core.windows.net/machine-readable-files/12712/611899386_resilience-healthcare-west-suburban-medical-center-llc_standardcharges.csv,2025-03-17,https://www.westsuburbanmc.com/8454_West%20Suburban%20Medical%20Center_2025-04-01.txt,date-over-365-days,2.0.0,2025-03-17,2.0.0,2026-09-09T01:24:46.212Z
154056,EVANSVILLE STATE HOSPITAL,IN,old-template,old-template-version,pointer-and-identity-verified,1,https://in.gov/cms-hpt.txt [200],6,,,,4,200,https://www.in.gov/fssa/dmha/files/356000158-Evansville-State-Hospital_standardcharges.csv,2026-01-13,https://www.in.gov/fssa/dmha/state-psychiatric-hospitals/cms-hpt.txt,date-within-365-days-older-version,2.0.0,2026-01-13,2.0.0,2026-09-09T01:24:46.228Z
150179,FAIRBANKS,IN,name-ambiguous,not-assessed-not-named-in-file,access-or-discovery-unresolved,0,https://ecommunity.com/cms-hpt.txt [403] | https://www.ecommunity.com/cms-hpt.txt [403],0,https://ecommunity.com/,403,,0,,,,,date-unverified,,,,2026-09-09T01:24:46.230Z
150193,FRANCISCAN HEALTH ORTHOPEDIC HOSPITAL CARMEL,IN,stale-file,mrf-stale-over-365-days,pointer-and-identity-verified,1,https://franciscanhealth.org/cms-hpt.txt [200],13,,,,2,206,https://images.franciscanhealth.org/pdfs/enterprise/price_transparency/350913537_franciscan-health-orthopedic-carmel_standardcharges.zip,2025-07-01,https://www.franciscanhealth.org/cms-hpt.txt,date-over-365-days,2.0.0,2025-07-01,2.0.0,2026-09-09T01:24:46.241Z
154009,HAMILTON CENTER INC,IN,old-template,old-template-version,pointer-and-identity-verified,1,https://hamiltoncenter.org/cms-hpt.txt [200],1,,,,1,206,https://www.hamiltoncenter.org/351140758_hamilton-center-inc-_standardcharges/,2026-02-09,https://hamiltoncenter.org/cms-hpt.txt,date-within-365-days-older-version,2,2026-02-09,2,2026-09-09T01:24:46.247Z
154054,HARSHA BEHAVIORAL CENTER INC,IN,format-unusable,compliant-date-unverified,access-or-discovery-unresolved,0,https://harshacenter.com/cms-hpt.txt [200] | https://www.harshacenter.com/cms-hpt.txt [200],1,https://harshacenter.com/,200,,1,,,,,date-unverified,,,,2026-09-09T01:24:46.249Z
150051,INDIANA UNIVERSITY HEALTH BLOOMINGTON HOSPITAL,IN,name-ambiguous,not-assessed-not-named-in-file,mrf-reachable-review-required,0,https://cdn.iuhealth.org/global/cms-hpt.txt [200],16,,,,12,,,,,date-unverified,,,,2026-09-09T01:24:46.336Z
154019,MADISON STATE HOSPITAL,IN,old-template,old-template-version,pointer-and-identity-verified,1,https://in.gov/cms-hpt.txt [200],6,,,,4,200,https://www.in.gov/fssa/dmha/files/356000158-Madison-State-Hospital_standardcharges.csv,2026-01-13,https://www.in.gov/fssa/dmha/state-psychiatric-hospitals/cms-hpt.txt,date-within-365-days-older-version,2.0.0,2026-01-13,2.0.0,2026-09-09T01:24:46.350Z
151329,MARGARET MARY COMMUNITY HOSPITAL INC,IN,file-404,no-cms-hpt-txt-published,access-or-discovery-unresolved,0,https://mmhealth.org/cms-hpt.txt [404] | https://www.mmhealth.org/cms-hpt.txt [404],0,https://mmhealth.org/,200,,0,,,,,date-unverified,,,,2026-09-09T01:24:46.352Z
150011,MARION GENERAL HOSPITAL,IN,format-unusable,compliant-date-unverified,mrf-reachable-review-required,0,https://marionhealth.com/cms-hpt.txt [request timeout] | https://www.marionhealth.com/cms-hpt.txt [200],2,,,,1,206,,,,date-unverified,,,,2026-09-09T01:24:46.352Z
154008,NEURODIAGNOSTIC INSTITUTE,IN,old-template,old-template-version,pointer-and-identity-verified,1,https://in.gov/cms-hpt.txt [200],6,,,,1,200,https://www.in.gov/fssa/dmha/files/356000158-Neurodiagnostic-Institute_standardcharges.csv,2026-01-13,https://www.in.gov/fssa/dmha/state-psychiatric-hospitals/cms-hpt.txt,date-within-365-days-older-version,2.0.0,2026-01-13,2.0.0,2026-09-09T01:24:46.356Z
154050,NORTHEASTERN CENTER,IN,old-template,old-template-version,pointer-and-identity-verified,1,https://nec.org/cms-hpt.txt [200],1,,,,1,206,https://www.nec.org/wp-content/uploads/2026/06/351403134_Northeastern-Center_standardcharges-1.csv,2026-06-01,https://nec.org/cms-hpt.txt,date-within-365-days-older-version,2.0.0,2026-06-01,2.0.0,2026-09-09T01:24:46.361Z
154060,"PARK CENTER, INC",IN,name-ambiguous,not-assessed-not-named-in-file,mrf-reachable-review-required,0,https://www.parkview.com/cms-hpt.txt [200],11,,,,11,,,,,date-unverified,,,,2026-09-09T01:24:46.424Z
151322,PERRY COUNTY MEMORIAL HOSPITAL,IN,server-blocked,mrf-blocked-to-automation,pointer-and-identity-verified,1,https://www.pchospital.org/cms-hpt.txt [200],1,,,,2,403,https://s3.amazonaws.com/ycubaa-production-marlin-1-charge-management-public/facilities/24038e54-d9a2-4236-9081-ad3af29792c7/351121699_PERRY-COUNTY-MEMORIAL-HOSPITAL_standardcharges.zip,2026-06-08,https://www.pchospital.org/cms-hpt.txt,date-within-365-days-version-3,3.0.0,,,2026-09-09T01:24:46.429Z
154018,RICHMOND STATE HOSPITAL,IN,old-template,old-template-version,pointer-and-identity-verified,1,https://in.gov/cms-hpt.txt [200],6,,,,4,200,https://www.in.gov/fssa/dmha/files/356000158-Richmond-State-Hospital_standardcharges.csv,2026-01-13,https://www.in.gov/fssa/dmha/state-psychiatric-hospitals/cms-hpt.txt,date-within-365-days-older-version,2.0.0,2026-01-13,2.0.0,2026-09-09T01:24:46.451Z
150065,SCHNECK MEDICAL CENTER,IN,stale-file,mrf-stale-over-365-days,pointer-and-identity-verified,1,https://schneckmed.org/cms-hpt.txt [200],1,,,,1,206,https://d188lfxfyq6i9j.cloudfront.net/general-uploads/PDF-Assets/35-1163135_Jackson-County-Schneck-Memorial-Hospital_standardcharges.csv,2024-01-24,https://www.schneckmed.org/cms-hpt.txt,date-over-365-days,2.0.0,2024-01-24,2.0.0,2026-09-09T01:24:46.459Z
150046,TERRE HAUTE REGIONAL HOSPITAL,IN,connection-dead,not-assessed-site-unreachable,access-or-discovery-unresolved,0,https://regionalhospital.com/cms-hpt.txt [Hostname/IP does not match certificate's altnames: Host: regionalhospital.com. is not in the cert's altnames: DNS:*.secure.ehc.com] | https://www.regionalhospital.com/cms-hpt.txt [Hostname/IP does not match certificate's altnames: Host: www.regionalhospital.com. is not in the cert's altnames: DNS:*.secure.ehc.com],0,https://regionalhospital.com/,,Hostname/IP does not match certificate's altnames: Host: regionalhospital.com. is not in the cert's altnames: DNS:*.secure.ehc.com,0,,,,,date-unverified,,,,2026-09-09T01:24:46.462Z
171329,CALDWELL REGIONAL MEDICAL CENTER,KS,format-unusable,compliant-date-unverified,mrf-reachable-review-required,0,https://crmcks.com/cms-hpt.txt [200],1,,,,1,206,,,,date-unverified,,,,2026-09-09T01:24:46.462Z
173300,CHILDREN'S MERCY SOUTH,KS,name-ambiguous,not-assessed-not-named-in-file,mrf-reachable-review-required,0,https://childrensmercy.org/cms-hpt.txt [200],2,,,,2,,,,,date-unverified,,,,2026-09-09T01:24:46.484Z
171385,COFFEY COUNTY HOSPITAL,KS,stale-file,mrf-stale-over-365-days,mrf-reachable-review-required,0,https://coffeyhealth.org/cms-hpt.txt [200],1,,,,1,200,,2024-11-06,,date-over-365-days,2.0.0,2024-11-06,2.0.0,2026-09-09T01:24:46.490Z
171359,GREELEY COUNTY HEALTH SERVICES,KS,file-404,no-cms-hpt-txt-published,access-or-discovery-unresolved,0,https://greeley.health/cms-hpt.txt [404] | https://www.greeley.health/cms-hpt.txt [404],0,https://greeley.health/,200,,0,,,,,date-unverified,,,,2026-09-09T01:24:46.492Z
171341,HIAWATHA COMMUNITY HOSPITAL,KS,server-blocked,pointer-blocked-to-automation,access-or-discovery-unresolved,0,https://amberwellhealth.org/cms-hpt.txt [403] | https://www.amberwellhealth.org/cms-hpt.txt [403],0,https://amberwellhealth.org/,403,,0,,,,,date-unverified,,,,2026-09-09T01:24:46.493Z
171357,HILLSBORO COMMUNITY HOSPITAL,KS,format-unusable,compliant-date-unverified,mrf-reachable-review-required,0,https://www.hillsborohospital.com/cms-hpt.txt [200],1,,,,1,206,,,,date-unverified,,,,2026-09-09T01:24:46.493Z
170188,KANSAS CITY ORTHOPAEDIC INSTITUTE,KS,format-unusable,compliant-date-unverified,pointer-readable-review-required,0,https://kcoi.com/cms-hpt.txt [200],1,,,,1,,,,,date-unverified,,,,2026-09-09T01:24:46.494Z
170183,KANSAS SURGERY & RECOVERY CENTER,KS,stale-file,mrf-stale-over-365-days,pointer-and-identity-verified,1,https://kansas.surgery/cms-hpt.txt [200],1,,,,1,206,https://irp.cdn-website.com/fa377abf/files/uploaded/481148580_kansas-surgery---recovery-center-llc_standardcharges.csv,2025-03-25,https://irp.cdn-website.com/fa377abf/files/uploaded/cms-hpt202504.txt,date-over-365-days,2.0.0,2025-03-25,2.0.0,2026-09-09T01:24:46.497Z
171321,MEADE DISTRICT HOSPITAL,KS,stale-file,mrf-stale-over-365-days,pointer-and-identity-verified,1,https://avhealthsystem.com/cms-hpt.txt [200],1,,,,1,206,https://a9a4b96f-06fd-48d5-afab-60ad79a55e97.filesusr.com/ugd/3293c1_b634e2c6081e4736bc6956dddef01d94.json?dn=480966086_Meade%20District%20Hospital_standardcharges%20(3).json,2024-12-31,https://3293c1a2-894d-4ca5-9b72-fc018865f82e.usrfiles.com/ugd/3293c1_0c176796799b488382354a99e253f472.txt,date-over-365-days,2.2.0,2024-12-31,2.2.0,2026-09-09T01:24:46.500Z
170006,"MERCY HOSPITAL PITTSBURG, INC",KS,name-ambiguous,not-assessed-not-named-in-file,mrf-reachable-review-required,0,https://healthcare.ascension.org/-/media/Healthcare/cms-hpt.txt [200],93,,,,77,,,,,date-unverified,,,,2026-09-09T01:24:47.070Z
171386,MORTON COUNTY HOSPITAL,KS,format-unusable,compliant-date-unverified,mrf-reachable-review-required,0,https://mchswecare.com/cms-hpt.txt [200],1,,,,1,200,,,,date-unverified,,,,2026-09-09T01:24:47.070Z
170103,NMC HEALTH,KS,format-unusable,compliant-date-unverified,mrf-reachable-review-required,0,https://mynmchealth.org/cms-hpt.txt [200],1,,,,1,200,,,,date-unverified,,,,2026-09-09T01:24:47.070Z
170027,PRATT REGIONAL MEDICAL CENTER,KS,format-unusable,compliant-date-unverified,mrf-reachable-review-required,0,https://prmc.org/cms-hpt.txt [200],1,,,,1,200,,,,date-unverified,,,,2026-09-09T01:24:47.070Z
170204,"ROCK REGIONAL HOSPITAL, LLC",KS,connection-dead,not-assessed-site-unreachable,access-or-discovery-unresolved,0,https://rockregionalhospitalderby.com/cms-hpt.txt [getaddrinfo ENOTFOUND lucky77.id] | https://www.rockregionalhospitalderby.com/cms-hpt.txt [getaddrinfo ENOTFOUND lucky77.id],0,https://rockregionalhospitalderby.com/,,getaddrinfo ENOTFOUND lucky77.id,0,,,,,date-unverified,,,,2026-09-09T01:24:47.087Z
170198,"SUMMIT SURGICAL, LLC",KS,stale-file,mrf-stale-over-365-days,pointer-and-identity-verified,1,https://summitks.com/cms-hpt.txt [200],1,,,,2,206,https://summitks.com/wp-content/uploads/203283620_summit-surgical-llc_standardcharges_9.1.26.csv,2026-08-19,https://summitks.com/cms-hpt.txt,date-within-365-days-version-3,3.0.0,2025-07-29,2.0.0,2026-09-09T01:24:47.096Z
170017,SUSAN B ALLEN MEMORIAL HOSPITAL,KS,stale-file,mrf-stale-over-365-days,pointer-and-identity-verified,1,https://sbamh.com/cms-hpt.txt [200],1,,,,1,200,https://apim.services.craneware.com/api-pricing-transparency/api/public/8a15f8f47eb640c1696af37b6c70ac7c/charges/mrf,2025-05-27,https://www.sbamh.com/cms-hpt.txt,date-over-365-days,2.0.0,2025-05-27,2.0.0,2026-09-09T01:24:47.101Z
180043,AdventHealthManchester,KY,name-ambiguous,not-assessed-not-named-in-file,mrf-reachable-review-required,0,https://adventhealth.com/cms-hpt.txt [200],87,,,,45,,,,,date-unverified,,,,2026-09-09T01:24:47.354Z
181309,CASEY COUNTY HOSPITAL,KY,old-template,old-template-version,mrf-reachable-review-required,0,https://caseycountyhospital.com/cms-hpt.txt [200],1,,,,1,206,,2025-11-01,,date-within-365-days-older-version,2.0.0,2025-11-01,2.0.0,2026-09-09T01:24:47.359Z
181314,CAVERNA MEMORIAL HOSPITAL,KY,waf-blocked,mrf-blocked-to-automation,pointer-readable-review-required,0,https://medcenterhealth.org/cms-hpt.txt [200],6,,,,1,403,,,,date-unverified,,,,2026-09-09T01:24:47.359Z
180092,CLARK REGIONAL MEDICAL CENTER,KY,name-ambiguous,not-assessed-not-named-in-file,access-or-discovery-unresolved,0,https://centerpointhealth.com/cms-hpt.txt [request timeout] | https://www.centerpointhealth.com/cms-hpt.txt [request timeout],0,https://centerpointhealth.com/,200,,0,,,,,date-unverified,,,,2026-09-09T01:24:47.361Z
181317,CUMBERLAND COUNTY HOSPITAL,KY,server-blocked,pointer-blocked-to-automation,access-or-discovery-unresolved,0,https://cchospital.org/cms-hpt.txt [403] | https://www.cchospital.org/cms-hpt.txt [403],0,https://cchospital.org/,403,,0,,,,,date-unverified,,,,2026-09-09T01:24:47.364Z
181325,JANE TODD CRAWFORD HOSPITAL,KY,old-template,old-template-version,pointer-and-identity-verified,1,https://janetoddhospital.com/cms-hpt.txt [200],1,,,,1,206,https://www.janetoddhospital.com/Content/Uploads/janetoddhospital.com/files/204474637_Jane-Todd-Crawford-Hospital_standardcharges.csv,2026-03-31,https://janetoddhospital.com/cms-hpt.txt,date-within-365-days-older-version,2.0.0,2026-03-31,2.0.0,2026-09-09T01:24:47.369Z
180009,KING'S DAUGHTERS' MEDICAL CENTER,KY,file-404,no-cms-hpt-txt-published,access-or-discovery-unresolved,0,https://kingsdaughtershealth.com/cms-hpt.txt [404] | https://www.kingsdaughtershealth.com/cms-hpt.txt [request timeout],0,https://kingsdaughtershealth.com/,200,,0,,,,,date-unverified,,,,2026-09-09T01:24:47.371Z
181328,KNOX COUNTY HOSPITAL,KY,name-ambiguous,not-assessed-not-named-in-file,access-or-discovery-unresolved,0,https://arh.org/cms-hpt.txt [getaddrinfo ENOTFOUND arh.org] | https://www.arh.org/cms-hpt.txt [getaddrinfo EAI_AGAIN www.arh.org],0,https://arh.org/,,getaddrinfo ENOTFOUND arh.org,0,,,,,date-unverified,,,,2026-09-09T01:24:47.372Z
180013,THE MEDICAL CENTER (BOWLING GREEN),KY,name-ambiguous,not-assessed-not-named-in-file,pointer-readable-review-required,0,https://medcenterhealth.org/cms-hpt.txt [200],6,,,,6,,,,,date-unverified,,,,2026-09-09T01:24:47.373Z
181333,THE MEDICAL CENTER AT ALBANY,KY,waf-blocked,mrf-blocked-to-automation,pointer-readable-review-required,0,https://medcenterhealth.org/cms-hpt.txt [200],6,,,,1,403,,,,date-unverified,,,,2026-09-09T01:24:47.373Z
181318,THE MEDICAL CENTER AT FRANKLIN,KY,waf-blocked,mrf-blocked-to-automation,pointer-readable-review-required,0,https://medcenterhealth.org/cms-hpt.txt [200],6,,,,1,403,,,,date-unverified,,,,2026-09-09T01:24:47.373Z
180066,The Medical Center at Russellville,KY,waf-blocked,pointer-blocked-to-automation,access-or-discovery-unresolved,0,https://loganmemorial.com/cms-hpt.txt [403] | https://www.loganmemorial.com/cms-hpt.txt [403],0,https://loganmemorial.com/,403,,0,,,,,date-unverified,,,,2026-09-09T01:24:47.374Z
181324,THE MEDICAL CENTER AT SCOTTSVILLE,KY,waf-blocked,mrf-blocked-to-automation,pointer-readable-review-required,0,https://medcenterhealth.org/cms-hpt.txt [200],6,,,,1,403,,,,date-unverified,,,,2026-09-09T01:24:47.374Z
181321,WAYNE COUNTY HOSPITAL,KY,old-template,old-template-version,pointer-readable-review-required,0,https://waynehospital.org/cms-hpt.txt [200],1,,,,1,404,,,,date-unverified,,2025-11-01,2.0.0,2026-09-09T01:24:47.375Z
190034,ABBEVILLE GENERAL HOSPITAL,LA,manual-review,not-assessed-site-unreachable,access-or-discovery-unresolved,0,https://carepricer.nthrive.com/cms-hpt.txt [404] | https://www.carepricer.nthrive.com/cms-hpt.txt [getaddrinfo ENOTFOUND www.carepricer.nthrive.com],0,https://carepricer.nthrive.com/,200,,0,,,,,date-unverified,,,,2026-09-09T01:24:47.376Z
190044,ACADIA GENERAL HOSPITAL,LA,connection-dead,not-assessed-site-unreachable,access-or-discovery-unresolved,0,https://ochsnerlg.org/cms-hpt.txt [request deadline exceeded] | https://www.ochsnerlg.org/cms-hpt.txt [request timeout],0,https://ochsnerlg.org/,,request deadline exceeded,0,,,,,date-unverified,,,,2026-09-09T01:24:47.377Z
190319,ALEXANDRIA HOSPITAL,LA,old-template,old-template-version,mrf-reachable-review-required,0,https://alexandriaer.com/cms-hpt.txt [200],1,,,,1,200,,2025-10-10,,date-within-365-days-older-version,2.1.0,2025-10-10,2.1.0,2026-09-09T01:24:47.382Z
194105,"APOLLO BEHAVIORAL HEALTH HOSPITAL, L L C",LA,connection-dead,not-assessed-site-unreachable,mrf-reachable-review-required,0,https://apollo-bhh.com/cms-hpt.txt [200],1,,,,1,,,,,date-unverified,,,,2026-09-09T01:24:47.386Z
194112,BEACON BEHAVIORAL HOSPITAL - CENTRAL,LA,old-template,old-template-version,pointer-and-identity-verified,1,https://beaconbh.com/cms-hpt.txt [200],12,,,,1,206,https://beaconbh.com/wp-content/uploads/2026/04/853294005-320433074-1184044430_bunkie-hospital_standardcharges_2026.csv,2025-10-01,https://beaconbh.com/cms-hpt.txt,date-within-365-days-older-version,2.0.0,2025-10-01,2.0.0,2026-09-09T01:24:47.391Z
194080,"BEACON BEHAVIORAL HOSPITAL - NORTHSHORE, LLC",LA,old-template,old-template-version,mrf-reachable-review-required,0,https://beaconbh.com/cms-hpt.txt [200],12,,,,1,206,,2025-10-01,,date-within-365-days-older-version,2.0.0,2025-10-01,2.0.0,2026-09-09T01:24:47.399Z
194084,"BEACON BEHAVIORAL HOSPITAL- NEW ORLEANS, LLC",LA,old-template,old-template-version,pointer-and-identity-verified,1,https://beaconbh.com/cms-hpt.txt [200],12,,,,2,206,https://beaconbh.com/wp-content/uploads/2026/04/853294029-273977201-1760437131_new-orleans-hospital_standardcharges_2026.csv,2025-10-01,https://beaconbh.com/cms-hpt.txt,date-within-365-days-older-version,2.0.0,2025-10-01,2.0.0,2026-09-09T01:24:47.414Z
194102,"BEACON BEHAVIORAL HOSPITAL, LLC",LA,old-template,old-template-version,pointer-and-identity-verified,1,https://beaconbh.com/cms-hpt.txt [200],12,,,,1,206,https://beaconbh.com/wp-content/uploads/2026/04/853294019-273463367-1881996940_lutcher-hospital_standardcharges_2026.csv,2025-10-01,https://beaconbh.com/cms-hpt.txt,date-within-365-days-older-version,2.0.0,2025-10-01,2.0.0,2026-09-09T01:24:47.419Z
190190,"CALDWELL MEMORIAL HOSPITAL, INC",LA,stale-file,mrf-stale-over-365-days,pointer-and-identity-verified,1,https://mycaldwellmemorial.com/cms-hpt.txt [200],1,,,,1,206,https://www.mycaldwellmemorial.com/wp-content/uploads/2020/12/720878037_caldwell-memorial-hospital_standardcharges.csv,2024-06-27,https://mycaldwellmemorial.com/cms-hpt.txt,date-over-365-days,2.0.0,2024-06-27,2.0.0,2026-09-09T01:24:47.423Z
190114,CLAIBORNE MEMORIAL MEDICAL CENTER,LA,server-blocked,mrf-blocked-to-automation,mrf-reachable-review-required,0,https://claibornemedical.com/cms-hpt.txt [request timeout] | https://www.claibornemedical.com/cms-hpt.txt [200],1,,,,2,403,,,,date-unverified,,,,2026-09-09T01:24:47.424Z
191307,DEQUINCY MEMORIAL HOSPITAL,LA,mrf-gone,mrf-url-unreachable,pointer-and-identity-verified,1,https://dequincymemorial.com/cms-hpt.txt [200],1,,,,2,404,https://dequincymemorial.com/36-4911029_DEQUINCY-MEMORIAL-HOSPITAL_standardcharges.csv,2026-05-14,https://dequincymemorial.com/cms-hpt.txt,date-within-365-days-version-3,3.0.0,,,2026-09-09T01:24:47.429Z
194087,FREEDOM BEHAVIORAL HOSPITAL OF MONROE,LA,old-template,old-template-version,mrf-reachable-review-required,0,https://freedombehavioral.com/cms-hpt.txt [200],3,,,,2,206,,,,date-unverified,1.1.0,,1.1.0,2026-09-09T01:24:47.429Z
190160,GLENWOOD REGIONAL MEDICAL CENTER,LA,stale-file,mrf-stale-over-365-days,pointer-and-identity-verified,1,https://glenwoodregional.org/cms-hpt.txt [200],1,,,,1,206,https://glenwoodregional.org/pricetransparency/994786140_GlenwoodRegionalMedicalCenter_standardcharges.csv,2025-03-19,https://glenwoodregional.org/cms-hpt.txt,date-over-365-days,2.0.0,2025-03-19,2.0.0,2026-09-09T01:24:47.435Z
190054,IBERIA MEDICAL CENTER,LA,format-unusable,pointer-lists-no-mrf-url,access-or-discovery-unresolved,0,https://iberiamedicalcenter.com/cms-hpt.txt [request timeout] | https://www.iberiamedicalcenter.com/cms-hpt.txt [200],1,https://iberiamedicalcenter.com/,200,,0,,,,,date-unverified,,,,2026-09-09T01:24:47.437Z
192010,INTENSIVE SPECIALTY HOSPITAL,LA,html-soft-block,no-cms-hpt-txt-published,access-or-discovery-unresolved,0,https://intensivespecialty.com/cms-hpt.txt [request timeout] | https://www.intensivespecialty.com/cms-hpt.txt [202],0,https://intensivespecialty.com/,202,,0,,,,,date-unverified,,,,2026-09-09T01:24:47.439Z
190020,LANE REGIONAL MEDICAL CENTER,LA,format-unusable,compliant-date-unverified,mrf-reachable-review-required,0,https://lanermc.org/cms-hpt.txt [request timeout] | https://www.lanermc.org/cms-hpt.txt [200],1,,,,1,200,,,,date-unverified,,,,2026-09-09T01:24:47.439Z
190167,MERCY REGIONAL MEDICAL CENTER,LA,old-template,old-template-version,mrf-reachable-review-required,0,"https://mercyregionalmedical.com/cms-hpt.txt [request timeout] | https://www.mercyregionalmedical.com/cms-hpt.txt [Hostname/IP does not match certificate's altnames: Host: www.mercyregionalmedical.com. is not in the cert's altnames: DNS:acadianmedicalcenter.com, DNS:www.acadianmedicalcenter.com]",0,https://mercyregionalmedical.com/,200,,1,206,,2026-02-02,,date-within-365-days-older-version,2.0.0,2026-02-02,2.0.0,2026-09-09T01:24:47.443Z
190007,NATCHITOCHES REGIONAL MEDICAL CENTER,LA,html-soft-block,no-cms-hpt-txt-published,access-or-discovery-unresolved,0,https://nrmchospital.org/cms-hpt.txt [request timeout] | https://www.nrmchospital.org/cms-hpt.txt [202],0,https://nrmchospital.org/,202,,0,,,,,date-unverified,,,,2026-09-09T01:24:47.445Z
191304,NORTH CADDO MEDICAL CENTER,LA,html-soft-block,no-cms-hpt-txt-published,access-or-discovery-unresolved,0,https://ncmcla.com/cms-hpt.txt [request timeout] | https://www.ncmcla.com/cms-hpt.txt [202],0,https://ncmcla.com/,202,,0,,,,,date-unverified,,,,2026-09-09T01:24:47.446Z
194073,OCEANS HOSPITAL OF BROUSSARD,LA,name-ambiguous,not-assessed-not-named-in-file,mrf-reachable-review-required,0,https://oceanshealthcare.com/cms-hpt.txt [request timeout] | https://www.oceanshealthcare.com/cms-hpt.txt [200],43,,,,43,,,,,date-unverified,,,,2026-09-09T01:24:47.704Z
194113,PERIMETER BEHAVIORAL HOSPITAL OF NEW ORLEANS,LA,name-ambiguous,not-assessed-not-named-in-file,mrf-reachable-review-required,0,https://perimeterhealthcare.com/cms-hpt.txt [200],7,,,,7,,,,,date-unverified,,,,2026-09-09T01:24:47.799Z
190241,PHYSICIANS MEDICAL CENTER,LA,name-ambiguous,not-assessed-not-named-in-file,mrf-reachable-review-required,0,https://physicianshouma.com/cms-hpt.txt [request timeout] | https://www.physicianshouma.com/cms-hpt.txt [200],2,,,,2,,,,,date-unverified,,,,2026-09-09T01:24:47.807Z
194115,REGIONS BEHAVIORAL HOSPITAL,LA,old-template,old-template-version,pointer-and-identity-verified,1,https://regionsbh.com/cms-hpt.txt [request timeout] | https://www.regionsbh.com/cms-hpt.txt [200],1,,,,1,206,https://www.regionsbh.com/wp-content/uploads/2025/12/Regoins-Behavioral-Hospital-Price-Transparency-List-Info.csv,2025-12-10,https://www.regionsbh.com/cms-hpt.txt,date-within-365-days-version-3,3,2025-12-10,3,2026-09-09T01:24:47.811Z
191318,RIVERLAND MEDICAL CENTER,LA,stale-file,mrf-stale-over-365-days,mrf-reachable-review-required,0,https://trinitymed.com/cms-hpt.txt [request timeout] | https://www.trinitymed.com/cms-hpt.txt [200],1,,,,1,206,,2024-10-24,,date-over-365-days,2.0.0,2024-10-24,2.0.0,2026-09-09T01:24:47.817Z
194074,SERENITY SPRINGS SPECIALTY HOSPITAL,LA,stale-file,mrf-stale-over-365-days,pointer-and-identity-verified,1,https://serenityhospital.com/cms-hpt.txt [request timeout] | https://www.serenityhospital.com/cms-hpt.txt [200],1,,,,1,206,https://rest.edit.site/filestorage-api-service/4a56fb3b641cb21ae28d316dd3efb637/price-transparency-tall-csv.csv,2024-10-14,https://serenityhospital.com/cms-hpt.txt,date-over-365-days,2.0.0,2024-10-14,2.0.0,2026-09-09T01:24:47.823Z
190300,ST CHARLES SURGICAL HOSPITAL,LA,html-soft-block,no-cms-hpt-txt-published,access-or-discovery-unresolved,0,https://scsh.com/cms-hpt.txt [request timeout] | https://www.scsh.com/cms-hpt.txt [202],0,https://scsh.com/,202,,0,,,,,date-unverified,,,,2026-09-09T01:24:47.825Z
190316,THE GENERAL,LA,name-ambiguous,not-assessed-not-named-in-file,mrf-reachable-review-required,0,https://brgeneral.org/cms-hpt.txt [200],3,,,,1,,,,,date-unverified,,,,2026-09-09T01:24:47.841Z
191301,UNION GENERAL HOSPITAL,LA,connection-dead,not-assessed-site-unreachable,access-or-discovery-unresolved,0,https://uniongen.org/cms-hpt.txt [request deadline exceeded] | https://www.uniongen.org/cms-hpt.txt [Client network socket disconnected before secure TLS connection was established],0,https://uniongen.org/,,Client network socket disconnected before secure TLS connection was established,0,,,,,date-unverified,,,,2026-09-09T01:24:47.844Z
220029,ANNA JAQUES HOSPITAL,MA,dns-dead,not-assessed-site-unreachable,access-or-discovery-unresolved,0,https://ajh.org/cms-hpt.txt [request deadline exceeded] | https://www.ajh.org/cms-hpt.txt [request deadline exceeded],0,https://ajh.org/,,Client network socket disconnected before secure TLS connection was established,0,,,,,date-unverified,,,,2026-09-09T01:24:47.845Z
221303,ATHOL MEMORIAL HOSPITAL,MA,stale-file,mrf-stale-over-365-days,pointer-and-identity-verified,1,https://atholhospital.org/cms-hpt.txt [200],2,,,,1,206,https://mrfs.hyvehealthcare.com/HeywoodHealthcare/042126583_athol-memorial-hospital_standardcharges.json,2025-04-16,https://www.atholhospital.org/cms-hpt.txt,date-over-365-days,2.2.0,2025-04-16,2.2.0,2026-09-09T01:24:47.848Z
220108,BETH ISRAEL DEACONESS HOSPITAL - MILTON,MA,dns-dead,not-assessed-site-unreachable,access-or-discovery-unresolved,0,https://bidmilton.org/cms-hpt.txt [Client network socket disconnected before secure TLS connection was established] | https://www.bidmilton.org/cms-hpt.txt [request deadline exceeded],0,https://bidmilton.org/,,Client network socket disconnected before secure TLS connection was established,0,,,,,date-unverified,,,,2026-09-09T01:24:47.850Z
220083,BETH ISRAEL DEACONESS HOSPITAL - NEEDHAM,MA,dns-dead,not-assessed-site-unreachable,access-or-discovery-unresolved,0,https://bidneedham.org/cms-hpt.txt [Client network socket disconnected before secure TLS connection was established] | https://www.bidneedham.org/cms-hpt.txt [request timeout],0,https://bidneedham.org/,,Client network socket disconnected before secure TLS connection was established,0,,,,,date-unverified,,,,2026-09-09T01:24:47.852Z
220086,BETH ISRAEL DEACONESS MEDICAL CENTER,MA,dns-dead,not-assessed-site-unreachable,access-or-discovery-unresolved,0,https://bidmc.org/cms-hpt.txt [Client network socket disconnected before secure TLS connection was established] | https://www.bidmc.org/cms-hpt.txt [request deadline exceeded],0,https://bidmc.org/,,Client network socket disconnected before secure TLS connection was established,0,,,,,date-unverified,,,,2026-09-09T01:24:47.853Z
220073,BROWN UNIVERSITY HEALTH MORTON HOSPITAL,MA,name-ambiguous,not-assessed-not-named-in-file,mrf-reachable-review-required,0,https://brownhealth.org/cms-hpt.txt [200],6,,,,6,,,,,date-unverified,,,,2026-09-09T01:24:47.860Z
220017,CARNEY HOSPITAL,MA,dns-dead,not-assessed-site-unreachable,access-or-discovery-unresolved,0,https://carneyhospital.org/cms-hpt.txt [getaddrinfo ENOTFOUND carneyhospital.org] | https://www.carneyhospital.org/cms-hpt.txt [getaddrinfo ENOTFOUND www.carneyhospital.org],0,https://carneyhospital.org/,,getaddrinfo ENOTFOUND carneyhospital.org,0,,,,,date-unverified,,,,2026-09-09T01:24:47.862Z
223300,FRANCISCAN CHILDREN'S HOSPITAL & REHAB CENTER,MA,connection-dead,not-assessed-site-unreachable,access-or-discovery-unresolved,0,"https://franciscanchildrens.org/cms-hpt.txt [unable to verify the first certificate; if the root CA is installed locally, try running Node.js with --use-system-ca] | https://www.franciscanchildrens.org/cms-hpt.txt [unable to verify the first certificate; if the root CA is installed locally, try running Node.js with --use-system-ca]",0,https://franciscanchildrens.org/,,"unable to verify the first certificate; if the root CA is installed locally, try running Node.js with --use-system-ca",0,,,,,date-unverified,,,,2026-09-09T01:24:47.864Z
220111,GOOD SAMARITAN MEDICAL CENTER,MA,name-ambiguous,not-assessed-not-named-in-file,mrf-reachable-review-required,0,https://bmchealthsystem.org/cms-hpt.txt [200],3,,,,3,,,,,date-unverified,,,,2026-09-09T01:24:47.871Z
220095,HEYWOOD HOSPITAL -,MA,stale-file,mrf-stale-over-365-days,pointer-and-identity-verified,1,https://atholhospital.org/cms-hpt.txt [200],2,,,,1,206,https://mrfs.hyvehealthcare.com/HeywoodHealthcare/042103581_heywood-hospital_standardcharges.json,2025-04-16,https://www.atholhospital.org/cms-hpt.txt,date-over-365-days,2.2.0,2025-04-16,2.2.0,2026-09-09T01:24:47.875Z
220080,HOLY FAMILY HOSPITAL,MA,file-404,no-cms-hpt-txt-published,access-or-discovery-unresolved,0,https://holyfamilyhospital.org/cms-hpt.txt [404] | https://www.holyfamilyhospital.org/cms-hpt.txt [404],0,https://holyfamilyhospital.org/,200,,0,,,,,date-unverified,,,,2026-09-09T01:24:47.877Z
224007,MCLEAN HOSPITAL CORPORATION,MA,mrf-gone,mrf-url-unreachable,access-or-discovery-unresolved,0,https://mcleanhospital.org/cms-hpt.txt [404] | https://www.mcleanhospital.org/cms-hpt.txt [404],0,https://mcleanhospital.org/,200,,1,404,,,,date-unverified,,,,2026-09-09T01:24:47.878Z
220098,NASHOBA VALLEY MEDICAL CENTER,MA,connection-dead,not-assessed-site-unreachable,access-or-discovery-unresolved,0,"https://nashobamed.org/cms-hpt.txt [unable to verify the first certificate; if the root CA is installed locally, try running Node.js with --use-system-ca] | https://www.nashobamed.org/cms-hpt.txt [getaddrinfo ENOTFOUND www.nashobamed.org]",0,https://nashobamed.org/,,"unable to verify the first certificate; if the root CA is installed locally, try running Node.js with --use-system-ca",0,,,,,date-unverified,,,,2026-09-09T01:24:47.881Z
220088,NEW ENGLAND BAPTIST HOSPITAL,MA,dns-dead,not-assessed-site-unreachable,access-or-discovery-unresolved,0,https://onlinepatientestimation.com/cms-hpt.txt [getaddrinfo ENOTFOUND onlinepatientestimation.com] | https://www.onlinepatientestimation.com/cms-hpt.txt [getaddrinfo EAI_AGAIN www.onlinepatientestimation.com],0,https://onlinepatientestimation.com/,,getaddrinfo ENOTFOUND onlinepatientestimation.com,0,,,,,date-unverified,,,,2026-09-09T01:24:47.883Z
220035,NORTH SHORE MEDICAL CENTER -,MA,name-ambiguous,not-assessed-not-named-in-file,mrf-reachable-review-required,0,https://northshoremc.org/cms-hpt.txt [200],1,,,,1,,,,,date-unverified,,,,2026-09-09T01:24:47.894Z
220033,NORTHEAST HOSPITAL CORPORATION,MA,dns-dead,not-assessed-site-unreachable,access-or-discovery-unresolved,0,https://beverlyhospital.org/cms-hpt.txt [Client network socket disconnected before secure TLS connection was established] | https://www.beverlyhospital.org/cms-hpt.txt [request timeout],0,https://beverlyhospital.org/,,Client network socket disconnected before secure TLS connection was established,0,,,,,date-unverified,,,,2026-09-09T01:24:47.896Z
220100,SOUTH SHORE HOSPITAL,MA,server-blocked,pointer-blocked-to-automation,pointer-and-identity-verified,1,https://southshorehealth.org/cms-hpt.txt [200],1,,,,1,,https://zencloud-southshorehealth.s3.us-east-1.amazonaws.com/www.southshorehealth.org/assets/2026-03/042769210_south-shore-hospital_standardcharges.json,2026-04-01,https://www.southshorehealth.org/cms-hpt.txt,date-within-365-days-version-3,3.0.0,,,2026-09-09T01:24:47.899Z
210005,FREDERICK HEALTH HOSPITAL,MD,stale-file,mrf-stale-over-365-days,pointer-and-identity-verified,1,https://frederickhealth.org/cms-hpt.txt [200],1,,,,1,206,https://www.frederickhealth.org/documents/billing%20and%20finance/52-0591612_FrederickHealthHospital_standardcharges.csv,2025-03-17,https://www.frederickhealth.org/cms-hpt.txt,date-over-365-days,2.0.0,2025-03-17,2.0.0,2026-09-09T01:24:47.901Z
210065,HOLY CROSS GERMANTOWN HOSPITAL,MD,format-unusable,pointer-lists-no-mrf-url,access-or-discovery-unresolved,0,https://www.holycrosshealth.org/cms-hpt.txt [200] | https://holycrosshealth.org/cms-hpt.txt [200],2,https://www.holycrosshealth.org/,200,,0,,,,,date-unverified,,,,2026-09-09T01:24:47.903Z
210004,HOLY CROSS HOSPITAL,MD,name-ambiguous,not-assessed-not-named-in-file,access-or-discovery-unresolved,0,https://www.holycrosshealth.org/cms-hpt.txt [200] | https://holycrosshealth.org/cms-hpt.txt [200],2,https://www.holycrosshealth.org/,200,,0,,,,,date-unverified,,,,2026-09-09T01:24:47.905Z
210029,JOHNS HOPKINS BAYVIEW MEDICAL CENTER,MD,stale-file,mrf-stale-over-365-days,mrf-reachable-review-required,0,https://hopkinsmedicine.org/cms-hpt.txt [403] | https://www.hopkinsmedicine.org/cms-hpt.txt [403],0,https://hopkinsmedicine.org/,403,,1,206,,2025-07-01,,date-over-365-days,2.2.0,2025-07-01,2.2.0,2026-09-09T01:24:47.910Z
210009,"JOHNS HOPKINS HOSPITAL, THE",MD,stale-file,mrf-stale-over-365-days,mrf-reachable-review-required,0,https://hopkinsmedicine.org/cms-hpt.txt [403] | https://www.hopkinsmedicine.org/cms-hpt.txt [403],0,https://hopkinsmedicine.org/,403,,1,206,,2025-07-01,,date-over-365-days,2.2.0,2025-07-01,2.2.0,2026-09-09T01:24:47.915Z
210048,JOHNS HOPKINS HOWARD COUNTY MEDICAL CENTER,MD,stale-file,mrf-stale-over-365-days,mrf-reachable-review-required,0,https://hopkinsmedicine.org/cms-hpt.txt [403] | https://www.hopkinsmedicine.org/cms-hpt.txt [403],0,https://hopkinsmedicine.org/,403,,1,206,,2025-07-01,,date-over-365-days,2.2.0,2025-07-01,2.2.0,2026-09-09T01:24:47.919Z
213301,KENNEDY KRIEGER INSTITUTE,MD,stale-file,mrf-stale-over-365-days,pointer-and-identity-verified,1,https://kennedykrieger.org/cms-hpt.txt [200],1,,,,2,404,https://www.kennedykrieger.org/sites/default/files/library/documents/about-us/Financial%20Docs/520607971-1619075926_kennedy-krieger-institute_standardcharges.csv.csv,2026-08-27,https://www.kennedykrieger.org/cms-hpt.txt,date-within-365-days-version-3,3.0.0,2025-01-01,2.0.0,2026-09-09T01:24:47.921Z
210023,"LUMINIS HEALTH ANNE ARUNDEL MEDICAL CENTER, INC",MD,old-template,old-template-version,pointer-and-identity-verified,1,https://www.luminishealth.org/cms-hpt.txt [200],3,,,,2,206,https://www.luminishealth.org/sites/default/files/2026-01/1477517225_annearundelmedicalcenter_standardcharges.csv,2026-01-15,https://www.luminishealth.org/sites/default/files/2026-01/cms-hpt.txt,date-within-365-days-older-version,2.0.0,2026-01-15,2.0.0,2026-09-09T01:24:47.926Z
210051,"LUMINIS HEALTH DOCTORS COMMUNITY MEDICAL CTR, INC",MD,old-template,old-template-version,pointer-and-identity-verified,1,https://www.luminishealth.org/cms-hpt.txt [200],3,,,,2,206,https://www.luminishealth.org/sites/default/files/2026-01/1730136532_doctorscommunitymedicalcenter_standardcharges.csv,2026-01-15,https://www.luminishealth.org/sites/default/files/2026-01/cms-hpt.txt,date-within-365-days-older-version,2.0.0,2026-01-15,2.0.0,2026-09-09T01:24:47.930Z
214020,LUMINIS HEALTH J KENT MCNEW FAMILY MEDICAL CENTER,MD,old-template,old-template-version,pointer-and-identity-verified,1,https://www.luminishealth.org/cms-hpt.txt [200],3,,,,1,206,https://www.luminishealth.org/sites/default/files/2026-01/1780236992_jkentmcnewfamilymedicalcenter_standardcharges.csv,2026-01-15,https://www.luminishealth.org/sites/default/files/2026-01/cms-hpt.txt,date-within-365-days-older-version,2.0.0,2026-01-15,2.0.0,2026-09-09T01:24:47.932Z
213300,MOUNT WASHINGTON PEDIATRIC HOSPITAL,MD,waf-blocked,pointer-blocked-to-automation,access-or-discovery-unresolved,0,https://mwph.org/cms-hpt.txt [403] | https://www.mwph.org/cms-hpt.txt [403],0,https://mwph.org/,403,,0,,,,,date-unverified,,,,2026-09-09T01:24:47.934Z
210022,SUBURBAN HOSPITAL,MD,stale-file,mrf-stale-over-365-days,mrf-reachable-review-required,0,https://hopkinsmedicine.org/cms-hpt.txt [403] | https://www.hopkinsmedicine.org/cms-hpt.txt [403],0,https://hopkinsmedicine.org/,403,,1,206,,2025-07-01,,date-over-365-days,2.2.0,2025-07-01,2.2.0,2026-09-09T01:24:47.937Z
210058,UMD REHABILITATION &  ORTHOPAEDIC INSTITUTE,MD,waf-blocked,pointer-blocked-to-automation,access-or-discovery-unresolved,0,https://umms.org/cms-hpt.txt [403] | https://www.umms.org/cms-hpt.txt [403],0,https://umms.org/,403,,0,,,,,date-unverified,,,,2026-09-09T01:24:47.939Z
210049,UMD UPPER CHESAPEAKE MEDICAL CENTER,MD,waf-blocked,pointer-blocked-to-automation,access-or-discovery-unresolved,0,https://umms.org/cms-hpt.txt [403] | https://www.umms.org/cms-hpt.txt [403],0,https://umms.org/,403,,0,,,,,date-unverified,,,,2026-09-09T01:24:47.941Z
210002,UNIVERSITY OF MARYLAND MEDICAL CENTER,MD,waf-blocked,pointer-blocked-to-automation,access-or-discovery-unresolved,0,https://umms.org/cms-hpt.txt [403] | https://www.umms.org/cms-hpt.txt [403],0,https://umms.org/,403,,0,,,,,date-unverified,,,,2026-09-09T01:24:47.942Z
210043,UNIVERSITY OF MD BALTIMORE WASHINGTON MEDICAL CENTER,MD,waf-blocked,pointer-blocked-to-automation,access-or-discovery-unresolved,0,https://umms.org/cms-hpt.txt [403] | https://www.umms.org/cms-hpt.txt [403],0,https://umms.org/,403,,0,,,,,date-unverified,,,,2026-09-09T01:24:47.945Z
210003,UNIVERSITY OF MD CAPITAL REGION MEDICAL CENTER,MD,waf-blocked,pointer-blocked-to-automation,access-or-discovery-unresolved,0,https://umms.org/cms-hpt.txt [403] | https://www.umms.org/cms-hpt.txt [403],0,https://umms.org/,403,,0,,,,,date-unverified,,,,2026-09-09T01:24:47.946Z
210035,UNIVERSITY OF MD CHARLES REGIONAL  MEDICAL CENTER,MD,waf-blocked,pointer-blocked-to-automation,access-or-discovery-unresolved,0,https://umms.org/cms-hpt.txt [403] | https://www.umms.org/cms-hpt.txt [403],0,https://umms.org/,403,,0,,,,,date-unverified,,,,2026-09-09T01:24:47.947Z
210038,UNIVERSITY OF MD MEDICAL CENTER MIDTOWN CAMPUS,MD,waf-blocked,pointer-blocked-to-automation,access-or-discovery-unresolved,0,https://umms.org/cms-hpt.txt [403] | https://www.umms.org/cms-hpt.txt [403],0,https://umms.org/,403,,0,,,,,date-unverified,,,,2026-09-09T01:24:47.948Z
210037,UNIVERSITY OF MD SHORE MEDICAL CENTER AT EASTON,MD,waf-blocked,pointer-blocked-to-automation,access-or-discovery-unresolved,0,https://umms.org/cms-hpt.txt [403] | https://www.umms.org/cms-hpt.txt [403],0,https://umms.org/,403,,0,,,,,date-unverified,,,,2026-09-09T01:24:47.949Z
210030,UNIVERSITY OF MD SHORE MEDICAL CTR AT CHESTERTOWN,MD,waf-blocked,pointer-blocked-to-automation,access-or-discovery-unresolved,0,https://umms.org/cms-hpt.txt [403] | https://www.umms.org/cms-hpt.txt [403],0,https://umms.org/,403,,0,,,,,date-unverified,,,,2026-09-09T01:24:47.951Z
210063,UNIVERSITY OF MD ST JOSEPH MEDICAL CENTER,MD,waf-blocked,pointer-blocked-to-automation,access-or-discovery-unresolved,0,https://umms.org/cms-hpt.txt [403] | https://www.umms.org/cms-hpt.txt [403],0,https://umms.org/,403,,0,,,,,date-unverified,,,,2026-09-09T01:24:47.952Z
201305,CALAIS COMMUNITY HOSPITAL,ME,format-unusable,compliant-date-unverified,mrf-reachable-review-required,0,https://calaishospital.org/cms-hpt.txt [200] | https://www.calaishospital.org/cms-hpt.txt [200],0,https://calaishospital.org/,200,,1,200,,,,date-unverified,,,,2026-09-09T01:24:47.954Z
204005,MAINEHEALTH BEHAVIORAL HEALTH AT SPRING HARBOR,ME,name-ambiguous,not-assessed-not-named-in-file,mrf-reachable-review-required,0,https://mainehealth.org/cms-hpt.txt [200],10,,,,10,,,,,date-unverified,,,,2026-09-09T01:24:47.970Z
200020,YORK HOSPITAL,ME,format-unusable,compliant-date-unverified,pointer-and-identity-verified,1,https://yorkhospital.com/cms-hpt.txt [200],1,,,,2,200,https://www.yorkhospital.com/download_file/view/b51e4a30-f2e2-4e69-a7d1-2ec25eeaa1d7/286,2026-07-04,https://www.yorkhospital.com/cms-hpt.txt,date-within-365-days-version-3,3.0.0,,,2026-09-09T01:24:47.971Z
231315,ASCENSION BORGESS LEE HOSPITAL,MI,name-ambiguous,not-assessed-not-named-in-file,mrf-reachable-review-required,0,https://healthcare.ascension.org/-/media/Healthcare/cms-hpt.txt [200],93,,,,77,,,,,date-unverified,,,,2026-09-09T01:24:48.612Z
230197,ASCENSION GENESYS HOSPITAL,MI,name-ambiguous,not-assessed-not-named-in-file,mrf-reachable-review-required,0,https://healthcare.ascension.org/-/media/Healthcare/cms-hpt.txt [200],93,,,,77,,,,,date-unverified,,,,2026-09-09T01:24:49.270Z
230019,"ASCENSION PROVIDENCE HOSPITAL, SOUTHFIELD AND NOVI",MI,name-ambiguous,not-assessed-not-named-in-file,mrf-reachable-review-required,0,https://healthcare.ascension.org/-/media/Healthcare/cms-hpt.txt [200],93,,,,77,,,,,date-unverified,,,,2026-09-09T01:24:49.829Z
230254,ASCENSION PROVIDENCE ROCHESTER HOSPITAL,MI,name-ambiguous,not-assessed-not-named-in-file,mrf-reachable-review-required,0,https://healthcare.ascension.org/-/media/Healthcare/cms-hpt.txt [200],93,,,,77,,,,,date-unverified,,,,2026-09-09T01:24:50.407Z
230241,ASCENSION RIVER DISTRICT HOSPITAL,MI,name-ambiguous,not-assessed-not-named-in-file,mrf-reachable-review-required,0,https://healthcare.ascension.org/-/media/Healthcare/cms-hpt.txt [200],93,,,,77,,,,,date-unverified,,,,2026-09-09T01:24:50.986Z
231318,"ASPIRUS IRON RIVER HOSPITAL & CLINICS, INC",MI,stale-file,mrf-stale-over-365-days,pointer-and-identity-verified,1,https://www.aspirus.org/cms-hpt.txt [200],18,,,,1,206,https://www.aspirus.org/Uploads/Public/Documents/PriceEstimate/TransparencyFY26/383236977_aspirus-iron-river-hospital_standardcharges.json,2025-07-01,https://www.aspirus.org/cms-hpt.txt,date-over-365-days,2.2.0,2025-07-01,2.2.0,2026-09-09T01:24:50.992Z
231333,ASPIRUS IRONWOOD HOSPITAL,MI,stale-file,mrf-stale-over-365-days,mrf-reachable-review-required,0,https://www.aspirus.org/cms-hpt.txt [200],18,,,,10,206,,2025-07-01,,date-over-365-days,2.2.0,2025-07-01,2.2.0,2026-09-09T01:24:51.033Z
231319,ASPIRUS KEWEENAW HOSPITAL AND CLINICS,MI,stale-file,mrf-stale-over-365-days,mrf-reachable-review-required,0,https://www.aspirus.org/cms-hpt.txt [200],18,,,,1,206,,2025-07-01,,date-over-365-days,2.2.0,2025-07-01,2.2.0,2026-09-09T01:24:51.036Z
230020,BEAUMONT HOSPITAL - DEARBORN,MI,name-ambiguous,not-assessed-not-named-in-file,mrf-reachable-review-required,0,https://corewellhealth.org/cms-hpt.txt [200],21,,,,17,,,,,date-unverified,,,,2026-09-09T01:24:51.130Z
230151,BEAUMONT HOSPITAL - FARMINGTON HILLS,MI,format-unusable,pointer-lists-no-mrf-url,pointer-readable-review-required,0,https://corewellhealth.org/cms-hpt.txt [200],21,,,,0,,,,,date-unverified,,,,2026-09-09T01:24:51.131Z
230089,BEAUMONT HOSPITAL - GROSSE POINTE,MI,name-ambiguous,not-assessed-not-named-in-file,mrf-reachable-review-required,0,https://corewellhealth.org/cms-hpt.txt [200],21,,,,17,,,,,date-unverified,,,,2026-09-09T01:24:51.224Z
230270,BEAUMONT HOSPITAL - TAYLOR,MI,name-ambiguous,not-assessed-not-named-in-file,mrf-reachable-review-required,0,https://corewellhealth.org/cms-hpt.txt [200],21,,,,17,,,,,date-unverified,,,,2026-09-09T01:24:51.304Z
230269,"BEAUMONT HOSPITAL, TROY",MI,name-ambiguous,not-assessed-not-named-in-file,mrf-reachable-review-required,0,https://corewellhealth.org/cms-hpt.txt [200],21,,,,17,,,,,date-unverified,,,,2026-09-09T01:24:51.385Z
230117,BORGESS MEDICAL CENTER,MI,name-ambiguous,not-assessed-not-named-in-file,mrf-reachable-review-required,0,https://healthcare.ascension.org/-/media/Healthcare/cms-hpt.txt [200],93,,,,77,,,,,date-unverified,,,,2026-09-09T01:24:51.967Z
231339,COREWELL HEALTH PENNOCK HOSPITAL,MI,manual-review,mrf-url-unreachable,mrf-reachable-review-required,0,https://corewellhealth.org/cms-hpt.txt [200],21,,,,11,422,,,,date-unverified,,,,2026-09-09T01:24:52.022Z
231311,DECKERVILLE COMMUNITY HOSPITAL,MI,stale-file,mrf-stale-over-365-days,pointer-and-identity-verified,1,https://aspirerhs.org/cms-hpt.txt [200],3,,,,1,206,https://aspirerhs.org/wp-content/uploads/2024/07/381415390_deckerville-community-hospital_standardcharges.csv,2025-01-15,https://aspirerhs.org/cms-hpt.txt,date-over-365-days,2.0.0,2025-01-15,2.0.0,2026-09-09T01:24:52.027Z
230055,DICKINSON COUNTY MEMORIAL HOSPITAL,MI,name-ambiguous,not-assessed-not-named-in-file,mrf-reachable-review-required,0,https://marshfieldclinic.org/cms-hpt.txt [200],11,,,,11,,,,,date-unverified,,,,2026-09-09T01:24:52.074Z
230230,EDWARD W SPARROW HOSPITAL,MI,name-ambiguous,not-assessed-not-named-in-file,mrf-reachable-review-required,0,https://uofmhealthsparrow.org/cms-hpt.txt [200],7,,,,7,,,,,date-unverified,,,,2026-09-09T01:24:52.175Z
230275,HEALTHSOURCE SAGINAW,MI,old-template,old-template-version,pointer-and-identity-verified,1,https://healthsourcesaginaw.org/cms-hpt.txt [200],1,,,,1,206,https://www.healthsourcesaginaw.org/wp-content/uploads/2026/01/386004889_healthsource-saginaw_standardcharges.csv,2026-01-06,https://healthsourcesaginaw.org/cms-hpt.txt,date-within-365-days-older-version,2.0.0,2026-01-06,2.0.0,2026-09-09T01:24:52.179Z
231316,HILLS & DALES GENERAL HOSPITAL,MI,stale-file,mrf-stale-over-365-days,pointer-and-identity-verified,1,https://aspirerhs.org/cms-hpt.txt [200],3,,,,1,206,https://aspirerhs.org/wp-content/uploads/2024/07/381619577_hills-and-dales-general-hospital_standardcharges.csv,2025-01-01,https://aspirerhs.org/cms-hpt.txt,date-over-365-days,2.0.0,2025-01-01,2.0.0,2026-09-09T01:24:52.184Z
231330,MARLETTE REGIONAL HOSPITAL,MI,stale-file,mrf-stale-over-365-days,pointer-and-identity-verified,1,https://aspirerhs.org/cms-hpt.txt [200],3,,,,1,206,https://aspirerhs.org/wp-content/uploads/2024/07/381507302_marlette-regional-hospital_standardcharges.csv,2025-01-25,https://aspirerhs.org/cms-hpt.txt,date-over-365-days,2.0.0,2025-01-25,2.0.0,2026-09-09T01:24:52.188Z
231314,MCKENZIE HEALTH SYSTEM,MI,stale-file,mrf-stale-over-365-days,mrf-reachable-review-required,0,https://mckenziehealth.org/cms-hpt.txt [200],1,,,,1,206,,2025-05-31,,date-over-365-days,2.0.0,2025-05-31,2.0.0,2026-09-09T01:24:52.193Z
231308,MUNISING MEMORIAL HOSPITAL,MI,format-unusable,compliant-date-unverified,mrf-reachable-review-required,0,https://www.munisingmemorial.org/cms-hpt.txt [200],1,,,,1,206,,,,date-unverified,,,,2026-09-09T01:24:52.193Z
230077,MYMICHIGAN MEDICAL CENTER SAGINAW,MI,name-ambiguous,not-assessed-not-named-in-file,mrf-reachable-review-required,0,https://healthcare.ascension.org/-/media/Healthcare/cms-hpt.txt [200],93,,,,77,,,,,date-unverified,,,,2026-09-09T01:24:52.779Z
230217,OAKLAWN HOSPITAL,MI,mrf-gone,mrf-url-unreachable,pointer-readable-review-required,0,https://oaklawnhospital.org/cms-hpt.txt [200],1,,,,1,404,,,,date-unverified,,,,2026-09-09T01:24:52.779Z
234048,PONTIAC GENERAL HOSPITAL,MI,format-unusable,compliant-date-unverified,pointer-readable-review-required,0,https://pontiacgeneral.com/cms-hpt.txt [200],1,,,,1,307,,,,date-unverified,,,,2026-09-09T01:24:52.779Z
231305,SAINT MARY'S STANDISH COMMUNITY HOSPITAL,MI,name-ambiguous,not-assessed-not-named-in-file,mrf-reachable-review-required,0,https://healthcare.ascension.org/-/media/Healthcare/cms-hpt.txt [200],93,,,,77,,,,,date-unverified,,,,2026-09-09T01:24:53.339Z
231331,SPARROW IONIA HOSPITAL,MI,name-ambiguous,not-assessed-not-named-in-file,mrf-reachable-review-required,0,https://uofmhealthsparrow.org/cms-hpt.txt [200],7,,,,7,,,,,date-unverified,,,,2026-09-09T01:24:53.434Z
230038,SPECTRUM HEALTH,MI,name-ambiguous,not-assessed-not-named-in-file,mrf-reachable-review-required,0,https://corewellhealth.org/cms-hpt.txt [200],21,,,,17,,,,,date-unverified,,,,2026-09-09T01:24:53.513Z
230035,SPECTRUM HEALTH UNITED HOSPITAL,MI,name-ambiguous,not-assessed-not-named-in-file,mrf-reachable-review-required,0,https://corewellhealth.org/cms-hpt.txt [200],21,,,,17,,,,,date-unverified,,,,2026-09-09T01:24:53.593Z
230002,ST JOE MERCY HOSPITAL SYSTEM LIVONIA,MI,name-ambiguous,not-assessed-not-named-in-file,mrf-reachable-review-required,0,https://trinityhealthmichigan.org/cms-hpt.txt [200],9,,,,9,,,,,date-unverified,,,,2026-09-09T01:24:53.650Z
230100,TAWAS ST JOSEPH HOSPITAL,MI,name-ambiguous,not-assessed-not-named-in-file,mrf-reachable-review-required,0,https://healthcare.ascension.org/-/media/Healthcare/cms-hpt.txt [200],93,,,,77,,,,,date-unverified,,,,2026-09-09T01:24:54.231Z
231327,UNIVERSITY OF MICHIGAN HEALTH - SPARROW EATON,MI,name-ambiguous,not-assessed-not-named-in-file,mrf-reachable-review-required,0,https://uofmhealthsparrow.org/cms-hpt.txt [200],7,,,,7,,,,,date-unverified,,,,2026-09-09T01:24:54.316Z
231326,UNIVERSITY OF MICHIGAN HEALTH- SPARROW CLINTON,MI,name-ambiguous,not-assessed-not-named-in-file,mrf-reachable-review-required,0,https://uofmhealthsparrow.org/cms-hpt.txt [200],7,,,,7,,,,,date-unverified,,,,2026-09-09T01:24:54.424Z
230208,UNIVERSITY OF MICHIGAN HEALTH-SPARROW CARSON,MI,name-ambiguous,not-assessed-not-named-in-file,mrf-reachable-review-required,0,https://uofmhealthsparrow.org/cms-hpt.txt [200],7,,,,7,,,,,date-unverified,,,,2026-09-09T01:24:54.516Z
230146,WYANDOTTE HOSPITAL AND MEDICAL CENTER,MI,name-ambiguous,not-assessed-not-named-in-file,mrf-reachable-review-required,0,https://henryford.com/cms-hpt.txt [200],14,,,,14,,,,,date-unverified,,,,2026-09-09T01:24:54.605Z
241308,ASPIRUS LAKE VIEW HOSPITAL,MN,stale-file,mrf-stale-over-365-days,pointer-and-identity-verified,1,https://slhduluth.com/cms-hpt.txt [200],18,,,,1,206,https://www.aspirus.org/Uploads/Public/Documents/PriceEstimate/TransparencyFY26/410786046_aspirus-lake-view-hospital_standardcharges.json,2025-07-01,https://www.aspirus.org/cms-hpt.txt,date-over-365-days,2.2.0,2025-07-01,2.2.0,2026-09-09T01:24:54.610Z
241343,AVERA GRANITE FALLS,MN,old-template,old-template-version,access-or-discovery-unresolved,0,https://avera.org/cms-hpt.txt [403] | https://www.avera.org/cms-hpt.txt [403],0,https://avera.org/,403,,1,403,,,,date-unverified,,2026-04-01,4.0.0,2026-09-09T01:24:54.612Z
241359,AVERA MARSHALL REGIONAL MEDICAL CTR,MN,old-template,old-template-version,access-or-discovery-unresolved,0,https://avera.org/cms-hpt.txt [403] | https://www.avera.org/cms-hpt.txt [403],0,https://avera.org/,403,,1,403,,,,date-unverified,,2026-04-01,4.0.0,2026-09-09T01:24:54.613Z
241348,AVERA TYLER HOSPITAL,MN,old-template,old-template-version,access-or-discovery-unresolved,0,https://avera.org/cms-hpt.txt [403] | https://www.avera.org/cms-hpt.txt [403],0,https://avera.org/,403,,1,403,,,,date-unverified,,2026-04-01,4.0.0,2026-09-09T01:24:54.614Z
241316,BIGFORK VALLEY HOSPITAL,MN,stale-file,mrf-stale-over-365-days,mrf-reachable-review-required,0,https://bigforkvalley.org/cms-hpt.txt [200],1,,,,1,206,,2025-02-21,,date-over-365-days,2.0.0,2025-02-21,2.0.0,2026-09-09T01:24:54.619Z
244015,COMMUNITY BEHAVIORAL HEALTH HOSPITAL - BAXTER,MN,name-ambiguous,not-assessed-not-named-in-file,access-or-discovery-unresolved,0,https://ecommunity.com/cms-hpt.txt [403] | https://www.ecommunity.com/cms-hpt.txt [403],0,https://ecommunity.com/,403,,0,,,,,date-unverified,,,,2026-09-09T01:24:54.621Z
241350,ESSENTIA HEALTH MOOSE LAKE,MN,old-template,old-template-version,pointer-and-identity-verified,1,https://essentiahealth.org/cms-hpt.txt [request timeout] | https://www.essentiahealth.org/cms-hpt.txt [200],15,,,,1,206,https://www.essentiahealth.org/standard-charges/2026/845099016_Essentia-Moose-Lake_standardcharges.csv,2026-01-01,https://www.essentiahealth.org/cms-hpt.txt,date-within-365-days-older-version,2.0.0,2026-01-01,2.0.0,2026-09-09T01:24:54.626Z
241301,LAKEWOOD HEALTH CENTER,MN,dns-dead,not-assessed-site-unreachable,access-or-discovery-unresolved,0,https://lakewoodhealthcenter.org/cms-hpt.txt [getaddrinfo EAI_AGAIN lakewoodhealthcenter.org] | https://www.lakewoodhealthcenter.org/cms-hpt.txt [getaddrinfo EAI_AGAIN www.lakewoodhealthcenter.org],0,https://lakewoodhealthcenter.org/,,getaddrinfo EAI_AGAIN lakewoodhealthcenter.org,0,,,,,date-unverified,,,,2026-09-09T01:24:54.628Z
241319,MURRAY COUNTY MEMORIAL HOSPITAL,MN,name-ambiguous,not-assessed-not-named-in-file,mrf-reachable-review-required,0,https://pushmatahahospital.com/cms-hpt.txt [200],1,,,,1,,,,,date-unverified,,,,2026-09-09T01:24:54.635Z
240053,PARK NICOLLET METHODIST HOSPITAL,MN,name-ambiguous,not-assessed-not-named-in-file,mrf-reachable-review-required,0,https://healthpartners.com/cms-hpt.txt [200],8,,,,8,,,,,date-unverified,,,,2026-09-09T01:24:54.665Z
241374,PIPESTONE COUNTY  MEDICAL CENTER,MN,old-template,old-template-version,access-or-discovery-unresolved,0,https://avera.org/cms-hpt.txt [403] | https://www.avera.org/cms-hpt.txt [403],0,https://avera.org/,403,,1,403,,,,date-unverified,,2026-04-01,4.0.0,2026-09-09T01:24:54.667Z
241320,RIVERVIEW HOSPITAL,MN,mrf-gone,mrf-url-unreachable,pointer-readable-review-required,0,https://riverviewhealth.org/cms-hpt.txt [request timeout] | https://www.riverviewhealth.org/cms-hpt.txt [200],1,,,,1,404,,,,date-unverified,,,,2026-09-09T01:24:54.668Z
241377,ST FRANCIS MEDICAL CENTER,MN,mrf-gone,mrf-url-unreachable,pointer-readable-review-required,0,https://allinahealth.org/cms-hpt.txt [request timeout] | https://www.allinahealth.org/cms-hpt.txt [200],12,,,,1,404,,,,date-unverified,,,,2026-09-09T01:24:54.668Z
240047,ST LUKES HOSPITAL,MN,stale-file,mrf-stale-over-365-days,pointer-and-identity-verified,1,https://slhduluth.com/cms-hpt.txt [200],18,,,,1,206,https://www.aspirus.org/Uploads/Public/Documents/PriceEstimate/TransparencyFY26/410714079_aspirus-st-lukes-hospital_standardcharges.json,2025-07-01,https://www.aspirus.org/cms-hpt.txt,date-over-365-days,2.2.0,2025-07-01,2.2.0,2026-09-09T01:24:54.673Z
261332,CARROLL COUNTY MEMORIAL HOSPITAL,MO,stale-file,mrf-stale-over-365-days,mrf-reachable-review-required,0,https://www.carrollcountyhospital.org/cms-hpt.txt [200],1,,,,1,206,,2024-07-07,,date-over-365-days,2.0.0,2024-07-07,2.0.0,2026-09-09T01:24:54.684Z
261303,COMMUNITY HOSPITAL ASSOCIATION,MO,mrf-gone,mrf-url-unreachable,pointer-readable-review-required,0,https://fairfaxmed.com/cms-hpt.txt [200],1,,,,2,404,,,,date-unverified,,,,2026-09-09T01:24:54.684Z
260137,FREEMAN HEALTH SYSTEM - FREEMAN WEST,MO,stale-file,mrf-stale-over-365-days,pointer-and-identity-verified,1,https://freemanhealth.com/cms-hpt.txt [200],7,,,,1,206,https://url.us.m.mimecastprotect.com/s/nm_sC4xqW3t9DBojSxhJf4d1dX?domain=hospitalpricedisclosure.com,2025-05-01,https://www.freemanhealth.com/sites/default/files/cms0-hpt.txt,date-over-365-days,2.2.0,2025-05-01,2.2.0,2026-09-09T01:24:54.687Z
261331,FREEMAN NEOSHO HOSPITAL,MO,stale-file,mrf-stale-over-365-days,pointer-and-identity-verified,1,https://freemanhealth.com/cms-hpt.txt [200],7,,,,1,206,https://url.us.m.mimecastprotect.com/s/32rHC5yrA4hpXZvntyi3fkJCbs?domain=hospitalpricedisclosure.com,2025-05-01,https://www.freemanhealth.com/sites/default/files/cms0-hpt.txt,date-over-365-days,2.2.0,2025-05-01,2.2.0,2026-09-09T01:24:54.690Z
260175,GOLDEN VALLEY MEMORIAL HOSPITAL,MO,html-soft-block,no-cms-hpt-txt-published,access-or-discovery-unresolved,0,https://health-improve.org/cms-hpt.txt [request timeout] | https://www.health-improve.org/cms-hpt.txt [200],0,https://health-improve.org/,200,,0,,,,,date-unverified,,,,2026-09-09T01:24:54.691Z
260025,HANNIBAL REGIONAL HOSPITAL,MO,mrf-gone,mrf-url-unreachable,pointer-readable-review-required,0,https://hannibalregional.org/cms-hpt.txt [request timeout] | https://www.hannibalregional.org/cms-hpt.txt [200],1,,,,1,404,,,,date-unverified,,,,2026-09-09T01:24:54.692Z
261302,MADISON MEDICAL CENTER,MO,stale-file,mrf-stale-over-365-days,pointer-and-identity-verified,1,https://madisonmedicalcenter.net/cms-hpt.txt [request timeout] | https://www.madisonmedicalcenter.net/cms-hpt.txt [200],1,,,,1,206,https://madisonmedicalcenter.net/431445493_Madison%20Medical%20Center_standardcharges.json,2025-01-05,https://www.madisonmedicalcenter.net/cms-hpt.txt,date-over-365-days,2.2.0,2025-01-05,2.2.0,2026-09-09T01:24:54.695Z
260110,MERCY HOSPITAL SOUTHEAST,MO,name-ambiguous,not-assessed-not-named-in-file,mrf-reachable-review-required,0,https://mercy.net/cms-hpt.txt [200],73,,,,73,,,,,date-unverified,,,,2026-09-09T01:24:55.174Z
260061,NEVADA REGIONAL MEDICAL CENTER,MO,stale-file,mrf-stale-over-365-days,pointer-and-identity-verified,1,https://nrmchealth.com/cms-hpt.txt [200],1,,,,1,206,https://www.nrmchealth.com/pricing-transparency-mrf-url,2025-01-14,https://irp.cdn-website.com/5b92682e/files/uploaded/cms-hpt-4ab8d9db.txt,date-over-365-days,2.0.0,2025-01-14,2.0.0,2026-09-09T01:24:55.180Z
261307,PERSHING MEMORIAL HOSPITAL,MO,stale-file,mrf-stale-over-365-days,pointer-and-identity-verified,1,https://phsmo.org/cms-hpt.txt [200],1,,,,1,206,https://hospitalpricetransparencyfiles.com/general-john-j-pershing-memorial-hospital-association/430715842_General-John-J-Pershing-Memorial-Hospital-Association_standardcharges.csv,2025-06-13,https://phsmo.org/cms-hpt.txt,date-over-365-days,3.0.0,2025-06-13,3.0.0,2026-09-09T01:24:55.185Z
260017,PHELPS COUNTY REGIONAL MEDICAL CENTER,MO,connection-dead,not-assessed-site-unreachable,access-or-discovery-unresolved,0,https://cdmpricing.com/cms-hpt.txt [Hostname/IP does not match certificate's altnames: Host: cdmpricing.com. is not in the cert's altnames: DNS:*.azureedge.net] | https://www.cdmpricing.com/cms-hpt.txt [200],0,https://cdmpricing.com/,,Hostname/IP does not match certificate's altnames: Host: cdmpricing.com. is not in the cert's altnames: DNS:*.azureedge.net,0,,,,,date-unverified,,,,2026-09-09T01:24:55.187Z
261305,PUTNAM COUNTY MEMORIAL HOSPITAL,MO,manual-review,not-assessed-site-unreachable,access-or-discovery-unresolved,0,https://pcmhosp.com/cms-hpt.txt [200] | https://www.pcmhosp.com/cms-hpt.txt [200],0,https://pcmhosp.com/,200,,0,,,,,date-unverified,,,,2026-09-09T01:24:55.189Z
260097,WESTERN MISSOURI MEDICAL CENTER,MO,stale-file,mrf-stale-over-365-days,pointer-and-identity-verified,1,https://wmmc.com/cms-hpt.txt [200],1,,,,1,206,https://wmmc.com/wp-content/uploads/2024/11/440665266_western-missouri-medical-center_standardcharges.csv,2024-12-01,https://wmmc.com/cms-hpt.txt,date-over-365-days,2.2.0,2024-12-01,2.2.0,2026-09-09T01:24:55.193Z
660001,COMMONWEALTH HEALTH CENTER,MP,connection-dead,not-assessed-site-unreachable,access-or-discovery-unresolved,0,"https://chcc.health/cms-hpt.txt [Hostname/IP does not match certificate's altnames: Host: chcc.health. is not in the cert's altnames: DNS:*.chcc.health, DNS:cpn-primary.chcc.health, DNS:cvapp.chcc.health, DNS:cvdb.chcc.health, DNS:ehdp.chcc.health, DNS:lf-app.chcc.health, DNS:lf-prod.chcc.health, DNS:pacs.chcc.health, DNS:pos-prod.chcc.health, DNS:pos-prod-jobs.chcc.health, DNS:pos-prod-services.chcc.health, DNS:pos-training.chcc.health, DNS:pos-training-jobs.chcc.health, DNS:pos-training-services.chcc.health, DNS:pos-trainingrpt.chcc.health, DNS:rcmapp.chcc.health, DNS:rcmdb.chcc.health, DNS:rcmweb.chcc.health, DNS:remote.chcc.health, DNS:vita.chcc.health, DNS:web.chcc.health, DNS:webiz.chcc.health, DNS:pos-prod-rpt.chcc.health, DNS:pos-prod-reports.chcc.health, DNS:ehr.chcc.health, DNS:websso.chcc.health] | https://www.chcc.health/cms-hpt.txt [404]",0,https://chcc.health/,,"Hostname/IP does not match certificate's altnames: Host: chcc.health. is not in the cert's altnames: DNS:*.chcc.health, DNS:cpn-primary.chcc.health, DNS:cvapp.chcc.health, DNS:cvdb.chcc.health, DNS:ehdp.chcc.health, DNS:lf-app.chcc.health, DNS:lf-prod.chcc.health, DNS:pacs.chcc.health, DNS:pos-prod.chcc.health, DNS:pos-prod-jobs.chcc.health, DNS:pos-prod-services.chcc.health, DNS:pos-training.chcc.health, DNS:pos-training-jobs.chcc.health, DNS:pos-training-services.chcc.health, DNS:pos-trainingrpt.chcc.health, DNS:rcmapp.chcc.health, DNS:rcmdb.chcc.health, DNS:rcmweb.chcc.health, DNS:remote.chcc.health, DNS:vita.chcc.health, DNS:web.chcc.health, DNS:webiz.chcc.health, DNS:pos-prod-rpt.chcc.health, DNS:pos-prod-reports.chcc.health, DNS:ehr.chcc.health, DNS:websso.chcc.health",0,,,,,date-unverified,,,,2026-09-09T01:24:55.195Z
250093,BOLIVAR MEDICAL CENTER,MS,client-rejected,not-assessed-site-unreachable,access-or-discovery-unresolved,0,https://bolivarmedical.com/cms-hpt.txt [406] | https://www.bolivarmedical.com/cms-hpt.txt [406],0,https://bolivarmedical.com/,406,,0,,,,,date-unverified,,,,2026-09-09T01:24:55.197Z
251334,CHOCTAW REGIONAL MEDICAL CENTER,MS,file-404,no-cms-hpt-txt-published,access-or-discovery-unresolved,0,https://choctawregional.com/cms-hpt.txt [404] | https://www.choctawregional.com/cms-hpt.txt [404],0,https://choctawregional.com/,200,,0,,,,,date-unverified,,,,2026-09-09T01:24:55.199Z
251320,CLAIBORNE COUNTY HOSPITAL,MS,format-unusable,compliant-date-unverified,pointer-and-identity-verified,1,https://ccmcms.us/cms-hpt.txt [200],1,,,,1,206,https://www.ccmcms.us/docs/844_BILLINGITEMSLIST_CsvWidev3.0.0_20260521154214.csv,2026-05-21,https://www.ccmcms.org/cms-hpt.txt,date-within-365-days-version-3,3.0.0,,,2026-09-09T01:24:55.203Z
251325,COVINGTON COUNTY HOSPITAL CAH,MS,waf-blocked,pointer-blocked-to-automation,access-or-discovery-unresolved,0,"https://irp.cdn-website.com/cms-hpt.txt [403] | https://www.irp.cdn-website.com/cms-hpt.txt [Hostname/IP does not match certificate's altnames: Host: www.irp.cdn-website.com. is not in the cert's altnames: DNS:*.cdn-website.com, DNS:*.editor-sandbox.multiscreensite.com, DNS:*.editor.multiscreensite.com, DNS:*.eu.partnerwebsitedns.com, DNS:*.multiscreensite.com, DNS:*.partnerwebsitedns.com, DNS:*.website.thryv.com, DNS:multiscreensite.com]",0,https://irp.cdn-website.com/,200,,0,,,,,date-unverified,,,,2026-09-09T01:24:55.205Z
250036,GEORGE REGIONAL HEALTH SYSTEM,MS,html-soft-block,no-cms-hpt-txt-published,access-or-discovery-unresolved,0,https://georgeregional.com/cms-hpt.txt [202] | https://www.georgeregional.com/cms-hpt.txt [202],0,https://georgeregional.com/,202,,0,,,,,date-unverified,,,,2026-09-09T01:24:55.206Z
250099,GREENWOOD LEFLORE HOSPITAL,MS,name-ambiguous,not-assessed-not-named-in-file,mrf-reachable-review-required,0,https://umc.edu/cms-hpt.txt [200],4,,,,4,,,,,date-unverified,,,,2026-09-09T01:24:55.222Z
250172,HIGHLAND HILLS MEDICAL CENTER,MS,name-ambiguous,not-assessed-not-named-in-file,mrf-reachable-review-required,0,https://deltahealthsystem.org/cms-hpt.txt [200],2,,,,1,,,,,date-unverified,,,,2026-09-09T01:24:55.225Z
250124,MAGEE GENERAL HOSPITAL,MS,stale-file,mrf-stale-over-365-days,pointer-and-identity-verified,1,https://mghosp.org/cms-hpt.txt [200],1,,,,1,206,https://mghosp.org/wp-content/uploads/2025/01/640324402_magee-benevolent-association_standardcharges.csv,2024-12-26,https://mghosp.org/cms-hpt.txt,date-over-365-days,2.0.0,2024-12-26,2.0.0,2026-09-09T01:24:55.228Z
250007,Memorial Hospital Biloxi,MS,format-unusable,compliant-date-unverified,pointer-readable-review-required,0,https://wearememorial.com/cms-hpt.txt [200],3,,,,1,,,,,date-unverified,,,,2026-09-09T01:24:55.228Z
250038,MERIT HEALTH MADISON,MS,name-ambiguous,not-assessed-not-named-in-file,mrf-reachable-review-required,0,https://umc.edu/cms-hpt.txt [200],4,,,,4,,,,,date-unverified,,,,2026-09-09T01:24:55.243Z
254010,MS STATE HOSPITAL-WHITFIELD,MS,connection-dead,not-assessed-site-unreachable,access-or-discovery-unresolved,0,"https://msh.state.ms.us/cms-hpt.txt [Hostname/IP does not match certificate's altnames: Host: msh.state.ms.us. is not in the cert's altnames: DNS:www.ms.gov, DNS:www.gcsd.ms.gov, DNS:www.mississippi.gov, DNS:mississippi.gov, DNS:www.dps.state.ms.us, DNS:www.transparency.mississippi.gov, DNS:www.msbmt.ms.gov, DNS:www.firstcircuitcourt.ms.gov, DNS:www.msbrpg.ms.gov, DNS:www.msbpa.ms.gov, DNS:www.charterschoolboard.ms.gov, DNS:www.highwaysafety.ms.gov, DNS:www.homelandsecurity.ms.gov, DNS:www.vhpb.ms.gov, DNS:www.women.ms.gov, DNS:www.ess.ms.gov, DNS:www.jobfairs.ms.gov, DNS:www.judicialperformance.ms.gov, DNS:www.psychologyboard.ms.gov, DNS:www.smsh.ms.gov, DNS:www.therez.ms.gov, DNS:www.wcc.ms.gov, DNS:www.mswcc.ms.gov, DNS:www.swmft.ms.gov, DNS:www.pcc.ms.gov, DNS:www.msbml.ms.gov, DNS:www.borf.ms.gov, DNS:www.drive.ms.gov, DNS:www.physicalfitness.ms.gov, DNS:www.auctioneers.ms.gov, DNS:www.mbp.ms.gov, DNS:www.peer.ms.gov, DNS:www.mdoc.ms.gov, DNS:www.driverservicebureau.dps.ms.gov, DNS:www.egov.ms.gov, DNS:www.hcua.ms.gov, DNS:www.mdrs.ms.gov, DNS:www.msbn.ms.gov, DNS:www.orp.ms.gov, DNS:www.pers.ms.gov, DNS:www.psc.ms.gov, DNS:www.ethics.ms.gov, DNS:www.giscouncil.ms.gov, DNS:www.transparency.ms.gov, DNS:www.access.ms.gov, DNS:www.dsb.dps.ms.gov, DNS:www.nibrs.dps.ms.gov, DNS:www.mpus.ms.gov, DNS:www.msautismboard.ms.gov, DNS:www.monticello.ms.gov, DNS:www.brc.ms.gov, DNS:www.grandgulfpark.ms.gov, DNS:www.coronavirus.ms.gov, DNS:www.msboa.ms.gov, DNS:www.forfeiture.ms.gov, DNS:www.mathiston.ms.gov, DNS:www.beaumont.ms.gov, DNS:www.pepls.ms.gov, DNS:www.dentalboard.ms.gov, DNS:www.psychiatry.msh.ms.gov, DNS:psychiatry.msh.ms.gov, DNS:www.nmrc.ms.gov, DNS:www.houston.ms.gov, DNS:www.beam.ms.gov, DNS:www.psychology.msh.ms.gov, DNS:www.mdcps.ms.gov, DNS:www.sunflowercounty.ms.gov, DNS:www.boxing.ms.gov, DNS:www.ng.ms.gov, DNS:www.mmcp.ms.gov, DNS:www.safetysummit.dps.ms.gov, DNS:www.emsh.ms.gov, DNS:www.mspip.ms.gov, DNS:www.pmp.mbp.ms.gov, DNS:pmp.mbp.ms.gov, DNS:www.forensicservices.msh.ms.gov, DNS:www.smrc.ms.gov, DNS:www.mmvc.ms.gov, DNS:www.mama.ms.gov, DNS:www.pwsd.ms.gov, DNS:www.eab.ms.gov, DNS:www.hrc.ms.gov, DNS:www.mspb.ms.gov, DNS:www.mehc.ms.gov, DNS:www.msbce.ms.gov, DNS:www.nmsh.ms.gov, DNS:www.msh.ms.gov, DNS:www.ospd.ms.gov, DNS:www.stf.ms.gov, DNS:www.msjrc.ms.gov, DNS:www.mhid.ms.gov, DNS:www.mab.ms.gov, DNS:www.msbpt.ms.gov, DNS:www.osa.ms.gov, DNS:www.abbeville.ms.gov, DNS:www.mayersville.ms.gov, DNS:www.rollingfork.ms.gov, DNS:www.ripley.ms.gov, DNS:ms.gov] | https://www.msh.state.ms.us/cms-hpt.txt [Hostname/IP does not match certificate's altnames: Host: www.msh.state.ms.us. is not in the cert's altnames: DNS:www.ms.gov, DNS:www.gcsd.ms.gov, DNS:www.mississippi.gov, DNS:mississippi.gov, DNS:www.dps.state.ms.us, DNS:www.transparency.mississippi.gov, DNS:www.msbmt.ms.gov, DNS:www.firstcircuitcourt.ms.gov, DNS:www.msbrpg.ms.gov, DNS:www.msbpa.ms.gov, DNS:www.charterschoolboard.ms.gov, DNS:www.highwaysafety.ms.gov, DNS:www.homelandsecurity.ms.gov, DNS:www.vhpb.ms.gov, DNS:www.women.ms.gov, DNS:www.ess.ms.gov, DNS:www.jobfairs.ms.gov, DNS:www.judicialperformance.ms.gov, DNS:www.psychologyboard.ms.gov, DNS:www.smsh.ms.gov, DNS:www.therez.ms.gov, DNS:www.wcc.ms.gov, DNS:www.mswcc.ms.gov, DNS:www.swmft.ms.gov, DNS:www.pcc.ms.gov, DNS:www.msbml.ms.gov, DNS:www.borf.ms.gov, DNS:www.drive.ms.gov, DNS:www.physicalfitness.ms.gov, DNS:www.auctioneers.ms.gov, DNS:www.mbp.ms.gov, DNS:www.peer.ms.gov, DNS:www.mdoc.ms.gov, DNS:www.driverservicebureau.dps.ms.gov, DNS:www.egov.ms.gov, DNS:www.hcua.ms.gov, DNS:www.mdrs.ms.gov, DNS:www.msbn.ms.gov, DNS:www.orp.ms.gov, DNS:www.pers.ms.gov, DNS:www.psc.ms.gov, DNS:www.ethics.ms.gov, DNS:www.giscouncil.ms.gov, DNS:www.transparency.ms.gov, DNS:www.access.ms.gov, DNS:www.dsb.dps.ms.gov, DNS:www.nibrs.dps.ms.gov, DNS:www.mpus.ms.gov, DNS:www.msautismboard.ms.gov, DNS:www.monticello.ms.gov, DNS:www.brc.ms.gov, DNS:www.grandgulfpark.ms.gov, DNS:www.coronavirus.ms.gov, DNS:www.msboa.ms.gov, DNS:www.forfeiture.ms.gov, DNS:www.mathiston.ms.gov, DNS:www.beaumont.ms.gov, DNS:www.pepls.ms.gov, DNS:www.dentalboard.ms.gov, DNS:www.psychiatry.msh.ms.gov, DNS:psychiatry.msh.ms.gov, DNS:www.nmrc.ms.gov, DNS:www.houston.ms.gov, DNS:www.beam.ms.gov, DNS:www.psychology.msh.ms.gov, DNS:www.mdcps.ms.gov, DNS:www.sunflowercounty.ms.gov, DNS:www.boxing.ms.gov, DNS:www.ng.ms.gov, DNS:www.mmcp.ms.gov, DNS:www.safetysummit.dps.ms.gov, DNS:www.emsh.ms.gov, DNS:www.mspip.ms.gov, DNS:www.pmp.mbp.ms.gov, DNS:pmp.mbp.ms.gov, DNS:www.forensicservices.msh.ms.gov, DNS:www.smrc.ms.gov, DNS:www.mmvc.ms.gov, DNS:www.mama.ms.gov, DNS:www.pwsd.ms.gov, DNS:www.eab.ms.gov, DNS:www.hrc.ms.gov, DNS:www.mspb.ms.gov, DNS:www.mehc.ms.gov, DNS:www.msbce.ms.gov, DNS:www.nmsh.ms.gov, DNS:www.msh.ms.gov, DNS:www.ospd.ms.gov, DNS:www.stf.ms.gov, DNS:www.msjrc.ms.gov, DNS:www.mhid.ms.gov, DNS:www.mab.ms.gov, DNS:www.msbpt.ms.gov, DNS:www.osa.ms.gov, DNS:www.abbeville.ms.gov, DNS:www.mayersville.ms.gov, DNS:www.rollingfork.ms.gov, DNS:www.ripley.ms.gov, DNS:ms.gov]",0,https://msh.state.ms.us/,,"Hostname/IP does not match certificate's altnames: Host: msh.state.ms.us. is not in the cert's altnames: DNS:www.ms.gov, DNS:www.gcsd.ms.gov, DNS:www.mississippi.gov, DNS:mississippi.gov, DNS:www.dps.state.ms.us, DNS:www.transparency.mississippi.gov, DNS:www.msbmt.ms.gov, DNS:www.firstcircuitcourt.ms.gov, DNS:www.msbrpg.ms.gov, DNS:www.msbpa.ms.gov, DNS:www.charterschoolboard.ms.gov, DNS:www.highwaysafety.ms.gov, DNS:www.homelandsecurity.ms.gov, DNS:www.vhpb.ms.gov, DNS:www.women.ms.gov, DNS:www.ess.ms.gov, DNS:www.jobfairs.ms.gov, DNS:www.judicialperformance.ms.gov, DNS:www.psychologyboard.ms.gov, DNS:www.smsh.ms.gov, DNS:www.therez.ms.gov, DNS:www.wcc.ms.gov, DNS:www.mswcc.ms.gov, DNS:www.swmft.ms.gov, DNS:www.pcc.ms.gov, DNS:www.msbml.ms.gov, DNS:www.borf.ms.gov, DNS:www.drive.ms.gov, DNS:www.physicalfitness.ms.gov, DNS:www.auctioneers.ms.gov, DNS:www.mbp.ms.gov, DNS:www.peer.ms.gov, DNS:www.mdoc.ms.gov, DNS:www.driverservicebureau.dps.ms.gov, DNS:www.egov.ms.gov, DNS:www.hcua.ms.gov, DNS:www.mdrs.ms.gov, DNS:www.msbn.ms.gov, DNS:www.orp.ms.gov, DNS:www.pers.ms.gov, DNS:www.psc.ms.gov, DNS:www.ethics.ms.gov, DNS:www.giscouncil.ms.gov, DNS:www.transparency.ms.gov, DNS:www.access.ms.gov, DNS:www.dsb.dps.ms.gov, DNS:www.nibrs.dps.ms.gov, DNS:www.mpus.ms.gov, DNS:www.msautismboard.ms.gov, DNS:www.monticello.ms.gov, DNS:www.brc.ms.gov, DNS:www.grandgulfpark.ms.gov, DNS:www.coronavirus.ms.gov, DNS:www.msboa.ms.gov, DNS:www.forfeiture.ms.gov, DNS:www.mathiston.ms.gov, DNS:www.beaumont.ms.gov, DNS:www.pepls.ms.gov, DNS:www.dentalboard.ms.gov, DNS:www.psychiatry.msh.ms.gov, DNS:psychiatry.msh.ms.gov, DNS:www.nmrc.ms.gov, DNS:www.houston.ms.gov, DNS:www.beam.ms.gov, DNS:www.psychology.msh.ms.gov, DNS:www.mdcps.ms.gov, DNS:www.sunflowercounty.ms.gov, DNS:www.boxing.ms.gov, DNS:www.ng.ms.gov, DNS:www.mmcp.ms.gov, DNS:www.safetysummit.dps.ms.gov, DNS:www.emsh.ms.gov, DNS:www.mspip.ms.gov, DNS:www.pmp.mbp.ms.gov, DNS:pmp.mbp.ms.gov, DNS:www.forensicservices.msh.ms.gov, DNS:www.smrc.ms.gov, DNS:www.mmvc.ms.gov, DNS:www.mama.ms.gov, DNS:www.pwsd.ms.gov, DNS:www.eab.ms.gov, DNS:www.hrc.ms.gov, DNS:www.mspb.ms.gov, DNS:www.mehc.ms.gov, DNS:www.msbce.ms.gov, DNS:www.nmsh.ms.gov, DNS:www.msh.ms.gov, DNS:www.ospd.ms.gov, DNS:www.stf.ms.gov, DNS:www.msjrc.ms.gov, DNS:www.mhid.ms.gov, DNS:www.mab.ms.gov, DNS:www.msbpt.ms.gov, DNS:www.osa.ms.gov, DNS:www.abbeville.ms.gov, DNS:www.mayersville.ms.gov, DNS:www.rollingfork.ms.gov, DNS:www.ripley.ms.gov, DNS:ms.gov",0,,,,,date-unverified,,,,2026-09-09T01:24:55.245Z
250004,NORTH MISSISSIPPI MEDICAL CENTER,MS,mrf-gone,mrf-url-unreachable,pointer-readable-review-required,0,https://nmhs.net/cms-hpt.txt [200],8,,,,1,404,,,,date-unverified,,,,2026-09-09T01:24:55.245Z
250042,NORTHWEST MISSISSISSIPPI REGIONAL MEDICAL CENTER,MS,name-ambiguous,not-assessed-not-named-in-file,mrf-reachable-review-required,0,https://deltahealthsystem.org/cms-hpt.txt [200],2,,,,1,,,,,date-unverified,,,,2026-09-09T01:24:55.251Z
251307,NOXUBEE GENERAL CRITICAL ACCESS HOSP,MS,stale-file,mrf-stale-over-365-days,mrf-reachable-review-required,0,https://ngcah.com/cms-hpt.txt [200],1,,,,1,206,,2024-11-01,,date-over-365-days,2.0.0,2024-11-01,2.0.0,2026-09-09T01:24:55.254Z
251322,OCHSNER LAIRD HOSPITAL,MS,name-ambiguous,not-assessed-not-named-in-file,mrf-reachable-review-required,0,https://ochsnerrush.org/cms-hpt.txt [200],26,,,,26,,,,,date-unverified,,,,2026-09-09T01:24:55.432Z
250162,OCHSNER MEDICAL CENTER-HANCOCK,MS,name-ambiguous,not-assessed-not-named-in-file,mrf-reachable-review-required,0,https://ochsner.org/cms-hpt.txt [200],26,,,,26,,,,,date-unverified,,,,2026-09-09T01:24:55.622Z
251323,OCHSNER SCOTT REGIONAL,MS,name-ambiguous,not-assessed-not-named-in-file,mrf-reachable-review-required,0,https://ochsnerrush.org/cms-hpt.txt [200],26,,,,26,,,,,date-unverified,,,,2026-09-09T01:24:55.813Z
251335,OCHSNER STENNIS MEMORIAL HOSPITAL,MS,name-ambiguous,not-assessed-not-named-in-file,mrf-reachable-review-required,0,https://ochsnerrush.org/cms-hpt.txt [200],26,,,,26,,,,,date-unverified,,,,2026-09-09T01:24:56.011Z
251316,OCHSNER WATKINS HOSPITAL,MS,name-ambiguous,not-assessed-not-named-in-file,mrf-reachable-review-required,0,https://ochsnerrush.org/cms-hpt.txt [200],26,,,,26,,,,,date-unverified,,,,2026-09-09T01:24:56.213Z
250017,PROGRESSIVE HEALTH GROUP OF HOUSTON,MS,html-soft-block,no-cms-hpt-txt-published,access-or-discovery-unresolved,0,https://traceregional.com/cms-hpt.txt [200] | https://www.traceregional.com/cms-hpt.txt [200],0,https://traceregional.com/,200,,0,,,,,date-unverified,,,,2026-09-09T01:24:56.215Z
251317,SIMPSON GENERAL HOSPITAL CAH,MS,stale-file,mrf-stale-over-365-days,mrf-reachable-review-required,0,https://simpsongeneral.com/cms-hpt.txt [200],1,,,,1,200,,2025-04-30,,date-over-365-days,3.0.0,2025-04-30,3.0.0,2026-09-09T01:24:56.219Z
251337,TIPPAH COUNTY HOSPITAL,MS,stale-file,mrf-stale-over-365-days,pointer-and-identity-verified,1,https://tippahcountyhospital.com/cms-hpt.txt [200],1,,,,1,206,https://www.tippahcountyhospital.com/assets/Uploads/646001350_tippah-county-hospital_standardcharges.csv?vid=3,2025-07-29,https://tippahcountyhospital.com/cms-hpt.txt,date-over-365-days,2.0.0,2025-07-29,2.0.0,2026-09-09T01:24:56.222Z
250002,TISHOMINGO HEALTH SERVICES INC,MS,mrf-gone,mrf-url-unreachable,mrf-reachable-review-required,0,https://nmhs.net/cms-hpt.txt [200],8,,,,4,404,,,,date-unverified,,,,2026-09-09T01:24:56.225Z
270012,BENEFIS HOSPITALS INC,MT,name-ambiguous,not-assessed-not-named-in-file,access-or-discovery-unresolved,0,https://benefis.org/cms-hpt.txt [403] | https://www.benefis.org/cms-hpt.txt [403],0,https://benefis.org/,403,,0,,,,,date-unverified,,,,2026-09-09T01:24:56.226Z
271311,BIG SANDY MEDICAL CENTER,MT,format-unusable,compliant-date-unverified,mrf-reachable-review-required,0,https://bsmc.org/cms-hpt.txt [200],1,,,,1,200,,,,date-unverified,,,,2026-09-09T01:24:56.226Z
270004,BILLINGS CLINIC HOSPITAL,MT,stale-file,mrf-stale-over-365-days,mrf-reachable-review-required,0,https://stillwaterbillingsclinic.com/cms-hpt.txt [200],3,,,,3,403,,,,date-unverified,,2025-01-01,2.2.0,2026-09-09T01:24:56.231Z
271389,BOZEMAN HEALTH BIG SKY MEDICAL CENTER,MT,stale-file,mrf-stale-over-365-days,pointer-and-identity-verified,1,https://bozemanhealth.org/cms-hpt.txt [200],2,,,,1,206,https://bozemanhealth.org/wp-content/uploads/2025/01/01/474718253_big-sky-medical-center_standardcharges.json,2024-11-19,https://bozemanhealth.org/cms-hpt.txt,date-over-365-days,2.2.0,2024-11-19,2.2.0,2026-09-09T01:24:56.234Z
270057,BOZEMAN HEALTH DEACONESS HOSPITAL,MT,stale-file,mrf-stale-over-365-days,mrf-reachable-review-required,0,https://bozemanhealth.org/cms-hpt.txt [200],2,,,,1,206,,2024-11-19,,date-over-365-days,2.2.0,2024-11-19,2.2.0,2026-09-09T01:24:56.236Z
271314,DEER LODGE MEDICAL CENTER,MT,old-template,old-template-version,mrf-reachable-review-required,0,https://dlmed.org/cms-hpt.txt [200],1,,,,1,206,,2026-01-01,,date-within-365-days-version-unverified,4.0.0,2026-01-01,4.0.0,2026-09-09T01:24:56.254Z
271332,GLENDIVE MEDICAL CENTER,MT,server-blocked,mrf-blocked-to-automation,pointer-readable-review-required,0,https://gmc.org/cms-hpt.txt [200],1,,,,1,403,,,,date-unverified,,,,2026-09-09T01:24:56.255Z
271329,MADISON VALLEY MEDICAL CENTER,MT,html-soft-block,no-cms-hpt-txt-published,access-or-discovery-unresolved,0,https://mvmedcenter.org/cms-hpt.txt [202] | https://www.mvmedcenter.org/cms-hpt.txt [202],0,https://mvmedcenter.org/,202,,0,,,,,date-unverified,,,,2026-09-09T01:24:56.257Z
271331,MINERAL COMMUNITY HOSPITAL,MT,format-unusable,compliant-date-unverified,mrf-reachable-review-required,0,https://mineralcommunityhospital.com/cms-hpt.txt [200],1,,,,1,200,,,,date-unverified,,,,2026-09-09T01:24:56.258Z
271324,PONDERA MEDICAL CENTER,MT,name-ambiguous,not-assessed-not-named-in-file,mrf-reachable-review-required,0,https://logan.org/cms-hpt.txt [200],6,,,,6,,,,,date-unverified,,,,2026-09-09T01:24:56.268Z
341322,ADVENT HEALTH POLK,NC,name-ambiguous,not-assessed-not-named-in-file,mrf-reachable-review-required,0,https://adventhealth.com/cms-hpt.txt [200],87,,,,45,,,,,date-unverified,,,,2026-09-09T01:24:56.502Z
341320,ALLEGHANY  MEMORIAL HOSPITAL,NC,manual-review,not-assessed-site-unreachable,access-or-discovery-unresolved,0,https://alleghanyhealth.org/cms-hpt.txt [202] | https://www.alleghanyhealth.org/cms-hpt.txt [202],0,https://alleghanyhealth.org/,202,,0,,,,,date-unverified,,,,2026-09-09T01:24:56.504Z
341325,ASHE MEMORIAL HOSPITAL,NC,mrf-gone,mrf-url-unreachable,pointer-readable-review-required,0,https://ashememorial.org/cms-hpt.txt [200],1,,,,1,404,,,,date-unverified,,,,2026-09-09T01:24:56.504Z
344025,BROUGHTON HOSPITAL,NC,file-404,no-cms-hpt-txt-published,access-or-discovery-unresolved,0,https://ncdhhs.gov/cms-hpt.txt [404] | https://www.ncdhhs.gov/cms-hpt.txt [404],0,https://ncdhhs.gov/,200,,0,,,,,date-unverified,,,,2026-09-09T01:24:56.506Z
344004,CENTRAL REGIONAL HOSPITAL,NC,file-404,no-cms-hpt-txt-published,access-or-discovery-unresolved,0,https://ncdhhs.gov/cms-hpt.txt [404] | https://www.ncdhhs.gov/cms-hpt.txt [404],0,https://ncdhhs.gov/,200,,0,,,,,date-unverified,,,,2026-09-09T01:24:56.507Z
344026,CHERRY HOSPITAL,NC,file-404,no-cms-hpt-txt-published,access-or-discovery-unresolved,0,https://ncdhhs.gov/cms-hpt.txt [404] | https://www.ncdhhs.gov/cms-hpt.txt [404],0,https://ncdhhs.gov/,200,,0,,,,,date-unverified,,,,2026-09-09T01:24:56.508Z
340068,COLUMBUS REGIONAL HEALTHCARE SYSTEM,NC,stale-file,mrf-stale-over-365-days,pointer-and-identity-verified,1,https://crhealthcare.org/cms-hpt.txt [200],1,,,,1,206,"https://sthpiprd.blob.core.windows.net/machine-readable-files/11292/560538020_columbus-regional-healthcare-system,-inc_standardcharges.csv",2025-09-01,https://crhealthcare.org/cms-hpt.txt,date-over-365-days,3.0.0,2025-09-01,3.0.0,2026-09-09T01:24:56.513Z
340127,GRANVILLE HEALTH SYSTEMS,NC,stale-file,mrf-stale-over-365-days,mrf-reachable-review-required,0,https://ghshospital.org/cms-hpt.txt [200],1,,,,1,206,,2025-08-05,,date-over-365-days,2.0.0,2025-08-05,2.0.0,2026-09-09T01:24:56.515Z
344036,IREDELL DAVIS BEHAVIORAL HEALTH HOSPITAL,NC,format-unusable,compliant-date-unverified,pointer-readable-review-required,0,https://iredelldavis.org/cms-hpt.txt [200],2,,,,1,,,,,date-unverified,,,,2026-09-09T01:24:56.515Z
340039,IREDELL MEMORIAL HOSPITAL INC,NC,format-unusable,compliant-date-unverified,pointer-readable-review-required,0,https://iredellphysiciannetwork.com/cms-hpt.txt [200],2,,,,1,,,,,date-unverified,,,,2026-09-09T01:24:56.515Z
340090,JOHNSTON HEALTH,NC,format-unusable,compliant-date-unverified,pointer-readable-review-required,0,https://unchealth.org/cms-hpt.txt [200],21,,,,1,,,,,date-unverified,,,,2026-09-09T01:24:56.515Z
344023,JULIAN F KEITH ALCOHOL & DRUG ABUSE TX,NC,file-404,no-cms-hpt-txt-published,access-or-discovery-unresolved,0,https://ncdhhs.gov/cms-hpt.txt [404] | https://www.ncdhhs.gov/cms-hpt.txt [404],0,https://ncdhhs.gov/,200,,0,,,,,date-unverified,,,,2026-09-09T01:24:56.517Z
340096,LEXINGTON MEMORIAL HOSPITAL INC,NC,name-ambiguous,not-assessed-not-named-in-file,mrf-reachable-review-required,0,https://wakehealth.edu/cms-hpt.txt [200],5,,,,5,,,,,date-unverified,,,,2026-09-09T01:24:56.542Z
340047,NORTH CAROLINA BAPTIST HOSPITAL,NC,name-ambiguous,not-assessed-not-named-in-file,mrf-reachable-review-required,0,https://wakehealth.edu/cms-hpt.txt [200],5,,,,5,,,,,date-unverified,,,,2026-09-09T01:24:56.572Z
340049,NORTH CAROLINA SPECIALTY HOSPITAL,NC,format-unusable,compliant-date-unverified,pointer-readable-review-required,0,https://ncspecialty.com/cms-hpt.txt [200],1,,,,1,,,,,date-unverified,,,,2026-09-09T01:24:56.572Z
340042,ONSLOW MEMORIAL HOSPITAL,NC,format-unusable,compliant-date-unverified,mrf-reachable-review-required,0,https://onslow.org/cms-hpt.txt [200],1,,,,1,206,,,,date-unverified,,,,2026-09-09T01:24:56.572Z
340010,UNC HEALTH CARE WAYNE,NC,format-unusable,compliant-date-unverified,pointer-readable-review-required,0,https://unchealth.org/cms-hpt.txt [200],21,,,,1,,,,,date-unverified,,,,2026-09-09T01:24:56.572Z
340061,UNC HOSPITALS,NC,format-unusable,compliant-date-unverified,pointer-readable-review-required,0,https://unchealth.org/cms-hpt.txt [200],21,,,,1,,,,,date-unverified,,,,2026-09-09T01:24:56.572Z
340060,UNC ROCKINGHAM,NC,format-unusable,compliant-date-unverified,pointer-readable-review-required,0,https://unchealth.org/cms-hpt.txt [200],21,,,,2,,,,,date-unverified,,,,2026-09-09T01:24:56.572Z
344033,WALTER B JONES CENTER LAKESIDE PSYCHIATRIC HOSPITA,NC,file-404,no-cms-hpt-txt-published,access-or-discovery-unresolved,0,https://ncdhhs.gov/cms-hpt.txt [404] | https://www.ncdhhs.gov/cms-hpt.txt [404],0,https://ncdhhs.gov/,200,,0,,,,,date-unverified,,,,2026-09-09T01:24:56.574Z
351326,FIRST CARE HEALTH CENTER,ND,format-unusable,compliant-date-unverified,mrf-reachable-review-required,0,https://firstcarehc.com/cms-hpt.txt [200],1,,,,1,206,,,,date-unverified,,,,2026-09-09T01:24:56.574Z
351335,JAMESTOWN REGIONAL MEDICAL CENTER,ND,format-unusable,compliant-date-unverified,mrf-reachable-review-required,0,https://jrmcnd.com/cms-hpt.txt [200],1,,,,1,200,,,,date-unverified,,,,2026-09-09T01:24:56.575Z
351328,LINTON HOSPITAL - CAH,ND,format-unusable,compliant-date-unverified,mrf-reachable-review-required,0,https://lintonregionalmedicalcenter.org/cms-hpt.txt [200],1,,,,1,200,,,,date-unverified,,,,2026-09-09T01:24:56.575Z
351316,PRESENTATION MEDICAL CENTER,ND,name-ambiguous,not-assessed-not-named-in-file,mrf-reachable-review-required,0,https://smphealth.org/cms-hpt.txt [200],3,,,,3,,,,,date-unverified,,,,2026-09-09T01:24:56.575Z
351327,SMP HEALTH ST ALOISIUS,ND,format-unusable,compliant-date-unverified,mrf-reachable-review-required,0,https://smphealth.org/cms-hpt.txt [200],3,,,,3,200,,,,date-unverified,,,,2026-09-09T01:24:56.575Z
351321,SOUTH CENTRAL HEALTH,ND,html-soft-block,no-cms-hpt-txt-published,access-or-discovery-unresolved,0,https://schealthnd.com/cms-hpt.txt [202] | https://www.schealthnd.com/cms-hpt.txt [202],0,https://schealthnd.com/,202,,0,,,,,date-unverified,,,,2026-09-09T01:24:56.577Z
351313,SOUTHWEST HEALTHCARE SERVICES,ND,old-template,old-template-version,pointer-and-identity-verified,1,https://swhealthcare.net/cms-hpt.txt [200],1,,,,1,200,https://swhealthcare.net/file_download/inline/c967a943-4246-45d6-9ff2-8222bb15dc86,2025-10-16,https://swhealthcare.net/file_download/inline/6a1de74d-5341-449e-8339-9ff3e2f6e18d,date-within-365-days-older-version,2.0.0,2025-10-16,2.0.0,2026-09-09T01:24:56.578Z
351307,ST ANDREW'S HOSPITAL,ND,format-unusable,compliant-date-unverified,mrf-reachable-review-required,0,https://smphealth.org/cms-hpt.txt [200],3,,,,1,200,,,,date-unverified,,,,2026-09-09T01:24:56.579Z
351300,TIOGA MEDICAL CENTER,ND,format-unusable,compliant-date-unverified,mrf-reachable-review-required,0,https://tiogahealth.org/cms-hpt.txt [200],1,,,,1,200,,,,date-unverified,,,,2026-09-09T01:24:56.579Z
281314,ANNIE JEFFREY MEMORIAL COUNTY HEALTH CENTER,NE,connection-dead,not-assessed-site-unreachable,access-or-discovery-unresolved,0,https://ajhc.org/cms-hpt.txt [Client network socket disconnected before secure TLS connection was established] | https://www.ajhc.org/cms-hpt.txt [request timeout],0,https://ajhc.org/,,Client network socket disconnected before secure TLS connection was established,0,,,,,date-unverified,,,,2026-09-09T01:24:56.580Z
281326,ANTELOPE MEMORIAL HOSPITAL,NE,server-blocked,mrf-blocked-to-automation,pointer-readable-review-required,0,https://amhne.org/cms-hpt.txt [200],1,,,,2,403,,,,date-unverified,,,,2026-09-09T01:24:56.580Z
281331,AVERA CREIGHTON HOSPITAL,NE,old-template,old-template-version,access-or-discovery-unresolved,0,https://avera.org/cms-hpt.txt [403] | https://www.avera.org/cms-hpt.txt [403],0,https://avera.org/,403,,1,403,,,,date-unverified,,2026-04-01,4.0.0,2026-09-09T01:24:56.581Z
281329,AVERA ST ANTHONY'S HOSPITAL,NE,old-template,old-template-version,access-or-discovery-unresolved,0,https://avera.org/cms-hpt.txt [403] | https://www.avera.org/cms-hpt.txt [403],0,https://avera.org/,403,,1,403,,,,date-unverified,,2026-04-01,4.0.0,2026-09-09T01:24:56.582Z
281364,"BEATRICE COMMUNITY HOSPITAL & HEALTH CENTER, INC",NE,format-unusable,compliant-date-unverified,mrf-reachable-review-required,0,https://beatricecommunityhospital.com/cms-hpt.txt [200],1,,,,1,200,,,,date-unverified,,,,2026-09-09T01:24:56.583Z
281334,BOONE COUNTY HEALTH CENTER,NE,format-unusable,compliant-date-unverified,mrf-reachable-review-required,0,https://boonecohealth.org/cms-hpt.txt [200],1,,,,1,200,,,,date-unverified,,,,2026-09-09T01:24:56.583Z
281325,BROWN COUNTY HOSPITAL,NE,format-unusable,compliant-date-unverified,mrf-reachable-review-required,0,https://browncountyhospital.org/cms-hpt.txt [200],1,,,,1,200,,,,date-unverified,,,,2026-09-09T01:24:56.583Z
281332,BUTLER COUNTY HEALTH,NE,format-unusable,compliant-date-unverified,mrf-reachable-review-required,0,https://bchccnet.org/cms-hpt.txt [200],1,,,,1,200,,,,date-unverified,,,,2026-09-09T01:24:56.583Z
281335,CALLAWAY DISTRICT HOSPITAL,NE,format-unusable,compliant-date-unverified,mrf-reachable-review-required,0,https://callawayhospital.org/cms-hpt.txt [200],1,,,,1,200,,,,date-unverified,,,,2026-09-09T01:24:56.583Z
281352,"COMMUNITY MEDICAL CENTER, INC",NE,connection-dead,not-assessed-site-unreachable,access-or-discovery-unresolved,0,https://hospitalcharges.cmcfc.org/cms-hpt.txt [Client network socket disconnected before secure TLS connection was established] | https://www.hospitalcharges.cmcfc.org/cms-hpt.txt [request timeout],0,https://hospitalcharges.cmcfc.org/,,Client network socket disconnected before secure TLS connection was established,0,,,,,date-unverified,,,,2026-09-09T01:24:56.584Z
281327,COZAD COMMUNITY HOSPITAL,NE,format-unusable,compliant-date-unverified,mrf-reachable-review-required,0,https://cozadhealthcare.com/cms-hpt.txt [200],1,,,,1,200,,,,date-unverified,,,,2026-09-09T01:24:56.584Z
284009,DOUGLAS COUNTY COMMUNITY MENTAL HEALTH CENTER,NE,manual-review,mrf-blocked-to-automation,access-or-discovery-unresolved,0,https://cmhc.douglascounty-ne.gov/cms-hpt.txt [403] | https://www.cmhc.douglascounty-ne.gov/cms-hpt.txt [getaddrinfo ENOTFOUND www.cmhc.douglascounty-ne.gov],0,https://cmhc.douglascounty-ne.gov/,403,,1,403,,,,date-unverified,,,,2026-09-09T01:24:56.585Z
281340,DUNDY COUNTY HOSPITAL,NE,format-unusable,compliant-date-unverified,mrf-reachable-review-required,0,https://dchbenkelman.com/cms-hpt.txt [200],1,,,,1,200,,,,date-unverified,,,,2026-09-09T01:24:56.586Z
281312,GENOA COMMUNITY HOSPITAL,NE,format-unusable,compliant-date-unverified,mrf-reachable-review-required,0,https://genoamedical.org/cms-hpt.txt [200],1,,,,1,200,,,,date-unverified,,,,2026-09-09T01:24:56.586Z
281358,GORDON MEMORIAL HOSPITAL DISTRICT,NE,format-unusable,compliant-date-unverified,mrf-reachable-review-required,0,https://gordonmemorial.org/cms-hpt.txt [200],1,,,,1,200,,,,date-unverified,,,,2026-09-09T01:24:56.586Z
281313,GOTHENBURG HEALTH,NE,format-unusable,compliant-date-unverified,mrf-reachable-review-required,0,https://gothenburghealth.org/cms-hpt.txt [200],1,,,,1,200,,,,date-unverified,,,,2026-09-09T01:24:56.586Z
280065,GREAT PLAINS HEALTH,NE,format-unusable,compliant-date-unverified,mrf-reachable-review-required,0,https://gphealth.org/cms-hpt.txt [certificate has expired] | https://www.gphealth.org/cms-hpt.txt [request timeout],0,https://gphealth.org/,,certificate has expired,1,200,,,,date-unverified,,,,2026-09-09T01:24:56.587Z
281338,HOWARD COUNTY MEDICAL CENTER,NE,html-soft-block,no-cms-hpt-txt-published,access-or-discovery-unresolved,0,https://search.hospitalpriceindex.com/cms-hpt.txt [200] | https://www.search.hospitalpriceindex.com/cms-hpt.txt [request timeout],0,https://search.hospitalpriceindex.com/,200,,0,,,,,date-unverified,,,,2026-09-09T01:24:56.588Z
281350,JOHNSON COUNTY HOSPITAL,NE,format-unusable,compliant-date-unverified,mrf-reachable-review-required,0,https://jchosp.com/cms-hpt.txt [200],1,,,,1,200,,,,date-unverified,,,,2026-09-09T01:24:56.589Z
281306,KEARNEY COUNTY HEALTH SERVICES HOSPITAL,NE,format-unusable,compliant-date-unverified,mrf-reachable-review-required,0,https://kchs.org/cms-hpt.txt [200],1,,,,1,200,,,,date-unverified,,,,2026-09-09T01:24:56.589Z
280134,KEARNEY REGIONAL MEDICAL CENTER,NE,stale-file,mrf-stale-over-365-days,access-or-discovery-unresolved,0,https://bryanhealth.com/cms-hpt.txt [403] | https://www.bryanhealth.com/cms-hpt.txt [request timeout],0,https://bryanhealth.com/,403,,1,403,,,,date-unverified,,2025-07-01,3.0.0,2026-09-09T01:24:56.590Z
281320,MEMORIAL HOSPITAL,NE,name-ambiguous,not-assessed-not-named-in-file,mrf-reachable-review-required,0,https://upmc.com/cms-hpt.txt [200],39,,,,30,,,,,date-unverified,,,,2026-09-09T01:24:56.709Z
281318,MORRILL COUNTY COMMUNITY HOSPITAL,NE,format-unusable,compliant-date-unverified,mrf-reachable-review-required,0,https://morrillcountyhospital.com/cms-hpt.txt [200],1,,,,1,200,,,,date-unverified,,,,2026-09-09T01:24:56.709Z
281355,OGALLALA COMMUNITY HOSPITAL,NE,waf-blocked,pointer-blocked-to-automation,access-or-discovery-unresolved,0,https://bannerhealth.com/cms-hpt.txt [Parse Error: Header overflow] | https://www.bannerhealth.com/cms-hpt.txt [Parse Error: Header overflow],0,https://bannerhealth.com/,,Parse Error: Header overflow,0,,,,,date-unverified,,,,2026-09-09T01:24:56.711Z
281349,PENDER COMMUNITY HOSPITAL,NE,format-unusable,compliant-date-unverified,mrf-reachable-review-required,0,https://pchne.org/cms-hpt.txt [200],1,,,,1,200,,,,date-unverified,,,,2026-09-09T01:24:56.711Z
281333,ROCK COUNTY HOSPITAL,NE,format-unusable,compliant-date-unverified,mrf-reachable-review-required,0,https://rockcountyhospital.com/cms-hpt.txt [200],1,,,,1,200,,,,date-unverified,,,,2026-09-09T01:24:56.711Z
281357,SIDNEY REGIONAL MEDICAL CENTER,NE,mrf-gone,mrf-url-unreachable,pointer-readable-review-required,0,https://sidneyrmc.com/cms-hpt.txt [200],1,,,,1,404,,,,date-unverified,,,,2026-09-09T01:24:56.711Z
281309,SYRACUSE AREA HEALTH,NE,format-unusable,compliant-date-unverified,mrf-reachable-review-required,0,https://syracuseareahealth.com/cms-hpt.txt [200],1,,,,1,200,,,,date-unverified,,,,2026-09-09T01:24:56.711Z
281304,THAYER COUNTY HEALTH SERVICES,NE,format-unusable,compliant-date-unverified,mrf-reachable-review-required,0,https://thayercountyhealth.com/cms-hpt.txt [200],1,,,,1,200,,,,date-unverified,,,,2026-09-09T01:24:56.711Z
281353,VALLEY COUNTY HEALTH SYSTEM,NE,connection-dead,not-assessed-site-unreachable,access-or-discovery-unresolved,0,https://shop.valleycountyhealthsystem.org/cms-hpt.txt [Client network socket disconnected before secure TLS connection was established] | https://www.shop.valleycountyhealthsystem.org/cms-hpt.txt [getaddrinfo ENOTFOUND www.shop.valleycountyhealthsystem.org],0,https://shop.valleycountyhealthsystem.org/,,Client network socket disconnected before secure TLS connection was established,0,,,,,date-unverified,,,,2026-09-09T01:24:56.713Z
281316,WEBSTER COUNTY COMMUNITY HOSPITAL,NE,format-unusable,compliant-date-unverified,mrf-reachable-review-required,0,https://websterhospital.org/cms-hpt.txt [200],1,,,,1,200,,,,date-unverified,,,,2026-09-09T01:24:56.713Z
281343,WEST HOLT MEMORIAL HOSPITAL,NE,format-unusable,compliant-date-unverified,mrf-reachable-review-required,0,https://westholtmed.org/cms-hpt.txt [request timeout] | https://www.westholtmed.org/cms-hpt.txt [request timeout],0,https://westholtmed.org/,200,,1,200,,,,date-unverified,,,,2026-09-09T01:24:56.714Z
301305,ALICE PECK DAY MEMORIAL HOSPITAL,NH,dns-dead,not-assessed-site-unreachable,access-or-discovery-unresolved,0,https://alicepeckday.org/cms-hpt.txt [getaddrinfo ENOTFOUND alicepeckday.org] | https://www.alicepeckday.org/cms-hpt.txt [getaddrinfo EAI_AGAIN www.alicepeckday.org],0,https://alicepeckday.org/,,getaddrinfo ENOTFOUND alicepeckday.org,0,,,,,date-unverified,,,,2026-09-09T01:24:56.715Z
300019,CHESHIRE MEDICAL CENTER,NH,dns-dead,not-assessed-site-unreachable,access-or-discovery-unresolved,0,https://cheshiremed.org/cms-hpt.txt [getaddrinfo ENOTFOUND cheshiremed.org] | https://www.cheshiremed.org/cms-hpt.txt [getaddrinfo EAI_AGAIN www.cheshiremed.org],0,https://cheshiremed.org/,,request timeout,0,,,,,date-unverified,,,,2026-09-09T01:24:56.716Z
301301,COTTAGE HOSPITAL,NH,waf-blocked,pointer-blocked-to-automation,access-or-discovery-unresolved,0,https://cottagehospital.org/cms-hpt.txt [403] | https://www.cottagehospital.org/cms-hpt.txt [403],0,https://cottagehospital.org/,403,,0,,,,,date-unverified,,,,2026-09-09T01:24:56.717Z
300023,EXETER HOSPITAL INC,NH,connection-dead,not-assessed-site-unreachable,access-or-discovery-unresolved,0,https://exeterhospital.com/cms-hpt.txt [request deadline exceeded] | https://www.exeterhospital.com/cms-hpt.txt [request deadline exceeded],0,https://exeterhospital.com/,,request deadline exceeded,0,,,,,date-unverified,,,,2026-09-09T01:24:56.718Z
300003,MARY HITCHCOCK MEMORIAL HOSPITAL,NH,dns-dead,not-assessed-site-unreachable,access-or-discovery-unresolved,0,https://dartmouth-hitchcock.org/cms-hpt.txt [request timeout] | https://www.dartmouth-hitchcock.org/cms-hpt.txt [request timeout],0,https://dartmouth-hitchcock.org/,,request timeout,0,,,,,date-unverified,,,,2026-09-09T01:24:56.719Z
301308,VALLEY REGIONAL HOSPITAL,NH,dns-dead,not-assessed-site-unreachable,access-or-discovery-unresolved,0,https://vrh.org/cms-hpt.txt [request timeout] | https://www.vrh.org/cms-hpt.txt [request timeout],0,https://vrh.org/,,request timeout,0,,,,,date-unverified,,,,2026-09-09T01:24:56.720Z
310115,AHS HOSPITAL CORP,NJ,name-ambiguous,not-assessed-not-named-in-file,access-or-discovery-unresolved,0,https://atlantichealth.org/cms-hpt.txt [request timeout] | https://www.atlantichealth.org/cms-hpt.txt [request timeout],0,https://atlantichealth.org/,200,,0,,,,,date-unverified,,,,2026-09-09T01:24:56.722Z
310064,ATLANTICARE REGIONAL MEDICAL CENTER - CITY CAMPUS,NJ,name-ambiguous,not-assessed-not-named-in-file,pointer-readable-review-required,0,https://atlanticare.org/cms-hpt.txt [request timeout] | https://www.atlanticare.org/cms-hpt.txt [200],2,,,,1,,,,,date-unverified,,,,2026-09-09T01:24:56.723Z
310011,CAPE REGIONAL MEDICAL CENTER INC,NJ,connection-dead,not-assessed-site-unreachable,access-or-discovery-unresolved,0,https://caperegional.com/cms-hpt.txt [request timeout] | https://www.caperegional.com/cms-hpt.txt [getaddrinfo ENOTFOUND www.caperegional.com],0,https://caperegional.com/,,getaddrinfo ENOTFOUND www.caperegional.com,0,,,,,date-unverified,,,,2026-09-09T01:24:56.724Z
310025,CAREPOINT HEALTH - BAYONNE MEDICAL CENTER,NJ,name-ambiguous,not-assessed-not-named-in-file,mrf-reachable-review-required,0,https://carepointhealth.org/cms-hpt.txt [request timeout] | https://www.carepointhealth.org/cms-hpt.txt [200],3,,,,3,,,,,date-unverified,,,,2026-09-09T01:24:56.733Z
310083,CAREWELL HEALTH MEDICAL CENTER,NJ,file-404,no-cms-hpt-txt-published,access-or-discovery-unresolved,0,https://carewellhealth.org/cms-hpt.txt [request timeout] | https://www.carewellhealth.org/cms-hpt.txt [404],0,https://carewellhealth.org/,200,,0,,,,,date-unverified,,,,2026-09-09T01:24:56.735Z
310045,ENGLEWOOD HOSPITAL AND MEDICAL CENTER,NJ,format-unusable,compliant-date-unverified,pointer-readable-review-required,0,https://englewoodhealth.org/cms-hpt.txt [200],1,,,,1,,,,,date-unverified,,,,2026-09-09T01:24:56.736Z
310016,HEIGHTS UNIVERSITY HOSPITAL,NJ,name-ambiguous,not-assessed-not-named-in-file,mrf-reachable-review-required,0,https://carepointhealth.org/cms-hpt.txt [request timeout] | https://www.carepointhealth.org/cms-hpt.txt [200],3,,,,3,,,,,date-unverified,,,,2026-09-09T01:24:56.742Z
310008,HOLY NAME MEDICAL CENTER,NJ,format-unusable,compliant-date-unverified,mrf-reachable-review-required,0,https://holyname.org/cms-hpt.txt [200],1,,,,1,200,,,,date-unverified,,,,2026-09-09T01:24:56.742Z
310118,HUDSON REGIONAL HOSPITAL,NJ,name-ambiguous,not-assessed-not-named-in-file,mrf-reachable-review-required,0,https://hudsonregionalhospital.com/cms-hpt.txt [200],3,,,,3,,,,,date-unverified,,,,2026-09-09T01:24:56.747Z
310070,SAINT PETER'S UNIVERSITY HOSPITAL,NJ,old-template,old-template-version,pointer-and-identity-verified,1,https://saintpetershcs.com/cms-hpt.txt [200],1,,,,1,206,https://www.saintpetershcs.com/getmedia/0238f139-9e06-434b-a0ed-5d387f0e892e/221487330_Saint-Peters-University-Hospital_standard-charges_1.csv,2025-11-19,https://www.saintpetershcs.com/cms-hpt.txt,date-within-365-days-older-version,2.0.0,2025-11-19,2.0.0,2026-09-09T01:24:56.750Z
310047,SHORE MEDICAL CENTER,NJ,format-unusable,compliant-date-unverified,pointer-readable-review-required,0,https://shoremedicalcenter.org/cms-hpt.txt [200],1,,,,1,,,,,date-unverified,,,,2026-09-09T01:24:56.750Z
313302,WEISMAN CHILDRENS REHABILITATION HOSPITAL,NJ,server-blocked,pointer-blocked-to-automation,access-or-discovery-unresolved,0,https://weismanchildrens.com/cms-hpt.txt [403] | https://www.weismanchildrens.com/cms-hpt.txt [403],0,https://weismanchildrens.com/,403,,0,,,,,date-unverified,,,,2026-09-09T01:24:56.752Z
310022,WEST JERSEY HOSPITAL,NJ,name-ambiguous,not-assessed-not-named-in-file,mrf-reachable-review-required,0,https://virtua.org/cms-hpt.txt [200],5,,,,5,,,,,date-unverified,,,,2026-09-09T01:24:56.770Z
320779,GUADALUPE COUNTY HOSPITAL,NM,format-unusable,compliant-date-unverified,mrf-reachable-review-required,0,https://gchnm.org/cms-hpt.txt [200],1,,,,1,200,,,,date-unverified,,,,2026-09-09T01:24:56.770Z
321313,REHOBOTH MCKINLEY CHRISTIAN HEALTH CARE SERVICES,NM,format-unusable,compliant-date-unverified,mrf-reachable-review-required,0,https://rmchcs.org/cms-hpt.txt [200],1,,,,1,200,,,,date-unverified,,,,2026-09-09T01:24:56.771Z
320001,UNM HOSPITAL,NM,name-ambiguous,not-assessed-not-named-in-file,mrf-reachable-review-required,0,https://unmhealth.org/cms-hpt.txt [200],2,,,,1,,,,,date-unverified,,,,2026-09-09T01:24:56.773Z
291313,BANNER CHURCHILL COMMUNITY HOSPITAL,NV,waf-blocked,pointer-blocked-to-automation,access-or-discovery-unresolved,0,https://bannerhealth.com/cms-hpt.txt [Parse Error: Header overflow] | https://www.bannerhealth.com/cms-hpt.txt [Parse Error: Header overflow],0,https://bannerhealth.com/,,Parse Error: Header overflow,0,,,,,date-unverified,,,,2026-09-09T01:24:56.775Z
291303,BATTLE MOUNTAIN GENERAL HOSPITAL,NV,old-template,old-template-version,pointer-and-identity-verified,1,https://bmgh.org/cms-hpt.txt [200],1,,,,1,206,https://bmgh.org/resources/public-pricing/880186024_BattleMountainGeneralHospital_standardcharges-2026.csv,2026-01-05,https://bmgh.org/cms-hpt.txt,date-within-365-days-older-version,2.0.0,2026-01-05,2.0.0,2026-09-09T01:24:56.776Z
291309,BOULDER CITY HOSPITAL,NV,old-template,old-template-version,pointer-and-identity-verified,1,https://bchcares.org/cms-hpt.txt [200],1,,,,1,206,https://bchcares.org/880065829_boulder-city-hospital_standard-charges.csv,2025-09-30,https://bchcares.org/cms-hpt.txt,date-within-365-days-older-version,2.0.0,2025-09-30,2.0.0,2026-09-09T01:24:56.778Z
290019,CARSON TAHOE REGIONAL MEDICAL CENTER,NV,waf-blocked,pointer-blocked-to-automation,pointer-and-identity-verified,1,https://carsontahoe.com/cms-hpt.txt [200],1,,,,1,,https://apim.services.craneware.com/api-pricing-transparency/api/public/633d776663e0de8f00d1b829ca9ce867/charges/mrf,2026-03-25,https://www.carsontahoe.com/cms-hpt.txt,date-within-365-days-version-3,3.0.0,,,2026-09-09T01:24:56.780Z
291306,CARSON VALLEY HEALTH,NV,format-unusable,compliant-date-unverified,mrf-reachable-review-required,0,https://carsonvalleyhealth.org/cms-hpt.txt [403] | https://www.carsonvalleyhealth.org/cms-hpt.txt [403],0,https://carsonvalleyhealth.org/,200,,1,200,,2026-03-27,,date-within-365-days-version-3,3.0.0,,,2026-09-09T01:24:56.783Z
291300,MOUNT GRANT GENERAL HOSPITAL,NV,mrf-gone,mrf-url-unreachable,pointer-readable-review-required,0,https://mgghnv.org/cms-hpt.txt [200],1,,,,1,404,,,,date-unverified,,,,2026-09-09T01:24:56.784Z
290039,MOUNTAINVIEW HOSPITAL,NV,stale-file,mrf-stale-over-365-days,mrf-reachable-review-required,0,https://mountainview-hospital.com/cms-hpt.txt [200],4,,,,1,206,,2024-10-01,,date-over-365-days,2.2.0,2024-10-01,2.2.0,2026-09-09T01:24:56.785Z
291304,PERSHING GENERAL HOSPITAL,NV,stale-file,mrf-stale-over-365-days,pointer-and-identity-verified,1,https://pershinghospital.org/cms-hpt.txt [200],1,,,,1,206,https://www.pershinghospital.org/_files/ugd/b92894_afcb05069cf44bbe9414cb42fedd43cc.csv?dn=880201578_PERSHING-GENERAL-HOSPITAL_standardcharges.csv,2024-10-15,https://ad3230b5-b9c7-4f2c-a14b-3d713fd2a267.usrfiles.com/ugd/ad3230_89792fb0bf314ed0a68f669819044727.txt,date-over-365-days,2.0.0,2024-10-15,2.0.0,2026-09-09T01:24:56.786Z
294015,"RENO BEHAVIORAL HEALTHCARE HOSPITAL, LLC",NV,name-ambiguous,not-assessed-not-named-in-file,mrf-reachable-review-required,0,https://renobehavioral.com/cms-hpt.txt [200],10,,,,10,,,,,date-unverified,,,,2026-09-09T01:24:56.899Z
290001,RENOWN REGIONAL MEDICAL CENTER,NV,server-blocked,pointer-blocked-to-automation,access-or-discovery-unresolved,0,https://renown.org/cms-hpt.txt [429] | https://www.renown.org/cms-hpt.txt [429],0,https://renown.org/,429,,0,,,,,date-unverified,,,,2026-09-09T01:24:56.902Z
290049,RENOWN SOUTH MEADOWS MEDICAL CENTER,NV,server-blocked,pointer-blocked-to-automation,access-or-discovery-unresolved,0,https://renown.org/cms-hpt.txt [429] | https://www.renown.org/cms-hpt.txt [429],0,https://renown.org/,429,,0,,,,,date-unverified,,,,2026-09-09T01:24:56.904Z
291314,SOUTH LYON MEDICAL CENTER,NV,format-unusable,compliant-date-unverified,mrf-reachable-review-required,0,https://slmcnv.org/cms-hpt.txt [200],1,,,,1,200,,,,date-unverified,,,,2026-09-09T01:24:56.905Z
290046,SPRING VALLEY HOSPITAL MEDICAL CENTER,NV,waf-blocked,pointer-blocked-to-automation,access-or-discovery-unresolved,0,https://springvalleyhospital.com/cms-hpt.txt [403] | https://www.springvalleyhospital.com/cms-hpt.txt [403],0,https://springvalleyhospital.com/,403,,0,,,,,date-unverified,,,,2026-09-09T01:24:56.906Z
290003,SUNRISE HOSPITAL AND MEDICAL CENTER,NV,stale-file,mrf-stale-over-365-days,pointer-and-identity-verified,1,https://sunrisehospital.com/cms-hpt.txt [200],16,,,,1,206,https://core.secure.ehc.com/src/util/json-detail-price-list/62-1762537_sunrise-hospital-and-medical-center_standardcharges.json,2024-10-01,https://sunrisehospital.com/cms-hpt.txt,date-over-365-days,2.2.0,2024-10-01,2.2.0,2026-09-09T01:24:56.908Z
330013,ALBANY MEDICAL CENTER HOSPITAL,NY,format-unusable,compliant-date-unverified,pointer-readable-review-required,0,https://amc.edu/cms-hpt.txt [200],4,,,,1,,,,,date-unverified,,,,2026-09-09T01:24:56.908Z
330090,ARNOT OGDEN MEDICAL CENTER,NY,format-unusable,compliant-date-unverified,pointer-and-identity-verified,1,https://arnothealth.org/cms-hpt.txt [200],5,,,,1,200,https://CayugaHealth.pt.panaceainc.com/MRFDownload/CayugaHealth/aomc,2026-03-27,https://arnothealth.org/cms-hpt.txt,date-within-365-days-version-3,3.0.0,,,2026-09-09T01:24:56.913Z
330235,AUBURN  COMMUNITY  HOSPITAL,NY,stale-file,mrf-stale-over-365-days,pointer-and-identity-verified,1,https://auburnhospital.org/cms-hpt.txt [200],1,,,,1,206,https://www.auburnhospital.org/wp-content/uploads/2025/01/150532054_auburn-community-hospital_standardcharges-2.zip,2025-01-19,https://www.auburnhospital.org/cms-hpt.txt,date-over-365-days,2.0.0,2025-01-19,2.0.0,2026-09-09T01:24:56.917Z
330204,BELLEVUE HOSPITAL CENTER,NY,format-unusable,compliant-date-unverified,pointer-and-identity-verified,1,https://nychealthandhospitals.org/cms-hpt.txt [200],12,,,,1,200,https://nychh.pt.panaceainc.com/MRFDownload/nychh/bellevue,2026-09-05,https://www.nychealthandhospitals.org/cms-hpt.txt,date-within-365-days-version-3,3.0.0,,,2026-09-09T01:24:56.927Z
333301,BLYTHEDALE CHILDREN'S HOSPITAL,NY,mrf-gone,mrf-url-unreachable,pointer-readable-review-required,0,https://blythedale.org/cms-hpt.txt [200],1,,,,1,404,,,,date-unverified,,,,2026-09-09T01:24:56.927Z
330009,BRONXCARE HOSPITAL CENTER,NY,name-ambiguous,not-assessed-not-named-in-file,mrf-reachable-review-required,0,https://bronxcare.org/cms-hpt.txt [200],2,,,,2,,,,,date-unverified,,,,2026-09-09T01:24:56.945Z
334022,BRYLIN HOSP,NY,old-template,old-template-version,pointer-and-identity-verified,1,https://brylin.com/cms-hpt.txt [200],1,,,,1,206,https://www.brylin.com/wp-content/uploads/2025/10/16-1163586_BryLin-Hospitals-Inc_standardcharges.csv,2025-10-15,https://brylin.com/cms-hpt.txt,date-within-365-days-older-version,1.0.0,2025-10-15,1.0.0,2026-09-09T01:24:56.951Z
330307,CAYUGA MEDICAL CENTER AT ITHACA,NY,format-unusable,compliant-date-unverified,pointer-readable-review-required,0,https://arnothealth.org/cms-hpt.txt [200],5,,,,1,,,,,date-unverified,,,,2026-09-09T01:24:56.951Z
330094,COLUMBIA MEMORIAL HOSPITAL,NY,format-unusable,compliant-date-unverified,pointer-readable-review-required,0,https://albanymed.org/cms-hpt.txt [200],4,,,,1,,,,,date-unverified,,,,2026-09-09T01:24:56.951Z
331302,ELIZABETHTOWN COMMUNITY HOSPITAL,NY,server-blocked,pointer-blocked-to-automation,pointer-and-identity-verified,1,https://ech.org/cms-hpt.txt [200],6,,,,1,,https://www.uvmhealth.org/sites/default/files/141364513_elizabethtown-community-hospital_standardcharges.csv,2026-04-28,https://www.uvmhealth.org/cms-hpt.txt,date-within-365-days-version-3,3.0.0,,,2026-09-09T01:24:56.957Z
330128,ELMHURST HOSPITAL CENTER,NY,format-unusable,compliant-date-unverified,pointer-readable-review-required,0,https://nychealthandhospitals.org/cms-hpt.txt [200],12,,,,1,,,,,date-unverified,,,,2026-09-09T01:24:56.957Z
330405,HELEN HAYES HOSPITAL,NY,stale-file,mrf-stale-over-365-days,pointer-and-identity-verified,1,https://helenhayeshospital.org/cms-hpt.txt [200],1,,,,1,206,https://shop.helenhayeshosp.org/00-0432000_Helen-Hayes-Hospital_standardcharges.csv,2024-07-01,https://helenhayeshospital.org/cms-hpt.txt,date-over-365-days,1.0.0,2024-07-01,1.0.0,2026-09-09T01:24:56.963Z
330270,HOSPITAL FOR SPECIAL SURGERY,NY,waf-blocked,mrf-blocked-to-automation,pointer-readable-review-required,0,https://hss.edu/cms-hpt.txt [200],13,,,,1,403,,,,date-unverified,,,,2026-09-09T01:24:56.963Z
330800,IRA DAVENPORT MEMORIAL HOSPITAL,NY,format-unusable,compliant-date-unverified,pointer-readable-review-required,0,https://arnothealth.org/cms-hpt.txt [200],5,,,,1,,,,,date-unverified,,,,2026-09-09T01:24:56.963Z
330102,KENMORE MERCY HOSPITAL,NY,stale-file,mrf-stale-over-365-days,pointer-and-identity-verified,1,https://chsbuffalo.org/cms-hpt.txt [200],6,,,,3,206,https://www.chsbuffalo.org/wp-content/uploads/2026/06/16-0762843_Kenmore-Mercy-Hospital_StandardCharges.csv,2026-04-01,https://chsbuffalo.org/cms-hpt.txt,date-within-365-days-version-3,3.0.0,2025-02-25,2.0.0,2026-09-09T01:24:56.977Z
330202,KINGS COUNTY HOSPITAL CENTER,NY,format-unusable,compliant-date-unverified,pointer-and-identity-verified,1,https://nychealthandhospitals.org/cms-hpt.txt [200],12,,,,1,200,https://nychh.pt.panaceainc.com/MRFDownload/nychh/kings,2026-09-05,https://www.nychealthandhospitals.org/cms-hpt.txt,date-within-365-days-version-3,3.0.0,,,2026-09-09T01:24:56.986Z
330080,LINCOLN MEDICAL & MENTAL HEALTH CENTER,NY,name-ambiguous,not-assessed-not-named-in-file,mrf-reachable-review-required,0,https://nychealthandhospitals.org/cms-hpt.txt [200],12,,,,12,,,,,date-unverified,,,,2026-09-09T01:24:57.010Z
330279,MERCY HOSPITAL OF BUFFALO,NY,stale-file,mrf-stale-over-365-days,pointer-and-identity-verified,1,https://chsbuffalo.org/cms-hpt.txt [200],6,,,,3,206,https://www.chsbuffalo.org/wp-content/uploads/2026/06/16-0756336_Mercy-Hospital-of-Buffalo_StandardCharges.csv,2026-04-01,https://chsbuffalo.org/cms-hpt.txt,date-within-365-days-version-3,3.0.0,2025-02-25,2.0.0,2026-09-09T01:24:57.023Z
330199,METROPOLITAN HOSPITAL CENTER,NY,format-unusable,compliant-date-unverified,pointer-readable-review-required,0,https://nychealthandhospitals.org/cms-hpt.txt [200],12,,,,1,,,,,date-unverified,,,,2026-09-09T01:24:57.024Z
330188,MOUNT ST. MARY'S HOSPITAL & HEALTH CENTER,NY,stale-file,mrf-stale-over-365-days,mrf-reachable-review-required,0,https://chsbuffalo.org/cms-hpt.txt [200],6,,,,2,206,,2025-02-25,,date-over-365-days,2.0.0,2025-02-25,2.0.0,2026-09-09T01:24:57.038Z
330027,NASSAU UNIVERSITY MEDICAL CENTER,NY,old-template,old-template-version,pointer-and-identity-verified,1,https://numc.edu/cms-hpt.txt [200],1,,,,1,206,https://sthpiprd.blob.core.windows.net/machine-readable-files/13384/113465690-1801857172_nassau-health-care-corporation_standardcharges.csv,2025-10-28,https://numc.edu/cms-hpt.txt,date-within-365-days-older-version,2.0.0,2025-10-28,2.0.0,2026-09-09T01:24:57.047Z
330276,NATHAN LITTAUER HOSPITAL,NY,old-template,old-template-version,pointer-and-identity-verified,2,https://nlh.org/cms-hpt.txt [200],2,,,,2,206,https://www.nlh.org/wp-content/uploads/2026/04/1336145168_nathanlittauerhospital_standardcharges_shoppableinin.csv,2026-03-04,https://nlh.org/cms-hpt.txt,date-within-365-days-older-version,2.0.0,2026-03-04,2.0.0,2026-09-09T01:24:57.060Z
330101,NEW YORK-PRESBYTERIAN HOSPITAL,NY,name-ambiguous,not-assessed-not-named-in-file,mrf-reachable-review-required,0,https://nyp.org/cms-hpt.txt [200],9,,,,3,,,,,date-unverified,,,,2026-09-09T01:24:57.081Z
330043,NS/LIJ HS SOUTHSIDE HOSPITAL,NY,name-ambiguous,not-assessed-not-named-in-file,mrf-reachable-review-required,0,https://www.northwell.edu/cms-hpt.txt [200],24,,,,24,,,,,date-unverified,,,,2026-09-09T01:24:57.188Z
330011,"OUR LADY OF LOURDES MEMORIAL HOSPITAL, INC",NY,name-ambiguous,not-assessed-not-named-in-file,mrf-reachable-review-required,0,https://healthcare.ascension.org/-/media/Healthcare/cms-hpt.txt [200],93,,,,77,,,,,date-unverified,,,,2026-09-09T01:24:57.715Z
330028,RICHMOND UNIVERSITY MEDICAL CENTER,NY,format-unusable,compliant-date-unverified,pointer-readable-review-required,0,https://rumcsi.org/cms-hpt.txt [200],1,,,,1,,,,,date-unverified,,,,2026-09-09T01:24:57.715Z
330157,SAMARITAN MEDICAL CENTER,NY,html-soft-block,no-cms-hpt-txt-published,access-or-discovery-unresolved,0,https://search.hospitalpriceindex.com/cms-hpt.txt [200] | https://www.search.hospitalpriceindex.com/cms-hpt.txt [request timeout],0,https://search.hospitalpriceindex.com/,200,,0,,,,,date-unverified,,,,2026-09-09T01:24:57.717Z
331313,SCHUYLER HOSPITAL,NY,format-unusable,compliant-date-unverified,pointer-and-identity-verified,1,https://arnothealth.org/cms-hpt.txt [200],5,,,,1,200,https://cayugahealth.pt.panaceainc.com/MRFDownload/CayugaHealth/schuylerhospital,2026-03-27,https://arnothealth.org/cms-hpt.txt,date-within-365-days-version-3,3.0.0,,,2026-09-09T01:24:57.725Z
330078,SISTERS OF CHARITY HOSPITAL,NY,stale-file,mrf-stale-over-365-days,pointer-and-identity-verified,1,https://chsbuffalo.org/cms-hpt.txt [200],6,,,,2,206,https://www.chsbuffalo.org/wp-content/uploads/2026/09/16-0743187_Sisters-of-Charity-Hospital_StandardCharges.csv,2026-04-01,https://chsbuffalo.org/cms-hpt.txt,date-within-365-days-version-3,3.0.0,2025-02-25,2.0.0,2026-09-09T01:24:57.737Z
334027,SOUTH OAKS HOSP,NY,name-ambiguous,not-assessed-not-named-in-file,mrf-reachable-review-required,0,https://www.northwell.edu/cms-hpt.txt [200],24,,,,24,,,,,date-unverified,,,,2026-09-09T01:24:57.846Z
330395,ST JOHN'S EPISCOPAL HOSPITAL AT SOUTH SHORE,NY,name-ambiguous,not-assessed-not-named-in-file,mrf-reachable-review-required,0,https://www.northwell.edu/cms-hpt.txt [200],24,,,,24,,,,,date-unverified,,,,2026-09-09T01:24:57.962Z
330006,ST JOSEPH'S MEDICAL CENTER,NY,mrf-gone,mrf-url-unreachable,pointer-readable-review-required,0,https://saintjosephs.org/cms-hpt.txt [200],1,,,,1,404,,,,date-unverified,,,,2026-09-09T01:24:57.962Z
330047,St Marys Healthcare,NY,format-unusable,compliant-date-unverified,pointer-readable-review-required,0,https://smha.org/cms-hpt.txt [200],1,,,,1,,,,,date-unverified,,,,2026-09-09T01:24:57.962Z
330350,SUNY/DOWNSTATE UNIVERSITY HOSPITAL OF BROOKLYN,NY,stale-file,mrf-stale-over-365-days,mrf-reachable-review-required,0,https://www.downstate.edu/cms-hpt.txt [200],1,,,,1,206,,2025-04-22,,date-over-365-days,1.0.0,2025-04-22,1.0.0,2026-09-09T01:24:57.967Z
330396,WOODHULL MEDICAL & MENTAL HEALTH CENTER,NY,stale-file,mrf-stale-over-365-days,pointer-readable-review-required,0,https://nychealthandhospitals.org/cms-hpt.txt [200],12,,,,1,,,,,date-unverified,,2025-09-05,3.0.0,2026-09-09T01:24:57.967Z
361326,ADAMS COUNTY REGIONAL MEDICAL CENTER,OH,stale-file,mrf-stale-over-365-days,pointer-and-identity-verified,1,https://acrmc.com/cms-hpt.txt [200],1,,,,1,206,https://acrmc.com/wp-content/uploads/2025/03/81-2817266_Adams-County-Regional-Medical-Center_standardcharges-1.zip,2024-12-25,https://acrmc.com/wp-content/uploads/2025/03/cms-hpt.txt,date-over-365-days,2.2.0,2024-12-25,2.2.0,2026-09-09T01:24:57.972Z
363303,AKRON CHILDREN'S HOSPITAL,OH,format-unusable,compliant-date-unverified,pointer-readable-review-required,0,https://akronchildrens.org/cms-hpt.txt [200],2,,,,1,,,,,date-unverified,,,,2026-09-09T01:24:57.972Z
360027,AKRON GENERAL MEDICAL CENTER,OH,format-unusable,compliant-date-unverified,pointer-readable-review-required,0,https://my.clevelandclinic.org/cms-hpt.txt [200],23,,,,1,,,,,date-unverified,,,,2026-09-09T01:24:57.972Z
364056,ASSURANCE HEALTH CINCINNATI LLC,OH,stale-file,mrf-stale-over-365-days,pointer-and-identity-verified,1,https://assurancehealthsystem.com/cms-hpt.txt [200],6,,,,5,404,https://assurancehealthsystem.com/32-0466432_assurance-health-cincinnati-llc_standardcharges.csv,2026-04-01,https://assurancehealthsystem.com/cms-hpt.txt,date-within-365-days-version-3,3.0.0,2024-12-19,1,2026-09-09T01:24:57.999Z
364059,ASSURANCE HEALTH HUDSON LLC,OH,stale-file,mrf-stale-over-365-days,pointer-and-identity-verified,1,https://assurancehealthsystem.com/cms-hpt.txt [200],6,,,,5,404,https://assurancehealthsystem.com/61-1807112_assurance-health-hudson-llc_standardcharges.csv,2026-04-01,https://assurancehealthsystem.com/cms-hpt.txt,date-within-365-days-version-3,3.0.0,2024-12-19,1,2026-09-09T01:24:58.025Z
360364,CLEVELAND CLINIC AVON HOSPITAL,OH,old-template,old-template-version,mrf-reachable-review-required,0,https://my.clevelandclinic.org/cms-hpt.txt [200],23,,,,5,206,,2026-01-01,,date-within-365-days-older-version,2.0.0,2026-01-01,2.0.0,2026-09-09T01:24:58.056Z
360077,FAIRVIEW HOSPITAL,OH,format-unusable,compliant-date-unverified,pointer-readable-review-required,0,https://my.clevelandclinic.org/cms-hpt.txt [200],23,,,,1,,,,,date-unverified,,,,2026-09-09T01:24:58.056Z
360025,FIRELANDS REGIONAL MEDICAL CENTER,OH,manual-review,mrf-blocked-to-automation,access-or-discovery-unresolved,0,https://firelands.com/cms-hpt.txt [403] | https://www.firelands.com/cms-hpt.txt [403],0,https://firelands.com/,403,,1,403,,,,date-unverified,,,,2026-09-09T01:24:58.058Z
361333,FULTON COUNTY HEALTH CENTER,OH,html-soft-block,no-cms-hpt-txt-published,access-or-discovery-unresolved,0,https://fultoncountyhealthcenter.org/cms-hpt.txt [403] | https://www.fultoncountyhealthcenter.org/cms-hpt.txt [202],0,https://fultoncountyhealthcenter.org/,202,,0,,,,,date-unverified,,,,2026-09-09T01:24:58.060Z
360039,GENESIS HOSPITAL,OH,old-template,old-template-version,mrf-reachable-review-required,0,https://genesishcs.org/cms-hpt.txt [200],1,,,,1,206,,2026-03-27,,date-within-365-days-version-unverified,5.0.0,2026-03-27,5.0.0,2026-09-09T01:24:58.069Z
361311,HARRISON COMMUNITY HOSPITAL,OH,format-unusable,pointer-lists-no-mrf-url,pointer-readable-review-required,0,https://wvumedicine.org/cms-hpt.txt [200],21,,,,0,,,,,date-unverified,,,,2026-09-09T01:24:58.069Z
364048,HAVEN BEHAVIORAL HOSPITAL OF DAYTON,OH,mrf-gone,mrf-url-unreachable,mrf-reachable-review-required,0,https://oceanshealthcare.com/cms-hpt.txt [request timeout] | https://www.oceanshealthcare.com/cms-hpt.txt [200],43,,,,7,404,,,,date-unverified,,,,2026-09-09T01:24:58.096Z
361309,"HENRY COUNTY HOSPITAL, INC",OH,old-template,old-template-version,pointer-and-identity-verified,1,https://henrycountyhospital.org/cms-hpt.txt [200],1,,,,1,206,https://www.henrycountyhospital.org/documents/344477047_henry-county-hospital_standardcharges.csv,2025-12-29,https://www.henrycountyhospital.org/cms-hpt.txt,date-within-365-days-older-version,2.0.0,2025-12-29,2.0.0,2026-09-09T01:24:58.101Z
360361,KINGS DAUGHTERS MEDICAL CENTER OHIO,OH,file-404,no-cms-hpt-txt-published,access-or-discovery-unresolved,0,https://kingsdaughtershealth.com/cms-hpt.txt [404] | https://www.kingsdaughtershealth.com/cms-hpt.txt [request timeout],0,https://kingsdaughtershealth.com/,200,,0,,,,,date-unverified,,,,2026-09-09T01:24:58.103Z
360098,LAKE HEALTH,OH,name-ambiguous,not-assessed-not-named-in-file,mrf-reachable-review-required,0,https://lakehealth.org/cms-hpt.txt [200],14,,,,13,,,,,date-unverified,,,,2026-09-09T01:24:58.251Z
360218,LICKING MEMORIAL HOSPITAL,OH,old-template,old-template-version,pointer-and-identity-verified,1,https://lmhealth.org/cms-hpt.txt [200],1,,,,1,206,https://www.lmhealth.org/LMHealth.org/media/314379519_licking-memorial-hospital_standardcharges.zip,2026-03-16,https://lmhealth.org/cms-hpt.txt,date-within-365-days-older-version,2.0.0,2026-03-16,2.0.0,2026-09-09T01:24:58.262Z
360189,MADISON HEALTH,OH,file-404,no-cms-hpt-txt-published,access-or-discovery-unresolved,0,https://madison-health.com/cms-hpt.txt [404] | https://www.madison-health.com/cms-hpt.txt [404],0,https://madison-health.com/,200,,0,,,,,date-unverified,,,,2026-09-09T01:24:58.264Z
360143,MARYMOUNT HOSPITAL,OH,format-unusable,compliant-date-unverified,pointer-readable-review-required,0,https://my.clevelandclinic.org/cms-hpt.txt [200],23,,,,1,,,,,date-unverified,,,,2026-09-09T01:24:58.264Z
360091,MEDINA HOSPITAL,OH,format-unusable,compliant-date-unverified,pointer-readable-review-required,0,https://my.clevelandclinic.org/cms-hpt.txt [200],23,,,,1,,,,,date-unverified,,,,2026-09-09T01:24:58.264Z
360041,PARMA COMMUNITY GENERAL HOSPITAL,OH,name-ambiguous,not-assessed-not-named-in-file,mrf-reachable-review-required,0,https://uhhospitals.org/cms-hpt.txt [200],14,,,,13,,,,,date-unverified,,,,2026-09-09T01:24:58.394Z
360008,SOUTHERN OHIO MEDICAL CENTER,OH,mrf-gone,mrf-url-unreachable,access-or-discovery-unresolved,0,https://somc.org/cms-hpt.txt [403] | https://www.somc.org/cms-hpt.txt [403],0,https://somc.org/,403,,1,404,,,,date-unverified,,,,2026-09-09T01:24:58.396Z
360155,SOUTHWEST GENERAL HEALTH CENTER,OH,format-unusable,compliant-date-unverified,pointer-readable-review-required,0,https://swgeneral.com/cms-hpt.txt [200],2,,,,1,,,,,date-unverified,,,,2026-09-09T01:24:58.397Z
360352,SURGICAL HOSPITAL AT SOUTHWOODS,OH,format-unusable,compliant-date-unverified,mrf-reachable-review-required,0,https://southwoodshealth.com/cms-hpt.txt [200],1,,,,1,200,,,,date-unverified,,,,2026-09-09T01:24:58.397Z
360075,UH REGIONAL HOSPITALS,OH,name-ambiguous,not-assessed-not-named-in-file,mrf-reachable-review-required,0,https://uhhospitals.org/cms-hpt.txt [200],14,,,,13,,,,,date-unverified,,,,2026-09-09T01:24:58.549Z
361307,UHHS MEMORIAL HOSPITAL OF GENEVA,OH,name-ambiguous,not-assessed-not-named-in-file,mrf-reachable-review-required,0,https://uhhospitals.org/cms-hpt.txt [200],14,,,,13,,,,,date-unverified,,,,2026-09-09T01:24:58.683Z
360013,WILSON MEMORIAL HOSPITAL,OH,old-template,old-template-version,mrf-reachable-review-required,0,https://wilsonhealth.org/cms-hpt.txt [200],1,,,,1,206,,2026-03-26,,date-within-365-days-version-3,3,2026-03-26,3,2026-09-09T01:24:58.689Z
360029,WOOD COUNTY HOSPITAL,OH,stale-file,mrf-stale-over-365-days,pointer-and-identity-verified,1,https://woodcountyhospital.org/cms-hpt.txt [200],1,,,,1,206,https://www.woodcountyhospital.org/media/0x5fw0tn/344440884_wood-county_standardcharges.csv,2024-06-30,https://www.woodcountyhospital.org/cms-hpt.txt,date-over-365-days,2.0.0,2024-06-30,2.0.0,2026-09-09T01:24:58.698Z
361329,WYANDOT MEMORIAL HOSPITAL,OH,stale-file,mrf-stale-over-365-days,pointer-and-identity-verified,1,https://wyandotmemorial.org/cms-hpt.txt [200],1,,,,1,206,https://www.wyandotmemorial.org/wp-content/uploads/2025/04/WMH-MRF-PT-4.8-4-increased.csv,2024-12-31,https://wyandotmemorial.org/cms-hpt.txt,date-over-365-days,2.0.0,2024-12-31,2.0.0,2026-09-09T01:24:58.702Z
371328,ARBUCKLE MEMORIAL HOSPITAL AUTHORITY,OK,format-unusable,compliant-date-unverified,mrf-reachable-review-required,0,https://arbucklehospital.com/cms-hpt.txt [200],1,,,,1,200,,,,date-unverified,,,,2026-09-09T01:24:58.702Z
371322,BEAVER COUNTY MEMORIAL HOSPITAL,OK,manual-review,not-assessed-site-unreachable,access-or-discovery-unresolved,0,https://beavercountyhospitalauthority.com/cms-hpt.txt [202] | https://www.beavercountyhospitalauthority.com/cms-hpt.txt [202],0,https://beavercountyhospitalauthority.com/,202,,0,,,,,date-unverified,,,,2026-09-09T01:24:58.704Z
371307,CIMARRON MEMORIAL HOSPITAL,OK,format-unusable,compliant-date-unverified,mrf-reachable-review-required,0,https://cmhok.com/cms-hpt.txt [200],1,,,,1,200,,,,date-unverified,,,,2026-09-09T01:24:58.704Z
371320,CLEVELAND AREA HOSPITAL,OK,stale-file,mrf-stale-over-365-days,pointer-and-identity-verified,1,https://clevelandareahospital.com/cms-hpt.txt [200],1,,,,1,206,https://www.clevelandareahospital.com/_files/ugd/f01f54_5b69ac08fe9841c9a70139a0ce50a4ca.csv?dn=263778478_cleveland-area-hospital_standardcharges.csv,2025-03-04,https://f01f54e7-88bc-4da1-b172-3386a48f3183.usrfiles.com/ugd/f01f54_5b7c18cab1b84eb5b51ddd5342367a52.txt,date-over-365-days,2.0.0,2025-03-04,2.0.0,2026-09-09T01:24:58.710Z
370203,"COMMUNITY HOSPITAL, LLC",OK,waf-blocked,pointer-blocked-to-automation,access-or-discovery-unresolved,0,https://communityhospitalokc.com/cms-hpt.txt [403] | https://www.communityhospitalokc.com/cms-hpt.txt [403],0,https://communityhospitalokc.com/,403,,0,,,,,date-unverified,,,,2026-09-09T01:24:58.712Z
370006,INTEGRIS HEALTH PONCA CITY,OK,manual-review,pointer-blocked-to-automation,access-or-discovery-unresolved,0,https://alliancehealthponcacity.com/cms-hpt.txt [404] | https://www.alliancehealthponcacity.com/cms-hpt.txt [404],0,https://alliancehealthponcacity.com/,403,,0,,,,,date-unverified,,,,2026-09-09T01:24:58.713Z
370002,Integris Health Woodward Hospital,OK,manual-review,pointer-blocked-to-automation,access-or-discovery-unresolved,0,https://alliancehealthwoodward.com/cms-hpt.txt [404] | https://www.alliancehealthwoodward.com/cms-hpt.txt [404],0,https://alliancehealthwoodward.com/,403,,0,,,,,date-unverified,,,,2026-09-09T01:24:58.715Z
370199,"LAKESIDE WOMEN'S HOSPITAL, A MEMBER OF INTEGRIS HE",OK,waf-blocked,pointer-blocked-to-automation,access-or-discovery-unresolved,0,https://lakeside-wh.com/cms-hpt.txt [403] | https://www.lakeside-wh.com/cms-hpt.txt [403],0,https://lakeside-wh.com/,403,,0,,,,,date-unverified,,,,2026-09-09T01:24:58.717Z
370222,MCBRIDE ORTHOPEDIC HOSPITAL,OK,format-unusable,compliant-date-unverified,mrf-reachable-review-required,0,https://mcboh.com/cms-hpt.txt [200],1,,,,1,200,,,,date-unverified,,,,2026-09-09T01:24:58.717Z
370008,NORMAN REGIONAL,OK,old-template,old-template-version,pointer-and-identity-verified,1,https://normanregional.com/cms-hpt.txt [200],4,,,,1,206,https://www.normanregional.com/documents/736048282_norman-regional-health-system_standardcharges.csv,2026-01-01,https://www.normanregional.com/cms-hpt.txt,date-within-365-days-older-version,2.2.0,2026-01-01,2.2.0,2026-09-09T01:24:58.727Z
370093,O U MEDICAL CENTER,OK,name-ambiguous,not-assessed-not-named-in-file,mrf-reachable-review-required,0,https://ouhealth.com/cms-hpt.txt [200],3,,,,1,,,,,date-unverified,,,,2026-09-09T01:24:58.739Z
370083,PUSHMATAHA HOSPITAL,OK,stale-file,mrf-stale-over-365-days,pointer-and-identity-verified,1,https://pushmatahahospital.com/cms-hpt.txt [200],1,,,,1,206,https://pushmatahahospital.com/images/docs/736069650_pushmataha-county---city-of-antlers-hospital-authority_standardcharges.csv,2024-10-03,https://pushmatahahospital.com/cms-hpt.txt,date-over-365-days,2.0.0,2024-10-03,2.0.0,2026-09-09T01:24:58.743Z
370097,SOUTHWESTERN MEDICAL CENTER,OK,site-server-error,not-assessed-site-unreachable,access-or-discovery-unresolved,0,https://swmconline.com/cms-hpt.txt [Hostname/IP does not match certificate's altnames: Host: swmconline.com. is not in the cert's altnames: DNS:*.adobeaemcloud.com] | https://www.swmconline.com/cms-hpt.txt [Hostname/IP does not match certificate's altnames: Host: www.swmconline.com. is not in the cert's altnames: DNS:*.adobeaemcloud.com],0,https://swmconline.com/,,Hostname/IP does not match certificate's altnames: Host: swmconline.com. is not in the cert's altnames: DNS:*.adobeaemcloud.com,0,,,,,date-unverified,,,,2026-09-09T01:24:58.745Z
370201,SURGICAL HOSPITAL OF OKLAHOMA,OK,name-ambiguous,not-assessed-not-named-in-file,mrf-reachable-review-required,0,https://surgicalhospitalok.net/cms-hpt.txt [200],1,,,,1,,,,,date-unverified,,,,2026-09-09T01:24:58.750Z
371314,THE PHYSICIANS' HOSPITAL IN ANADARKO,OK,dns-dead,not-assessed-site-unreachable,access-or-discovery-unresolved,0,https://anadarkohospital.com/cms-hpt.txt [getaddrinfo ENOTFOUND anadarkohospital.com] | https://www.anadarkohospital.com/cms-hpt.txt [getaddrinfo ENOTFOUND www.anadarkohospital.com],0,https://anadarkohospital.com/,,getaddrinfo ENOTFOUND anadarkohospital.com,0,,,,,date-unverified,,,,2026-09-09T01:24:58.754Z
381317,ADVENTIST HEALTH TILLAMOOK,OR,name-ambiguous,not-assessed-not-named-in-file,mrf-reachable-review-required,0,https://adventisthealth.org/cms-hpt.txt [200],23,,,,23,,,,,date-unverified,,,,2026-09-09T01:24:58.984Z
380005,ASANTE ASHLAND COMMUNITY HOSPITAL,OR,manual-review,mrf-blocked-to-automation,access-or-discovery-unresolved,0,https://asante.org/cms-hpt.txt [403] | https://www.asante.org/cms-hpt.txt [403],0,https://asante.org/,403,,1,403,,,,date-unverified,,,,2026-09-09T01:24:58.986Z
381321,GRANDE RONDE HOSPITAL,OR,mrf-gone,mrf-url-unreachable,pointer-readable-review-required,0,https://grh.org/cms-hpt.txt [200],1,,,,1,404,,,,date-unverified,,,,2026-09-09T01:24:58.986Z
384008,OREGON STATE HOSPITAL DISTINCT PART,OR,manual-review,not-assessed-site-unreachable,access-or-discovery-unresolved,0,https://oregon.gov/cms-hpt.txt [404] | https://www.oregon.gov/cms-hpt.txt [404],0,https://oregon.gov/,200,,0,,,,,date-unverified,,,,2026-09-09T01:24:58.989Z
381316,PEACE HARBOR MEDICAL CENTER,OR,manual-review,pointer-blocked-to-automation,access-or-discovery-unresolved,0,https://peacehealth.org/cms-hpt.txt [403] | https://www.peacehealth.org/cms-hpt.txt [403],0,https://peacehealth.org/,403,,0,,,,,date-unverified,,,,2026-09-09T01:24:58.990Z
381301,PEACEHEALTH COTTAGE GROVE COMMUNITY MEDICAL CENTER,OR,manual-review,pointer-blocked-to-automation,access-or-discovery-unresolved,0,https://peacehealth.org/cms-hpt.txt [403] | https://www.peacehealth.org/cms-hpt.txt [403],0,https://peacehealth.org/,403,,0,,,,,date-unverified,,,,2026-09-09T01:24:58.991Z
380102,SACRED HEART MEDICAL CENTER - RIVERBEND,OR,manual-review,pointer-blocked-to-automation,access-or-discovery-unresolved,0,https://peacehealth.org/cms-hpt.txt [403] | https://www.peacehealth.org/cms-hpt.txt [403],0,https://peacehealth.org/,403,,0,,,,,date-unverified,,,,2026-09-09T01:24:58.992Z
380022,SAMARITAN ALBANY GENERAL HOSPITAL,OR,format-unusable,compliant-date-unverified,pointer-readable-review-required,0,https://samhealth.org/cms-hpt.txt [200],5,,,,2,,,,,date-unverified,,,,2026-09-09T01:24:58.992Z
381314,SAMARITAN PACIFIC COMMUNITY HOSPITAL,OR,format-unusable,compliant-date-unverified,pointer-and-identity-verified,1,https://samhealth.org/cms-hpt.txt [200],5,,,,3,200,https://samaritanhealth.pt.panaceainc.com/MRFDownload/samaritanhealth/pacific,2026-01-31,https://samhealth.org/cms-hpt.txt,date-within-365-days-version-3,3.0.0,,,2026-09-09T01:24:58.997Z
391309,BARNES-KASSON COUNTY HOSPITAL,PA,connection-dead,not-assessed-site-unreachable,access-or-discovery-unresolved,0,https://barnes-kasson.org/cms-hpt.txt [Client network socket disconnected before secure TLS connection was established] | https://www.barnes-kasson.org/cms-hpt.txt [request timeout],0,https://barnes-kasson.org/,,Client network socket disconnected before secure TLS connection was established,0,,,,,date-unverified,,,,2026-09-09T01:24:58.999Z
394049,BROOKE GLEN BEHAVIORAL HOSPITAL,PA,waf-blocked,pointer-blocked-to-automation,access-or-discovery-unresolved,0,https://brookeglenhospital.com/cms-hpt.txt [403] | https://www.brookeglenhospital.com/cms-hpt.txt [403],0,https://brookeglenhospital.com/,403,,0,,,,,date-unverified,,,,2026-09-09T01:24:59.000Z
391304,BUCKTAIL MEDICAL CENTER,PA,format-unusable,compliant-date-unverified,mrf-reachable-review-required,0,https://bucktailmedicalcenter.org/cms-hpt.txt [200],1,,,,1,200,,,,date-unverified,,,,2026-09-09T01:24:59.001Z
393304,CHILDREN'S HOME OF PITTSBURGH,PA,old-template,old-template-version,pointer-and-identity-verified,1,https://childrenshomepgh.org/cms-hpt.txt [200],1,,,,1,206,https://www.childrenshomepgh.org/pricetransparency/250965292_the-children's-home-of-pittsburgh_standardcharges.csv,2025-11-21,https://childrenshomepgh.org/cms-hpt.txt,date-within-365-days-older-version,2.0.0,2025-11-21,2.0.0,2026-09-09T01:24:59.008Z
394043,CLARION PSYCHIATRIC CENTER,PA,waf-blocked,pointer-blocked-to-automation,access-or-discovery-unresolved,0,https://clarioncenter.com/cms-hpt.txt [403] | https://www.clarioncenter.com/cms-hpt.txt [403],0,https://clarioncenter.com/,403,,0,,,,,date-unverified,,,,2026-09-09T01:24:59.010Z
390180,CROZER CHESTER MEDICAL CENTER,PA,file-404,no-cms-hpt-txt-published,access-or-discovery-unresolved,0,https://crozerhealth.org/cms-hpt.txt [404] | https://www.crozerhealth.org/cms-hpt.txt [404],0,https://crozerhealth.org/,200,,0,,,,,date-unverified,,,,2026-09-09T01:24:59.012Z
390278,EAGLEVILLE HOSPITAL,PA,file-404,no-cms-hpt-txt-published,access-or-discovery-unresolved,0,https://eagleville.org/cms-hpt.txt [404] | https://www.eagleville.org/cms-hpt.txt [404],0,https://eagleville.org/,200,,0,,,,,date-unverified,,,,2026-09-09T01:24:59.014Z
390307,EDGEWOOD SURGICAL HOSPITAL,PA,file-404,no-cms-hpt-txt-published,access-or-discovery-unresolved,0,https://edgewoodsurgical.com/cms-hpt.txt [404] | https://www.edgewoodsurgical.com/cms-hpt.txt [404],0,https://edgewoodsurgical.com/,200,,0,,,,,date-unverified,,,,2026-09-09T01:24:59.016Z
391306,ENDLESS MOUNTAINS HEALTH SYSTEMS,PA,file-404,no-cms-hpt-txt-published,access-or-discovery-unresolved,0,https://endlesscare.org/cms-hpt.txt [404] | https://www.endlesscare.org/cms-hpt.txt [404],0,https://endlesscare.org/,200,,0,,,,,date-unverified,,,,2026-09-09T01:24:59.017Z
390219,EXCELA HEALTH LATROBE HOSPITAL,PA,name-ambiguous,not-assessed-not-named-in-file,access-or-discovery-unresolved,0,https://excelahealth.org/cms-hpt.txt [request timeout] | https://www.excelahealth.org/cms-hpt.txt [request timeout],0,https://excelahealth.org/,200,,0,,,,,date-unverified,,,,2026-09-09T01:24:59.019Z
394027,FAIRMOUNT BEHAVIORAL HEALTH SYSTEM,PA,waf-blocked,pointer-blocked-to-automation,access-or-discovery-unresolved,0,https://fairmountbhs.com/cms-hpt.txt [403] | https://www.fairmountbhs.com/cms-hpt.txt [403],0,https://fairmountbhs.com/,403,,0,,,,,date-unverified,,,,2026-09-09T01:24:59.020Z
391303,FULTON COUNTY MEDICAL CENTER,PA,old-template,old-template-version,pointer-and-identity-verified,1,https://fcmcpa.org/cms-hpt.txt [200],1,,,,1,206,https://www.fcmcpa.org/docs/231401561_fulton-county-medical-center_standardcharges.csv,2026-03-12,https://www.fcmcpa.org/cms-hpt.txt,date-within-365-days-older-version,2.0.0,2026-03-12,2.0.0,2026-09-09T01:24:59.025Z
390270,GEISINGER WYOMING VALLEY MEDICAL CENTER,PA,format-unusable,compliant-date-unverified,mrf-reachable-review-required,0,https://geisinger.org/cms-hpt.txt [200],9,,,,1,200,,,,date-unverified,,,,2026-09-09T01:24:59.026Z
394052,HAVEN BEHAVIORAL HOSPITAL OF EASTERN PENNSYLVANIA,PA,stale-file,mrf-stale-over-365-days,access-or-discovery-unresolved,0,https://www.havenreading.com/cms-hpt.txt [404] | https://havenreading.com/cms-hpt.txt [404],0,https://www.havenreading.com/,200,,1,404,,,,date-unverified,,2025-01-01,2.0.0,2026-09-09T01:24:59.027Z
394034,HORSHAM CLINIC,PA,waf-blocked,pointer-blocked-to-automation,access-or-discovery-unresolved,0,https://horshamclinic.com/cms-hpt.txt [403] | https://www.horshamclinic.com/cms-hpt.txt [403],0,https://horshamclinic.com/,403,,0,,,,,date-unverified,,,,2026-09-09T01:24:59.028Z
390168,INDEPENDENCE HEALTH SYSTEM BUTLER MEMORIAL HOSPITA,PA,name-ambiguous,not-assessed-not-named-in-file,access-or-discovery-unresolved,0,https://butlerhealthsystem.org/cms-hpt.txt [request timeout] | https://www.butlerhealthsystem.org/cms-hpt.txt [request timeout],0,https://butlerhealthsystem.org/,200,,0,,,,,date-unverified,,,,2026-09-09T01:24:59.029Z
390093,INDEPENDENCE HEALTH SYSTEM CLARION HOSPITAL,PA,name-ambiguous,not-assessed-not-named-in-file,access-or-discovery-unresolved,0,https://butlerhealthsystem.org/cms-hpt.txt [request timeout] | https://www.butlerhealthsystem.org/cms-hpt.txt [request timeout],0,https://butlerhealthsystem.org/,200,,0,,,,,date-unverified,,,,2026-09-09T01:24:59.030Z
394057,MALVERN BEHAVIORAL HEALTH,PA,file-404,no-cms-hpt-txt-published,access-or-discovery-unresolved,0,https://malvernbh.com/cms-hpt.txt [request timeout] | https://www.malvernbh.com/cms-hpt.txt [request timeout],0,https://malvernbh.com/,200,,0,,,,,date-unverified,,,,2026-09-09T01:24:59.031Z
394040,MEADOWS PSYCHIATRIC CENTER,PA,waf-blocked,pointer-blocked-to-automation,access-or-discovery-unresolved,0,https://themeadows.net/cms-hpt.txt [403] | https://www.themeadows.net/cms-hpt.txt [request timeout],0,https://themeadows.net/,403,,0,,,,,date-unverified,,,,2026-09-09T01:24:59.033Z
390325,OSS ORTHOPAEDIC HOSPITAL,PA,format-unusable,compliant-date-unverified,mrf-reachable-review-required,0,https://osshealth.com/cms-hpt.txt [200],1,,,,1,206,,,,date-unverified,,,,2026-09-09T01:24:59.033Z
391312,PENN HIGHLANDS BROOKVILLE,PA,waf-blocked,mrf-blocked-to-automation,access-or-discovery-unresolved,0,https://phhealthcare.org/cms-hpt.txt [request timeout] | https://www.phhealthcare.org/cms-hpt.txt [request timeout],0,https://phhealthcare.org/,403,,1,403,,,,date-unverified,,,,2026-09-09T01:24:59.035Z
390184,PENN HIGHLANDS CONNELLSVILLE,PA,waf-blocked,mrf-blocked-to-automation,access-or-discovery-unresolved,0,https://phhealthcare.org/cms-hpt.txt [request timeout] | https://www.phhealthcare.org/cms-hpt.txt [request timeout],0,https://phhealthcare.org/,403,,1,403,,,,date-unverified,,,,2026-09-09T01:24:59.036Z
390086,PENN HIGHLANDS DUBOIS,PA,waf-blocked,mrf-blocked-to-automation,access-or-discovery-unresolved,0,https://phhealthcare.org/cms-hpt.txt [request timeout] | https://www.phhealthcare.org/cms-hpt.txt [request timeout],0,https://phhealthcare.org/,403,,1,403,,,,date-unverified,,,,2026-09-09T01:24:59.037Z
391315,PENN HIGHLANDS ELK,PA,waf-blocked,mrf-blocked-to-automation,access-or-discovery-unresolved,0,https://phhealthcare.org/cms-hpt.txt [request timeout] | https://www.phhealthcare.org/cms-hpt.txt [request timeout],0,https://phhealthcare.org/,403,,1,403,,,,date-unverified,,,,2026-09-09T01:24:59.038Z
390056,PENN HIGHLANDS HUNTINGDON,PA,waf-blocked,mrf-blocked-to-automation,access-or-discovery-unresolved,0,https://phhealthcare.org/cms-hpt.txt [request timeout] | https://www.phhealthcare.org/cms-hpt.txt [request timeout],0,https://phhealthcare.org/,403,,1,403,,,,date-unverified,,,,2026-09-09T01:24:59.039Z
390147,PENN HIGHLANDS MON VALLEY,PA,waf-blocked,mrf-blocked-to-automation,access-or-discovery-unresolved,0,https://phhealthcare.org/cms-hpt.txt [request timeout] | https://www.phhealthcare.org/cms-hpt.txt [request timeout],0,https://phhealthcare.org/,403,,1,403,,,,date-unverified,,,,2026-09-09T01:24:59.040Z
391307,PENN HIGHLANDS TYRONE,PA,waf-blocked,mrf-blocked-to-automation,access-or-discovery-unresolved,0,https://phhealthcare.org/cms-hpt.txt [request timeout] | https://www.phhealthcare.org/cms-hpt.txt [request timeout],0,https://phhealthcare.org/,403,,1,403,,,,date-unverified,,,,2026-09-09T01:24:59.041Z
390237,REGIONAL HOSPITAL OF SCRANTON,PA,file-404,no-cms-hpt-txt-published,access-or-discovery-unresolved,0,https://commonwealthhealth.net/cms-hpt.txt [404] | https://www.commonwealthhealth.net/cms-hpt.txt [request timeout],0,https://commonwealthhealth.net/,200,,0,,,,,date-unverified,,,,2026-09-09T01:24:59.042Z
394050,ROXBURY TREATMENT CENTER,PA,waf-blocked,pointer-blocked-to-automation,access-or-discovery-unresolved,0,https://roxburyhospital.com/cms-hpt.txt [403] | https://www.roxburyhospital.com/cms-hpt.txt [request timeout],0,https://roxburyhospital.com/,403,,0,,,,,date-unverified,,,,2026-09-09T01:24:59.044Z
390030,SCHUYLKILL MEDICAL CENTER - SOUTH JACKSON STREET,PA,name-ambiguous,not-assessed-not-named-in-file,access-or-discovery-unresolved,0,https://lvhn.org/cms-hpt.txt [request timeout] | https://www.lvhn.org/cms-hpt.txt [request timeout],0,https://lvhn.org/,200,,0,,,,,date-unverified,,,,2026-09-09T01:24:59.045Z
390211,SHARON REGIONAL MEDICAL CENTER,PA,file-404,no-cms-hpt-txt-published,access-or-discovery-unresolved,0,https://sharonregionalmedical.org/cms-hpt.txt [request timeout] | https://www.sharonregionalmedical.org/cms-hpt.txt [request timeout],0,https://sharonregionalmedical.org/,200,,0,,,,,date-unverified,,,,2026-09-09T01:24:59.047Z
390116,SUBURBAN COMMUNITY HOSPITAL,PA,name-ambiguous,not-assessed-not-named-in-file,access-or-discovery-unresolved,0,https://suburbanhosp.org/cms-hpt.txt [request timeout] | https://www.suburbanhosp.org/cms-hpt.txt [request timeout],0,https://suburbanhosp.org/,200,,0,,,,,date-unverified,,,,2026-09-09T01:24:59.048Z
390316,SURGICAL INSTITUTE OF READING,PA,waf-blocked,pointer-blocked-to-automation,access-or-discovery-unresolved,0,https://sireading.com/cms-hpt.txt [request timeout] | https://www.sireading.com/cms-hpt.txt [request timeout],0,https://sireading.com/,403,,0,,,,,date-unverified,,,,2026-09-09T01:24:59.050Z
390272,VALLEY FORGE MEDICAL CENTER,PA,old-template,old-template-version,mrf-reachable-review-required,0,https://vfmc.net/cms-hpt.txt [request timeout] | https://www.vfmc.net/cms-hpt.txt [request timeout],0,https://vfmc.net/,200,,1,206,,2025-12-02,,date-within-365-days-older-version,2.0.0,2025-12-02,2.0.0,2026-09-09T01:24:59.056Z
390146,WARREN GENERAL HOSPITAL,PA,mrf-gone,mrf-url-unreachable,access-or-discovery-unresolved,0,https://www.wgh.org/cms-hpt.txt [request timeout] | https://wgh.org/cms-hpt.txt [request timeout],0,https://www.wgh.org/,200,,1,404,,,,date-unverified,,,,2026-09-09T01:24:59.057Z
390125,WAYNE MEMORIAL HOSPITAL,PA,old-template,old-template-version,pointer-and-identity-verified,1,https://wmh.org/cms-hpt.txt [200],1,,,,1,206,https://www.wmh.org/wp-content/uploads/2026/04/240798839_wayne-memorial-hospital_standardcharges.csv,2026-03-11,https://www.wmh.org/wp-content/uploads/2026/04/cms-hpt.txt,date-within-365-days-older-version,2.0.0,2026-03-11,2.0.0,2026-09-09T01:24:59.062Z
390137,WILKES-BARRE GENERAL HOSPITAL,PA,file-404,no-cms-hpt-txt-published,access-or-discovery-unresolved,0,https://commonwealthhealth.net/cms-hpt.txt [404] | https://www.commonwealthhealth.net/cms-hpt.txt [request timeout],0,https://commonwealthhealth.net/,200,,0,,,,,date-unverified,,,,2026-09-09T01:24:59.063Z
400132,DOCTORS CENTER HOSPITAL  CAROLINA LLC,PR,format-unusable,compliant-date-unverified,mrf-reachable-review-required,0,https://doctorscenterhospital.com/cms-hpt.txt [request timeout] | https://www.doctorscenterhospital.com/cms-hpt.txt [request timeout],0,https://doctorscenterhospital.com/,200,,1,200,,,,date-unverified,,,,2026-09-09T01:24:59.065Z
400102,DOCTORS' CENTER BAYAMON,PR,name-ambiguous,not-assessed-not-named-in-file,access-or-discovery-unresolved,0,https://doctorscenterhospital.com/cms-hpt.txt [request timeout] | https://www.doctorscenterhospital.com/cms-hpt.txt [request timeout],0,https://doctorscenterhospital.com/,200,,0,,,,,date-unverified,,,,2026-09-09T01:24:59.066Z
400006,DOCTORS' CENTER HOSPITAL SAN JUAN,PR,format-unusable,compliant-date-unverified,mrf-reachable-review-required,0,https://doctorscenterhospital.com/cms-hpt.txt [request timeout] | https://www.doctorscenterhospital.com/cms-hpt.txt [request timeout],0,https://doctorscenterhospital.com/,200,,1,200,,,,date-unverified,,,,2026-09-09T01:24:59.067Z
400118,"DOCTORS' CENTER HOSPITAL, INC",PR,format-unusable,compliant-date-unverified,mrf-reachable-review-required,0,https://doctorscenterhospital.com/cms-hpt.txt [request timeout] | https://www.doctorscenterhospital.com/cms-hpt.txt [request timeout],0,https://doctorscenterhospital.com/,200,,1,200,,,,date-unverified,,,,2026-09-09T01:24:59.068Z
400117,HOSPITAL METROPOLITANO  DR SUSONI,PR,html-soft-block,no-cms-hpt-txt-published,access-or-discovery-unresolved,0,https://hospitaldrsusoni.com/cms-hpt.txt [request timeout] | https://www.hospitaldrsusoni.com/cms-hpt.txt [request timeout],0,https://hospitaldrsusoni.com/,202,,0,,,,,date-unverified,,,,2026-09-09T01:24:59.070Z
404007,HOSPITAL METROPOLITANO  PSIQUIATRICO DE CABO ROJO,PR,html-soft-block,no-cms-hpt-txt-published,access-or-discovery-unresolved,0,https://hospitalmetrocaborojo.com/cms-hpt.txt [request timeout] | https://www.hospitalmetrocaborojo.com/cms-hpt.txt [request timeout],0,https://hospitalmetrocaborojo.com/,202,,0,,,,,date-unverified,,,,2026-09-09T01:24:59.071Z
400130,HOSPITAL METROPOLITANO DE LA MONTANA,PR,html-soft-block,no-cms-hpt-txt-published,access-or-discovery-unresolved,0,https://hospitalmetroutuado.com/cms-hpt.txt [request timeout] | https://www.hospitalmetroutuado.com/cms-hpt.txt [request timeout],0,https://hospitalmetroutuado.com/,202,,0,,,,,date-unverified,,,,2026-09-09T01:24:59.072Z
400003,HOSPITAL METROPOLITANO DR PILA,PR,html-soft-block,no-cms-hpt-txt-published,access-or-discovery-unresolved,0,https://hmdrpila.com/cms-hpt.txt [request timeout] | https://www.hmdrpila.com/cms-hpt.txt [request timeout],0,https://hmdrpila.com/,202,,0,,,,,date-unverified,,,,2026-09-09T01:24:59.073Z
400128,"HOSPITAL PAVIA HATO REY, INC",PR,html-soft-block,no-cms-hpt-txt-published,access-or-discovery-unresolved,0,https://hospitalpaviapr.com/cms-hpt.txt [request timeout] | https://www.hospitalpaviapr.com/cms-hpt.txt [request timeout],0,https://hospitalpaviapr.com/,202,,0,,,,,date-unverified,,,,2026-09-09T01:24:59.074Z
400019,HOSPITAL PAVIA SANTURCE,PR,html-soft-block,no-cms-hpt-txt-published,access-or-discovery-unresolved,0,https://hospitalpaviapr.com/cms-hpt.txt [request timeout] | https://www.hospitalpaviapr.com/cms-hpt.txt [request timeout],0,https://hospitalpaviapr.com/,202,,0,,,,,date-unverified,,,,2026-09-09T01:24:59.075Z
400110,HOSPITAL PAVIA YAUCO,PR,html-soft-block,no-cms-hpt-txt-published,access-or-discovery-unresolved,0,https://hospitalpaviayauco.com/cms-hpt.txt [request timeout] | https://www.hospitalpaviayauco.com/cms-hpt.txt [request timeout],0,https://hospitalpaviayauco.com/,202,,0,,,,,date-unverified,,,,2026-09-09T01:24:59.077Z
400123,HOSPITAL PEREA,PR,html-soft-block,no-cms-hpt-txt-published,access-or-discovery-unresolved,0,https://hospitalperea.com/cms-hpt.txt [request timeout] | https://www.hospitalperea.com/cms-hpt.txt [request timeout],0,https://hospitalperea.com/,202,,0,,,,,date-unverified,,,,2026-09-09T01:24:59.078Z
400106,METROPOLITAN HOSPITAL,PR,html-soft-block,no-cms-hpt-txt-published,access-or-discovery-unresolved,0,https://hospitalmetropolitanopr.com/cms-hpt.txt [request timeout] | https://www.hospitalmetropolitanopr.com/cms-hpt.txt [request timeout],0,https://hospitalmetropolitanopr.com/,202,,0,,,,,date-unverified,,,,2026-09-09T01:24:59.078Z
400122,PROFESSIONAL HOSPITAL GUAYNABO INC,PR,mrf-gone,mrf-url-unreachable,access-or-discovery-unresolved,0,https://professionalhospital.net/cms-hpt.txt [request timeout] | https://www.professionalhospital.net/cms-hpt.txt [request timeout],0,https://professionalhospital.net/,200,,1,404,,,,date-unverified,,,,2026-09-09T01:24:59.079Z
420082,AIKEN REGIONAL MEDICAL CENTER,SC,waf-blocked,pointer-blocked-to-automation,access-or-discovery-unresolved,0,https://aikenregional.com/cms-hpt.txt [request timeout] | https://www.aikenregional.com/cms-hpt.txt [request timeout],0,https://aikenregional.com/,403,,0,,,,,date-unverified,,,,2026-09-09T01:24:59.081Z
420010,CAROLINA PINES REGIONAL MEDICAL CENTER,SC,client-rejected,not-assessed-site-unreachable,access-or-discovery-unresolved,0,https://cprmc.com/cms-hpt.txt [request timeout] | https://www.cprmc.com/cms-hpt.txt [request timeout],0,https://cprmc.com/,406,,0,,,,,date-unverified,,,,2026-09-09T01:24:59.082Z
420030,COLLETON MEDICAL CENTER,SC,stale-file,mrf-stale-over-365-days,mrf-reachable-review-required,0,https://colletonmedical.com/cms-hpt.txt [request timeout] | https://www.colletonmedical.com/cms-hpt.txt [request timeout],0,https://colletonmedical.com/,200,,1,206,,2024-10-01,,date-over-365-days,2.2.0,2024-10-01,2.2.0,2026-09-09T01:24:59.085Z
420072,HAMPTON REGIONAL MEDICAL CENTER,SC,mrf-gone,mrf-url-unreachable,access-or-discovery-unresolved,0,https://hamptonregional.org/cms-hpt.txt [request timeout] | https://www.hamptonregional.org/cms-hpt.txt [request timeout],0,https://hamptonregional.org/,200,,1,404,,,,date-unverified,,,,2026-09-09T01:24:59.086Z
420073,LEXINGTON MEDICAL CENTER,SC,html-soft-block,no-cms-hpt-txt-published,access-or-discovery-unresolved,0,https://lexmed.com/cms-hpt.txt [request timeout] | https://www.lexmed.com/cms-hpt.txt [request timeout],0,https://lexmed.com/,200,,0,,,,,date-unverified,,,,2026-09-09T01:24:59.088Z
420051,MCLEOD REGIONAL MEDICAL CENTER-PEE DEE,SC,name-ambiguous,not-assessed-not-named-in-file,access-or-discovery-unresolved,0,https://mcleodhealth.org/cms-hpt.txt [request timeout] | https://www.mcleodhealth.org/cms-hpt.txt [request timeout],0,https://mcleodhealth.org/,200,,0,,,,,date-unverified,,,,2026-09-09T01:24:59.089Z
420104,MOUNT PLEASANT HOSPITAL,SC,name-ambiguous,not-assessed-not-named-in-file,access-or-discovery-unresolved,0,https://www.rsfh.com/cms-hpt.txt [request timeout] | https://rsfh.com/cms-hpt.txt [request timeout],0,https://www.rsfh.com/,403,,0,,,,,date-unverified,,,,2026-09-09T01:24:59.090Z
431332,AVERA DE SMET MEMORIAL HOSPITAL - CAH,SD,old-template,old-template-version,access-or-discovery-unresolved,0,https://avera.org/cms-hpt.txt [403] | https://www.avera.org/cms-hpt.txt [403],0,https://avera.org/,403,,1,403,,,,date-unverified,,2026-04-01,4.0.0,2026-09-09T01:24:59.092Z
431331,AVERA DELLS AREA HOSPITAL  - CAH,SD,old-template,old-template-version,access-or-discovery-unresolved,0,https://avera.org/cms-hpt.txt [403] | https://www.avera.org/cms-hpt.txt [403],0,https://avera.org/,403,,1,403,,,,date-unverified,,2026-04-01,4.0.0,2026-09-09T01:24:59.093Z
431310,AVERA FLANDREAU HOSPITAL - CAH,SD,old-template,old-template-version,access-or-discovery-unresolved,0,https://avera.org/cms-hpt.txt [403] | https://www.avera.org/cms-hpt.txt [403],0,https://avera.org/,403,,1,403,,,,date-unverified,,2026-04-01,4.0.0,2026-09-09T01:24:59.095Z
431338,AVERA GREGORY HOSPITAL,SD,old-template,old-template-version,access-or-discovery-unresolved,0,https://avera.org/cms-hpt.txt [403] | https://www.avera.org/cms-hpt.txt [403],0,https://avera.org/,403,,1,403,,,,date-unverified,,2026-04-01,4.0.0,2026-09-09T01:24:59.096Z
431337,AVERA HAND COUNTY MEMORIAL HOSPITAL AND CLINIC,SD,old-template,old-template-version,access-or-discovery-unresolved,0,https://avera.org/cms-hpt.txt [403] | https://www.avera.org/cms-hpt.txt [403],0,https://avera.org/,403,,1,403,,,,date-unverified,,2026-04-01,4.0.0,2026-09-09T01:24:59.097Z
430095,AVERA HEART HOSPITAL OF SOUTH DAKOTA,SD,old-template,old-template-version,access-or-discovery-unresolved,0,https://avera.org/cms-hpt.txt [403] | https://www.avera.org/cms-hpt.txt [403],0,https://avera.org/,403,,1,403,,,,date-unverified,,2026-04-01,4.0.0,2026-09-09T01:24:59.098Z
430016,AVERA MCKENNAN HOSPITAL & UNIVERSITY HEALTH CENTER,SD,old-template,old-template-version,access-or-discovery-unresolved,0,https://avera.org/cms-hpt.txt [403] | https://www.avera.org/cms-hpt.txt [403],0,https://avera.org/,403,,1,403,,,,date-unverified,,2026-04-01,4.0.0,2026-09-09T01:24:59.099Z
431302,AVERA MISSOURI RIVER HEALTH CENTER,SD,old-template,old-template-version,access-or-discovery-unresolved,0,https://avera.org/cms-hpt.txt [403] | https://www.avera.org/cms-hpt.txt [403],0,https://avera.org/,403,,1,403,,,,date-unverified,,2026-04-01,4.0.0,2026-09-09T01:24:59.101Z
431340,AVERA QUEEN OF PEACE,SD,old-template,old-template-version,access-or-discovery-unresolved,0,https://avera.org/cms-hpt.txt [403] | https://www.avera.org/cms-hpt.txt [403],0,https://avera.org/,403,,1,403,,,,date-unverified,,2026-04-01,4.0.0,2026-09-09T01:24:59.103Z
430012,AVERA SACRED HEART HOSPITAL,SD,old-template,old-template-version,access-or-discovery-unresolved,0,https://avera.org/cms-hpt.txt [403] | https://www.avera.org/cms-hpt.txt [403],0,https://avera.org/,403,,1,403,,,,date-unverified,,2026-04-01,4.0.0,2026-09-09T01:24:59.104Z
431330,AVERA ST BENEDICT HEALTH CENTER - CAH,SD,old-template,old-template-version,access-or-discovery-unresolved,0,https://avera.org/cms-hpt.txt [403] | https://www.avera.org/cms-hpt.txt [403],0,https://avera.org/,403,,1,403,,,,date-unverified,,2026-04-01,4.0.0,2026-09-09T01:24:59.105Z
430014,AVERA ST LUKES,SD,old-template,old-template-version,access-or-discovery-unresolved,0,https://avera.org/cms-hpt.txt [403] | https://www.avera.org/cms-hpt.txt [403],0,https://avera.org/,403,,1,403,,,,date-unverified,,2026-04-01,4.0.0,2026-09-09T01:24:59.106Z
430015,AVERA ST MARY'S HOSPITAL,SD,old-template,old-template-version,access-or-discovery-unresolved,0,https://avera.org/cms-hpt.txt [403] | https://www.avera.org/cms-hpt.txt [403],0,https://avera.org/,403,,1,403,,,,date-unverified,,2026-04-01,4.0.0,2026-09-09T01:24:59.108Z
431324,AVERA WESKOTA MEMORIAL MEDICAL CENTER - CAH,SD,old-template,old-template-version,access-or-discovery-unresolved,0,https://avera.org/cms-hpt.txt [403] | https://www.avera.org/cms-hpt.txt [403],0,https://avera.org/,403,,1,403,,,,date-unverified,,2026-04-01,4.0.0,2026-09-09T01:24:59.109Z
431314,BENNETT COUNTY HOSPITAL AND NURSING HOME - CAH,SD,stale-file,mrf-stale-over-365-days,mrf-reachable-review-required,0,https://bennettcountyhospital.com/cms-hpt.txt [request timeout] | https://www.bennettcountyhospital.com/cms-hpt.txt [request timeout],0,https://bennettcountyhospital.com/,200,,1,206,,2025-01-03,,date-over-365-days,2.0.0,2025-01-03,2.0.0,2026-09-09T01:24:59.112Z
430091,BLACK HILLS SURGICAL HOSPITAL LLC,SD,old-template,old-template-version,pointer-and-identity-verified,1,https://sanfordhealth.org/cms-hpt.txt [request timeout] | https://www.sanfordhealth.org/cms-hpt.txt [200],26,,,,1,206,https://www.sanfordhealth.org/-/media/org/files/patients-and-visitors/billing-insurance/price-estimates/black-hills-surgical-hospital_standard-charges.csv,2026-01-30,https://www.sanfordhealth.org/cms-hpt.txt,date-within-365-days-older-version,2.0.0,2026-01-30,2.0.0,2026-09-09T01:24:59.114Z
431318,BOWDLE HOSPITAL - CAH,SD,name-ambiguous,not-assessed-not-named-in-file,access-or-discovery-unresolved,0,https://avera.org/cms-hpt.txt [403] | https://www.avera.org/cms-hpt.txt [403],0,https://avera.org/,403,,0,,,,,date-unverified,,,,2026-09-09T01:24:59.115Z
431316,COMMUNITY MEMORIAL HOSPITAL,SD,manual-review,mrf-blocked-to-automation,access-or-discovery-unresolved,0,https://avera.org/cms-hpt.txt [403] | https://www.avera.org/cms-hpt.txt [403],0,https://avera.org/,403,,1,403,,,,date-unverified,,,,2026-09-09T01:24:59.117Z
431308,EUREKA COMMUNITY HEALTH SERVICES - CAH,SD,name-ambiguous,not-assessed-not-named-in-file,access-or-discovery-unresolved,0,https://avera.org/cms-hpt.txt [403] | https://www.avera.org/cms-hpt.txt [403],0,https://avera.org/,403,,0,,,,,date-unverified,,,,2026-09-09T01:24:59.118Z
431322,FALL RIVER HOSPITAL - CAH,SD,format-unusable,compliant-date-unverified,mrf-reachable-review-required,0,https://frhssd.org/cms-hpt.txt [200],1,,,,1,206,,2026-02-01,,date-within-365-days-version-3,3.0.0,,,2026-09-09T01:24:59.121Z
431313,FREEMAN MEDICAL CENTER - CAH,SD,name-ambiguous,not-assessed-not-named-in-file,access-or-discovery-unresolved,0,https://avera.org/cms-hpt.txt [403] | https://www.avera.org/cms-hpt.txt [403],0,https://avera.org/,403,,0,,,,,date-unverified,,,,2026-09-09T01:24:59.123Z
431319,HANS P PETERSON MEMORIAL HOSPITAL - CAH,SD,stale-file,mrf-stale-over-365-days,mrf-reachable-review-required,0,https://philiphealthservices.com/cms-hpt.txt [200],1,,,,1,206,,2024-07-01,,date-over-365-days,2.0.0,2024-07-01,2.0.0,2026-09-09T01:24:59.124Z
430779,LANDMANN JUNGMAN MEMORIAL HOSPITAL CORPORATION,SD,old-template,old-template-version,access-or-discovery-unresolved,0,https://avera.org/cms-hpt.txt [403] | https://www.avera.org/cms-hpt.txt [403],0,https://avera.org/,403,,1,403,,,,date-unverified,,2026-04-01,4.0.0,2026-09-09T01:24:59.125Z
431300,MADISON REGIONAL HEALTH SYSTEM,SD,manual-review,no-cms-hpt-txt-published,access-or-discovery-unresolved,0,https://madisonregionalhealth.org/cms-hpt.txt [request deadline exceeded] | https://www.madisonregionalhealth.org/cms-hpt.txt [request timeout],0,https://madisonregionalhealth.org/,,Client network socket disconnected before secure TLS connection was established,0,,,,,date-unverified,,,,2026-09-09T01:24:59.126Z
431312,MARSHALL COUNTY HEALTHCARE CENTER - CAH,SD,old-template,old-template-version,access-or-discovery-unresolved,0,https://avera.org/cms-hpt.txt [403] | https://www.avera.org/cms-hpt.txt [403],0,https://avera.org/,403,,1,403,,,,date-unverified,,2026-04-01,4.0.0,2026-09-09T01:24:59.128Z
431326,MILBANK AREA HOSPITAL/AVERA HEALTH,SD,old-template,old-template-version,access-or-discovery-unresolved,0,https://avera.org/cms-hpt.txt [403] | https://www.avera.org/cms-hpt.txt [403],0,https://avera.org/,403,,1,403,,,,date-unverified,,2026-04-01,4.0.0,2026-09-09T01:24:59.129Z
431306,PLATTE HEALTH CENTER,SD,old-template,old-template-version,access-or-discovery-unresolved,0,https://avera.org/cms-hpt.txt [403] | https://www.avera.org/cms-hpt.txt [403],0,https://avera.org/,403,,1,403,,,,date-unverified,,2026-04-01,4.0.0,2026-09-09T01:24:59.130Z
431327,ST MICHAEL'S HOSPITAL - CAH,SD,old-template,old-template-version,access-or-discovery-unresolved,0,https://avera.org/cms-hpt.txt [403] | https://www.avera.org/cms-hpt.txt [403],0,https://avera.org/,403,,1,403,,,,date-unverified,,2026-04-01,4.0.0,2026-09-09T01:24:59.131Z
431315,WAGNER COMMUNITY MEMORIAL HOSPITAL - CAH,SD,old-template,old-template-version,access-or-discovery-unresolved,0,https://avera.org/cms-hpt.txt [403] | https://www.avera.org/cms-hpt.txt [403],0,https://avera.org/,403,,1,403,,,,date-unverified,,2026-04-01,4.0.0,2026-09-09T01:24:59.132Z
441323,BIG SOUTH FORK MEDICAL CENTER,TN,old-template,old-template-version,mrf-reachable-review-required,0,https://bigsouthforkmc.com/cms-hpt.txt [202] | https://www.bigsouthforkmc.com/cms-hpt.txt [202],0,https://bigsouthforkmc.com/,202,,1,202,,,,date-unverified,,2025-11-01,2.0.0,2026-09-09T01:24:59.133Z
440072,DYERSBURG REGIONAL MEDICAL CENTER,TN,file-404,no-cms-hpt-txt-published,access-or-discovery-unresolved,0,https://wth.org/cms-hpt.txt [404] | https://www.wth.org/cms-hpt.txt [404],0,https://wth.org/,200,,0,,,,,date-unverified,,,,2026-09-09T01:24:59.135Z
443303,EAST TENNESSEE CHILDRENS HOSPITAL,TN,manual-review,mrf-blocked-to-automation,access-or-discovery-unresolved,0,https://dollychildrens.org/cms-hpt.txt [403] | https://www.dollychildrens.org/cms-hpt.txt [403],0,https://dollychildrens.org/,403,,1,403,,,,date-unverified,,,,2026-09-09T01:24:59.137Z
441306,ERLANGER BLEDSOE HOSPITAL,TN,format-unusable,compliant-date-unverified,pointer-and-identity-verified,1,https://erlanger.org/cms-hpt.txt [200],7,,,,2,200,https://erlanger.pt.panaceainc.com/MRFDownload/erlanger/bledsoe,2026-01-25,https://www.erlanger.org/cms-hpt.txt,date-within-365-days-version-3,3.0.0,,,2026-09-09T01:24:59.144Z
440104,ERLANGER MEDICAL CENTER,TN,name-ambiguous,not-assessed-not-named-in-file,mrf-reachable-review-required,0,https://erlanger.org/cms-hpt.txt [200],7,,,,3,,,,,date-unverified,,,,2026-09-09T01:24:59.149Z
441322,HOUSTON COUNTY COMMUNITY HOSPITAL,TN,name-ambiguous,not-assessed-not-named-in-file,mrf-reachable-review-required,0,https://shamrock.health/cms-hpt.txt [200],1,,,,1,,,,,date-unverified,,,,2026-09-09T01:24:59.155Z
440002,JACKSON-MADISON COUNTY GENERAL HOSPITAL,TN,file-404,no-cms-hpt-txt-published,access-or-discovery-unresolved,0,https://wth.org/cms-hpt.txt [404] | https://www.wth.org/cms-hpt.txt [404],0,https://wth.org/,200,,0,,,,,date-unverified,,,,2026-09-09T01:24:59.156Z
440102,LINCOLN MEDICAL CENTER,TN,name-ambiguous,not-assessed-not-named-in-file,pointer-readable-review-required,0,https://lincolnhealthsystem.com/cms-hpt.txt [200],1,,,,1,,,,,date-unverified,,,,2026-09-09T01:24:59.157Z
440187,LIVINGSTON REGIONAL HOSPITAL,TN,client-rejected,not-assessed-site-unreachable,access-or-discovery-unresolved,0,https://mylivingstonhospital.com/cms-hpt.txt [406] | https://www.mylivingstonhospital.com/cms-hpt.txt [406],0,https://mylivingstonhospital.com/,406,,0,,,,,date-unverified,,,,2026-09-09T01:24:59.158Z
440091,"MEMORIAL HEALTHCARE SYSTEM, INC",TN,name-ambiguous,not-assessed-not-named-in-file,mrf-reachable-review-required,0,https://commonspirit.org/cms-hpt.txt [request timeout] | https://www.commonspirit.org/cms-hpt.txt [200],72,,,,68,,,,,date-unverified,,,,2026-09-09T01:25:00.058Z
440111,METRO NASHVILLE GENERAL HOSPITAL,TN,stale-file,mrf-stale-over-365-days,pointer-and-identity-verified,1,https://nashvillegeneral.org/cms-hpt.txt [200],1,,,,1,206,https://nashvillegeneral-440111.s3.amazonaws.com/62-1383977_METRO-NASHVILLE-GENERAL-HOSPITAL_standardcharges.csv,2024-07-01,https://nashvillegeneral.org/cms-hpt.txt,date-over-365-days,1.0.0,2024-07-01,1.0.0,2026-09-09T01:25:00.061Z
444014,MIDDLE TN MENTAL HEALTH INSTITUTE,TN,manual-review,not-assessed-site-unreachable,access-or-discovery-unresolved,0,https://tn.gov/cms-hpt.txt [Client network socket disconnected before secure TLS connection was established] | https://www.tn.gov/cms-hpt.txt [404],0,https://tn.gov/,,Client network socket disconnected before secure TLS connection was established,0,,,,,date-unverified,,,,2026-09-09T01:25:00.063Z
444010,"PATHWAYS OF TENNESSEE, INC",TN,file-404,no-cms-hpt-txt-published,access-or-discovery-unresolved,0,https://wth.org/cms-hpt.txt [404] | https://www.wth.org/cms-hpt.txt [404],0,https://wth.org/,200,,0,,,,,date-unverified,,,,2026-09-09T01:25:00.065Z
444023,PERIMETER BEHAVIORAL CENTER OF JACKSON,TN,name-ambiguous,not-assessed-not-named-in-file,mrf-reachable-review-required,0,https://perimeterhealthcare.com/cms-hpt.txt [200],7,,,,7,,,,,date-unverified,,,,2026-09-09T01:25:00.164Z
440152,REGIONAL ONE HEALTH,TN,stale-file,mrf-stale-over-365-days,pointer-and-identity-verified,1,https://www.regionalonehealth.org/cms-hpt.txt [200],2,,,,1,206,https://www.regionalonehealth.org/wp-content/uploads/2024/12/621113169_shelby-county-health-care_standardcharges.csv,2025-01-06,https://www.regionalonehealth.org/cms-hpt.txt,date-over-365-days,2.0.0,2025-01-06,2.0.0,2026-09-09T01:25:00.170Z
440058,SOUTHERN TENNESSEE REGIONAL HEALTH SYSTEM WINCHEST,TN,name-ambiguous,not-assessed-not-named-in-file,mrf-reachable-review-required,0,https://highpointhealthsystem.com/cms-hpt.txt [200],5,,,,4,,,,,date-unverified,,,,2026-09-09T01:25:00.187Z
443302,ST JUDE CHILDRENS RESEARCH HOSPITAL,TN,format-unusable,compliant-date-unverified,pointer-readable-review-required,0,https://www.stjude.org/cms-hpt.txt [200],1,,,,1,,,,,date-unverified,,,,2026-09-09T01:25:00.188Z
440200,STONES RIVER HOSPITAL,TN,name-ambiguous,not-assessed-not-named-in-file,mrf-reachable-review-required,0,https://healthcare.ascension.org/-/media/Healthcare/cms-hpt.txt [200],93,,,,77,,,,,date-unverified,,,,2026-09-09T01:25:00.788Z
440161,TRISTAR CENTENNIAL MEDICAL CENTER,TN,server-blocked,mrf-blocked-to-automation,pointer-readable-review-required,0,https://tristarhealth.com/cms-hpt.txt [200],17,,,,1,403,,,,date-unverified,,,,2026-09-09T01:25:00.788Z
440061,VOLUNTEER COMMUNITY HOSPITAL,TN,file-404,no-cms-hpt-txt-published,access-or-discovery-unresolved,0,https://wth.org/cms-hpt.txt [404] | https://www.wth.org/cms-hpt.txt [404],0,https://wth.org/,200,,0,,,,,date-unverified,,,,2026-09-09T01:25:00.790Z
441320,WEST TENNESSEE HEALTHCARE BOLIVAR HOSPITAL,TN,file-404,no-cms-hpt-txt-published,access-or-discovery-unresolved,0,https://wth.org/cms-hpt.txt [404] | https://www.wth.org/cms-hpt.txt [404],0,https://wth.org/,200,,0,,,,,date-unverified,,,,2026-09-09T01:25:00.792Z
441316,WEST TENNESSEE HEALTHCARE CAMDEN HOSPITAL,TN,file-404,no-cms-hpt-txt-published,access-or-discovery-unresolved,0,https://wth.org/cms-hpt.txt [404] | https://www.wth.org/cms-hpt.txt [404],0,https://wth.org/,200,,0,,,,,date-unverified,,,,2026-09-09T01:25:00.793Z
440060,WEST TENNESSEE HEALTHCARE MILAN HOSPITAL,TN,file-404,no-cms-hpt-txt-published,access-or-discovery-unresolved,0,https://wth.org/cms-hpt.txt [404] | https://www.wth.org/cms-hpt.txt [404],0,https://wth.org/,200,,0,,,,,date-unverified,,,,2026-09-09T01:25:00.795Z
440029,WILLIAMSON MEDICAL CENTER,TN,mrf-gone,mrf-url-unreachable,pointer-readable-review-required,0,https://williamsonhealth.org/cms-hpt.txt [200],1,,,,1,404,,,,date-unverified,,,,2026-09-09T01:25:00.795Z
670321,ADVANCED DALLAS HOSPITALS AND CLINICS,TX,stale-file,mrf-stale-over-365-days,pointer-and-identity-verified,1,https://adhealthcare.com/cms-hpt.txt [200],4,,,,2,206,https://hospitalpricetransparencyfiles.com/advanced-dallas-hospital-and-clinics/852671865_Advanced-Dallas-Hospital-and-Clinics-LLC_standardcharges.csv,2025-07-20,https://adhealthcare.com/cms-hpt.txt,date-over-365-days,3.0.0,2025-07-20,3.0.0,2026-09-09T01:25:00.837Z
670135,"ALTUS HOUSTON HOSPITAL, LP",TX,manual-review,not-assessed-site-unreachable,access-or-discovery-unresolved,0,https://altushospitals.org/cms-hpt.txt [404] | https://www.altushospitals.org/cms-hpt.txt [404],0,https://altushospitals.org/,200,,0,,,,,date-unverified,,,,2026-09-09T01:25:00.839Z
670056,ASCENSION  SETON HAYS,TX,format-unusable,compliant-date-unverified,mrf-reachable-review-required,0,https://healthcare.ascension.org/cms-hpt.txt [200],93,,,,8,200,,,,date-unverified,,,,2026-09-09T01:25:00.957Z
451310,BALLINGER MEMORIAL HOSPITAL,TX,format-unusable,compliant-date-unverified,pointer-readable-review-required,0,https://ballingerhospital.org/cms-hpt.txt [200],1,,,,2,,,,,date-unverified,,,,2026-09-09T01:25:00.958Z
670336,BANDERA FAMILY HOSPITAL,TX,stale-file,mrf-stale-over-365-days,pointer-and-identity-verified,1,https://fhsmc.com/cms-hpt.txt [200],7,,,,1,200,https://fhsmc.com/price-transparency/920323729_bandera-family-hospital_standardcharges.csv,2025-08-29,https://fhsmc.com/price-transparency/cms-hpt-txt/?tmstv=1773081269,date-over-365-days,2.0.0,2025-08-29,2.0.0,2026-09-09T01:25:00.973Z
670109,BAYTOWN MEDICAL CENTER LP,TX,manual-review,not-assessed-site-unreachable,access-or-discovery-unresolved,0,https://altushospitals.org/cms-hpt.txt [404] | https://www.altushospitals.org/cms-hpt.txt [404],0,https://altushospitals.org/,200,,0,,,,,date-unverified,,,,2026-09-09T01:25:00.975Z
450253,BELLVILLE MEDICAL CENTER,TX,name-ambiguous,not-assessed-not-named-in-file,mrf-reachable-review-required,0,https://www.sjhsyr.org/cms-hpt.txt [200],1,,,,1,,,,,date-unverified,,,,2026-09-09T01:25:00.982Z
450399,BROWNFIELD REGIONAL MEDICAL CENTER,TX,format-unusable,compliant-date-unverified,mrf-reachable-review-required,0,https://brownfield-rmc.org/cms-hpt.txt [200],1,,,,1,200,,,,date-unverified,,,,2026-09-09T01:25:00.982Z
450237,CHRISTUS SANTA ROSA MEDICAL CENTER,TX,mrf-gone,mrf-url-unreachable,mrf-reachable-review-required,0,https://christushealth.org/cms-hpt.txt [200],42,,,,7,404,,,,date-unverified,,,,2026-09-09T01:25:01.071Z
450046,CHRISTUS SPOHN HOSPITAL CORPUS CHRISTI,TX,mrf-gone,mrf-url-unreachable,pointer-and-identity-verified,1,https://christushealth.org/cms-hpt.txt [200],42,,,,6,404,https://www.christushealth.org/-/media/christus-health/plan-care/files/bill-pay/machine-readable-files/741109836_spohnhospitalcorpuschristishoreline_standardcharges.json,2026-01-13,https://www.christushealth.org/cms-hpt.txt,date-within-365-days-version-3,3.0.0,,,2026-09-09T01:25:01.132Z
670115,CLEVELAND EMERGENCY HOSPITAL,TX,html-soft-block,no-cms-hpt-txt-published,access-or-discovery-unresolved,0,https://emergencyhospitals.care/cms-hpt.txt [200] | https://www.emergencyhospitals.care/cms-hpt.txt [200],0,https://emergencyhospitals.care/,200,,0,,,,,date-unverified,,,,2026-09-09T01:25:01.134Z
451384,COGDELL MEMORIAL HOSPITAL,TX,format-unusable,compliant-date-unverified,mrf-reachable-review-required,0,https://cogdellhospital.com/cms-hpt.txt [200],1,,,,1,200,,,,date-unverified,,,,2026-09-09T01:25:01.135Z
451347,COLEMAN COUNTY MEDICAL CENTER COMPANY,TX,html-soft-block,no-cms-hpt-txt-published,access-or-discovery-unresolved,0,https://colemancountymc.com/cms-hpt.txt [202] | https://www.colemancountymc.com/cms-hpt.txt [202],0,https://colemancountymc.com/,202,,0,,,,,date-unverified,,,,2026-09-09T01:25:01.136Z
451355,COLLINGSWORTH GENERAL HOSPITAL,TX,html-soft-block,no-cms-hpt-txt-published,access-or-discovery-unresolved,0,https://collingsworthgeneral.net/cms-hpt.txt [202] | https://www.collingsworthgeneral.net/cms-hpt.txt [202],0,https://collingsworthgeneral.net/,202,,0,,,,,date-unverified,,,,2026-09-09T01:25:01.138Z
453300,COOK CHILDRENS MEDICAL CENTER,TX,format-unusable,compliant-date-unverified,pointer-readable-review-required,0,https://cookchildrens.org/cms-hpt.txt [200],2,,,,2,,,,,date-unverified,,,,2026-09-09T01:25:01.138Z
453317,COOK CHILDRENS MEDICAL CENTER PROSPER,TX,format-unusable,compliant-date-unverified,pointer-readable-review-required,0,https://cookchildrens.org/cms-hpt.txt [200],2,,,,2,,,,,date-unverified,,,,2026-09-09T01:25:01.138Z
451379,CORYELL MEMORIAL HOSPITAL,TX,format-unusable,compliant-date-unverified,mrf-reachable-review-required,0,https://coryellhealth.org/cms-hpt.txt [200],1,,,,1,200,,,,date-unverified,,,,2026-09-09T01:25:01.138Z
451353,CRANE COUNTY HOSPITAL DISTRICT,TX,format-unusable,compliant-date-unverified,mrf-reachable-review-required,0,https://www.cranememorial.org/cms-hpt.txt [200],1,,,,1,200,,,,date-unverified,,,,2026-09-09T01:25:01.138Z
670090,CRESCENT MEDICAL CENTER LANCASTER,TX,format-unusable,compliant-date-unverified,mrf-reachable-review-required,0,https://crescentregionalhospital.com/cms-hpt.txt [200],1,,,,1,200,,,,date-unverified,,,,2026-09-09T01:25:01.138Z
451338,CULBERSON HOSPITAL,TX,html-soft-block,no-cms-hpt-txt-published,access-or-discovery-unresolved,0,https://culbersonhospital.org/cms-hpt.txt [202] | https://www.culbersonhospital.org/cms-hpt.txt [202],0,https://culbersonhospital.org/,202,,0,,,,,date-unverified,,,,2026-09-09T01:25:01.140Z
451390,DIMMIT REGIONAL HOSPITAL,TX,format-unusable,compliant-date-unverified,mrf-reachable-review-required,0,https://dimmitregionalhospital.com/cms-hpt.txt [200],1,,,,1,200,,,,date-unverified,,,,2026-09-09T01:25:01.140Z
453321,DRISCOLL CHILDREN'S HOSPITAL RIO GRANDE VALLEY,TX,old-template,old-template-version,pointer-and-identity-verified,1,https://driscollchildrens.org/cms-hpt.txt [200],2,,,,1,206,https://driscollchildrens.org/wp-content/uploads/742577746-1124796081_Driscoll-Childrens-Hospital_standardcharges.csv,2025-10-06,https://driscollchildrens.org/cms-hpt.txt,date-within-365-days-older-version,2.0.0,2025-10-06,2.0.0,2026-09-09T01:25:01.163Z
453301,DRISCOLL CHILDRENS HOSPITAL,TX,old-template,old-template-version,pointer-and-identity-verified,1,https://driscollchildrens.org/cms-hpt.txt [200],2,,,,1,206,https://driscollchildrens.org/wp-content/uploads/742577746-1548286172_Driscoll-Childrens-Hospital_standardcharges.csv,2025-10-06,https://driscollchildrens.org/cms-hpt.txt,date-within-365-days-older-version,2.0.0,2025-10-06,2.0.0,2026-09-09T01:25:01.185Z
671303,EASTLAND MEMORIAL HOSPITAL,TX,format-unusable,compliant-date-unverified,mrf-reachable-review-required,0,https://eastlandmemorial.com/cms-hpt.txt [200],1,,,,1,200,,,,date-unverified,,,,2026-09-09T01:25:01.185Z
450833,ENNIS REGIONAL MEDICAL CENTER,TX,client-rejected,not-assessed-site-unreachable,access-or-discovery-unresolved,0,https://ennisregional.com/cms-hpt.txt [406] | https://www.ennisregional.com/cms-hpt.txt [406],0,https://ennisregional.com/,406,,0,,,,,date-unverified,,,,2026-09-09T01:25:01.187Z
450241,FAITH COMMUNITY HOSPITAL,TX,format-unusable,compliant-date-unverified,mrf-reachable-review-required,0,https://fchtexas.com/cms-hpt.txt [200],1,,,,1,200,,,,date-unverified,,,,2026-09-09T01:25:01.187Z
451391,FRIO REGIONAL HOSPITAL,TX,format-unusable,compliant-date-unverified,mrf-reachable-review-required,0,https://frioregionalhospital.com/cms-hpt.txt [200],1,,,,1,200,,,,date-unverified,,,,2026-09-09T01:25:01.187Z
454129,GEORGETOWN BEHAVIORAL HEALTH INSTITUTE,TX,stale-file,mrf-stale-over-365-days,pointer-and-identity-verified,1,https://auroraarizona.com/cms-hpt.txt [200],10,,,,1,206,https://www.georgetownbehavioral.com/sites/default/files/462465087_Georgetown%20Behavioral%20Insitute_Standardcharges.csv,2024-10-16,https://auroraarizona.com/cms-hpt.txt,date-over-365-days,2.0.0,2024-10-16,2.0.0,2026-09-09T01:25:01.201Z
450451,GLEN ROSE MEDICAL CENTER,TX,format-unusable,compliant-date-unverified,mrf-reachable-review-required,0,https://glenrosemedicalcenter.com/cms-hpt.txt [200],1,,,,1,200,,,,date-unverified,,,,2026-09-09T01:25:01.201Z
671300,GRAHAM REGIONAL MEDICAL CENTER,TX,format-unusable,compliant-date-unverified,mrf-reachable-review-required,0,https://grahamrmc.com/cms-hpt.txt [200],1,,,,1,200,,,,date-unverified,,,,2026-09-09T01:25:01.201Z
454076,HARRIS COUNTY PSYCHIATRIC CENTER,TX,manual-review,not-assessed-site-unreachable,access-or-discovery-unresolved,0,https://hcpc.uth.edu/cms-hpt.txt [404] | https://www.hcpc.uth.edu/cms-hpt.txt [getaddrinfo ENOTFOUND www.hcpc.uth.edu],0,https://hcpc.uth.edu/,200,,0,,,,,date-unverified,,,,2026-09-09T01:25:01.203Z
450155,HEREFORD REGIONAL MEDICAL CENTER,TX,format-unusable,pointer-lists-no-mrf-url,access-or-discovery-unresolved,0,https://dschd.org/cms-hpt.txt [200] | https://www.dschd.org/cms-hpt.txt [200],1,https://dschd.org/,200,,0,,,,,date-unverified,,,,2026-09-09T01:25:01.204Z
451395,HILL REGIONAL HOSPITAL,TX,format-unusable,compliant-date-unverified,mrf-reachable-review-required,0,https://hillregionalhospital.com/cms-hpt.txt [200],1,,,,1,200,,,,date-unverified,,,,2026-09-09T01:25:01.204Z
450347,HUNTSVILLE MEMORIAL HOSPITAL,TX,html-soft-block,no-cms-hpt-txt-published,access-or-discovery-unresolved,0,https://huntsvillememorial.com/cms-hpt.txt [202] | https://www.huntsvillememorial.com/cms-hpt.txt [202],0,https://huntsvillememorial.com/,202,,0,,,,,date-unverified,,,,2026-09-09T01:25:01.205Z
450698,LAMB HEALTHCARE CENTER,TX,waf-blocked,pointer-blocked-to-automation,access-or-discovery-unresolved,0,"https://irp.cdn-website.com/cms-hpt.txt [403] | https://www.irp.cdn-website.com/cms-hpt.txt [Hostname/IP does not match certificate's altnames: Host: www.irp.cdn-website.com. is not in the cert's altnames: DNS:*.cdn-website.com, DNS:*.editor-sandbox.multiscreensite.com, DNS:*.editor.multiscreensite.com, DNS:*.eu.partnerwebsitedns.com, DNS:*.multiscreensite.com, DNS:*.partnerwebsitedns.com, DNS:*.website.thryv.com, DNS:multiscreensite.com]",0,https://irp.cdn-website.com/,200,,0,,,,,date-unverified,,,,2026-09-09T01:25:01.206Z
450107,LAS PALMAS MEDICAL CENTER A CAMPUS OF LPDS HEALTHC,TX,name-ambiguous,not-assessed-not-named-in-file,mrf-reachable-review-required,0,https://laspalmasdelsolhealthcare.com/cms-hpt.txt [request timeout] | https://www.laspalmasdelsolhealthcare.com/cms-hpt.txt [200],8,,,,4,,,,,date-unverified,,,,2026-09-09T01:25:01.274Z
451375,LIBERTY DAYTON REGIONAL MEDICAL CENTER,TX,format-unusable,compliant-date-unverified,mrf-reachable-review-required,0,https://libertydaytonrmc.com/cms-hpt.txt [200],1,,,,1,200,,,,date-unverified,,,,2026-09-09T01:25:01.274Z
454118,LONE STAR BEHAVIORAL HEALTH CYPRESS,TX,old-template,old-template-version,pointer-and-identity-verified,1,https://lonestarbehavioralhealth.com/cms-hpt.txt [200],1,,,,2,206,https://lonestarbehavioralhealth.com/wp-content/uploads/2026/09/452428528_lone-star-behavioral-health_standardcharges.csv,2026-09-01,https://lonestarbehavioralhealth.com/cms-hpt.txt,date-within-365-days-version-3,3.0.0,2025-11-05,2.0.0,2026-09-09T01:25:01.298Z
450465,MATAGORDA REGIONAL MEDICAL CENTER,TX,format-unusable,compliant-date-unverified,mrf-reachable-review-required,0,https://matagordaregional.org/cms-hpt.txt [200],1,,,,1,206,,,,date-unverified,,,,2026-09-09T01:25:01.298Z
451309,MC CAMEY HOSPITAL,TX,format-unusable,compliant-date-unverified,mrf-reachable-review-required,0,https://mccameyhospital.org/cms-hpt.txt [200],1,,,,1,200,,,,date-unverified,,,,2026-09-09T01:25:01.298Z
450489,MEDICAL ARTS HOSPITAL,TX,format-unusable,compliant-date-unverified,mrf-reachable-review-required,0,https://medicalartshospital.org/cms-hpt.txt [200],1,,,,1,206,,,,date-unverified,,,,2026-09-09T01:25:01.298Z
454161,MEDICAL CITY MENTAL HEALTH AND WELLNESS CENTER,TX,stale-file,mrf-stale-over-365-days,mrf-reachable-review-required,0,https://medicalcityhealthcare.com/cms-hpt.txt [request timeout] | https://www.medicalcityhealthcare.com/cms-hpt.txt [200],31,,,,2,206,,2024-10-01,,date-over-365-days,2.2.0,2024-10-01,2.2.0,2026-09-09T01:25:01.330Z
450235,MEMORIAL HOSPITAL,TX,server-blocked,pointer-blocked-to-automation,access-or-discovery-unresolved,0,https://texashealthhuguley.org/cms-hpt.txt [403] | https://www.texashealthhuguley.org/cms-hpt.txt [request timeout],0,https://texashealthhuguley.org/,403,,0,,,,,date-unverified,,,,2026-09-09T01:25:01.331Z
451358,MEMORIAL HOSPITAL,TX,server-blocked,pointer-blocked-to-automation,access-or-discovery-unresolved,0,https://texashealthhuguley.org/cms-hpt.txt [403] | https://www.texashealthhuguley.org/cms-hpt.txt [request timeout],0,https://texashealthhuguley.org/,403,,0,,,,,date-unverified,,,,2026-09-09T01:25:01.333Z
451386,MEMORIAL HOSPITAL,TX,server-blocked,pointer-blocked-to-automation,access-or-discovery-unresolved,0,https://texashealthhuguley.org/cms-hpt.txt [403] | https://www.texashealthhuguley.org/cms-hpt.txt [request timeout],0,https://texashealthhuguley.org/,403,,0,,,,,date-unverified,,,,2026-09-09T01:25:01.335Z
451396,MID COAST MEDICAL CENTER - CENTRAL,TX,name-ambiguous,not-assessed-not-named-in-file,mrf-reachable-review-required,0,https://bswhealth.com/cms-hpt.txt [request timeout] | https://www.bswhealth.com/cms-hpt.txt [200],30,,,,30,,,,,date-unverified,,,,2026-09-09T01:25:01.868Z
450133,MIDLAND MEMORIAL HOSPITAL,TX,mrf-gone,mrf-url-unreachable,pointer-readable-review-required,0,https://www.midlandhealth.org/cms-hpt.txt [200],2,,,,1,404,,,,date-unverified,,,,2026-09-09T01:25:01.868Z
451335,MUENSTER MEMORIAL HOSPITAL,TX,format-unusable,compliant-date-unverified,mrf-reachable-review-required,0,https://muensterhospital.com/cms-hpt.txt [200],1,,,,1,200,,,,date-unverified,,,,2026-09-09T01:25:01.868Z
451372,MULESHOE AREA MEDICAL CENTER,TX,html-soft-block,no-cms-hpt-txt-published,access-or-discovery-unresolved,0,https://muleshoehospital.com/cms-hpt.txt [202] | https://www.muleshoehospital.com/cms-hpt.txt [request timeout],0,https://muleshoehospital.com/,202,,0,,,,,date-unverified,,,,2026-09-09T01:25:01.870Z
450508,NACOGDOCHES MEMORIAL HOSPITAL,TX,format-unusable,compliant-date-unverified,mrf-reachable-review-required,0,https://nacmem.org/cms-hpt.txt [200],2,,,,1,200,,,,date-unverified,,,,2026-09-09T01:25:01.870Z
450641,NOCONA GENERAL HOSPITAL,TX,old-template,old-template-version,pointer-and-identity-verified,1,https://noconageneral.com/cms-hpt.txt [200],1,,,,1,200,https://noconageneral.com/wp-content/uploads/2026/03/751368648_nocona-general-hospital_standardcharges-02.26.2026.csv,2026-02-25,https://noconageneral.com/cms-hpt.txt,date-within-365-days-version-unverified,ERSION 4.0,2026-02-25,ERSION 4.0,2026-09-09T01:25:01.888Z
450090,NORTH TEXAS MEDICAL CENTER,TX,html-soft-block,no-cms-hpt-txt-published,access-or-discovery-unresolved,0,https://ntmconline.net/cms-hpt.txt [202] | https://www.ntmconline.net/cms-hpt.txt [202],0,https://ntmconline.net/,202,,0,,,,,date-unverified,,,,2026-09-09T01:25:01.890Z
450209,NORTHWEST TEXAS HOSPITAL,TX,waf-blocked,pointer-blocked-to-automation,access-or-discovery-unresolved,0,https://nwths.com/cms-hpt.txt [request timeout] | https://www.nwths.com/cms-hpt.txt [403],0,https://nwths.com/,403,,0,,,,,date-unverified,,,,2026-09-09T01:25:01.892Z
451359,OCHILTREE GENERAL HOSPITAL,TX,format-unusable,compliant-date-unverified,mrf-reachable-review-required,0,https://ochiltreehospital.com/cms-hpt.txt [request timeout] | https://www.ochiltreehospital.com/cms-hpt.txt [200],1,,,,1,200,,,,date-unverified,,,,2026-09-09T01:25:01.892Z
450747,PALESTINE REGIONAL MEDICAL CENTER,TX,client-rejected,not-assessed-site-unreachable,access-or-discovery-unresolved,0,https://palestineregional.com/cms-hpt.txt [request timeout] | https://www.palestineregional.com/cms-hpt.txt [406],0,https://palestineregional.com/,406,,0,,,,,date-unverified,,,,2026-09-09T01:25:01.894Z
450196,PARIS REGIONAL MEDICAL CENTER,TX,format-unusable,compliant-date-unverified,access-or-discovery-unresolved,0,https://parisregionalhealth.com/cms-hpt.txt [request timeout] | https://www.parisregionalhealth.com/cms-hpt.txt [200],1,https://parisregionalhealth.com/,200,,1,,,,,date-unverified,,,,2026-09-09T01:25:01.895Z
451334,PARKVIEW HOSPITAL,TX,format-unusable,compliant-date-unverified,mrf-reachable-review-required,0,https://parkviewhosp.org/cms-hpt.txt [request timeout] | https://www.parkviewhosp.org/cms-hpt.txt [200],1,,,,1,200,,,,date-unverified,,,,2026-09-09T01:25:01.895Z
450400,PARKVIEW REGIONAL HOSPITAL,TX,client-rejected,not-assessed-site-unreachable,access-or-discovery-unresolved,0,https://parkviewregional.com/cms-hpt.txt [request timeout] | https://www.parkviewregional.com/cms-hpt.txt [406],0,https://parkviewregional.com/,406,,0,,,,,date-unverified,,,,2026-09-09T01:25:01.896Z
450834,"PHYSICIANS CENTRE,THE",TX,connection-dead,not-assessed-site-unreachable,access-or-discovery-unresolved,0,https://thephysicianscentre.com/cms-hpt.txt [request timeout] | https://www.thephysicianscentre.com/cms-hpt.txt [certificate has expired],0,https://thephysicianscentre.com/,,certificate has expired,0,,,,,date-unverified,,,,2026-09-09T01:25:01.897Z
451350,PLAINS MEMORIAL HOSPITAL,TX,site-server-error,not-assessed-site-unreachable,access-or-discovery-unresolved,0,https://plainsmemorial.com/cms-hpt.txt [request timeout] | https://www.plainsmemorial.com/cms-hpt.txt [500],0,https://plainsmemorial.com/,200,,0,,,,,date-unverified,,,,2026-09-09T01:25:01.898Z
451312,RICE MEDICAL CENTER,TX,old-template,old-template-version,mrf-reachable-review-required,0,https://ricemedicalcenter.net/cms-hpt.txt [200],1,,,,1,206,,,,date-unverified,2026-02-19,,2026-02-19,2026-09-09T01:25:01.913Z
450055,ROLLING PLAINS MEMORIAL HOSPITAL,TX,format-unusable,compliant-date-unverified,mrf-reachable-review-required,0,https://rpmh.net/cms-hpt.txt [200],1,,,,1,200,,,,date-unverified,,,,2026-09-09T01:25:01.913Z
451361,SABINE COUNTY HOSPITAL,TX,manual-review,pointer-blocked-to-automation,access-or-discovery-unresolved,0,https://sabinecountyhospital.com/cms-hpt.txt [202] | https://www.sabinecountyhospital.com/cms-hpt.txt [202],0,https://sabinecountyhospital.com/,202,,0,,,,,date-unverified,,,,2026-09-09T01:25:01.915Z
454132,SAN ANTONIO BEHAVIORAL HEALTHCARE HOSPITAL,TX,old-template,old-template-version,pointer-and-identity-verified,1,https://sanantoniobehavioral.com/cms-hpt.txt [request timeout] | https://www.sanantoniobehavioral.com/cms-hpt.txt [200],1,,,,1,206,https://www.sanantoniobehavioral.com/wp-content/uploads/2025/09/461064226_San-Antonio-Behavioral-Healthcare-Hospital_standardcharges.csv,2025-09-17,https://www.sanantoniobehavioral.com/cms-hpt.txt,date-within-365-days-older-version,2.0.0,2025-09-17,2.0.0,2026-09-09T01:25:01.933Z
450653,SCENIC MOUNTAIN MEDICAL CENTER,TX,name-ambiguous,not-assessed-not-named-in-file,mrf-reachable-review-required,0,https://shannonhealth.com/cms-hpt.txt [200],5,,,,3,,,,,date-unverified,,,,2026-09-09T01:25:01.988Z
450035,ST JOSEPH MEDICAL CENTER,TX,stale-file,mrf-stale-over-365-days,pointer-and-identity-verified,1,https://sjmctx.org/cms-hpt.txt [200],1,,,,1,206,https://sjmctx.org/pricetransparency/994785298_StJosephMedicalCenter_standardcharges.csv,2024-12-23,https://sjmctx.org/cms-hpt.txt,date-over-365-days,2.0.0,2024-12-23,2.0.0,2026-09-09T01:25:02.007Z
670314,ST MICHAELS MEDICAL HOSPITAL LLC,TX,file-404,no-cms-hpt-txt-published,access-or-discovery-unresolved,0,https://24hrer.com/cms-hpt.txt [404] | https://www.24hrer.com/cms-hpt.txt [404],0,https://24hrer.com/,200,,0,,,,,date-unverified,,,,2026-09-09T01:25:02.009Z
450860,SUGAR LAND SURGICAL HOSPITAL LLP,TX,name-ambiguous,not-assessed-not-named-in-file,mrf-reachable-review-required,0,https://memorialhermann.org/cms-hpt.txt [200],20,,,,19,,,,,date-unverified,,,,2026-09-09T01:25:02.348Z
450831,SURGERY SPECIALTY HOSPITALS OF AMERICA SE HOUSTON,TX,mrf-gone,mrf-url-unreachable,pointer-readable-review-required,0,https://ssha.us.com/cms-hpt.txt [200],1,,,,1,404,,,,date-unverified,,,,2026-09-09T01:25:02.348Z
450889,TEXAS INSTITUTE FOR SURGERY AT PRESBYTERIAN HOSPIT,TX,format-unusable,compliant-date-unverified,mrf-reachable-review-required,0,https://texasinstituteforsurgery.com/cms-hpt.txt [200],1,,,,1,206,,,,date-unverified,,,,2026-09-09T01:25:02.349Z
450804,TEXAS ORTHOPEDIC HOSPITAL,TX,server-blocked,mrf-blocked-to-automation,pointer-readable-review-required,0,https://texasorthopedic.com/cms-hpt.txt [200],1,,,,1,403,,,,date-unverified,,,,2026-09-09T01:25:02.349Z
670006,THE HOSPITAL AT WESTLAKE MEDICAL CENTER,TX,stale-file,mrf-stale-over-365-days,pointer-and-identity-verified,1,https://westlakemedical.com/cms-hpt.txt [200],1,,,,1,206,https://www.westlakemedical.com/wp-content/uploads/2024/10/820578078_westlake-surgical_standardcharges.csv,2024-09-02,https://www.westlakemedical.com/cms-hpt.txt,date-over-365-days,2.0.0,2024-09-02,2.0.0,2026-09-09T01:25:02.362Z
450518,THE MEDICAL CENTER OF SOUTHEAST TEXAS,TX,stale-file,mrf-stale-over-365-days,pointer-and-identity-verified,1,https://medicalcentersetexas.org/cms-hpt.txt [200],1,,,,1,206,https://medicalcentersetexas.org/pricetransparency/994785659_MedicalCenterSETexas_standardcharges.csv,2024-12-26,https://medicalcentersetexas.org/cms-hpt.txt,date-over-365-days,2.0.0,2024-12-26,2.0.0,2026-09-09T01:25:02.384Z
451339,THROCKMORTON COUNTY MEMORIAL HOSPITAL,TX,format-unusable,compliant-date-unverified,mrf-reachable-review-required,0,https://throckmortonhospital.com/cms-hpt.txt [200],1,,,,1,200,,,,date-unverified,,,,2026-09-09T01:25:02.385Z
451370,TMC- BONHAM HOSPITAL,TX,waf-blocked,pointer-blocked-to-automation,access-or-discovery-unresolved,0,https://tmcbonham.com/cms-hpt.txt [403] | https://www.tmcbonham.com/cms-hpt.txt [403],0,https://tmcbonham.com/,403,,0,,,,,date-unverified,,,,2026-09-09T01:25:02.387Z
450774,TOPS SURGICAL SPECIALTY HOSPITAL,TX,waf-blocked,pointer-blocked-to-automation,access-or-discovery-unresolved,0,https://tops-hospital.com/cms-hpt.txt [403] | https://www.tops-hospital.com/cms-hpt.txt [403],0,https://tops-hospital.com/,403,,0,,,,,date-unverified,,,,2026-09-09T01:25:02.389Z
450010,UNITED REGIONAL HEALTH CARE SYSTEM,TX,old-template,old-template-version,pointer-and-identity-verified,1,https://unitedregional.org/cms-hpt.txt [200],1,,,,1,200,https://unitedregional.org/getContentAsset/a128db8c-8ea3-461b-9531-3197f7c0b635/c204d644-0ccb-43d4-a505-69664b0a9bc3/751912147-united-regional-healthcare-system-standardcharges-in.csv?language=en,2025-11-15,https://unitedregional.org/getContentAsset/87726b46-3db7-42d1-b3d7-11de88ed5834/c204d644-0ccb-43d4-a505-69664b0a9bc3/cms-hpt.txt?language=en,date-within-365-days-older-version,2.0.0,2025-11-15,2.0.0,2026-09-09T01:25:02.400Z
450018,UNIVERSITY OF TEXAS MEDICAL BRANCH GALVESTON,TX,format-unusable,compliant-date-unverified,mrf-reachable-review-required,0,https://utmb.edu/cms-hpt.txt [200],4,,,,1,200,,,,date-unverified,,,,2026-09-09T01:25:02.401Z
450200,WADLEY REGIONAL MEDICAL CENTER,TX,name-ambiguous,not-assessed-not-named-in-file,mrf-reachable-review-required,0,https://christushealth.org/cms-hpt.txt [200],42,,,,42,,,,,date-unverified,,,,2026-09-09T01:25:02.877Z
451373,WARD MEMORIAL HOSPITAL,TX,format-unusable,compliant-date-unverified,mrf-reachable-review-required,0,https://wardmemorial.com/cms-hpt.txt [200],1,,,,1,200,,,,date-unverified,,,,2026-09-09T01:25:02.877Z
450674,"WOMANS HOSPITAL OF TEXAS,THE",TX,server-blocked,mrf-blocked-to-automation,pointer-readable-review-required,0,https://womanshospital.com/cms-hpt.txt [200],1,,,,1,403,,,,date-unverified,,,,2026-09-09T01:25:02.877Z
461310,BLUE MOUNTAIN HOSPITAL,UT,file-404,no-cms-hpt-txt-published,access-or-discovery-unresolved,0,https://ezcost.info/cms-hpt.txt [404] | https://www.ezcost.info/cms-hpt.txt [404],0,https://ezcost.info/,200,,0,,,,,date-unverified,,,,2026-09-09T01:25:02.880Z
460017,BRIGHAM CITY COMMUNITY HOSPITAL,UT,stale-file,mrf-stale-over-365-days,pointer-and-identity-verified,1,https://mountainstar.com/cms-hpt.txt [200],13,,,,1,206,https://www.hcadam.com/api/public/content/365bdb8ed9a84537afc36e1a2addfe8e?download=true,2024-10-01,https://www.mountainstar.com/cms-hpt.txt,date-over-365-days,2.2.0,2024-10-01,2.2.0,2026-09-09T01:25:02.881Z
460054,CACHE VALLEY HOSPITAL,UT,stale-file,mrf-stale-over-365-days,pointer-and-identity-verified,1,https://mountainstar.com/cms-hpt.txt [200],13,,,,1,206,https://www.hcadam.com/api/public/content/917b8d7e2b4e49079d6df0fddc138a7f?download=true,2024-10-01,https://www.mountainstar.com/cms-hpt.txt,date-over-365-days,2.2.0,2024-10-01,2.2.0,2026-09-09T01:25:02.883Z
461306,GUNNISON VALLEY HOSPITAL,UT,html-soft-block,no-cms-hpt-txt-published,access-or-discovery-unresolved,0,https://gvhospital.org/cms-hpt.txt [200] | https://www.gvhospital.org/cms-hpt.txt [200],0,https://gvhospital.org/,200,,0,,,,,date-unverified,,,,2026-09-09T01:25:02.884Z
461300,INTERMOUNTAIN HEALTH DELTA COMMUNITY HOSPITAL,UT,format-unusable,compliant-date-unverified,mrf-reachable-review-required,0,https://intermountainhealthcare.org/cms-hpt.txt [200],32,,,,10,,,,,date-unverified,,,,2026-09-09T01:25:02.900Z
461301,INTERMOUNTAIN HEALTH FILLMORE COMMUNITY HOSPITAL,UT,format-unusable,compliant-date-unverified,mrf-reachable-review-required,0,https://intermountainhealthcare.org/cms-hpt.txt [200],32,,,,10,,,,,date-unverified,,,,2026-09-09T01:25:02.914Z
461333,INTERMOUNTAIN HEALTH GARFIELD MEMORIAL HOSPITAL,UT,format-unusable,compliant-date-unverified,mrf-reachable-review-required,0,https://intermountainhealthcare.org/cms-hpt.txt [200],32,,,,10,,,,,date-unverified,,,,2026-09-09T01:25:02.928Z
461303,INTERMOUNTAIN HEALTH SANPETE VALLEY HOSPITAL,UT,format-unusable,compliant-date-unverified,mrf-reachable-review-required,0,https://intermountainhealthcare.org/cms-hpt.txt [200],32,,,,5,,,,,date-unverified,,,,2026-09-09T01:25:02.938Z
460042,LAKEVIEW HOSPITAL,UT,stale-file,mrf-stale-over-365-days,pointer-and-identity-verified,1,https://mountainstar.com/cms-hpt.txt [200],13,,,,1,206,https://www.hcadam.com/api/public/content/ff147b50990440edae816f9adf8525e8?download=true,2024-10-01,https://www.mountainstar.com/cms-hpt.txt,date-over-365-days,2.2.0,2024-10-01,2.2.0,2026-09-09T01:25:02.939Z
460060,LONE PEAK HOSPITAL,UT,stale-file,mrf-stale-over-365-days,pointer-and-identity-verified,1,https://mountainstar.com/cms-hpt.txt [200],13,,,,1,206,https://www.hcadam.com/api/public/content/65ebdd902aea4b6d9ee5a03ee8ecef72?download=true,2024-10-01,https://www.mountainstar.com/cms-hpt.txt,date-over-365-days,2.2.0,2024-10-01,2.2.0,2026-09-09T01:25:02.940Z
461302,MOAB REGIONAL HOSPITAL,UT,html-soft-block,no-cms-hpt-txt-published,access-or-discovery-unresolved,0,https://mrhmoab.org/cms-hpt.txt [403] | https://www.mrhmoab.org/cms-hpt.txt [202],0,https://mrhmoab.org/,202,,0,,,,,date-unverified,,,,2026-09-09T01:25:02.942Z
460013,MOUNTAIN VIEW HOSPITAL,UT,stale-file,mrf-stale-over-365-days,pointer-and-identity-verified,1,https://mountainstar.com/cms-hpt.txt [200],13,,,,1,206,https://www.hcadam.com/api/public/content/ed92b53525bd4968b7a7fc42d1e3b85d?download=true,2024-10-01,https://www.mountainstar.com/cms-hpt.txt,date-over-365-days,2.2.0,2024-10-01,2.2.0,2026-09-09T01:25:02.943Z
460005,OGDEN REGIONAL MEDICAL CENTER,UT,stale-file,mrf-stale-over-365-days,pointer-and-identity-verified,1,https://mountainstar.com/cms-hpt.txt [200],13,,,,2,206,https://www.hcadam.com/api/public/content/60297fd2cdf147a6bd8450b739878a54?download=true,2024-10-01,https://www.mountainstar.com/cms-hpt.txt,date-over-365-days,2.2.0,2024-10-01,2.2.0,2026-09-09T01:25:02.947Z
460047,ST MARK'S HOSPITAL,UT,stale-file,mrf-stale-over-365-days,pointer-and-identity-verified,1,https://mountainstar.com/cms-hpt.txt [200],13,,,,1,206,https://www.hcadam.com/api/public/content/2ddf8eab94114b028790e2ef86501adc?download=true,2024-10-01,https://www.mountainstar.com/cms-hpt.txt,date-over-365-days,2.2.0,2024-10-01,2.2.0,2026-09-09T01:25:02.948Z
460052,TIMPANOGOS REGIONAL HOSPITAL,UT,stale-file,mrf-stale-over-365-days,pointer-and-identity-verified,1,https://mountainstar.com/cms-hpt.txt [200],13,,,,1,206,https://www.hcadam.com/api/public/content/66b2df40ef8849b7a94bf34274cf69c7?download=true,2024-10-01,https://www.mountainstar.com/cms-hpt.txt,date-over-365-days,2.2.0,2024-10-01,2.2.0,2026-09-09T01:25:02.950Z
460019,UINTAH BASIN MEDICAL CENTER,UT,html-soft-block,no-cms-hpt-txt-published,access-or-discovery-unresolved,0,https://ubh.org/cms-hpt.txt [200] | https://www.ubh.org/cms-hpt.txt [200],0,https://ubh.org/,200,,0,,,,,date-unverified,,,,2026-09-09T01:25:02.952Z
460009,UNIVERSITY OF UTAH HOSPITAL AND CLINICS,UT,stale-file,mrf-stale-over-365-days,pointer-and-identity-verified,1,https://healthcare.utah.edu/cms-hpt.txt [200],1,,,,1,206,https://md.utah.edu/pricing/876000525_UNIVERSITY-OF-UTAH-HOSPITAL-AND-CLINICS_standardcharges.csv,2025-07-01,https://healthcare.utah.edu/cms-hpt.txt,date-over-365-days,2.0.0,2025-07-01,2.0.0,2026-09-09T01:25:02.953Z
491300,BATH COMMUNITY HOSPITAL,VA,manual-review,not-assessed-site-unreachable,access-or-discovery-unresolved,0,https://bathhospital.org/cms-hpt.txt [403] | https://www.bathhospital.org/cms-hpt.txt [202],0,https://bathhospital.org/,202,,0,,,,,date-unverified,,,,2026-09-09T01:25:02.955Z
491304,CARILION STONEWALL JACKSON HOSPITAL,VA,name-ambiguous,not-assessed-not-named-in-file,mrf-reachable-review-required,0,https://carilionclinic.org/cms-hpt.txt [200],7,,,,7,,,,,date-unverified,,,,2026-09-09T01:25:02.975Z
494033,CATAWBA HOSPITAL,VA,stale-file,mrf-stale-over-365-days,pointer-and-identity-verified,1,https://dbhds.virginia.gov/cms-hpt.txt [200],10,,,,1,206,https://dbhds.virginia.gov/wp-content/uploads/2025/11/546001711_catawba-hospital_standardcharges.csv,2025-01-01,https://dbhds.virginia.gov/cms-hpt.txt,date-over-365-days,2.0.0,2025-01-01,2.0.0,2026-09-09T01:25:02.977Z
490021,CENTRA HEALTH -  LYNCHBURG GEN HOSPITAL,VA,name-ambiguous,not-assessed-not-named-in-file,access-or-discovery-unresolved,0,https://centrahealth.com/cms-hpt.txt [403] | https://www.centrahealth.com/cms-hpt.txt [403],0,https://centrahealth.com/,403,,0,,,,,date-unverified,,,,2026-09-09T01:25:02.978Z
490112,CJW MEDICAL CENTER,VA,name-ambiguous,not-assessed-not-named-in-file,mrf-reachable-review-required,0,https://hcavirginia.com/cms-hpt.txt [200],20,,,,13,,,,,date-unverified,,,,2026-09-09T01:25:03.016Z
494023,DOMINION HOSPITAL,VA,name-ambiguous,not-assessed-not-named-in-file,mrf-reachable-review-required,0,https://hcavirginia.com/cms-hpt.txt [200],20,,,,13,,,,,date-unverified,,,,2026-09-09T01:25:03.048Z
490104,HIRAM W DAVIS MEDICAL CENTER,VA,stale-file,mrf-stale-over-365-days,mrf-reachable-review-required,0,https://dbhds.virginia.gov/cms-hpt.txt [200],10,,,,1,206,,2025-07-21,,date-over-365-days,2.0.0,2025-07-21,2.0.0,2026-09-09T01:25:03.050Z
490020,JOHN RANDOLPH MEDICAL CENTER,VA,name-ambiguous,not-assessed-not-named-in-file,mrf-reachable-review-required,0,https://hcavirginia.com/cms-hpt.txt [200],20,,,,13,,,,,date-unverified,,,,2026-09-09T01:25:03.088Z
490022,MARY WASHINGTON HOSPITAL,VA,stale-file,mrf-stale-over-365-days,pointer-and-identity-verified,1,https://marywashingtonhealthcare.com/cms-hpt.txt [200],2,,,,1,206,https://www.marywashingtonhealthcare.com/documents/540519577_mary-washington-hospital_standardcharges.csv,2024-12-30,https://www.marywashingtonhealthcare.com/cms-hpt.txt,date-over-365-days,2.0.0,2024-12-30,2.0.0,2026-09-09T01:25:03.091Z
490032,MEDICAL COLLEGE OF VIRGINIA HOSPITALS,VA,connection-dead,not-assessed-site-unreachable,pointer-readable-review-required,0,https://vcuhealth.org/cms-hpt.txt [200],3,,,,0,,,,,date-unverified,,,,2026-09-09T01:25:03.091Z
494010,NORTHERN VIRGINIA MENTAL HEALTH INSTI,VA,stale-file,mrf-stale-over-365-days,pointer-and-identity-verified,1,https://dbhds.virginia.gov/cms-hpt.txt [200],10,,,,3,206,https://dbhds.virginia.gov/wp-content/uploads/2025/11/540807019_northern-virginia-mental-health-institute_standardcharges.csv,2025-07-21,https://dbhds.virginia.gov/cms-hpt.txt,date-over-365-days,2.0.0,2025-07-21,2.0.0,2026-09-09T01:25:03.101Z
494017,SOUTHERN VIRGINIA MENTAL HEALTH INSTITUTE,VA,stale-file,mrf-stale-over-365-days,pointer-and-identity-verified,1,https://dbhds.virginia.gov/cms-hpt.txt [200],10,,,,3,206,https://dbhds.virginia.gov/wp-content/uploads/2025/11/541004175_southern-virginia-mental-health-institute_standardcharges.csv,2025-07-21,https://dbhds.virginia.gov/cms-hpt.txt,date-over-365-days,2.0.0,2025-07-21,2.0.0,2026-09-09T01:25:03.109Z
494029,SOUTHWESTERN VIRGINIA MENTAL HEALTH INSTITUTE,VA,stale-file,mrf-stale-over-365-days,pointer-and-identity-verified,1,https://dbhds.virginia.gov/cms-hpt.txt [200],10,,,,3,206,https://dbhds.virginia.gov/wp-content/uploads/2025/11/546001769_southwestern-virginia-mental-health-institute_standardcharges.csv,2025-01-01,https://dbhds.virginia.gov/cms-hpt.txt,date-over-365-days,2.0.0,2025-01-01,2.0.0,2026-09-09T01:25:03.125Z
490140,"STAFFORD HOSPITAL, LLC",VA,stale-file,mrf-stale-over-365-days,pointer-and-identity-verified,1,https://marywashingtonhealthcare.com/cms-hpt.txt [200],2,,,,1,206,https://www.marywashingtonhealthcare.com/documents/134316364_stafford-hospital_standardcharges.csv,2024-12-30,https://www.marywashingtonhealthcare.com/cms-hpt.txt,date-over-365-days,2.0.0,2024-12-30,2.0.0,2026-09-09T01:25:03.127Z
494021,WESTERN STATE HOSPITAL,VA,stale-file,mrf-stale-over-365-days,mrf-reachable-review-required,0,https://wsh.dbhds.virginia.gov/cms-hpt.txt [200],10,,,,3,206,,2025-01-01,,date-over-365-days,2.0.0,2025-01-01,2.0.0,2026-09-09T01:25:03.136Z
470001,CENTRAL VERMONT MEDICAL CENTER,VT,server-blocked,pointer-blocked-to-automation,mrf-reachable-review-required,0,https://cvmc.org/cms-hpt.txt [200],6,,,,2,,,,,date-unverified,,,,2026-09-09T01:25:03.137Z
471305,COPLEY HOSPITAL,VT,mrf-gone,mrf-url-unreachable,pointer-readable-review-required,0,https://copleyvt.org/cms-hpt.txt [200],1,,,,1,404,,,,date-unverified,,,,2026-09-09T01:25:03.137Z
471300,GRACE COTTAGE HOSPITAL,VT,format-unusable,compliant-date-unverified,mrf-reachable-review-required,0,https://gracecottage.org/cms-hpt.txt [200],1,,,,1,200,,,,date-unverified,,,,2026-09-09T01:25:03.137Z
471307,PORTER HOSPITAL INC,VT,server-blocked,pointer-blocked-to-automation,pointer-and-identity-verified,1,https://portermedical.org/cms-hpt.txt [200],6,,,,1,,https://www.uvmhealth.org/sites/default/files/030181058_porter-hospital-inc_standardcharges.csv,2026-04-28,https://www.uvmhealth.org/cms-hpt.txt,date-within-365-days-version-3,3.0.0,,,2026-09-09T01:25:03.138Z
470012,SOUTHWESTERN VERMONT MEDICAL CENTER,VT,format-unusable,compliant-date-unverified,pointer-readable-review-required,0,https://svhealthcare.org/cms-hpt.txt [200],1,,,,1,,,,,date-unverified,,,,2026-09-09T01:25:03.139Z
471306,SPRINGFIELD HOSPITAL,VT,format-unusable,compliant-date-unverified,mrf-reachable-review-required,0,https://springfieldhospital.org/cms-hpt.txt [200],1,,,,1,200,,,,date-unverified,,,,2026-09-09T01:25:03.139Z
504002,BHC FAIRFAX HOSPITAL,WA,waf-blocked,pointer-blocked-to-automation,access-or-discovery-unresolved,0,https://fairfaxhospital.com/cms-hpt.txt [403] | https://www.fairfaxhospital.com/cms-hpt.txt [403],0,https://fairfaxhospital.com/,403,,0,,,,,date-unverified,,,,2026-09-09T01:25:03.140Z
500044,DEACONESS MEDICAL CENTER,WA,name-ambiguous,not-assessed-not-named-in-file,mrf-reachable-review-required,0,https://multicare.org/cms-hpt.txt [200],19,,,,11,,,,,date-unverified,,,,2026-09-09T01:25:03.183Z
500031,GRAYS HARBOR COMMUNITY HOSPITAL,WA,mrf-gone,mrf-url-unreachable,pointer-readable-review-required,0,https://ghcares.org/cms-hpt.txt [200],1,,,,1,404,,,,date-unverified,,,,2026-09-09T01:25:03.183Z
500007,ISLAND HOSPITAL,WA,mrf-gone,mrf-url-unreachable,pointer-readable-review-required,0,https://islandhospital.org/cms-hpt.txt [200],1,,,,1,404,,,,date-unverified,,,,2026-09-09T01:25:03.183Z
501316,KLICKITAT VALLEY HOSPITAL,WA,stale-file,mrf-stale-over-365-days,mrf-reachable-review-required,0,https://kvhealth.net/cms-hpt.txt [200],1,,,,1,206,,2024-12-02,,date-over-365-days,2.2.0,2024-12-02,2.2.0,2026-09-09T01:25:03.186Z
501340,PEACEHEALTH PEACE ISLAND MEDICAL CENTER,WA,manual-review,pointer-blocked-to-automation,access-or-discovery-unresolved,0,https://peacehealth.org/cms-hpt.txt [403] | https://www.peacehealth.org/cms-hpt.txt [403],0,https://peacehealth.org/,403,,0,,,,,date-unverified,,,,2026-09-09T01:25:03.187Z
500050,PEACEHEALTH SOUTHWEST MEDICAL CENTE,WA,manual-review,pointer-blocked-to-automation,access-or-discovery-unresolved,0,https://peacehealth.org/cms-hpt.txt [403] | https://www.peacehealth.org/cms-hpt.txt [403],0,https://peacehealth.org/,403,,0,,,,,date-unverified,,,,2026-09-09T01:25:03.189Z
500041,PEACEHEALTH ST JOHN MEDICAL CENTER,WA,manual-review,pointer-blocked-to-automation,access-or-discovery-unresolved,0,https://peacehealth.org/cms-hpt.txt [403] | https://www.peacehealth.org/cms-hpt.txt [403],0,https://peacehealth.org/,403,,0,,,,,date-unverified,,,,2026-09-09T01:25:03.190Z
500030,PEACEHEALTH ST JOSEPH MEDICAL CENTER,WA,manual-review,pointer-blocked-to-automation,access-or-discovery-unresolved,0,https://peacehealth.org/cms-hpt.txt [403] | https://www.peacehealth.org/cms-hpt.txt [403],0,https://peacehealth.org/,403,,0,,,,,date-unverified,,,,2026-09-09T01:25:03.191Z
501329,PEACEHEALTH UNITED GENERAL MEDICAL CENTER,WA,manual-review,pointer-blocked-to-automation,access-or-discovery-unresolved,0,https://peacehealth.org/cms-hpt.txt [403] | https://www.peacehealth.org/cms-hpt.txt [403],0,https://peacehealth.org/,403,,0,,,,,date-unverified,,,,2026-09-09T01:25:03.193Z
501312,PROSSER MEMORIAL HOSPITAL,WA,stale-file,mrf-stale-over-365-days,pointer-and-identity-verified,1,https://prosserhealth.org/cms-hpt.txt [200],1,,,,1,206,https://res.cloudinary.com/dpmykpsih/raw/upload/prosser-health-site-416/media/r/98285db682424129bd554acc0db84c2a/91-6013490_prosser-memorial-health-hospital_standardcharges.csv,2025-01-01,https://www.prosserhealth.org/cms-hpt.txt,date-over-365-days,2.0.0,2025-01-01,2.0.0,2026-09-09T01:25:03.202Z
500054,PROV SACRED HRT MED CTR & CHILDS HOSP.,WA,name-ambiguous,not-assessed-not-named-in-file,mrf-reachable-review-required,0,https://providence.org/cms-hpt.txt [200],61,,,,52,,,,,date-unverified,,,,2026-09-09T01:25:03.630Z
520041,ASPIRUS DIVINE SAVIOR HOSPITAL,WI,stale-file,mrf-stale-over-365-days,pointer-and-identity-verified,1,https://www.aspirus.org/cms-hpt.txt [200],18,,,,1,206,https://www.aspirus.org/Uploads/Public/Documents/PriceEstimate/TransparencyFY26/390806250_aspirus-divine-savior-hospital_standardcharges.json,2025-07-01,https://www.aspirus.org/cms-hpt.txt,date-over-365-days,2.2.0,2025-07-01,2.2.0,2026-09-09T01:25:03.634Z
521300,ASPIRUS EAGLE RIVER HOSPITAL,WI,stale-file,mrf-stale-over-365-days,pointer-and-identity-verified,1,https://www.aspirus.org/cms-hpt.txt [200],18,,,,2,206,https://www.aspirus.org/Uploads/Public/Documents/PriceEstimate/TransparencyFY26/390985690_aspirus-eagle-river-hospital_standardcharges.json,2025-07-01,https://www.aspirus.org/cms-hpt.txt,date-over-365-days,2.2.0,2025-07-01,2.2.0,2026-09-09T01:25:03.642Z
521324,"ASPIRUS MEDFORD HOSPITAL & CLINICS, INC",WI,stale-file,mrf-stale-over-365-days,mrf-reachable-review-required,0,https://www.aspirus.org/cms-hpt.txt [200],18,,,,1,206,,2025-07-01,,date-over-365-days,2.2.0,2025-07-01,2.2.0,2026-09-09T01:25:03.646Z
521339,ASPIRUS MERRILL HOSPITAL,WI,stale-file,mrf-stale-over-365-days,pointer-and-identity-verified,1,https://www.aspirus.org/cms-hpt.txt [200],18,,,,10,206,https://www.aspirus.org/Uploads/Public/Documents/PriceEstimate/TransparencyFY26/390808503_aspirus-merrill-hospital_standardcharges.json,2025-07-01,https://www.aspirus.org/cms-hpt.txt,date-over-365-days,2.2.0,2025-07-01,2.2.0,2026-09-09T01:25:03.690Z
520019,ASPIRUS RHINELANDER HOSPITAL,WI,stale-file,mrf-stale-over-365-days,pointer-and-identity-verified,1,https://www.aspirus.org/cms-hpt.txt [200],18,,,,10,206,https://www.aspirus.org/Uploads/Public/Documents/PriceEstimate/TransparencyFY26/391390638_aspirus-rhinelander-hospital_standardcharges.json,2025-07-01,https://www.aspirus.org/cms-hpt.txt,date-over-365-days,2.2.0,2025-07-01,2.2.0,2026-09-09T01:25:03.725Z
520033,ASPIRUS RIVERVIEW HOSPITAL & CLINICS INC,WI,stale-file,mrf-stale-over-365-days,mrf-reachable-review-required,0,https://www.aspirus.org/cms-hpt.txt [200],18,,,,1,206,,2025-07-01,,date-over-365-days,2.2.0,2025-07-01,2.2.0,2026-09-09T01:25:03.729Z
521311,ASPIRUS STANLEY HOSPITAL,WI,stale-file,mrf-stale-over-365-days,pointer-and-identity-verified,1,https://www.aspirus.org/cms-hpt.txt [200],18,,,,10,206,https://www.aspirus.org/Uploads/Public/Documents/PriceEstimate/TransparencyFY26/390807065_aspirus-stanley-hospital_standardcharges.json,2025-07-01,https://www.aspirus.org/cms-hpt.txt,date-over-365-days,2.2.0,2025-07-01,2.2.0,2026-09-09T01:25:03.771Z
520002,"ASPIRUS STEVENS POINT HOSPITAL & CLINICS, INC.",WI,stale-file,mrf-stale-over-365-days,pointer-and-identity-verified,1,https://www.aspirus.org/cms-hpt.txt [200],18,,,,1,206,https://www.aspirus.org/Uploads/Public/Documents/PriceEstimate/TransparencyFY26/390808443_aspirus-stevens-point-hospital_standardcharges.json,2025-07-01,https://www.aspirus.org/cms-hpt.txt,date-over-365-days,2.2.0,2025-07-01,2.2.0,2026-09-09T01:25:03.777Z
521313,ASPIRUS TOMAHAWK HOSPITAL,WI,stale-file,mrf-stale-over-365-days,pointer-and-identity-verified,1,https://www.aspirus.org/cms-hpt.txt [200],18,,,,10,206,https://www.aspirus.org/Uploads/Public/Documents/PriceEstimate/TransparencyFY26/391390638_aspirus-tomahawk-hospital_standardcharges.json,2025-07-01,https://www.aspirus.org/cms-hpt.txt,date-over-365-days,2.2.0,2025-07-01,2.2.0,2026-09-09T01:25:03.817Z
520030,ASPIRUS WAUSAU HOSPITAL,WI,stale-file,mrf-stale-over-365-days,pointer-and-identity-verified,1,https://www.aspirus.org/cms-hpt.txt [200],18,,,,10,206,https://www.aspirus.org/Uploads/Public/Documents/PriceEstimate/TransparencyFY26/391138241_aspirus-wausau-hospital_standardcharges.json,2025-07-01,https://www.aspirus.org/cms-hpt.txt,date-over-365-days,2.2.0,2025-07-01,2.2.0,2026-09-09T01:25:03.848Z
521331,BURNETT MEDICAL CENTER,WI,stale-file,mrf-stale-over-365-days,pointer-and-identity-verified,1,https://burnettmedicalcenter.com/cms-hpt.txt [200],1,,,,1,206,https://www.burnettmedicalcenter.com/wp-content/uploads/2025/03/390938661_BurnettMedicalCenter_standardcharges.csv,2024-07-01,https://www.burnettmedicalcenter.com/cms-hpt.txt,date-over-365-days,2.0.0,2024-07-01,2.0.0,2026-09-09T01:25:03.851Z
521307,CHIPPEWA VALLEY HOSPITAL,WI,name-ambiguous,not-assessed-not-named-in-file,mrf-reachable-review-required,0,https://adventhealth.com/cms-hpt.txt [200],87,,,,45,,,,,date-unverified,,,,2026-09-09T01:25:04.100Z
520103,COMMUNITY MEMORIAL HOSPITAL,WI,name-ambiguous,not-assessed-not-named-in-file,mrf-reachable-review-required,0,https://froedtert.com/cms-hpt.txt [200],9,,,,9,,,,,date-unverified,,,,2026-09-09T01:25:04.148Z
520071,FORT MEMORIAL HOSPITAL,WI,format-unusable,compliant-date-unverified,pointer-readable-review-required,0,https://forthealthcare.com/cms-hpt.txt [200],1,,,,1,,,,,date-unverified,,,,2026-09-09T01:25:04.149Z
520021,FROEDTERT SOUTH INC.,WI,name-ambiguous,not-assessed-not-named-in-file,mrf-reachable-review-required,0,https://froedtert.com/cms-hpt.txt [200],9,,,,9,,,,,date-unverified,,,,2026-09-09T01:25:04.193Z
520091,HOWARD YOUNG MEDICAL CENTER,WI,stale-file,mrf-stale-over-365-days,pointer-and-identity-verified,1,https://www.aspirus.org/cms-hpt.txt [200],18,,,,1,206,https://www.aspirus.org/Uploads/Public/Documents/PriceEstimate/TransparencyFY26/390873606_howard-young-medical-center_standardcharges.json,2025-07-01,https://www.aspirus.org/cms-hpt.txt,date-over-365-days,2.2.0,2025-07-01,2.2.0,2026-09-09T01:25:04.197Z
521335,HUDSON HOSPITAL,WI,name-ambiguous,not-assessed-not-named-in-file,mrf-reachable-review-required,0,https://healthpartners.com/cms-hpt.txt [200],8,,,,8,,,,,date-unverified,,,,2026-09-09T01:25:04.226Z
521350,LANGLADE HOSPITAL,WI,stale-file,mrf-stale-over-365-days,mrf-reachable-review-required,0,https://www.aspirus.org/cms-hpt.txt [200],18,,,,1,206,,2025-07-01,,date-over-365-days,2.2.0,2025-07-01,2.2.0,2026-09-09T01:25:04.229Z
524017,NORTH CENTRAL HEALTH CARE,WI,stale-file,mrf-stale-over-365-days,mrf-reachable-review-required,0,https://www.norcen.org/cms-hpt.txt [200],1,,,,1,206,,2024-01-19,,date-over-365-days,2.0.0,2024-01-19,2.0.0,2026-09-09T01:25:04.233Z
524019,NORWOOD HEALTH CENTER,WI,old-template,old-template-version,pointer-and-identity-verified,1,https://woodcountywi.gov/cms-hpt.txt [200],1,,,,1,206,https://www.woodcountywi.gov/Departments/Norwood/Doc/39-6005763_Norwood-Health-Center_standardcharges.csv,2026-04-01,https://woodcountywi.gov/cms-hpt.txt,date-within-365-days-version-unverified,4.0.0,2026-04-01,4.0.0,2026-09-09T01:25:04.237Z
520116,WATERTOWN MEMORIAL HOSPITAL,WI,client-rejected,not-assessed-site-unreachable,access-or-discovery-unresolved,0,https://watertownregional.com/cms-hpt.txt [406] | https://www.watertownregional.com/cms-hpt.txt [406],0,https://watertownregional.com/,406,,0,,,,,date-unverified,,,,2026-09-09T01:25:04.239Z
510091,CAMC CHARLESTON SURGICAL HOSPITAL,WV,mrf-gone,mrf-url-unreachable,pointer-readable-review-required,0,https://camc.org/cms-hpt.txt [200],7,,,,1,404,,,,date-unverified,,,,2026-09-09T01:25:04.239Z
510002,"CAMC GREENBRIER VALLEY MEDICAL CENTER, INC",WV,mrf-gone,mrf-url-unreachable,mrf-reachable-review-required,0,https://camc.org/cms-hpt.txt [200],7,,,,2,404,,,,date-unverified,,,,2026-09-09T01:25:04.243Z
510030,DAVIS MEDICAL CENTER,WV,mrf-gone,mrf-url-unreachable,pointer-readable-review-required,0,https://davishealthsystem.org/cms-hpt.txt [200],3,,,,1,404,,,,date-unverified,,,,2026-09-09T01:25:04.244Z
510048,LOGAN REGIONAL MEDICAL CENTER,WV,client-rejected,not-assessed-site-unreachable,access-or-discovery-unresolved,0,https://loganregionalmedicalcenter.com/cms-hpt.txt [406] | https://www.loganregionalmedicalcenter.com/cms-hpt.txt [406],0,https://loganregionalmedicalcenter.com/,406,,0,,,,,date-unverified,,,,2026-09-09T01:25:04.245Z
514009,MILDRED MITCHELL-BATEMAN HOSPITAL,WV,connection-dead,not-assessed-site-unreachable,access-or-discovery-unresolved,0,https://batemanhospital.org/cms-hpt.txt [Client network socket disconnected before secure TLS connection was established] | https://www.batemanhospital.org/cms-hpt.txt [Client network socket disconnected before secure TLS connection was established],0,https://batemanhospital.org/,,Client network socket disconnected before secure TLS connection was established,0,,,,,date-unverified,,,,2026-09-09T01:25:04.247Z
511306,ROANE GENERAL HOSPITAL,WV,html-soft-block,no-cms-hpt-txt-published,access-or-discovery-unresolved,0,https://roanegeneralhospital.com/cms-hpt.txt [202] | https://www.roanegeneralhospital.com/cms-hpt.txt [202],0,https://roanegeneralhospital.com/,202,,0,,,,,date-unverified,,,,2026-09-09T01:25:04.248Z
510086,WELCH COMMUNITY HOSPITAL,WV,manual-review,not-assessed-site-unreachable,access-or-discovery-unresolved,0,"https://dhhr.wv.gov/cms-hpt.txt [404] | https://www.dhhr.wv.gov/cms-hpt.txt [Hostname/IP does not match certificate's altnames: Host: www.dhhr.wv.gov. is not in the cert's altnames: DNS:*.wvinteractive.com, DNS:wvinteractive.com]",0,https://dhhr.wv.gov/,200,,0,,,,,date-unverified,,,,2026-09-09T01:25:04.249Z
514012,"WILLIAM R SHARPE, JR HOSPITAL",WV,manual-review,not-assessed-site-unreachable,access-or-discovery-unresolved,0,"https://dhhr.wv.gov/cms-hpt.txt [404] | https://www.dhhr.wv.gov/cms-hpt.txt [Hostname/IP does not match certificate's altnames: Host: www.dhhr.wv.gov. is not in the cert's altnames: DNS:*.wvinteractive.com, DNS:wvinteractive.com]",0,https://dhhr.wv.gov/,200,,0,,,,,date-unverified,,,,2026-09-09T01:25:04.251Z
530012,BANNER WYOMING MEDICAL CENTER,WY,connection-dead,not-assessed-site-unreachable,access-or-discovery-unresolved,0,https://wyomingmedicalcenter.org/cms-hpt.txt [Client network socket disconnected before secure TLS connection was established] | https://www.wyomingmedicalcenter.org/cms-hpt.txt [Client network socket disconnected before secure TLS connection was established],0,https://wyomingmedicalcenter.org/,,Client network socket disconnected before secure TLS connection was established,0,,,,,date-unverified,,,,2026-09-09T01:25:04.252Z
531305,PLATTE COUNTY HOSPITAL,WY,waf-blocked,pointer-blocked-to-automation,access-or-discovery-unresolved,0,https://bannerhealth.com/cms-hpt.txt [Parse Error: Header overflow] | https://www.bannerhealth.com/cms-hpt.txt [Parse Error: Header overflow],0,https://bannerhealth.com/,,Parse Error: Header overflow,0,,,,,date-unverified,,,,2026-09-09T01:25:04.253Z
530008,SAGEWEST HEALTH CARE,WY,client-rejected,not-assessed-site-unreachable,access-or-discovery-unresolved,0,https://sagewesthealthcare.com/cms-hpt.txt [406] | https://www.sagewesthealthcare.com/cms-hpt.txt [406],0,https://sagewesthealthcare.com/,406,,0,,,,,date-unverified,,,,2026-09-09T01:25:04.254Z
531313,STAR VALLEY MEDICAL CENTER,WY,stale-file,mrf-stale-over-365-days,mrf-reachable-review-required,0,https://starvalleyhealth.org/cms-hpt.txt [200],1,,,,1,206,,2024-11-12,,date-over-365-days,2.0.0,2024-11-12,2.0.0,2026-09-09T01:25:04.255Z
530034,SUMMIT MEDICAL CENTER,WY,name-ambiguous,not-assessed-not-named-in-file,mrf-reachable-review-required,0,https://hcamidwest.com/cms-hpt.txt [200],11,,,,8,,,,,date-unverified,,,,2026-09-09T01:25:04.288Z
531306,WASHAKIE MEDICAL CENTER,WY,waf-blocked,pointer-blocked-to-automation,access-or-discovery-unresolved,0,https://bannerhealth.com/cms-hpt.txt [Parse Error: Header overflow] | https://www.bannerhealth.com/cms-hpt.txt [Parse Error: Header overflow],0,https://bannerhealth.com/,,Parse Error: Header overflow,0,,,,,date-unverified,,,,2026-09-09T01:25:04.290Z
