ccn,hospital_name,state,old_finding,status,website,pointer,identity,file_access,metadata,pointer_url,mrf_url,date,version,source_page,checked_at,previous_status,methods,blocker,blocker_details,browser_observation,next_action
034034,DESTINY SPRINGS HEALTHCARE,AZ,mrf-url-unreachable,file-access-review,response received,entries retrieved,corroborated,response received,date-within-365-days-version-3,https://5798232a-0473-45d2-b484-accd085e50e0.usrfiles.com/ugd/579823_c1d62be5375442a28d99445b448b1c3e.txt,https://www.destinyspringshealthcare.com/_files/ugd/579823_eb7db2b89803407a90b9c18a5c9c739f.csv?dn=81-4160201_Destiny-Springs-Healthcare_standardcharges.csv,2025-12-11,3.0 CSV Tall,,2026-09-09T02:23:26.377Z,file-access-review,native|brave,official-pointer-or-metadata-unresolved,metadata-incomplete-or-request-failed | HTTP 404,"page-read: Official homepage identifies 17300 N Dysart Rd, Surprise AZ 85378; pricing page exposes MRF link.",Resolve official pointer linkage or conflicting metadata
041309,LAWRENCE MEMORIAL HOSPITAL,AR,mrf-url-unreachable,file-access-review,response received,entries retrieved,corroborated,response received,date-within-365-days-version-3,https://www.mhlawrencehospital.org/cms-hpt.txt,https://lawrencememorial.info/storage/cms/library/documents/731547175_lawrence-memorial-health-foundation-inc_standardcharges.csv,2025-12-22,3.0.0,,2026-09-09T02:24:50.576Z,file-access-review,native|brave|web-search-verification,official-pointer-or-metadata-unresolved,metadata-incomplete-or-request-failed | HTTP 404,page-read: ,Resolve official pointer linkage or conflicting metadata
050167,SAN JOAQUIN GENERAL HOSPITAL,CA,compliant-date-unverified,file-access-review,response received,entries retrieved,unresolved,unresolved,unverified,https://www.sanjoaquingeneral.org/cms-hpt.txt,,,,,2026-09-09T02:09:20.410Z,file-access-review,native|curl|brave,retrieval-or-domain-unresolved,"curl: (52) Empty reply from server
 | metadata-incomplete-or-request-failed | ECONNRESET",navigation-failed: Browser tool returned net::ERR_BLOCKED_BY_CLIENT. This is not evidence of a hospital denial.,Continue bounded browser or official-domain discovery
050776,COLLEGE MEDICAL CENTER,CA,compliant-date-unverified,file-access-review,response received,entries retrieved,unresolved,unresolved,unverified,https://collegemedicalcenter.com/cms-hpt.txt,,,,,2026-09-09T02:09:20.122Z,file-access-review,native|curl,retrieval-or-domain-unresolved,"curl: (52) Empty reply from server
 | metadata-incomplete-or-request-failed | request deadline exceeded",,Continue bounded browser or official-domain discovery
053302,CHILDREN'S HOSP OF LOS ANGELES,CA,mrf-blocked-to-automation,file-access-review,response received,entries retrieved,unresolved,unresolved,unverified,https://www.chla.org/cms-hpt.txt,,,,,2026-09-09T02:09:20.851Z,file-access-review,native|glm-5.3-flash|web-search-verification,retrieval-or-domain-unresolved,metadata-incomplete-or-request-failed | HTTP 403,,Continue bounded browser or official-domain discovery
054078,AURORA LAS ENCINAS,CA,mrf-url-unreachable,file-access-review,response received,entries retrieved,unresolved,response received,unverified,https://www.vistadelmarhospital.com/cms-hpt.txt,,,,,2026-09-09T02:09:20.165Z,file-access-review,native,facility-identity-or-metadata-unresolved,metadata-incomplete-or-request-failed | HTTP 404 | header-matches-other-roster-hospital,,Compare facility identity and inspect unparsed metadata
060020,"PARKVIEW MEDICAL CENTER, INC",CO,mrf-url-unreachable,file-access-review,response received,entries retrieved,unresolved,response received,unverified,https://www.uchealth.org/cms-hpt.txt,,,,,2026-09-09T02:09:20.422Z,file-access-review,native|curl|glm-5.3-flash,facility-identity-or-metadata-unresolved,"metadata-incomplete-or-request-failed | HTTP 404 | header-matches-other-roster-hospital | mrf-header-name-without-location | mrf-header-does-not-match-unresolved-roster | curl: (28) Resolving timed out after 8006 milliseconds
 | request timeout",,Compare facility identity and inspect unparsed metadata
070010,BRIDGEPORT HOSPITAL,CT,mrf-url-unreachable,file-access-review,response received,entries retrieved,unresolved,unresolved,unverified,https://www.bridgeporthospital.org/BHAssets/cms-hpt.txt,,,,,2026-09-09T02:09:20.734Z,file-access-review,native|glm-5.3-flash,retrieval-or-domain-unresolved,metadata-incomplete-or-request-failed | HTTP 404,,Continue bounded browser or official-domain discovery
070022,YALE-NEW HAVEN HOSPITAL,CT,mrf-url-unreachable,file-access-review,response received,entries retrieved,unresolved,unresolved,unverified,https://www.ynhh.org/YNHHAssets/cms-hpt.txt,,,,,2026-09-09T02:09:20.609Z,file-access-review,native,retrieval-or-domain-unresolved,metadata-incomplete-or-request-failed | HTTP 404,,Continue bounded browser or official-domain discovery
070036,JOHN DEMPSEY HOSPITAL OF THE UNIVERSITY OF CONNECT,CT,compliant-date-unverified,file-access-review,response received,entries retrieved,unresolved,response received,unverified,https://health.uconn.edu/cms-hpt.txt,,,,,2026-09-09T02:09:20.283Z,file-access-review,native,facility-identity-or-metadata-unresolved,mrf-header-does-not-match-unresolved-roster,,Compare facility identity and inspect unparsed metadata
100012,LEE MEMORIAL HOSPITAL,FL,mrf-blocked-to-automation,file-access-review,response received,entries retrieved,unresolved,unresolved,unverified,https://www.leehealth.org/cms-hpt.txt,,,,,2026-09-09T02:09:20.671Z,file-access-review,native,retrieval-or-domain-unresolved,metadata-incomplete-or-request-failed | HTTP 403,,Continue bounded browser or official-domain discovery
100067,ST ANTHONYS HOSPITAL,FL,mrf-url-unreachable,file-access-review,response received,entries retrieved,unresolved,response received,unverified,https://baycare.org/cms-hpt.txt,,,,,2026-09-09T02:09:21.868Z,file-access-review,native,facility-identity-or-metadata-unresolved,metadata-incomplete-or-request-failed | HTTP 404 | header-matches-other-roster-hospital | mrf-header-does-not-match-unresolved-roster | mrf-header-name-without-location,,Compare facility identity and inspect unparsed metadata
100071,TAMPA GENERAL HOSPITAL BROOKSVILLE,FL,mrf-url-unreachable,file-access-review,response received,entries retrieved,unresolved,response received,unverified,https://www.tgh.org/cms-hpt.txt,,,,,2026-09-09T02:09:22.140Z,file-access-review,native,facility-identity-or-metadata-unresolved,metadata-incomplete-or-request-failed | HTTP 404 | header-matches-other-roster-hospital,,Compare facility identity and inspect unparsed metadata
100105,CLEVELAND CLINIC INDIAN RIVER HOSPITAL,FL,compliant-date-unverified,file-access-review,response received,entries retrieved,unresolved,response received,unverified,https://my.clevelandclinic.org/cms-hpt.txt,,,,,2026-09-09T02:09:22.435Z,file-access-review,native|curl,facility-identity-or-metadata-unresolved,"header-matches-other-roster-hospital | mrf-header-does-not-match-unresolved-roster | metadata-incomplete-or-request-failed | mrf-header-has-no-license-state | mrf-header-name-without-location | curl: (28) Resolving timed out after 8003 milliseconds
 | request timeout | curl: (28) Operation timed out after 11297 milliseconds with 0 bytes received
",,Compare facility identity and inspect unparsed metadata
100220,GULF COAST MEDICAL CENTER LEE HEALTH,FL,mrf-blocked-to-automation,file-access-review,response received,entries retrieved,unresolved,unresolved,unverified,https://www.leehealth.org/cms-hpt.txt,,,,,2026-09-09T02:09:20.671Z,file-access-review,native,retrieval-or-domain-unresolved,metadata-incomplete-or-request-failed | HTTP 403,,Continue bounded browser or official-domain discovery
100244,CAPE CORAL HOSPITAL,FL,mrf-blocked-to-automation,file-access-review,response received,entries retrieved,unresolved,unresolved,unverified,https://www.leehealth.org/cms-hpt.txt,,,,,2026-09-09T02:09:20.671Z,file-access-review,native,retrieval-or-domain-unresolved,metadata-incomplete-or-request-failed | HTTP 403,,Continue bounded browser or official-domain discovery
100249,TAMPA GENERAL HOSPITAL CRYSTAL RIVER,FL,mrf-url-unreachable,file-access-review,response received,entries retrieved,unresolved,response received,unverified,https://www.tgh.org/cms-hpt.txt,,,,,2026-09-09T02:09:22.140Z,file-access-review,native,facility-identity-or-metadata-unresolved,metadata-incomplete-or-request-failed | HTTP 404 | header-matches-other-roster-hospital,,Compare facility identity and inspect unparsed metadata
100330,HALIFAX HEALTH /UF HEALTH MEDICAL CENTER OF DELTON,FL,compliant-date-unverified,file-access-review,response received,entries retrieved,unresolved,response received,unverified,https://halifaxhealth.org/cms-hpt.txt,,,,,2026-09-09T02:09:22.970Z,file-access-review,native|glm-5.3-flash|web-search-verification,facility-identity-or-metadata-unresolved,mrf-header-does-not-match-unresolved-roster | header-matches-other-roster-hospital,,Compare facility identity and inspect unparsed metadata
110005,NORTHSIDE HOSPITAL FORSYTH,GA,mrf-blocked-to-automation,file-access-review,response received,entries retrieved,unresolved,unresolved,unverified,https://www.northside.com/cms-hpt.txt,,,,,2026-09-09T02:09:23.170Z,file-access-review,native,retrieval-or-domain-unresolved,metadata-incomplete-or-request-failed | HTTP 403,,Continue bounded browser or official-domain discovery
110006,ST MARY'S HOSPITAL,GA,mrf-stale-over-365-days,file-access-review,response received,entries retrieved,unresolved,response received,unverified,https://www.stmaryshealthcaresystem.org/sites/default/files/cms-hpt.txt,,,,,2026-09-09T02:09:23.372Z,file-access-review,native,facility-identity-or-metadata-unresolved,mrf-header-does-not-match-unresolved-roster | header-matches-other-roster-hospital,,Compare facility identity and inspect unparsed metadata
110008,NORTHSIDE HOSPITAL CHEROKEE,GA,mrf-blocked-to-automation,file-access-review,response received,entries retrieved,unresolved,unresolved,unverified,https://www.northside.com/cms-hpt.txt,,,,,2026-09-09T02:09:23.170Z,file-access-review,native,retrieval-or-domain-unresolved,metadata-incomplete-or-request-failed | HTTP 403,,Continue bounded browser or official-domain discovery
110087,NORTHSIDE HOSPITAL GWINNETT,GA,mrf-blocked-to-automation,file-access-review,response received,entries retrieved,unresolved,unresolved,unverified,https://www.northside.com/cms-hpt.txt,,,,,2026-09-09T02:09:23.170Z,file-access-review,native,retrieval-or-domain-unresolved,metadata-incomplete-or-request-failed | HTTP 403,,Continue bounded browser or official-domain discovery
110161,NORTHSIDE HOSPITAL,GA,mrf-blocked-to-automation,file-access-review,response received,entries retrieved,unresolved,unresolved,unverified,https://www.northside.com/cms-hpt.txt,,,,,2026-09-09T02:09:23.170Z,file-access-review,native|brave|glm-5.3-flash|web-search-verification,retrieval-or-domain-unresolved,metadata-incomplete-or-request-failed | HTTP 403,page-read: Brave rendered the homepage and pricing page with separate facility links. Atlanta link agrees with the pointer URL; file body availability was not established in the browser.,Continue bounded browser or official-domain discovery
110252,NORTHSIDE HOSPITAL DULUTH,GA,mrf-blocked-to-automation,file-access-review,response received,entries retrieved,unresolved,unresolved,unverified,https://www.northside.com/cms-hpt.txt,,,,,2026-09-09T02:09:23.170Z,file-access-review,native,retrieval-or-domain-unresolved,metadata-incomplete-or-request-failed | HTTP 403,,Continue bounded browser or official-domain discovery
111329,ST MARYS GOOD SAMARITAN HOSPITAL,GA,mrf-stale-over-365-days,publisher-date-review,response received,entries retrieved,corroborated,response received,date-over-365-days,https://www.stmaryshealthcaresystem.org/sites/default/files/cms-hpt.txt,https://trinityhealth.pt.panaceainc.com/MRFDownload/trinityhealth/stmarys-goodsamaritanhospital,2025-01-01,2.0.0,,2026-09-09T02:23:34.936Z,file-access-review,native,,date-over-365-days,,Review the exact declared metadata before publisher inquiry
131319,MINIDOKA MEMORIAL HOSPITAL,ID,mrf-url-unreachable,file-access-review,response received,entries retrieved,unresolved,unresolved,unverified,https://minidokamemorial.org/cms-hpt.txt,,,,,2026-09-09T02:09:23.440Z,file-access-review,native|glm-5.3-flash|web-search-verification,retrieval-or-domain-unresolved,metadata-incomplete-or-request-failed | HTTP 404,,Continue bounded browser or official-domain discovery
131326,CASSIA REGIONAL HOSPITAL,ID,compliant-date-unverified,file-access-review,response received,entries retrieved,unresolved,unresolved,unverified,https://intermountainhealthcare.org/sc10media/files/intermountain-health/locations/hospital-prices/price-transparency.txt,,,,,2026-09-09T02:09:23.817Z,file-access-review,native|curl,retrieval-or-domain-unresolved,"curl: (28) Operation timed out after 15015 milliseconds with 0 bytes received
 | metadata-incomplete-or-request-failed | request deadline exceeded",,Continue bounded browser or official-domain discovery
161359,BURGESS HEALTH CENTER,IA,mrf-url-unreachable,file-access-review,response received,entries retrieved,corroborated,response received,date-within-365-days-version-3,https://burgesshc.org/cms-hpt.txt,https://burgesshc.b-cdn.net/wp-content/uploads/2026/07/420859940_Burgess-Health-Center_StandardCharges.csv,2026-03-31,3.0.0,,2026-09-09T02:23:33.196Z,file-access-review,native,official-pointer-or-metadata-unresolved,metadata-incomplete-or-request-failed | HTTP 404,,Resolve official pointer linkage or conflicting metadata
161363,MONTGOMERY COUNTY MEMORIAL HOSPITAL,IA,compliant-date-unverified,file-access-review,response received,entries retrieved,unresolved,unresolved,unverified,https://www.mcmh.org/cms-hpt.txt,,,,,2026-09-09T02:09:36.116Z,file-access-review,native|curl,retrieval-or-domain-unresolved,"curl: (52) Empty reply from server
 | metadata-incomplete-or-request-failed | request deadline exceeded",,Continue bounded browser or official-domain discovery
180013,THE MEDICAL CENTER (BOWLING GREEN),KY,not-assessed-not-named-in-file,file-access-review,response received,entries retrieved,unresolved,unresolved,unverified,https://medcenterhealth.org/cms-hpt.txt,,,,,2026-09-09T02:09:35.928Z,file-access-review,native,retrieval-or-domain-unresolved,metadata-incomplete-or-request-failed | HTTP 403,,Continue bounded browser or official-domain discovery
181314,CAVERNA MEMORIAL HOSPITAL,KY,mrf-blocked-to-automation,file-access-review,response received,entries retrieved,unresolved,unresolved,unverified,https://medcenterhealth.org/cms-hpt.txt,,,,,2026-09-09T02:09:35.928Z,file-access-review,native,retrieval-or-domain-unresolved,metadata-incomplete-or-request-failed | HTTP 403,,Continue bounded browser or official-domain discovery
181318,THE MEDICAL CENTER AT FRANKLIN,KY,mrf-blocked-to-automation,file-access-review,response received,entries retrieved,unresolved,unresolved,unverified,https://medcenterhealth.org/cms-hpt.txt,,,,,2026-09-09T02:09:35.928Z,file-access-review,native,retrieval-or-domain-unresolved,metadata-incomplete-or-request-failed | HTTP 403,,Continue bounded browser or official-domain discovery
181324,THE MEDICAL CENTER AT SCOTTSVILLE,KY,mrf-blocked-to-automation,file-access-review,response received,entries retrieved,unresolved,unresolved,unverified,https://medcenterhealth.org/cms-hpt.txt,,,,,2026-09-09T02:09:35.928Z,file-access-review,native|glm-5.3-flash|web-search-verification,retrieval-or-domain-unresolved,metadata-incomplete-or-request-failed | HTTP 403,,Continue bounded browser or official-domain discovery
181333,THE MEDICAL CENTER AT ALBANY,KY,mrf-blocked-to-automation,file-access-review,response received,entries retrieved,unresolved,unresolved,unverified,https://medcenterhealth.org/cms-hpt.txt,,,,,2026-09-09T02:09:35.928Z,file-access-review,native,retrieval-or-domain-unresolved,metadata-incomplete-or-request-failed | HTTP 403,,Continue bounded browser or official-domain discovery
190241,PHYSICIANS MEDICAL CENTER,LA,not-assessed-not-named-in-file,file-access-review,response received,entries retrieved,unresolved,response received,unverified,https://www.physicianshouma.com/cms-hpt.txt,,,,,2026-09-09T02:09:47.608Z,file-access-review,native|curl,facility-identity-or-metadata-unresolved,"metadata-incomplete-or-request-failed | mrf-header-has-no-license-state | mrf-header-does-not-match-unresolved-roster | curl: (28) Operation timed out after 11944 milliseconds with 0 bytes received
 | request timeout",,Compare facility identity and inspect unparsed metadata
190316,THE GENERAL,LA,not-assessed-not-named-in-file,file-access-review,response received,entries retrieved,unresolved,response received,unverified,https://www.brgeneral.org/cms-hpt.txt,,,,,2026-09-09T02:09:47.304Z,file-access-review,native,facility-identity-or-metadata-unresolved,header-matches-other-roster-hospital,,Compare facility identity and inspect unparsed metadata
191318,RIVERLAND MEDICAL CENTER,LA,mrf-stale-over-365-days,file-access-review,response received,entries retrieved,unresolved,response received,unverified,https://www.trinitymed.com/cms-hpt.txt,,,,,2026-09-09T02:09:47.775Z,file-access-review,native,facility-identity-or-metadata-unresolved,mrf-header-does-not-match-unresolved-roster,,Compare facility identity and inspect unparsed metadata
194074,SERENITY SPRINGS SPECIALTY HOSPITAL,LA,mrf-stale-over-365-days,publisher-date-review,response received,entries retrieved,corroborated,response received,date-over-365-days,https://serenityhospital.com/cms-hpt.txt,https://rest.edit.site/filestorage-api-service/4a56fb3b641cb21ae28d316dd3efb637/price-transparency-tall-csv.csv,2024-10-14,2.0.0,,2026-09-09T02:23:47.588Z,file-access-review,native,,date-over-365-days,,Review the exact declared metadata before publisher inquiry
220073,BROWN UNIVERSITY HEALTH MORTON HOSPITAL,MA,not-assessed-not-named-in-file,file-access-review,response received,entries retrieved,unresolved,response received,unverified,https://www.brownhealth.org/sites/default/files/2026-05/cms-hpt17.txt,,,,,2026-09-09T02:09:47.677Z,file-access-review,native,facility-identity-or-metadata-unresolved,mrf-header-does-not-match-unresolved-roster | mrf-header-name-without-location | header-matches-other-roster-hospital,,Compare facility identity and inspect unparsed metadata
220111,GOOD SAMARITAN MEDICAL CENTER,MA,not-assessed-not-named-in-file,file-access-review,response received,entries retrieved,unresolved,response received,unverified,https://www.bmchealthsystem.org/cms-hpt.txt,,,,,2026-09-09T02:09:47.390Z,file-access-review,native|curl,facility-identity-or-metadata-unresolved,"mrf-header-name-without-location | mrf-header-does-not-match-unresolved-roster | curl: (28) Resolving timed out after 8011 milliseconds
 | metadata-incomplete-or-request-failed | request timeout",,Compare facility identity and inspect unparsed metadata
221303,ATHOL MEMORIAL HOSPITAL,MA,mrf-stale-over-365-days,publisher-date-review,response received,entries retrieved,corroborated,response received,date-over-365-days,https://www.atholhospital.org/cms-hpt.txt,https://mrfs.hyvehealthcare.com/HeywoodHealthcare/042126583_athol-memorial-hospital_standardcharges.json,2025-04-16,2.2.0,,2026-09-09T02:23:48.166Z,file-access-review,native,,date-over-365-days,,Review the exact declared metadata before publisher inquiry
230217,OAKLAWN HOSPITAL,MI,mrf-url-unreachable,file-access-review,response received,entries retrieved,unresolved,response received,unverified,https://oaklawnhospital.org/cms-hpt.txt,,,,,2026-09-09T02:09:47.859Z,file-access-review,native,facility-identity-or-metadata-unresolved,metadata-incomplete-or-request-failed | HTTP 404 | mrf-header-does-not-match-unresolved-roster,,Compare facility identity and inspect unparsed metadata
231339,COREWELL HEALTH PENNOCK HOSPITAL,MI,mrf-url-unreachable,file-access-review,response received,entries retrieved,unresolved,response received,unverified,https://corewellhealth.org/cms-hpt.txt,,,,,2026-09-09T02:09:48.687Z,file-access-review,native|curl,facility-identity-or-metadata-unresolved,"metadata-incomplete-or-request-failed | HTTP 422 | mrf-header-does-not-match-unresolved-roster | header-matches-other-roster-hospital | mrf-header-name-without-location | curl: (28) Operation timed out after 11584 milliseconds with 0 bytes received
 | request timeout",,Compare facility identity and inspect unparsed metadata
234048,PONTIAC GENERAL HOSPITAL,MI,compliant-date-unverified,file-access-review,response received,entries retrieved,unresolved,unresolved,unverified,https://pontiacgeneral.com/cms-hpt.txt,,,,,2026-09-09T02:09:49.523Z,file-access-review,native,retrieval-or-domain-unresolved,metadata-incomplete-or-request-failed | HTTP 307,,Continue bounded browser or official-domain discovery
250002,TISHOMINGO HEALTH SERVICES INC,MS,mrf-url-unreachable,file-access-review,response received,entries retrieved,corroborated,response received,date-within-365-days-version-3,https://www.nmhs.net/cms-hpt.txt,"https://apps.nmhs.net/files/pt_mrf/640741047_tishomingo-health-services,inc-_standardcharges.json",2026-04-01,3.0.0,,2026-09-09T03:01:06.283Z,file-access-review,native,official-pointer-or-metadata-unresolved,metadata-incomplete-or-request-failed | HTTP 404 | mrf-header-does-not-match-unresolved-roster | header-matches-other-roster-hospital,,Resolve official pointer linkage or conflicting metadata
250004,NORTH MISSISSIPPI MEDICAL CENTER,MS,mrf-url-unreachable,file-access-review,response received,entries retrieved,corroborated,response received,date-within-365-days-version-3,https://www.nmhs.net/cms-hpt.txt,https://apps.nmhs.net/files/pt_mrf/640662976_north-mississippi-medical-center_standardcharges.json,2026-04-01,3.0.0,,2026-09-09T03:01:05.246Z,file-access-review,native|glm-5.3-flash,official-pointer-or-metadata-unresolved,metadata-incomplete-or-request-failed | HTTP 404 | mrf-header-does-not-match-unresolved-roster | header-matches-other-roster-hospital,,Resolve official pointer linkage or conflicting metadata
261303,COMMUNITY HOSPITAL ASSOCIATION,MO,mrf-url-unreachable,file-access-review,response received,entries retrieved,unresolved,response received,unverified,https://fairfaxmed.com/cms-hpt.txt,,,,,2026-09-09T02:09:49.787Z,file-access-review,native,facility-identity-or-metadata-unresolved,mrf-header-name-without-location | metadata-incomplete-or-request-failed | HTTP 404,,Compare facility identity and inspect unparsed metadata
271332,GLENDIVE MEDICAL CENTER,MT,mrf-blocked-to-automation,file-access-review,response received,entries retrieved,unresolved,response received,unverified,https://www.gmc.org/cms-hpt.txt,,,,,2026-09-09T02:09:50.714Z,file-access-review,native|curl,facility-identity-or-metadata-unresolved,metadata-incomplete-or-request-failed | HTTP 403 | request timeout | mrf-header-has-no-license-state,,Compare facility identity and inspect unparsed metadata
281326,ANTELOPE MEMORIAL HOSPITAL,NE,mrf-blocked-to-automation,file-access-review,response received,entries retrieved,unresolved,unresolved,unverified,https://www.amhne.org/cms-hpt.txt,,,,,2026-09-09T02:09:50.093Z,file-access-review,native|glm-5.3-flash|web-search-verification,retrieval-or-domain-unresolved,metadata-incomplete-or-request-failed | HTTP 403,,Continue bounded browser or official-domain discovery
281357,SIDNEY REGIONAL MEDICAL CENTER,NE,mrf-url-unreachable,file-access-review,response received,entries retrieved,unresolved,unresolved,unverified,http://www.sidneyrmc.com/cms-hpt.txt,,,,,2026-09-09T02:09:50.133Z,file-access-review,native|curl,retrieval-or-domain-unresolved,metadata-incomplete-or-request-failed | HTTP 404,,Continue bounded browser or official-domain discovery
330006,ST JOSEPH'S MEDICAL CENTER,NY,mrf-url-unreachable,file-access-review,response received,entries retrieved,unresolved,unresolved,unverified,https://search.hospitalpriceindex.com/100287/cms-hpt.txt,,,,,2026-09-09T02:09:51.213Z,file-access-review,native,retrieval-or-domain-unresolved,metadata-incomplete-or-request-failed | HTTP 404,,Continue bounded browser or official-domain discovery
330013,ALBANY MEDICAL CENTER HOSPITAL,NY,compliant-date-unverified,file-access-review,response received,entries retrieved,unresolved,response received,unverified,https://www.amc.edu/cms-hpt.txt,,,,,2026-09-09T02:09:51.103Z,file-access-review,native|curl|glm-5.3-flash,facility-identity-or-metadata-unresolved,"curl: (28) Resolving timed out after 8008 milliseconds
 | metadata-incomplete-or-request-failed | request timeout | header-matches-other-roster-hospital",,Compare facility identity and inspect unparsed metadata
330047,St Marys Healthcare,NY,compliant-date-unverified,file-access-review,response received,not retrieved,unresolved,response received,unverified,https://www.smha.org/wp-content/uploads/2026/05/cms-hpt-7.txt,,,,,2026-09-09T02:10:27.864Z,file-access-review,native|curl,official-pointer-or-metadata-unresolved,"curl: (28) Resolving timed out after 8007 milliseconds
 | metadata-incomplete-or-request-failed | request timeout | curl: (6) Could not resolve host: stmaryshospital.pg.scs.revenuemasters.com
",,Resolve official pointer linkage or conflicting metadata
330094,COLUMBIA MEMORIAL HOSPITAL,NY,compliant-date-unverified,file-access-review,response received,not retrieved,corroborated,response received,date-within-365-days-version-3,https://www.albanymed.org/cms-hpt.txt,https://albany.pt.panaceainc.com/MRFDownload/albany/albanycmh,2025-12-31,3.0.0,,2026-09-09T02:24:20.414Z,file-access-review,native|curl,official-pointer-or-metadata-unresolved,"curl: (28) Resolving timed out after 8008 milliseconds
 | metadata-incomplete-or-request-failed | request timeout | header-matches-other-roster-hospital",,Resolve official pointer linkage or conflicting metadata
330270,HOSPITAL FOR SPECIAL SURGERY,NY,mrf-blocked-to-automation,file-access-review,response received,entries retrieved,unresolved,unresolved,unverified,https://www.hss.edu/cms-hpt.txt,,,,,2026-09-09T02:10:03.142Z,file-access-review,native|curl,retrieval-or-domain-unresolved,metadata-incomplete-or-request-failed | HTTP 403,,Continue bounded browser or official-domain discovery
333301,BLYTHEDALE CHILDREN'S HOSPITAL,NY,mrf-url-unreachable,file-access-review,response received,entries retrieved,corroborated,response received,date-within-365-days-version-3,https://www.blythedale.org/cms-hpt.txt,https://www.blythedale.org/documents/13-1739922blythedale-children-s-hospitalstandardcharges,2026-03-01,3.0.0,,2026-09-09T02:24:20.179Z,file-access-review,native|curl,official-pointer-or-metadata-unresolved,metadata-incomplete-or-request-failed | HTTP 404,,Resolve official pointer linkage or conflicting metadata
340010,UNC HEALTH CARE WAYNE,NC,compliant-date-unverified,file-access-review,response received,entries retrieved,unresolved,unresolved,unverified,https://www.unchealth.org/cms-hpt.txt,,,,,2026-09-09T02:10:25.847Z,file-access-review,native|curl,retrieval-or-domain-unresolved,"curl: (52) Empty reply from server
 | metadata-incomplete-or-request-failed | request deadline exceeded",,Continue bounded browser or official-domain discovery
340049,NORTH CAROLINA SPECIALTY HOSPITAL,NC,compliant-date-unverified,file-access-review,response received,entries retrieved,unresolved,unresolved,unverified,https://ncspecialty.com/cms-hpt.txt,,,,,2026-09-09T02:10:25.828Z,file-access-review,native|curl,retrieval-or-domain-unresolved,"curl: (52) Empty reply from server
 | metadata-incomplete-or-request-failed | ECONNRESET",,Continue bounded browser or official-domain discovery
340060,UNC ROCKINGHAM,NC,compliant-date-unverified,file-access-review,response received,entries retrieved,unresolved,unresolved,unverified,https://www.unchealth.org/cms-hpt.txt,,,,,2026-09-09T02:10:25.847Z,file-access-review,native|curl,retrieval-or-domain-unresolved,"curl: (52) Empty reply from server
 | metadata-incomplete-or-request-failed | ECONNRESET",,Continue bounded browser or official-domain discovery
340061,UNC HOSPITALS,NC,compliant-date-unverified,file-access-review,response received,entries retrieved,unresolved,unresolved,unverified,https://www.unchealth.org/cms-hpt.txt,,,,,2026-09-09T02:10:25.847Z,file-access-review,native|curl,retrieval-or-domain-unresolved,"curl: (52) Empty reply from server
 | metadata-incomplete-or-request-failed | ECONNRESET",,Continue bounded browser or official-domain discovery
340090,JOHNSTON HEALTH,NC,compliant-date-unverified,file-access-review,response received,entries retrieved,unresolved,unresolved,unverified,https://www.unchealth.org/cms-hpt.txt,,,,,2026-09-09T02:10:25.847Z,file-access-review,native|curl,retrieval-or-domain-unresolved,"curl: (52) Empty reply from server
 | metadata-incomplete-or-request-failed | request deadline exceeded",,Continue bounded browser or official-domain discovery
341325,ASHE MEMORIAL HOSPITAL,NC,mrf-url-unreachable,file-access-review,response received,entries retrieved,unresolved,response received,unverified,https://www.ashememorial.org/cms-hpt.txt,,,,,2026-09-09T02:10:27.875Z,file-access-review,native|curl,facility-identity-or-metadata-unresolved,metadata-incomplete-or-request-failed | HTTP 404 | mrf-header-name-without-location,,Compare facility identity and inspect unparsed metadata
351313,SOUTHWEST HEALTHCARE SERVICES,ND,old-template-version,publisher-template-review,response received,entries retrieved,corroborated,response received,date-within-365-days-older-version,https://swhealthcare.net/file_download/inline/6a1de74d-5341-449e-8339-9ff3e2f6e18d,https://swhealthcare.net/file_download/inline/c967a943-4246-45d6-9ff2-8222bb15dc86,2025-10-16,2.0.0,,2026-09-09T02:24:21.528Z,file-access-review,native|curl,,date-within-365-days-older-version,,Review the exact declared metadata before publisher inquiry
363303,AKRON CHILDREN'S HOSPITAL,OH,compliant-date-unverified,file-access-review,response received,entries retrieved,unresolved,response received,unverified,https://www.akronchildrens.org/cms-hpt.txt,,,,,2026-09-09T02:10:29.014Z,file-access-review,native|glm-5.3-flash,facility-identity-or-metadata-unresolved,mrf-header-name-without-location,,Compare facility identity and inspect unparsed metadata
381321,GRANDE RONDE HOSPITAL,OR,mrf-url-unreachable,file-access-review,response received,entries retrieved,corroborated,response received,date-within-365-days-version-3,https://res.cloudinary.com/dpmykpsih/raw/upload/grande-ronde-2024-site-487/media/r/c2c54056abfc458fbae9748c1bb9db93/cms-hpt.txt,https://www.grh.org/clientfiles/GetFile/08-2026_930505325_grande-ronde-hospital_standardcharges.csv,2026-03-31,3.0.0,,2026-09-09T02:24:23.921Z,file-access-review,native,official-pointer-or-metadata-unresolved,metadata-incomplete-or-request-failed | HTTP 404,,Resolve official pointer linkage or conflicting metadata
390056,PENN HIGHLANDS HUNTINGDON,PA,mrf-blocked-to-automation,file-access-review,response received,entries retrieved,unresolved,unresolved,unverified,https://www.phhealthcare.org/cms-hpt.txt,,,,,2026-09-09T02:10:32.143Z,file-access-review,native,retrieval-or-domain-unresolved,metadata-incomplete-or-request-failed | HTTP 403,,Continue bounded browser or official-domain discovery
390086,PENN HIGHLANDS DUBOIS,PA,mrf-blocked-to-automation,file-access-review,response received,entries retrieved,unresolved,unresolved,unverified,https://www.phhealthcare.org/cms-hpt.txt,,,,,2026-09-09T02:10:32.143Z,file-access-review,native,retrieval-or-domain-unresolved,metadata-incomplete-or-request-failed | HTTP 403,,Continue bounded browser or official-domain discovery
390147,PENN HIGHLANDS MON VALLEY,PA,mrf-blocked-to-automation,file-access-review,response received,entries retrieved,unresolved,unresolved,unverified,https://www.phhealthcare.org/cms-hpt.txt,,,,,2026-09-09T02:10:32.143Z,file-access-review,native|glm-5.3-flash|web-search-verification,retrieval-or-domain-unresolved,metadata-incomplete-or-request-failed | HTTP 403,,Continue bounded browser or official-domain discovery
390184,PENN HIGHLANDS CONNELLSVILLE,PA,mrf-blocked-to-automation,file-access-review,response received,entries retrieved,unresolved,unresolved,unverified,https://www.phhealthcare.org/cms-hpt.txt,,,,,2026-09-09T02:10:32.143Z,file-access-review,native,retrieval-or-domain-unresolved,metadata-incomplete-or-request-failed | HTTP 403,,Continue bounded browser or official-domain discovery
391304,BUCKTAIL MEDICAL CENTER,PA,compliant-date-unverified,file-access-review,response received,entries retrieved,unresolved,response received,unverified,https://bucktailmedicalcenter.org/cms-hpt.txt,,,,,2026-09-09T02:10:32.328Z,file-access-review,native,official-pointer-or-metadata-unresolved,metadata-incomplete-or-request-failed | mrf-header-has-no-license-state,,Resolve official pointer linkage or conflicting metadata
391307,PENN HIGHLANDS TYRONE,PA,mrf-blocked-to-automation,file-access-review,response received,entries retrieved,unresolved,unresolved,unverified,https://www.phhealthcare.org/cms-hpt.txt,,,,,2026-09-09T02:10:32.143Z,file-access-review,native,retrieval-or-domain-unresolved,metadata-incomplete-or-request-failed | HTTP 403,,Continue bounded browser or official-domain discovery
391312,PENN HIGHLANDS BROOKVILLE,PA,mrf-blocked-to-automation,file-access-review,response received,entries retrieved,unresolved,unresolved,unverified,https://www.phhealthcare.org/cms-hpt.txt,,,,,2026-09-09T02:10:32.143Z,file-access-review,native,retrieval-or-domain-unresolved,metadata-incomplete-or-request-failed | HTTP 403,,Continue bounded browser or official-domain discovery
391315,PENN HIGHLANDS ELK,PA,mrf-blocked-to-automation,file-access-review,response received,entries retrieved,unresolved,unresolved,unverified,https://www.phhealthcare.org/cms-hpt.txt,,,,,2026-09-09T02:10:32.143Z,file-access-review,native|glm-5.3-flash,retrieval-or-domain-unresolved,metadata-incomplete-or-request-failed | HTTP 403,,Continue bounded browser or official-domain discovery
400122,PROFESSIONAL HOSPITAL GUAYNABO INC,PR,mrf-url-unreachable,file-access-review,response received,entries retrieved,unresolved,response received,unverified,https://professionalhospital.net/cms-hpt.txt,,,,,2026-09-09T02:10:32.179Z,file-access-review,native,facility-identity-or-metadata-unresolved,metadata-incomplete-or-request-failed | HTTP 404 | mrf-header-has-no-license-state,,Compare facility identity and inspect unparsed metadata
420072,HAMPTON REGIONAL MEDICAL CENTER,SC,mrf-url-unreachable,file-access-review,response received,entries retrieved,unresolved,unresolved,unverified,https://www.hamptonregional.org/cms-hpt.txt,,,,,2026-09-09T02:10:32.855Z,file-access-review,native,retrieval-or-domain-unresolved,metadata-incomplete-or-request-failed | HTTP 404,,Continue bounded browser or official-domain discovery
440029,WILLIAMSON MEDICAL CENTER,TN,mrf-url-unreachable,file-access-review,response received,entries retrieved,corroborated,response received,date-within-365-days-version-3,https://williamsonhealth.org/cms-hpt.txt,http://williamsonhealth.org/content/uploads/2026/08/621501534_williamson-medical-center_standardcharges.csv,2026-08-01,3.0.0,,2026-09-09T02:24:25.635Z,file-access-review,native,official-pointer-or-metadata-unresolved,metadata-incomplete-or-request-failed | HTTP 404,,Resolve official pointer linkage or conflicting metadata
440102,LINCOLN MEDICAL CENTER,TN,not-assessed-not-named-in-file,file-access-review,response received,entries retrieved,corroborated,response received,date-within-365-days-version-3,https://lincolnhealthsystem.com/cms-hpt.txt,https://lincolnhealthsystem.com/wp-content/uploads/882472117_hh-health-system-lincoln-inc_standardcharges.csv,2026-07-31,3.0.0,,2026-09-09T02:24:25.795Z,file-access-review,native|curl|glm-5.3-flash,official-pointer-or-metadata-unresolved,"curl: (28) Resolving timed out after 8009 milliseconds
 | metadata-incomplete-or-request-failed | ENOTFOUND",,Resolve official pointer linkage or conflicting metadata
450133,MIDLAND MEMORIAL HOSPITAL,TX,mrf-url-unreachable,file-access-review,response received,entries retrieved,unresolved,response received,unverified,https://www.midlandhealth.org/cms-hpt.txt,,,,,2026-09-09T02:10:33.395Z,file-access-review,native,facility-identity-or-metadata-unresolved,metadata-incomplete-or-request-failed | HTTP 404 | mrf-header-does-not-match-unresolved-roster,,Compare facility identity and inspect unparsed metadata
450237,CHRISTUS SANTA ROSA MEDICAL CENTER,TX,mrf-url-unreachable,file-access-review,response received,entries retrieved,unresolved,response received,unverified,https://www.christushealth.org/cms-hpt.txt,,,,,2026-09-09T02:10:34.334Z,file-access-review,native|curl,facility-identity-or-metadata-unresolved,metadata-incomplete-or-request-failed | HTTP 404 | mrf-header-does-not-match-unresolved-roster | header-matches-other-roster-hospital | request timeout | mrf-header-name-without-location,,Compare facility identity and inspect unparsed metadata
450508,NACOGDOCHES MEMORIAL HOSPITAL,TX,compliant-date-unverified,publisher-date-review,response received,entries retrieved,corroborated,response received,date-over-365-days,https://nacmem.org/cms-hpt.txt,"https://linkprotect.cudasvc.com/url?a=https%3a%2f%2fsecure.claraprice.net%2fprice-transparency%2fMUXR-1741132099318%2fmachine-readable%2f756000602_nacogdoches-memorial-hospital_standardcharges.json&c=E,1,QCFikZbxV7FRDVARBPGPRRUyWFLqp2p5kscCbtmUQBbhpiRqcGUW5nqCKBIhkgo69LvxBvxN9S5Tg-7xeKmyhEfopv1Ee864dNyMQ_DHwH0MNLdG7BKd&typo=1",2025-05-07,3.0.0,,2026-09-09T02:38:06.088Z,file-access-review,native|curl,,date-over-365-days,,Review the exact declared metadata before publisher inquiry
450641,NOCONA GENERAL HOSPITAL,TX,old-template-version,file-access-review,response received,entries retrieved,corroborated,response received,date-within-365-days-version-unverified,https://noconageneral.com/cms-hpt.txt,https://noconageneral.com/wp-content/uploads/2026/03/751368648_nocona-general-hospital_standardcharges-02.26.2026.csv,2026-02-25,ERSION 4.0,,2026-09-09T02:24:54.085Z,file-access-review,native|curl|glm-5.3-flash,,date-within-365-days-version-unverified,,Compare facility identity and inspect unparsed metadata
451310,BALLINGER MEMORIAL HOSPITAL,TX,compliant-date-unverified,file-access-review,response received,entries retrieved,unresolved,response received,unverified,https://cdn.prod.website-files.com/5adf6cdd38b7220028f13ac3/67a0e64b708de2c840578fb1_cms-hpt.txt,,,,,2026-09-09T02:10:58.802Z,file-access-review,native|curl,facility-identity-or-metadata-unresolved,"curl: (28) Connection timed out after 8017 milliseconds
 | metadata-incomplete-or-request-failed | request timeout | mrf-header-has-no-license-state | curl: (28) Connection timed out after 8016 milliseconds
 | request deadline exceeded",,Compare facility identity and inspect unparsed metadata
451312,RICE MEDICAL CENTER,TX,old-template-version,file-access-review,response received,entries retrieved,unresolved,response received,unverified,https://irp.cdn-website.com/1a9a1f05/files/uploaded/cms-hpt-updated.txt,,,,,2026-09-09T02:10:46.054Z,file-access-review,native,facility-identity-or-metadata-unresolved,metadata-incomplete-or-request-failed | mrf-header-does-not-match-unresolved-roster,,Compare facility identity and inspect unparsed metadata
461333,INTERMOUNTAIN HEALTH GARFIELD MEMORIAL HOSPITAL,UT,compliant-date-unverified,file-access-review,response received,entries retrieved,unresolved,response received,unverified,https://intermountainhealthcare.org/sc10media/files/intermountain-health/locations/hospital-prices/price-transparency.txt,,,,,2026-09-09T02:09:23.817Z,file-access-review,native|curl,facility-identity-or-metadata-unresolved,"curl: (28) Operation timed out after 15012 milliseconds with 0 bytes received
 | metadata-incomplete-or-request-failed | request deadline exceeded | curl: (28) Operation timed out after 15015 milliseconds with 0 bytes received
 | curl: (28) Operation timed out after 15003 milliseconds with 0 bytes received
 | curl: (28) Operation timed out after 15011 milliseconds with 0 bytes received
 | request timeout | header-matches-other-roster-hospital | mrf-header-name-without-location | mrf-header-does-not-match-unresolved-roster",,Compare facility identity and inspect unparsed metadata
470012,SOUTHWESTERN VERMONT MEDICAL CENTER,VT,compliant-date-unverified,file-access-review,response received,entries retrieved,unresolved,unresolved,unverified,https://svhealthcare.org/cms-hpt.txt,,,,,2026-09-09T02:10:46.084Z,file-access-review,native|curl,retrieval-or-domain-unresolved,"curl: (28) Resolving timed out after 8000 milliseconds
 | metadata-incomplete-or-request-failed | ENOTFOUND",,Continue bounded browser or official-domain discovery
471305,COPLEY HOSPITAL,VT,mrf-url-unreachable,file-access-review,response received,entries retrieved,corroborated,response received,date-within-365-days-version-3,https://www.copleyvt.org/cms-hpt.txt,https://www.copleyvt.org/03-0179423_Copley-Hospital_standardcharges.csv,2026-06-05,3.0.0,,2026-09-09T02:24:57.179Z,file-access-review,native,official-pointer-or-metadata-unresolved,metadata-incomplete-or-request-failed | HTTP 404,,Resolve official pointer linkage or conflicting metadata
490032,MEDICAL COLLEGE OF VIRGINIA HOSPITALS,VA,not-assessed-site-unreachable,file-access-review,response received,entries retrieved,unresolved,response received,unverified,https://www.vcuhealth.org/cms-hpt.txt,,,,,2026-09-09T02:10:57.355Z,file-access-review,native,facility-identity-or-metadata-unresolved,mrf-header-does-not-match-unresolved-roster | header-matches-other-roster-hospital,,Compare facility identity and inspect unparsed metadata
500007,ISLAND HOSPITAL,WA,mrf-url-unreachable,file-access-review,response received,entries retrieved,unresolved,response received,unverified,https://islandhospital.org/cms-hpt.txt,,,,,2026-09-09T02:10:56.815Z,file-access-review,native,facility-identity-or-metadata-unresolved,metadata-incomplete-or-request-failed | HTTP 404 | mrf-header-does-not-match-unresolved-roster,,Compare facility identity and inspect unparsed metadata
500031,GRAYS HARBOR COMMUNITY HOSPITAL,WA,mrf-url-unreachable,file-access-review,response received,entries retrieved,corroborated,response received,date-within-365-days-version-3,https://static1.squarespace.com/static/5e90f5d75542933b842d0964/t/681d2dd1e71fc254c48f7fa0/1746742737725/cms-hpt.txt,https://hospitalpricetransparencyfiles.com/grays-harbor-community-hospital/910568304_Grays-Harbor-Community-Hospital_standardcharges.csv,2025-11-21,3.0.0,,2026-09-09T02:24:58.899Z,file-access-review,native,official-pointer-or-metadata-unresolved,metadata-incomplete-or-request-failed | HTTP 404,,Resolve official pointer linkage or conflicting metadata
510002,"CAMC GREENBRIER VALLEY MEDICAL CENTER, INC",WV,mrf-url-unreachable,file-access-review,response received,entries retrieved,corroborated,response received,date-within-365-days-version-3,https://www.camc.org/cms-hpt.txt,https://app.box.com/shared/static/jcuhk9tqybb7r0ls9p81r10w0xaqhfr3.csv,2026-07-15,3.0.0,,2026-09-09T02:25:18.695Z,file-access-review,native|curl,official-pointer-or-metadata-unresolved,"metadata-incomplete-or-request-failed | HTTP 404 | header-matches-other-roster-hospital | mrf-header-has-no-license-state | mrf-header-name-without-location | curl: (28) Resolving timed out after 8001 milliseconds
 | request deadline exceeded",,Resolve official pointer linkage or conflicting metadata
510030,DAVIS MEDICAL CENTER,WV,mrf-url-unreachable,file-access-review,response received,entries retrieved,corroborated,response received,date-within-365-days-version-3,https://davishealthsystem.org/cms-hpt.txt,https://sthpiprd.blob.core.windows.net/machine-readable-files/8555/550375433_davis-medical-center_standardcharges.csv,2026-07-30,3.0.0,,2026-09-09T02:25:00.330Z,file-access-review,native,official-pointer-or-metadata-unresolved,metadata-incomplete-or-request-failed | HTTP 404 | mrf-header-does-not-match-unresolved-roster | header-matches-other-roster-hospital,,Resolve official pointer linkage or conflicting metadata
520002,"ASPIRUS STEVENS POINT HOSPITAL & CLINICS, INC.",WI,mrf-stale-over-365-days,publisher-date-review,response received,entries retrieved,corroborated,response received,date-over-365-days,https://www.aspirus.org/cms-hpt.txt,https://www.aspirus.org/Uploads/Public/Documents/PriceEstimate/TransparencyFY26/390808443_aspirus-stevens-point-hospital_standardcharges.json,2025-07-01,2.2.0,,2026-09-09T02:25:05.583Z,file-access-review,native,,date-over-365-days,,Review the exact declared metadata before publisher inquiry
520019,ASPIRUS RHINELANDER HOSPITAL,WI,mrf-stale-over-365-days,publisher-date-review,response received,entries retrieved,corroborated,response received,date-over-365-days,https://www.aspirus.org/cms-hpt.txt,https://www.aspirus.org/Uploads/Public/Documents/PriceEstimate/TransparencyFY26/391390638_aspirus-rhinelander-hospital_standardcharges.json,2025-07-01,2.2.0,,2026-09-09T02:25:17.621Z,file-access-review,native|curl,,date-over-365-days,,Review the exact declared metadata before publisher inquiry
520030,ASPIRUS WAUSAU HOSPITAL,WI,mrf-stale-over-365-days,publisher-date-review,response received,entries retrieved,corroborated,response received,date-over-365-days,https://www.aspirus.org/cms-hpt.txt,https://www.aspirus.org/Uploads/Public/Documents/PriceEstimate/TransparencyFY26/391138241_aspirus-wausau-hospital_standardcharges.json,2025-07-01,2.2.0,,2026-09-09T02:26:08.972Z,file-access-review,native|curl,,date-over-365-days,,Review the exact declared metadata before publisher inquiry
520033,ASPIRUS RIVERVIEW HOSPITAL & CLINICS INC,WI,mrf-stale-over-365-days,file-access-review,response received,entries retrieved,unresolved,unresolved,unverified,https://www.aspirus.org/cms-hpt.txt,,,,,2026-09-09T02:10:59.564Z,file-access-review,native|curl,retrieval-or-domain-unresolved,"curl: (28) Resolving timed out after 11365 milliseconds
 | metadata-incomplete-or-request-failed | request timeout",,Continue bounded browser or official-domain discovery
521311,ASPIRUS STANLEY HOSPITAL,WI,mrf-stale-over-365-days,file-access-review,response received,entries retrieved,unresolved,response received,unverified,https://www.aspirus.org/cms-hpt.txt,,,,,2026-09-09T02:10:59.564Z,file-access-review,native|curl,facility-identity-or-metadata-unresolved,"curl: (28) Resolving timed out after 8011 milliseconds
 | metadata-incomplete-or-request-failed | request timeout | mrf-header-does-not-match-unresolved-roster | header-matches-other-roster-hospital | mrf-header-name-without-location",,Compare facility identity and inspect unparsed metadata
521313,ASPIRUS TOMAHAWK HOSPITAL,WI,mrf-stale-over-365-days,publisher-date-review,response received,entries retrieved,corroborated,response received,date-over-365-days,https://www.aspirus.org/cms-hpt.txt,https://www.aspirus.org/Uploads/Public/Documents/PriceEstimate/TransparencyFY26/391390638_aspirus-tomahawk-hospital_standardcharges.json,2025-07-01,2.2.0,,2026-09-09T02:26:08.370Z,file-access-review,native|curl,,date-over-365-days,,Review the exact declared metadata before publisher inquiry
524017,NORTH CENTRAL HEALTH CARE,WI,mrf-stale-over-365-days,file-access-review,response received,entries retrieved,unresolved,response received,unverified,https://www.norcen.org/cms-hpt.txt,,,,,2026-09-09T02:10:59.774Z,file-access-review,native,facility-identity-or-metadata-unresolved,mrf-header-name-without-location | metadata-incomplete-or-request-failed | mrf-header-has-no-license-state,,Compare facility identity and inspect unparsed metadata
524019,NORWOOD HEALTH CENTER,WI,old-template-version,file-access-review,response received,entries retrieved,corroborated,response received,date-within-365-days-version-unverified,https://woodcountywi.gov/cms-hpt.txt,https://www.woodcountywi.gov/Departments/Norwood/Doc/39-6005763_Norwood-Health-Center_standardcharges.csv,2026-04-01,4.0.0,,2026-09-09T02:25:23.534Z,file-access-review,native,,date-within-365-days-version-unverified,,Compare facility identity and inspect unparsed metadata
640001,LBJ TROPICAL MEDICAL CENTER,AS,compliant-date-unverified,file-access-review,response received,entries retrieved,unresolved,unresolved,unverified,https://lbjtmc.org/cms-hpt.txt,,,,,2026-09-09T02:11:00.547Z,file-access-review,native|curl,retrieval-or-domain-unresolved,"curl: (52) Empty reply from server
 | metadata-incomplete-or-request-failed | request deadline exceeded",,Continue bounded browser or official-domain discovery
010007,MIZELL MEMORIAL HOSPITAL,AL,mrf-stale-over-365-days,metadata-or-pointer-review,response received,entries retrieved,unresolved,response received,unverified,https://www.mizellmh.com/cms-hpt.txt,,,,,2026-09-09T02:11:00.684Z,metadata-or-pointer-review,native|curl,multiple-corroborated-candidates,"mrf-header-name-without-location | curl: (28) Resolving timed out after 8007 milliseconds
 | metadata-incomplete-or-request-failed | request timeout",,Adjudicate competing current files
010065,RUSSELL MEDICAL CENTER,AL,no-cms-hpt-txt-published,metadata-or-pointer-review,response received,not retrieved,corroborated,response received,date-over-365-days,,https://rm.121cms.com/wp-content/uploads/630385130_russell-medical-center__standardcharges-1-1.csv,2025-06-15,2.0.0,,2026-09-09T02:25:17.220Z,metadata-or-pointer-review,native,official-pointer-or-metadata-unresolved,HTTP 404 at https://russellcares.com/cms-hpt.txt | HTTP 404 at https://russellcares.com/.well-known/cms-hpt.txt | HTTP 200 at https://russellcares.com/ | HTTP 200 at https://russellcares.com/price-transparency | HTTP 404 at https://www.russellcares.com/cms-hpt.txt,,Resolve official pointer linkage or conflicting metadata
010099,D W MCMILLAN MEMORIAL HOSPITAL,AL,mrf-stale-over-365-days,publisher-date-review,response received,entries retrieved,corroborated,response received,date-over-365-days,https://www.dwmmh.org/cms-hpt.txt,http://www.dwmmh.org/docs/1336_BILLINGITEMLIST_CsvTallv2.0.0_20250305220544.csv,2025-03-05,2.0.0,,2026-09-09T02:25:17.961Z,metadata-or-pointer-review,native,,date-over-365-days,,Review the exact declared metadata before publisher inquiry
010126,TROY REGIONAL MEDICAL CENTER,AL,mrf-stale-over-365-days,metadata-or-pointer-review,response received,entries retrieved,corroborated,response received,date-within-365-days-version-3,https://troymedicalcenter.com/cms-hpt.txt,https://troymedicalcenter.com/wp-content/uploads/2026/03/271534178_Troy-Regional-Medical-Center_standardcharges.csv,2025-12-31,3.0.0,,2026-09-09T02:25:42.791Z,metadata-or-pointer-review,native,official-pointer-or-metadata-unresolved,mrf-header-name-without-location | metadata-incomplete-or-request-failed | mrf-header-has-no-license-state,,Resolve official pointer linkage or conflicting metadata
010169,ATMORE COMMUNITY HOSPITAL,AL,mrf-stale-over-365-days,publisher-date-review,response received,entries retrieved,corroborated,response received,date-over-365-days,https://www.atmorehealth.org/cms-hpt.txt,http://www.atmorehealth.org/docs/1336_BILLINGITEMLIST_CsvTallv2.0.0_20250401195853.csv,2025-04-01,2.0.0,,2026-09-09T02:25:42.145Z,metadata-or-pointer-review,native,,date-over-365-days,,Review the exact declared metadata before publisher inquiry
011308,CRENSHAW COMMUNITY HOSPITAL,AL,old-template-version,metadata-or-pointer-review,response received,entries retrieved,unresolved,unresolved,unverified,https://crenshawcommunityhospital.com/wp-content/uploads/2025/11/cms-hpt.txt,,,,,2026-09-09T02:11:03.499Z,metadata-or-pointer-review,native|curl,retrieval-or-domain-unresolved,"curl: (28) Operation timed out after 11451 milliseconds with 0 bytes received
 | metadata-incomplete-or-request-failed | request timeout",,Continue bounded browser or official-domain discovery
021314,SOUTHEAST ALASKA REGIONAL HEALTH CONSORTIUM,AK,mrf-stale-over-365-days,metadata-or-pointer-review,response received,not retrieved,corroborated,response received,date-over-365-days,,https://apps.para-hcfs.com/PTT/FinalLinks/Reports.aspx?dbName=dbSARHCSITKAAK&type=CDMWithoutLabel,2024-12-09,2.0.0,,2026-09-09T02:25:42.245Z,metadata-or-pointer-review,native,official-pointer-or-metadata-unresolved,HTTP 404 at https://apps.para-hcfs.com/cms-hpt.txt | HTTP 404 at https://apps.para-hcfs.com/.well-known/cms-hpt.txt | HTTP 206 at https://apps.para-hcfs.com/,,Resolve official pointer linkage or conflicting metadata
030108,THE CORE INSTITUTE SPECIALTY HOSP,AZ,no-cms-hpt-txt-published,metadata-or-pointer-review,response received,not retrieved,corroborated,response received,date-within-365-days-version-3,,https://thecoreinstitutehospital.com/wp-content/uploads/2026/09/2026-THE-CORE-INSTITUTE-SPECIALTY-HOSPITAL-MRF-INPATIENT.csv,2026-04-27,3.0.0,,2026-09-09T02:25:42.637Z,metadata-or-pointer-review,native,official-pointer-or-metadata-unresolved,metadata-incomplete-or-request-failed | mrf-header-has-no-license-state,,Resolve official pointer linkage or conflicting metadata
041313,OZARK HEALTH,AR,not-assessed-not-named-in-file,metadata-or-pointer-review,response received,not retrieved,corroborated,response received,date-within-365-days-version-3,,https://ozarkhealth.net/sites/default/files/pdf/710407683_ozark-health-inc_standardcharges.csv,2026-04-01,3.0.0,,2026-09-09T02:25:43.009Z,metadata-or-pointer-review,native,official-pointer-or-metadata-unresolved,HTTP 200 at https://ozarkhealth.net/cms-hpt.txt | HTTP 404 at https://ozarkhealth.net/.well-known/cms-hpt.txt | HTTP 200 at https://ozarkhealth.net/ | HTTP 200 at https://ozarkhealth.net/cms-hpt.txt#main-content | HTTP 200 at https://ozarkhealth.net/cms-hpt.txt# | HTTP 200 at https://ozarkhealth.net/financial-assistance | HTTP 200 at https://ozarkhealth.net/price-transparency | HTTP 200 at https://ozarkhealth.net/financial-assistance#main-content | HTTP 200 at https://www.ozarkhealth.net/cms-hpt.txt,,Resolve official pointer linkage or conflicting metadata
050043,ALTA BATES SUMMIT MEDICAL CENTER,CA,not-assessed-site-unreachable,metadata-or-pointer-review,response received,entries retrieved,unresolved,response received,unverified,https://www.sutterhealth.org/cms-hpt.txt,,,,,2026-09-09T02:11:04.488Z,metadata-or-pointer-review,native|curl,multiple-corroborated-candidates,header-matches-other-roster-hospital | mrf-header-does-not-match-unresolved-roster | request timeout | mrf-header-name-without-location,,Adjudicate competing current files
050292,RIVERSIDE UNIVERSITY HEALTH SYSTEM-MEDICAL CENTER,CA,old-template-version,metadata-or-pointer-review,response received,entries retrieved,corroborated,response received,date-within-365-days-version-unverified,https://ruhealth.org/cms-hpt.txt,https://www.ruhealth.org/956000930_riverside-university-health-system_standardcharges.csv,2026-03-30,2026.1.0,https://www.ruhealth.org/resources/hospital-price-transparency,2026-09-09T02:25:43.886Z,metadata-or-pointer-review,native|glm-5.3-flash,,date-within-365-days-version-unverified,,Compare facility identity and inspect unparsed metadata
070025,HARTFORD HOSPITAL,CT,no-cms-hpt-txt-published,metadata-or-pointer-review,response received,not retrieved,unresolved,response received,unverified,,,,,,2026-09-09T02:11:04.933Z,metadata-or-pointer-review,native|curl|glm-5.3-flash,facility-identity-or-metadata-unresolved,"header-matches-other-roster-hospital | curl: (28) Resolving timed out after 11373 milliseconds
 | metadata-incomplete-or-request-failed | request timeout | mrf-header-does-not-match-unresolved-roster | mrf-header-name-without-location",,Compare facility identity and inspect unparsed metadata
140049,WEST SUBURBAN MEDICAL CENTER,IL,mrf-stale-over-365-days,publisher-date-review,response received,entries retrieved,corroborated,response received,date-over-365-days,https://www.westsuburbanmc.com/8454_West%20Suburban%20Medical%20Center_2025-04-01.txt,https://sthpiprd.blob.core.windows.net/machine-readable-files/12712/611899386_resilience-healthcare-west-suburban-medical-center-llc_standardcharges.csv,2025-03-17,2.0.0,,2026-09-09T02:25:44.926Z,metadata-or-pointer-review,native,,date-over-365-days,,Review the exact declared metadata before publisher inquiry
140084,VISTA MEDICAL CENTER EAST,IL,mrf-stale-over-365-days,publisher-date-review,response received,entries retrieved,corroborated,response received,date-over-365-days,https://vistahealth.com/cms-hpt.txt,https://vistahealth.com//wp-content/uploads/2025/06/203978521_VISTA-MEDICAL-CENTER_standardcharges.csv,2025-03-31,2.0.0,,2026-09-09T02:25:44.828Z,metadata-or-pointer-review,native,,date-over-365-days,,Review the exact declared metadata before publisher inquiry
141353,IROQUOIS MEMORIAL HOSPITAL,IL,old-template-version,metadata-or-pointer-review,response received,entries retrieved,corroborated,response received,date-unverified,https://iroquoismemorial.com/cms-hpt.txt,https://iroquois.slicedhealth.io/pricer/37-0673512_IroquoisMemorialHospital_standardcharges.CSV,,2,https://iroquois.slicedhealth.io/home,2026-09-09T02:26:06.079Z,metadata-or-pointer-review,native|curl|glm-5.3-flash,,date-unverified,,Compare facility identity and inspect unparsed metadata
154008,NEURODIAGNOSTIC INSTITUTE,IN,old-template-version,publisher-template-review,response received,entries retrieved,corroborated,response received,date-within-365-days-older-version,https://www.in.gov/fssa/dmha/state-psychiatric-hospitals/cms-hpt.txt,https://www.in.gov/fssa/dmha/files/356000158-Neurodiagnostic-Institute_standardcharges.csv,2026-01-13,2.0.0,,2026-09-09T02:25:45.494Z,metadata-or-pointer-review,native,,date-within-365-days-older-version,,Review the exact declared metadata before publisher inquiry
154019,MADISON STATE HOSPITAL,IN,old-template-version,publisher-template-review,response received,entries retrieved,corroborated,response received,date-within-365-days-older-version,https://www.in.gov/fssa/dmha/state-psychiatric-hospitals/cms-hpt.txt,https://www.in.gov/fssa/dmha/files/356000158-Madison-State-Hospital_standardcharges.csv,2026-01-13,2.0.0,,2026-09-09T02:25:45.623Z,metadata-or-pointer-review,native,,date-within-365-days-older-version,,Review the exact declared metadata before publisher inquiry
154054,HARSHA BEHAVIORAL CENTER INC,IN,compliant-date-unverified,metadata-or-pointer-review,response received,not retrieved,unresolved,unresolved,unverified,,,,,,2026-09-09T02:11:06.307Z,metadata-or-pointer-review,native|curl|glm-5.3-flash,retrieval-or-domain-unresolved,"curl: (28) Operation timed out after 11840 milliseconds with 0 bytes received
 | metadata-incomplete-or-request-failed | request timeout | Invalid URL | invalid-url-or-tool-error",,Continue bounded browser or official-domain discovery
154056,EVANSVILLE STATE HOSPITAL,IN,old-template-version,publisher-template-review,response received,entries retrieved,corroborated,response received,date-within-365-days-older-version,https://www.in.gov/fssa/dmha/state-psychiatric-hospitals/cms-hpt.txt,https://www.in.gov/fssa/dmha/files/356000158-Evansville-State-Hospital_standardcharges.csv,2026-01-13,2.0.0,,2026-09-09T02:25:45.723Z,metadata-or-pointer-review,native,,date-within-365-days-older-version,,Review the exact declared metadata before publisher inquiry
170017,SUSAN B ALLEN MEMORIAL HOSPITAL,KS,mrf-stale-over-365-days,publisher-date-review,response received,entries retrieved,corroborated,response received,date-over-365-days,https://www.sbamh.com/cms-hpt.txt,https://apim.services.craneware.com/api-pricing-transparency/api/public/8a15f8f47eb640c1696af37b6c70ac7c/charges/mrf,2025-05-27,2.0.0,,2026-09-09T02:25:51.439Z,metadata-or-pointer-review,native|curl,,date-over-365-days,,Review the exact declared metadata before publisher inquiry
171359,GREELEY COUNTY HEALTH SERVICES,KS,no-cms-hpt-txt-published,metadata-or-pointer-review,response received,not retrieved,unresolved,unresolved,unverified,,,,,,2026-09-09T02:11:10.354Z,metadata-or-pointer-review,native|curl,retrieval-or-domain-unresolved,curl deadline exceeded | metadata-incomplete-or-request-failed | request timeout,,Continue bounded browser or official-domain discovery
181321,WAYNE COUNTY HOSPITAL,KY,old-template-version,metadata-or-pointer-review,response received,entries retrieved,corroborated,response received,date-within-365-days-version-3,https://waynehospital.org/cms-hpt.txt,https://waynehospital.org/files/galleries/610847215_Wayne-County_Hospital_standardcharges.csv,2026-09-03,3.0.0,,2026-09-09T02:26:07.927Z,metadata-or-pointer-review,native|curl,official-pointer-or-metadata-unresolved,"curl: (28) Resolving timed out after 8013 milliseconds
 | metadata-incomplete-or-request-failed | request timeout",,Resolve official pointer linkage or conflicting metadata
190319,ALEXANDRIA HOSPITAL,LA,old-template-version,metadata-or-pointer-review,response received,entries retrieved,corroborated,response received,date-within-365-days-version-3,https://alexandriaer.com/cms-hpt.txt,https://www.alexandriaer.com/csv-download/821295425_alexandria-hospital-llc_standardcharges-2in,2026-04-01,3.0.0,,2026-09-09T02:26:08.671Z,metadata-or-pointer-review,native|curl,official-pointer-or-metadata-unresolved,request timeout | mrf-header-does-not-match-unresolved-roster | metadata-incomplete-or-request-failed | mrf-header-has-no-license-state,,Resolve official pointer linkage or conflicting metadata
210009,"JOHNS HOPKINS HOSPITAL, THE",MD,mrf-stale-over-365-days,metadata-or-pointer-review,not verified,not retrieved,corroborated,response received,date-over-365-days,,https://jhm-web-assets.s3.amazonaws.com/hopkinsmedicine/prod/charge-fees/520591656_JohnsHopkinsHospital_standardcharges.csv,2025-07-01,2.2.0,,2026-09-09T02:26:07.134Z,metadata-or-pointer-review,native|curl,official-pointer-or-metadata-unresolved,request timeout,,Resolve official pointer linkage or conflicting metadata
210022,SUBURBAN HOSPITAL,MD,mrf-stale-over-365-days,metadata-or-pointer-review,not verified,not retrieved,corroborated,response received,date-over-365-days,,https://jhm-web-assets.s3.amazonaws.com/hopkinsmedicine/prod/charge-fees/520610545_SuburbanHospital_standardcharges.csv,2025-07-01,2.2.0,,2026-09-09T02:26:08.127Z,metadata-or-pointer-review,native,official-pointer-or-metadata-unresolved,HTTP 403 at https://hopkinsmedicine.org/cms-hpt.txt | HTTP 403 at https://hopkinsmedicine.org/.well-known/cms-hpt.txt | HTTP 403 at https://hopkinsmedicine.org/ | HTTP 403 at https://jhm-web-assets.s3.amazonaws.com/?list-type=2&prefix=hopkinsmedicine/prod/charge-fees/ | HTTP 403 at https://www.hopkinsmedicine.org/patient-care/patients-visitors/billing-insurance/pay-bill/charges-fees | HTTP 403 at https://www.hopkinsmedicine.org/cms-hpt.txt,,Resolve official pointer linkage or conflicting metadata
210029,JOHNS HOPKINS BAYVIEW MEDICAL CENTER,MD,mrf-stale-over-365-days,metadata-or-pointer-review,not verified,not retrieved,corroborated,response received,date-over-365-days,,https://jhm-web-assets.s3.amazonaws.com/hopkinsmedicine/prod/charge-fees/521341890_JohnsHopkinsBayview_standardcharges.csv,2025-07-01,2.2.0,,2026-09-09T02:26:08.602Z,metadata-or-pointer-review,native|glm-5.3-flash|web-search-verification,official-pointer-or-metadata-unresolved,HTTP 403 at https://hopkinsmedicine.org/cms-hpt.txt | HTTP 403 at https://hopkinsmedicine.org/.well-known/cms-hpt.txt | HTTP 403 at https://hopkinsmedicine.org/ | HTTP 403 at https://jhm-web-assets.s3.amazonaws.com/?list-type=2&prefix=hopkinsmedicine/prod/charge-fees/ | HTTP 403 at https://www.hopkinsmedicine.org/patient-care/patients-visitors/billing-insurance/pay-bill/charges-fees | HTTP 403 at https://www.hopkinsmedicine.org/cms-hpt.txt,,Resolve official pointer linkage or conflicting metadata
210048,JOHNS HOPKINS HOWARD COUNTY MEDICAL CENTER,MD,mrf-stale-over-365-days,metadata-or-pointer-review,not verified,not retrieved,corroborated,response received,date-over-365-days,,https://jhm-web-assets.s3.amazonaws.com/hopkinsmedicine/prod/charge-fees/522093120_HowardCountyGeneralHospital_standardcharges.csv,2025-07-01,2.2.0,,2026-09-09T02:26:08.989Z,metadata-or-pointer-review,native,official-pointer-or-metadata-unresolved,HTTP 403 at https://hopkinsmedicine.org/cms-hpt.txt | HTTP 403 at https://hopkinsmedicine.org/.well-known/cms-hpt.txt | HTTP 403 at https://hopkinsmedicine.org/ | HTTP 403 at https://jhm-web-assets.s3.amazonaws.com/?list-type=2&prefix=hopkinsmedicine/prod/charge-fees/ | HTTP 403 at https://www.hopkinsmedicine.org/patient-care/patients-visitors/billing-insurance/pay-bill/charges-fees | HTTP 403 at https://www.hopkinsmedicine.org/cms-hpt.txt,,Resolve official pointer linkage or conflicting metadata
210065,HOLY CROSS GERMANTOWN HOSPITAL,MD,pointer-lists-no-mrf-url,metadata-or-pointer-review,response received,not retrieved,corroborated,response received,date-within-365-days-version-3,,https://hpt.trinity-health.org/520738041-1245655638_holy-cross-germantown-hospital_standardcharges.zip,2026-03-31,3.0.0,,2026-09-09T02:26:08.627Z,metadata-or-pointer-review,native,official-pointer-or-metadata-unresolved,mrf-header-does-not-match-unresolved-roster,,Resolve official pointer linkage or conflicting metadata
261302,MADISON MEDICAL CENTER,MO,mrf-stale-over-365-days,publisher-date-review,response received,entries retrieved,corroborated,response received,date-over-365-days,https://madisonmedicalcenter.net/cms-hpt.txt,https://madisonmedicalcenter.net/431445493_Madison%20Medical%20Center_standardcharges.json,2025-01-05,2.2.0,,2026-09-09T02:26:08.366Z,metadata-or-pointer-review,native,,date-over-365-days,,Review the exact declared metadata before publisher inquiry
291303,BATTLE MOUNTAIN GENERAL HOSPITAL,NV,old-template-version,publisher-template-review,response received,entries retrieved,corroborated,response received,date-within-365-days-older-version,https://bmgh.org/cms-hpt.txt,https://bmgh.org/resources/public-pricing/880186024_BattleMountainGeneralHospital_standardcharges-2026.csv,2026-01-05,2.0.0,,2026-09-09T02:26:08.503Z,metadata-or-pointer-review,native,,date-within-365-days-older-version,,Review the exact declared metadata before publisher inquiry
291309,BOULDER CITY HOSPITAL,NV,old-template-version,publisher-template-review,response received,entries retrieved,corroborated,response received,date-within-365-days-older-version,https://bchcares.org/cms-hpt.txt,https://bchcares.org/880065829_boulder-city-hospital_standard-charges.csv,2025-09-30,2.0.0,,2026-09-09T02:26:09.319Z,metadata-or-pointer-review,native,,date-within-365-days-older-version,,Review the exact declared metadata before publisher inquiry
310070,SAINT PETER'S UNIVERSITY HOSPITAL,NJ,old-template-version,publisher-template-review,response received,entries retrieved,corroborated,response received,date-within-365-days-older-version,https://www.saintpetershcs.com/cms-hpt.txt,https://www.saintpetershcs.com/getmedia/0238f139-9e06-434b-a0ed-5d387f0e892e/221487330_Saint-Peters-University-Hospital_standard-charges_1.csv,2025-11-19,2.0.0,,2026-09-09T02:26:21.848Z,metadata-or-pointer-review,native,,date-within-365-days-older-version,,Review the exact declared metadata before publisher inquiry
330199,METROPOLITAN HOSPITAL CENTER,NY,compliant-date-unverified,metadata-or-pointer-review,response received,entries retrieved,unresolved,response received,unverified,https://www.nychealthandhospitals.org/cms-hpt.txt,,,,,2026-09-09T02:11:11.981Z,metadata-or-pointer-review,native|curl,facility-identity-or-metadata-unresolved,request timeout | mrf-header-name-without-location,,Compare facility identity and inspect unparsed metadata
330276,NATHAN LITTAUER HOSPITAL,NY,old-template-version,publisher-template-review,response received,entries retrieved,corroborated,response received,date-within-365-days-older-version,https://nlh.org/cms-hpt.txt,https://www.nlh.org/wp-content/uploads/2026/04/1336145168_nathanlittauerhospital_standardcharges.csv,2026-03-04,2.0.0,,2026-09-09T02:26:34.705Z,metadata-or-pointer-review,native|curl,,date-within-365-days-older-version,,Review the exact declared metadata before publisher inquiry
360039,GENESIS HOSPITAL,OH,old-template-version,metadata-or-pointer-review,response received,entries retrieved,unresolved,unresolved,unverified,https://www.genesishcs.org/cms-hpt.txt,,,,https://genesishcs.org/patients/billing-insurance/price-list,2026-09-09T02:11:12.889Z,metadata-or-pointer-review,native|curl,retrieval-or-domain-unresolved,"curl: (28) Resolving timed out after 8002 milliseconds
 | metadata-incomplete-or-request-failed | request timeout",,Continue bounded browser or official-domain discovery
360189,MADISON HEALTH,OH,no-cms-hpt-txt-published,metadata-or-pointer-review,response received,not retrieved,unresolved,unresolved,unverified,,,,,,2026-09-09T02:11:13.181Z,metadata-or-pointer-review,native|curl|glm-5.3-flash,retrieval-or-domain-unresolved,"curl: (28) Resolving timed out after 8000 milliseconds
 | metadata-incomplete-or-request-failed | request timeout",,Continue bounded browser or official-domain discovery
390125,WAYNE MEMORIAL HOSPITAL,PA,old-template-version,publisher-template-review,response received,entries retrieved,corroborated,response received,date-within-365-days-older-version,https://www.wmh.org/wp-content/uploads/2026/04/cms-hpt.txt,https://www.wmh.org/wp-content/uploads/2026/04/240798839_wayne-memorial-hospital_standardcharges.csv,2026-03-11,2.0.0,,2026-09-09T02:26:34.062Z,metadata-or-pointer-review,native,,date-within-365-days-older-version,,Review the exact declared metadata before publisher inquiry
390146,WARREN GENERAL HOSPITAL,PA,mrf-url-unreachable,metadata-or-pointer-review,response received,entries retrieved,corroborated,response received,date-within-365-days-older-version,https://static1.squarespace.com/static/64011f10da897a3162ea8900/t/6776f053cd105d551055e8f0/1735848019153/cms-hpt.txt,https://www.wgh.org/s/250965598_warren-general-hospital_standardcharges.csv,2026-03-12,2.0.0,,2026-09-09T02:26:34.984Z,metadata-or-pointer-review,native|glm-5.3-flash,official-pointer-or-metadata-unresolved,metadata-incomplete-or-request-failed | HTTP 404,,Resolve official pointer linkage or conflicting metadata
391306,ENDLESS MOUNTAINS HEALTH SYSTEMS,PA,no-cms-hpt-txt-published,metadata-or-pointer-review,response received,not retrieved,corroborated,response received,date-over-365-days,,https://www.endlesscare.org/s/232720289_endless-mountains-health-systems_standardcharges.csv,2025-02-25,1.10,,2026-09-09T02:26:34.732Z,metadata-or-pointer-review,native,official-pointer-or-metadata-unresolved,HTTP 404 at https://endlesscare.org/cms-hpt.txt | HTTP 404 at https://endlesscare.org/.well-known/cms-hpt.txt | HTTP 206 at https://endlesscare.org/ | HTTP 404 at https://www.endlesscare.org/cms-hpt.txt#page | HTTP 206 at https://www.endlesscare.org/billing-insurance2 | HTTP 206 at https://www.endlesscare.org/financial-assistance | HTTP 206 at https://www.endlesscare.org/facility-charges | HTTP 206 at https://www.endlesscare.org/s/Chargemaster-Report-2-1-19.xlsx | HTTP 404 at https://www.endlesscare.org/cms-hpt.txt,,Resolve official pointer linkage or conflicting metadata
420073,LEXINGTON MEDICAL CENTER,SC,no-cms-hpt-txt-published,metadata-or-pointer-review,response received,not retrieved,corroborated,response received,date-within-365-days-version-3,,https://lexhealth.com/lexhealth/docs/852276567_lexington-medical-center_standardcharges-Q2-2026.json,2026-04-01,3.0.0,,2026-09-09T02:26:34.754Z,metadata-or-pointer-review,native|glm-5.3-flash,official-pointer-or-metadata-unresolved,HTTP 200 at https://lexmed.com/cms-hpt.txt | HTTP 200 at https://lexmed.com/.well-known/cms-hpt.txt | HTTP 200 at https://lexmed.com/ | HTTP 200 at https://lexhealth.com/404?initialRequestUrl=https%3a%2f%2flexhealth.com%2fcms-hpt.txt#main | HTTP 200 at https://lexhealth.com/billing-insurance | HTTP 200 at https://lexhealth.com/billing-insurance/price-transparency | HTTP 200 at https://lexhealth.com/404?initialRequestUrl=https%3a%2f%2flexhealth.com%2f.well-known%2fcms-hpt.txt#main | HTTP 200 at https://lexhealth.com/billing-insurance#main | HTTP 200 at https://www.lexmed.com/cms-hpt.txt,,Resolve official pointer linkage or conflicting metadata
440002,JACKSON-MADISON COUNTY GENERAL HOSPITAL,TN,no-cms-hpt-txt-published,metadata-or-pointer-review,response received,not retrieved,corroborated,response received,date-within-365-days-version-3,,https://www.wth.org/wp-content/uploads/standard-charges/62-6010402_JH_standard_Charges.csv,2026-06-05,3.0.0,,2026-09-09T02:26:35.103Z,metadata-or-pointer-review,native,official-pointer-or-metadata-unresolved,header-matches-other-roster-hospital | ambiguous-mrf-header-identity | mrf-header-does-not-match-unresolved-roster | metadata-incomplete-or-request-failed | mrf-header-has-no-license-state,,Resolve official pointer linkage or conflicting metadata
441316,WEST TENNESSEE HEALTHCARE CAMDEN HOSPITAL,TN,no-cms-hpt-txt-published,metadata-or-pointer-review,response received,not retrieved,corroborated,response received,date-within-365-days-version-3,,https://www.wth.org/wp-content/uploads/standard-charges/58-1884314_CH_Standard_Charges.csv,2026-06-02,3.0.0,,2026-09-09T02:26:35.957Z,metadata-or-pointer-review,native,official-pointer-or-metadata-unresolved,header-matches-other-roster-hospital | ambiguous-mrf-header-identity | mrf-header-does-not-match-unresolved-roster | metadata-incomplete-or-request-failed | mrf-header-has-no-license-state,,Resolve official pointer linkage or conflicting metadata
441320,WEST TENNESSEE HEALTHCARE BOLIVAR HOSPITAL,TN,no-cms-hpt-txt-published,metadata-or-pointer-review,response received,not retrieved,corroborated,response received,date-within-365-days-version-3,,https://www.wth.org/wp-content/uploads/standard-charges/62-1624171_BH_Standard_Charges.csv,2026-06-02,3.0.0,,2026-09-09T02:26:35.422Z,metadata-or-pointer-review,native,official-pointer-or-metadata-unresolved,header-matches-other-roster-hospital | ambiguous-mrf-header-identity | mrf-header-does-not-match-unresolved-roster | metadata-incomplete-or-request-failed | mrf-header-has-no-license-state,,Resolve official pointer linkage or conflicting metadata
460005,OGDEN REGIONAL MEDICAL CENTER,UT,mrf-stale-over-365-days,publisher-date-review,response received,entries retrieved,corroborated,response received,date-over-365-days,https://www.mountainstar.com/cms-hpt.txt,https://www.hcadam.com/api/public/content/60297fd2cdf147a6bd8450b739878a54?download=true,2024-10-01,2.2.0,,2026-09-09T02:26:35.082Z,metadata-or-pointer-review,native|curl,,date-over-365-days,,Review the exact declared metadata before publisher inquiry
460009,UNIVERSITY OF UTAH HOSPITAL AND CLINICS,UT,mrf-stale-over-365-days,publisher-date-review,response received,entries retrieved,corroborated,response received,date-over-365-days,https://healthcare.utah.edu/cms-hpt.txt,https://md.utah.edu/pricing/876000525_UNIVERSITY-OF-UTAH-HOSPITAL-AND-CLINICS_standardcharges.csv,2025-07-01,2.0.0,,2026-09-09T02:26:35.358Z,metadata-or-pointer-review,native,,date-over-365-days,,Review the exact declared metadata before publisher inquiry
460013,MOUNTAIN VIEW HOSPITAL,UT,mrf-stale-over-365-days,publisher-date-review,response received,entries retrieved,corroborated,response received,date-over-365-days,https://www.mountainstar.com/cms-hpt.txt,https://www.hcadam.com/api/public/content/ed92b53525bd4968b7a7fc42d1e3b85d?download=true,2024-10-01,2.2.0,,2026-09-09T02:26:35.389Z,metadata-or-pointer-review,native|curl|glm-5.3-flash|web-search-verification,,date-over-365-days,,Review the exact declared metadata before publisher inquiry
460017,BRIGHAM CITY COMMUNITY HOSPITAL,UT,mrf-stale-over-365-days,publisher-date-review,response received,entries retrieved,corroborated,response received,date-over-365-days,https://www.mountainstar.com/cms-hpt.txt,https://www.hcadam.com/api/public/content/365bdb8ed9a84537afc36e1a2addfe8e?download=true,2024-10-01,2.2.0,,2026-09-09T02:26:35.941Z,metadata-or-pointer-review,native|curl,,date-over-365-days,,Review the exact declared metadata before publisher inquiry
460042,LAKEVIEW HOSPITAL,UT,mrf-stale-over-365-days,publisher-date-review,response received,entries retrieved,corroborated,response received,date-over-365-days,https://www.mountainstar.com/cms-hpt.txt,https://www.hcadam.com/api/public/content/ff147b50990440edae816f9adf8525e8?download=true,2024-10-01,2.2.0,,2026-09-09T02:26:36.260Z,metadata-or-pointer-review,native|curl,,date-over-365-days,,Review the exact declared metadata before publisher inquiry
460047,ST MARK'S HOSPITAL,UT,mrf-stale-over-365-days,publisher-date-review,response received,entries retrieved,corroborated,response received,date-over-365-days,https://www.mountainstar.com/cms-hpt.txt,https://www.hcadam.com/api/public/content/2ddf8eab94114b028790e2ef86501adc?download=true,2024-10-01,2.2.0,,2026-09-09T02:26:36.821Z,metadata-or-pointer-review,native|curl,,date-over-365-days,,Review the exact declared metadata before publisher inquiry
460052,TIMPANOGOS REGIONAL HOSPITAL,UT,mrf-stale-over-365-days,publisher-date-review,response received,entries retrieved,corroborated,response received,date-over-365-days,https://www.mountainstar.com/cms-hpt.txt,https://www.hcadam.com/api/public/content/66b2df40ef8849b7a94bf34274cf69c7?download=true,2024-10-01,2.2.0,,2026-09-09T02:26:37.111Z,metadata-or-pointer-review,native|curl,,date-over-365-days,,Review the exact declared metadata before publisher inquiry
460054,CACHE VALLEY HOSPITAL,UT,mrf-stale-over-365-days,publisher-date-review,response received,entries retrieved,corroborated,response received,date-over-365-days,https://www.mountainstar.com/cms-hpt.txt,https://www.hcadam.com/api/public/content/917b8d7e2b4e49079d6df0fddc138a7f?download=true,2024-10-01,2.2.0,,2026-09-09T02:26:49.199Z,metadata-or-pointer-review,native|curl,,date-over-365-days,,Review the exact declared metadata before publisher inquiry
460060,LONE PEAK HOSPITAL,UT,mrf-stale-over-365-days,publisher-date-review,response received,entries retrieved,corroborated,response received,date-over-365-days,https://www.mountainstar.com/cms-hpt.txt,https://www.hcadam.com/api/public/content/65ebdd902aea4b6d9ee5a03ee8ecef72?download=true,2024-10-01,2.2.0,,2026-09-09T02:26:49.429Z,metadata-or-pointer-review,native|curl,,date-over-365-days,,Review the exact declared metadata before publisher inquiry
494010,NORTHERN VIRGINIA MENTAL HEALTH INSTI,VA,mrf-stale-over-365-days,publisher-date-review,response received,entries retrieved,corroborated,response received,date-over-365-days,https://dbhds.virginia.gov/cms-hpt.txt,https://dbhds.virginia.gov/wp-content/uploads/2025/11/540807019_northern-virginia-mental-health-institute_standardcharges.csv,2025-07-21,2.0.0,,2026-09-09T02:26:34.884Z,metadata-or-pointer-review,native,,date-over-365-days,,Review the exact declared metadata before publisher inquiry
494017,SOUTHERN VIRGINIA MENTAL HEALTH INSTITUTE,VA,mrf-stale-over-365-days,publisher-date-review,response received,entries retrieved,corroborated,response received,date-over-365-days,https://dbhds.virginia.gov/cms-hpt.txt,https://dbhds.virginia.gov/wp-content/uploads/2025/11/541004175_southern-virginia-mental-health-institute_standardcharges.csv,2025-07-21,2.0.0,,2026-09-09T02:26:34.956Z,metadata-or-pointer-review,native,,date-over-365-days,,Review the exact declared metadata before publisher inquiry
494033,CATAWBA HOSPITAL,VA,mrf-stale-over-365-days,publisher-date-review,response received,entries retrieved,corroborated,response received,date-over-365-days,https://dbhds.virginia.gov/cms-hpt.txt,https://dbhds.virginia.gov/wp-content/uploads/2025/11/546001711_catawba-hospital_standardcharges.csv,2025-01-01,2.0.0,,2026-09-09T02:26:36.255Z,metadata-or-pointer-review,native,,date-over-365-days,,Review the exact declared metadata before publisher inquiry
010073,CLAY COUNTY HOSPITAL,AL,compliant-date-unverified,identity-or-format-review,response received,entries retrieved,corroborated,response received,date-within-365-days-version-3,https://www.claycountyhospital.com/cms-hpt.txt,https://www.claycountyhospital.com/docs/636002184_clay-county-hospital_standardcharges.csv.csv,2026-03-23,3.0.0,,2026-09-09T02:26:35.862Z,identity-or-format-review,native,official-pointer-or-metadata-unresolved,metadata-incomplete-or-request-failed | mrf-header-has-no-license-state,,Resolve official pointer linkage or conflicting metadata
010168,JACK HUGHSTON MEMORIAL HOSPITAL,AL,mrf-url-unreachable,identity-or-format-review,response received,entries retrieved,unresolved,response received,unverified,https://al.hughston.com/cms-hpt.txt,,,,,2026-09-09T02:11:18.031Z,identity-or-format-review,native,facility-identity-or-metadata-unresolved,metadata-incomplete-or-request-failed | HTTP 404 | mrf-header-has-no-license-state,,Compare facility identity and inspect unparsed metadata
011304,OCHSNER CHOCTAW GENERAL,AL,not-assessed-not-named-in-file,identity-or-format-review,response received,entries retrieved,unresolved,response received,unverified,https://www.ochsner.org/cms-hpt.txt,,,,,2026-09-09T02:11:23.316Z,identity-or-format-review,native,facility-identity-or-metadata-unresolved,mrf-header-does-not-match-unresolved-roster | header-matches-other-roster-hospital | mrf-header-name-without-location,,Compare facility identity and inspect unparsed metadata
014006,MOUNTAIN VIEW HOSPITAL,AL,mrf-stale-over-365-days,identity-or-format-review,response received,entries retrieved,unresolved,response received,unverified,https://www.mtnviewhospital.com/cms-hpt.txt,,,,,2026-09-09T02:11:23.319Z,identity-or-format-review,native,facility-identity-or-metadata-unresolved,mrf-header-does-not-match-unresolved-roster,,Compare facility identity and inspect unparsed metadata
014015,BEACON CHILDREN'S HOSPITAL,AL,old-template-version,identity-or-format-review,response received,entries retrieved,unresolved,response received,unverified,https://www.perimeterhealthcare.com/cms-hpt.txt,,,,,2026-09-09T02:11:23.829Z,identity-or-format-review,native|glm-5.3-flash,facility-identity-or-metadata-unresolved,mrf-header-does-not-match-unresolved-roster,,Compare facility identity and inspect unparsed metadata
021310,MANIILAQ HEALTH CENTER,AK,compliant-date-unverified,identity-or-format-review,response received,entries retrieved,unresolved,response received,unverified,https://maniilaq.mdsave.com/cms-hpt.txt,,,,,2026-09-09T02:11:23.258Z,identity-or-format-review,native,facility-identity-or-metadata-unresolved,metadata-incomplete-or-request-failed | mrf-header-has-no-license-state,,Compare facility identity and inspect unparsed metadata
031313,HOLY CROSS HOSPITAL,AZ,not-assessed-not-named-in-file,identity-or-format-review,response received,not retrieved,unresolved,response received,unverified,,,,,,2026-09-09T02:11:09.829Z,identity-or-format-review,native,facility-identity-or-metadata-unresolved,mrf-header-does-not-match-unresolved-roster | header-matches-other-roster-hospital,,Compare facility identity and inspect unparsed metadata
040002,JOHNSON REGIONAL MEDICAL CENTER,AR,old-template-version,identity-or-format-review,response received,entries retrieved,unresolved,response received,unverified,https://www.jrmc.com/cms-hpt.txt,,,,,2026-09-09T02:11:23.704Z,identity-or-format-review,native,facility-identity-or-metadata-unresolved,mrf-header-name-without-location,,Compare facility identity and inspect unparsed metadata
040011,CHAMBERS MEMORIAL HOSPITAL,AR,compliant-date-unverified,identity-or-format-review,response received,entries retrieved,unresolved,response received,unverified,https://chambershealth.org/cms-hpt.txt,,,,,2026-09-09T02:11:23.699Z,identity-or-format-review,native,facility-identity-or-metadata-unresolved,mrf-header-does-not-match-unresolved-roster,,Compare facility identity and inspect unparsed metadata
040039,ARKANSAS METHODIST MEDICAL CENTER,AR,compliant-date-unverified,identity-or-format-review,response received,entries retrieved,unresolved,response received,unverified,https://myammc.org/cms-hpt.txt,,,,,2026-09-09T02:11:24.037Z,identity-or-format-review,native,facility-identity-or-metadata-unresolved,metadata-incomplete-or-request-failed | mrf-header-has-no-license-state,,Compare facility identity and inspect unparsed metadata
040069,GREAT RIVER MEDICAL CENTER,AR,mrf-stale-over-365-days,identity-or-format-review,response received,entries retrieved,unresolved,response received,unverified,https://www.mchsys.org/cms-hpt.txt,,,,,2026-09-09T02:11:23.234Z,identity-or-format-review,native,facility-identity-or-metadata-unresolved,byte-limit-reached | mrf-header-has-no-license-state,,Compare facility identity and inspect unparsed metadata
040782,SOUTH MISSISSIPPI COUNTY REGIONAL MEDICAL CENTER,AR,mrf-stale-over-365-days,identity-or-format-review,response received,entries retrieved,unresolved,response received,unverified,https://www.mchsys.org/cms-hpt.txt,,,,,2026-09-09T02:11:23.234Z,identity-or-format-review,native,facility-identity-or-metadata-unresolved,byte-limit-reached | mrf-header-has-no-license-state,,Compare facility identity and inspect unparsed metadata
050152,UCSF HEALTH SAINT FRANCIS HOSPITAL,CA,not-assessed-not-named-in-file,identity-or-format-review,response received,entries retrieved,unresolved,response received,unverified,https://www.commonspirit.org/cms-hpt.txt,,,,,2026-09-09T02:11:29.061Z,identity-or-format-review,native,facility-identity-or-metadata-unresolved,header-matches-other-roster-hospital,,Compare facility identity and inspect unparsed metadata
050236,ADVENTIST HEALTH SIMI VALLEY,CA,not-assessed-not-named-in-file,identity-or-format-review,response received,entries retrieved,unresolved,response received,unverified,https://www.adventisthealth.org/cms-hpt.txt,,,,,2026-09-09T02:11:23.276Z,identity-or-format-review,native|curl,facility-identity-or-metadata-unresolved,mrf-header-does-not-match-unresolved-roster | mrf-header-name-without-location | header-matches-other-roster-hospital | request deadline exceeded | request timeout,,Compare facility identity and inspect unparsed metadata
050309,SUTTER ROSEVILLE MEDICAL CENTER,CA,not-assessed-site-unreachable,identity-or-format-review,response received,entries retrieved,unresolved,response received,unverified,https://www.sutterhealth.org/cms-hpt.txt,,,,,2026-09-09T02:11:04.488Z,identity-or-format-review,native|curl,facility-identity-or-metadata-unresolved,mrf-header-name-without-location | header-matches-other-roster-hospital | mrf-header-does-not-match-unresolved-roster | request timeout,,Compare facility identity and inspect unparsed metadata
050455,ADVENTIST HEALTH BAKERSFIELD,CA,not-assessed-not-named-in-file,identity-or-format-review,response received,entries retrieved,unresolved,response received,unverified,https://www.adventisthealth.org/cms-hpt.txt,,,,,2026-09-09T02:11:23.276Z,identity-or-format-review,native|curl,facility-identity-or-metadata-unresolved,header-matches-other-roster-hospital | mrf-header-name-without-location | mrf-header-does-not-match-unresolved-roster | request deadline exceeded | request timeout,,Compare facility identity and inspect unparsed metadata
050457,UCSF HEALTH ST. MARY'S HOSPITAL,CA,not-assessed-not-named-in-file,identity-or-format-review,response received,entries retrieved,unresolved,response received,unverified,https://www.commonspirit.org/cms-hpt.txt,,,,,2026-09-09T02:11:29.061Z,identity-or-format-review,native,facility-identity-or-metadata-unresolved,header-matches-other-roster-hospital,,Compare facility identity and inspect unparsed metadata
050763,L A DOWNTOWN MEDICAL CENTER,CA,mrf-stale-over-365-days,identity-or-format-review,response received,entries retrieved,unresolved,response received,unverified,https://ladowntownmc.com/cms-hpt.txt,,,,,2026-09-09T02:11:23.026Z,identity-or-format-review,native,facility-identity-or-metadata-unresolved,mrf-header-does-not-match-unresolved-roster,,Compare facility identity and inspect unparsed metadata
060022,UCH-MEMORIAL HEALTH SYSTEM,CO,not-assessed-not-named-in-file,identity-or-format-review,response received,entries retrieved,unresolved,response received,unverified,https://www.uchealth.org/cms-hpt.txt,,,,,2026-09-09T02:09:20.422Z,identity-or-format-review,native|curl,facility-identity-or-metadata-unresolved,"mrf-header-does-not-match-unresolved-roster | header-matches-other-roster-hospital | mrf-header-name-without-location | curl: (28) Resolving timed out after 8006 milliseconds
 | metadata-incomplete-or-request-failed | request timeout",,Compare facility identity and inspect unparsed metadata
061308,SAN LUIS VALLEY HEALTH CONEJOS COUNTY HOSPITAL,CO,not-assessed-not-named-in-file,identity-or-format-review,response received,entries retrieved,unresolved,response received,unverified,https://www.sanluisvalleyhealth.org/cms-hpt.txt,,,,,2026-09-09T02:11:24.603Z,identity-or-format-review,native,facility-identity-or-metadata-unresolved,header-matches-other-roster-hospital | mrf-header-does-not-match-unresolved-roster | metadata-incomplete-or-request-failed | mrf-header-has-no-license-state,,Compare facility identity and inspect unparsed metadata
061323,PROWERS MEDICAL CENTER,CO,mrf-stale-over-365-days,identity-or-format-review,response received,entries retrieved,unresolved,response received,unverified,https://www.prowersmedical.com/cms-hpt.txt,,,,,2026-09-09T02:11:27.330Z,identity-or-format-review,native,facility-identity-or-metadata-unresolved,metadata-incomplete-or-request-failed | mrf-header-has-no-license-state,,Compare facility identity and inspect unparsed metadata
061325,EASTERN RIO BLANCO COUNTY HEALTH SERVICE DISTRICT,CO,compliant-date-unverified,identity-or-format-review,response received,entries retrieved,unresolved,response received,unverified,https://www.pioneershospital.org/cms-hpt.txt,,,,,2026-09-09T02:11:26.899Z,identity-or-format-review,native,facility-identity-or-metadata-unresolved,metadata-incomplete-or-request-failed | mrf-header-has-no-license-state | mrf-header-does-not-match-unresolved-roster,,Compare facility identity and inspect unparsed metadata
061327,SOUTHWEST MEMORIAL HOSPITAL,CO,compliant-date-unverified,publisher-date-review,response received,entries retrieved,corroborated,response received,date-over-365-days,http://www.swhealth.org/cms-hpt.txt,https://secure.claraprice.net/price-transparency/5f7b80d31f/machine-readable/841337350_southwest-health-system_standardcharges.json,2025-06-12,3.0.0,,2026-09-09T02:38:54.693Z,identity-or-format-review,native,,date-over-365-days,,Review the exact declared metadata before publisher inquiry
063303,CHILDREN'S HOSPITAL COLORADO - COLORADO SPRINGS,CO,not-assessed-not-named-in-file,identity-or-format-review,response received,entries retrieved,unresolved,response received,unverified,https://www.childrenscolorado.org/cms-hpt.txt,,,,,2026-09-09T02:11:28.124Z,identity-or-format-review,native,facility-identity-or-metadata-unresolved,header-matches-other-roster-hospital,,Compare facility identity and inspect unparsed metadata
074016,MASONICARE HEALTH CENTER,CT,mrf-stale-over-365-days,identity-or-format-review,response received,entries retrieved,unresolved,response received,unverified,https://www.masonicare.org/cms-hpt.txt,,,,,2026-09-09T02:11:29.197Z,identity-or-format-review,native,facility-identity-or-metadata-unresolved,mrf-header-name-without-location,,Compare facility identity and inspect unparsed metadata
100044,CLEVELAND CLINIC MARTIN NORTH HOSPITAL,FL,compliant-date-unverified,identity-or-format-review,response received,entries retrieved,unresolved,response received,unverified,https://my.clevelandclinic.org/cms-hpt.txt,,,,,2026-09-09T02:09:22.435Z,identity-or-format-review,native|curl,facility-identity-or-metadata-unresolved,"header-matches-other-roster-hospital | mrf-header-does-not-match-unresolved-roster | metadata-incomplete-or-request-failed | mrf-header-has-no-license-state | mrf-header-name-without-location | curl: (28) Resolving timed out after 8003 milliseconds
 | request timeout | curl: (28) Operation timed out after 11297 milliseconds with 0 bytes received
",,Compare facility identity and inspect unparsed metadata
110236,COMMONSPIRIT-MEMORIAL HOSPITAL-NORTH GEORGIA,GA,not-assessed-not-named-in-file,identity-or-format-review,response received,entries retrieved,unresolved,response received,unverified,https://www.commonspirit.org/cms-hpt.txt,,,,,2026-09-09T02:11:29.061Z,identity-or-format-review,native,facility-identity-or-metadata-unresolved,mrf-header-does-not-match-unresolved-roster | header-matches-other-roster-hospital,,Compare facility identity and inspect unparsed metadata
110253,SOUTH GEORGIA SPECIALTY HOSPITAL,GA,mrf-stale-over-365-days,identity-or-format-review,response received,entries retrieved,unresolved,response received,unverified,https://southgeorgiaspecialtyhospital.com/cms-hpt.txt,,,,,2026-09-09T02:11:29.488Z,identity-or-format-review,native,facility-identity-or-metadata-unresolved,mrf-header-name-without-location,,Compare facility identity and inspect unparsed metadata
111314,LIFEBRITE COMMUNITY HOSPITAL OF EARLY,GA,not-assessed-not-named-in-file,identity-or-format-review,response received,entries retrieved,unresolved,response received,unverified,https://www2.novanthealth.org/Public_Files/regulatory/cms-hpt.txt,,,,,2026-09-09T02:11:29.748Z,identity-or-format-review,native,facility-identity-or-metadata-unresolved,header-matches-other-roster-hospital | mrf-header-does-not-match-unresolved-roster,,Compare facility identity and inspect unparsed metadata
140114,SWEDISH HOSPITAL,IL,pointer-blocked-to-automation,identity-or-format-review,response received,not retrieved,corroborated,response received,date-within-365-days-version-3,,https://www.endeavorhealth.org/362179813_1831151257_swedish-covenant-health_standardcharges.json,2026-04-01,3.0.0,,2026-09-09T02:27:20.667Z,identity-or-format-review,native,official-pointer-or-metadata-unresolved,header-matches-other-roster-hospital | mrf-header-does-not-match-unresolved-roster,,Resolve official pointer linkage or conflicting metadata
140148,MEMORIAL MEDICAL CENTER,IL,not-assessed-not-named-in-file,identity-or-format-review,response received,entries retrieved,unresolved,response received,unverified,https://memorial.health/cms-hpt.txt,,,,,2026-09-09T02:11:30.436Z,identity-or-format-review,native|curl,facility-identity-or-metadata-unresolved,mrf-header-does-not-match-unresolved-roster | request deadline exceeded | mrf-header-name-without-location | header-matches-other-roster-hospital,,Compare facility identity and inspect unparsed metadata
140172,FRANCISCAN HEALTH OLYMPIA & CHICAGO HEIGHTS,IL,not-assessed-not-named-in-file,identity-or-format-review,response received,entries retrieved,unresolved,response received,unverified,https://www.franciscanhealth.org/cms-hpt.txt,,,,,2026-09-09T02:11:32.955Z,identity-or-format-review,native|curl,facility-identity-or-metadata-unresolved,mrf-header-does-not-match-unresolved-roster | header-matches-other-roster-hospital | mrf-header-name-without-location | metadata-incomplete-or-request-failed | HTTP 404,,Compare facility identity and inspect unparsed metadata
140180,PRESENCE SAINTS MARY AND ELIZABETH MEDICAL CENTER,IL,not-assessed-not-named-in-file,identity-or-format-review,response received,entries retrieved,unresolved,response received,unverified,https://healthcare.ascension.org/-/media/Healthcare/cms-hpt.txt,,,,,2026-09-09T02:11:30.797Z,identity-or-format-review,native|curl,facility-identity-or-metadata-unresolved,"mrf-header-name-without-location | curl: (28) Resolving timed out after 8005 milliseconds
 | metadata-incomplete-or-request-failed | request timeout | mrf-header-has-no-license-state | ambiguous-mrf-header-identity | header-matches-other-roster-hospital | curl: (28) Operation timed out after 15003 milliseconds with 0 bytes received
 | request deadline exceeded | mrf-header-does-not-match-unresolved-roster | curl: (28) Operation timed out after 15012 milliseconds with 0 bytes received
 | curl: (28) Operation timed out after 15016 milliseconds with 0 bytes received
 | curl: (28) Operation timed out after 15001 milliseconds with 0 bytes received
",,Compare facility identity and inspect unparsed metadata
140184,HEARTLAND REGIONAL MEDICAL CENTER,IL,not-assessed-not-named-in-file,identity-or-format-review,response received,entries retrieved,unresolved,response received,unverified,https://deaconess.com/cms-hpt.txt,,,,,2026-09-09T02:11:31.731Z,identity-or-format-review,native,facility-identity-or-metadata-unresolved,mrf-header-does-not-match-unresolved-roster | header-matches-other-roster-hospital,,Compare facility identity and inspect unparsed metadata
141317,GIBSON COMMUNITY HOSPITAL,IL,old-template-version,identity-or-format-review,response received,entries retrieved,unresolved,response received,unverified,https://gibsonhospital.org/cms-hpt.txt,,,,,2026-09-09T02:11:30.915Z,identity-or-format-review,native|curl,facility-identity-or-metadata-unresolved,request timeout | mrf-header-does-not-match-unresolved-roster,,Compare facility identity and inspect unparsed metadata
141321,FRANKLIN HOSPITAL,IL,old-template-version,identity-or-format-review,response received,not retrieved,unresolved,response received,unverified,https://www.franklinhospital.net/cms-hpt.txt,,,,,2026-09-09T02:11:57.251Z,identity-or-format-review,native|curl,facility-identity-or-metadata-unresolved,request timeout | mrf-header-does-not-match-unresolved-roster,,Compare facility identity and inspect unparsed metadata
141335,MERCY HARVARD HOSPITAL,IL,not-assessed-not-named-in-file,identity-or-format-review,response received,entries retrieved,unresolved,response received,unverified,https://res.cloudinary.com/dpmykpsih/raw/upload/mercyhealth-site-398/media/18f42ccebb5847e98aa8a810d0c7b763/cms-hpt.txt,,,,,2026-09-09T02:11:56.484Z,identity-or-format-review,native,facility-identity-or-metadata-unresolved,mrf-header-does-not-match-unresolved-roster | header-matches-other-roster-hospital | mrf-header-name-without-location,,Compare facility identity and inspect unparsed metadata
150011,MARION GENERAL HOSPITAL,IN,compliant-date-unverified,identity-or-format-review,response received,entries retrieved,unresolved,response received,unverified,https://www.marionhealth.com/cms-hpt.txt,,,,,2026-09-09T02:11:55.895Z,identity-or-format-review,native|glm-5.3-flash|web-search-verification,retrieval-or-domain-unresolved,metadata-incomplete-or-request-failed,,Compare facility identity and inspect unparsed metadata
150051,INDIANA UNIVERSITY HEALTH BLOOMINGTON HOSPITAL,IN,not-assessed-not-named-in-file,identity-or-format-review,not verified,not retrieved,unresolved,response received,unverified,https://cdn.iuhealth.org/global/cms-hpt.txt,,,,,2026-09-09T02:11:58.486Z,identity-or-format-review,native|curl,facility-identity-or-metadata-unresolved,mrf-header-name-without-location | header-matches-other-roster-hospital,,Compare facility identity and inspect unparsed metadata
150193,FRANCISCAN HEALTH ORTHOPEDIC HOSPITAL CARMEL,IN,mrf-stale-over-365-days,identity-or-format-review,response received,entries retrieved,unresolved,response received,unverified,https://www.franciscanhealth.org/cms-hpt.txt,,,,,2026-09-09T02:11:32.955Z,identity-or-format-review,native|curl,facility-identity-or-metadata-unresolved,mrf-header-name-without-location | mrf-header-does-not-match-unresolved-roster | header-matches-other-roster-hospital | metadata-incomplete-or-request-failed | HTTP 404,,Compare facility identity and inspect unparsed metadata
151322,PERRY COUNTY MEMORIAL HOSPITAL,IN,mrf-blocked-to-automation,identity-or-format-review,response received,entries retrieved,unresolved,response received,unverified,https://www.pchospital.org/cms-hpt.txt,,,,,2026-09-09T02:11:58.917Z,identity-or-format-review,native|curl,facility-identity-or-metadata-unresolved,mrf-header-name-without-location | metadata-incomplete-or-request-failed | HTTP 403,,Compare facility identity and inspect unparsed metadata
151329,MARGARET MARY COMMUNITY HOSPITAL INC,IN,no-cms-hpt-txt-published,identity-or-format-review,response received,not retrieved,unresolved,response received,unverified,,,,,,2026-09-09T02:12:00.700Z,identity-or-format-review,native|curl,facility-identity-or-metadata-unresolved,mrf-header-does-not-match-unresolved-roster,,Compare facility identity and inspect unparsed metadata
154018,RICHMOND STATE HOSPITAL,IN,old-template-version,identity-or-format-review,response received,entries retrieved,unresolved,response received,unverified,https://www.in.gov/fssa/dmha/state-psychiatric-hospitals/cms-hpt.txt,,,,,2026-09-09T02:11:05.749Z,identity-or-format-review,native,facility-identity-or-metadata-unresolved,mrf-header-name-without-location | header-matches-other-roster-hospital | mrf-header-does-not-match-unresolved-roster,,Compare facility identity and inspect unparsed metadata
154060,"PARK CENTER, INC",IN,not-assessed-not-named-in-file,identity-or-format-review,response received,entries retrieved,unresolved,response received,unverified,https://www.parkview.com/cms-hpt.txt,,,,,2026-09-09T02:11:56.857Z,identity-or-format-review,native,facility-identity-or-metadata-unresolved,header-matches-other-roster-hospital | mrf-header-does-not-match-unresolved-roster,,Compare facility identity and inspect unparsed metadata
160153,MERCYONE SIOUXLAND MEDICAL CENTER,IA,not-assessed-not-named-in-file,identity-or-format-review,response received,entries retrieved,unresolved,response received,unverified,https://www.mercyone.org/sites/default/files/cms-hpt.txt,,,,,2026-09-09T02:11:58.231Z,identity-or-format-review,native,facility-identity-or-metadata-unresolved,header-matches-other-roster-hospital | mrf-header-name-without-location | mrf-header-does-not-match-unresolved-roster,,Compare facility identity and inspect unparsed metadata
161329,JACKSON COUNTY REGIONAL HEALTH CENTER,IA,pointer-lists-no-mrf-url,identity-or-format-review,response received,not retrieved,unresolved,response received,unverified,,,,,,2026-09-09T02:11:58.328Z,identity-or-format-review,native|curl,facility-identity-or-metadata-unresolved,"metadata-incomplete-or-request-failed | mrf-header-has-no-license-state | curl: (28) Resolving timed out after 8002 milliseconds
 | request deadline exceeded",,Compare facility identity and inspect unparsed metadata
161365,GREATER REGIONAL MEDICAL CENTER,IA,compliant-date-unverified,identity-or-format-review,response received,entries retrieved,unresolved,response received,unverified,https://e363f8c5-d982-49c6-ae27-e8ee9e1ff4a3.usrfiles.com/ugd/e363f8_36f15900d3274b44968a27af2c5b43c9.txt,,,,,2026-09-09T02:11:58.809Z,identity-or-format-review,native,facility-identity-or-metadata-unresolved,metadata-incomplete-or-request-failed | mrf-header-has-no-license-state,,Compare facility identity and inspect unparsed metadata
161380,HANSEN FAMILY HOSPITAL,IA,not-assessed-not-named-in-file,identity-or-format-review,response received,entries retrieved,unresolved,response received,unverified,https://www.mercyone.org/sites/default/files/cms-hpt.txt,,,,,2026-09-09T02:11:58.231Z,identity-or-format-review,native,facility-identity-or-metadata-unresolved,header-matches-other-roster-hospital | mrf-header-name-without-location | mrf-header-does-not-match-unresolved-roster,,Compare facility identity and inspect unparsed metadata
170006,"MERCY HOSPITAL PITTSBURG, INC",KS,not-assessed-not-named-in-file,identity-or-format-review,response received,entries retrieved,unresolved,response received,unverified,https://healthcare.ascension.org/-/media/Healthcare/cms-hpt.txt,,,,,2026-09-09T02:11:30.797Z,identity-or-format-review,native|curl,facility-identity-or-metadata-unresolved,"curl: (28) Operation timed out after 15012 milliseconds with 0 bytes received
 | metadata-incomplete-or-request-failed | request deadline exceeded | header-matches-other-roster-hospital | mrf-header-has-no-license-state | request timeout | ambiguous-mrf-header-identity | mrf-header-name-without-location | curl: (28) Operation timed out after 15003 milliseconds with 0 bytes received
 | mrf-header-does-not-match-unresolved-roster | curl: (28) Resolving timed out after 8005 milliseconds
 | curl: (28) Operation timed out after 15016 milliseconds with 0 bytes received
 | curl: (28) Operation timed out after 15001 milliseconds with 0 bytes received
",,Compare facility identity and inspect unparsed metadata
170103,NMC HEALTH,KS,compliant-date-unverified,publisher-date-review,response received,entries retrieved,corroborated,response received,date-over-365-days,https://www.mynmchealth.org/wp-content/uploads/2024/06/cms-hpt.txt,https://secure.claraprice.net/price-transparency/XBZP-1715710889221/machine-readable/481040759_nmc-health_standardcharges.json,2025-06-30,3.0.0,,2026-09-09T02:39:17.114Z,identity-or-format-review,native,,date-over-365-days,,Review the exact declared metadata before publisher inquiry
171329,CALDWELL REGIONAL MEDICAL CENTER,KS,compliant-date-unverified,identity-or-format-review,response received,entries retrieved,unresolved,response received,unverified,https://crmcks.com/cms-hpt.txt,,,,,2026-09-09T02:12:11.629Z,identity-or-format-review,native,facility-identity-or-metadata-unresolved,metadata-incomplete-or-request-failed | mrf-header-has-no-license-state,,Compare facility identity and inspect unparsed metadata
171357,HILLSBORO COMMUNITY HOSPITAL,KS,compliant-date-unverified,identity-or-format-review,response received,entries retrieved,unresolved,response received,unverified,https://www.hillsborohospital.com/cms-hpt.txt,,,,,2026-09-09T02:12:03.527Z,identity-or-format-review,native|curl,retrieval-or-domain-unresolved,metadata-incomplete-or-request-failed,,Compare facility identity and inspect unparsed metadata
171385,COFFEY COUNTY HOSPITAL,KS,mrf-stale-over-365-days,identity-or-format-review,response received,entries retrieved,unresolved,response received,unverified,https://coffeyhealth.org/communities/coffeyhealth2020-2/cms-hpt.txt,,,,,2026-09-09T02:12:06.315Z,identity-or-format-review,native,facility-identity-or-metadata-unresolved,mrf-header-name-without-location,,Compare facility identity and inspect unparsed metadata
171386,MORTON COUNTY HOSPITAL,KS,compliant-date-unverified,identity-or-format-review,response received,entries retrieved,unresolved,response received,unverified,https://mchswecare.com/cms-hpt.txt,,,,,2026-09-09T02:12:05.243Z,identity-or-format-review,native|curl,facility-identity-or-metadata-unresolved,"request timeout | curl: (28) Resolving timed out after 8006 milliseconds
 | mrf-header-does-not-match-unresolved-roster",,Compare facility identity and inspect unparsed metadata
173300,CHILDREN'S MERCY SOUTH,KS,not-assessed-not-named-in-file,identity-or-format-review,response received,entries retrieved,unresolved,response received,unverified,https://www.childrensmercy.org/cms-hpt.txt,,,,,2026-09-09T02:12:06.188Z,identity-or-format-review,native,facility-identity-or-metadata-unresolved,mrf-header-does-not-match-unresolved-roster | mrf-header-name-without-location,,Compare facility identity and inspect unparsed metadata
180043,AdventHealthManchester,KY,not-assessed-not-named-in-file,identity-or-format-review,response received,entries retrieved,unresolved,response received,unverified,https://www.adventhealth.com/cms-hpt.txt,,,,,2026-09-09T02:12:07.529Z,identity-or-format-review,native,facility-identity-or-metadata-unresolved,header-matches-other-roster-hospital,,Compare facility identity and inspect unparsed metadata
180092,CLARK REGIONAL MEDICAL CENTER,KY,not-assessed-not-named-in-file,identity-or-format-review,response received,entries retrieved,unresolved,response received,unverified,https://www.centerpointhealth.com/cms-hpt.txt,,,,,2026-09-09T02:12:07.861Z,identity-or-format-review,native,facility-identity-or-metadata-unresolved,header-matches-other-roster-hospital | mrf-header-does-not-match-unresolved-roster | metadata-incomplete-or-request-failed | mrf-header-has-no-license-state,,Compare facility identity and inspect unparsed metadata
181309,CASEY COUNTY HOSPITAL,KY,old-template-version,identity-or-format-review,response received,entries retrieved,corroborated,response received,date-within-365-days-older-version,https://caseycountyhospital.com/cms-hpt.txt,https://www.caseycountyhospital.com/Content/Uploads/caseycountyhospital.com/files/061705652_Casey-County-Hospital_standardcharges(1).csv,2026-03-31,2.0.0,,2026-09-09T02:27:45.269Z,identity-or-format-review,native,official-pointer-or-metadata-unresolved,mrf-header-does-not-match-unresolved-roster,,Resolve official pointer linkage or conflicting metadata
190114,CLAIBORNE MEMORIAL MEDICAL CENTER,LA,mrf-blocked-to-automation,identity-or-format-review,response received,entries retrieved,unresolved,response received,unverified,https://claibornemedical.com/wp-content/uploads/2026/07/cms-hpt.txt,,,,,2026-09-09T02:12:08.639Z,identity-or-format-review,native,retrieval-or-domain-unresolved,metadata-incomplete-or-request-failed | HTTP 403,,Compare facility identity and inspect unparsed metadata
194073,OCEANS HOSPITAL OF BROUSSARD,LA,not-assessed-not-named-in-file,identity-or-format-review,response received,entries retrieved,unresolved,response received,unverified,https://oceanshealthcare.com/cms-hpt.txt,,,,,2026-09-09T02:12:08.835Z,identity-or-format-review,native,facility-identity-or-metadata-unresolved,header-matches-other-roster-hospital | mrf-header-name-without-location | mrf-header-does-not-match-unresolved-roster,,Compare facility identity and inspect unparsed metadata
194080,"BEACON BEHAVIORAL HOSPITAL - NORTHSHORE, LLC",LA,old-template-version,identity-or-format-review,response received,entries retrieved,unresolved,response received,unverified,https://beaconbh.com/cms-hpt.txt,,,,,2026-09-09T02:12:31.142Z,identity-or-format-review,native,facility-identity-or-metadata-unresolved,mrf-header-name-without-location | header-matches-other-roster-hospital,,Compare facility identity and inspect unparsed metadata
194084,"BEACON BEHAVIORAL HOSPITAL- NEW ORLEANS, LLC",LA,old-template-version,identity-or-format-review,response received,entries retrieved,unresolved,response received,unverified,https://beaconbh.com/cms-hpt.txt,,,,,2026-09-09T02:12:31.142Z,identity-or-format-review,native,facility-identity-or-metadata-unresolved,mrf-header-name-without-location | header-matches-other-roster-hospital,,Compare facility identity and inspect unparsed metadata
194087,FREEDOM BEHAVIORAL HOSPITAL OF MONROE,LA,old-template-version,identity-or-format-review,response received,entries retrieved,unresolved,response received,unverified,https://freedombehavioral.com/cms-hpt.txt,,,,,2026-09-09T02:12:31.148Z,identity-or-format-review,native,facility-identity-or-metadata-unresolved,metadata-incomplete-or-request-failed | mrf-header-has-no-license-state | HTTP 404 | mrf-header-name-without-location,,Compare facility identity and inspect unparsed metadata
201305,CALAIS COMMUNITY HOSPITAL,ME,compliant-date-unverified,identity-or-format-review,response received,not retrieved,corroborated,response received,date-within-365-days-version-3,,https://secure.claraprice.net/price-transparency/IJLS-1755124586280/machine-readable/862728785_calais-community-hospital_standardcharges.json,2025-10-01,3.0.0,,2026-09-09T02:38:32.816Z,identity-or-format-review,native|curl,official-pointer-or-metadata-unresolved,request timeout,,Resolve official pointer linkage or conflicting metadata
204005,MAINEHEALTH BEHAVIORAL HEALTH AT SPRING HARBOR,ME,not-assessed-not-named-in-file,identity-or-format-review,response received,entries retrieved,unresolved,response received,unverified,https://www.mainehealth.org/cms-hpt.txt,,,,,2026-09-09T02:12:31.360Z,identity-or-format-review,native|glm-5.3-flash,facility-identity-or-metadata-unresolved,mrf-header-does-not-match-unresolved-roster | header-matches-other-roster-hospital,,Compare facility identity and inspect unparsed metadata
210004,HOLY CROSS HOSPITAL,MD,not-assessed-not-named-in-file,identity-or-format-review,response received,not retrieved,unresolved,response received,unverified,,,,,,2026-09-09T02:11:09.829Z,identity-or-format-review,native,facility-identity-or-metadata-unresolved,mrf-header-does-not-match-unresolved-roster | header-matches-other-roster-hospital,,Compare facility identity and inspect unparsed metadata
220035,NORTH SHORE MEDICAL CENTER -,MA,not-assessed-not-named-in-file,identity-or-format-review,response received,entries retrieved,unresolved,response received,unverified,https://northshoremc.org/cms-hpt.txt,,,,,2026-09-09T02:12:31.095Z,identity-or-format-review,native|curl,facility-identity-or-metadata-unresolved,request timeout | header-matches-other-roster-hospital,,Compare facility identity and inspect unparsed metadata
230002,ST JOE MERCY HOSPITAL SYSTEM LIVONIA,MI,not-assessed-not-named-in-file,identity-or-format-review,response received,entries retrieved,unresolved,response received,unverified,https://www.trinityhealthmichigan.org/sites/default/files/cms-hpt.txt,,,,,2026-09-09T02:12:31.844Z,identity-or-format-review,native,facility-identity-or-metadata-unresolved,mrf-header-does-not-match-unresolved-roster | header-matches-other-roster-hospital | mrf-header-name-without-location,,Compare facility identity and inspect unparsed metadata
230019,"ASCENSION PROVIDENCE HOSPITAL, SOUTHFIELD AND NOVI",MI,not-assessed-not-named-in-file,identity-or-format-review,response received,entries retrieved,unresolved,response received,unverified,https://healthcare.ascension.org/-/media/Healthcare/cms-hpt.txt,,,,,2026-09-09T02:11:30.797Z,identity-or-format-review,native|curl,facility-identity-or-metadata-unresolved,"header-matches-other-roster-hospital | mrf-header-name-without-location | curl: (28) Resolving timed out after 8005 milliseconds
 | metadata-incomplete-or-request-failed | request timeout | mrf-header-has-no-license-state | ambiguous-mrf-header-identity | curl: (28) Operation timed out after 15003 milliseconds with 0 bytes received
 | request deadline exceeded | mrf-header-does-not-match-unresolved-roster | curl: (28) Operation timed out after 15012 milliseconds with 0 bytes received
 | curl: (28) Operation timed out after 15016 milliseconds with 0 bytes received
 | curl: (28) Operation timed out after 15001 milliseconds with 0 bytes received
",,Compare facility identity and inspect unparsed metadata
230020,BEAUMONT HOSPITAL - DEARBORN,MI,not-assessed-not-named-in-file,identity-or-format-review,response received,entries retrieved,unresolved,response received,unverified,https://corewellhealth.org/cms-hpt.txt,,,,,2026-09-09T02:09:48.687Z,identity-or-format-review,native,facility-identity-or-metadata-unresolved,mrf-header-does-not-match-unresolved-roster | header-matches-other-roster-hospital,,Compare facility identity and inspect unparsed metadata
230035,SPECTRUM HEALTH UNITED HOSPITAL,MI,not-assessed-not-named-in-file,identity-or-format-review,response received,entries retrieved,unresolved,response received,unverified,https://corewellhealth.org/cms-hpt.txt,,,,,2026-09-09T02:09:48.687Z,identity-or-format-review,native,facility-identity-or-metadata-unresolved,mrf-header-does-not-match-unresolved-roster | header-matches-other-roster-hospital,,Compare facility identity and inspect unparsed metadata
230038,SPECTRUM HEALTH,MI,not-assessed-not-named-in-file,identity-or-format-review,response received,entries retrieved,unresolved,response received,unverified,https://corewellhealth.org/cms-hpt.txt,,,,,2026-09-09T02:09:48.687Z,identity-or-format-review,native|glm-5.3-flash,facility-identity-or-metadata-unresolved,header-matches-other-roster-hospital | mrf-header-name-without-location | metadata-incomplete-or-request-failed | HTTP 422 | mrf-header-does-not-match-unresolved-roster,,Compare facility identity and inspect unparsed metadata
230055,DICKINSON COUNTY MEMORIAL HOSPITAL,MI,not-assessed-not-named-in-file,identity-or-format-review,response received,entries retrieved,unresolved,response received,unverified,https://www.marshfieldclinic.org/cms-hpt.txt,,,,,2026-09-09T02:12:33.057Z,identity-or-format-review,native|curl,facility-identity-or-metadata-unresolved,mrf-header-does-not-match-unresolved-roster | header-matches-other-roster-hospital | mrf-header-name-without-location | request timeout,,Compare facility identity and inspect unparsed metadata
230077,MYMICHIGAN MEDICAL CENTER SAGINAW,MI,not-assessed-not-named-in-file,identity-or-format-review,response received,entries retrieved,unresolved,response received,unverified,https://healthcare.ascension.org/-/media/Healthcare/cms-hpt.txt,,,,,2026-09-09T02:11:30.797Z,identity-or-format-review,native|curl,facility-identity-or-metadata-unresolved,"header-matches-other-roster-hospital | mrf-header-name-without-location | request deadline exceeded | metadata-incomplete-or-request-failed | mrf-header-has-no-license-state | request timeout | ambiguous-mrf-header-identity | curl: (28) Operation timed out after 15003 milliseconds with 0 bytes received
 | mrf-header-does-not-match-unresolved-roster | curl: (28) Resolving timed out after 8005 milliseconds
 | curl: (28) Operation timed out after 15012 milliseconds with 0 bytes received
 | curl: (28) Operation timed out after 15016 milliseconds with 0 bytes received
 | curl: (28) Operation timed out after 15001 milliseconds with 0 bytes received
",,Compare facility identity and inspect unparsed metadata
230089,BEAUMONT HOSPITAL - GROSSE POINTE,MI,not-assessed-not-named-in-file,identity-or-format-review,response received,entries retrieved,unresolved,response received,unverified,https://corewellhealth.org/cms-hpt.txt,,,,,2026-09-09T02:09:48.687Z,identity-or-format-review,native,facility-identity-or-metadata-unresolved,mrf-header-does-not-match-unresolved-roster,,Compare facility identity and inspect unparsed metadata
230100,TAWAS ST JOSEPH HOSPITAL,MI,not-assessed-not-named-in-file,identity-or-format-review,response received,entries retrieved,unresolved,response received,unverified,https://healthcare.ascension.org/-/media/Healthcare/cms-hpt.txt,,,,,2026-09-09T02:11:30.797Z,identity-or-format-review,native|curl,facility-identity-or-metadata-unresolved,"header-matches-other-roster-hospital | metadata-incomplete-or-request-failed | mrf-header-has-no-license-state | request timeout | ambiguous-mrf-header-identity | mrf-header-name-without-location | curl: (28) Operation timed out after 15003 milliseconds with 0 bytes received
 | request deadline exceeded | mrf-header-does-not-match-unresolved-roster | curl: (28) Resolving timed out after 8005 milliseconds
 | curl: (28) Operation timed out after 15012 milliseconds with 0 bytes received
 | curl: (28) Operation timed out after 15016 milliseconds with 0 bytes received
 | curl: (28) Operation timed out after 15001 milliseconds with 0 bytes received
",,Compare facility identity and inspect unparsed metadata
230117,BORGESS MEDICAL CENTER,MI,not-assessed-not-named-in-file,identity-or-format-review,response received,entries retrieved,unresolved,response received,unverified,https://healthcare.ascension.org/-/media/Healthcare/cms-hpt.txt,,,,,2026-09-09T02:11:30.797Z,identity-or-format-review,native|curl,facility-identity-or-metadata-unresolved,"header-matches-other-roster-hospital | mrf-header-name-without-location | request deadline exceeded | metadata-incomplete-or-request-failed | mrf-header-has-no-license-state | request timeout | ambiguous-mrf-header-identity | curl: (28) Operation timed out after 15003 milliseconds with 0 bytes received
 | mrf-header-does-not-match-unresolved-roster | curl: (28) Resolving timed out after 8005 milliseconds
 | curl: (28) Operation timed out after 15012 milliseconds with 0 bytes received
 | curl: (28) Operation timed out after 15016 milliseconds with 0 bytes received
 | curl: (28) Operation timed out after 15001 milliseconds with 0 bytes received
",,Compare facility identity and inspect unparsed metadata
230146,WYANDOTTE HOSPITAL AND MEDICAL CENTER,MI,not-assessed-not-named-in-file,identity-or-format-review,response received,entries retrieved,unresolved,response received,unverified,https://www.henryford.com/cms-hpt.txt,,,,,2026-09-09T02:12:33.127Z,identity-or-format-review,native,facility-identity-or-metadata-unresolved,mrf-header-does-not-match-unresolved-roster | header-matches-other-roster-hospital | mrf-header-name-without-location,,Compare facility identity and inspect unparsed metadata
230151,BEAUMONT HOSPITAL - FARMINGTON HILLS,MI,pointer-lists-no-mrf-url,identity-or-format-review,response received,entries retrieved,unresolved,response received,unverified,https://corewellhealth.org/cms-hpt.txt,,,,,2026-09-09T02:09:48.687Z,identity-or-format-review,native,facility-identity-or-metadata-unresolved,mrf-header-does-not-match-unresolved-roster | header-matches-other-roster-hospital,,Compare facility identity and inspect unparsed metadata
230197,ASCENSION GENESYS HOSPITAL,MI,not-assessed-not-named-in-file,identity-or-format-review,response received,entries retrieved,unresolved,response received,unverified,https://healthcare.ascension.org/-/media/Healthcare/cms-hpt.txt,,,,,2026-09-09T02:11:30.797Z,identity-or-format-review,native|curl,facility-identity-or-metadata-unresolved,"header-matches-other-roster-hospital | metadata-incomplete-or-request-failed | mrf-header-has-no-license-state | request timeout | ambiguous-mrf-header-identity | mrf-header-name-without-location | curl: (28) Operation timed out after 15003 milliseconds with 0 bytes received
 | request deadline exceeded | mrf-header-does-not-match-unresolved-roster | curl: (28) Resolving timed out after 8005 milliseconds
 | curl: (28) Operation timed out after 15012 milliseconds with 0 bytes received
 | curl: (28) Operation timed out after 15016 milliseconds with 0 bytes received
 | curl: (28) Operation timed out after 15001 milliseconds with 0 bytes received
",,Compare facility identity and inspect unparsed metadata
230208,UNIVERSITY OF MICHIGAN HEALTH-SPARROW CARSON,MI,not-assessed-not-named-in-file,identity-or-format-review,response received,entries retrieved,unresolved,response received,unverified,https://www.uofmhealthsparrow.org/cms-hpt.txt,,,,,2026-09-09T02:12:33.709Z,identity-or-format-review,native,facility-identity-or-metadata-unresolved,mrf-header-does-not-match-unresolved-roster,,Compare facility identity and inspect unparsed metadata
230230,EDWARD W SPARROW HOSPITAL,MI,not-assessed-not-named-in-file,identity-or-format-review,response received,entries retrieved,unresolved,response received,unverified,https://www.uofmhealthsparrow.org/cms-hpt.txt,,,,,2026-09-09T02:12:33.709Z,identity-or-format-review,native,facility-identity-or-metadata-unresolved,mrf-header-does-not-match-unresolved-roster,,Compare facility identity and inspect unparsed metadata
230241,ASCENSION RIVER DISTRICT HOSPITAL,MI,not-assessed-not-named-in-file,identity-or-format-review,response received,entries retrieved,unresolved,response received,unverified,https://healthcare.ascension.org/-/media/Healthcare/cms-hpt.txt,,,,,2026-09-09T02:11:30.797Z,identity-or-format-review,native|curl,facility-identity-or-metadata-unresolved,"header-matches-other-roster-hospital | metadata-incomplete-or-request-failed | HTTP 404 | mrf-header-has-no-license-state | request timeout | ambiguous-mrf-header-identity | mrf-header-name-without-location | curl: (28) Operation timed out after 15003 milliseconds with 0 bytes received
 | request deadline exceeded | mrf-header-does-not-match-unresolved-roster | curl: (28) Resolving timed out after 8005 milliseconds
 | curl: (28) Operation timed out after 15012 milliseconds with 0 bytes received
 | curl: (28) Operation timed out after 15016 milliseconds with 0 bytes received
 | curl: (28) Operation timed out after 15001 milliseconds with 0 bytes received
",,Compare facility identity and inspect unparsed metadata
230254,ASCENSION PROVIDENCE ROCHESTER HOSPITAL,MI,not-assessed-not-named-in-file,identity-or-format-review,response received,entries retrieved,unresolved,response received,unverified,https://healthcare.ascension.org/-/media/Healthcare/cms-hpt.txt,,,,,2026-09-09T02:11:30.797Z,identity-or-format-review,native|curl,facility-identity-or-metadata-unresolved,"header-matches-other-roster-hospital | metadata-incomplete-or-request-failed | mrf-header-has-no-license-state | request timeout | ambiguous-mrf-header-identity | mrf-header-name-without-location | curl: (28) Operation timed out after 15003 milliseconds with 0 bytes received
 | request deadline exceeded | mrf-header-does-not-match-unresolved-roster | curl: (28) Resolving timed out after 8005 milliseconds
 | curl: (28) Operation timed out after 15012 milliseconds with 0 bytes received
 | curl: (28) Operation timed out after 15016 milliseconds with 0 bytes received
 | curl: (28) Operation timed out after 15001 milliseconds with 0 bytes received
",,Compare facility identity and inspect unparsed metadata
230269,"BEAUMONT HOSPITAL, TROY",MI,not-assessed-not-named-in-file,identity-or-format-review,response received,entries retrieved,unresolved,response received,unverified,https://corewellhealth.org/cms-hpt.txt,,,,,2026-09-09T02:09:48.687Z,identity-or-format-review,native,facility-identity-or-metadata-unresolved,mrf-header-does-not-match-unresolved-roster,,Compare facility identity and inspect unparsed metadata
230270,BEAUMONT HOSPITAL - TAYLOR,MI,not-assessed-not-named-in-file,identity-or-format-review,response received,entries retrieved,unresolved,response received,unverified,https://corewellhealth.org/cms-hpt.txt,,,,,2026-09-09T02:09:48.687Z,identity-or-format-review,native,facility-identity-or-metadata-unresolved,mrf-header-does-not-match-unresolved-roster,,Compare facility identity and inspect unparsed metadata
231305,SAINT MARY'S STANDISH COMMUNITY HOSPITAL,MI,not-assessed-not-named-in-file,identity-or-format-review,response received,entries retrieved,unresolved,response received,unverified,https://healthcare.ascension.org/-/media/Healthcare/cms-hpt.txt,,,,,2026-09-09T02:11:30.797Z,identity-or-format-review,native|curl,facility-identity-or-metadata-unresolved,"curl: (28) Operation timed out after 15001 milliseconds with 0 bytes received
 | metadata-incomplete-or-request-failed | request deadline exceeded | header-matches-other-roster-hospital | mrf-header-has-no-license-state | request timeout | ambiguous-mrf-header-identity | mrf-header-name-without-location | curl: (28) Operation timed out after 15003 milliseconds with 0 bytes received
 | mrf-header-does-not-match-unresolved-roster | curl: (28) Resolving timed out after 8005 milliseconds
 | curl: (28) Operation timed out after 15012 milliseconds with 0 bytes received
 | curl: (28) Operation timed out after 15016 milliseconds with 0 bytes received
",,Compare facility identity and inspect unparsed metadata
231308,MUNISING MEMORIAL HOSPITAL,MI,compliant-date-unverified,identity-or-format-review,response received,entries retrieved,unresolved,response received,unverified,https://munisingmemorial.org/cms-hpt.txt,,,,,2026-09-09T02:12:33.704Z,identity-or-format-review,native,official-pointer-or-metadata-unresolved,metadata-incomplete-or-request-failed | mrf-header-has-no-license-state,,Resolve official pointer linkage or conflicting metadata
231315,ASCENSION BORGESS LEE HOSPITAL,MI,not-assessed-not-named-in-file,identity-or-format-review,response received,entries retrieved,unresolved,response received,unverified,https://healthcare.ascension.org/-/media/Healthcare/cms-hpt.txt,,,,,2026-09-09T02:11:30.797Z,identity-or-format-review,native|curl,facility-identity-or-metadata-unresolved,"header-matches-other-roster-hospital | metadata-incomplete-or-request-failed | mrf-header-has-no-license-state | request timeout | ambiguous-mrf-header-identity | mrf-header-name-without-location | curl: (28) Operation timed out after 15003 milliseconds with 0 bytes received
 | request deadline exceeded | mrf-header-does-not-match-unresolved-roster | curl: (28) Resolving timed out after 8005 milliseconds
 | curl: (28) Operation timed out after 15012 milliseconds with 0 bytes received
 | curl: (28) Operation timed out after 15016 milliseconds with 0 bytes received
 | curl: (28) Operation timed out after 15001 milliseconds with 0 bytes received
",,Compare facility identity and inspect unparsed metadata
231319,ASPIRUS KEWEENAW HOSPITAL AND CLINICS,MI,mrf-stale-over-365-days,identity-or-format-review,response received,entries retrieved,unresolved,response received,unverified,https://www.aspirus.org/cms-hpt.txt,,,,,2026-09-09T02:10:59.564Z,identity-or-format-review,native,facility-identity-or-metadata-unresolved,mrf-header-does-not-match-unresolved-roster,,Compare facility identity and inspect unparsed metadata
231326,UNIVERSITY OF MICHIGAN HEALTH- SPARROW CLINTON,MI,not-assessed-not-named-in-file,identity-or-format-review,response received,entries retrieved,unresolved,response received,unverified,https://www.uofmhealthsparrow.org/cms-hpt.txt,,,,,2026-09-09T02:12:33.709Z,identity-or-format-review,native,facility-identity-or-metadata-unresolved,mrf-header-does-not-match-unresolved-roster,,Compare facility identity and inspect unparsed metadata
231327,UNIVERSITY OF MICHIGAN HEALTH - SPARROW EATON,MI,not-assessed-not-named-in-file,identity-or-format-review,response received,entries retrieved,unresolved,response received,unverified,https://www.uofmhealthsparrow.org/cms-hpt.txt,,,,,2026-09-09T02:12:33.709Z,identity-or-format-review,native,facility-identity-or-metadata-unresolved,mrf-header-does-not-match-unresolved-roster,,Compare facility identity and inspect unparsed metadata
231331,SPARROW IONIA HOSPITAL,MI,not-assessed-not-named-in-file,identity-or-format-review,response received,entries retrieved,unresolved,response received,unverified,https://www.uofmhealthsparrow.org/cms-hpt.txt,,,,,2026-09-09T02:12:33.709Z,identity-or-format-review,native,facility-identity-or-metadata-unresolved,mrf-header-does-not-match-unresolved-roster,,Compare facility identity and inspect unparsed metadata
231333,ASPIRUS IRONWOOD HOSPITAL,MI,mrf-stale-over-365-days,identity-or-format-review,response received,entries retrieved,unresolved,response received,unverified,https://www.aspirus.org/cms-hpt.txt,,,,,2026-09-09T02:10:59.564Z,identity-or-format-review,native|curl,facility-identity-or-metadata-unresolved,"mrf-header-name-without-location | mrf-header-does-not-match-unresolved-roster | header-matches-other-roster-hospital | curl: (28) Resolving timed out after 8011 milliseconds
 | metadata-incomplete-or-request-failed | request timeout",,Compare facility identity and inspect unparsed metadata
240053,PARK NICOLLET METHODIST HOSPITAL,MN,not-assessed-not-named-in-file,identity-or-format-review,response received,entries retrieved,unresolved,response received,unverified,https://www.healthpartners.com/cms-hpt.txt,,,,,2026-09-09T02:12:33.935Z,identity-or-format-review,native,facility-identity-or-metadata-unresolved,mrf-header-does-not-match-unresolved-roster,,Compare facility identity and inspect unparsed metadata
241316,BIGFORK VALLEY HOSPITAL,MN,mrf-stale-over-365-days,identity-or-format-review,response received,entries retrieved,unresolved,response received,unverified,https://bigforkvalley.org/cms-hpt.txt,,,,,2026-09-09T02:12:34.060Z,identity-or-format-review,native,facility-identity-or-metadata-unresolved,mrf-header-does-not-match-unresolved-roster,,Compare facility identity and inspect unparsed metadata
241319,MURRAY COUNTY MEMORIAL HOSPITAL,MN,not-assessed-not-named-in-file,identity-or-format-review,response received,entries retrieved,unresolved,response received,unverified,https://pushmatahahospital.com/cms-hpt.txt,,,,,2026-09-09T02:12:34.009Z,identity-or-format-review,native,facility-identity-or-metadata-unresolved,header-matches-other-roster-hospital | metadata-incomplete-or-request-failed | mrf-header-has-no-license-state,,Compare facility identity and inspect unparsed metadata
241350,ESSENTIA HEALTH MOOSE LAKE,MN,old-template-version,identity-or-format-review,response received,entries retrieved,unresolved,response received,unverified,https://www.essentiahealth.org/cms-hpt.txt,,,,,2026-09-09T02:12:34.780Z,identity-or-format-review,native,facility-identity-or-metadata-unresolved,mrf-header-name-without-location | metadata-incomplete-or-request-failed | mrf-header-has-no-license-state | mrf-header-does-not-match-unresolved-roster,,Compare facility identity and inspect unparsed metadata
250038,MERIT HEALTH MADISON,MS,not-assessed-not-named-in-file,identity-or-format-review,response received,entries retrieved,unresolved,response received,unverified,https://umc.edu/cms-hpt.txt,,,,,2026-09-09T02:12:34.845Z,identity-or-format-review,native,facility-identity-or-metadata-unresolved,ambiguous-mrf-header-identity | header-matches-other-roster-hospital | mrf-header-does-not-match-unresolved-roster | metadata-incomplete-or-request-failed,,Compare facility identity and inspect unparsed metadata
250042,NORTHWEST MISSISSISSIPPI REGIONAL MEDICAL CENTER,MS,not-assessed-not-named-in-file,identity-or-format-review,response received,entries retrieved,unresolved,response received,unverified,https://www.deltahealthsystem.org/cms-hpt.txt,,,,,2026-09-09T02:12:37.090Z,identity-or-format-review,native|glm-5.3-flash|web-search-verification,facility-identity-or-metadata-unresolved,mrf-header-name-without-location,,Compare facility identity and inspect unparsed metadata
250099,GREENWOOD LEFLORE HOSPITAL,MS,not-assessed-not-named-in-file,identity-or-format-review,response received,entries retrieved,unresolved,response received,unverified,https://umc.edu/cms-hpt.txt,,,,,2026-09-09T02:12:34.845Z,identity-or-format-review,native|curl,facility-identity-or-metadata-unresolved,header-matches-other-roster-hospital | ambiguous-mrf-header-identity | mrf-header-does-not-match-unresolved-roster,,Compare facility identity and inspect unparsed metadata
250162,OCHSNER MEDICAL CENTER-HANCOCK,MS,not-assessed-not-named-in-file,identity-or-format-review,response received,entries retrieved,unresolved,response received,unverified,https://www.ochsner.org/cms-hpt.txt,,,,,2026-09-09T02:12:36.959Z,identity-or-format-review,native|glm-5.3-flash,facility-identity-or-metadata-unresolved,mrf-header-does-not-match-unresolved-roster | header-matches-other-roster-hospital | mrf-header-name-without-location,,Compare facility identity and inspect unparsed metadata
250172,HIGHLAND HILLS MEDICAL CENTER,MS,not-assessed-not-named-in-file,identity-or-format-review,response received,entries retrieved,unresolved,response received,unverified,https://www.deltahealthsystem.org/cms-hpt.txt,,,,,2026-09-09T02:12:37.090Z,identity-or-format-review,native,facility-identity-or-metadata-unresolved,mrf-header-name-without-location,,Compare facility identity and inspect unparsed metadata
251307,NOXUBEE GENERAL CRITICAL ACCESS HOSP,MS,mrf-stale-over-365-days,identity-or-format-review,response received,entries retrieved,unresolved,response received,unverified,https://a27d8bef-da4e-4fa0-9e3b-83c28b7fb454.usrfiles.com/ugd/a27d8b_6e61b042ac8e45d18f7bb55ad253b593.txt,,,,,2026-09-09T02:12:38.338Z,identity-or-format-review,native,facility-identity-or-metadata-unresolved,mrf-header-does-not-match-unresolved-roster,,Compare facility identity and inspect unparsed metadata
251316,OCHSNER WATKINS HOSPITAL,MS,not-assessed-not-named-in-file,identity-or-format-review,response received,entries retrieved,unresolved,response received,unverified,https://www.ochsner.org/cms-hpt.txt,,,,,2026-09-09T02:11:23.316Z,identity-or-format-review,native,facility-identity-or-metadata-unresolved,mrf-header-does-not-match-unresolved-roster | header-matches-other-roster-hospital | mrf-header-name-without-location,,Compare facility identity and inspect unparsed metadata
251317,SIMPSON GENERAL HOSPITAL CAH,MS,mrf-stale-over-365-days,identity-or-format-review,response received,entries retrieved,unresolved,response received,unverified,https://simpsongeneral.com/cms-hpt.txt,,,,,2026-09-09T02:12:37.778Z,identity-or-format-review,native,facility-identity-or-metadata-unresolved,mrf-header-does-not-match-unresolved-roster,,Compare facility identity and inspect unparsed metadata
251322,OCHSNER LAIRD HOSPITAL,MS,not-assessed-not-named-in-file,identity-or-format-review,response received,entries retrieved,unresolved,response received,unverified,https://www.ochsner.org/cms-hpt.txt,,,,,2026-09-09T02:11:23.316Z,identity-or-format-review,native,facility-identity-or-metadata-unresolved,mrf-header-does-not-match-unresolved-roster | header-matches-other-roster-hospital | mrf-header-name-without-location,,Compare facility identity and inspect unparsed metadata
251323,OCHSNER SCOTT REGIONAL,MS,not-assessed-not-named-in-file,identity-or-format-review,response received,entries retrieved,unresolved,response received,unverified,https://www.ochsner.org/cms-hpt.txt,,,,,2026-09-09T02:11:23.316Z,identity-or-format-review,native|glm-5.3-flash|web-search-verification,facility-identity-or-metadata-unresolved,mrf-header-does-not-match-unresolved-roster | header-matches-other-roster-hospital | mrf-header-name-without-location,,Compare facility identity and inspect unparsed metadata
251334,CHOCTAW REGIONAL MEDICAL CENTER,MS,no-cms-hpt-txt-published,identity-or-format-review,response received,not retrieved,unresolved,response received,unverified,,,,,,2026-09-09T02:12:39.650Z,identity-or-format-review,native|glm-5.3-flash,facility-identity-or-metadata-unresolved,metadata-incomplete-or-request-failed | mrf-header-has-no-license-state,,Compare facility identity and inspect unparsed metadata
251335,OCHSNER STENNIS MEMORIAL HOSPITAL,MS,not-assessed-not-named-in-file,identity-or-format-review,response received,entries retrieved,unresolved,response received,unverified,https://www.ochsner.org/cms-hpt.txt,,,,,2026-09-09T02:11:23.316Z,identity-or-format-review,native,facility-identity-or-metadata-unresolved,mrf-header-does-not-match-unresolved-roster | header-matches-other-roster-hospital | mrf-header-name-without-location,,Compare facility identity and inspect unparsed metadata
261305,PUTNAM COUNTY MEMORIAL HOSPITAL,MO,not-assessed-site-unreachable,identity-or-format-review,response received,entries retrieved,unresolved,response received,unverified,https://www.pcmhosp.com/_files/ugd/715aec_84b5ed9ad0954d16bc85a681eba230f9.txt?dn=cms-hpt%20(2026).txt,,,,,2026-09-09T02:12:38.752Z,identity-or-format-review,native,facility-identity-or-metadata-unresolved,mrf-header-name-without-location,,Compare facility identity and inspect unparsed metadata
261332,CARROLL COUNTY MEMORIAL HOSPITAL,MO,mrf-stale-over-365-days,identity-or-format-review,response received,entries retrieved,corroborated,response received,date-within-365-days-version-3,https://www.carrollcountyhospital.org/cms-hpt.txt,https://www.carrollcountyhospital.org/Content/Uploads/carrollcountyhospital.org/files/440629397_carroll-county-memorial-hospital_standardcharges.csv.csv,2026-04-01,3.0.,,2026-09-09T02:29:09.231Z,identity-or-format-review,native|curl,official-pointer-or-metadata-unresolved,mrf-header-does-not-match-unresolved-roster,,Resolve official pointer linkage or conflicting metadata
270004,BILLINGS CLINIC HOSPITAL,MT,mrf-stale-over-365-days,identity-or-format-review,response received,entries retrieved,unresolved,response received,unverified,https://stillwaterbillingsclinic.com/cms-hpt.txt,,,,,2026-09-09T02:12:39.430Z,identity-or-format-review,native|curl,facility-identity-or-metadata-unresolved,metadata-incomplete-or-request-failed | HTTP 403 | header-matches-other-roster-hospital,,Compare facility identity and inspect unparsed metadata
270057,BOZEMAN HEALTH DEACONESS HOSPITAL,MT,mrf-stale-over-365-days,identity-or-format-review,response received,entries retrieved,unresolved,response received,unverified,https://bozemanhealth.org/cms-hpt.txt,,,,,2026-09-09T02:12:51.029Z,identity-or-format-review,native,facility-identity-or-metadata-unresolved,mrf-header-does-not-match-unresolved-roster,,Compare facility identity and inspect unparsed metadata
271311,BIG SANDY MEDICAL CENTER,MT,compliant-date-unverified,publisher-date-review,response received,entries retrieved,corroborated,response received,date-over-365-days,https://bsmc.org/cms-hpt.txt,https://secure.claraprice.net/price-transparency/ZVEI-1742918921118/machine-readable/810291695_big-sandy-medical-center_standardcharges.json,2025-07-08,3.0.0,,2026-09-09T02:30:27.506Z,identity-or-format-review,native,,date-over-365-days,,Review the exact declared metadata before publisher inquiry
271314,DEER LODGE MEDICAL CENTER,MT,old-template-version,identity-or-format-review,response received,entries retrieved,unresolved,response received,unverified,https://dlmed.org/cms-hpt.txt,,,,,2026-09-09T02:12:52.761Z,identity-or-format-review,native,facility-identity-or-metadata-unresolved,mrf-header-does-not-match-unresolved-roster,,Compare facility identity and inspect unparsed metadata
271324,PONDERA MEDICAL CENTER,MT,not-assessed-not-named-in-file,identity-or-format-review,response received,entries retrieved,unresolved,response received,unverified,https://logan.org/cms-hpt.txt,,,,,2026-09-09T02:12:52.764Z,identity-or-format-review,native,facility-identity-or-metadata-unresolved,header-matches-other-roster-hospital | mrf-header-does-not-match-unresolved-roster,,Compare facility identity and inspect unparsed metadata
271331,MINERAL COMMUNITY HOSPITAL,MT,compliant-date-unverified,identity-or-format-review,response received,entries retrieved,unresolved,response received,unverified,https://mineralcommunityhospital.com/cms-hpt.txt,,,,,2026-09-09T02:12:53.019Z,identity-or-format-review,native,official-pointer-or-metadata-unresolved,metadata-incomplete-or-request-failed | mrf-header-has-no-license-state,,Resolve official pointer linkage or conflicting metadata
280065,GREAT PLAINS HEALTH,NE,compliant-date-unverified,identity-or-format-review,response received,entries retrieved,unresolved,response received,unverified,https://res.cloudinary.com/dpmykpsih/raw/upload/great-plains-health-site-358/media/c905b76950d842b68b1299e19117ba31/cms-hpt.txt,,,,,2026-09-09T02:12:54.504Z,identity-or-format-review,native,facility-identity-or-metadata-unresolved,complete-json-exceeds-byte-budget-or-size-unknown | mrf-header-has-no-license-state,,Compare facility identity and inspect unparsed metadata
281306,KEARNEY COUNTY HEALTH SERVICES HOSPITAL,NE,compliant-date-unverified,identity-or-format-review,response received,entries retrieved,unresolved,response received,unverified,https://kchs.org/cms-hpt.txt,,,,,2026-09-09T02:12:54.142Z,identity-or-format-review,native|curl,facility-identity-or-metadata-unresolved,request timeout | mrf-header-does-not-match-unresolved-roster,,Compare facility identity and inspect unparsed metadata
281312,GENOA COMMUNITY HOSPITAL,NE,compliant-date-unverified,identity-or-format-review,response received,entries retrieved,unresolved,response received,unverified,https://www.genoamedical.org/cms-hpt.txt,,,,,2026-09-09T02:12:55.366Z,identity-or-format-review,native,facility-identity-or-metadata-unresolved,mrf-header-does-not-match-unresolved-roster,,Compare facility identity and inspect unparsed metadata
281313,GOTHENBURG HEALTH,NE,compliant-date-unverified,identity-or-format-review,response received,entries retrieved,unresolved,response received,unverified,https://www.gothenburghealth.org/cms-hpt.txt,,,,,2026-09-09T02:13:07.222Z,identity-or-format-review,native,facility-identity-or-metadata-unresolved,mrf-header-name-without-location,,Compare facility identity and inspect unparsed metadata
281316,WEBSTER COUNTY COMMUNITY HOSPITAL,NE,compliant-date-unverified,identity-or-format-review,response received,entries retrieved,unresolved,response received,unverified,https://websterhospital.org/cms-hpt.txt,,,,,2026-09-09T02:13:02.175Z,identity-or-format-review,native|glm-5.3-flash,facility-identity-or-metadata-unresolved,mrf-header-name-without-location,,Compare facility identity and inspect unparsed metadata
281318,MORRILL COUNTY COMMUNITY HOSPITAL,NE,compliant-date-unverified,publisher-date-review,response received,entries retrieved,corroborated,response received,date-over-365-days,https://www.morrillcountyhospital.com/storage/app/media/cms-hpt.txt,https://secure.claraprice.net/price-transparency/JBRE-1747325086649/machine-readable/470547317_morrill-county-community-hospital_standardcharges.json,2025-07-24,3.0.0,,2026-09-09T02:32:04.024Z,identity-or-format-review,native,,date-over-365-days,,Review the exact declared metadata before publisher inquiry
281320,MEMORIAL HOSPITAL,NE,not-assessed-not-named-in-file,identity-or-format-review,response received,entries retrieved,unresolved,response received,unverified,https://www.upmc.com/cms-hpt.txt,,,,,2026-09-09T02:13:02.473Z,identity-or-format-review,native|curl,facility-identity-or-metadata-unresolved,header-matches-other-roster-hospital | request deadline exceeded,,Compare facility identity and inspect unparsed metadata
281325,BROWN COUNTY HOSPITAL,NE,compliant-date-unverified,publisher-date-review,response received,entries retrieved,corroborated,response received,date-over-365-days,https://browncountyhospital.org/cms-hpt.txt,https://secure.claraprice.net/price-transparency/OPOL-1689186416631/machine-readable/470532256_brown-county-hospital_standardcharges.json,2025-08-08,3.0.0,,2026-09-09T02:32:05.547Z,identity-or-format-review,native,,date-over-365-days,,Review the exact declared metadata before publisher inquiry
281327,COZAD COMMUNITY HOSPITAL,NE,compliant-date-unverified,identity-or-format-review,response received,entries retrieved,unresolved,response received,unverified,https://cozadhealthcare.com/cms-hpt.txt,,,,,2026-09-09T02:13:03.324Z,identity-or-format-review,native,facility-identity-or-metadata-unresolved,mrf-header-name-without-location,,Compare facility identity and inspect unparsed metadata
281332,BUTLER COUNTY HEALTH,NE,compliant-date-unverified,publisher-date-review,response received,entries retrieved,corroborated,response received,date-over-365-days,https://www.bchccnet.org/cms-hpt.txt,https://secure.claraprice.net/price-transparency/XJEN-1744822433611/machine-readable/470551144_butler-county-health_standardcharges.json,2025-07-02,3.0.0,,2026-09-09T02:38:56.467Z,identity-or-format-review,native,,date-over-365-days,,Review the exact declared metadata before publisher inquiry
281334,BOONE COUNTY HEALTH CENTER,NE,compliant-date-unverified,identity-or-format-review,response received,entries retrieved,unresolved,response received,unverified,https://boonecohealth.org/cms-hpt.txt,,,,,2026-09-09T02:13:04.147Z,identity-or-format-review,native,facility-identity-or-metadata-unresolved,mrf-header-name-without-location,,Compare facility identity and inspect unparsed metadata
281335,CALLAWAY DISTRICT HOSPITAL,NE,compliant-date-unverified,identity-or-format-review,response received,entries retrieved,unresolved,response received,unverified,https://www.callawayhospital.org/cms-hpt.txt,,,,,2026-09-09T02:13:04.563Z,identity-or-format-review,native,facility-identity-or-metadata-unresolved,mrf-header-name-without-location,,Compare facility identity and inspect unparsed metadata
281340,DUNDY COUNTY HOSPITAL,NE,compliant-date-unverified,identity-or-format-review,response received,entries retrieved,unresolved,response received,unverified,https://www.dchbenkelman.com/cms-hpt.txt,,,,,2026-09-09T02:13:04.991Z,identity-or-format-review,native,facility-identity-or-metadata-unresolved,mrf-header-name-without-location,,Compare facility identity and inspect unparsed metadata
281349,PENDER COMMUNITY HOSPITAL,NE,compliant-date-unverified,publisher-date-review,response received,entries retrieved,corroborated,response received,date-over-365-days,https://www.pchne.org/cms-hpt.txt,https://secure.claraprice.net/price-transparency/TJON-1688566031190/machine-readable/470711662_pender-community-hospital_standardcharges.json,2025-06-17,3.0.0,,2026-09-09T02:32:48.875Z,identity-or-format-review,native,,date-over-365-days,,Review the exact declared metadata before publisher inquiry
281350,JOHNSON COUNTY HOSPITAL,NE,compliant-date-unverified,publisher-date-review,response received,entries retrieved,corroborated,response received,date-over-365-days,https://jchosp.com/cms-hpt.txt,https://secure.claraprice.net/price-transparency/OPIU-1673956354318/machine-readable/476000874_johnson-county-hospital_standardcharges.json,2025-07-09,3.0.0,,2026-09-09T02:39:37.416Z,identity-or-format-review,native,,date-over-365-days,,Review the exact declared metadata before publisher inquiry
281364,"BEATRICE COMMUNITY HOSPITAL & HEALTH CENTER, INC",NE,compliant-date-unverified,identity-or-format-review,response received,entries retrieved,unresolved,response received,unverified,https://beatricecommunityhospital.com/cms-hpt.txt,,,,,2026-09-09T02:13:07.228Z,identity-or-format-review,native,facility-identity-or-metadata-unresolved,mrf-header-does-not-match-unresolved-roster,,Compare facility identity and inspect unparsed metadata
290039,MOUNTAINVIEW HOSPITAL,NV,mrf-stale-over-365-days,publisher-date-review,response received,entries retrieved,corroborated,response received,date-over-365-days,https://mountainview-hospital.com/cms-hpt.txt,https://core.secure.ehc.com/src/util/json-detail-price-list/62-1600397_mountainview-hospital-and-medical-center_standardcharges.json,2024-10-01,2.2.0,,2026-09-09T02:29:09.813Z,identity-or-format-review,native|curl,,date-over-365-days,,Review the exact declared metadata before publisher inquiry
291304,PERSHING GENERAL HOSPITAL,NV,mrf-stale-over-365-days,identity-or-format-review,response received,entries retrieved,unresolved,response received,unverified,https://ad3230b5-b9c7-4f2c-a14b-3d713fd2a267.usrfiles.com/ugd/ad3230_89792fb0bf314ed0a68f669819044727.txt,,,,,2026-09-09T02:13:06.506Z,identity-or-format-review,native|curl,facility-identity-or-metadata-unresolved,mrf-header-name-without-location,,Compare facility identity and inspect unparsed metadata
291314,SOUTH LYON MEDICAL CENTER,NV,compliant-date-unverified,identity-or-format-review,response received,entries retrieved,unresolved,response received,unverified,https://slmcnv.org/cms-hpt.txt,,,,,2026-09-09T02:13:17.987Z,identity-or-format-review,native,facility-identity-or-metadata-unresolved,metadata-incomplete-or-request-failed | mrf-header-has-no-license-state | mrf-header-name-without-location,,Compare facility identity and inspect unparsed metadata
294015,"RENO BEHAVIORAL HEALTHCARE HOSPITAL, LLC",NV,not-assessed-not-named-in-file,identity-or-format-review,response received,entries retrieved,unresolved,response received,unverified,https://renobehavioral.com/cms-hpt.txt,,,,,2026-09-09T02:13:07.712Z,identity-or-format-review,native,facility-identity-or-metadata-unresolved,header-matches-other-roster-hospital,,Compare facility identity and inspect unparsed metadata
310008,HOLY NAME MEDICAL CENTER,NJ,compliant-date-unverified,identity-or-format-review,response received,entries retrieved,corroborated,response received,date-within-365-days-version-3,https://holyname.org/cms-hpt.txt,https://holyname.org/HospitalCharges/resources/221487322_holy-name_standardcharges.csv,2025-11-10,3.0.0,,2026-09-09T02:29:10.945Z,identity-or-format-review,native,official-pointer-or-metadata-unresolved,metadata-incomplete-or-request-failed | mrf-header-has-no-license-state,,Resolve official pointer linkage or conflicting metadata
310045,ENGLEWOOD HOSPITAL AND MEDICAL CENTER,NJ,compliant-date-unverified,identity-or-format-review,response received,entries retrieved,unresolved,response received,unverified,https://www.englewoodhealth.org/cms-hpt.txt,,,,,2026-09-09T02:13:08.772Z,identity-or-format-review,native,facility-identity-or-metadata-unresolved,mrf-header-does-not-match-unresolved-roster,,Compare facility identity and inspect unparsed metadata
330009,BRONXCARE HOSPITAL CENTER,NY,not-assessed-not-named-in-file,identity-or-format-review,response received,entries retrieved,unresolved,response received,unverified,https://www.bronxcare.org/cms-hpt.txt,,,,,2026-09-09T02:13:10.366Z,identity-or-format-review,native,facility-identity-or-metadata-unresolved,mrf-header-does-not-match-unresolved-roster,,Compare facility identity and inspect unparsed metadata
330011,"OUR LADY OF LOURDES MEMORIAL HOSPITAL, INC",NY,not-assessed-not-named-in-file,identity-or-format-review,response received,entries retrieved,unresolved,response received,unverified,https://healthcare.ascension.org/-/media/Healthcare/cms-hpt.txt,,,,,2026-09-09T02:11:30.797Z,identity-or-format-review,native|curl,facility-identity-or-metadata-unresolved,"header-matches-other-roster-hospital | metadata-incomplete-or-request-failed | mrf-header-has-no-license-state | request timeout | ambiguous-mrf-header-identity | mrf-header-name-without-location | curl: (28) Operation timed out after 15003 milliseconds with 0 bytes received
 | request deadline exceeded | mrf-header-does-not-match-unresolved-roster | curl: (28) Resolving timed out after 8005 milliseconds
 | curl: (28) Operation timed out after 15012 milliseconds with 0 bytes received
 | curl: (28) Operation timed out after 15016 milliseconds with 0 bytes received
 | curl: (28) Operation timed out after 15001 milliseconds with 0 bytes received
",,Compare facility identity and inspect unparsed metadata
330043,NS/LIJ HS SOUTHSIDE HOSPITAL,NY,not-assessed-not-named-in-file,identity-or-format-review,response received,entries retrieved,unresolved,response received,unverified,https://www.northwell.edu/cms-hpt.txt,,,,,2026-09-09T02:13:10.374Z,identity-or-format-review,native|curl,facility-identity-or-metadata-unresolved,"header-matches-other-roster-hospital | mrf-header-does-not-match-unresolved-roster | curl: (28) Resolving timed out after 8002 milliseconds
 | metadata-incomplete-or-request-failed | request timeout | mrf-header-name-without-location",,Compare facility identity and inspect unparsed metadata
330101,NEW YORK-PRESBYTERIAN HOSPITAL,NY,not-assessed-not-named-in-file,identity-or-format-review,response received,entries retrieved,unresolved,response received,unverified,https://www.nyp.org/cms-hpt.txt,,,,,2026-09-09T02:13:10.834Z,identity-or-format-review,native,facility-identity-or-metadata-unresolved,mrf-header-does-not-match-unresolved-roster,,Compare facility identity and inspect unparsed metadata
330188,MOUNT ST. MARY'S HOSPITAL & HEALTH CENTER,NY,mrf-stale-over-365-days,identity-or-format-review,response received,entries retrieved,unresolved,response received,unverified,https://chsbuffalo.org/cms-hpt.txt,,,,,2026-09-09T02:13:10.972Z,identity-or-format-review,native,facility-identity-or-metadata-unresolved,mrf-header-does-not-match-unresolved-roster | header-matches-other-roster-hospital,,Compare facility identity and inspect unparsed metadata
330350,SUNY/DOWNSTATE UNIVERSITY HOSPITAL OF BROOKLYN,NY,mrf-stale-over-365-days,identity-or-format-review,response received,entries retrieved,unresolved,response received,unverified,https://www.downstate.edu/cms-hpt.txt,,,,,2026-09-09T02:13:11.499Z,identity-or-format-review,native|curl,facility-identity-or-metadata-unresolved,mrf-header-does-not-match-unresolved-roster,,Compare facility identity and inspect unparsed metadata
330395,ST JOHN'S EPISCOPAL HOSPITAL AT SOUTH SHORE,NY,not-assessed-not-named-in-file,identity-or-format-review,response received,entries retrieved,unresolved,response received,unverified,https://www.northwell.edu/cms-hpt.txt,,,,,2026-09-09T02:13:10.374Z,identity-or-format-review,native|curl,facility-identity-or-metadata-unresolved,"mrf-header-does-not-match-unresolved-roster | header-matches-other-roster-hospital | curl: (28) Resolving timed out after 8002 milliseconds
 | metadata-incomplete-or-request-failed | request timeout | mrf-header-name-without-location",,Compare facility identity and inspect unparsed metadata
334027,SOUTH OAKS HOSP,NY,not-assessed-not-named-in-file,identity-or-format-review,response received,entries retrieved,unresolved,response received,unverified,https://www.northwell.edu/cms-hpt.txt,,,,,2026-09-09T02:13:10.374Z,identity-or-format-review,native|curl,facility-identity-or-metadata-unresolved,"mrf-header-does-not-match-unresolved-roster | header-matches-other-roster-hospital | curl: (28) Resolving timed out after 8002 milliseconds
 | metadata-incomplete-or-request-failed | request timeout | mrf-header-name-without-location",,Compare facility identity and inspect unparsed metadata
340042,ONSLOW MEMORIAL HOSPITAL,NC,compliant-date-unverified,identity-or-format-review,response received,entries retrieved,unresolved,response received,unverified,https://onslow.org/cms-hpt.txt,,,,,2026-09-09T02:13:12.233Z,identity-or-format-review,native,facility-identity-or-metadata-unresolved,metadata-incomplete-or-request-failed | mrf-header-has-no-license-state,,Compare facility identity and inspect unparsed metadata
340047,NORTH CAROLINA BAPTIST HOSPITAL,NC,not-assessed-not-named-in-file,identity-or-format-review,response received,entries retrieved,unresolved,response received,unverified,https://cdn.atriumhealth.org/-/media/wakeforest/clinical/files/patient-and-family-resources/transparency-files/wfb_cms-hpt.txt?rev=85a171e49f3f48798f921e649fd5bc37&hash=EB0C5382AFF1913F2F21E80EF076A342,,,,,2026-09-09T02:13:25.538Z,identity-or-format-review,native|curl,facility-identity-or-metadata-unresolved,"mrf-header-name-without-location | mrf-header-does-not-match-unresolved-roster | header-matches-other-roster-hospital | curl: (28) Resolving timed out after 8000 milliseconds
 | metadata-incomplete-or-request-failed | request timeout",,Compare facility identity and inspect unparsed metadata
340096,LEXINGTON MEMORIAL HOSPITAL INC,NC,not-assessed-not-named-in-file,identity-or-format-review,response received,entries retrieved,unresolved,response received,unverified,https://cdn.atriumhealth.org/-/media/wakeforest/clinical/files/patient-and-family-resources/transparency-files/wfb_cms-hpt.txt?rev=85a171e49f3f48798f921e649fd5bc37&hash=EB0C5382AFF1913F2F21E80EF076A342,,,,,2026-09-09T02:13:25.538Z,identity-or-format-review,native|curl,facility-identity-or-metadata-unresolved,"mrf-header-does-not-match-unresolved-roster | curl: (28) Resolving timed out after 8000 milliseconds
 | metadata-incomplete-or-request-failed | request timeout | mrf-header-name-without-location | header-matches-other-roster-hospital",,Compare facility identity and inspect unparsed metadata
340127,GRANVILLE HEALTH SYSTEMS,NC,mrf-stale-over-365-days,identity-or-format-review,response received,entries retrieved,unresolved,response received,unverified,https://ghshospital.org/cms-hpt.txt,,,,,2026-09-09T02:13:18.033Z,identity-or-format-review,native|glm-5.3-flash|web-search-verification,facility-identity-or-metadata-unresolved,mrf-header-does-not-match-unresolved-roster,,Compare facility identity and inspect unparsed metadata
341322,ADVENT HEALTH POLK,NC,not-assessed-not-named-in-file,identity-or-format-review,response received,entries retrieved,unresolved,response received,unverified,https://www.adventhealth.com/cms-hpt.txt,,,,,2026-09-09T02:12:07.529Z,identity-or-format-review,native|curl,facility-identity-or-metadata-unresolved,"mrf-header-does-not-match-unresolved-roster | curl: (28) Resolving timed out after 8009 milliseconds
 | metadata-incomplete-or-request-failed | request deadline exceeded | header-matches-other-roster-hospital | curl: (28) Operation timed out after 11553 milliseconds with 0 bytes received
 | request timeout",,Compare facility identity and inspect unparsed metadata
344036,IREDELL DAVIS BEHAVIORAL HEALTH HOSPITAL,NC,compliant-date-unverified,identity-or-format-review,response received,entries retrieved,unresolved,response received,unverified,https://www.iredelldavis.org/cms-hpt.txt,,,,,2026-09-09T02:13:29.775Z,identity-or-format-review,native,facility-identity-or-metadata-unresolved,mrf-header-name-without-location,,Compare facility identity and inspect unparsed metadata
351307,ST ANDREW'S HOSPITAL,ND,compliant-date-unverified,identity-or-format-review,response received,entries retrieved,unresolved,response received,unverified,https://smphealth.org/cms-hpt.txt,,,,,2026-09-09T02:13:23.624Z,identity-or-format-review,native,facility-identity-or-metadata-unresolved,mrf-header-does-not-match-unresolved-roster | header-matches-other-roster-hospital,,Compare facility identity and inspect unparsed metadata
351316,PRESENTATION MEDICAL CENTER,ND,not-assessed-not-named-in-file,identity-or-format-review,response received,entries retrieved,unresolved,response received,unverified,https://smphealth.org/cms-hpt.txt,,,,,2026-09-09T02:13:23.624Z,identity-or-format-review,native,facility-identity-or-metadata-unresolved,header-matches-other-roster-hospital | mrf-header-does-not-match-unresolved-roster,,Compare facility identity and inspect unparsed metadata
351326,FIRST CARE HEALTH CENTER,ND,compliant-date-unverified,identity-or-format-review,response received,entries retrieved,corroborated,response received,date-over-365-days,https://www.firstcarehc.com/cms-hpt.txt,https://www.firstcarehc.com/wp-content/uploads/2024/06/450232743_First-Care-Health-Center_standardcharges.csv,2024-06-14,2.0.0,,2026-09-09T02:29:38.030Z,identity-or-format-review,native,official-pointer-or-metadata-unresolved,metadata-incomplete-or-request-failed | mrf-header-has-no-license-state,,Resolve official pointer linkage or conflicting metadata
351328,LINTON HOSPITAL - CAH,ND,compliant-date-unverified,identity-or-format-review,response received,entries retrieved,unresolved,response received,unverified,https://lintonregionalmedicalcenter.org/wp-content/uploads/2026/05/Linton-Regional-Medical-Center-cms-hpt.txt,,,,,2026-09-09T02:13:25.439Z,identity-or-format-review,native,facility-identity-or-metadata-unresolved,mrf-header-does-not-match-unresolved-roster,,Compare facility identity and inspect unparsed metadata
360013,WILSON MEMORIAL HOSPITAL,OH,old-template-version,identity-or-format-review,response received,entries retrieved,unresolved,response received,unverified,https://www.wilsonhealth.org/cms-hpt.txt,,,,,2026-09-09T02:13:26.148Z,identity-or-format-review,native,facility-identity-or-metadata-unresolved,mrf-header-does-not-match-unresolved-roster | metadata-incomplete-or-request-failed | mrf-header-has-no-license-state,,Compare facility identity and inspect unparsed metadata
360041,PARMA COMMUNITY GENERAL HOSPITAL,OH,not-assessed-not-named-in-file,identity-or-format-review,response received,entries retrieved,unresolved,response received,unverified,https://www.uhhospitals.org/cms-hpt.txt,,,,,2026-09-09T02:13:27.066Z,identity-or-format-review,native|curl,facility-identity-or-metadata-unresolved,mrf-header-does-not-match-unresolved-roster | header-matches-other-roster-hospital | request timeout,,Compare facility identity and inspect unparsed metadata
360075,UH REGIONAL HOSPITALS,OH,not-assessed-not-named-in-file,identity-or-format-review,response received,entries retrieved,unresolved,response received,unverified,https://www.uhhospitals.org/cms-hpt.txt,,,,,2026-09-09T02:13:27.066Z,identity-or-format-review,native|curl,facility-identity-or-metadata-unresolved,header-matches-other-roster-hospital | mrf-header-does-not-match-unresolved-roster | request timeout,,Compare facility identity and inspect unparsed metadata
360098,LAKE HEALTH,OH,not-assessed-not-named-in-file,identity-or-format-review,response received,entries retrieved,unresolved,response received,unverified,https://lakehealth.org/cms-hpt.txt,,,,,2026-09-09T02:13:26.343Z,identity-or-format-review,native|curl,facility-identity-or-metadata-unresolved,mrf-header-does-not-match-unresolved-roster | header-matches-other-roster-hospital | request timeout,,Compare facility identity and inspect unparsed metadata
360352,SURGICAL HOSPITAL AT SOUTHWOODS,OH,compliant-date-unverified,identity-or-format-review,response received,entries retrieved,unresolved,response received,unverified,https://www.southwoodshealth.com/cms-hpt.txt,,,,,2026-09-09T02:13:27.531Z,identity-or-format-review,native|curl,facility-identity-or-metadata-unresolved,"metadata-incomplete-or-request-failed | mrf-header-has-no-license-state | mrf-header-does-not-match-unresolved-roster | complete-json-metadata-unresolved | request timeout | curl: (28) Resolving timed out after 8011 milliseconds
 | HTTP 403",,Compare facility identity and inspect unparsed metadata
361307,UHHS MEMORIAL HOSPITAL OF GENEVA,OH,not-assessed-not-named-in-file,identity-or-format-review,response received,entries retrieved,unresolved,response received,unverified,https://www.uhhospitals.org/cms-hpt.txt,,,,,2026-09-09T02:13:27.066Z,identity-or-format-review,native|curl,facility-identity-or-metadata-unresolved,mrf-header-does-not-match-unresolved-roster | header-matches-other-roster-hospital | request timeout,,Compare facility identity and inspect unparsed metadata
361311,HARRISON COMMUNITY HOSPITAL,OH,pointer-lists-no-mrf-url,identity-or-format-review,response received,entries retrieved,corroborated,response received,date-within-365-days-version-3,https://wvumedicine.org/cms-hpt.txt,https://wvumedicine.org/wp-content/uploads/2026/08/341571750_Harrison-Community-Hospital-Inc._standardcharges.csv,2026-07-17,3.0.0,,2026-09-09T02:30:25.765Z,identity-or-format-review,native|curl,official-pointer-or-metadata-unresolved,"header-matches-other-roster-hospital | curl: (28) Operation timed out after 11344 milliseconds with 0 bytes received
 | metadata-incomplete-or-request-failed | request timeout | mrf-header-does-not-match-unresolved-roster | mrf-header-name-without-location",,Resolve official pointer linkage or conflicting metadata
364048,HAVEN BEHAVIORAL HOSPITAL OF DAYTON,OH,mrf-url-unreachable,identity-or-format-review,response received,entries retrieved,unresolved,response received,unverified,https://oceanshealthcare.com/cms-hpt.txt,,,,,2026-09-09T02:12:08.835Z,identity-or-format-review,native,facility-identity-or-metadata-unresolved,metadata-incomplete-or-request-failed | HTTP 404 | header-matches-other-roster-hospital | mrf-header-name-without-location | mrf-header-does-not-match-unresolved-roster,,Compare facility identity and inspect unparsed metadata
370093,O U MEDICAL CENTER,OK,not-assessed-not-named-in-file,identity-or-format-review,response received,entries retrieved,unresolved,response received,unverified,https://www.ouhealth.com/cms-hpt.txt,,,,,2026-09-09T02:13:30.255Z,identity-or-format-review,native,facility-identity-or-metadata-unresolved,mrf-header-does-not-match-unresolved-roster | metadata-incomplete-or-request-failed | mrf-header-has-no-license-state,,Compare facility identity and inspect unparsed metadata
370201,SURGICAL HOSPITAL OF OKLAHOMA,OK,not-assessed-not-named-in-file,identity-or-format-review,response received,entries retrieved,unresolved,unresolved,unverified,https://surgicalhospitalok.net/cms-hpt.txt,,,,,2026-09-09T02:13:29.284Z,identity-or-format-review,native|curl,retrieval-or-domain-unresolved,"curl: (28) Resolving timed out after 11353 milliseconds
 | metadata-incomplete-or-request-failed | request timeout",,Continue bounded browser or official-domain discovery
370222,MCBRIDE ORTHOPEDIC HOSPITAL,OK,compliant-date-unverified,identity-or-format-review,response received,entries retrieved,unresolved,response received,unverified,https://mcboh.com/cms-hpt.txt,,,,,2026-09-09T02:13:29.732Z,identity-or-format-review,native,facility-identity-or-metadata-unresolved,mrf-header-name-without-location,,Compare facility identity and inspect unparsed metadata
371307,CIMARRON MEMORIAL HOSPITAL,OK,compliant-date-unverified,publisher-date-review,response received,entries retrieved,corroborated,response received,date-over-365-days,https://cmhok.com/cms-hpt.txt,https://secure.claraprice.net/price-transparency/RSPS-1743612723843/machine-readable/736060907_cimarron-memorial-hospital_standardcharges.json,2025-06-11,3.0.0,,2026-09-09T02:34:40.758Z,identity-or-format-review,native,,date-over-365-days,,Review the exact declared metadata before publisher inquiry
381317,ADVENTIST HEALTH TILLAMOOK,OR,not-assessed-not-named-in-file,identity-or-format-review,response received,entries retrieved,unresolved,response received,unverified,https://www.adventisthealth.org/cms-hpt.txt,,,,,2026-09-09T02:11:23.276Z,identity-or-format-review,native|curl,facility-identity-or-metadata-unresolved,header-matches-other-roster-hospital | mrf-header-name-without-location | mrf-header-does-not-match-unresolved-roster | request deadline exceeded | request timeout,,Compare facility identity and inspect unparsed metadata
390093,INDEPENDENCE HEALTH SYSTEM CLARION HOSPITAL,PA,not-assessed-not-named-in-file,identity-or-format-review,response received,entries retrieved,unresolved,response received,unverified,https://www.butlerhealthsystem.org/cms-hpt.txt,,,,,2026-09-09T02:13:21.786Z,identity-or-format-review,native,facility-identity-or-metadata-unresolved,mrf-header-does-not-match-unresolved-roster,,Compare facility identity and inspect unparsed metadata
390116,SUBURBAN COMMUNITY HOSPITAL,PA,not-assessed-not-named-in-file,identity-or-format-review,response received,entries retrieved,unresolved,response received,unverified,https://suburbanhosp.org/cms-hpt.txt,,,,,2026-09-09T02:13:30.826Z,identity-or-format-review,native,facility-identity-or-metadata-unresolved,header-matches-other-roster-hospital,,Compare facility identity and inspect unparsed metadata
390168,INDEPENDENCE HEALTH SYSTEM BUTLER MEMORIAL HOSPITA,PA,not-assessed-not-named-in-file,identity-or-format-review,response received,entries retrieved,unresolved,response received,unverified,https://www.butlerhealthsystem.org/cms-hpt.txt,,,,,2026-09-09T02:13:21.786Z,identity-or-format-review,native,facility-identity-or-metadata-unresolved,mrf-header-does-not-match-unresolved-roster,,Compare facility identity and inspect unparsed metadata
390219,EXCELA HEALTH LATROBE HOSPITAL,PA,not-assessed-not-named-in-file,identity-or-format-review,response received,entries retrieved,unresolved,response received,unverified,https://www.excelahealth.org/cms-hpt.txt,,,,,2026-09-09T02:13:34.509Z,identity-or-format-review,native,facility-identity-or-metadata-unresolved,mrf-header-does-not-match-unresolved-roster,,Compare facility identity and inspect unparsed metadata
390270,GEISINGER WYOMING VALLEY MEDICAL CENTER,PA,compliant-date-unverified,identity-or-format-review,response received,entries retrieved,unresolved,response received,unverified,https://www.geisinger.org/cms-hpt.txt,,,,,2026-09-09T02:13:22.176Z,identity-or-format-review,native,facility-identity-or-metadata-unresolved,metadata-incomplete-or-request-failed | mrf-header-has-no-license-state,,Compare facility identity and inspect unparsed metadata
390272,VALLEY FORGE MEDICAL CENTER,PA,old-template-version,identity-or-format-review,response received,entries retrieved,unresolved,response received,unverified,https://cdn.prod.website-files.com/6684743004f3e45bc8afff2e/693883d6049ac7d72bb67020_cms-hpt.txt,,,,,2026-09-09T02:13:33.153Z,identity-or-format-review,native,facility-identity-or-metadata-unresolved,mrf-header-does-not-match-unresolved-roster,,Compare facility identity and inspect unparsed metadata
390325,OSS ORTHOPAEDIC HOSPITAL,PA,compliant-date-unverified,identity-or-format-review,response received,entries retrieved,corroborated,response received,date-within-365-days-version-3,https://osshealth.com/cms-hpt.txt,https://osshealth.com/uploads/docs/800458999_oss-orthopaedic-hospital_standardcharges_2026-04-09-171951_gboz.csv,2026-04-01,3.0.0,,2026-09-09T02:29:58.950Z,identity-or-format-review,native|curl|glm-5.3-flash,official-pointer-or-metadata-unresolved,metadata-incomplete-or-request-failed | mrf-header-has-no-license-state | request timeout,,Resolve official pointer linkage or conflicting metadata
394052,HAVEN BEHAVIORAL HOSPITAL OF EASTERN PENNSYLVANIA,PA,mrf-stale-over-365-days,identity-or-format-review,response received,not retrieved,corroborated,response received,date-within-365-days-version-3,,https://oceanshealthcare.com/wp-content/uploads/2026/07/272799973_Haven-Behavioral-Hospital-of-Eastern-Pennsylvania_standardcharges.csv,2026-04-01,3.0.0,,2026-09-09T02:27:59.670Z,identity-or-format-review,native,official-pointer-or-metadata-unresolved,header-matches-other-roster-hospital | mrf-header-name-without-location | mrf-header-does-not-match-unresolved-roster | metadata-incomplete-or-request-failed | HTTP 404,,Resolve official pointer linkage or conflicting metadata
400006,DOCTORS' CENTER HOSPITAL SAN JUAN,PR,compliant-date-unverified,identity-or-format-review,response received,entries retrieved,unresolved,response received,unverified,https://www.doctorscenterhospital.com/cms-hpt.txt,,,,,2026-09-09T02:13:33.414Z,identity-or-format-review,native,facility-identity-or-metadata-unresolved,mrf-header-name-without-location,,Compare facility identity and inspect unparsed metadata
400118,"DOCTORS' CENTER HOSPITAL, INC",PR,compliant-date-unverified,identity-or-format-review,response received,entries retrieved,unresolved,response received,unverified,https://www.doctorscenterhospital.com/cms-hpt.txt,,,,,2026-09-09T02:13:33.414Z,identity-or-format-review,native,facility-identity-or-metadata-unresolved,header-matches-other-roster-hospital | mrf-header-does-not-match-unresolved-roster,,Compare facility identity and inspect unparsed metadata
400132,DOCTORS CENTER HOSPITAL  CAROLINA LLC,PR,compliant-date-unverified,identity-or-format-review,response received,entries retrieved,unresolved,response received,unverified,https://www.doctorscenterhospital.com/cms-hpt.txt,,,,,2026-09-09T02:13:33.414Z,identity-or-format-review,native,facility-identity-or-metadata-unresolved,header-matches-other-roster-hospital | mrf-header-does-not-match-unresolved-roster,,Compare facility identity and inspect unparsed metadata
420051,MCLEOD REGIONAL MEDICAL CENTER-PEE DEE,SC,not-assessed-not-named-in-file,identity-or-format-review,response received,entries retrieved,unresolved,response received,unverified,https://www.mcleodhealth.org/cms-hpt.txt,,,,,2026-09-09T02:13:33.379Z,identity-or-format-review,native,facility-identity-or-metadata-unresolved,mrf-header-does-not-match-unresolved-roster | header-matches-other-roster-hospital,,Compare facility identity and inspect unparsed metadata
431314,BENNETT COUNTY HOSPITAL AND NURSING HOME - CAH,SD,mrf-stale-over-365-days,identity-or-format-review,response received,entries retrieved,unresolved,response received,unverified,https://bennettcountyhospital.com/cms-hpt.txt,,,,,2026-09-09T02:13:33.423Z,identity-or-format-review,native,facility-identity-or-metadata-unresolved,mrf-header-name-without-location,,Compare facility identity and inspect unparsed metadata
431319,HANS P PETERSON MEMORIAL HOSPITAL - CAH,SD,mrf-stale-over-365-days,identity-or-format-review,response received,entries retrieved,unresolved,response received,unverified,https://www.philiphealthservices.com/cms-hpt.txt,,,,,2026-09-09T02:13:33.428Z,identity-or-format-review,native,facility-identity-or-metadata-unresolved,mrf-header-does-not-match-unresolved-roster,,Compare facility identity and inspect unparsed metadata
431322,FALL RIVER HOSPITAL - CAH,SD,compliant-date-unverified,identity-or-format-review,response received,entries retrieved,unresolved,response received,unverified,https://www.frhssd.org/cms-hpt.txt,,,,,2026-09-09T02:13:45.585Z,identity-or-format-review,native,facility-identity-or-metadata-unresolved,mrf-header-does-not-match-unresolved-roster,,Compare facility identity and inspect unparsed metadata
440058,SOUTHERN TENNESSEE REGIONAL HEALTH SYSTEM WINCHEST,TN,not-assessed-not-named-in-file,identity-or-format-review,response received,entries retrieved,unresolved,response received,unverified,https://www.highpointhealthsystem.com/cms-hpt.txt,,,,,2026-09-09T02:13:46.035Z,identity-or-format-review,native|curl,facility-identity-or-metadata-unresolved,"mrf-header-does-not-match-unresolved-roster | curl: (28) Resolving timed out after 8013 milliseconds
 | metadata-incomplete-or-request-failed | request timeout | mrf-header-has-no-license-state",,Compare facility identity and inspect unparsed metadata
440060,WEST TENNESSEE HEALTHCARE MILAN HOSPITAL,TN,no-cms-hpt-txt-published,identity-or-format-review,response received,not retrieved,corroborated,response received,date-within-365-days-version-3,,https://www.wth.org/wp-content/uploads/standard-charges/62-1753289_MH_Standard_Charges.csv,2026-06-02,3.0.0,,2026-09-09T02:26:37.257Z,identity-or-format-review,native,official-pointer-or-metadata-unresolved,header-matches-other-roster-hospital | ambiguous-mrf-header-identity | mrf-header-does-not-match-unresolved-roster | metadata-incomplete-or-request-failed | mrf-header-has-no-license-state,,Resolve official pointer linkage or conflicting metadata
440061,VOLUNTEER COMMUNITY HOSPITAL,TN,no-cms-hpt-txt-published,identity-or-format-review,response received,not retrieved,unresolved,response received,unverified,,,,,,2026-09-09T02:11:15.066Z,identity-or-format-review,native,facility-identity-or-metadata-unresolved,header-matches-other-roster-hospital | ambiguous-mrf-header-identity | mrf-header-does-not-match-unresolved-roster | metadata-incomplete-or-request-failed | mrf-header-has-no-license-state,,Compare facility identity and inspect unparsed metadata
440072,DYERSBURG REGIONAL MEDICAL CENTER,TN,no-cms-hpt-txt-published,identity-or-format-review,response received,not retrieved,unresolved,response received,unverified,,,,,,2026-09-09T02:11:15.066Z,identity-or-format-review,native|glm-5.3-flash|web-search-verification,facility-identity-or-metadata-unresolved,header-matches-other-roster-hospital | ambiguous-mrf-header-identity | mrf-header-does-not-match-unresolved-roster | metadata-incomplete-or-request-failed | mrf-header-has-no-license-state,,Compare facility identity and inspect unparsed metadata
440091,"MEMORIAL HEALTHCARE SYSTEM, INC",TN,not-assessed-not-named-in-file,identity-or-format-review,response received,entries retrieved,unresolved,response received,unverified,https://www.commonspirit.org/cms-hpt.txt,,,,,2026-09-09T02:11:29.061Z,identity-or-format-review,native,facility-identity-or-metadata-unresolved,mrf-header-does-not-match-unresolved-roster | header-matches-other-roster-hospital,,Compare facility identity and inspect unparsed metadata
440104,ERLANGER MEDICAL CENTER,TN,not-assessed-not-named-in-file,identity-or-format-review,response received,entries retrieved,unresolved,response received,unverified,https://www.erlanger.org/cms-hpt.txt,,,,,2026-09-09T02:10:33.255Z,identity-or-format-review,native|curl,facility-identity-or-metadata-unresolved,request timeout | mrf-header-does-not-match-unresolved-roster | header-matches-other-roster-hospital,,Compare facility identity and inspect unparsed metadata
440200,STONES RIVER HOSPITAL,TN,not-assessed-not-named-in-file,identity-or-format-review,response received,entries retrieved,unresolved,response received,unverified,https://healthcare.ascension.org/-/media/Healthcare/cms-hpt.txt,,,,,2026-09-09T02:11:30.797Z,identity-or-format-review,native|curl,facility-identity-or-metadata-unresolved,"metadata-incomplete-or-request-failed | HTTP 404 | header-matches-other-roster-hospital | mrf-header-has-no-license-state | request timeout | ambiguous-mrf-header-identity | mrf-header-name-without-location | curl: (28) Operation timed out after 15003 milliseconds with 0 bytes received
 | request deadline exceeded | mrf-header-does-not-match-unresolved-roster | curl: (28) Resolving timed out after 8005 milliseconds
 | curl: (28) Operation timed out after 15012 milliseconds with 0 bytes received
 | curl: (28) Operation timed out after 15016 milliseconds with 0 bytes received
 | curl: (28) Operation timed out after 15001 milliseconds with 0 bytes received
",,Compare facility identity and inspect unparsed metadata
441322,HOUSTON COUNTY COMMUNITY HOSPITAL,TN,not-assessed-not-named-in-file,identity-or-format-review,response received,entries retrieved,unresolved,response received,unverified,https://shamrock.health/cms-hpt.txt,,,,,2026-09-09T02:13:46.012Z,identity-or-format-review,native,facility-identity-or-metadata-unresolved,header-matches-other-roster-hospital,,Compare facility identity and inspect unparsed metadata
441323,BIG SOUTH FORK MEDICAL CENTER,TN,old-template-version,identity-or-format-review,response received,not retrieved,unresolved,response received,unverified,,,,,,2026-09-09T02:13:45.932Z,identity-or-format-review,native,facility-identity-or-metadata-unresolved,metadata-incomplete-or-request-failed | mrf-header-has-no-license-state,,Compare facility identity and inspect unparsed metadata
444010,"PATHWAYS OF TENNESSEE, INC",TN,no-cms-hpt-txt-published,identity-or-format-review,response received,not retrieved,unresolved,response received,unverified,,,,,,2026-09-09T02:11:15.066Z,identity-or-format-review,native,facility-identity-or-metadata-unresolved,header-matches-other-roster-hospital | ambiguous-mrf-header-identity | mrf-header-does-not-match-unresolved-roster | metadata-incomplete-or-request-failed | mrf-header-has-no-license-state,,Compare facility identity and inspect unparsed metadata
450018,UNIVERSITY OF TEXAS MEDICAL BRANCH GALVESTON,TX,compliant-date-unverified,identity-or-format-review,response received,entries retrieved,unresolved,unresolved,unverified,https://www.utmb.edu/cms-hpt.txt,,,,,2026-09-09T02:13:46.448Z,identity-or-format-review,native|curl,retrieval-or-domain-unresolved,"curl: (28) Resolving timed out after 8015 milliseconds
 | metadata-incomplete-or-request-failed | request timeout",,Continue bounded browser or official-domain discovery
450055,ROLLING PLAINS MEMORIAL HOSPITAL,TX,compliant-date-unverified,identity-or-format-review,response received,entries retrieved,corroborated,response received,date-within-365-days-version-3,https://uploads-ssl.webflow.com/61e370c0cff8aef768e7d5cd/65cf8a10fe53011a1331244f_cms-hpt%20(1).txt,https://secure.claraprice.net/price-transparency/NWM3481600293/machine-readable,2026-06-25,3.0.0,,2026-09-09T02:39:14.750Z,identity-or-format-review,native|curl,official-pointer-or-metadata-unresolved,"curl: (28) Resolving timed out after 8011 milliseconds
 | metadata-incomplete-or-request-failed | request timeout",,Resolve official pointer linkage or conflicting metadata
450155,HEREFORD REGIONAL MEDICAL CENTER,TX,pointer-lists-no-mrf-url,identity-or-format-review,response received,not retrieved,unresolved,response received,unverified,,,,,,2026-09-09T02:13:45.652Z,identity-or-format-review,native,facility-identity-or-metadata-unresolved,mrf-header-name-without-location,,Compare facility identity and inspect unparsed metadata
450200,WADLEY REGIONAL MEDICAL CENTER,TX,not-assessed-not-named-in-file,identity-or-format-review,response received,entries retrieved,unresolved,response received,unverified,https://www.christushealth.org/cms-hpt.txt,,,,,2026-09-09T02:10:34.334Z,identity-or-format-review,native|curl,facility-identity-or-metadata-unresolved,request timeout | mrf-header-does-not-match-unresolved-roster | header-matches-other-roster-hospital | metadata-incomplete-or-request-failed | HTTP 404,,Compare facility identity and inspect unparsed metadata
450241,FAITH COMMUNITY HOSPITAL,TX,compliant-date-unverified,identity-or-format-review,response received,entries retrieved,corroborated,response received,date-within-365-days-version-3,https://fchtexas.com/cms-hpt.txt,https://fchtexas.slicedhealth.io/pricer/38-3850788-1790777696_FaithCommunityHospital_standardcharges.CSV,2026-01-29,3.0.0,,2026-09-09T02:30:13.918Z,identity-or-format-review,native,official-pointer-or-metadata-unresolved,metadata-incomplete-or-request-failed | mrf-header-has-no-license-state,,Resolve official pointer linkage or conflicting metadata
450253,BELLVILLE MEDICAL CENTER,TX,not-assessed-not-named-in-file,identity-or-format-review,response received,entries retrieved,unresolved,response received,unverified,https://www.sjhsyr.org/sites/default/files/price-transparency/cms-hpt.txt,,,,,2026-09-09T02:13:46.807Z,identity-or-format-review,native,facility-identity-or-metadata-unresolved,header-matches-other-roster-hospital,,Compare facility identity and inspect unparsed metadata
450399,BROWNFIELD REGIONAL MEDICAL CENTER,TX,compliant-date-unverified,publisher-date-review,response received,entries retrieved,corroborated,response received,date-over-365-days,https://www.brownfield-rmc.org/_functions/getCmsText,https://secure.claraprice.net/price-transparency/KBH1622057832/machine-readable/751227032_brownfield-regional-medical-center_standardcharges.json,2025-05-28,3.0.0,,2026-09-09T02:34:46.638Z,identity-or-format-review,native|curl,,date-over-365-days,,Review the exact declared metadata before publisher inquiry
450489,MEDICAL ARTS HOSPITAL,TX,compliant-date-unverified,identity-or-format-review,response received,entries retrieved,unresolved,response received,unverified,https://medicalartshospital.org/cms-hpt.txt,,,,,2026-09-09T02:13:59.627Z,identity-or-format-review,native|curl,retrieval-or-domain-unresolved,metadata-incomplete-or-request-failed,,Compare facility identity and inspect unparsed metadata
450889,TEXAS INSTITUTE FOR SURGERY AT PRESBYTERIAN HOSPIT,TX,compliant-date-unverified,identity-or-format-review,response received,entries retrieved,unresolved,response received,unverified,https://texasinstituteforsurgery.com/cms-hpt.txt,,,,,2026-09-09T02:13:58.526Z,identity-or-format-review,native,facility-identity-or-metadata-unresolved,metadata-incomplete-or-request-failed | mrf-header-has-no-license-state | mrf-header-does-not-match-unresolved-roster,,Compare facility identity and inspect unparsed metadata
451309,MC CAMEY HOSPITAL,TX,compliant-date-unverified,identity-or-format-review,response received,entries retrieved,unresolved,response received,unverified,https://mccameyhospital.org/cms-hpt.txt,,,,,2026-09-09T02:14:16.317Z,identity-or-format-review,native|curl,facility-identity-or-metadata-unresolved,mrf-header-does-not-match-unresolved-roster,,Compare facility identity and inspect unparsed metadata
451353,CRANE COUNTY HOSPITAL DISTRICT,TX,compliant-date-unverified,identity-or-format-review,response received,entries retrieved,unresolved,response received,unverified,https://www.cranememorial.org/cms-hpt.txt,,,,,2026-09-09T02:14:20.361Z,identity-or-format-review,native|curl|glm-5.3-flash,facility-identity-or-metadata-unresolved,mrf-header-does-not-match-unresolved-roster,,Compare facility identity and inspect unparsed metadata
451373,WARD MEMORIAL HOSPITAL,TX,compliant-date-unverified,publisher-date-review,response received,entries retrieved,corroborated,response received,date-over-365-days,https://www.wardmemorial.com/cms-hpt.txt,https://secure.claraprice.net/price-transparency/VQPK-1746646727450/machine-readable/756001193_ward-memorial-hospital_standardcharges.json,2025-06-13,3.0.0,,2026-09-09T02:38:04.351Z,identity-or-format-review,native|curl,,date-over-365-days,,Review the exact declared metadata before publisher inquiry
451379,CORYELL MEMORIAL HOSPITAL,TX,compliant-date-unverified,identity-or-format-review,response received,not retrieved,unresolved,response received,unverified,https://coryellhealth.org/cms-hpt.txt,,,,,2026-09-09T02:14:33.687Z,identity-or-format-review,native|curl,facility-identity-or-metadata-unresolved,metadata-incomplete-or-request-failed | mrf-header-has-no-license-state | mrf-header-does-not-match-unresolved-roster,,Compare facility identity and inspect unparsed metadata
451396,MID COAST MEDICAL CENTER - CENTRAL,TX,not-assessed-not-named-in-file,identity-or-format-review,response received,entries retrieved,unresolved,response received,unverified,https://www.bswhealth.com/cms-hpt.txt,,,,,2026-09-09T02:14:30.317Z,identity-or-format-review,native|curl,facility-identity-or-metadata-unresolved,"header-matches-other-roster-hospital | mrf-header-name-without-location | mrf-header-does-not-match-unresolved-roster | curl: (28) Resolving timed out after 8006 milliseconds
 | metadata-incomplete-or-request-failed | request timeout | ambiguous-mrf-header-identity",,Compare facility identity and inspect unparsed metadata
453321,DRISCOLL CHILDREN'S HOSPITAL RIO GRANDE VALLEY,TX,old-template-version,identity-or-format-review,response received,entries retrieved,unresolved,response received,unverified,https://driscollchildrens.org/cms-hpt.txt,,,,,2026-09-09T02:14:31.009Z,identity-or-format-review,native|curl,facility-identity-or-metadata-unresolved,mrf-header-name-without-location | header-matches-other-roster-hospital,,Compare facility identity and inspect unparsed metadata
454161,MEDICAL CITY MENTAL HEALTH AND WELLNESS CENTER,TX,mrf-stale-over-365-days,identity-or-format-review,response received,entries retrieved,unresolved,response received,unverified,https://www.medicalcityhealthcare.com/cms-hpt.txt,,,,,2026-09-09T02:14:55.669Z,identity-or-format-review,native|curl,facility-identity-or-metadata-unresolved,header-matches-other-roster-hospital | mrf-header-does-not-match-unresolved-roster,,Compare facility identity and inspect unparsed metadata
461300,INTERMOUNTAIN HEALTH DELTA COMMUNITY HOSPITAL,UT,compliant-date-unverified,identity-or-format-review,response received,entries retrieved,unresolved,response received,unverified,https://intermountainhealthcare.org/sc10media/files/intermountain-health/locations/hospital-prices/price-transparency.txt,,,,,2026-09-09T02:09:23.817Z,identity-or-format-review,native|curl,facility-identity-or-metadata-unresolved,"curl: (28) Operation timed out after 15003 milliseconds with 0 bytes received
 | metadata-incomplete-or-request-failed | request deadline exceeded | curl: (28) Operation timed out after 15011 milliseconds with 0 bytes received
 | request timeout | mrf-header-does-not-match-unresolved-roster | curl: (28) Operation timed out after 15015 milliseconds with 0 bytes received
 | curl: (28) Operation timed out after 15012 milliseconds with 0 bytes received
 | header-matches-other-roster-hospital | mrf-header-name-without-location",,Compare facility identity and inspect unparsed metadata
461301,INTERMOUNTAIN HEALTH FILLMORE COMMUNITY HOSPITAL,UT,compliant-date-unverified,identity-or-format-review,response received,entries retrieved,unresolved,response received,unverified,https://intermountainhealthcare.org/sc10media/files/intermountain-health/locations/hospital-prices/price-transparency.txt,,,,,2026-09-09T02:09:23.817Z,identity-or-format-review,native|curl,facility-identity-or-metadata-unresolved,"curl: (28) Operation timed out after 15011 milliseconds with 0 bytes received
 | metadata-incomplete-or-request-failed | request timeout | curl: (28) Operation timed out after 15003 milliseconds with 0 bytes received
 | request deadline exceeded | mrf-header-does-not-match-unresolved-roster | curl: (28) Operation timed out after 15015 milliseconds with 0 bytes received
 | curl: (28) Operation timed out after 15012 milliseconds with 0 bytes received
 | header-matches-other-roster-hospital | mrf-header-name-without-location",,Compare facility identity and inspect unparsed metadata
461303,INTERMOUNTAIN HEALTH SANPETE VALLEY HOSPITAL,UT,compliant-date-unverified,identity-or-format-review,response received,entries retrieved,unresolved,response received,unverified,https://intermountainhealthcare.org/sc10media/files/intermountain-health/locations/hospital-prices/price-transparency.txt,,,,,2026-09-09T02:09:23.817Z,identity-or-format-review,native|curl,facility-identity-or-metadata-unresolved,"curl: (28) Resolving timed out after 8002 milliseconds
 | metadata-incomplete-or-request-failed | request deadline exceeded | header-matches-other-roster-hospital | request timeout",,Compare facility identity and inspect unparsed metadata
470001,CENTRAL VERMONT MEDICAL CENTER,VT,pointer-blocked-to-automation,identity-or-format-review,response received,entries retrieved,unresolved,response received,unverified,https://www.uvmhealth.org/cms-hpt.txt,,,,,2026-09-09T02:14:53.783Z,identity-or-format-review,native,facility-identity-or-metadata-unresolved,mrf-header-name-without-location | mrf-header-does-not-match-unresolved-roster | header-matches-other-roster-hospital,,Compare facility identity and inspect unparsed metadata
471300,GRACE COTTAGE HOSPITAL,VT,compliant-date-unverified,identity-or-format-review,response received,entries retrieved,unresolved,response received,unverified,https://gracecottage.org/cms-hpt.txt,,,,,2026-09-09T02:14:42.550Z,identity-or-format-review,native|curl,facility-identity-or-metadata-unresolved,mrf-header-name-without-location,,Compare facility identity and inspect unparsed metadata
471306,SPRINGFIELD HOSPITAL,VT,compliant-date-unverified,identity-or-format-review,response received,entries retrieved,unresolved,response received,unverified,https://springfieldhospital.org/cms-hpt.txt,,,,,2026-09-09T02:14:48.497Z,identity-or-format-review,native|curl,facility-identity-or-metadata-unresolved,mrf-header-name-without-location,,Compare facility identity and inspect unparsed metadata
490104,HIRAM W DAVIS MEDICAL CENTER,VA,mrf-stale-over-365-days,identity-or-format-review,response received,entries retrieved,unresolved,response received,unverified,https://dbhds.virginia.gov/cms-hpt.txt,,,,,2026-09-09T02:11:16.591Z,identity-or-format-review,native,facility-identity-or-metadata-unresolved,mrf-header-name-without-location | mrf-header-does-not-match-unresolved-roster | metadata-incomplete-or-request-failed | mrf-header-has-no-license-state | HTTP 404 | header-matches-other-roster-hospital,,Compare facility identity and inspect unparsed metadata
494021,WESTERN STATE HOSPITAL,VA,mrf-stale-over-365-days,identity-or-format-review,response received,not retrieved,unresolved,response received,unverified,https://dbhds.virginia.gov/cms-hpt.txt,,,,,2026-09-09T02:14:56.092Z,identity-or-format-review,native|curl,facility-identity-or-metadata-unresolved,mrf-header-does-not-match-unresolved-roster | mrf-header-name-without-location | metadata-incomplete-or-request-failed | mrf-header-has-no-license-state | HTTP 404 | header-matches-other-roster-hospital,,Compare facility identity and inspect unparsed metadata
494029,SOUTHWESTERN VIRGINIA MENTAL HEALTH INSTITUTE,VA,mrf-stale-over-365-days,identity-or-format-review,response received,entries retrieved,unresolved,response received,unverified,https://dbhds.virginia.gov/cms-hpt.txt,,,,,2026-09-09T02:11:16.591Z,identity-or-format-review,native,facility-identity-or-metadata-unresolved,mrf-header-name-without-location | header-matches-other-roster-hospital | mrf-header-does-not-match-unresolved-roster | metadata-incomplete-or-request-failed | mrf-header-has-no-license-state | HTTP 404,,Compare facility identity and inspect unparsed metadata
500044,DEACONESS MEDICAL CENTER,WA,not-assessed-not-named-in-file,identity-or-format-review,response received,entries retrieved,unresolved,response received,unverified,https://www.multicare.org/cms-hpt.txt,,,,,2026-09-09T02:14:56.558Z,identity-or-format-review,native|curl,facility-identity-or-metadata-unresolved,mrf-header-does-not-match-unresolved-roster | mrf-header-name-without-location | header-matches-other-roster-hospital,,Compare facility identity and inspect unparsed metadata
501316,KLICKITAT VALLEY HOSPITAL,WA,mrf-stale-over-365-days,identity-or-format-review,response received,entries retrieved,corroborated,response received,date-within-365-days-version-3,https://kvhealth.net/cms-hpt.txt,https://klickitat.pt.panaceainc.com/MRFDownload/klickitat/klickitat,2026-03-31,3.0.0,,2026-09-09T02:30:28.826Z,identity-or-format-review,native|curl|glm-5.3-flash,official-pointer-or-metadata-unresolved,mrf-header-does-not-match-unresolved-roster,,Resolve official pointer linkage or conflicting metadata
520021,FROEDTERT SOUTH INC.,WI,not-assessed-not-named-in-file,identity-or-format-review,response received,not retrieved,unresolved,response received,unverified,https://www.froedtert.com/sites/default/files/upload/docs/patients-visitors/cms-hpt.txt,,,,,2026-09-09T02:15:29.675Z,identity-or-format-review,native|curl,facility-identity-or-metadata-unresolved,header-matches-other-roster-hospital | mrf-header-does-not-match-unresolved-roster | request timeout | mrf-header-name-without-location,,Compare facility identity and inspect unparsed metadata
520103,COMMUNITY MEMORIAL HOSPITAL,WI,not-assessed-not-named-in-file,identity-or-format-review,response received,not retrieved,unresolved,response received,unverified,https://www.froedtert.com/sites/default/files/upload/docs/patients-visitors/cms-hpt.txt,,,,,2026-09-09T02:15:29.675Z,identity-or-format-review,native|curl,facility-identity-or-metadata-unresolved,header-matches-other-roster-hospital | mrf-header-does-not-match-unresolved-roster | request timeout | mrf-header-name-without-location,,Compare facility identity and inspect unparsed metadata
521307,CHIPPEWA VALLEY HOSPITAL,WI,not-assessed-not-named-in-file,identity-or-format-review,response received,entries retrieved,unresolved,response received,unverified,https://www.adventhealth.com/cms-hpt.txt,,,,,2026-09-09T02:12:07.529Z,identity-or-format-review,native|curl,facility-identity-or-metadata-unresolved,"curl: (28) Resolving timed out after 8009 milliseconds
 | metadata-incomplete-or-request-failed | request deadline exceeded | curl: (28) Operation timed out after 11553 milliseconds with 0 bytes received
 | request timeout | header-matches-other-roster-hospital",,Compare facility identity and inspect unparsed metadata
521324,"ASPIRUS MEDFORD HOSPITAL & CLINICS, INC",WI,mrf-stale-over-365-days,identity-or-format-review,response received,entries retrieved,unresolved,response received,unverified,https://www.aspirus.org/cms-hpt.txt,,,,,2026-09-09T02:10:59.564Z,identity-or-format-review,native,facility-identity-or-metadata-unresolved,mrf-header-does-not-match-unresolved-roster,,Compare facility identity and inspect unparsed metadata
521335,HUDSON HOSPITAL,WI,not-assessed-not-named-in-file,identity-or-format-review,response received,entries retrieved,unresolved,response received,unverified,https://www.healthpartners.com/cms-hpt.txt,,,,,2026-09-09T02:12:33.935Z,identity-or-format-review,native,facility-identity-or-metadata-unresolved,mrf-header-does-not-match-unresolved-roster,,Compare facility identity and inspect unparsed metadata
521350,LANGLADE HOSPITAL,WI,mrf-stale-over-365-days,identity-or-format-review,response received,entries retrieved,unresolved,response received,unverified,https://www.aspirus.org/cms-hpt.txt,,,,,2026-09-09T02:10:59.564Z,identity-or-format-review,native,facility-identity-or-metadata-unresolved,mrf-header-does-not-match-unresolved-roster,,Compare facility identity and inspect unparsed metadata
670006,THE HOSPITAL AT WESTLAKE MEDICAL CENTER,TX,mrf-stale-over-365-days,identity-or-format-review,response received,not retrieved,unresolved,response received,unverified,https://www.westlakemedical.com/cms-hpt.txt,,,,,2026-09-09T02:15:30.029Z,identity-or-format-review,native|curl|glm-5.3-flash,facility-identity-or-metadata-unresolved,mrf-header-name-without-location | metadata-incomplete-or-request-failed | mrf-header-has-no-license-state,,Compare facility identity and inspect unparsed metadata
670056,ASCENSION  SETON HAYS,TX,compliant-date-unverified,identity-or-format-review,response received,entries retrieved,unresolved,response received,unverified,https://healthcare.ascension.org/-/media/Healthcare/cms-hpt.txt,,,,,2026-09-09T02:11:30.797Z,identity-or-format-review,native|curl,facility-identity-or-metadata-unresolved,"metadata-incomplete-or-request-failed | mrf-header-has-no-license-state | header-matches-other-roster-hospital | mrf-header-name-without-location | request deadline exceeded | request timeout | ambiguous-mrf-header-identity | curl: (28) Operation timed out after 15003 milliseconds with 0 bytes received
 | mrf-header-does-not-match-unresolved-roster | curl: (28) Resolving timed out after 8005 milliseconds
 | curl: (28) Operation timed out after 15012 milliseconds with 0 bytes received
 | curl: (28) Operation timed out after 15016 milliseconds with 0 bytes received
 | curl: (28) Operation timed out after 15001 milliseconds with 0 bytes received
",,Compare facility identity and inspect unparsed metadata
670090,CRESCENT MEDICAL CENTER LANCASTER,TX,compliant-date-unverified,identity-or-format-review,response received,entries retrieved,unresolved,response received,unverified,https://crescentregionalhospital.com/cms-hpt.txt,,,,,2026-09-09T02:15:14.797Z,identity-or-format-review,native|curl,facility-identity-or-metadata-unresolved,mrf-header-does-not-match-unresolved-roster,,Compare facility identity and inspect unparsed metadata
671300,GRAHAM REGIONAL MEDICAL CENTER,TX,compliant-date-unverified,publisher-date-review,response received,entries retrieved,corroborated,response received,date-over-365-days,https://3a8fe0be-6bd3-4fb3-8ed2-9c9666b2b893.usrfiles.com/ugd/3a8fe0_de920787b0134273a40628d34dff9fb1.txt,https://secure.claraprice.net/price-transparency/JXVV-1691592288793/machine-readable/752597537_graham-regional-medical-center_standardcharges.json,2025-07-03,3.0.0,,2026-09-09T02:38:37.282Z,identity-or-format-review,native,,date-over-365-days,,Review the exact declared metadata before publisher inquiry
671303,EASTLAND MEMORIAL HOSPITAL,TX,compliant-date-unverified,publisher-date-review,response received,entries retrieved,corroborated,response received,date-over-365-days,https://www.eastlandmemorial.com/cms-hpt.txt,https://secure.claraprice.net/price-transparency/LQY8707441269/machine-readable/752313255_eastland-memorial-hospital_standardcharges.json,2025-06-27,3.0.0,,2026-09-09T02:35:26.349Z,identity-or-format-review,native,,date-over-365-days,,Review the exact declared metadata before publisher inquiry
010012,DEKALB REGIONAL MEDICAL CENTER,AL,not-assessed-not-named-in-file,pointer-or-domain-review,response received,entries retrieved,unresolved,unresolved,unverified,https://dekalbregional.com/cms-hpt.txt,,,,,2026-09-09T02:15:26.026Z,pointer-or-domain-review,native|curl,retrieval-or-domain-unresolved,"curl: (28) Resolving timed out after 8009 milliseconds
 | metadata-incomplete-or-request-failed | ENOTFOUND",,Continue bounded browser or official-domain discovery
010019,HELEN KELLER HOSPITAL,AL,not-assessed-site-unreachable,pointer-or-domain-review,not verified,not retrieved,unresolved,unresolved,unverified,,,,,,2026-09-09T02:15:45.397Z,pointer-or-domain-review,native|curl|web-search-verification,retrieval-or-domain-unresolved,"curl: (28) Resolving timed out after 8004 milliseconds
 at https://huntsvillehospital.org/cms-hpt.txt | curl: (6) Could not resolve host: huntsvillehospital.org
 at https://huntsvillehospital.org/.well-known/cms-hpt.txt | curl: (6) Could not resolve host: huntsvillehospital.org
 at https://huntsvillehospital.org/ | curl: (28) Resolving timed out after 8007 milliseconds
 at https://www.huntsvillehospital.org/cms-hpt.txt",,Continue bounded browser or official-domain discovery
010034,COMMUNITY HOSPITAL INC,AL,no-cms-hpt-txt-published,pointer-or-domain-review,response received,not retrieved,unresolved,response received,unverified,,,,,,2026-09-09T02:15:40.080Z,pointer-or-domain-review,native,facility-identity-or-metadata-unresolved,metadata-incomplete-or-request-failed | mrf-header-has-no-license-state,,Compare facility identity and inspect unparsed metadata
010036,ANDALUSIA HEALTH,AL,not-assessed-site-unreachable,pointer-or-domain-review,not verified,not retrieved,unresolved,unresolved,unverified,,,,,,2026-09-09T02:15:50.386Z,pointer-or-domain-review,native|curl,retrieval-or-domain-unresolved,"curl: (28) Resolving timed out after 8014 milliseconds
 at https://andalusiahealth.com/cms-hpt.txt | HTTP 406 at https://andalusiahealth.com/.well-known/cms-hpt.txt | HTTP 406 at https://andalusiahealth.com/ | HTTP 406 at https://www.andalusiahealth.com/cms-hpt.txt",,Continue bounded browser or official-domain discovery
010045,FAYETTE MEDICAL CENTER,AL,compliant-date-unverified,pointer-or-domain-review,response received,entries retrieved,unresolved,response received,unverified,https://www.dchsystem.com/cms-hpt.txt,,,,,2026-09-09T02:15:50.714Z,pointer-or-domain-review,native|curl,facility-identity-or-metadata-unresolved,mrf-header-name-without-location | header-matches-other-roster-hospital,,Compare facility identity and inspect unparsed metadata
010061,HIGHLANDS MEDICAL CENTER,AL,not-assessed-site-unreachable,pointer-or-domain-review,not verified,not retrieved,unresolved,unresolved,unverified,,,,,,2026-09-09T02:15:51.159Z,pointer-or-domain-review,native|curl|glm-5.3-flash|web-search-verification,retrieval-or-domain-unresolved,"curl: (28) Resolving timed out after 8011 milliseconds
 at https://highlandsmedcenter.com/cms-hpt.txt | curl: (6) Could not resolve host: highlandsmedcenter.com
 at https://highlandsmedcenter.com/.well-known/cms-hpt.txt | curl: (6) Could not resolve host: highlandsmedcenter.com
 at https://highlandsmedcenter.com/ | curl: (28) Resolving timed out after 8012 milliseconds
 at https://highlandsmedcenter.com/patients-visitors/price-transparency | curl: (28) Resolving timed out after 8011 milliseconds
 at https://www.highlandsmedcenter.com/cms-hpt.txt",,Continue bounded browser or official-domain discovery
010079,ATHENS LIMESTONE HOSPITAL,AL,not-assessed-site-unreachable,pointer-or-domain-review,not verified,not retrieved,unresolved,unresolved,unverified,,,,,,2026-09-09T02:15:45.397Z,pointer-or-domain-review,native|curl,retrieval-or-domain-unresolved,"curl: (28) Resolving timed out after 8004 milliseconds
 at https://huntsvillehospital.org/cms-hpt.txt | curl: (6) Could not resolve host: huntsvillehospital.org
 at https://huntsvillehospital.org/.well-known/cms-hpt.txt | curl: (6) Could not resolve host: huntsvillehospital.org
 at https://huntsvillehospital.org/ | curl: (28) Resolving timed out after 8007 milliseconds
 at https://www.huntsvillehospital.org/cms-hpt.txt",,Continue bounded browser or official-domain discovery
010083,BALDWIN HEALTH,AL,no-cms-hpt-txt-published,pointer-or-domain-review,response received,not retrieved,unresolved,unresolved,unverified,,,,,,2026-09-09T02:15:50.183Z,pointer-or-domain-review,native|curl,retrieval-or-domain-unresolved,HTTP 404 at https://southbaldwinrmc.com/cms-hpt.txt | HTTP 404 at https://southbaldwinrmc.com/.well-known/cms-hpt.txt | HTTP 206 at https://southbaldwinrmc.com/ | HTTP 404 at https://www.southbaldwinrmc.com/cms-hpt.txt,,Continue bounded browser or official-domain discovery
010085,DECATUR MORGAN HOSPITAL - DECATUR CAMPUS,AL,not-assessed-site-unreachable,pointer-or-domain-review,not verified,not retrieved,unresolved,unresolved,unverified,,,,,,2026-09-09T02:15:45.397Z,pointer-or-domain-review,native|curl,retrieval-or-domain-unresolved,"curl: (28) Resolving timed out after 8004 milliseconds
 at https://huntsvillehospital.org/cms-hpt.txt | curl: (6) Could not resolve host: huntsvillehospital.org
 at https://huntsvillehospital.org/.well-known/cms-hpt.txt | curl: (6) Could not resolve host: huntsvillehospital.org
 at https://huntsvillehospital.org/ | curl: (28) Resolving timed out after 8007 milliseconds
 at https://www.huntsvillehospital.org/cms-hpt.txt",,Continue bounded browser or official-domain discovery
010112,WHITFIELD REGIONAL HOSPITAL,AL,no-cms-hpt-txt-published,pointer-or-domain-review,response received,not retrieved,corroborated,response received,date-within-365-days-version-3,,https://whitfield.pt.panaceainc.com/MRFDownload/whitfield/whitfield,2026-04-01,3.0.0,,2026-09-09T02:30:30.905Z,pointer-or-domain-review,native|curl,official-pointer-or-metadata-unresolved,"HTTP 404 at https://bwwmh.com/cms-hpt.txt | HTTP 404 at https://bwwmh.com/.well-known/cms-hpt.txt | HTTP 200 at https://bwwmh.com/ | HTTP 200 at https://whitfieldregionalhospital.com/price-transparency/ | HTTP 404 at https://uvj.wxt.mybluehost.me/website_95c3704d/cms-hpt.txt | curl: (28) Resolving timed out after 8008 milliseconds
 at https://www.bwwmh.com/cms-hpt.txt",,Resolve official pointer linkage or conflicting metadata
010118,VAUGHAN REGIONAL MEDICAL CENTER PARKWAY CAMPUS,AL,not-assessed-site-unreachable,pointer-or-domain-review,not verified,not retrieved,unresolved,unresolved,unverified,,,,,,2026-09-09T02:15:54.749Z,pointer-or-domain-review,native|curl,retrieval-or-domain-unresolved,"HTTP 406 at https://vaughanregional.com/cms-hpt.txt | HTTP 406 at https://vaughanregional.com/.well-known/cms-hpt.txt | HTTP 406 at https://vaughanregional.com/ | curl: (28) Resolving timed out after 8011 milliseconds
 at https://www.vaughanregional.com/cms-hpt.txt",,Continue bounded browser or official-domain discovery
010131,CRESTWOOD MEDICAL CENTER,AL,not-assessed-site-unreachable,pointer-or-domain-review,not verified,not retrieved,unresolved,unresolved,unverified,,,,,,2026-09-09T02:16:14.376Z,pointer-or-domain-review,native|curl,retrieval-or-domain-unresolved,"curl: (28) Resolving timed out after 8010 milliseconds
 at https://crestwoodmedcenter.com/cms-hpt.txt | curl: (28) Resolving timed out after 8011 milliseconds
 at https://crestwoodmedcenter.com/.well-known/cms-hpt.txt | curl: (6) Could not resolve host: crestwoodmedcenter.com
 at https://crestwoodmedcenter.com/ | curl: (28) Resolving timed out after 8001 milliseconds
 at https://www.crestwoodmedcenter.com/cms-hpt.txt",,Continue bounded browser or official-domain discovery
010148,EVERGREEN MEDICAL CENTER,AL,mrf-blocked-to-automation,pointer-or-domain-review,response received,entries retrieved,unresolved,unresolved,unverified,https://www.evergreenmedical.org/cms-hpt.txt,,,,,2026-09-09T02:16:09.472Z,pointer-or-domain-review,native,retrieval-or-domain-unresolved,metadata-incomplete-or-request-failed | HTTP 403,,Continue bounded browser or official-domain discovery
010150,THE HEALTH CARE AUTHORITY OF THE CITY OF GREENVILLE- LV STABLER HOSPITAL,AL,mrf-stale-over-365-days,pointer-or-domain-review,response received,entries retrieved,unresolved,response received,unverified,https://www.rmcca.com/cms-hpt.txt,,,,,2026-09-09T02:16:17.804Z,pointer-or-domain-review,native|curl,facility-identity-or-metadata-unresolved,HPE_INVALID_HEADER_TOKEN | mrf-header-name-without-location,,Compare facility identity and inspect unparsed metadata
011302,RED BAY HOSPITAL,AL,not-assessed-not-named-in-file,pointer-or-domain-review,response received,entries retrieved,unresolved,response received,unverified,https://healthy.kaiserpermanente.org/cms-hpt.txt,,,,,2026-09-09T02:16:08.076Z,pointer-or-domain-review,native|web-search-verification,facility-identity-or-metadata-unresolved,mrf-header-name-without-location | header-matches-other-roster-hospital,,Compare facility identity and inspect unparsed metadata
011311,LAKELAND COMMUNITY HOSPITAL,AL,no-cms-hpt-txt-published,pointer-or-domain-review,response received,not retrieved,unresolved,unresolved,unverified,,,,,,2026-09-09T02:16:08.674Z,pointer-or-domain-review,native,retrieval-or-domain-unresolved,HTTP 404 at https://lakelandcommunityhospital.com/cms-hpt.txt | HTTP 404 at https://lakelandcommunityhospital.com/.well-known/cms-hpt.txt | HTTP 200 at https://lakelandcommunityhospital.com/ | HTTP 404 at https://lakelandcommunityhospital.com/cms-hpt.txt#fl-main-content | HTTP 200 at http://lakelandcommunityhospital.com/billing-finances/#online | HTTP 200 at https://lakelandcommunityhospital.com/billing-finances/ | HTTP 206 at http://lakelandcommunityhospital.com/wp-content/uploads/2022/12/no-surprise-billing-information.pdf | HTTP 200 at https://lakelandcommunityhospital.com/billing-finances/#price,,Continue bounded browser or official-domain discovery
014000,HILL CREST BEHAVIORAL HEALTH SERVICES,AL,pointer-blocked-to-automation,pointer-or-domain-review,not verified,not retrieved,unresolved,unresolved,unverified,,,,,,2026-09-09T02:16:08.155Z,pointer-or-domain-review,native|curl|glm-5.3-flash|web-search-verification,retrieval-or-domain-unresolved,"HTTP 403 at https://hillcrestbhs.com/cms-hpt.txt | HTTP 403 at https://hillcrestbhs.com/.well-known/cms-hpt.txt | HTTP 403 at https://hillcrestbhs.com/ | curl: (28) Resolving timed out after 8000 milliseconds
 at https://www.hillcrestbhs.com/cms-hpt.txt",,Continue bounded browser or official-domain discovery
021305,SEARHC WRANGELL MEDICAL CENTER & LTC,AK,no-cms-hpt-txt-published,pointer-or-domain-review,response received,not retrieved,unresolved,unresolved,unverified,,,,,,2026-09-09T02:16:09.679Z,pointer-or-domain-review,native|curl,retrieval-or-domain-unresolved,"HTTP 404 at https://searhc.org/cms-hpt.txt | HTTP 404 at https://searhc.org/.well-known/cms-hpt.txt | HTTP 200 at https://searhc.org/ | HTTP 200 at https://searhc.org/patient-resources/billing-financing/ | HTTP 200 at https://searhc.org/about-us/#reports-impact-transparency | HTTP 200 at http://searhc.org/patient-resources/billing-financing/ | HTTP 200 at https://searhc.org/patient-resources/billing-financing/# | HTTP 206 at http://searhc.org/wp-content/uploads/2026/04/Mt-Edgecumbe-Medical-Center-Standard-Charges.xlsx | curl: (28) Resolving timed out after 8011 milliseconds
 at https://www.searhc.org/cms-hpt.txt",,Continue bounded browser or official-domain discovery
021311,PEACEHEALTH KETCHIKAN MEDICAL CENTER,AK,pointer-blocked-to-automation,pointer-or-domain-review,not verified,not retrieved,unresolved,unresolved,unverified,,,,,,2026-09-09T02:16:09.747Z,pointer-or-domain-review,native|curl,retrieval-or-domain-unresolved,"HTTP 403 at https://peacehealth.org/cms-hpt.txt | HTTP 403 at https://peacehealth.org/.well-known/cms-hpt.txt | HTTP 403 at https://peacehealth.org/ | curl: (28) Resolving timed out after 8002 milliseconds
 at https://www.peacehealth.org/cms-hpt.txt",,Continue bounded browser or official-domain discovery
021312,SAMUEL SIMMONDS MEMORIAL HOSPITAL,AK,not-assessed-site-unreachable,pointer-or-domain-review,response received,not retrieved,unresolved,unresolved,unverified,,,,,,2026-09-09T02:16:10.716Z,pointer-or-domain-review,native|curl,retrieval-or-domain-unresolved,"HTTP 404 at https://arcticslope.org/cms-hpt.txt | HTTP 404 at https://arcticslope.org/.well-known/cms-hpt.txt | HTTP 206 at https://arcticslope.org/ | HTTP 404 at https://arcticslope.org/cms-hpt.txt# | HTTP 404 at https://arcticslope.org/.well-known/cms-hpt.txt# | curl: (28) Resolving timed out after 8010 milliseconds
 at https://www.arcticslope.org/cms-hpt.txt",,Continue bounded browser or official-domain discovery
030061,BANNER BOSWELL MEDICAL CENTER,AZ,pointer-blocked-to-automation,pointer-or-domain-review,response received,entries retrieved,unresolved,response received,unverified,https://www.bannerhealth.com/cms-hpt.txt,,,,,2026-09-09T02:16:34.287Z,pointer-or-domain-review,native|curl,facility-identity-or-metadata-unresolved,"mrf-header-name-without-location | header-matches-other-roster-hospital | curl: (28) Resolving timed out after 8012 milliseconds
 | metadata-incomplete-or-request-failed | request timeout | mrf-header-does-not-match-unresolved-roster",,Compare facility identity and inspect unparsed metadata
030064,BANNER - UNIVERSITY MEDICAL CENTER TUCSON CAMPUS,AZ,pointer-blocked-to-automation,pointer-or-domain-review,response received,entries retrieved,unresolved,response received,unverified,https://www.bannerhealth.com/cms-hpt.txt,,,,,2026-09-09T02:16:34.287Z,pointer-or-domain-review,native|curl,facility-identity-or-metadata-unresolved,"mrf-header-name-without-location | header-matches-other-roster-hospital | curl: (28) Resolving timed out after 8012 milliseconds
 | metadata-incomplete-or-request-failed | request timeout | mrf-header-does-not-match-unresolved-roster",,Compare facility identity and inspect unparsed metadata
030130,BANNER IRONWOOD MEDICAL CENTER,AZ,pointer-blocked-to-automation,pointer-or-domain-review,response received,entries retrieved,unresolved,response received,unverified,https://www.bannerhealth.com/cms-hpt.txt,,,,,2026-09-09T02:16:34.287Z,pointer-or-domain-review,native|curl,facility-identity-or-metadata-unresolved,"curl: (28) Resolving timed out after 8012 milliseconds
 | metadata-incomplete-or-request-failed | request timeout | header-matches-other-roster-hospital | mrf-header-name-without-location | mrf-header-does-not-match-unresolved-roster",,Compare facility identity and inspect unparsed metadata
030138,CITY OF HOPE CANCER CENTER PHOENIX,AZ,pointer-blocked-to-automation,pointer-or-domain-review,not verified,not retrieved,unresolved,unresolved,unverified,,,,,,2026-09-09T02:16:18.391Z,pointer-or-domain-review,native,retrieval-or-domain-unresolved,HTTP 403 at https://cancercenter.com/cms-hpt.txt | HTTP 403 at https://cancercenter.com/.well-known/cms-hpt.txt | HTTP 403 at https://cancercenter.com/ | HTTP 403 at https://www.cancercenter.com/cms-hpt.txt,,Continue bounded browser or official-domain discovery
031309,SAGE MEMORIAL HOSPITAL,AZ,no-cms-hpt-txt-published,pointer-or-domain-review,response received,not retrieved,unresolved,unresolved,unverified,,,,,,2026-09-09T02:16:19.308Z,pointer-or-domain-review,native,retrieval-or-domain-unresolved,HTTP 404 at https://sagememorial.com/cms-hpt.txt | HTTP 404 at https://sagememorial.com/.well-known/cms-hpt.txt | HTTP 200 at https://sagememorial.com/ | HTTP 404 at https://sagememorial.com/cms-hpt.txt# | HTTP 200 at https://sagememorial.com/insurance-billing-information/ | HTTP 404 at https://sagememorial.com/cms-hpt.txt#top | HTTP 404 at https://sagememorial.com/.well-known/cms-hpt.txt# | HTTP 404 at https://sagememorial.com/.well-known/cms-hpt.txt#top | HTTP 404 at https://www.sagememorial.com/cms-hpt.txt,,Continue bounded browser or official-domain discovery
034023,THE GUIDANCE CENTER,AZ,no-cms-hpt-txt-published,pointer-or-domain-review,response received,not retrieved,unresolved,unresolved,unverified,,,,,,2026-09-09T02:16:19.065Z,pointer-or-domain-review,native,retrieval-or-domain-unresolved,HTTP 404 at https://tgcaz.org/cms-hpt.txt | HTTP 404 at https://tgcaz.org/.well-known/cms-hpt.txt | HTTP 206 at https://tgcaz.org/ | HTTP 404 at https://www.tgcaz.org/cms-hpt.txt,,Continue bounded browser or official-domain discovery
040001,SILOAM SPRINGS REGIONAL HOSPITAL,AR,not-assessed-site-unreachable,pointer-or-domain-review,response received,not retrieved,unresolved,unresolved,unverified,,,,,,2026-09-09T02:16:19.110Z,pointer-or-domain-review,native|curl,retrieval-or-domain-unresolved,"HTTP 301 at https://northwesthealth.com/cms-hpt.txt | HTTP 301 at https://northwesthealth.com/.well-known/cms-hpt.txt | HTTP 206 at https://northwesthealth.com/ | HTTP 206 at https://www.freemanhealthnw.com/acquisition | HTTP 206 at https://www.freemanhealthnw.com/billing-information-patients | HTTP 206 at https://www.freemanhealthnw.com/financial-assistance-program | HTTP 206 at https://www.freemanhealthnw.com/billing-information-patients# | HTTP 206 at https://www.freemanhealth.com/sites/default/files/Freeman%20Financial%20Assistance%20Policy.pdf | curl: (6) Could not resolve host: www.freemanhealthnw.comcms-hpt.txt
 at https://www.northwesthealth.com/cms-hpt.txt",,Continue bounded browser or official-domain discovery
040022,NORTHWEST MEDICAL CENTER-SPRINGDALE,AR,not-assessed-site-unreachable,pointer-or-domain-review,response received,not retrieved,unresolved,unresolved,unverified,,,,,,2026-09-09T02:16:19.110Z,pointer-or-domain-review,native|curl,retrieval-or-domain-unresolved,"HTTP 301 at https://northwesthealth.com/cms-hpt.txt | HTTP 301 at https://northwesthealth.com/.well-known/cms-hpt.txt | HTTP 206 at https://northwesthealth.com/ | HTTP 206 at https://www.freemanhealthnw.com/acquisition | HTTP 206 at https://www.freemanhealthnw.com/billing-information-patients | HTTP 206 at https://www.freemanhealthnw.com/financial-assistance-program | HTTP 206 at https://www.freemanhealthnw.com/billing-information-patients# | HTTP 206 at https://www.freemanhealth.com/sites/default/files/Freeman%20Financial%20Assistance%20Policy.pdf | curl: (6) Could not resolve host: www.freemanhealthnw.comcms-hpt.txt
 at https://www.northwesthealth.com/cms-hpt.txt",,Continue bounded browser or official-domain discovery
040147,ARKANSAS SURGICAL HOSPITAL,AR,no-cms-hpt-txt-published,pointer-or-domain-review,response received,not retrieved,unresolved,unresolved,unverified,,,,,,2026-09-09T02:16:19.038Z,pointer-or-domain-review,native,retrieval-or-domain-unresolved,HTTP 200 at https://clariti-health.com/cms-hpt.txt | HTTP 200 at https://clariti-health.com/.well-known/cms-hpt.txt | HTTP 200 at https://clariti-health.com/ | HTTP 206 at https://clariti-health.com/cms-pricing-transparency/ | HTTP 200 at https://clariti-health.com/cms-hpt.txt#contact | HTTP 200 at https://clariti-health.com/.well-known/cms-hpt.txt#contact | HTTP 200 at https://www.hstpathways.com/products/hst-practice-management/ | HTTP 206 at https://www.hstpathways.com/wp-content/uploads/2026/07/Financial-Clearance-One-Pager.pdf,,Continue bounded browser or official-domain discovery
044011,ARKANSAS STATE HOSPITAL,AR,no-cms-hpt-txt-published,pointer-or-domain-review,response received,not retrieved,unresolved,unresolved,unverified,,,,,,2026-09-09T02:16:19.536Z,pointer-or-domain-review,native,retrieval-or-domain-unresolved,HTTP 404 at https://humanservices.arkansas.gov/cms-hpt.txt | HTTP 404 at https://humanservices.arkansas.gov/.well-known/cms-hpt.txt | HTTP 206 at https://humanservices.arkansas.gov/ | HTTP 206 at https://humanservices.arkansas.gov/divisions-shared-services/aging-adult-behavioral-health-services/self-direction-independent-choices/financial-management-services/ | HTTP 206 at https://humanservices.arkansas.gov/divisions-shared-services/aging-adult-behavioral-health-services/self-direction-independent-choices/financial-management-services/#content | HTTP 206 at https://humanservices.arkansas.gov/divisions-shared-services/aging-adult-behavioral-health-services/self-direction-independent-choices/financial-management-services/#mainnav | HTTP 206 at https://humanservices.arkansas.gov/divisions-shared-services/aging-adult-behavioral-health-services/self-direction-independent-choices/financial-management-services/#subnav | HTTP 206 at https://transparency.arkansas.gov/,,Continue bounded browser or official-domain discovery
044021,PERIMETER BEHAVIORAL HOSPITAL OF WEST MEMPHIS,AR,not-assessed-not-named-in-file,pointer-or-domain-review,response received,entries retrieved,unresolved,response received,unverified,https://www.perimeterhealthcare.com/cms-hpt.txt,,,,,2026-09-09T02:11:23.829Z,pointer-or-domain-review,native,facility-identity-or-metadata-unresolved,header-matches-other-roster-hospital | mrf-header-does-not-match-unresolved-roster,,Compare facility identity and inspect unparsed metadata
050025,UC SAN DIEGO HEALTH HILLCREST - HILLCREST MED CTR,CA,not-assessed-site-unreachable,pointer-or-domain-review,not verified,not retrieved,unresolved,unresolved,unverified,,,,,,2026-09-09T02:16:38.666Z,pointer-or-domain-review,native|curl,retrieval-or-domain-unresolved,"curl: (28) Resolving timed out after 8009 milliseconds
 at https://health.ucsd.edu/cms-hpt.txt | curl: (6) Could not resolve host: health.ucsd.edu
 at https://health.ucsd.edu/.well-known/cms-hpt.txt | curl: (28) Resolving timed out after 8000 milliseconds
 at https://health.ucsd.edu/",,Continue bounded browser or official-domain discovery
050028,MAD RIVER COMMUNITY HOSPITAL,CA,no-cms-hpt-txt-published,pointer-or-domain-review,response received,not retrieved,unresolved,unresolved,unverified,,,,,,2026-09-09T02:16:22.962Z,pointer-or-domain-review,native,retrieval-or-domain-unresolved,HTTP 202 at https://madriverhospital.com/cms-hpt.txt | HTTP 202 at https://madriverhospital.com/.well-known/cms-hpt.txt | HTTP 202 at https://madriverhospital.com/ | HTTP 202 at https://www.madriverhospital.com/cms-hpt.txt,,Continue bounded browser or official-domain discovery
050115,PALOMAR HEALTH DOWNTOWN CAMPUS,CA,no-cms-hpt-txt-published,pointer-or-domain-review,response received,not retrieved,unresolved,unresolved,unverified,,,,,,2026-09-09T02:16:35.953Z,pointer-or-domain-review,native,retrieval-or-domain-unresolved,HTTP 404 at https://palomarhealth.org/cms-hpt.txt | HTTP 404 at https://palomarhealth.org/.well-known/cms-hpt.txt | HTTP 206 at https://palomarhealth.org/ | HTTP 404 at https://palomarucsdhealth.org/cms-hpt.txt#content | HTTP 404 at https://palomarucsdhealth.org/cms-hpt.txt# | HTTP 206 at https://palomarucsdhealth.org/patient-financial-services/ | HTTP 200 at https://palomarucsdhealth.org/patient-financial-services/frequently-asked-questions/ | HTTP 200 at https://palomarucsdhealth.org/patient-and-visitor-information/price-transparency/ | HTTP 404 at https://www.palomarhealth.org/cms-hpt.txt,,Continue bounded browser or official-domain discovery
050211,ALAMEDA HOSPITAL,CA,not-assessed-site-unreachable,pointer-or-domain-review,not verified,not retrieved,unresolved,unresolved,unverified,,,,,,2026-09-09T02:16:42.298Z,pointer-or-domain-review,native|curl,retrieval-or-domain-unresolved,"curl: (28) Resolving timed out after 8014 milliseconds
 at https://alamedahealthsystem.org/cms-hpt.txt | curl: (28) Connection timed out after 8009 milliseconds
 at https://alamedahealthsystem.org/.well-known/cms-hpt.txt | curl: (28) Connection timed out after 8003 milliseconds
 at https://alamedahealthsystem.org/ | curl: (28) Resolving timed out after 8012 milliseconds
 at https://www.alamedahealthsystem.org/cms-hpt.txt",,Continue bounded browser or official-domain discovery
050320,HIGHLAND HOSPITAL,CA,not-assessed-site-unreachable,pointer-or-domain-review,not verified,not retrieved,unresolved,unresolved,unverified,,,,,,2026-09-09T02:16:42.298Z,pointer-or-domain-review,native|curl,retrieval-or-domain-unresolved,"curl: (28) Resolving timed out after 8014 milliseconds
 at https://alamedahealthsystem.org/cms-hpt.txt | curl: (28) Connection timed out after 8009 milliseconds
 at https://alamedahealthsystem.org/.well-known/cms-hpt.txt | curl: (28) Connection timed out after 8003 milliseconds
 at https://alamedahealthsystem.org/ | curl: (28) Resolving timed out after 8012 milliseconds
 at https://www.alamedahealthsystem.org/cms-hpt.txt",,Continue bounded browser or official-domain discovery
050438,HUNTINGTON HOSPITAL,CA,pointer-blocked-to-automation,pointer-or-domain-review,not verified,not retrieved,unresolved,unresolved,unverified,,,,,,2026-09-09T02:16:31.645Z,pointer-or-domain-review,native,retrieval-or-domain-unresolved,HTTP 403 at https://huntingtonhealth.org/cms-hpt.txt | HTTP 403 at https://huntingtonhealth.org/.well-known/cms-hpt.txt | HTTP 403 at https://huntingtonhealth.org/ | HTTP 404 at https://www.huntingtonhealth.org/cms-hpt.txt,,Continue bounded browser or official-domain discovery
050543,COLLEGE HOSPITAL COSTA MESA,CA,no-cms-hpt-txt-published,pointer-or-domain-review,response received,not retrieved,unresolved,unresolved,unverified,,,,,,2026-09-09T02:16:31.596Z,pointer-or-domain-review,native,retrieval-or-domain-unresolved,HTTP 202 at https://chc.la/cms-hpt.txt | HTTP 202 at https://chc.la/.well-known/cms-hpt.txt | HTTP 202 at https://chc.la/ | HTTP 202 at https://www.chc.la/cms-hpt.txt,,Continue bounded browser or official-domain discovery
050636,PALOMAR MEDICAL CENTER POWAY,CA,no-cms-hpt-txt-published,pointer-or-domain-review,response received,not retrieved,unresolved,unresolved,unverified,,,,,,2026-09-09T02:16:35.953Z,pointer-or-domain-review,native,retrieval-or-domain-unresolved,HTTP 404 at https://palomarhealth.org/cms-hpt.txt | HTTP 404 at https://palomarhealth.org/.well-known/cms-hpt.txt | HTTP 206 at https://palomarhealth.org/ | HTTP 404 at https://palomarucsdhealth.org/cms-hpt.txt#content | HTTP 404 at https://palomarucsdhealth.org/cms-hpt.txt# | HTTP 206 at https://palomarucsdhealth.org/patient-financial-services/ | HTTP 200 at https://palomarucsdhealth.org/patient-financial-services/frequently-asked-questions/ | HTTP 200 at https://palomarucsdhealth.org/patient-and-visitor-information/price-transparency/ | HTTP 404 at https://www.palomarhealth.org/cms-hpt.txt,,Continue bounded browser or official-domain discovery
050704,MISSION COMMUNITY HOSPITAL,CA,not-assessed-not-named-in-file,pointer-or-domain-review,response received,entries retrieved,unresolved,response received,unverified,https://www.missionhealth.org/cms-hpt.txt,,,,,2026-09-09T02:17:03.628Z,pointer-or-domain-review,native|curl,facility-identity-or-metadata-unresolved,mrf-header-does-not-match-unresolved-roster,,Compare facility identity and inspect unparsed metadata
050708,FRESNO SURGICAL HOSPITAL,CA,pointer-blocked-to-automation,pointer-or-domain-review,not verified,not retrieved,unresolved,unresolved,unverified,,,,,,2026-09-09T02:16:32.650Z,pointer-or-domain-review,native,retrieval-or-domain-unresolved,HTTP 403 at https://fresnosurgicalhospital.com/cms-hpt.txt | HTTP 403 at https://fresnosurgicalhospital.com/.well-known/cms-hpt.txt | HTTP 403 at https://fresnosurgicalhospital.com/ | HTTP 403 at https://www.fresnosurgicalhospital.com/cms-hpt.txt,,Continue bounded browser or official-domain discovery
050726,STANISLAUS SURGICAL HOSPITAL,CA,not-assessed-site-unreachable,pointer-or-domain-review,not verified,not retrieved,unresolved,unresolved,unverified,,,,,,2026-09-09T02:16:32.729Z,pointer-or-domain-review,native|curl,retrieval-or-domain-unresolved,"curl: (6) Could not resolve host: stanislaussurgical.com
 at https://stanislaussurgical.com/cms-hpt.txt | curl: (6) Could not resolve host: stanislaussurgical.com
 at https://stanislaussurgical.com/.well-known/cms-hpt.txt | curl: (6) Could not resolve host: stanislaussurgical.com
 at https://stanislaussurgical.com/ | curl: (6) Could not resolve host: www.stanislaussurgical.com
 at https://www.stanislaussurgical.com/cms-hpt.txt",,Continue bounded browser or official-domain discovery
050785,DOCS SURGICAL HOSPITAL,CA,pointer-blocked-to-automation,pointer-or-domain-review,response received,not retrieved,unresolved,unresolved,unverified,,,,,,2026-09-09T02:16:48.098Z,pointer-or-domain-review,native,retrieval-or-domain-unresolved,HTTP 404 at https://docshealth.com/cms-hpt.txt | HTTP 403 at https://docshealth.com/.well-known/cms-hpt.txt | HTTP 206 at https://docshealth.com/ | HTTP 404 at https://www.docshealth.com/cms-hpt.txt#content | HTTP 404 at https://www.docshealth.com/cms-hpt.txt# | HTTP 206 at https://www.docshealth.com/patient-information/pricing-transparency/ | HTTP 206 at https://www.docshealth.com/patient-information/pricing-transparency/#content | HTTP 206 at https://www.docshealth.com/patient-information/pricing-transparency/# | HTTP 404 at https://www.docshealth.com/cms-hpt.txt,,Continue bounded browser or official-domain discovery
060030,BANNER NORTH CO MEDICAL CENTER - LOVELAND CAMPUS,CO,pointer-blocked-to-automation,pointer-or-domain-review,response received,entries retrieved,unresolved,response received,unverified,https://www.bannerhealth.com/cms-hpt.txt,,,,,2026-09-09T02:16:34.287Z,pointer-or-domain-review,native|curl,facility-identity-or-metadata-unresolved,"mrf-header-name-without-location | header-matches-other-roster-hospital | curl: (28) Resolving timed out after 8012 milliseconds
 | metadata-incomplete-or-request-failed | request timeout | mrf-header-does-not-match-unresolved-roster",,Compare facility identity and inspect unparsed metadata
060076,STERLING REGIONAL MEDCENTER,CO,pointer-blocked-to-automation,pointer-or-domain-review,response received,entries retrieved,unresolved,response received,unverified,https://www.bannerhealth.com/cms-hpt.txt,,,,,2026-09-09T02:16:34.287Z,pointer-or-domain-review,native|curl,facility-identity-or-metadata-unresolved,"mrf-header-does-not-match-unresolved-roster | header-matches-other-roster-hospital | mrf-header-name-without-location | curl: (28) Resolving timed out after 8012 milliseconds
 | metadata-incomplete-or-request-failed | request timeout",,Compare facility identity and inspect unparsed metadata
061303,EAST MORGAN COUNTY HOSPITAL,CO,pointer-blocked-to-automation,pointer-or-domain-review,response received,entries retrieved,unresolved,response received,unverified,https://www.bannerhealth.com/cms-hpt.txt,,,,,2026-09-09T02:16:34.287Z,pointer-or-domain-review,native|curl,facility-identity-or-metadata-unresolved,"mrf-header-name-without-location | header-matches-other-roster-hospital | curl: (28) Resolving timed out after 8012 milliseconds
 | metadata-incomplete-or-request-failed | request timeout | mrf-header-does-not-match-unresolved-roster",,Compare facility identity and inspect unparsed metadata
061306,LINCOLN HEALTH HOSPITAL,CO,no-cms-hpt-txt-published,pointer-or-domain-review,response received,not retrieved,unresolved,unresolved,unverified,,,,,,2026-09-09T02:16:33.208Z,pointer-or-domain-review,native,retrieval-or-domain-unresolved,HTTP 202 at https://hugohospital.com/cms-hpt.txt | HTTP 202 at https://hugohospital.com/.well-known/cms-hpt.txt | HTTP 202 at https://hugohospital.com/ | HTTP 202 at https://www.hugohospital.com/cms-hpt.txt,,Continue bounded browser or official-domain discovery
061309,WRAY COMMUNITY DISTRICT HOSPITAL,CO,no-cms-hpt-txt-published,pointer-or-domain-review,response received,not retrieved,unresolved,unresolved,unverified,,,,,,2026-09-09T02:16:33.211Z,pointer-or-domain-review,native|glm-5.3-flash|web-search-verification,retrieval-or-domain-unresolved,HTTP 404 at https://wrayhospital.org/cms-hpt.txt | HTTP 404 at https://wrayhospital.org/.well-known/cms-hpt.txt | HTTP 202 at https://wrayhospital.org/ | HTTP 404 at https://www.wrayhospital.org/cms-hpt.txt,,Continue bounded browser or official-domain discovery
061312,ESTES PARK MEDICAL CENTER,CO,no-cms-hpt-txt-published,pointer-or-domain-review,response received,not retrieved,unresolved,unresolved,unverified,,,,,,2026-09-09T02:16:34.477Z,pointer-or-domain-review,native|curl,retrieval-or-domain-unresolved,"HTTP 206 at https://search.hospitalpriceindex.com/cms-hpt.txt | HTTP 206 at https://search.hospitalpriceindex.com/.well-known/cms-hpt.txt | HTTP 206 at https://search.hospitalpriceindex.com/ | curl: (60) schannel: SNI or certificate check failed: SEC_E_WRONG_PRINCIPAL (0x80090322) - The target principal name is incorrect.
More details here: https://c at https://www.howardcountymedicalcenter.com/for-patients/price-information.html",,Continue bounded browser or official-domain discovery
084004,DOVER BEHAVIORAL HEALTH SYSTEM,DE,pointer-blocked-to-automation,pointer-or-domain-review,not verified,not retrieved,unresolved,unresolved,unverified,,,,,,2026-09-09T02:16:44.611Z,pointer-or-domain-review,native,retrieval-or-domain-unresolved,HTTP 403 at https://doverbehavioral.com/cms-hpt.txt | HTTP 403 at https://doverbehavioral.com/.well-known/cms-hpt.txt | HTTP 403 at https://doverbehavioral.com/ | HTTP 403 at https://www.doverbehavioral.com/cms-hpt.txt,,Continue bounded browser or official-domain discovery
084005,SUN BEHAVIORAL DELAWARE LLC,DE,no-cms-hpt-txt-published,pointer-or-domain-review,response received,not retrieved,unresolved,unresolved,unverified,,,,,,2026-09-09T02:16:46.980Z,pointer-or-domain-review,native,retrieval-or-domain-unresolved,HTTP 202 at https://sundelaware.com/cms-hpt.txt | HTTP 202 at https://sundelaware.com/.well-known/cms-hpt.txt | HTTP 202 at https://sundelaware.com/ | HTTP 202 at https://www.sundelaware.com/cms-hpt.txt,,Continue bounded browser or official-domain discovery
090005,SIBLEY MEMORIAL HOSPITAL,DC,pointer-blocked-to-automation,pointer-or-domain-review,not verified,not retrieved,unresolved,unresolved,unverified,,,,,,2026-09-09T02:11:09.668Z,pointer-or-domain-review,native,retrieval-or-domain-unresolved,HTTP 403 at https://hopkinsmedicine.org/cms-hpt.txt | HTTP 403 at https://hopkinsmedicine.org/.well-known/cms-hpt.txt | HTTP 403 at https://hopkinsmedicine.org/ | HTTP 403 at https://jhm-web-assets.s3.amazonaws.com/?list-type=2&prefix=hopkinsmedicine/prod/charge-fees/ | HTTP 403 at https://www.hopkinsmedicine.org/patient-care/patients-visitors/billing-insurance/pay-bill/charges-fees | HTTP 403 at https://www.hopkinsmedicine.org/cms-hpt.txt,,Continue bounded browser or official-domain discovery
090008,UNITED MEDICAL CENTER,DC,not-assessed-site-unreachable,pointer-or-domain-review,response received,not retrieved,unresolved,unresolved,unverified,,,,,,2026-09-09T02:16:46.745Z,pointer-or-domain-review,native|curl,retrieval-or-domain-unresolved,"HTTP 404 at https://unitedmedicaldc.com/cms-hpt.txt | HTTP 404 at https://unitedmedicaldc.com/.well-known/cms-hpt.txt | HTTP 206 at https://unitedmedicaldc.com/ | curl: (35) schannel: next InitializeSecurityContext failed: SEC_E_INTERNAL_ERROR (0x80090304) - The Local Security Authority cannot be contacted
 at https://www.unitedmedicaldc.com/cms-hpt.txt",,Continue bounded browser or official-domain discovery
094004,PSYCHIATRIC INSTITUTE OF WASHINGTON,DC,pointer-blocked-to-automation,pointer-or-domain-review,not verified,not retrieved,unresolved,unresolved,unverified,,,,,,2026-09-09T02:16:46.975Z,pointer-or-domain-review,native,retrieval-or-domain-unresolved,HTTP 403 at https://psychinstitute.com/cms-hpt.txt | HTTP 403 at https://psychinstitute.com/.well-known/cms-hpt.txt | HTTP 403 at https://psychinstitute.com/ | HTTP 403 at https://www.psychinstitute.com/cms-hpt.txt,,Continue bounded browser or official-domain discovery
100090,FLAGLER HOSPITAL,FL,not-assessed-site-unreachable,pointer-or-domain-review,not verified,not retrieved,unresolved,unresolved,unverified,,,,,,2026-09-09T02:16:48.512Z,pointer-or-domain-review,native,retrieval-or-domain-unresolved,HTTP 404 at https://flaglerhealth.org/cms-hpt.txt | HTTP 404 at https://flaglerhealth.org/.well-known/cms-hpt.txt | HTTP 404 at https://flaglerhealth.org/ | HTTP 404 at https://www.flaglerhealth.org/cms-hpt.txt,,Continue bounded browser or official-domain discovery
100126,HCA FLORIDA PASADENA HOSPITAL A PART OF HCA FLORID,FL,mrf-blocked-to-automation,pointer-or-domain-review,response received,entries retrieved,unresolved,response received,unverified,https://www.hcafloridahealthcare.com/cms-hpt.txt,,,,,2026-09-09T02:17:11.701Z,pointer-or-domain-review,native|curl,facility-identity-or-metadata-unresolved,mrf-header-does-not-match-unresolved-roster | header-matches-other-roster-hospital | mrf-header-name-without-location | ambiguous-mrf-header-identity | metadata-incomplete-or-request-failed | HTTP 403,,Compare facility identity and inspect unparsed metadata
100204,HCA FLORIDA NORTH FLORIDA HOSPITAL,FL,mrf-blocked-to-automation,pointer-or-domain-review,response received,entries retrieved,unresolved,response received,unverified,https://www.hcafloridahealthcare.com/cms-hpt.txt,,,,,2026-09-09T02:17:11.701Z,pointer-or-domain-review,native|curl,facility-identity-or-metadata-unresolved,mrf-header-name-without-location | ambiguous-mrf-header-identity | header-matches-other-roster-hospital | mrf-header-does-not-match-unresolved-roster | metadata-incomplete-or-request-failed | HTTP 403,,Compare facility identity and inspect unparsed metadata
100275,WELLINGTON REGIONAL MEDICAL CENTER,FL,pointer-blocked-to-automation,pointer-or-domain-review,not verified,not retrieved,unresolved,unresolved,unverified,,,,,,2026-09-09T02:16:47.286Z,pointer-or-domain-review,native,retrieval-or-domain-unresolved,HTTP 403 at https://wellingtonregional.com/cms-hpt.txt | HTTP 403 at https://wellingtonregional.com/.well-known/cms-hpt.txt | HTTP 403 at https://wellingtonregional.com/ | HTTP 403 at https://www.wellingtonregional.com/cms-hpt.txt,,Continue bounded browser or official-domain discovery
100277,DOUGLAS GARDENS HOSPITAL,FL,no-cms-hpt-txt-published,pointer-or-domain-review,response received,not retrieved,unresolved,unresolved,unverified,,,,,,2026-09-09T02:16:48.194Z,pointer-or-domain-review,native,retrieval-or-domain-unresolved,HTTP 202 at https://miamijewishhealth.org/cms-hpt.txt | HTTP 202 at https://miamijewishhealth.org/.well-known/cms-hpt.txt | HTTP 202 at https://miamijewishhealth.org/ | HTTP 403 at https://www.miamijewishhealth.org/cms-hpt.txt,,Continue bounded browser or official-domain discovery
100298,FLORIDA STATE HOSPITAL UNIT 31 MED,FL,no-cms-hpt-txt-published,pointer-or-domain-review,response received,not retrieved,unresolved,unresolved,unverified,,,,,,2026-09-09T02:16:48.564Z,pointer-or-domain-review,native,retrieval-or-domain-unresolved,HTTP 404 at https://myflfamilies.com/cms-hpt.txt | HTTP 404 at https://myflfamilies.com/.well-known/cms-hpt.txt | HTTP 206 at https://myflfamilies.com/ | HTTP 404 at https://myflfamilies.com/cms-hpt.txt#main-content | HTTP 404 at https://myflfamilies.com/.well-known/cms-hpt.txt#main-content | HTTP 404 at https://www.myflfamilies.com/cms-hpt.txt,,Continue bounded browser or official-domain discovery
100299,LAKEWOOD RANCH MEDICAL CENTER,FL,pointer-blocked-to-automation,pointer-or-domain-review,not verified,not retrieved,unresolved,unresolved,unverified,,,,,,2026-09-09T02:16:48.174Z,pointer-or-domain-review,native,retrieval-or-domain-unresolved,HTTP 403 at https://lakewoodranchmedicalcenter.com/cms-hpt.txt | HTTP 403 at https://lakewoodranchmedicalcenter.com/.well-known/cms-hpt.txt | HTTP 403 at https://lakewoodranchmedicalcenter.com/ | HTTP 403 at https://www.lakewoodranchmedicalcenter.com/cms-hpt.txt,,Continue bounded browser or official-domain discovery
101303,LAKE BUTLER HOSPITAL,FL,no-cms-hpt-txt-published,pointer-or-domain-review,response received,not retrieved,unresolved,unresolved,unverified,,,,,,2026-09-09T02:16:48.485Z,pointer-or-domain-review,native,retrieval-or-domain-unresolved,HTTP 202 at https://lakebutlerhospital.com/cms-hpt.txt | HTTP 202 at https://lakebutlerhospital.com/.well-known/cms-hpt.txt | HTTP 202 at https://lakebutlerhospital.com/ | HTTP 202 at https://www.lakebutlerhospital.com/cms-hpt.txt,,Continue bounded browser or official-domain discovery
103300,JOHNS HOPKINS ALL CHILDREN'S HOSPITAL,FL,pointer-blocked-to-automation,pointer-or-domain-review,not verified,not retrieved,unresolved,unresolved,unverified,,,,,,2026-09-09T02:16:48.473Z,pointer-or-domain-review,native,retrieval-or-domain-unresolved,HTTP 403 at https://hopkinsallchildrens.org/cms-hpt.txt | HTTP 403 at https://hopkinsallchildrens.org/.well-known/cms-hpt.txt | HTTP 403 at https://hopkinsallchildrens.org/ | HTTP 403 at https://www.hopkinsallchildrens.org/cms-hpt.txt,,Continue bounded browser or official-domain discovery
104007,NORTHEAST FLORIDA STATE HOSPITAL,FL,no-cms-hpt-txt-published,pointer-or-domain-review,response received,not retrieved,unresolved,unresolved,unverified,,,,,,2026-09-09T02:16:48.564Z,pointer-or-domain-review,native,retrieval-or-domain-unresolved,HTTP 404 at https://myflfamilies.com/cms-hpt.txt | HTTP 404 at https://myflfamilies.com/.well-known/cms-hpt.txt | HTTP 206 at https://myflfamilies.com/ | HTTP 404 at https://myflfamilies.com/cms-hpt.txt#main-content | HTTP 404 at https://myflfamilies.com/.well-known/cms-hpt.txt#main-content | HTTP 404 at https://www.myflfamilies.com/cms-hpt.txt,,Continue bounded browser or official-domain discovery
110002,UPSON REGIONAL MEDICAL CENTER,GA,not-assessed-site-unreachable,pointer-or-domain-review,response received,not retrieved,unresolved,unresolved,unverified,,,,,,2026-09-09T02:16:50.495Z,pointer-or-domain-review,native|curl,retrieval-or-domain-unresolved,"HTTP 404 at https://urmc.org/cms-hpt.txt | HTTP 404 at https://urmc.org/.well-known/cms-hpt.txt | HTTP 200 at https://urmc.org/ | HTTP 200 at https://urmc.org/patients-visitors/billing-insurance/ | curl: (28) Resolving timed out after 8007 milliseconds
 at https://urmc.org/transparency-compliance | HTTP 206 at https://urmc.org/financial-assistance-policy-2026/ | HTTP 206 at https://urmc.org/financial-assistance-policy-spanish-2026/",,Continue bounded browser or official-domain discovery
110101,"SOUTHWELL MEDICAL, A CAMPUS OF TRMC",GA,no-cms-hpt-txt-published,pointer-or-domain-review,response received,not retrieved,unresolved,unresolved,unverified,,,,,,2026-09-09T02:16:48.878Z,pointer-or-domain-review,native,retrieval-or-domain-unresolved,HTTP 404 at https://mysouthwell.com/cms-hpt.txt | HTTP 404 at https://mysouthwell.com/.well-known/cms-hpt.txt | HTTP 206 at https://mysouthwell.com/ | HTTP 404 at https://mysouthwell.com/cms-hpt.txt#content | HTTP 404 at https://mysouthwell.com/cms-hpt.txt# | HTTP 206 at https://mysouthwell.com/financial-assistance/ | HTTP 206 at https://mysouthwell.com/price-estimate/ | HTTP 206 at https://mysouthwell.com/billing-and-insurance-information/ | HTTP 404 at https://www.mysouthwell.com/cms-hpt.txt,,Continue bounded browser or official-domain discovery
110128,MEMORIAL HEALTH MEADOWS HOSPITAL,GA,mrf-url-unreachable,pointer-or-domain-review,response received,entries retrieved,unresolved,response received,unverified,https://www.memorialhealth.com/cms-hpt.txt,,,,,2026-09-09T02:17:13.643Z,pointer-or-domain-review,native|curl,facility-identity-or-metadata-unresolved,mrf-header-name-without-location | metadata-incomplete-or-request-failed | HTTP 404,,Compare facility identity and inspect unparsed metadata
110129,ST FRANCIS HOSPITAL- EMORY HEALTHCARE,GA,not-assessed-site-unreachable,pointer-or-domain-review,not verified,not retrieved,unresolved,unresolved,unverified,,,,,,2026-09-09T02:16:49.456Z,pointer-or-domain-review,native|curl|glm-5.3-flash|web-search-verification,retrieval-or-domain-unresolved,HTTP 406 at https://mystfrancis.com/cms-hpt.txt | HTTP 406 at https://mystfrancis.com/.well-known/cms-hpt.txt | HTTP 406 at https://mystfrancis.com/ | HTTP 406 at https://www.mystfrancis.com/contact-us | HTTP 406 at https://www.mystfrancis.com/cms-hpt.txt,,Continue bounded browser or official-domain discovery
110194,DONALSONVILLE HOSPITAL INC,GA,no-cms-hpt-txt-published,pointer-or-domain-review,response received,not retrieved,unresolved,unresolved,unverified,,,,,,2026-09-09T02:17:01.170Z,pointer-or-domain-review,native,retrieval-or-domain-unresolved,HTTP 202 at https://donalsonvillehospital.org/cms-hpt.txt | HTTP 202 at https://donalsonvillehospital.org/.well-known/cms-hpt.txt | HTTP 202 at https://donalsonvillehospital.org/ | HTTP 202 at https://www.donalsonvillehospital.org/cms-hpt.txt,,Continue bounded browser or official-domain discovery
110233,"SOUTHEASTERN REGIONAL MEDICAL CENTER, INC",GA,pointer-blocked-to-automation,pointer-or-domain-review,not verified,not retrieved,unresolved,unresolved,unverified,,,,,,2026-09-09T02:16:18.391Z,pointer-or-domain-review,native,retrieval-or-domain-unresolved,HTTP 403 at https://cancercenter.com/cms-hpt.txt | HTTP 403 at https://cancercenter.com/.well-known/cms-hpt.txt | HTTP 403 at https://cancercenter.com/ | HTTP 403 at https://www.cancercenter.com/cms-hpt.txt,,Continue bounded browser or official-domain discovery
111318,MONROE COUNTY HOSPITAL,GA,no-cms-hpt-txt-published,pointer-or-domain-review,response received,not retrieved,unresolved,unresolved,unverified,,,,,,2026-09-09T02:17:14.469Z,pointer-or-domain-review,native|curl,retrieval-or-domain-unresolved,"curl: (28) Resolving timed out after 8003 milliseconds
 at https://monroehospital.org/cms-hpt.txt | HTTP 202 at https://monroehospital.org/.well-known/cms-hpt.txt | HTTP 202 at https://monroehospital.org/ | HTTP 202 at https://www.monroehospital.org/cms-hpt.txt",,Continue bounded browser or official-domain discovery
111337,ELBERT MEMORIAL HOSPITAL,GA,no-cms-hpt-txt-published,pointer-or-domain-review,response received,not retrieved,unresolved,unresolved,unverified,,,,,,2026-09-09T02:17:15.420Z,pointer-or-domain-review,native|curl,retrieval-or-domain-unresolved,"curl: (28) Resolving timed out after 8001 milliseconds
 at https://emhcare.net/cms-hpt.txt | HTTP 202 at https://emhcare.net/.well-known/cms-hpt.txt | HTTP 202 at https://emhcare.net/ | HTTP 202 at https://www.emhcare.net/cms-hpt.txt",,Continue bounded browser or official-domain discovery
113300,ATHUR M BLANK HOSPITAL,GA,not-assessed-site-unreachable,pointer-or-domain-review,not verified,not retrieved,unresolved,unresolved,unverified,,,,,,2026-09-09T02:17:24.634Z,pointer-or-domain-review,native|curl,retrieval-or-domain-unresolved,"curl: (28) Resolving timed out after 8020 milliseconds
 at https://choaassets.choa.org/cms-hpt.txt | curl: (6) Could not resolve host: choaassets.choa.org
 at https://choaassets.choa.org/.well-known/cms-hpt.txt | curl: (6) Could not resolve host: choaassets.choa.org
 at https://choaassets.choa.org/",,Continue bounded browser or official-domain discovery
113301,CHILDREN'S HEALTHCARE OF ATLANTA AT SCOTTISH RITE,GA,not-assessed-site-unreachable,pointer-or-domain-review,not verified,not retrieved,unresolved,unresolved,unverified,,,,,,2026-09-09T02:17:24.634Z,pointer-or-domain-review,native|curl,retrieval-or-domain-unresolved,"curl: (28) Resolving timed out after 8020 milliseconds
 at https://choaassets.choa.org/cms-hpt.txt | curl: (6) Could not resolve host: choaassets.choa.org
 at https://choaassets.choa.org/.well-known/cms-hpt.txt | curl: (6) Could not resolve host: choaassets.choa.org
 at https://choaassets.choa.org/",,Continue bounded browser or official-domain discovery
114004,SUMMITRIDGE CENTER- PSYCHIATRY & ADDICTIVE MED,GA,pointer-blocked-to-automation,pointer-or-domain-review,not verified,not retrieved,unresolved,unresolved,unverified,,,,,,2026-09-09T02:17:17.837Z,pointer-or-domain-review,native|curl,retrieval-or-domain-unresolved,HTTP 403 at https://summitridgehospital.net/cms-hpt.txt | HTTP 403 at https://summitridgehospital.net/.well-known/cms-hpt.txt | HTTP 403 at https://summitridgehospital.net/ | HTTP 403 at https://www.summitridgehospital.net/cms-hpt.txt,,Continue bounded browser or official-domain discovery
130003,ST JOSEPH REGIONAL MEDICAL CENTER,ID,not-assessed-site-unreachable,pointer-or-domain-review,not verified,not retrieved,unresolved,unresolved,unverified,,,,,,2026-09-09T02:17:19.080Z,pointer-or-domain-review,native,retrieval-or-domain-unresolved,HTTP 406 at https://sjrmc.org/cms-hpt.txt | HTTP 406 at https://sjrmc.org/.well-known/cms-hpt.txt | HTTP 406 at https://sjrmc.org/ | HTTP 406 at https://www.sjrmc.org/cms-hpt.txt,,Continue bounded browser or official-domain discovery
131327,GRITMAN MEDICAL CENTER,ID,no-cms-hpt-txt-published,pointer-or-domain-review,response received,not retrieved,unresolved,unresolved,unverified,,,,,,2026-09-09T02:17:20.054Z,pointer-or-domain-review,native,retrieval-or-domain-unresolved,HTTP 403 at https://gritman.org/cms-hpt.txt | HTTP 202 at https://gritman.org/.well-known/cms-hpt.txt | HTTP 202 at https://gritman.org/ | HTTP 403 at https://www.gritman.org/cms-hpt.txt,,Continue bounded browser or official-domain discovery
140010,NORTHSHORE UNIVERSITY HEALTHSYSTEM - EVANSTON HOSPITAL,IL,not-assessed-site-unreachable,pointer-or-domain-review,response received,entries retrieved,unresolved,response received,unverified,https://www.nch.org/cms-hpt.txt,,,,,2026-09-09T02:17:21.038Z,pointer-or-domain-review,native|curl,facility-identity-or-metadata-unresolved,metadata-incomplete-or-request-failed | UNABLE_TO_VERIFY_LEAF_SIGNATURE | mrf-header-has-no-license-state | header-matches-other-roster-hospital | mrf-header-does-not-match-unresolved-roster,,Compare facility identity and inspect unparsed metadata
140029,COPLEY MEMORIAL HOSPITAL,IL,compliant-date-unverified,pointer-or-domain-review,response received,not retrieved,corroborated,response received,date-within-365-days-version-3,,https://apps.para-hcfs.com/PTT/FinalLinks/Reports.aspx?dbName=dbCMHAURORAIL&type=CDMWithoutLabel&fileType=CSV,2026-07-22,3.0.0,,2026-09-09T02:30:35.503Z,pointer-or-domain-review,native,official-pointer-or-metadata-unresolved,mrf-header-name-without-location | header-matches-other-roster-hospital | Invalid URL | invalid-url-or-tool-error,,Resolve official pointer linkage or conflicting metadata
140063,RUSH OAK PARK HOSPITAL,IL,compliant-date-unverified,pointer-or-domain-review,response received,not retrieved,corroborated,response received,date-within-365-days-version-3,,https://apps.para-hcfs.com/PTT/FinalLinks/Reports.aspx?dbName=dbRushOakPark&type=CDMWithoutLabel&fileType=CSV,2026-07-22,3.0.0,,2026-09-09T02:30:36.665Z,pointer-or-domain-review,native,official-pointer-or-metadata-unresolved,mrf-header-name-without-location | header-matches-other-roster-hospital | Invalid URL | invalid-url-or-tool-error,,Resolve official pointer linkage or conflicting metadata
140095,SAINT ANTHONY HOSPITAL,IL,not-assessed-not-named-in-file,pointer-or-domain-review,response received,entries retrieved,unresolved,response received,unverified,https://www.mercy.net/content/dam/mercy/en/cms-hpt/cms-hpt.txt,,,,,2026-09-09T02:17:24.416Z,pointer-or-domain-review,native,facility-identity-or-metadata-unresolved,header-matches-other-roster-hospital | mrf-header-name-without-location | mrf-header-does-not-match-unresolved-roster,,Compare facility identity and inspect unparsed metadata
140100,"MIDWESTERN REGION MED CENTER, INC",IL,pointer-blocked-to-automation,pointer-or-domain-review,not verified,not retrieved,unresolved,unresolved,unverified,,,,,,2026-09-09T02:16:18.391Z,pointer-or-domain-review,native,retrieval-or-domain-unresolved,HTTP 403 at https://cancercenter.com/cms-hpt.txt | HTTP 403 at https://cancercenter.com/.well-known/cms-hpt.txt | HTTP 403 at https://cancercenter.com/ | HTTP 403 at https://www.cancercenter.com/cms-hpt.txt,,Continue bounded browser or official-domain discovery
140119,RUSH UNIVERSITY MEDICAL CENTER,IL,compliant-date-unverified,pointer-or-domain-review,response received,not retrieved,unresolved,response received,unverified,,,,,,2026-09-09T02:17:20.050Z,pointer-or-domain-review,native,facility-identity-or-metadata-unresolved,mrf-header-name-without-location | header-matches-other-roster-hospital | Invalid URL | invalid-url-or-tool-error,,Compare facility identity and inspect unparsed metadata
140228,UW HEALTH,IL,not-assessed-not-named-in-file,pointer-or-domain-review,not verified,not retrieved,unresolved,unresolved,unverified,,,,,,2026-09-09T02:17:39.385Z,pointer-or-domain-review,native|curl,retrieval-or-domain-unresolved,"curl: (28) Resolving timed out after 8013 milliseconds
 at https://uwhealth.org/cms-hpt.txt | curl: (28) Resolving timed out after 8000 milliseconds
 at https://uwhealth.org/.well-known/cms-hpt.txt | curl: (6) Could not resolve host: uwhealth.org
 at https://uwhealth.org/ | curl: (28) Resolving timed out after 8003 milliseconds
 at https://www.uwhealth.org/cms-hpt.txt",,Continue bounded browser or official-domain discovery
140289,ANDERSON HOSPITAL,IL,not-assessed-site-unreachable,pointer-or-domain-review,response received,not retrieved,unresolved,unresolved,unverified,,,,,,2026-09-09T02:17:23.380Z,pointer-or-domain-review,native,retrieval-or-domain-unresolved,HTTP 202 at https://andersonhospital.org/cms-hpt.txt | HTTP 202 at https://andersonhospital.org/.well-known/cms-hpt.txt | HTTP 202 at https://andersonhospital.org/ | HTTP 202 at https://www.andersonhospital.org/cms-hpt.txt,,Continue bounded browser or official-domain discovery
141306,COMMUNITY HOSPITAL OF STAUNTON,IL,no-cms-hpt-txt-published,pointer-or-domain-review,response received,not retrieved,unresolved,unresolved,unverified,,,,,,2026-09-09T02:17:23.977Z,pointer-or-domain-review,native,retrieval-or-domain-unresolved,HTTP 202 at https://stauntonhospital.org/cms-hpt.txt | HTTP 202 at https://stauntonhospital.org/.well-known/cms-hpt.txt | HTTP 202 at https://stauntonhospital.org/ | HTTP 202 at https://www.stauntonhospital.org/cms-hpt.txt,,Continue bounded browser or official-domain discovery
141330,HOPEDALE HOSPITAL,IL,no-cms-hpt-txt-published,pointer-or-domain-review,response received,not retrieved,unresolved,response received,unverified,,,,,,2026-09-09T02:17:25.958Z,pointer-or-domain-review,native,facility-identity-or-metadata-unresolved,mrf-header-does-not-match-unresolved-roster,,Compare facility identity and inspect unparsed metadata
141332,HILLSBORO AREA HOSPITAL,IL,not-assessed-site-unreachable,pointer-or-domain-review,not verified,not retrieved,unresolved,unresolved,unverified,,,,,,2026-09-09T02:17:39.380Z,pointer-or-domain-review,native|curl,retrieval-or-domain-unresolved,"curl: (60) schannel: SNI or certificate check failed: SEC_E_WRONG_PRINCIPAL (0x80090322) - The target principal name is incorrect.
More details here: https://c at https://hillsboroareahospital.org/cms-hpt.txt | curl: (60) schannel: SNI or certificate check failed: SEC_E_WRONG_PRINCIPAL (0x80090322) - The target principal name is incorrect.
More details here: https://c at https://hillsboroareahospital.org/.well-known/cms-hpt.txt | curl: (60) schannel: SNI or certificate check failed: SEC_E_WRONG_PRINCIPAL (0x80090322) - The target principal name is incorrect.
More details here: https://c at https://hillsboroareahospital.org/ | curl: (60) schannel: SNI or certificate check failed: SEC_E_WRONG_PRINCIPAL (0x80090322) - The target principal name is incorrect.
More details here: https://c at https://www.hillsboroareahospital.org/cms-hpt.txt",,Continue bounded browser or official-domain discovery
150046,TERRE HAUTE REGIONAL HOSPITAL,IN,not-assessed-site-unreachable,pointer-or-domain-review,not verified,not retrieved,unresolved,unresolved,unverified,,,,,,2026-09-09T02:17:35.623Z,pointer-or-domain-review,native|curl,retrieval-or-domain-unresolved,"curl: (28) Resolving timed out after 8004 milliseconds
 at https://regionalhospital.com/cms-hpt.txt | curl: (60) schannel: SNI or certificate check failed: SEC_E_WRONG_PRINCIPAL (0x80090322) - The target principal name is incorrect.
More details here: https://c at https://regionalhospital.com/.well-known/cms-hpt.txt | curl: (60) schannel: SNI or certificate check failed: SEC_E_WRONG_PRINCIPAL (0x80090322) - The target principal name is incorrect.
More details here: https://c at https://regionalhospital.com/ | curl: (60) schannel: SNI or certificate check failed: SEC_E_WRONG_PRINCIPAL (0x80090322) - The target principal name is incorrect.
More details here: https://c at https://www.regionalhospital.com/cms-hpt.txt",,Continue bounded browser or official-domain discovery
150179,FAIRBANKS,IN,not-assessed-not-named-in-file,pointer-or-domain-review,not verified,not retrieved,unresolved,unresolved,unverified,,,,,,2026-09-09T02:17:41.636Z,pointer-or-domain-review,native,retrieval-or-domain-unresolved,HTTP 403 at https://ecommunity.com/cms-hpt.txt | HTTP 403 at https://ecommunity.com/.well-known/cms-hpt.txt | HTTP 403 at https://ecommunity.com/ | HTTP 403 at https://www.ecommunity.com/cms-hpt.txt,,Continue bounded browser or official-domain discovery
160124,LAKES REGIONAL HEALTHCARE,IA,old-template-version,pointer-or-domain-review,not verified,not retrieved,unresolved,unresolved,unverified,,,,,,2026-09-09T02:17:39.442Z,pointer-or-domain-review,native|brave,retrieval-or-domain-unresolved,metadata-incomplete-or-request-failed | HTTP 403,access-denied: Homepage rendered after initial tool navigation timeout; official pricing link rendered Access Denied.,Continue bounded browser or official-domain discovery
161321,AVERA MERRILL PIONEER HOSPITAL,IA,old-template-version,pointer-or-domain-review,not verified,not retrieved,unresolved,unresolved,unverified,,,,,,2026-09-09T02:17:39.442Z,pointer-or-domain-review,native|brave,retrieval-or-domain-unresolved,metadata-incomplete-or-request-failed | HTTP 403,access-denied: Homepage rendered after initial tool navigation timeout; official pricing link rendered Access Denied.,Continue bounded browser or official-domain discovery
161328,REGIONAL HEALTH SERVICES OF HOWARD COUNTY,IA,old-template-version,pointer-or-domain-review,not verified,not retrieved,unresolved,unresolved,unverified,,,,,,2026-09-09T02:17:39.442Z,pointer-or-domain-review,native|brave,retrieval-or-domain-unresolved,metadata-incomplete-or-request-failed | HTTP 403,access-denied: Homepage rendered after initial tool navigation timeout; official pricing link rendered Access Denied.,Continue bounded browser or official-domain discovery
161336,HEGG MEMORIAL HEALTH CENTER,IA,old-template-version,pointer-or-domain-review,not verified,not retrieved,unresolved,unresolved,unverified,,,,,,2026-09-09T02:17:39.442Z,pointer-or-domain-review,native|brave,retrieval-or-domain-unresolved,metadata-incomplete-or-request-failed | HTTP 403,access-denied: Homepage rendered after initial tool navigation timeout; official pricing link rendered Access Denied.,Continue bounded browser or official-domain discovery
161345,OSCEOLA COMMUNITY HOSPITAL,IA,old-template-version,pointer-or-domain-review,not verified,not retrieved,unresolved,unresolved,unverified,,,,,,2026-09-09T02:17:39.442Z,pointer-or-domain-review,native|brave,retrieval-or-domain-unresolved,metadata-incomplete-or-request-failed | HTTP 403,access-denied: Homepage rendered after initial tool navigation timeout; official pricing link rendered Access Denied.,Continue bounded browser or official-domain discovery
161346,SIOUX CENTER HEALTH,IA,old-template-version,pointer-or-domain-review,not verified,not retrieved,unresolved,unresolved,unverified,,,,,,2026-09-09T02:17:39.442Z,pointer-or-domain-review,native|brave,retrieval-or-domain-unresolved,metadata-incomplete-or-request-failed | HTTP 403,access-denied: Homepage rendered after initial tool navigation timeout; official pricing link rendered Access Denied.,Continue bounded browser or official-domain discovery
161348,CLARKE COUNTY HOSPITAL,IA,pointer-blocked-to-automation,pointer-or-domain-review,not verified,not retrieved,unresolved,unresolved,unverified,,,,,,2026-09-09T02:17:51.962Z,pointer-or-domain-review,native|curl,retrieval-or-domain-unresolved,"curl: (28) Resolving timed out after 8006 milliseconds
 at https://clarkehosp.org/cms-hpt.txt | curl: (28) Resolving timed out after 8002 milliseconds
 at https://clarkehosp.org/.well-known/cms-hpt.txt | curl: (28) Resolving timed out after 8009 milliseconds
 at https://clarkehosp.org/ | curl: (28) Resolving timed out after 8006 milliseconds
 at https://www.clarkehosp.org/cms-hpt.txt",,Continue bounded browser or official-domain discovery
161351,AVERA HOLY FAMILY HOSPITAL,IA,old-template-version,pointer-or-domain-review,not verified,not retrieved,unresolved,unresolved,unverified,,,,,,2026-09-09T02:17:39.442Z,pointer-or-domain-review,native|brave,retrieval-or-domain-unresolved,metadata-incomplete-or-request-failed | HTTP 403,access-denied: Homepage rendered after initial tool navigation timeout; official pricing link rendered Access Denied.,Continue bounded browser or official-domain discovery
161368,FLOYD VALLEY HEALTHCARE,IA,old-template-version,pointer-or-domain-review,not verified,not retrieved,unresolved,unresolved,unverified,,,,,,2026-09-09T02:17:39.442Z,pointer-or-domain-review,native|brave,retrieval-or-domain-unresolved,metadata-incomplete-or-request-failed | HTTP 403,access-denied: Homepage rendered after initial tool navigation timeout; official pricing link rendered Access Denied.,Continue bounded browser or official-domain discovery
170204,"ROCK REGIONAL HOSPITAL, LLC",KS,not-assessed-site-unreachable,pointer-or-domain-review,not verified,not retrieved,unresolved,unresolved,unverified,,,,,,2026-09-09T02:17:43.069Z,pointer-or-domain-review,native|curl,retrieval-or-domain-unresolved,"HTTP 301 at https://rockregionalhospitalderby.com/cms-hpt.txt | HTTP 301 at https://rockregionalhospitalderby.com/.well-known/cms-hpt.txt | HTTP 301 at https://rockregionalhospitalderby.com/ | curl: (6) Could not resolve host: lucky77.id
 at https://www.rockregionalhospitalderby.com/cms-hpt.txt",,Continue bounded browser or official-domain discovery
171341,HIAWATHA COMMUNITY HOSPITAL,KS,pointer-blocked-to-automation,pointer-or-domain-review,not verified,not retrieved,unresolved,unresolved,unverified,,,,,,2026-09-09T02:17:42.635Z,pointer-or-domain-review,native,retrieval-or-domain-unresolved,HTTP 403 at https://amberwellhealth.org/cms-hpt.txt | HTTP 403 at https://amberwellhealth.org/.well-known/cms-hpt.txt | HTTP 403 at https://amberwellhealth.org/ | HTTP 403 at https://www.amberwellhealth.org/cms-hpt.txt,,Continue bounded browser or official-domain discovery
180066,The Medical Center at Russellville,KY,pointer-blocked-to-automation,pointer-or-domain-review,not verified,not retrieved,unresolved,unresolved,unverified,,,,,,2026-09-09T02:17:42.983Z,pointer-or-domain-review,native,retrieval-or-domain-unresolved,HTTP 403 at https://loganmemorial.com/cms-hpt.txt | HTTP 403 at https://loganmemorial.com/.well-known/cms-hpt.txt | HTTP 403 at https://loganmemorial.com/ | HTTP 403 at https://www.loganmemorial.com/cms-hpt.txt,,Continue bounded browser or official-domain discovery
181317,CUMBERLAND COUNTY HOSPITAL,KY,pointer-blocked-to-automation,pointer-or-domain-review,not verified,not retrieved,unresolved,unresolved,unverified,,,,,,2026-09-09T02:17:44.259Z,pointer-or-domain-review,native,retrieval-or-domain-unresolved,HTTP 403 at https://cchospital.org/cms-hpt.txt | HTTP 403 at https://cchospital.org/.well-known/cms-hpt.txt | HTTP 403 at https://cchospital.org/ | HTTP 403 at https://www.cchospital.org/cms-hpt.txt,,Continue bounded browser or official-domain discovery
181328,KNOX COUNTY HOSPITAL,KY,not-assessed-not-named-in-file,pointer-or-domain-review,not verified,not retrieved,unresolved,unresolved,unverified,,,,,,2026-09-09T02:18:03.728Z,pointer-or-domain-review,native|curl,retrieval-or-domain-unresolved,"curl: (28) Resolving timed out after 8012 milliseconds
 at https://arh.org/cms-hpt.txt | curl: (28) Resolving timed out after 8002 milliseconds
 at https://arh.org/.well-known/cms-hpt.txt | curl: (6) Could not resolve host: arh.org
 at https://arh.org/ | curl: (28) Resolving timed out after 8010 milliseconds
 at https://www.arh.org/cms-hpt.txt",,Continue bounded browser or official-domain discovery
190007,NATCHITOCHES REGIONAL MEDICAL CENTER,LA,no-cms-hpt-txt-published,pointer-or-domain-review,response received,not retrieved,unresolved,unresolved,unverified,,,,,,2026-09-09T02:17:56.356Z,pointer-or-domain-review,native,retrieval-or-domain-unresolved,HTTP 202 at https://nrmchospital.org/cms-hpt.txt | HTTP 202 at https://nrmchospital.org/.well-known/cms-hpt.txt | HTTP 202 at https://nrmchospital.org/ | HTTP 202 at https://www.nrmchospital.org/cms-hpt.txt,,Continue bounded browser or official-domain discovery
190034,ABBEVILLE GENERAL HOSPITAL,LA,not-assessed-site-unreachable,pointer-or-domain-review,response received,not retrieved,unresolved,unresolved,unverified,,,,,,2026-09-09T02:17:56.386Z,pointer-or-domain-review,native,retrieval-or-domain-unresolved,HTTP 404 at https://carepricer.nthrive.com/cms-hpt.txt | HTTP 404 at https://carepricer.nthrive.com/.well-known/cms-hpt.txt | HTTP 200 at https://carepricer.nthrive.com/,,Continue bounded browser or official-domain discovery
190044,ACADIA GENERAL HOSPITAL,LA,not-assessed-site-unreachable,pointer-or-domain-review,not verified,not retrieved,unresolved,unresolved,unverified,,,,,,2026-09-09T02:18:08.079Z,pointer-or-domain-review,native|curl,retrieval-or-domain-unresolved,"curl: (28) Resolving timed out after 8006 milliseconds
 at https://ochsnerlg.org/cms-hpt.txt | curl: (28) Connection timed out after 8015 milliseconds
 at https://ochsnerlg.org/.well-known/cms-hpt.txt | curl: (28) Resolving timed out after 8011 milliseconds
 at https://ochsnerlg.org/ | curl: (28) Resolving timed out after 8006 milliseconds
 at https://www.ochsnerlg.org/cms-hpt.txt",,Continue bounded browser or official-domain discovery
190054,IBERIA MEDICAL CENTER,LA,pointer-lists-no-mrf-url,pointer-or-domain-review,response received,not retrieved,unresolved,unresolved,unverified,,,,,,2026-09-09T02:18:08.674Z,pointer-or-domain-review,native,retrieval-or-domain-unresolved,HTTP 206 at https://iberiamedicalcenter.com/cms-hpt.txt | HTTP 400 at https://iberiamedicalcenter.com/.well-known/cms-hpt.txt | HTTP 200 at https://iberiamedicalcenter.com/,,Continue bounded browser or official-domain discovery
190300,ST CHARLES SURGICAL HOSPITAL,LA,no-cms-hpt-txt-published,pointer-or-domain-review,response received,not retrieved,unresolved,unresolved,unverified,,,,,,2026-09-09T02:17:56.375Z,pointer-or-domain-review,native,retrieval-or-domain-unresolved,HTTP 202 at https://scsh.com/cms-hpt.txt | HTTP 202 at https://scsh.com/.well-known/cms-hpt.txt | HTTP 202 at https://scsh.com/ | HTTP 403 at https://www.scsh.com/cms-hpt.txt,,Continue bounded browser or official-domain discovery
191301,UNION GENERAL HOSPITAL,LA,not-assessed-site-unreachable,pointer-or-domain-review,not verified,not retrieved,unresolved,unresolved,unverified,,,,,,2026-09-09T02:18:13.995Z,pointer-or-domain-review,native|curl,retrieval-or-domain-unresolved,"curl: (28) Resolving timed out after 8010 milliseconds
 at https://uniongen.org/cms-hpt.txt | curl: (28) Resolving timed out after 8010 milliseconds
 at https://uniongen.org/.well-known/cms-hpt.txt | curl: (28) Connection timed out after 8007 milliseconds
 at https://uniongen.org/ | curl: (28) Connection timed out after 8016 milliseconds
 at https://www.uniongen.org/cms-hpt.txt",,Continue bounded browser or official-domain discovery
191304,NORTH CADDO MEDICAL CENTER,LA,no-cms-hpt-txt-published,pointer-or-domain-review,response received,not retrieved,unresolved,unresolved,unverified,,,,,,2026-09-09T02:18:19.759Z,pointer-or-domain-review,native|curl,retrieval-or-domain-unresolved,"curl: (28) Resolving timed out after 8013 milliseconds
 at https://ncmcla.com/cms-hpt.txt | curl: (28) Operation timed out after 11850 milliseconds with 0 bytes received
 at https://ncmcla.com/.well-known/cms-hpt.txt | HTTP 202 at https://ncmcla.com/ | HTTP 403 at https://www.ncmcla.com/cms-hpt.txt",,Continue bounded browser or official-domain discovery
192010,INTENSIVE SPECIALTY HOSPITAL,LA,no-cms-hpt-txt-published,pointer-or-domain-review,response received,not retrieved,unresolved,unresolved,unverified,,,,,,2026-09-09T02:18:09.947Z,pointer-or-domain-review,native,retrieval-or-domain-unresolved,HTTP 202 at https://intensivespecialty.com/cms-hpt.txt | HTTP 202 at https://intensivespecialty.com/.well-known/cms-hpt.txt | HTTP 202 at https://intensivespecialty.com/ | HTTP 403 at https://www.intensivespecialty.com/cms-hpt.txt,,Continue bounded browser or official-domain discovery
194105,"APOLLO BEHAVIORAL HEALTH HOSPITAL, L L C",LA,not-assessed-site-unreachable,pointer-or-domain-review,response received,entries retrieved,unresolved,response received,unverified,https://apollo-bhh.com/cms-hpt.txt,,,,,2026-09-09T02:18:08.676Z,pointer-or-domain-review,native|curl,facility-identity-or-metadata-unresolved,mrf-header-does-not-match-unresolved-roster,,Compare facility identity and inspect unparsed metadata
194113,PERIMETER BEHAVIORAL HOSPITAL OF NEW ORLEANS,LA,not-assessed-not-named-in-file,pointer-or-domain-review,response received,entries retrieved,unresolved,response received,unverified,https://www.perimeterhealthcare.com/cms-hpt.txt,,,,,2026-09-09T02:11:23.829Z,pointer-or-domain-review,native,facility-identity-or-metadata-unresolved,header-matches-other-roster-hospital | mrf-header-does-not-match-unresolved-roster,,Compare facility identity and inspect unparsed metadata
210002,UNIVERSITY OF MARYLAND MEDICAL CENTER,MD,pointer-blocked-to-automation,pointer-or-domain-review,not verified,not retrieved,unresolved,unresolved,unverified,,,,,,2026-09-09T02:18:08.665Z,pointer-or-domain-review,native,retrieval-or-domain-unresolved,HTTP 403 at https://umms.org/cms-hpt.txt | HTTP 403 at https://umms.org/.well-known/cms-hpt.txt | HTTP 403 at https://umms.org/ | HTTP 403 at https://www.umms.org/cms-hpt.txt,,Continue bounded browser or official-domain discovery
210003,UNIVERSITY OF MD CAPITAL REGION MEDICAL CENTER,MD,pointer-blocked-to-automation,pointer-or-domain-review,not verified,not retrieved,unresolved,unresolved,unverified,,,,,,2026-09-09T02:18:08.665Z,pointer-or-domain-review,native,retrieval-or-domain-unresolved,HTTP 403 at https://umms.org/cms-hpt.txt | HTTP 403 at https://umms.org/.well-known/cms-hpt.txt | HTTP 403 at https://umms.org/ | HTTP 403 at https://www.umms.org/cms-hpt.txt,,Continue bounded browser or official-domain discovery
210030,UNIVERSITY OF MD SHORE MEDICAL CTR AT CHESTERTOWN,MD,pointer-blocked-to-automation,pointer-or-domain-review,not verified,not retrieved,unresolved,unresolved,unverified,,,,,,2026-09-09T02:18:08.665Z,pointer-or-domain-review,native,retrieval-or-domain-unresolved,HTTP 403 at https://umms.org/cms-hpt.txt | HTTP 403 at https://umms.org/.well-known/cms-hpt.txt | HTTP 403 at https://umms.org/ | HTTP 403 at https://www.umms.org/cms-hpt.txt,,Continue bounded browser or official-domain discovery
210035,UNIVERSITY OF MD CHARLES REGIONAL  MEDICAL CENTER,MD,pointer-blocked-to-automation,pointer-or-domain-review,not verified,not retrieved,unresolved,unresolved,unverified,,,,,,2026-09-09T02:18:08.665Z,pointer-or-domain-review,native,retrieval-or-domain-unresolved,HTTP 403 at https://umms.org/cms-hpt.txt | HTTP 403 at https://umms.org/.well-known/cms-hpt.txt | HTTP 403 at https://umms.org/ | HTTP 403 at https://www.umms.org/cms-hpt.txt,,Continue bounded browser or official-domain discovery
210037,UNIVERSITY OF MD SHORE MEDICAL CENTER AT EASTON,MD,pointer-blocked-to-automation,pointer-or-domain-review,not verified,not retrieved,unresolved,unresolved,unverified,,,,,,2026-09-09T02:18:08.665Z,pointer-or-domain-review,native,retrieval-or-domain-unresolved,HTTP 403 at https://umms.org/cms-hpt.txt | HTTP 403 at https://umms.org/.well-known/cms-hpt.txt | HTTP 403 at https://umms.org/ | HTTP 403 at https://www.umms.org/cms-hpt.txt,,Continue bounded browser or official-domain discovery
210038,UNIVERSITY OF MD MEDICAL CENTER MIDTOWN CAMPUS,MD,pointer-blocked-to-automation,pointer-or-domain-review,not verified,not retrieved,unresolved,unresolved,unverified,,,,,,2026-09-09T02:18:08.665Z,pointer-or-domain-review,native,retrieval-or-domain-unresolved,HTTP 403 at https://umms.org/cms-hpt.txt | HTTP 403 at https://umms.org/.well-known/cms-hpt.txt | HTTP 403 at https://umms.org/ | HTTP 403 at https://www.umms.org/cms-hpt.txt,,Continue bounded browser or official-domain discovery
210043,UNIVERSITY OF MD BALTIMORE WASHINGTON MEDICAL CENTER,MD,pointer-blocked-to-automation,pointer-or-domain-review,not verified,not retrieved,unresolved,unresolved,unverified,,,,,,2026-09-09T02:18:08.665Z,pointer-or-domain-review,native,retrieval-or-domain-unresolved,HTTP 403 at https://umms.org/cms-hpt.txt | HTTP 403 at https://umms.org/.well-known/cms-hpt.txt | HTTP 403 at https://umms.org/ | HTTP 403 at https://www.umms.org/cms-hpt.txt,,Continue bounded browser or official-domain discovery
210049,UMD UPPER CHESAPEAKE MEDICAL CENTER,MD,pointer-blocked-to-automation,pointer-or-domain-review,not verified,not retrieved,unresolved,unresolved,unverified,,,,,,2026-09-09T02:18:08.665Z,pointer-or-domain-review,native,retrieval-or-domain-unresolved,HTTP 403 at https://umms.org/cms-hpt.txt | HTTP 403 at https://umms.org/.well-known/cms-hpt.txt | HTTP 403 at https://umms.org/ | HTTP 403 at https://www.umms.org/cms-hpt.txt,,Continue bounded browser or official-domain discovery
210058,UMD REHABILITATION &  ORTHOPAEDIC INSTITUTE,MD,pointer-blocked-to-automation,pointer-or-domain-review,not verified,not retrieved,unresolved,unresolved,unverified,,,,,,2026-09-09T02:18:08.665Z,pointer-or-domain-review,native,retrieval-or-domain-unresolved,HTTP 403 at https://umms.org/cms-hpt.txt | HTTP 403 at https://umms.org/.well-known/cms-hpt.txt | HTTP 403 at https://umms.org/ | HTTP 403 at https://www.umms.org/cms-hpt.txt,,Continue bounded browser or official-domain discovery
210063,UNIVERSITY OF MD ST JOSEPH MEDICAL CENTER,MD,pointer-blocked-to-automation,pointer-or-domain-review,not verified,not retrieved,unresolved,unresolved,unverified,,,,,,2026-09-09T02:18:08.665Z,pointer-or-domain-review,native,retrieval-or-domain-unresolved,HTTP 403 at https://umms.org/cms-hpt.txt | HTTP 403 at https://umms.org/.well-known/cms-hpt.txt | HTTP 403 at https://umms.org/ | HTTP 403 at https://www.umms.org/cms-hpt.txt,,Continue bounded browser or official-domain discovery
213300,MOUNT WASHINGTON PEDIATRIC HOSPITAL,MD,pointer-blocked-to-automation,pointer-or-domain-review,not verified,not retrieved,unresolved,unresolved,unverified,,,,,,2026-09-09T02:18:08.670Z,pointer-or-domain-review,native|glm-5.3-flash|web-search-verification,retrieval-or-domain-unresolved,HTTP 403 at https://mwph.org/cms-hpt.txt | HTTP 403 at https://mwph.org/.well-known/cms-hpt.txt | HTTP 403 at https://mwph.org/ | HTTP 403 at https://www.mwph.org/patients-and-guests/financial/price-transparency | HTTP 403 at https://www.mwph.org/cms-hpt.txt,,Continue bounded browser or official-domain discovery
220017,CARNEY HOSPITAL,MA,not-assessed-site-unreachable,pointer-or-domain-review,not verified,not retrieved,unresolved,unresolved,unverified,,,,,,2026-09-09T02:18:08.879Z,pointer-or-domain-review,native|curl,retrieval-or-domain-unresolved,"curl: (6) Could not resolve host: carneyhospital.org
 at https://carneyhospital.org/cms-hpt.txt | curl: (6) Could not resolve host: carneyhospital.org
 at https://carneyhospital.org/.well-known/cms-hpt.txt | curl: (6) Could not resolve host: carneyhospital.org
 at https://carneyhospital.org/ | curl: (6) Could not resolve host: www.carneyhospital.org
 at https://www.carneyhospital.org/cms-hpt.txt",,Continue bounded browser or official-domain discovery
220029,ANNA JAQUES HOSPITAL,MA,not-assessed-site-unreachable,pointer-or-domain-review,not verified,not retrieved,unresolved,unresolved,unverified,,,,,,2026-09-09T02:18:29.897Z,pointer-or-domain-review,native|curl|brave|glm-5.3-flash|web-search-verification,retrieval-or-domain-unresolved,"curl: (28) Connection timed out after 8014 milliseconds
 at https://ajh.org/cms-hpt.txt | curl: (28) Resolving timed out after 8012 milliseconds
 at https://ajh.org/.well-known/cms-hpt.txt | curl: (28) Resolving timed out after 8013 milliseconds
 at https://ajh.org/ | curl: (28) Resolving timed out after 8001 milliseconds
 at https://ajh.org/patients-visitors/billing-financial-services/price-transparency | curl: (28) Connection timed out after 8009 milliseconds
 at https://www.ajh.org/cms-hpt.txt",navigation-failed: Brave showed ERR_CONNECTION_CLOSED; no conclusion about file publication.,Continue bounded browser or official-domain discovery
220033,NORTHEAST HOSPITAL CORPORATION,MA,not-assessed-site-unreachable,pointer-or-domain-review,not verified,not retrieved,unresolved,unresolved,unverified,,,,,,2026-09-09T02:18:30.293Z,pointer-or-domain-review,native|curl,retrieval-or-domain-unresolved,"curl: (28) Connection timed out after 8014 milliseconds
 at https://beverlyhospital.org/cms-hpt.txt | curl: (28) Connection timed out after 8015 milliseconds
 at https://beverlyhospital.org/.well-known/cms-hpt.txt | curl: (28) Resolving timed out after 8011 milliseconds
 at https://beverlyhospital.org/ | curl: (28) Connection timed out after 8015 milliseconds
 at https://www.beverlyhospital.org/cms-hpt.txt",,Continue bounded browser or official-domain discovery
220080,HOLY FAMILY HOSPITAL,MA,no-cms-hpt-txt-published,pointer-or-domain-review,response received,not retrieved,unresolved,response received,unverified,,,,,,2026-09-09T02:18:09.989Z,pointer-or-domain-review,native|glm-5.3-flash|web-search-verification,facility-identity-or-metadata-unresolved,mrf-header-does-not-match-unresolved-roster,,Compare facility identity and inspect unparsed metadata
220083,BETH ISRAEL DEACONESS HOSPITAL - NEEDHAM,MA,not-assessed-site-unreachable,pointer-or-domain-review,not verified,not retrieved,unresolved,unresolved,unverified,,,,,,2026-09-09T02:18:30.647Z,pointer-or-domain-review,native|curl,retrieval-or-domain-unresolved,"curl: (28) Resolving timed out after 8012 milliseconds
 at https://bidneedham.org/cms-hpt.txt | curl: (28) Connection timed out after 8001 milliseconds
 at https://bidneedham.org/.well-known/cms-hpt.txt | curl: (28) Resolving timed out after 8001 milliseconds
 at https://bidneedham.org/ | curl: (28) Resolving timed out after 8014 milliseconds
 at https://www.bidneedham.org/cms-hpt.txt",,Continue bounded browser or official-domain discovery
220086,BETH ISRAEL DEACONESS MEDICAL CENTER,MA,not-assessed-site-unreachable,pointer-or-domain-review,not verified,not retrieved,unresolved,unresolved,unverified,,,,,,2026-09-09T02:18:30.995Z,pointer-or-domain-review,native|curl,retrieval-or-domain-unresolved,"curl: (28) Resolving timed out after 8011 milliseconds
 at https://bidmc.org/cms-hpt.txt | curl: (28) Connection timed out after 8003 milliseconds
 at https://bidmc.org/.well-known/cms-hpt.txt | curl: (28) Resolving timed out after 8000 milliseconds
 at https://bidmc.org/ | curl: (28) Resolving timed out after 8001 milliseconds
 at https://www.bidmc.org/cms-hpt.txt",,Continue bounded browser or official-domain discovery
220088,NEW ENGLAND BAPTIST HOSPITAL,MA,not-assessed-site-unreachable,pointer-or-domain-review,not verified,not retrieved,unresolved,unresolved,unverified,,,,,,2026-09-09T02:18:33.916Z,pointer-or-domain-review,native|curl,retrieval-or-domain-unresolved,"curl: (28) Resolving timed out after 8006 milliseconds
 at https://onlinepatientestimation.com/cms-hpt.txt | curl: (28) Resolving timed out after 8009 milliseconds
 at https://onlinepatientestimation.com/.well-known/cms-hpt.txt | curl: (6) Could not resolve host: onlinepatientestimation.com
 at https://onlinepatientestimation.com/ | curl: (28) Resolving timed out after 8012 milliseconds
 at https://www.onlinepatientestimation.com/cms-hpt.txt",,Continue bounded browser or official-domain discovery
220098,NASHOBA VALLEY MEDICAL CENTER,MA,not-assessed-site-unreachable,pointer-or-domain-review,not verified,not retrieved,unresolved,unresolved,unverified,,,,,,2026-09-09T02:18:44.094Z,pointer-or-domain-review,native|curl,retrieval-or-domain-unresolved,"curl: (28) Resolving timed out after 8019 milliseconds
 at https://nashobamed.org/cms-hpt.txt | curl: (60) schannel: SEC_E_UNTRUSTED_ROOT (0x80090325) - The certificate chain was issued by an authority that is not trusted.
More details here: https://curl. at https://nashobamed.org/.well-known/cms-hpt.txt | curl: (60) schannel: SEC_E_UNTRUSTED_ROOT (0x80090325) - The certificate chain was issued by an authority that is not trusted.
More details here: https://curl. at https://nashobamed.org/ | curl: (6) Could not resolve host: www.nashobamed.org
 at https://www.nashobamed.org/cms-hpt.txt",,Continue bounded browser or official-domain discovery
220108,BETH ISRAEL DEACONESS HOSPITAL - MILTON,MA,not-assessed-site-unreachable,pointer-or-domain-review,not verified,not retrieved,unresolved,unresolved,unverified,,,,,,2026-09-09T02:18:58.676Z,pointer-or-domain-review,native|curl,retrieval-or-domain-unresolved,"curl: (28) Connection timed out after 8011 milliseconds
 at https://bidmilton.org/cms-hpt.txt | curl: (28) Connection timed out after 8007 milliseconds
 at https://bidmilton.org/.well-known/cms-hpt.txt | curl: (28) Resolving timed out after 8009 milliseconds
 at https://bidmilton.org/ | curl: (28) Connection timed out after 8003 milliseconds
 at https://www.bidmilton.org/cms-hpt.txt",,Continue bounded browser or official-domain discovery
223300,FRANCISCAN CHILDREN'S HOSPITAL & REHAB CENTER,MA,not-assessed-site-unreachable,pointer-or-domain-review,response received,entries retrieved,unresolved,response received,unverified,https://franciscans.childrenshospital.org/cms-hpt.txt,,,,,2026-09-09T02:18:38.123Z,pointer-or-domain-review,native|curl,facility-identity-or-metadata-unresolved,UNABLE_TO_VERIFY_LEAF_SIGNATURE | mrf-header-does-not-match-unresolved-roster | metadata-incomplete-or-request-failed | mrf-header-has-no-license-state,,Compare facility identity and inspect unparsed metadata
224007,MCLEAN HOSPITAL CORPORATION,MA,mrf-url-unreachable,pointer-or-domain-review,response received,not retrieved,unresolved,unresolved,unverified,,,,,,2026-09-09T02:18:51.086Z,pointer-or-domain-review,native,retrieval-or-domain-unresolved,metadata-incomplete-or-request-failed | HTTP 404,,Continue bounded browser or official-domain discovery
241301,LAKEWOOD HEALTH CENTER,MN,not-assessed-site-unreachable,pointer-or-domain-review,not verified,not retrieved,unresolved,unresolved,unverified,,,,,,2026-09-09T02:18:58.291Z,pointer-or-domain-review,native|curl,retrieval-or-domain-unresolved,"curl: (6) Could not resolve host: lakewoodhealthcenter.org
 at https://lakewoodhealthcenter.org/cms-hpt.txt | curl: (28) Resolving timed out after 8002 milliseconds
 at https://lakewoodhealthcenter.org/.well-known/cms-hpt.txt | curl: (28) Resolving timed out after 8009 milliseconds
 at https://lakewoodhealthcenter.org/ | curl: (6) Could not resolve host: www.lakewoodhealthcenter.org
 at https://www.lakewoodhealthcenter.org/cms-hpt.txt",,Continue bounded browser or official-domain discovery
241320,RIVERVIEW HOSPITAL,MN,mrf-url-unreachable,pointer-or-domain-review,response received,entries retrieved,unresolved,unresolved,unverified,https://res.cloudinary.com/dpmykpsih/raw/upload/riverview-health-site-275/media/9122285d28014b6db6d3f86e0c095635/cms-hpt.txt,,,,,2026-09-09T02:19:06.305Z,pointer-or-domain-review,native,retrieval-or-domain-unresolved,metadata-incomplete-or-request-failed | HTTP 404,,Continue bounded browser or official-domain discovery
241343,AVERA GRANITE FALLS,MN,old-template-version,pointer-or-domain-review,not verified,not retrieved,unresolved,unresolved,unverified,,,,,,2026-09-09T02:17:39.442Z,pointer-or-domain-review,native|brave,retrieval-or-domain-unresolved,metadata-incomplete-or-request-failed | HTTP 403,access-denied: Homepage rendered after initial tool navigation timeout; official pricing link rendered Access Denied.,Continue bounded browser or official-domain discovery
241348,AVERA TYLER HOSPITAL,MN,old-template-version,pointer-or-domain-review,not verified,not retrieved,unresolved,unresolved,unverified,,,,,,2026-09-09T02:17:39.442Z,pointer-or-domain-review,native|brave,retrieval-or-domain-unresolved,metadata-incomplete-or-request-failed | HTTP 403,access-denied: Homepage rendered after initial tool navigation timeout; official pricing link rendered Access Denied.,Continue bounded browser or official-domain discovery
241359,AVERA MARSHALL REGIONAL MEDICAL CTR,MN,old-template-version,pointer-or-domain-review,not verified,not retrieved,unresolved,unresolved,unverified,,,,,,2026-09-09T02:17:39.442Z,pointer-or-domain-review,native|brave|glm-5.3-flash|web-search-verification,retrieval-or-domain-unresolved,metadata-incomplete-or-request-failed | HTTP 403,access-denied: Homepage rendered after initial tool navigation timeout; official pricing link rendered Access Denied.,Continue bounded browser or official-domain discovery
241374,PIPESTONE COUNTY  MEDICAL CENTER,MN,old-template-version,pointer-or-domain-review,not verified,not retrieved,unresolved,unresolved,unverified,,,,,,2026-09-09T02:17:39.442Z,pointer-or-domain-review,native|brave,retrieval-or-domain-unresolved,metadata-incomplete-or-request-failed | HTTP 403,access-denied: Homepage rendered after initial tool navigation timeout; official pricing link rendered Access Denied.,Continue bounded browser or official-domain discovery
241377,ST FRANCIS MEDICAL CENTER,MN,mrf-url-unreachable,pointer-or-domain-review,response received,entries retrieved,corroborated,response received,date-within-365-days-version-3,https://www.allinahealth.org/-/media/allina-health/files/customer-service/billing-and-insurance/price-transparency/price-transparency-txt-file.txt,https://www.chistfrancishealth.org/content/dam/sfcareorg/website/workfiles/410695598-1639162381_st-francis-medical-center_standardcharges.csv,2026-02-28,3.0.0,,2026-09-09T03:14:05.851Z,pointer-or-domain-review,native|brave|glm-5.3-flash|web-search-verification,official-pointer-or-metadata-unresolved,metadata-incomplete-or-request-failed | HTTP 404 | header-matches-other-roster-hospital | mrf-header-has-no-license-state | mrf-header-name-without-location | mrf-header-does-not-match-unresolved-roster,page-read: Brave rendered a specific MRF download separately from the Excel chargemaster.,Resolve official pointer linkage or conflicting metadata
244015,COMMUNITY BEHAVIORAL HEALTH HOSPITAL - BAXTER,MN,not-assessed-not-named-in-file,pointer-or-domain-review,not verified,not retrieved,unresolved,unresolved,unverified,,,,,,2026-09-09T02:17:41.636Z,pointer-or-domain-review,native,retrieval-or-domain-unresolved,HTTP 403 at https://ecommunity.com/cms-hpt.txt | HTTP 403 at https://ecommunity.com/.well-known/cms-hpt.txt | HTTP 403 at https://ecommunity.com/ | HTTP 403 at https://www.ecommunity.com/cms-hpt.txt,,Continue bounded browser or official-domain discovery
250017,PROGRESSIVE HEALTH GROUP OF HOUSTON,MS,no-cms-hpt-txt-published,pointer-or-domain-review,response received,not retrieved,unresolved,unresolved,unverified,,,,,,2026-09-09T02:19:04.061Z,pointer-or-domain-review,native,retrieval-or-domain-unresolved,HTTP 200 at https://traceregional.com/cms-hpt.txt | HTTP 200 at https://traceregional.com/.well-known/cms-hpt.txt | HTTP 200 at https://traceregional.com/ | HTTP 200 at https://www.traceregional.com/cms-hpt.txt,,Continue bounded browser or official-domain discovery
250036,GEORGE REGIONAL HEALTH SYSTEM,MS,no-cms-hpt-txt-published,pointer-or-domain-review,response received,entries retrieved,unresolved,response received,unverified,https://www.georgeregional.com/cms-hpt.txt,,,,,2026-09-09T02:19:04.147Z,pointer-or-domain-review,native,facility-identity-or-metadata-unresolved,metadata-incomplete-or-request-failed | mrf-header-has-no-license-state,,Compare facility identity and inspect unparsed metadata
250093,BOLIVAR MEDICAL CENTER,MS,not-assessed-site-unreachable,pointer-or-domain-review,not verified,not retrieved,unresolved,unresolved,unverified,,,,,,2026-09-09T02:19:04.584Z,pointer-or-domain-review,native,retrieval-or-domain-unresolved,HTTP 406 at https://bolivarmedical.com/cms-hpt.txt | HTTP 406 at https://bolivarmedical.com/.well-known/cms-hpt.txt | HTTP 406 at https://bolivarmedical.com/ | HTTP 406 at https://www.bolivarmedical.com/cms-hpt.txt,,Continue bounded browser or official-domain discovery
251325,COVINGTON COUNTY HOSPITAL CAH,MS,pointer-blocked-to-automation,pointer-or-domain-review,response received,not retrieved,corroborated,response received,date-within-365-days-version-3,,https://covingtoncountyhospital.com/646001549_covington-county-hospital_standardcharges.csv,2026-07-21,3.0.0,,2026-09-09T03:16:54.323Z,pointer-or-domain-review,native|glm-5.3-flash|web-search-verification,official-pointer-or-metadata-unresolved,HTTP 403 at https://irp.cdn-website.com/cms-hpt.txt | HTTP 403 at https://irp.cdn-website.com/.well-known/cms-hpt.txt | HTTP 206 at https://irp.cdn-website.com/ | HTTP 200 at https://covingtoncountyhospital.com/pricing-transparency/,,Resolve official pointer linkage or conflicting metadata
254010,MS STATE HOSPITAL-WHITFIELD,MS,not-assessed-site-unreachable,pointer-or-domain-review,not verified,not retrieved,unresolved,unresolved,unverified,,,,,,2026-09-09T02:19:06.301Z,pointer-or-domain-review,native|curl,retrieval-or-domain-unresolved,"curl: (60) schannel: SNI or certificate check failed: SEC_E_WRONG_PRINCIPAL (0x80090322) - The target principal name is incorrect.
More details here: https://c at https://msh.state.ms.us/cms-hpt.txt | curl: (60) schannel: SNI or certificate check failed: SEC_E_WRONG_PRINCIPAL (0x80090322) - The target principal name is incorrect.
More details here: https://c at https://msh.state.ms.us/.well-known/cms-hpt.txt | curl: (60) schannel: SNI or certificate check failed: SEC_E_WRONG_PRINCIPAL (0x80090322) - The target principal name is incorrect.
More details here: https://c at https://msh.state.ms.us/",,Continue bounded browser or official-domain discovery
260017,PHELPS COUNTY REGIONAL MEDICAL CENTER,MO,not-assessed-site-unreachable,pointer-or-domain-review,response received,not retrieved,unresolved,unresolved,unverified,,,,,,2026-09-09T02:19:06.866Z,pointer-or-domain-review,native|curl,retrieval-or-domain-unresolved,"curl: (60) schannel: SNI or certificate check failed: SEC_E_WRONG_PRINCIPAL (0x80090322) - The target principal name is incorrect.
More details here: https://c at https://cdmpricing.com/cms-hpt.txt | curl: (60) schannel: SNI or certificate check failed: SEC_E_WRONG_PRINCIPAL (0x80090322) - The target principal name is incorrect.
More details here: https://c at https://cdmpricing.com/.well-known/cms-hpt.txt | curl: (60) schannel: SNI or certificate check failed: SEC_E_WRONG_PRINCIPAL (0x80090322) - The target principal name is incorrect.
More details here: https://c at https://cdmpricing.com/ | HTTP 206 at https://www.cdmpricing.com/cms-hpt.txt",,Continue bounded browser or official-domain discovery
260025,HANNIBAL REGIONAL HOSPITAL,MO,mrf-url-unreachable,pointer-or-domain-review,response received,entries retrieved,unresolved,unresolved,unverified,https://www.hannibalregional.org/cms-hpt.txt,,,,,2026-09-09T02:19:07.156Z,pointer-or-domain-review,native,retrieval-or-domain-unresolved,metadata-incomplete-or-request-failed | HTTP 404,,Continue bounded browser or official-domain discovery
260110,MERCY HOSPITAL SOUTHEAST,MO,not-assessed-not-named-in-file,pointer-or-domain-review,response received,entries retrieved,unresolved,response received,unverified,https://www.mercy.net/content/dam/mercy/en/cms-hpt/cms-hpt.txt,,,,,2026-09-09T02:17:24.416Z,pointer-or-domain-review,native,facility-identity-or-metadata-unresolved,mrf-header-does-not-match-unresolved-roster | header-matches-other-roster-hospital | mrf-header-name-without-location,,Compare facility identity and inspect unparsed metadata
260137,FREEMAN HEALTH SYSTEM - FREEMAN WEST,MO,mrf-stale-over-365-days,publisher-date-review,response received,entries retrieved,corroborated,response received,date-over-365-days,https://www.freemanhealth.com/sites/default/files/cms0-hpt.txt,https://url.us.m.mimecastprotect.com/s/nm_sC4xqW3t9DBojSxhJf4d1dX?domain=hospitalpricedisclosure.com,2025-05-01,2.2.0,,2026-09-09T02:30:50.448Z,pointer-or-domain-review,native,,date-over-365-days,,Review the exact declared metadata before publisher inquiry
260175,GOLDEN VALLEY MEMORIAL HOSPITAL,MO,no-cms-hpt-txt-published,pointer-or-domain-review,response received,not retrieved,unresolved,unresolved,unverified,,,,,,2026-09-09T02:19:33.805Z,pointer-or-domain-review,native,retrieval-or-domain-unresolved,HTTP 200 at https://health-improve.org/cms-hpt.txt | HTTP 200 at https://health-improve.org/.well-known/cms-hpt.txt | HTTP 200 at https://health-improve.org/ | HTTP 200 at https://www.health-improve.org/cms-hpt.txt,,Continue bounded browser or official-domain discovery
261331,FREEMAN NEOSHO HOSPITAL,MO,mrf-stale-over-365-days,pointer-or-domain-review,response received,entries retrieved,unresolved,unresolved,unverified,https://www.freemanhealth.com/sites/default/files/cms0-hpt.txt,,,,,2026-09-09T02:19:08.630Z,pointer-or-domain-review,native|curl,retrieval-or-domain-unresolved,"curl: (28) Resolving timed out after 8005 milliseconds
 | metadata-incomplete-or-request-failed | request timeout",,Continue bounded browser or official-domain discovery
270012,BENEFIS HOSPITALS INC,MT,not-assessed-not-named-in-file,pointer-or-domain-review,not verified,not retrieved,unresolved,unresolved,unverified,,,,,,2026-09-09T02:19:32.080Z,pointer-or-domain-review,native,retrieval-or-domain-unresolved,HTTP 403 at https://benefis.org/cms-hpt.txt | HTTP 403 at https://benefis.org/.well-known/cms-hpt.txt | HTTP 403 at https://benefis.org/ | HTTP 403 at https://www.benefis.org/cms-hpt.txt,,Continue bounded browser or official-domain discovery
271329,MADISON VALLEY MEDICAL CENTER,MT,no-cms-hpt-txt-published,pointer-or-domain-review,response received,not retrieved,unresolved,unresolved,unverified,,,,,,2026-09-09T02:19:26.037Z,pointer-or-domain-review,native|curl,retrieval-or-domain-unresolved,HTTP 202 at https://mvmedcenter.org/cms-hpt.txt | HTTP 202 at https://mvmedcenter.org/.well-known/cms-hpt.txt | HTTP 202 at https://mvmedcenter.org/ | HTTP 202 at https://www.mvmedcenter.org/cms-hpt.txt,,Continue bounded browser or official-domain discovery
280134,KEARNEY REGIONAL MEDICAL CENTER,NE,mrf-stale-over-365-days,pointer-or-domain-review,not verified,not retrieved,unresolved,unresolved,unverified,,,,,,2026-09-09T02:19:36.346Z,pointer-or-domain-review,native|curl,retrieval-or-domain-unresolved,metadata-incomplete-or-request-failed | HTTP 403,,Continue bounded browser or official-domain discovery
281314,ANNIE JEFFREY MEMORIAL COUNTY HEALTH CENTER,NE,not-assessed-site-unreachable,pointer-or-domain-review,not verified,not retrieved,unresolved,unresolved,unverified,,,,,,2026-09-09T02:19:34.091Z,pointer-or-domain-review,native|curl,retrieval-or-domain-unresolved,"curl: (28) Resolving timed out after 8009 milliseconds
 at https://ajhc.org/cms-hpt.txt | curl: (28) Connection timed out after 8005 milliseconds
 at https://ajhc.org/.well-known/cms-hpt.txt | curl: (28) Connection timed out after 8006 milliseconds
 at https://ajhc.org/ | curl: (35) schannel: failed to receive handshake, SSL/TLS connection failed
 at https://www.ajhc.org/cms-hpt.txt",,Continue bounded browser or official-domain discovery
281329,AVERA ST ANTHONY'S HOSPITAL,NE,old-template-version,pointer-or-domain-review,not verified,not retrieved,unresolved,unresolved,unverified,,,,,,2026-09-09T02:17:39.442Z,pointer-or-domain-review,native|brave,retrieval-or-domain-unresolved,metadata-incomplete-or-request-failed | HTTP 403,access-denied: Homepage rendered after initial tool navigation timeout; official pricing link rendered Access Denied.,Continue bounded browser or official-domain discovery
281331,AVERA CREIGHTON HOSPITAL,NE,old-template-version,pointer-or-domain-review,not verified,not retrieved,unresolved,unresolved,unverified,,,,,,2026-09-09T02:17:39.442Z,pointer-or-domain-review,native|brave,retrieval-or-domain-unresolved,metadata-incomplete-or-request-failed | HTTP 403,access-denied: Homepage rendered after initial tool navigation timeout; official pricing link rendered Access Denied.,Continue bounded browser or official-domain discovery
281338,HOWARD COUNTY MEDICAL CENTER,NE,no-cms-hpt-txt-published,pointer-or-domain-review,response received,not retrieved,unresolved,unresolved,unverified,,,,,,2026-09-09T02:16:34.477Z,pointer-or-domain-review,native|curl|glm-5.3-flash|web-search-verification,retrieval-or-domain-unresolved,"HTTP 206 at https://search.hospitalpriceindex.com/cms-hpt.txt | HTTP 206 at https://search.hospitalpriceindex.com/.well-known/cms-hpt.txt | HTTP 206 at https://search.hospitalpriceindex.com/ | curl: (60) schannel: SNI or certificate check failed: SEC_E_WRONG_PRINCIPAL (0x80090322) - The target principal name is incorrect.
More details here: https://c at https://www.howardcountymedicalcenter.com/for-patients/price-information.html",,Continue bounded browser or official-domain discovery
281352,"COMMUNITY MEDICAL CENTER, INC",NE,not-assessed-site-unreachable,pointer-or-domain-review,not verified,not retrieved,unresolved,unresolved,unverified,,,,,,2026-09-09T02:19:35.283Z,pointer-or-domain-review,native|curl,retrieval-or-domain-unresolved,"curl: (28) Resolving timed out after 8003 milliseconds
 at https://hospitalcharges.cmcfc.org/cms-hpt.txt | curl: (28) Connection timed out after 8003 milliseconds
 at https://hospitalcharges.cmcfc.org/.well-known/cms-hpt.txt | curl: (28) Resolving timed out after 8012 milliseconds
 at https://hospitalcharges.cmcfc.org/",,Continue bounded browser or official-domain discovery
281353,VALLEY COUNTY HEALTH SYSTEM,NE,not-assessed-site-unreachable,pointer-or-domain-review,not verified,not retrieved,unresolved,unresolved,unverified,,,,,,2026-09-09T02:19:40.818Z,pointer-or-domain-review,native|curl,retrieval-or-domain-unresolved,"curl: (28) Connection timed out after 8013 milliseconds
 at https://shop.valleycountyhealthsystem.org/cms-hpt.txt | curl: (28) Connection timed out after 8004 milliseconds
 at https://shop.valleycountyhealthsystem.org/.well-known/cms-hpt.txt | curl: (28) Connection timed out after 8006 milliseconds
 at https://shop.valleycountyhealthsystem.org/",,Continue bounded browser or official-domain discovery
284009,DOUGLAS COUNTY COMMUNITY MENTAL HEALTH CENTER,NE,mrf-blocked-to-automation,pointer-or-domain-review,not verified,not retrieved,unresolved,unresolved,unverified,,,,,,2026-09-09T02:19:32.053Z,pointer-or-domain-review,native,retrieval-or-domain-unresolved,metadata-incomplete-or-request-failed | HTTP 403,,Continue bounded browser or official-domain discovery
290001,RENOWN REGIONAL MEDICAL CENTER,NV,pointer-blocked-to-automation,pointer-or-domain-review,not verified,not retrieved,unresolved,unresolved,unverified,,,,,,2026-09-09T02:19:32.193Z,pointer-or-domain-review,native,retrieval-or-domain-unresolved,HTTP 429 at https://renown.org/cms-hpt.txt | HTTP 429 at https://renown.org/.well-known/cms-hpt.txt | HTTP 429 at https://renown.org/ | HTTP 429 at https://www.renown.org/cms-hpt.txt,,Continue bounded browser or official-domain discovery
290046,SPRING VALLEY HOSPITAL MEDICAL CENTER,NV,pointer-blocked-to-automation,pointer-or-domain-review,not verified,not retrieved,unresolved,unresolved,unverified,,,,,,2026-09-09T02:19:33.014Z,pointer-or-domain-review,native,retrieval-or-domain-unresolved,HTTP 403 at https://springvalleyhospital.com/cms-hpt.txt | HTTP 403 at https://springvalleyhospital.com/.well-known/cms-hpt.txt | HTTP 403 at https://springvalleyhospital.com/ | HTTP 403 at https://www.springvalleyhospital.com/cms-hpt.txt,,Continue bounded browser or official-domain discovery
290049,RENOWN SOUTH MEADOWS MEDICAL CENTER,NV,pointer-blocked-to-automation,pointer-or-domain-review,not verified,not retrieved,unresolved,unresolved,unverified,,,,,,2026-09-09T02:19:32.193Z,pointer-or-domain-review,native,retrieval-or-domain-unresolved,HTTP 429 at https://renown.org/cms-hpt.txt | HTTP 429 at https://renown.org/.well-known/cms-hpt.txt | HTTP 429 at https://renown.org/ | HTTP 429 at https://www.renown.org/cms-hpt.txt,,Continue bounded browser or official-domain discovery
291300,MOUNT GRANT GENERAL HOSPITAL,NV,mrf-url-unreachable,pointer-or-domain-review,response received,entries retrieved,unresolved,unresolved,unverified,https://mgghnv.org/cms-hpt.txt,,,,,2026-09-09T02:19:32.696Z,pointer-or-domain-review,native|glm-5.3-flash|web-search-verification,retrieval-or-domain-unresolved,metadata-incomplete-or-request-failed | HTTP 404,,Continue bounded browser or official-domain discovery
300003,MARY HITCHCOCK MEMORIAL HOSPITAL,NH,not-assessed-site-unreachable,pointer-or-domain-review,not verified,not retrieved,unresolved,unresolved,unverified,,,,,,2026-09-09T02:19:50.912Z,pointer-or-domain-review,native|curl,retrieval-or-domain-unresolved,"curl: (28) Resolving timed out after 8014 milliseconds
 at https://dartmouth-hitchcock.org/cms-hpt.txt | curl: (6) Could not resolve host: dartmouth-hitchcock.org
 at https://dartmouth-hitchcock.org/.well-known/cms-hpt.txt | curl: (6) Could not resolve host: dartmouth-hitchcock.org
 at https://dartmouth-hitchcock.org/ | curl: (28) Resolving timed out after 8006 milliseconds
 at https://www.dartmouth-hitchcock.org/cms-hpt.txt",,Continue bounded browser or official-domain discovery
300019,CHESHIRE MEDICAL CENTER,NH,not-assessed-site-unreachable,pointer-or-domain-review,not verified,not retrieved,unresolved,unresolved,unverified,,,,,,2026-09-09T02:19:51.713Z,pointer-or-domain-review,native|curl,retrieval-or-domain-unresolved,"curl: (28) Resolving timed out after 8001 milliseconds
 at https://cheshiremed.org/cms-hpt.txt | curl: (6) Could not resolve host: cheshiremed.org
 at https://cheshiremed.org/.well-known/cms-hpt.txt | curl: (28) Resolving timed out after 8012 milliseconds
 at https://cheshiremed.org/ | curl: (28) Resolving timed out after 8007 milliseconds
 at https://www.cheshiremed.org/cms-hpt.txt",,Continue bounded browser or official-domain discovery
300023,EXETER HOSPITAL INC,NH,not-assessed-site-unreachable,pointer-or-domain-review,not verified,not retrieved,unresolved,unresolved,unverified,,,,,,2026-09-09T02:19:55.746Z,pointer-or-domain-review,native|curl,retrieval-or-domain-unresolved,"curl: (28) Connection timed out after 8007 milliseconds
 at https://exeterhospital.com/cms-hpt.txt | curl: (28) Connection timed out after 8006 milliseconds
 at https://exeterhospital.com/.well-known/cms-hpt.txt | curl: (28) Connection timed out after 8007 milliseconds
 at https://exeterhospital.com/ | curl: (28) Connection timed out after 8012 milliseconds
 at https://www.exeterhospital.com/cms-hpt.txt",,Continue bounded browser or official-domain discovery
301301,COTTAGE HOSPITAL,NH,pointer-blocked-to-automation,pointer-or-domain-review,not verified,not retrieved,unresolved,unresolved,unverified,,,,,,2026-09-09T02:19:43.043Z,pointer-or-domain-review,native|glm-5.3-flash|web-search-verification,retrieval-or-domain-unresolved,HTTP 403 at https://cottagehospital.org/cms-hpt.txt | HTTP 403 at https://cottagehospital.org/.well-known/cms-hpt.txt | HTTP 403 at https://cottagehospital.org/ | HTTP 403 at https://cottagehospital.org/price-transparency- | HTTP 403 at https://www.cottagehospital.org/standard-charges | HTTP 403 at https://www.cottagehospital.org/cms-hpt.txt,,Continue bounded browser or official-domain discovery
301305,ALICE PECK DAY MEMORIAL HOSPITAL,NH,not-assessed-site-unreachable,pointer-or-domain-review,not verified,not retrieved,unresolved,unresolved,unverified,,,,,,2026-09-09T02:19:57.260Z,pointer-or-domain-review,native|curl|glm-5.3-flash|web-search-verification,retrieval-or-domain-unresolved,"curl: (28) Resolving timed out after 8006 milliseconds
 at https://alicepeckday.org/cms-hpt.txt | curl: (6) Could not resolve host: alicepeckday.org
 at https://alicepeckday.org/.well-known/cms-hpt.txt | curl: (28) Resolving timed out after 8191 milliseconds
 at https://alicepeckday.org/ | curl: (28) Resolving timed out after 8009 milliseconds
 at https://www.alicepeckday.org/patients/billing-financial-assistance | curl: (28) Resolving timed out after 8000 milliseconds
 at https://www.alicepeckday.org/cms-hpt.txt",,Continue bounded browser or official-domain discovery
301308,VALLEY REGIONAL HOSPITAL,NH,not-assessed-site-unreachable,pointer-or-domain-review,not verified,not retrieved,unresolved,unresolved,unverified,,,,,,2026-09-09T02:19:58.698Z,pointer-or-domain-review,native|curl,retrieval-or-domain-unresolved,"curl: (28) Resolving timed out after 8010 milliseconds
 at https://vrh.org/cms-hpt.txt | curl: (6) Could not resolve host: vrh.org
 at https://vrh.org/.well-known/cms-hpt.txt | curl: (6) Could not resolve host: vrh.org
 at https://vrh.org/ | curl: (28) Resolving timed out after 8009 milliseconds
 at https://www.vrh.org/cms-hpt.txt",,Continue bounded browser or official-domain discovery
310011,CAPE REGIONAL MEDICAL CENTER INC,NJ,not-assessed-site-unreachable,pointer-or-domain-review,not verified,not retrieved,unresolved,unresolved,unverified,,,,,,2026-09-09T02:19:56.340Z,pointer-or-domain-review,native|curl,retrieval-or-domain-unresolved,"HTTP 301 at https://caperegional.com/cms-hpt.txt | HTTP 404 at https://caperegional.com/.well-known/cms-hpt.txt | HTTP 301 at https://caperegional.com/ | curl: (6) Could not resolve host: www.caperegional.com
 at https://www.caperegional.com/cms-hpt.txt",,Continue bounded browser or official-domain discovery
310016,HEIGHTS UNIVERSITY HOSPITAL,NJ,not-assessed-not-named-in-file,pointer-or-domain-review,response received,entries retrieved,unresolved,response received,unverified,https://carepointhealth.org/cms-hpt.txt,,,,,2026-09-09T02:19:55.802Z,pointer-or-domain-review,native|curl,facility-identity-or-metadata-unresolved,mrf-header-does-not-match-unresolved-roster | metadata-incomplete-or-request-failed | mrf-header-has-no-license-state | request timeout,,Compare facility identity and inspect unparsed metadata
310022,WEST JERSEY HOSPITAL,NJ,not-assessed-not-named-in-file,pointer-or-domain-review,response received,entries retrieved,unresolved,response received,unverified,https://www.virtua.org/cms-hpt.txt,,,,,2026-09-09T02:19:59.217Z,pointer-or-domain-review,native|curl,facility-identity-or-metadata-unresolved,mrf-header-does-not-match-unresolved-roster | mrf-header-name-without-location | header-matches-other-roster-hospital | request timeout,,Compare facility identity and inspect unparsed metadata
310025,CAREPOINT HEALTH - BAYONNE MEDICAL CENTER,NJ,not-assessed-not-named-in-file,pointer-or-domain-review,response received,entries retrieved,unresolved,response received,unverified,https://carepointhealth.org/cms-hpt.txt,,,,,2026-09-09T02:19:55.802Z,pointer-or-domain-review,native|curl,facility-identity-or-metadata-unresolved,mrf-header-does-not-match-unresolved-roster | metadata-incomplete-or-request-failed | mrf-header-has-no-license-state | request timeout,,Compare facility identity and inspect unparsed metadata
310064,ATLANTICARE REGIONAL MEDICAL CENTER - CITY CAMPUS,NJ,not-assessed-not-named-in-file,pointer-or-domain-review,response received,entries retrieved,unresolved,response received,unverified,https://www.atlanticare.org/sites/default/files/cms-hpt.txt,,,,,2026-09-09T02:19:59.017Z,pointer-or-domain-review,native,facility-identity-or-metadata-unresolved,mrf-header-does-not-match-unresolved-roster,,Compare facility identity and inspect unparsed metadata
310083,CAREWELL HEALTH MEDICAL CENTER,NJ,no-cms-hpt-txt-published,pointer-or-domain-review,response received,not retrieved,unresolved,unresolved,unverified,,,,,,2026-09-09T02:19:58.904Z,pointer-or-domain-review,native,retrieval-or-domain-unresolved,HTTP 404 at https://carewellhealth.org/cms-hpt.txt | HTTP 404 at https://carewellhealth.org/.well-known/cms-hpt.txt | HTTP 200 at https://carewellhealth.org/ | HTTP 200 at https://carewellhealth.org/pages/pricing-and-transparency | HTTP 200 at https://carewellhealth.org/pages/pricing-and-transparency#MainContent | HTTP 206 at https://search.hospitalpriceindex.com/hpi2/machineReadable/carewellhealthmedicalcenter/11331 | HTTP 404 at https://www.carewellhealth.org/cms-hpt.txt,,Continue bounded browser or official-domain discovery
310115,AHS HOSPITAL CORP,NJ,not-assessed-not-named-in-file,pointer-or-domain-review,response received,entries retrieved,unresolved,response received,unverified,https://www.atlantichealth.org/cms-hpt.txt,,,,,2026-09-09T02:20:22.537Z,pointer-or-domain-review,native,facility-identity-or-metadata-unresolved,header-matches-other-roster-hospital | mrf-header-does-not-match-unresolved-roster | mrf-header-name-without-location,,Compare facility identity and inspect unparsed metadata
310118,HUDSON REGIONAL HOSPITAL,NJ,not-assessed-not-named-in-file,pointer-or-domain-review,response received,entries retrieved,unresolved,response received,unverified,https://hudsonregionalhospital.com/cms-hpt.txt,,,,,2026-09-09T02:20:06.997Z,pointer-or-domain-review,native,facility-identity-or-metadata-unresolved,mrf-header-does-not-match-unresolved-roster,,Compare facility identity and inspect unparsed metadata
313302,WEISMAN CHILDRENS REHABILITATION HOSPITAL,NJ,pointer-blocked-to-automation,pointer-or-domain-review,not verified,not retrieved,unresolved,unresolved,unverified,,,,,,2026-09-09T02:20:07.002Z,pointer-or-domain-review,native,retrieval-or-domain-unresolved,HTTP 403 at https://weismanchildrens.com/cms-hpt.txt | HTTP 403 at https://weismanchildrens.com/.well-known/cms-hpt.txt | HTTP 403 at https://weismanchildrens.com/ | HTTP 403 at https://www.weismanchildrens.com/cms-hpt.txt,,Continue bounded browser or official-domain discovery
320001,UNM HOSPITAL,NM,not-assessed-not-named-in-file,pointer-or-domain-review,response received,entries retrieved,unresolved,response received,unverified,https://unmhealth.org/cms-hpt.txt,,,,,2026-09-09T02:20:07.337Z,pointer-or-domain-review,native,facility-identity-or-metadata-unresolved,mrf-header-does-not-match-unresolved-roster,,Compare facility identity and inspect unparsed metadata
330080,LINCOLN MEDICAL & MENTAL HEALTH CENTER,NY,not-assessed-not-named-in-file,pointer-or-domain-review,response received,entries retrieved,unresolved,response received,unverified,https://www.nychealthandhospitals.org/cms-hpt.txt,,,,,2026-09-09T02:11:11.981Z,pointer-or-domain-review,native,facility-identity-or-metadata-unresolved,mrf-header-does-not-match-unresolved-roster | header-matches-other-roster-hospital,,Compare facility identity and inspect unparsed metadata
330128,ELMHURST HOSPITAL CENTER,NY,compliant-date-unverified,pointer-or-domain-review,response received,entries retrieved,unresolved,response received,unverified,https://www.nychealthandhospitals.org/cms-hpt.txt,,,,,2026-09-09T02:11:11.981Z,pointer-or-domain-review,native,facility-identity-or-metadata-unresolved,mrf-header-name-without-location,,Compare facility identity and inspect unparsed metadata
330157,SAMARITAN MEDICAL CENTER,NY,no-cms-hpt-txt-published,pointer-or-domain-review,response received,not retrieved,unresolved,unresolved,unverified,,,,,,2026-09-09T02:16:34.477Z,pointer-or-domain-review,native|curl,retrieval-or-domain-unresolved,"HTTP 206 at https://search.hospitalpriceindex.com/cms-hpt.txt | HTTP 206 at https://search.hospitalpriceindex.com/.well-known/cms-hpt.txt | HTTP 206 at https://search.hospitalpriceindex.com/ | curl: (60) schannel: SNI or certificate check failed: SEC_E_WRONG_PRINCIPAL (0x80090322) - The target principal name is incorrect.
More details here: https://c at https://www.howardcountymedicalcenter.com/for-patients/price-information.html",,Continue bounded browser or official-domain discovery
330396,WOODHULL MEDICAL & MENTAL HEALTH CENTER,NY,mrf-stale-over-365-days,pointer-or-domain-review,response received,entries retrieved,unresolved,response received,unverified,https://www.nychealthandhospitals.org/cms-hpt.txt,,,,,2026-09-09T02:11:11.981Z,pointer-or-domain-review,native,facility-identity-or-metadata-unresolved,mrf-header-does-not-match-unresolved-roster,,Compare facility identity and inspect unparsed metadata
341320,ALLEGHANY  MEMORIAL HOSPITAL,NC,not-assessed-site-unreachable,pointer-or-domain-review,response received,not retrieved,unresolved,unresolved,unverified,,,,,,2026-09-09T02:20:07.347Z,pointer-or-domain-review,native,retrieval-or-domain-unresolved,HTTP 202 at https://alleghanyhealth.org/cms-hpt.txt | HTTP 202 at https://alleghanyhealth.org/.well-known/cms-hpt.txt | HTTP 202 at https://alleghanyhealth.org/ | HTTP 202 at https://www.alleghanyhealth.org/cms-hpt.txt,,Continue bounded browser or official-domain discovery
344004,CENTRAL REGIONAL HOSPITAL,NC,no-cms-hpt-txt-published,pointer-or-domain-review,response received,not retrieved,unresolved,unresolved,unverified,,,,,,2026-09-09T02:20:07.595Z,pointer-or-domain-review,native|glm-5.3-flash,retrieval-or-domain-unresolved,HTTP 404 at https://ncdhhs.gov/cms-hpt.txt | HTTP 404 at https://ncdhhs.gov/.well-known/cms-hpt.txt | HTTP 200 at https://ncdhhs.gov/ | HTTP 200 at https://www.ncdhhs.gov/divisions/state-operated-healthcare-facilities | HTTP 404 at https://www.ncdhhs.gov/cms-hpt.txt | HTTP 200 at https://www.ncdhhs.gov/divisions/state-operated-healthcare-facilities/price-transparency | HTTP 206 at https://www.ncdhhs.gov/documents/crh-machine-readable-charge-sheet/open,,Continue bounded browser or official-domain discovery
344023,JULIAN F KEITH ALCOHOL & DRUG ABUSE TX,NC,no-cms-hpt-txt-published,pointer-or-domain-review,response received,not retrieved,unresolved,unresolved,unverified,,,,,,2026-09-09T02:20:07.595Z,pointer-or-domain-review,native,retrieval-or-domain-unresolved,HTTP 404 at https://ncdhhs.gov/cms-hpt.txt | HTTP 404 at https://ncdhhs.gov/.well-known/cms-hpt.txt | HTTP 200 at https://ncdhhs.gov/ | HTTP 200 at https://www.ncdhhs.gov/divisions/state-operated-healthcare-facilities | HTTP 404 at https://www.ncdhhs.gov/cms-hpt.txt | HTTP 200 at https://www.ncdhhs.gov/divisions/state-operated-healthcare-facilities/price-transparency | HTTP 206 at https://www.ncdhhs.gov/documents/crh-machine-readable-charge-sheet/open,,Continue bounded browser or official-domain discovery
344025,BROUGHTON HOSPITAL,NC,no-cms-hpt-txt-published,pointer-or-domain-review,response received,not retrieved,unresolved,unresolved,unverified,,,,,,2026-09-09T02:20:07.595Z,pointer-or-domain-review,native,retrieval-or-domain-unresolved,HTTP 404 at https://ncdhhs.gov/cms-hpt.txt | HTTP 404 at https://ncdhhs.gov/.well-known/cms-hpt.txt | HTTP 200 at https://ncdhhs.gov/ | HTTP 200 at https://www.ncdhhs.gov/divisions/state-operated-healthcare-facilities | HTTP 404 at https://www.ncdhhs.gov/cms-hpt.txt | HTTP 200 at https://www.ncdhhs.gov/divisions/state-operated-healthcare-facilities/price-transparency | HTTP 206 at https://www.ncdhhs.gov/documents/crh-machine-readable-charge-sheet/open,,Continue bounded browser or official-domain discovery
344026,CHERRY HOSPITAL,NC,no-cms-hpt-txt-published,pointer-or-domain-review,response received,not retrieved,unresolved,unresolved,unverified,,,,,,2026-09-09T02:20:07.595Z,pointer-or-domain-review,native,retrieval-or-domain-unresolved,HTTP 404 at https://ncdhhs.gov/cms-hpt.txt | HTTP 404 at https://ncdhhs.gov/.well-known/cms-hpt.txt | HTTP 200 at https://ncdhhs.gov/ | HTTP 200 at https://www.ncdhhs.gov/divisions/state-operated-healthcare-facilities | HTTP 404 at https://www.ncdhhs.gov/cms-hpt.txt | HTTP 200 at https://www.ncdhhs.gov/divisions/state-operated-healthcare-facilities/price-transparency | HTTP 206 at https://www.ncdhhs.gov/documents/crh-machine-readable-charge-sheet/open,,Continue bounded browser or official-domain discovery
344033,WALTER B JONES CENTER LAKESIDE PSYCHIATRIC HOSPITA,NC,no-cms-hpt-txt-published,pointer-or-domain-review,response received,not retrieved,unresolved,unresolved,unverified,,,,,,2026-09-09T02:20:07.595Z,pointer-or-domain-review,native,retrieval-or-domain-unresolved,HTTP 404 at https://ncdhhs.gov/cms-hpt.txt | HTTP 404 at https://ncdhhs.gov/.well-known/cms-hpt.txt | HTTP 200 at https://ncdhhs.gov/ | HTTP 200 at https://www.ncdhhs.gov/divisions/state-operated-healthcare-facilities | HTTP 404 at https://www.ncdhhs.gov/cms-hpt.txt | HTTP 200 at https://www.ncdhhs.gov/divisions/state-operated-healthcare-facilities/price-transparency | HTTP 206 at https://www.ncdhhs.gov/documents/crh-machine-readable-charge-sheet/open,,Continue bounded browser or official-domain discovery
351321,SOUTH CENTRAL HEALTH,ND,no-cms-hpt-txt-published,pointer-or-domain-review,response received,not retrieved,unresolved,unresolved,unverified,,,,,,2026-09-09T02:20:07.730Z,pointer-or-domain-review,native,retrieval-or-domain-unresolved,HTTP 202 at https://schealthnd.com/cms-hpt.txt | HTTP 202 at https://schealthnd.com/.well-known/cms-hpt.txt | HTTP 202 at https://schealthnd.com/ | HTTP 202 at https://www.schealthnd.com/cms-hpt.txt,,Continue bounded browser or official-domain discovery
360008,SOUTHERN OHIO MEDICAL CENTER,OH,mrf-url-unreachable,pointer-or-domain-review,not verified,not retrieved,unresolved,unresolved,unverified,,,,,,2026-09-09T02:20:09.099Z,pointer-or-domain-review,native,retrieval-or-domain-unresolved,metadata-incomplete-or-request-failed | HTTP 404,,Continue bounded browser or official-domain discovery
360025,FIRELANDS REGIONAL MEDICAL CENTER,OH,mrf-blocked-to-automation,pointer-or-domain-review,not verified,not retrieved,unresolved,unresolved,unverified,,,,,,2026-09-09T02:20:09.089Z,pointer-or-domain-review,native,retrieval-or-domain-unresolved,metadata-incomplete-or-request-failed | HTTP 403,,Continue bounded browser or official-domain discovery
361333,FULTON COUNTY HEALTH CENTER,OH,no-cms-hpt-txt-published,pointer-or-domain-review,response received,not retrieved,unresolved,unresolved,unverified,,,,,,2026-09-09T02:20:09.079Z,pointer-or-domain-review,native,retrieval-or-domain-unresolved,HTTP 202 at https://fultoncountyhealthcenter.org/cms-hpt.txt | HTTP 202 at https://fultoncountyhealthcenter.org/.well-known/cms-hpt.txt | HTTP 202 at https://fultoncountyhealthcenter.org/ | HTTP 202 at https://www.fultoncountyhealthcenter.org/cms-hpt.txt,,Continue bounded browser or official-domain discovery
370002,Integris Health Woodward Hospital,OK,pointer-blocked-to-automation,pointer-or-domain-review,not verified,not retrieved,unresolved,unresolved,unverified,,,,,,2026-09-09T02:20:09.276Z,pointer-or-domain-review,native,retrieval-or-domain-unresolved,HTTP 404 at https://alliancehealthwoodward.com/cms-hpt.txt | HTTP 404 at https://alliancehealthwoodward.com/.well-known/cms-hpt.txt | HTTP 403 at https://alliancehealthwoodward.com/ | HTTP 404 at https://www.alliancehealthwoodward.com/cms-hpt.txt,,Continue bounded browser or official-domain discovery
370006,INTEGRIS HEALTH PONCA CITY,OK,pointer-blocked-to-automation,pointer-or-domain-review,not verified,not retrieved,unresolved,unresolved,unverified,,,,,,2026-09-09T02:20:09.385Z,pointer-or-domain-review,native,retrieval-or-domain-unresolved,HTTP 404 at https://alliancehealthponcacity.com/cms-hpt.txt | HTTP 404 at https://alliancehealthponcacity.com/.well-known/cms-hpt.txt | HTTP 403 at https://alliancehealthponcacity.com/ | HTTP 404 at https://www.alliancehealthponcacity.com/cms-hpt.txt,,Continue bounded browser or official-domain discovery
370097,SOUTHWESTERN MEDICAL CENTER,OK,not-assessed-site-unreachable,pointer-or-domain-review,not verified,not retrieved,unresolved,unresolved,unverified,,,,,,2026-09-09T02:20:18.032Z,pointer-or-domain-review,native|curl,retrieval-or-domain-unresolved,"curl: (28) Resolving timed out after 8000 milliseconds
 at https://swmconline.com/cms-hpt.txt | curl: (60) schannel: SNI or certificate check failed: SEC_E_WRONG_PRINCIPAL (0x80090322) - The target principal name is incorrect.
More details here: https://c at https://swmconline.com/.well-known/cms-hpt.txt | curl: (60) schannel: SNI or certificate check failed: SEC_E_WRONG_PRINCIPAL (0x80090322) - The target principal name is incorrect.
More details here: https://c at https://swmconline.com/ | curl: (60) schannel: SNI or certificate check failed: SEC_E_WRONG_PRINCIPAL (0x80090322) - The target principal name is incorrect.
More details here: https://c at https://www.swmconline.com/cms-hpt.txt",,Continue bounded browser or official-domain discovery
370199,"LAKESIDE WOMEN'S HOSPITAL, A MEMBER OF INTEGRIS HE",OK,pointer-blocked-to-automation,pointer-or-domain-review,not verified,not retrieved,unresolved,unresolved,unverified,,,,,,2026-09-09T02:20:10.448Z,pointer-or-domain-review,native,retrieval-or-domain-unresolved,HTTP 403 at https://lakeside-wh.com/cms-hpt.txt | HTTP 403 at https://lakeside-wh.com/.well-known/cms-hpt.txt | HTTP 403 at https://lakeside-wh.com/ | HTTP 403 at https://www.lakeside-wh.com/cms-hpt.txt,,Continue bounded browser or official-domain discovery
370203,"COMMUNITY HOSPITAL, LLC",OK,pointer-blocked-to-automation,pointer-or-domain-review,not verified,not retrieved,unresolved,unresolved,unverified,,,,,,2026-09-09T02:20:21.972Z,pointer-or-domain-review,native,retrieval-or-domain-unresolved,HTTP 403 at https://communityhospitalokc.com/cms-hpt.txt | HTTP 403 at https://communityhospitalokc.com/.well-known/cms-hpt.txt | HTTP 403 at https://communityhospitalokc.com/ | HTTP 403 at https://www.communityhospitalokc.com/cms-hpt.txt,,Continue bounded browser or official-domain discovery
371314,THE PHYSICIANS' HOSPITAL IN ANADARKO,OK,not-assessed-site-unreachable,pointer-or-domain-review,not verified,not retrieved,unresolved,unresolved,unverified,,,,,,2026-09-09T02:20:25.989Z,pointer-or-domain-review,native|curl|glm-5.3-flash|web-search-verification,retrieval-or-domain-unresolved,"curl: (6) Could not resolve host: anadarkohospital.com
 at https://anadarkohospital.com/cms-hpt.txt | curl: (6) Could not resolve host: anadarkohospital.com
 at https://anadarkohospital.com/.well-known/cms-hpt.txt | curl: (6) Could not resolve host: anadarkohospital.com
 at https://anadarkohospital.com/ | curl: (6) Could not resolve host: www.anadarkohospital.com
 at https://www.anadarkohospital.com/cms-hpt.txt",,Continue bounded browser or official-domain discovery
371322,BEAVER COUNTY MEMORIAL HOSPITAL,OK,not-assessed-site-unreachable,pointer-or-domain-review,response received,not retrieved,unresolved,unresolved,unverified,,,,,,2026-09-09T02:20:22.617Z,pointer-or-domain-review,native,retrieval-or-domain-unresolved,HTTP 202 at https://beavercountyhospitalauthority.com/cms-hpt.txt | HTTP 202 at https://beavercountyhospitalauthority.com/.well-known/cms-hpt.txt | HTTP 202 at https://beavercountyhospitalauthority.com/ | HTTP 202 at https://www.beavercountyhospitalauthority.com/cms-hpt.txt,,Continue bounded browser or official-domain discovery
380005,ASANTE ASHLAND COMMUNITY HOSPITAL,OR,mrf-blocked-to-automation,pointer-or-domain-review,not verified,not retrieved,unresolved,unresolved,unverified,,,,,,2026-09-09T02:20:23.100Z,pointer-or-domain-review,native,retrieval-or-domain-unresolved,metadata-incomplete-or-request-failed | HTTP 403,,Continue bounded browser or official-domain discovery
380102,SACRED HEART MEDICAL CENTER - RIVERBEND,OR,pointer-blocked-to-automation,pointer-or-domain-review,not verified,not retrieved,unresolved,unresolved,unverified,,,,,,2026-09-09T02:16:09.747Z,pointer-or-domain-review,native|curl,retrieval-or-domain-unresolved,"HTTP 403 at https://peacehealth.org/cms-hpt.txt | HTTP 403 at https://peacehealth.org/.well-known/cms-hpt.txt | HTTP 403 at https://peacehealth.org/ | curl: (28) Resolving timed out after 8002 milliseconds
 at https://www.peacehealth.org/cms-hpt.txt",,Continue bounded browser or official-domain discovery
381301,PEACEHEALTH COTTAGE GROVE COMMUNITY MEDICAL CENTER,OR,pointer-blocked-to-automation,pointer-or-domain-review,not verified,not retrieved,unresolved,unresolved,unverified,,,,,,2026-09-09T02:16:09.747Z,pointer-or-domain-review,native|curl,retrieval-or-domain-unresolved,"HTTP 403 at https://peacehealth.org/cms-hpt.txt | HTTP 403 at https://peacehealth.org/.well-known/cms-hpt.txt | HTTP 403 at https://peacehealth.org/ | curl: (28) Resolving timed out after 8002 milliseconds
 at https://www.peacehealth.org/cms-hpt.txt",,Continue bounded browser or official-domain discovery
381316,PEACE HARBOR MEDICAL CENTER,OR,pointer-blocked-to-automation,pointer-or-domain-review,not verified,not retrieved,unresolved,unresolved,unverified,,,,,,2026-09-09T02:16:09.747Z,pointer-or-domain-review,native|curl,retrieval-or-domain-unresolved,"HTTP 403 at https://peacehealth.org/cms-hpt.txt | HTTP 403 at https://peacehealth.org/.well-known/cms-hpt.txt | HTTP 403 at https://peacehealth.org/ | curl: (28) Resolving timed out after 8002 milliseconds
 at https://www.peacehealth.org/cms-hpt.txt",,Continue bounded browser or official-domain discovery
384008,OREGON STATE HOSPITAL DISTINCT PART,OR,not-assessed-site-unreachable,pointer-or-domain-review,response received,not retrieved,unresolved,unresolved,unverified,,,,,,2026-09-09T02:20:23.078Z,pointer-or-domain-review,native,retrieval-or-domain-unresolved,HTTP 404 at https://oregon.gov/cms-hpt.txt | HTTP 500 at https://oregon.gov/.well-known/cms-hpt.txt | HTTP 206 at https://oregon.gov/ | HTTP 404 at https://www.oregon.gov/cms-hpt.txt#top | HTTP 404 at https://www.oregon.gov/cms-hpt.txt,,Continue bounded browser or official-domain discovery
390030,SCHUYLKILL MEDICAL CENTER - SOUTH JACKSON STREET,PA,not-assessed-not-named-in-file,pointer-or-domain-review,response received,entries retrieved,unresolved,response received,unverified,https://www.lvhn.org/sites/default/files/2026-03/cms-hpt.txt,,,,,2026-09-09T02:20:23.127Z,pointer-or-domain-review,native|curl,facility-identity-or-metadata-unresolved,"mrf-header-does-not-match-unresolved-roster | header-matches-other-roster-hospital | mrf-header-name-without-location | curl: (28) Resolving timed out after 8014 milliseconds
 | metadata-incomplete-or-request-failed | request timeout",,Compare facility identity and inspect unparsed metadata
390137,WILKES-BARRE GENERAL HOSPITAL,PA,no-cms-hpt-txt-published,pointer-or-domain-review,response received,not retrieved,corroborated,response received,date-over-365-days,,https://commonwealthhealth.net/wp-content/uploads/sheets/263632648_wilkes-barre-general-hospital_standardcharges.csv,2024-12-01,2.0.0,,2026-09-09T02:31:33.350Z,pointer-or-domain-review,native|curl,official-pointer-or-metadata-unresolved,"mrf-header-name-without-location | curl: (28) Resolving timed out after 8013 milliseconds
 | metadata-incomplete-or-request-failed | request timeout",,Resolve official pointer linkage or conflicting metadata
390180,CROZER CHESTER MEDICAL CENTER,PA,no-cms-hpt-txt-published,pointer-or-domain-review,response received,not retrieved,unresolved,unresolved,unverified,,,,,,2026-09-09T02:20:23.192Z,pointer-or-domain-review,native,retrieval-or-domain-unresolved,HTTP 404 at https://crozerhealth.org/cms-hpt.txt | HTTP 404 at https://crozerhealth.org/.well-known/cms-hpt.txt | HTTP 206 at https://crozerhealth.org/ | HTTP 206 at https://crozerhealth.org/financial-resources/ | HTTP 404 at https://www.crozerhealth.org/financial-resources/no-surprise-act/ | HTTP 206 at https://www.crozerhealth.org/financial-resources/financial-assistance/ | HTTP 206 at https://www.crozerhealth.org/financial-resources/hospital-price-transparency/ | HTTP 200 at https://www.crozer.org/patients-visitors/policies/financial-assistance-policy/financial-assistance-policy-complete/ | HTTP 404 at https://www.crozerhealth.org/cms-hpt.txt,,Continue bounded browser or official-domain discovery
390211,SHARON REGIONAL MEDICAL CENTER,PA,no-cms-hpt-txt-published,pointer-or-domain-review,response received,not retrieved,unresolved,response received,unverified,,,,,,2026-09-09T02:20:23.305Z,pointer-or-domain-review,native,facility-identity-or-metadata-unresolved,mrf-header-does-not-match-unresolved-roster,,Compare facility identity and inspect unparsed metadata
390237,REGIONAL HOSPITAL OF SCRANTON,PA,no-cms-hpt-txt-published,pointer-or-domain-review,response received,not retrieved,unresolved,response received,unverified,,,,,,2026-09-09T02:20:24.035Z,pointer-or-domain-review,native|curl,facility-identity-or-metadata-unresolved,"mrf-header-name-without-location | curl: (28) Resolving timed out after 8013 milliseconds
 | metadata-incomplete-or-request-failed | request timeout | header-matches-other-roster-hospital",,Compare facility identity and inspect unparsed metadata
390278,EAGLEVILLE HOSPITAL,PA,no-cms-hpt-txt-published,pointer-or-domain-review,response received,not retrieved,unresolved,unresolved,unverified,,,,,,2026-09-09T02:20:23.698Z,pointer-or-domain-review,native|curl,retrieval-or-domain-unresolved,metadata-incomplete-or-request-failed | request timeout | HTTP 404,,Continue bounded browser or official-domain discovery
390307,EDGEWOOD SURGICAL HOSPITAL,PA,no-cms-hpt-txt-published,pointer-or-domain-review,response received,not retrieved,unresolved,unresolved,unverified,,,,,,2026-09-09T02:20:25.834Z,pointer-or-domain-review,native,retrieval-or-domain-unresolved,HTTP 404 at https://edgewoodsurgical.com/cms-hpt.txt | HTTP 404 at https://edgewoodsurgical.com/.well-known/cms-hpt.txt | HTTP 200 at https://edgewoodsurgical.com/ | HTTP 404 at https://edgewoodsurgical.com/cms-hpt.txt# | HTTP 200 at https://drive.google.com/file/d/1oINGlpvPtLAz7RScXHi9DSSvMY__R8YZ/view?usp=sharing | HTTP 404 at https://edgewoodsurgical.com/cms-hpt.txt#top | HTTP 404 at https://edgewoodsurgical.com/.well-known/cms-hpt.txt# | HTTP 404 at https://edgewoodsurgical.com/.well-known/cms-hpt.txt#top | HTTP 404 at https://www.edgewoodsurgical.com/cms-hpt.txt,,Continue bounded browser or official-domain discovery
390316,SURGICAL INSTITUTE OF READING,PA,pointer-blocked-to-automation,pointer-or-domain-review,not verified,not retrieved,unresolved,unresolved,unverified,,,,,,2026-09-09T02:20:24.584Z,pointer-or-domain-review,native,retrieval-or-domain-unresolved,HTTP 403 at https://sireading.com/cms-hpt.txt | HTTP 403 at https://sireading.com/.well-known/cms-hpt.txt | HTTP 403 at https://sireading.com/ | HTTP 403 at https://www.sireading.com/cms-hpt.txt,,Continue bounded browser or official-domain discovery
391309,BARNES-KASSON COUNTY HOSPITAL,PA,not-assessed-site-unreachable,pointer-or-domain-review,not verified,not retrieved,unresolved,unresolved,unverified,,,,,,2026-09-09T02:20:52.841Z,pointer-or-domain-review,native|curl,retrieval-or-domain-unresolved,"curl: (28) Connection timed out after 8002 milliseconds
 at https://barnes-kasson.org/cms-hpt.txt | curl: (28) Connection timed out after 8003 milliseconds
 at https://barnes-kasson.org/.well-known/cms-hpt.txt | curl: (28) Resolving timed out after 8007 milliseconds
 at https://barnes-kasson.org/ | curl: (28) Resolving timed out after 8005 milliseconds
 at https://www.barnes-kasson.org/cms-hpt.txt",,Continue bounded browser or official-domain discovery
394027,FAIRMOUNT BEHAVIORAL HEALTH SYSTEM,PA,pointer-blocked-to-automation,pointer-or-domain-review,not verified,not retrieved,unresolved,unresolved,unverified,,,,,,2026-09-09T02:20:25.864Z,pointer-or-domain-review,native,retrieval-or-domain-unresolved,HTTP 403 at https://fairmountbhs.com/cms-hpt.txt | HTTP 403 at https://fairmountbhs.com/.well-known/cms-hpt.txt | HTTP 403 at https://fairmountbhs.com/ | HTTP 403 at https://www.fairmountbhs.com/cms-hpt.txt,,Continue bounded browser or official-domain discovery
394034,HORSHAM CLINIC,PA,pointer-blocked-to-automation,pointer-or-domain-review,not verified,not retrieved,unresolved,unresolved,unverified,,,,,,2026-09-09T02:20:26.428Z,pointer-or-domain-review,native,retrieval-or-domain-unresolved,HTTP 403 at https://horshamclinic.com/cms-hpt.txt | HTTP 403 at https://horshamclinic.com/.well-known/cms-hpt.txt | HTTP 403 at https://horshamclinic.com/ | HTTP 403 at https://www.horshamclinic.com/cms-hpt.txt,,Continue bounded browser or official-domain discovery
394040,MEADOWS PSYCHIATRIC CENTER,PA,pointer-blocked-to-automation,pointer-or-domain-review,not verified,not retrieved,unresolved,unresolved,unverified,,,,,,2026-09-09T02:20:32.672Z,pointer-or-domain-review,native,retrieval-or-domain-unresolved,HTTP 403 at https://themeadows.net/cms-hpt.txt | HTTP 403 at https://themeadows.net/.well-known/cms-hpt.txt | HTTP 403 at https://themeadows.net/ | HTTP 403 at https://www.themeadows.net/cms-hpt.txt,,Continue bounded browser or official-domain discovery
394043,CLARION PSYCHIATRIC CENTER,PA,pointer-blocked-to-automation,pointer-or-domain-review,not verified,not retrieved,unresolved,unresolved,unverified,,,,,,2026-09-09T02:20:32.745Z,pointer-or-domain-review,native,retrieval-or-domain-unresolved,HTTP 403 at https://clarioncenter.com/cms-hpt.txt | HTTP 403 at https://clarioncenter.com/.well-known/cms-hpt.txt | HTTP 403 at https://clarioncenter.com/ | HTTP 403 at https://www.clarioncenter.com/cms-hpt.txt,,Continue bounded browser or official-domain discovery
394049,BROOKE GLEN BEHAVIORAL HOSPITAL,PA,pointer-blocked-to-automation,pointer-or-domain-review,not verified,not retrieved,unresolved,unresolved,unverified,,,,,,2026-09-09T02:20:33.078Z,pointer-or-domain-review,native,retrieval-or-domain-unresolved,HTTP 403 at https://brookeglenhospital.com/cms-hpt.txt | HTTP 403 at https://brookeglenhospital.com/.well-known/cms-hpt.txt | HTTP 403 at https://brookeglenhospital.com/ | HTTP 403 at https://www.brookeglenhospital.com/cms-hpt.txt,,Continue bounded browser or official-domain discovery
394050,ROXBURY TREATMENT CENTER,PA,pointer-blocked-to-automation,pointer-or-domain-review,not verified,not retrieved,unresolved,unresolved,unverified,,,,,,2026-09-09T02:20:33.205Z,pointer-or-domain-review,native,retrieval-or-domain-unresolved,HTTP 403 at https://roxburyhospital.com/cms-hpt.txt | HTTP 403 at https://roxburyhospital.com/.well-known/cms-hpt.txt | HTTP 403 at https://roxburyhospital.com/ | HTTP 403 at https://www.roxburyhospital.com/cms-hpt.txt,,Continue bounded browser or official-domain discovery
394057,MALVERN BEHAVIORAL HEALTH,PA,no-cms-hpt-txt-published,pointer-or-domain-review,response received,not retrieved,unresolved,unresolved,unverified,,,,,,2026-09-09T02:20:33.716Z,pointer-or-domain-review,native,retrieval-or-domain-unresolved,HTTP 404 at https://malvernbh.com/cms-hpt.txt | HTTP 404 at https://malvernbh.com/.well-known/cms-hpt.txt | HTTP 200 at https://malvernbh.com/ | HTTP 404 at https://www.malvernbh.com/cms-hpt.txt# | HTTP 404 at https://www.malvernbh.com/.well-known/cms-hpt.txt# | HTTP 404 at https://www.malvernbh.com/cms-hpt.txt,,Continue bounded browser or official-domain discovery
400003,HOSPITAL METROPOLITANO DR PILA,PR,no-cms-hpt-txt-published,pointer-or-domain-review,response received,not retrieved,unresolved,unresolved,unverified,,,,,,2026-09-09T02:20:33.497Z,pointer-or-domain-review,native|curl,retrieval-or-domain-unresolved,"HTTP 202 at https://hmdrpila.com/cms-hpt.txt | HTTP 202 at https://hmdrpila.com/.well-known/cms-hpt.txt | HTTP 202 at https://hmdrpila.com/ | curl: (28) Resolving timed out after 8013 milliseconds
 at https://www.hmdrpila.com/cms-hpt.txt",,Continue bounded browser or official-domain discovery
400019,HOSPITAL PAVIA SANTURCE,PR,no-cms-hpt-txt-published,pointer-or-domain-review,response received,not retrieved,unresolved,unresolved,unverified,,,,,,2026-09-09T02:20:33.542Z,pointer-or-domain-review,native,retrieval-or-domain-unresolved,HTTP 202 at https://hospitalpaviapr.com/cms-hpt.txt | HTTP 202 at https://hospitalpaviapr.com/.well-known/cms-hpt.txt | HTTP 202 at https://hospitalpaviapr.com/ | HTTP 202 at https://www.hospitalpaviapr.com/cms-hpt.txt,,Continue bounded browser or official-domain discovery
400102,DOCTORS' CENTER BAYAMON,PR,not-assessed-not-named-in-file,pointer-or-domain-review,response received,entries retrieved,unresolved,response received,unverified,https://www.doctorscenterhospital.com/cms-hpt.txt,,,,,2026-09-09T02:13:33.414Z,pointer-or-domain-review,native,facility-identity-or-metadata-unresolved,header-matches-other-roster-hospital | mrf-header-does-not-match-unresolved-roster,,Compare facility identity and inspect unparsed metadata
400106,METROPOLITAN HOSPITAL,PR,no-cms-hpt-txt-published,pointer-or-domain-review,response received,not retrieved,unresolved,unresolved,unverified,,,,,,2026-09-09T02:20:33.579Z,pointer-or-domain-review,native,retrieval-or-domain-unresolved,HTTP 202 at https://hospitalmetropolitanopr.com/cms-hpt.txt | HTTP 202 at https://hospitalmetropolitanopr.com/.well-known/cms-hpt.txt | HTTP 202 at https://hospitalmetropolitanopr.com/ | HTTP 202 at https://www.hospitalmetropolitanopr.com/cms-hpt.txt,,Continue bounded browser or official-domain discovery
400110,HOSPITAL PAVIA YAUCO,PR,no-cms-hpt-txt-published,pointer-or-domain-review,response received,not retrieved,unresolved,unresolved,unverified,,,,,,2026-09-09T02:20:33.584Z,pointer-or-domain-review,native,retrieval-or-domain-unresolved,HTTP 202 at https://hospitalpaviayauco.com/cms-hpt.txt | HTTP 202 at https://hospitalpaviayauco.com/.well-known/cms-hpt.txt | HTTP 202 at https://hospitalpaviayauco.com/ | HTTP 202 at https://www.hospitalpaviayauco.com/cms-hpt.txt,,Continue bounded browser or official-domain discovery
400117,HOSPITAL METROPOLITANO  DR SUSONI,PR,no-cms-hpt-txt-published,pointer-or-domain-review,response received,not retrieved,unresolved,unresolved,unverified,,,,,,2026-09-09T02:20:33.659Z,pointer-or-domain-review,native,retrieval-or-domain-unresolved,HTTP 202 at https://hospitaldrsusoni.com/cms-hpt.txt | HTTP 202 at https://hospitaldrsusoni.com/.well-known/cms-hpt.txt | HTTP 202 at https://hospitaldrsusoni.com/ | HTTP 202 at https://www.hospitaldrsusoni.com/cms-hpt.txt,,Continue bounded browser or official-domain discovery
400123,HOSPITAL PEREA,PR,no-cms-hpt-txt-published,pointer-or-domain-review,response received,not retrieved,unresolved,unresolved,unverified,,,,,,2026-09-09T02:20:33.746Z,pointer-or-domain-review,native,retrieval-or-domain-unresolved,HTTP 202 at https://hospitalperea.com/cms-hpt.txt | HTTP 202 at https://hospitalperea.com/.well-known/cms-hpt.txt | HTTP 202 at https://hospitalperea.com/ | HTTP 202 at https://www.hospitalperea.com/cms-hpt.txt,,Continue bounded browser or official-domain discovery
400128,"HOSPITAL PAVIA HATO REY, INC",PR,no-cms-hpt-txt-published,pointer-or-domain-review,response received,not retrieved,unresolved,unresolved,unverified,,,,,,2026-09-09T02:20:33.542Z,pointer-or-domain-review,native,retrieval-or-domain-unresolved,HTTP 202 at https://hospitalpaviapr.com/cms-hpt.txt | HTTP 202 at https://hospitalpaviapr.com/.well-known/cms-hpt.txt | HTTP 202 at https://hospitalpaviapr.com/ | HTTP 202 at https://www.hospitalpaviapr.com/cms-hpt.txt,,Continue bounded browser or official-domain discovery
400130,HOSPITAL METROPOLITANO DE LA MONTANA,PR,no-cms-hpt-txt-published,pointer-or-domain-review,response received,not retrieved,unresolved,unresolved,unverified,,,,,,2026-09-09T02:20:33.905Z,pointer-or-domain-review,native|glm-5.3-flash|web-search-verification,retrieval-or-domain-unresolved,HTTP 202 at https://hospitalmetroutuado.com/cms-hpt.txt | HTTP 202 at https://hospitalmetroutuado.com/.well-known/cms-hpt.txt | HTTP 202 at https://hospitalmetroutuado.com/ | HTTP 202 at https://www.hospitalmetroutuado.com/cms-hpt.txt,,Continue bounded browser or official-domain discovery
404007,HOSPITAL METROPOLITANO  PSIQUIATRICO DE CABO ROJO,PR,no-cms-hpt-txt-published,pointer-or-domain-review,response received,not retrieved,unresolved,unresolved,unverified,,,,,,2026-09-09T02:20:33.947Z,pointer-or-domain-review,native,retrieval-or-domain-unresolved,HTTP 202 at https://hospitalmetrocaborojo.com/cms-hpt.txt | HTTP 202 at https://hospitalmetrocaborojo.com/.well-known/cms-hpt.txt | HTTP 202 at https://hospitalmetrocaborojo.com/ | HTTP 202 at https://www.hospitalmetrocaborojo.com/cms-hpt.txt,,Continue bounded browser or official-domain discovery
420010,CAROLINA PINES REGIONAL MEDICAL CENTER,SC,not-assessed-site-unreachable,pointer-or-domain-review,not verified,not retrieved,unresolved,unresolved,unverified,,,,,,2026-09-09T02:20:33.830Z,pointer-or-domain-review,native,retrieval-or-domain-unresolved,HTTP 406 at https://cprmc.com/cms-hpt.txt | HTTP 406 at https://cprmc.com/.well-known/cms-hpt.txt | HTTP 406 at https://cprmc.com/ | HTTP 406 at https://www.cprmc.com/cms-hpt.txt,,Continue bounded browser or official-domain discovery
420082,AIKEN REGIONAL MEDICAL CENTER,SC,pointer-blocked-to-automation,pointer-or-domain-review,not verified,not retrieved,unresolved,unresolved,unverified,,,,,,2026-09-09T02:20:33.876Z,pointer-or-domain-review,native,retrieval-or-domain-unresolved,HTTP 403 at https://aikenregional.com/cms-hpt.txt | HTTP 403 at https://aikenregional.com/.well-known/cms-hpt.txt | HTTP 403 at https://aikenregional.com/ | HTTP 403 at https://www.aikenregional.com/cms-hpt.txt,,Continue bounded browser or official-domain discovery
420104,MOUNT PLEASANT HOSPITAL,SC,not-assessed-not-named-in-file,pointer-or-domain-review,not verified,not retrieved,unresolved,unresolved,unverified,,,,,,2026-09-09T02:20:33.892Z,pointer-or-domain-review,native,retrieval-or-domain-unresolved,HTTP 403 at https://www.rsfh.com/cms-hpt.txt | HTTP 403 at https://rsfh.com/cms-hpt.txt | HTTP 403 at https://rsfh.com/.well-known/cms-hpt.txt | HTTP 403 at https://rsfh.com/,,Continue bounded browser or official-domain discovery
430012,AVERA SACRED HEART HOSPITAL,SD,old-template-version,pointer-or-domain-review,not verified,not retrieved,unresolved,unresolved,unverified,,,,,,2026-09-09T02:17:39.442Z,pointer-or-domain-review,native|brave,retrieval-or-domain-unresolved,metadata-incomplete-or-request-failed | HTTP 403,access-denied: Homepage rendered after initial tool navigation timeout; official pricing link rendered Access Denied.,Continue bounded browser or official-domain discovery
430014,AVERA ST LUKES,SD,old-template-version,pointer-or-domain-review,not verified,not retrieved,unresolved,unresolved,unverified,,,,,,2026-09-09T02:17:39.442Z,pointer-or-domain-review,native|brave,retrieval-or-domain-unresolved,metadata-incomplete-or-request-failed | HTTP 403,access-denied: Homepage rendered after initial tool navigation timeout; official pricing link rendered Access Denied.,Continue bounded browser or official-domain discovery
430015,AVERA ST MARY'S HOSPITAL,SD,old-template-version,pointer-or-domain-review,not verified,not retrieved,unresolved,unresolved,unverified,,,,,,2026-09-09T02:17:39.442Z,pointer-or-domain-review,native|brave,retrieval-or-domain-unresolved,metadata-incomplete-or-request-failed | HTTP 403,access-denied: Homepage rendered after initial tool navigation timeout; official pricing link rendered Access Denied.,Continue bounded browser or official-domain discovery
430016,AVERA MCKENNAN HOSPITAL & UNIVERSITY HEALTH CENTER,SD,old-template-version,pointer-or-domain-review,not verified,not retrieved,unresolved,unresolved,unverified,,,,,,2026-09-09T02:17:39.442Z,pointer-or-domain-review,native|brave,retrieval-or-domain-unresolved,metadata-incomplete-or-request-failed | HTTP 403,access-denied: Homepage rendered after initial tool navigation timeout; official pricing link rendered Access Denied.,Continue bounded browser or official-domain discovery
430095,AVERA HEART HOSPITAL OF SOUTH DAKOTA,SD,old-template-version,pointer-or-domain-review,not verified,not retrieved,unresolved,unresolved,unverified,,,,,,2026-09-09T02:17:39.442Z,pointer-or-domain-review,native|brave,retrieval-or-domain-unresolved,metadata-incomplete-or-request-failed | HTTP 403,access-denied: Homepage rendered after initial tool navigation timeout; official pricing link rendered Access Denied.,Continue bounded browser or official-domain discovery
430779,LANDMANN JUNGMAN MEMORIAL HOSPITAL CORPORATION,SD,old-template-version,pointer-or-domain-review,not verified,not retrieved,unresolved,unresolved,unverified,,,,,,2026-09-09T02:17:39.442Z,pointer-or-domain-review,native|brave,retrieval-or-domain-unresolved,metadata-incomplete-or-request-failed | HTTP 403,access-denied: Homepage rendered after initial tool navigation timeout; official pricing link rendered Access Denied.,Continue bounded browser or official-domain discovery
431300,MADISON REGIONAL HEALTH SYSTEM,SD,no-cms-hpt-txt-published,pointer-or-domain-review,not verified,not retrieved,unresolved,unresolved,unverified,,,,,,2026-09-09T02:20:54.445Z,pointer-or-domain-review,native|curl,retrieval-or-domain-unresolved,"curl: (28) Connection timed out after 8010 milliseconds
 at https://madisonregionalhealth.org/cms-hpt.txt | curl: (28) Connection timed out after 8010 milliseconds
 at https://madisonregionalhealth.org/.well-known/cms-hpt.txt | curl: (28) Connection timed out after 8010 milliseconds
 at https://madisonregionalhealth.org/ | curl: (28) Connection timed out after 8009 milliseconds
 at https://www.madisonregionalhealth.org/cms-hpt.txt",,Continue bounded browser or official-domain discovery
431302,AVERA MISSOURI RIVER HEALTH CENTER,SD,old-template-version,pointer-or-domain-review,not verified,not retrieved,unresolved,unresolved,unverified,,,,,,2026-09-09T02:17:39.442Z,pointer-or-domain-review,native|brave,retrieval-or-domain-unresolved,metadata-incomplete-or-request-failed | HTTP 403,access-denied: Homepage rendered after initial tool navigation timeout; official pricing link rendered Access Denied.,Continue bounded browser or official-domain discovery
431306,PLATTE HEALTH CENTER,SD,old-template-version,pointer-or-domain-review,not verified,not retrieved,unresolved,unresolved,unverified,,,,,,2026-09-09T02:17:39.442Z,pointer-or-domain-review,native|brave,retrieval-or-domain-unresolved,metadata-incomplete-or-request-failed | HTTP 403,access-denied: Homepage rendered after initial tool navigation timeout; official pricing link rendered Access Denied.,Continue bounded browser or official-domain discovery
431308,EUREKA COMMUNITY HEALTH SERVICES - CAH,SD,not-assessed-not-named-in-file,pointer-or-domain-review,not verified,not retrieved,unresolved,unresolved,unverified,,,,,,2026-09-09T02:17:39.442Z,pointer-or-domain-review,native|brave,retrieval-or-domain-unresolved,HTTP 403 at https://avera.org/cms-hpt.txt | HTTP 403 at https://avera.org/.well-known/cms-hpt.txt | HTTP 403 at https://avera.org/ | HTTP 403 at https://www.avera.org/cms-hpt.txt,access-denied: Homepage rendered after initial tool navigation timeout; official pricing link rendered Access Denied.,Continue bounded browser or official-domain discovery
431310,AVERA FLANDREAU HOSPITAL - CAH,SD,old-template-version,pointer-or-domain-review,not verified,not retrieved,unresolved,unresolved,unverified,,,,,,2026-09-09T02:17:39.442Z,pointer-or-domain-review,native|brave,retrieval-or-domain-unresolved,metadata-incomplete-or-request-failed | HTTP 403,access-denied: Homepage rendered after initial tool navigation timeout; official pricing link rendered Access Denied.,Continue bounded browser or official-domain discovery
431312,MARSHALL COUNTY HEALTHCARE CENTER - CAH,SD,old-template-version,pointer-or-domain-review,not verified,not retrieved,unresolved,unresolved,unverified,,,,,,2026-09-09T02:17:39.442Z,pointer-or-domain-review,native|brave,retrieval-or-domain-unresolved,metadata-incomplete-or-request-failed | HTTP 403,access-denied: Homepage rendered after initial tool navigation timeout; official pricing link rendered Access Denied.,Continue bounded browser or official-domain discovery
431313,FREEMAN MEDICAL CENTER - CAH,SD,not-assessed-not-named-in-file,pointer-or-domain-review,not verified,not retrieved,unresolved,unresolved,unverified,,,,,,2026-09-09T02:17:39.442Z,pointer-or-domain-review,native|brave,retrieval-or-domain-unresolved,HTTP 403 at https://avera.org/cms-hpt.txt | HTTP 403 at https://avera.org/.well-known/cms-hpt.txt | HTTP 403 at https://avera.org/ | HTTP 403 at https://www.avera.org/cms-hpt.txt,access-denied: Homepage rendered after initial tool navigation timeout; official pricing link rendered Access Denied.,Continue bounded browser or official-domain discovery
431315,WAGNER COMMUNITY MEMORIAL HOSPITAL - CAH,SD,old-template-version,pointer-or-domain-review,not verified,not retrieved,unresolved,unresolved,unverified,,,,,,2026-09-09T02:17:39.442Z,pointer-or-domain-review,native|brave,retrieval-or-domain-unresolved,metadata-incomplete-or-request-failed | HTTP 403,access-denied: Homepage rendered after initial tool navigation timeout; official pricing link rendered Access Denied.,Continue bounded browser or official-domain discovery
431316,COMMUNITY MEMORIAL HOSPITAL,SD,mrf-blocked-to-automation,pointer-or-domain-review,not verified,not retrieved,unresolved,unresolved,unverified,,,,,,2026-09-09T02:17:39.442Z,pointer-or-domain-review,native|brave,retrieval-or-domain-unresolved,metadata-incomplete-or-request-failed | HTTP 403,access-denied: Homepage rendered after initial tool navigation timeout; official pricing link rendered Access Denied.,Continue bounded browser or official-domain discovery
431318,BOWDLE HOSPITAL - CAH,SD,not-assessed-not-named-in-file,pointer-or-domain-review,not verified,not retrieved,unresolved,unresolved,unverified,,,,,,2026-09-09T02:17:39.442Z,pointer-or-domain-review,native|brave,retrieval-or-domain-unresolved,HTTP 403 at https://avera.org/cms-hpt.txt | HTTP 403 at https://avera.org/.well-known/cms-hpt.txt | HTTP 403 at https://avera.org/ | HTTP 403 at https://www.avera.org/cms-hpt.txt,access-denied: Homepage rendered after initial tool navigation timeout; official pricing link rendered Access Denied.,Continue bounded browser or official-domain discovery
431324,AVERA WESKOTA MEMORIAL MEDICAL CENTER - CAH,SD,old-template-version,pointer-or-domain-review,not verified,not retrieved,unresolved,unresolved,unverified,,,,,,2026-09-09T02:17:39.442Z,pointer-or-domain-review,native|brave,retrieval-or-domain-unresolved,metadata-incomplete-or-request-failed | HTTP 403,access-denied: Homepage rendered after initial tool navigation timeout; official pricing link rendered Access Denied.,Continue bounded browser or official-domain discovery
431326,MILBANK AREA HOSPITAL/AVERA HEALTH,SD,old-template-version,pointer-or-domain-review,not verified,not retrieved,unresolved,unresolved,unverified,,,,,,2026-09-09T02:17:39.442Z,pointer-or-domain-review,native|brave,retrieval-or-domain-unresolved,metadata-incomplete-or-request-failed | HTTP 403,access-denied: Homepage rendered after initial tool navigation timeout; official pricing link rendered Access Denied.,Continue bounded browser or official-domain discovery
431327,ST MICHAEL'S HOSPITAL - CAH,SD,old-template-version,pointer-or-domain-review,not verified,not retrieved,unresolved,unresolved,unverified,,,,,,2026-09-09T02:17:39.442Z,pointer-or-domain-review,native|brave,retrieval-or-domain-unresolved,metadata-incomplete-or-request-failed | HTTP 403,access-denied: Homepage rendered after initial tool navigation timeout; official pricing link rendered Access Denied.,Continue bounded browser or official-domain discovery
431330,AVERA ST BENEDICT HEALTH CENTER - CAH,SD,old-template-version,pointer-or-domain-review,not verified,not retrieved,unresolved,unresolved,unverified,,,,,,2026-09-09T02:17:39.442Z,pointer-or-domain-review,native|brave,retrieval-or-domain-unresolved,metadata-incomplete-or-request-failed | HTTP 403,access-denied: Homepage rendered after initial tool navigation timeout; official pricing link rendered Access Denied.,Continue bounded browser or official-domain discovery
431331,AVERA DELLS AREA HOSPITAL  - CAH,SD,old-template-version,pointer-or-domain-review,not verified,not retrieved,unresolved,unresolved,unverified,,,,,,2026-09-09T02:17:39.442Z,pointer-or-domain-review,native|brave,retrieval-or-domain-unresolved,metadata-incomplete-or-request-failed | HTTP 403,access-denied: Homepage rendered after initial tool navigation timeout; official pricing link rendered Access Denied.,Continue bounded browser or official-domain discovery
431332,AVERA DE SMET MEMORIAL HOSPITAL - CAH,SD,old-template-version,pointer-or-domain-review,not verified,not retrieved,unresolved,unresolved,unverified,,,,,,2026-09-09T02:17:39.442Z,pointer-or-domain-review,native|brave,retrieval-or-domain-unresolved,metadata-incomplete-or-request-failed | HTTP 403,access-denied: Homepage rendered after initial tool navigation timeout; official pricing link rendered Access Denied.,Continue bounded browser or official-domain discovery
431337,AVERA HAND COUNTY MEMORIAL HOSPITAL AND CLINIC,SD,old-template-version,pointer-or-domain-review,not verified,not retrieved,unresolved,unresolved,unverified,,,,,,2026-09-09T02:17:39.442Z,pointer-or-domain-review,native|brave,retrieval-or-domain-unresolved,metadata-incomplete-or-request-failed | HTTP 403,access-denied: Homepage rendered after initial tool navigation timeout; official pricing link rendered Access Denied.,Continue bounded browser or official-domain discovery
431338,AVERA GREGORY HOSPITAL,SD,old-template-version,pointer-or-domain-review,not verified,not retrieved,unresolved,unresolved,unverified,,,,,,2026-09-09T02:17:39.442Z,pointer-or-domain-review,native|brave,retrieval-or-domain-unresolved,metadata-incomplete-or-request-failed | HTTP 403,access-denied: Homepage rendered after initial tool navigation timeout; official pricing link rendered Access Denied.,Continue bounded browser or official-domain discovery
431340,AVERA QUEEN OF PEACE,SD,old-template-version,pointer-or-domain-review,not verified,not retrieved,unresolved,unresolved,unverified,,,,,,2026-09-09T02:17:39.442Z,pointer-or-domain-review,native|brave,retrieval-or-domain-unresolved,metadata-incomplete-or-request-failed | HTTP 403,access-denied: Homepage rendered after initial tool navigation timeout; official pricing link rendered Access Denied.,Continue bounded browser or official-domain discovery
440161,TRISTAR CENTENNIAL MEDICAL CENTER,TN,mrf-blocked-to-automation,pointer-or-domain-review,response received,entries retrieved,corroborated,response received,date-within-365-days-version-3,https://www.tristarhealth.com/cms-hpt.txt,https://stctrprodsnsvc00455826e6.blob.core.windows.net/pt-final-posting-files/62-1113737_TRISTAR-CENTENNIAL-MEDICAL-CENTER_standardcharges.json?si=dpx-pt-json-access-policy&spr=https&sv=2026-02-06&sr=c&sig=ks%2BgfAjyEHlZmeP2PYJ%2F9NpMuCoRStjTb2bhIy9Y6LM%3D,2026-03-01,3.0.0,,2026-09-09T02:31:30.011Z,pointer-or-domain-review,native|curl,official-pointer-or-metadata-unresolved,metadata-incomplete-or-request-failed | HTTP 403 | header-matches-other-roster-hospital | mrf-header-name-without-location,,Resolve official pointer linkage or conflicting metadata
440187,LIVINGSTON REGIONAL HOSPITAL,TN,not-assessed-site-unreachable,pointer-or-domain-review,not verified,not retrieved,unresolved,unresolved,unverified,,,,,,2026-09-09T02:20:34.202Z,pointer-or-domain-review,native,retrieval-or-domain-unresolved,HTTP 406 at https://mylivingstonhospital.com/cms-hpt.txt | HTTP 406 at https://mylivingstonhospital.com/.well-known/cms-hpt.txt | HTTP 406 at https://mylivingstonhospital.com/ | HTTP 406 at https://www.mylivingstonhospital.com/cms-hpt.txt,,Continue bounded browser or official-domain discovery
443303,EAST TENNESSEE CHILDRENS HOSPITAL,TN,mrf-blocked-to-automation,pointer-or-domain-review,not verified,not retrieved,unresolved,unresolved,unverified,,,,,,2026-09-09T02:20:34.449Z,pointer-or-domain-review,native,retrieval-or-domain-unresolved,metadata-incomplete-or-request-failed | HTTP 403,,Continue bounded browser or official-domain discovery
444014,MIDDLE TN MENTAL HEALTH INSTITUTE,TN,not-assessed-site-unreachable,pointer-or-domain-review,response received,not retrieved,unresolved,unresolved,unverified,,,,,,2026-09-09T02:20:34.390Z,pointer-or-domain-review,native,retrieval-or-domain-unresolved,HTTP 404 at https://tn.gov/cms-hpt.txt | HTTP 404 at https://tn.gov/.well-known/cms-hpt.txt | HTTP 200 at https://tn.gov/ | HTTP 404 at https://www.tn.gov/cms-hpt.txt#main | HTTP 404 at https://www.tn.gov/cms-hpt.txt#header-logo | HTTP 404 at https://www.tn.gov/cms-hpt.txt# | HTTP 404 at https://www.tn.gov/.well-known/cms-hpt.txt#main | HTTP 404 at https://www.tn.gov/.well-known/cms-hpt.txt#header-logo | HTTP 404 at https://www.tn.gov/cms-hpt.txt,,Continue bounded browser or official-domain discovery
444023,PERIMETER BEHAVIORAL CENTER OF JACKSON,TN,not-assessed-not-named-in-file,pointer-or-domain-review,response received,entries retrieved,unresolved,response received,unverified,https://www.perimeterhealthcare.com/cms-hpt.txt,,,,,2026-09-09T02:11:23.829Z,pointer-or-domain-review,native,facility-identity-or-metadata-unresolved,header-matches-other-roster-hospital | mrf-header-does-not-match-unresolved-roster,,Compare facility identity and inspect unparsed metadata
450035,ST JOSEPH MEDICAL CENTER,TX,mrf-stale-over-365-days,publisher-date-review,response received,entries retrieved,corroborated,response received,date-over-365-days,https://sjmctx.org/cms-hpt.txt,https://sjmctx.org/pricetransparency/994785298_StJosephMedicalCenter_standardcharges.csv,2024-12-23,2.0.0,,2026-09-09T02:31:30.207Z,pointer-or-domain-review,native,,date-over-365-days,,Review the exact declared metadata before publisher inquiry
450090,NORTH TEXAS MEDICAL CENTER,TX,no-cms-hpt-txt-published,pointer-or-domain-review,response received,not retrieved,unresolved,unresolved,unverified,,,,,,2026-09-09T02:20:34.370Z,pointer-or-domain-review,native,retrieval-or-domain-unresolved,HTTP 202 at https://ntmconline.net/cms-hpt.txt | HTTP 202 at https://ntmconline.net/.well-known/cms-hpt.txt | HTTP 202 at https://ntmconline.net/ | HTTP 202 at https://www.ntmconline.net/cms-hpt.txt,,Continue bounded browser or official-domain discovery
450107,LAS PALMAS MEDICAL CENTER A CAMPUS OF LPDS HEALTHC,TX,not-assessed-not-named-in-file,pointer-or-domain-review,response received,entries retrieved,unresolved,response received,unverified,https://www.laspalmasdelsolhealthcare.com/cms-hpt.txt,,,,,2026-09-09T02:20:39.035Z,pointer-or-domain-review,native|curl,facility-identity-or-metadata-unresolved,mrf-header-does-not-match-unresolved-roster,,Compare facility identity and inspect unparsed metadata
450196,PARIS REGIONAL MEDICAL CENTER,TX,compliant-date-unverified,pointer-or-domain-review,response received,not retrieved,corroborated,response received,date-within-365-days-version-3,,https://www.parisregionalhealth.com/docs/ahparisregionalhealthlibraries/hcl/mrf3q262/331073948_paris-regional-medical-center_standardcharges.csv,2026-07-17,3.0.0,,2026-09-09T02:31:31.022Z,pointer-or-domain-review,native,official-pointer-or-metadata-unresolved,metadata-incomplete-or-request-failed | mrf-header-has-no-license-state | Unsupported URL | invalid-url-or-tool-error,,Resolve official pointer linkage or conflicting metadata
450209,NORTHWEST TEXAS HOSPITAL,TX,pointer-blocked-to-automation,pointer-or-domain-review,not verified,not retrieved,unresolved,unresolved,unverified,,,,,,2026-09-09T02:20:34.564Z,pointer-or-domain-review,native,retrieval-or-domain-unresolved,HTTP 403 at https://nwths.com/cms-hpt.txt | HTTP 403 at https://nwths.com/.well-known/cms-hpt.txt | HTTP 403 at https://nwths.com/ | HTTP 403 at https://www.nwths.com/cms-hpt.txt,,Continue bounded browser or official-domain discovery
450235,MEMORIAL HOSPITAL,TX,pointer-blocked-to-automation,pointer-or-domain-review,not verified,not retrieved,unresolved,unresolved,unverified,,,,,,2026-09-09T02:20:34.801Z,pointer-or-domain-review,native,retrieval-or-domain-unresolved,HTTP 403 at https://texashealthhuguley.org/cms-hpt.txt | HTTP 404 at https://texashealthhuguley.org/.well-known/cms-hpt.txt | HTTP 403 at https://texashealthhuguley.org/ | HTTP 403 at https://www.texashealthhuguley.org/cms-hpt.txt,,Continue bounded browser or official-domain discovery
450347,HUNTSVILLE MEMORIAL HOSPITAL,TX,no-cms-hpt-txt-published,pointer-or-domain-review,response received,not retrieved,unresolved,unresolved,unverified,,,,,,2026-09-09T02:20:35.027Z,pointer-or-domain-review,native,retrieval-or-domain-unresolved,HTTP 202 at https://huntsvillememorial.com/cms-hpt.txt | HTTP 202 at https://huntsvillememorial.com/.well-known/cms-hpt.txt | HTTP 202 at https://huntsvillememorial.com/ | HTTP 403 at https://www.huntsvillememorial.com/cms-hpt.txt,,Continue bounded browser or official-domain discovery
450400,PARKVIEW REGIONAL HOSPITAL,TX,not-assessed-site-unreachable,pointer-or-domain-review,not verified,not retrieved,unresolved,unresolved,unverified,,,,,,2026-09-09T02:20:35.091Z,pointer-or-domain-review,native,retrieval-or-domain-unresolved,HTTP 406 at https://parkviewregional.com/cms-hpt.txt | HTTP 406 at https://parkviewregional.com/.well-known/cms-hpt.txt | HTTP 406 at https://parkviewregional.com/ | HTTP 406 at https://www.parkviewregional.com/cms-hpt.txt,,Continue bounded browser or official-domain discovery
450653,SCENIC MOUNTAIN MEDICAL CENTER,TX,not-assessed-not-named-in-file,pointer-or-domain-review,response received,entries retrieved,unresolved,response received,unverified,https://www.shannonhealth.com/cms-hpt.txt,,,,,2026-09-09T02:20:46.893Z,pointer-or-domain-review,native|curl,facility-identity-or-metadata-unresolved,header-matches-other-roster-hospital | mrf-header-does-not-match-unresolved-roster,,Compare facility identity and inspect unparsed metadata
450674,"WOMANS HOSPITAL OF TEXAS,THE",TX,mrf-blocked-to-automation,pointer-or-domain-review,response received,entries retrieved,unresolved,unresolved,unverified,https://www.womanshospital.com/cms-hpt.txt,,,,,2026-09-09T02:20:59.377Z,pointer-or-domain-review,native|curl,retrieval-or-domain-unresolved,metadata-incomplete-or-request-failed | HTTP 403,,Continue bounded browser or official-domain discovery
450698,LAMB HEALTHCARE CENTER,TX,pointer-blocked-to-automation,pointer-or-domain-review,response received,not retrieved,unresolved,response received,unverified,,,,,,2026-09-09T02:19:04.772Z,pointer-or-domain-review,native,facility-identity-or-metadata-unresolved,header-matches-other-roster-hospital,,Compare facility identity and inspect unparsed metadata
450747,PALESTINE REGIONAL MEDICAL CENTER,TX,not-assessed-site-unreachable,pointer-or-domain-review,not verified,not retrieved,unresolved,unresolved,unverified,,,,,,2026-09-09T02:20:35.379Z,pointer-or-domain-review,native,retrieval-or-domain-unresolved,HTTP 406 at https://palestineregional.com/cms-hpt.txt | HTTP 406 at https://palestineregional.com/.well-known/cms-hpt.txt | HTTP 406 at https://palestineregional.com/ | HTTP 406 at https://www.palestineregional.com/cms-hpt.txt,,Continue bounded browser or official-domain discovery
450774,TOPS SURGICAL SPECIALTY HOSPITAL,TX,pointer-blocked-to-automation,pointer-or-domain-review,not verified,not retrieved,unresolved,unresolved,unverified,,,,,,2026-09-09T02:20:46.731Z,pointer-or-domain-review,native,retrieval-or-domain-unresolved,HTTP 403 at https://tops-hospital.com/cms-hpt.txt | HTTP 403 at https://tops-hospital.com/.well-known/cms-hpt.txt | HTTP 403 at https://tops-hospital.com/ | HTTP 403 at https://www.tops-hospital.com/cms-hpt.txt,,Continue bounded browser or official-domain discovery
450804,TEXAS ORTHOPEDIC HOSPITAL,TX,mrf-blocked-to-automation,pointer-or-domain-review,response received,entries retrieved,unresolved,unresolved,unverified,https://www.texasorthopedic.com/cms-hpt.txt,,,,,2026-09-09T02:21:14.388Z,pointer-or-domain-review,native|curl,retrieval-or-domain-unresolved,metadata-incomplete-or-request-failed | HTTP 403,,Continue bounded browser or official-domain discovery
450831,SURGERY SPECIALTY HOSPITALS OF AMERICA SE HOUSTON,TX,mrf-url-unreachable,pointer-or-domain-review,response received,entries retrieved,unresolved,response received,unverified,https://ssha.us.com/cms-hpt.txt,,,,,2026-09-09T02:20:46.935Z,pointer-or-domain-review,native,facility-identity-or-metadata-unresolved,metadata-incomplete-or-request-failed | HTTP 404 | mrf-header-does-not-match-unresolved-roster,,Compare facility identity and inspect unparsed metadata
450833,ENNIS REGIONAL MEDICAL CENTER,TX,not-assessed-site-unreachable,pointer-or-domain-review,not verified,not retrieved,unresolved,unresolved,unverified,,,,,,2026-09-09T02:20:47.106Z,pointer-or-domain-review,native,retrieval-or-domain-unresolved,HTTP 406 at https://ennisregional.com/cms-hpt.txt | HTTP 406 at https://ennisregional.com/.well-known/cms-hpt.txt | HTTP 406 at https://ennisregional.com/ | HTTP 406 at https://www.ennisregional.com/cms-hpt.txt,,Continue bounded browser or official-domain discovery
450834,"PHYSICIANS CENTRE,THE",TX,not-assessed-site-unreachable,pointer-or-domain-review,not verified,not retrieved,unresolved,unresolved,unverified,,,,,,2026-09-09T02:20:59.372Z,pointer-or-domain-review,native|curl,retrieval-or-domain-unresolved,"curl: (60) schannel: SEC_E_UNTRUSTED_ROOT (0x80090325) - The certificate chain was issued by an authority that is not trusted.
More details here: https://curl. at https://thephysicianscentre.com/cms-hpt.txt | curl: (60) schannel: SEC_E_UNTRUSTED_ROOT (0x80090325) - The certificate chain was issued by an authority that is not trusted.
More details here: https://curl. at https://thephysicianscentre.com/.well-known/cms-hpt.txt | curl: (60) schannel: SEC_E_UNTRUSTED_ROOT (0x80090325) - The certificate chain was issued by an authority that is not trusted.
More details here: https://curl. at https://thephysicianscentre.com/ | curl: (60) schannel: SEC_E_UNTRUSTED_ROOT (0x80090325) - The certificate chain was issued by an authority that is not trusted.
More details here: https://curl. at https://www.thephysicianscentre.com/cms-hpt.txt",,Continue bounded browser or official-domain discovery
450860,SUGAR LAND SURGICAL HOSPITAL LLP,TX,not-assessed-not-named-in-file,pointer-or-domain-review,response received,entries retrieved,unresolved,response received,unverified,https://memorialhermann.org/cms-hpt.txt,,,,,2026-09-09T02:20:58.939Z,pointer-or-domain-review,native,facility-identity-or-metadata-unresolved,header-matches-other-roster-hospital | mrf-header-does-not-match-unresolved-roster | mrf-header-name-without-location,,Compare facility identity and inspect unparsed metadata
451338,CULBERSON HOSPITAL,TX,no-cms-hpt-txt-published,pointer-or-domain-review,response received,not retrieved,unresolved,unresolved,unverified,,,,,,2026-09-09T02:20:58.893Z,pointer-or-domain-review,native,retrieval-or-domain-unresolved,HTTP 202 at https://culbersonhospital.org/cms-hpt.txt | HTTP 202 at https://culbersonhospital.org/.well-known/cms-hpt.txt | HTTP 202 at https://culbersonhospital.org/ | HTTP 202 at https://www.culbersonhospital.org/cms-hpt.txt,,Continue bounded browser or official-domain discovery
451347,COLEMAN COUNTY MEDICAL CENTER COMPANY,TX,no-cms-hpt-txt-published,pointer-or-domain-review,response received,not retrieved,unresolved,unresolved,unverified,,,,,,2026-09-09T02:21:10.713Z,pointer-or-domain-review,native,retrieval-or-domain-unresolved,HTTP 202 at https://colemancountymc.com/cms-hpt.txt | HTTP 202 at https://colemancountymc.com/.well-known/cms-hpt.txt | HTTP 202 at https://colemancountymc.com/ | HTTP 202 at https://www.colemancountymc.com/cms-hpt.txt,,Continue bounded browser or official-domain discovery
451350,PLAINS MEMORIAL HOSPITAL,TX,not-assessed-site-unreachable,pointer-or-domain-review,response received,not retrieved,unresolved,unresolved,unverified,,,,,,2026-09-09T02:21:10.625Z,pointer-or-domain-review,native,retrieval-or-domain-unresolved,HTTP 500 at https://plainsmemorial.com/cms-hpt.txt | HTTP 500 at https://plainsmemorial.com/.well-known/cms-hpt.txt | HTTP 206 at https://plainsmemorial.com/ | HTTP 500 at https://www.plainsmemorial.com/cms-hpt.txt,,Continue bounded browser or official-domain discovery
451355,COLLINGSWORTH GENERAL HOSPITAL,TX,no-cms-hpt-txt-published,pointer-or-domain-review,response received,not retrieved,unresolved,unresolved,unverified,,,,,,2026-09-09T02:21:11.053Z,pointer-or-domain-review,native,retrieval-or-domain-unresolved,HTTP 202 at https://collingsworthgeneral.net/cms-hpt.txt | HTTP 202 at https://collingsworthgeneral.net/.well-known/cms-hpt.txt | HTTP 202 at https://collingsworthgeneral.net/ | HTTP 202 at https://www.collingsworthgeneral.net/cms-hpt.txt,,Continue bounded browser or official-domain discovery
451358,MEMORIAL HOSPITAL,TX,pointer-blocked-to-automation,pointer-or-domain-review,not verified,not retrieved,unresolved,unresolved,unverified,,,,,,2026-09-09T02:20:34.801Z,pointer-or-domain-review,native,retrieval-or-domain-unresolved,HTTP 403 at https://texashealthhuguley.org/cms-hpt.txt | HTTP 404 at https://texashealthhuguley.org/.well-known/cms-hpt.txt | HTTP 403 at https://texashealthhuguley.org/ | HTTP 403 at https://www.texashealthhuguley.org/cms-hpt.txt,,Continue bounded browser or official-domain discovery
451361,SABINE COUNTY HOSPITAL,TX,pointer-blocked-to-automation,pointer-or-domain-review,response received,not retrieved,unresolved,unresolved,unverified,,,,,,2026-09-09T02:21:11.544Z,pointer-or-domain-review,native,retrieval-or-domain-unresolved,HTTP 202 at https://sabinecountyhospital.com/cms-hpt.txt | HTTP 202 at https://sabinecountyhospital.com/.well-known/cms-hpt.txt | HTTP 202 at https://sabinecountyhospital.com/ | HTTP 202 at https://www.sabinecountyhospital.com/cms-hpt.txt,,Continue bounded browser or official-domain discovery
451370,TMC- BONHAM HOSPITAL,TX,pointer-blocked-to-automation,pointer-or-domain-review,not verified,not retrieved,unresolved,unresolved,unverified,,,,,,2026-09-09T02:21:11.335Z,pointer-or-domain-review,native,retrieval-or-domain-unresolved,HTTP 403 at https://tmcbonham.com/cms-hpt.txt | HTTP 403 at https://tmcbonham.com/.well-known/cms-hpt.txt | HTTP 403 at https://tmcbonham.com/ | HTTP 403 at https://www.tmcbonham.com/cms-hpt.txt,,Continue bounded browser or official-domain discovery
451372,MULESHOE AREA MEDICAL CENTER,TX,no-cms-hpt-txt-published,pointer-or-domain-review,response received,not retrieved,unresolved,unresolved,unverified,,,,,,2026-09-09T02:21:11.482Z,pointer-or-domain-review,native,retrieval-or-domain-unresolved,HTTP 202 at https://muleshoehospital.com/cms-hpt.txt | HTTP 202 at https://muleshoehospital.com/.well-known/cms-hpt.txt | HTTP 202 at https://muleshoehospital.com/ | HTTP 202 at https://www.muleshoehospital.com/cms-hpt.txt,,Continue bounded browser or official-domain discovery
451386,MEMORIAL HOSPITAL,TX,pointer-blocked-to-automation,pointer-or-domain-review,not verified,not retrieved,unresolved,unresolved,unverified,,,,,,2026-09-09T02:20:34.801Z,pointer-or-domain-review,native,retrieval-or-domain-unresolved,HTTP 403 at https://texashealthhuguley.org/cms-hpt.txt | HTTP 404 at https://texashealthhuguley.org/.well-known/cms-hpt.txt | HTTP 403 at https://texashealthhuguley.org/ | HTTP 403 at https://www.texashealthhuguley.org/cms-hpt.txt,,Continue bounded browser or official-domain discovery
454076,HARRIS COUNTY PSYCHIATRIC CENTER,TX,not-assessed-site-unreachable,pointer-or-domain-review,response received,not retrieved,unresolved,unresolved,unverified,,,,,,2026-09-09T02:21:12.071Z,pointer-or-domain-review,native,retrieval-or-domain-unresolved,HTTP 404 at https://hcpc.uth.edu/cms-hpt.txt | HTTP 404 at https://hcpc.uth.edu/.well-known/cms-hpt.txt | HTTP 200 at https://hcpc.uth.edu/ | HTTP 404 at https://hcpc.uth.edu/cms-hpt.txt# | HTTP 404 at https://hcpc.uth.edu/.well-known/cms-hpt.txt# | HTTP 200 at https://hcpc.uth.edu/pages/access/inp-fees.htm,,Continue bounded browser or official-domain discovery
454132,SAN ANTONIO BEHAVIORAL HEALTHCARE HOSPITAL,TX,old-template-version,publisher-template-review,response received,entries retrieved,corroborated,response received,date-within-365-days-older-version,https://www.sanantoniobehavioral.com/cms-hpt.txt,https://www.sanantoniobehavioral.com/wp-content/uploads/2025/09/461064226_San-Antonio-Behavioral-Healthcare-Hospital_standardcharges.csv,2025-09-17,2.0.0,,2026-09-09T02:31:31.529Z,pointer-or-domain-review,native,,date-within-365-days-older-version,,Review the exact declared metadata before publisher inquiry
461302,MOAB REGIONAL HOSPITAL,UT,no-cms-hpt-txt-published,pointer-or-domain-review,response received,not retrieved,unresolved,unresolved,unverified,,,,,,2026-09-09T02:21:12.594Z,pointer-or-domain-review,native,retrieval-or-domain-unresolved,HTTP 202 at https://mrhmoab.org/cms-hpt.txt | HTTP 202 at https://mrhmoab.org/.well-known/cms-hpt.txt | HTTP 202 at https://mrhmoab.org/ | HTTP 403 at https://www.mrhmoab.org/cms-hpt.txt,,Continue bounded browser or official-domain discovery
461306,GUNNISON VALLEY HOSPITAL,UT,no-cms-hpt-txt-published,pointer-or-domain-review,response received,not retrieved,unresolved,unresolved,unverified,,,,,,2026-09-09T02:21:15.285Z,pointer-or-domain-review,native,retrieval-or-domain-unresolved,HTTP 200 at https://gvhospital.org/cms-hpt.txt | HTTP 200 at https://gvhospital.org/.well-known/cms-hpt.txt | HTTP 200 at https://gvhospital.org/ | HTTP 200 at https://gvhospital.org/patient-resources/patient-financial-resources | HTTP 200 at https://gvhospital.org/patient-resources/charge-master | HTTP 200 at https://gvhospital.org/patient-resources/patient-financial-resources# | HTTP 206 at https://gvhospital.org/images/pdfs-doc/GVH_Chargemaster_machine_readable_worksheet_posted_01_01_26.xlsx | HTTP 206 at https://gvhospital.org/images/pdfs-doc/GVH_Shoppable_services_machine_readable_worksheet_posted_01_01_26.xlsx | HTTP 200 at https://www.gvhospital.org/cms-hpt.txt,,Continue bounded browser or official-domain discovery
461310,BLUE MOUNTAIN HOSPITAL,UT,no-cms-hpt-txt-published,pointer-or-domain-review,response received,not retrieved,unresolved,unresolved,unverified,,,,,,2026-09-09T02:21:13.421Z,pointer-or-domain-review,native,retrieval-or-domain-unresolved,HTTP 404 at https://ezcost.info/cms-hpt.txt | HTTP 404 at https://ezcost.info/.well-known/cms-hpt.txt | HTTP 200 at https://ezcost.info/ | HTTP 404 at https://www.ezcost.info/cms-hpt.txt,,Continue bounded browser or official-domain discovery
490020,JOHN RANDOLPH MEDICAL CENTER,VA,not-assessed-not-named-in-file,pointer-or-domain-review,response received,entries retrieved,unresolved,response received,unverified,https://www.hcavirginia.com/cms-hpt.txt,,,,,2026-09-09T02:21:38.191Z,pointer-or-domain-review,native|curl,facility-identity-or-metadata-unresolved,header-matches-other-roster-hospital | mrf-header-does-not-match-unresolved-roster,,Compare facility identity and inspect unparsed metadata
490021,CENTRA HEALTH -  LYNCHBURG GEN HOSPITAL,VA,not-assessed-not-named-in-file,pointer-or-domain-review,not verified,not retrieved,unresolved,unresolved,unverified,,,,,,2026-09-09T02:21:37.077Z,pointer-or-domain-review,native,retrieval-or-domain-unresolved,HTTP 403 at https://centrahealth.com/cms-hpt.txt | HTTP 403 at https://centrahealth.com/.well-known/cms-hpt.txt | HTTP 403 at https://centrahealth.com/ | HTTP 403 at https://www.centrahealth.com/cms-hpt.txt,,Continue bounded browser or official-domain discovery
490112,CJW MEDICAL CENTER,VA,not-assessed-not-named-in-file,pointer-or-domain-review,response received,entries retrieved,unresolved,response received,unverified,https://www.hcavirginia.com/cms-hpt.txt,,,,,2026-09-09T02:21:38.191Z,pointer-or-domain-review,native|curl,facility-identity-or-metadata-unresolved,mrf-header-does-not-match-unresolved-roster | header-matches-other-roster-hospital,,Compare facility identity and inspect unparsed metadata
491300,BATH COMMUNITY HOSPITAL,VA,not-assessed-site-unreachable,pointer-or-domain-review,response received,not retrieved,unresolved,unresolved,unverified,,,,,,2026-09-09T02:21:25.589Z,pointer-or-domain-review,native,retrieval-or-domain-unresolved,HTTP 202 at https://bathhospital.org/cms-hpt.txt | HTTP 202 at https://bathhospital.org/.well-known/cms-hpt.txt | HTTP 202 at https://bathhospital.org/ | HTTP 202 at https://www.bathhospital.org/cms-hpt.txt,,Continue bounded browser or official-domain discovery
491304,CARILION STONEWALL JACKSON HOSPITAL,VA,not-assessed-not-named-in-file,pointer-or-domain-review,response received,entries retrieved,unresolved,response received,unverified,https://www.carilionclinic.org/sites/default/files/cms-hpt.txt,,,,,2026-09-09T02:21:39.296Z,pointer-or-domain-review,native|curl,facility-identity-or-metadata-unresolved,mrf-header-name-without-location | mrf-header-does-not-match-unresolved-roster,,Compare facility identity and inspect unparsed metadata
494023,DOMINION HOSPITAL,VA,not-assessed-not-named-in-file,pointer-or-domain-review,response received,entries retrieved,unresolved,response received,unverified,https://www.hcavirginia.com/cms-hpt.txt,,,,,2026-09-09T02:21:38.191Z,pointer-or-domain-review,native|curl,facility-identity-or-metadata-unresolved,mrf-header-does-not-match-unresolved-roster | header-matches-other-roster-hospital,,Compare facility identity and inspect unparsed metadata
500030,PEACEHEALTH ST JOSEPH MEDICAL CENTER,WA,pointer-blocked-to-automation,pointer-or-domain-review,not verified,not retrieved,unresolved,unresolved,unverified,,,,,,2026-09-09T02:16:09.747Z,pointer-or-domain-review,native|curl,retrieval-or-domain-unresolved,"HTTP 403 at https://peacehealth.org/cms-hpt.txt | HTTP 403 at https://peacehealth.org/.well-known/cms-hpt.txt | HTTP 403 at https://peacehealth.org/ | curl: (28) Resolving timed out after 8002 milliseconds
 at https://www.peacehealth.org/cms-hpt.txt",,Continue bounded browser or official-domain discovery
500041,PEACEHEALTH ST JOHN MEDICAL CENTER,WA,pointer-blocked-to-automation,pointer-or-domain-review,not verified,not retrieved,unresolved,unresolved,unverified,,,,,,2026-09-09T02:16:09.747Z,pointer-or-domain-review,native|curl,retrieval-or-domain-unresolved,"HTTP 403 at https://peacehealth.org/cms-hpt.txt | HTTP 403 at https://peacehealth.org/.well-known/cms-hpt.txt | HTTP 403 at https://peacehealth.org/ | curl: (28) Resolving timed out after 8002 milliseconds
 at https://www.peacehealth.org/cms-hpt.txt",,Continue bounded browser or official-domain discovery
500050,PEACEHEALTH SOUTHWEST MEDICAL CENTE,WA,pointer-blocked-to-automation,pointer-or-domain-review,not verified,not retrieved,unresolved,unresolved,unverified,,,,,,2026-09-09T02:16:09.747Z,pointer-or-domain-review,native|curl,retrieval-or-domain-unresolved,"HTTP 403 at https://peacehealth.org/cms-hpt.txt | HTTP 403 at https://peacehealth.org/.well-known/cms-hpt.txt | HTTP 403 at https://peacehealth.org/ | curl: (28) Resolving timed out after 8002 milliseconds
 at https://www.peacehealth.org/cms-hpt.txt",,Continue bounded browser or official-domain discovery
500054,PROV SACRED HRT MED CTR & CHILDS HOSP.,WA,not-assessed-not-named-in-file,pointer-or-domain-review,response received,entries retrieved,unresolved,response received,unverified,https://www.providence.org/cms-hpt.txt,,,,,2026-09-09T02:21:38.687Z,pointer-or-domain-review,native,facility-identity-or-metadata-unresolved,mrf-header-does-not-match-unresolved-roster,,Compare facility identity and inspect unparsed metadata
501329,PEACEHEALTH UNITED GENERAL MEDICAL CENTER,WA,pointer-blocked-to-automation,pointer-or-domain-review,not verified,not retrieved,unresolved,unresolved,unverified,,,,,,2026-09-09T02:16:09.747Z,pointer-or-domain-review,native|curl,retrieval-or-domain-unresolved,"HTTP 403 at https://peacehealth.org/cms-hpt.txt | HTTP 403 at https://peacehealth.org/.well-known/cms-hpt.txt | HTTP 403 at https://peacehealth.org/ | curl: (28) Resolving timed out after 8002 milliseconds
 at https://www.peacehealth.org/cms-hpt.txt",,Continue bounded browser or official-domain discovery
501340,PEACEHEALTH PEACE ISLAND MEDICAL CENTER,WA,pointer-blocked-to-automation,pointer-or-domain-review,not verified,not retrieved,unresolved,unresolved,unverified,,,,,,2026-09-09T02:16:09.747Z,pointer-or-domain-review,native|curl,retrieval-or-domain-unresolved,"HTTP 403 at https://peacehealth.org/cms-hpt.txt | HTTP 403 at https://peacehealth.org/.well-known/cms-hpt.txt | HTTP 403 at https://peacehealth.org/ | curl: (28) Resolving timed out after 8002 milliseconds
 at https://www.peacehealth.org/cms-hpt.txt",,Continue bounded browser or official-domain discovery
504002,BHC FAIRFAX HOSPITAL,WA,pointer-blocked-to-automation,pointer-or-domain-review,not verified,not retrieved,unresolved,unresolved,unverified,,,,,,2026-09-09T02:21:37.702Z,pointer-or-domain-review,native,retrieval-or-domain-unresolved,HTTP 403 at https://fairfaxhospital.com/cms-hpt.txt | HTTP 403 at https://fairfaxhospital.com/.well-known/cms-hpt.txt | HTTP 403 at https://fairfaxhospital.com/ | HTTP 403 at https://www.fairfaxhospital.com/cms-hpt.txt,,Continue bounded browser or official-domain discovery
510048,LOGAN REGIONAL MEDICAL CENTER,WV,not-assessed-site-unreachable,pointer-or-domain-review,not verified,not retrieved,unresolved,unresolved,unverified,,,,,,2026-09-09T02:21:37.783Z,pointer-or-domain-review,native,retrieval-or-domain-unresolved,HTTP 406 at https://loganregionalmedicalcenter.com/cms-hpt.txt | HTTP 406 at https://loganregionalmedicalcenter.com/.well-known/cms-hpt.txt | HTTP 406 at https://loganregionalmedicalcenter.com/ | HTTP 406 at https://www.loganregionalmedicalcenter.com/cms-hpt.txt,,Continue bounded browser or official-domain discovery
510086,WELCH COMMUNITY HOSPITAL,WV,not-assessed-site-unreachable,pointer-or-domain-review,response received,not retrieved,unresolved,unresolved,unverified,,,,,,2026-09-09T02:21:38.185Z,pointer-or-domain-review,native,retrieval-or-domain-unresolved,HTTP 404 at https://dhhr.wv.gov/cms-hpt.txt | HTTP 500 at https://dhhr.wv.gov/.well-known/cms-hpt.txt | HTTP 200 at https://dhhr.wv.gov/,,Continue bounded browser or official-domain discovery
510091,CAMC CHARLESTON SURGICAL HOSPITAL,WV,mrf-url-unreachable,pointer-or-domain-review,response received,entries retrieved,unresolved,response received,unverified,https://www.camc.org/cms-hpt.txt,,,,,2026-09-09T02:10:58.606Z,pointer-or-domain-review,native,facility-identity-or-metadata-unresolved,metadata-incomplete-or-request-failed | HTTP 404 | mrf-header-name-without-location | mrf-header-has-no-license-state,,Compare facility identity and inspect unparsed metadata
511306,ROANE GENERAL HOSPITAL,WV,no-cms-hpt-txt-published,pointer-or-domain-review,response received,not retrieved,unresolved,unresolved,unverified,,,,,,2026-09-09T02:21:39.216Z,pointer-or-domain-review,native,retrieval-or-domain-unresolved,HTTP 403 at https://roanegeneralhospital.com/cms-hpt.txt | HTTP 403 at https://roanegeneralhospital.com/.well-known/cms-hpt.txt | HTTP 202 at https://roanegeneralhospital.com/ | HTTP 202 at https://www.roanegeneralhospital.com/cms-hpt.txt,,Continue bounded browser or official-domain discovery
514009,MILDRED MITCHELL-BATEMAN HOSPITAL,WV,not-assessed-site-unreachable,pointer-or-domain-review,not verified,not retrieved,unresolved,unresolved,unverified,,,,,,2026-09-09T02:21:58.623Z,pointer-or-domain-review,native|curl,retrieval-or-domain-unresolved,"curl: (35) schannel: failed to receive handshake, SSL/TLS connection failed
 at https://batemanhospital.org/cms-hpt.txt | curl: (35) schannel: failed to receive handshake, SSL/TLS connection failed
 at https://batemanhospital.org/.well-known/cms-hpt.txt | curl: (35) schannel: failed to receive handshake, SSL/TLS connection failed
 at https://batemanhospital.org/ | curl: (28) Resolving timed out after 8011 milliseconds
 at https://www.batemanhospital.org/cms-hpt.txt",,Continue bounded browser or official-domain discovery
514012,"WILLIAM R SHARPE, JR HOSPITAL",WV,not-assessed-site-unreachable,pointer-or-domain-review,response received,not retrieved,unresolved,unresolved,unverified,,,,,,2026-09-09T02:21:38.185Z,pointer-or-domain-review,native,retrieval-or-domain-unresolved,HTTP 404 at https://dhhr.wv.gov/cms-hpt.txt | HTTP 500 at https://dhhr.wv.gov/.well-known/cms-hpt.txt | HTTP 200 at https://dhhr.wv.gov/,,Continue bounded browser or official-domain discovery
520116,WATERTOWN MEMORIAL HOSPITAL,WI,not-assessed-site-unreachable,pointer-or-domain-review,not verified,not retrieved,unresolved,unresolved,unverified,,,,,,2026-09-09T02:22:03.543Z,pointer-or-domain-review,native|curl,retrieval-or-domain-unresolved,"curl: (28) Resolving timed out after 8012 milliseconds
 at https://watertownregional.com/cms-hpt.txt | HTTP 406 at https://watertownregional.com/.well-known/cms-hpt.txt | HTTP 406 at https://watertownregional.com/ | HTTP 406 at https://www.watertownregional.com/cms-hpt.txt",,Continue bounded browser or official-domain discovery
530008,SAGEWEST HEALTH CARE,WY,not-assessed-site-unreachable,pointer-or-domain-review,not verified,not retrieved,unresolved,unresolved,unverified,,,,,,2026-09-09T02:22:04.171Z,pointer-or-domain-review,native|curl,retrieval-or-domain-unresolved,"curl: (28) Resolving timed out after 8002 milliseconds
 at https://sagewesthealthcare.com/cms-hpt.txt | HTTP 406 at https://sagewesthealthcare.com/.well-known/cms-hpt.txt | HTTP 406 at https://sagewesthealthcare.com/ | HTTP 406 at https://www.sagewesthealthcare.com/cms-hpt.txt",,Continue bounded browser or official-domain discovery
530012,BANNER WYOMING MEDICAL CENTER,WY,not-assessed-site-unreachable,pointer-or-domain-review,not verified,not retrieved,unresolved,unresolved,unverified,,,,,,2026-09-09T02:22:05.163Z,pointer-or-domain-review,native|curl,retrieval-or-domain-unresolved,"curl: (28) Resolving timed out after 8008 milliseconds
 at https://wyomingmedicalcenter.org/cms-hpt.txt | curl: (28) Connection timed out after 8007 milliseconds
 at https://wyomingmedicalcenter.org/.well-known/cms-hpt.txt | curl: (28) Resolving timed out after 8005 milliseconds
 at https://wyomingmedicalcenter.org/ | curl: (28) Connection timed out after 8002 milliseconds
 at https://www.wyomingmedicalcenter.org/cms-hpt.txt",,Continue bounded browser or official-domain discovery
530034,SUMMIT MEDICAL CENTER,WY,not-assessed-not-named-in-file,pointer-or-domain-review,response received,entries retrieved,unresolved,response received,unverified,https://www.hcamidwest.com/cms-hpt.txt,,,,,2026-09-09T02:22:15.525Z,pointer-or-domain-review,native|curl,facility-identity-or-metadata-unresolved,header-matches-other-roster-hospital | mrf-header-does-not-match-unresolved-roster,,Compare facility identity and inspect unparsed metadata
531313,STAR VALLEY MEDICAL CENTER,WY,mrf-stale-over-365-days,pointer-or-domain-review,response received,entries retrieved,unresolved,response received,unverified,https://starvalleyhealth.org/cms-hpt.txt,,,,,2026-09-09T02:22:01.852Z,pointer-or-domain-review,native,facility-identity-or-metadata-unresolved,mrf-header-does-not-match-unresolved-roster,,Compare facility identity and inspect unparsed metadata
650001,GUAM MEMORIAL  HOSPITAL AUTHORITY,GU,no-cms-hpt-txt-published,pointer-or-domain-review,response received,not retrieved,unresolved,unresolved,unverified,,,,,,2026-09-09T02:22:05.723Z,pointer-or-domain-review,native,retrieval-or-domain-unresolved,HTTP 404 at https://gmha.org/cms-hpt.txt | HTTP 404 at https://gmha.org/.well-known/cms-hpt.txt | HTTP 200 at https://gmha.org/ | HTTP 200 at https://www.gmha.org/transparency-center/ | HTTP 404 at https://www.gmha.org/cms-hpt.txt#content | HTTP 404 at https://www.gmha.org/cms-hpt.txt#footer | HTTP 200 at https://www.gmha.org/guide/billing/ | HTTP 200 at https://www.gmha.org/financial-reports-center/ | HTTP 404 at https://www.gmha.org/cms-hpt.txt,,Continue bounded browser or official-domain discovery
660001,COMMONWEALTH HEALTH CENTER,MP,not-assessed-site-unreachable,pointer-or-domain-review,response received,not retrieved,unresolved,unresolved,unverified,,,,,,2026-09-09T02:22:03.598Z,pointer-or-domain-review,native|curl|brave|glm-5.3-flash|web-search-verification,retrieval-or-domain-unresolved,"curl: (60) schannel: SNI or certificate check failed: SEC_E_WRONG_PRINCIPAL (0x80090322) - The target principal name is incorrect.
More details here: https://c at https://chcc.health/cms-hpt.txt | curl: (60) schannel: SNI or certificate check failed: SEC_E_WRONG_PRINCIPAL (0x80090322) - The target principal name is incorrect.
More details here: https://c at https://chcc.health/.well-known/cms-hpt.txt | curl: (60) schannel: SNI or certificate check failed: SEC_E_WRONG_PRINCIPAL (0x80090322) - The target principal name is incorrect.
More details here: https://c at https://chcc.health/ | HTTP 200 at https://www.chcc.health/ | HTTP 404 at https://www.chcc.health/cms-hpt.txt",page-read: Brave rendered the official homepage; pointer page displayed Not Found. Browser evidence does not prove automated accessibility.,Continue bounded browser or official-domain discovery
670109,BAYTOWN MEDICAL CENTER LP,TX,not-assessed-site-unreachable,pointer-or-domain-review,response received,not retrieved,unresolved,unresolved,unverified,,,,,,2026-09-09T02:22:03.703Z,pointer-or-domain-review,native,retrieval-or-domain-unresolved,HTTP 404 at https://altushospitals.org/cms-hpt.txt | HTTP 404 at https://altushospitals.org/.well-known/cms-hpt.txt | HTTP 200 at https://altushospitals.org/ | HTTP 404 at https://www.altushospitals.org/cms-hpt.txt,,Continue bounded browser or official-domain discovery
670115,CLEVELAND EMERGENCY HOSPITAL,TX,no-cms-hpt-txt-published,pointer-or-domain-review,response received,not retrieved,unresolved,unresolved,unverified,,,,,,2026-09-09T02:22:04.343Z,pointer-or-domain-review,native,retrieval-or-domain-unresolved,HTTP 200 at https://emergencyhospitals.care/cms-hpt.txt | HTTP 200 at https://emergencyhospitals.care/.well-known/cms-hpt.txt | HTTP 200 at https://emergencyhospitals.care/ | HTTP 200 at https://www.emergencyhospitals.care/cms-hpt.txt,,Continue bounded browser or official-domain discovery
670135,"ALTUS HOUSTON HOSPITAL, LP",TX,not-assessed-site-unreachable,pointer-or-domain-review,response received,not retrieved,unresolved,unresolved,unverified,,,,,,2026-09-09T02:22:03.703Z,pointer-or-domain-review,native,retrieval-or-domain-unresolved,HTTP 404 at https://altushospitals.org/cms-hpt.txt | HTTP 404 at https://altushospitals.org/.well-known/cms-hpt.txt | HTTP 200 at https://altushospitals.org/ | HTTP 404 at https://www.altushospitals.org/cms-hpt.txt,,Continue bounded browser or official-domain discovery
670314,ST MICHAELS MEDICAL HOSPITAL LLC,TX,no-cms-hpt-txt-published,pointer-or-domain-review,response received,not retrieved,unresolved,response received,unverified,,,,,,2026-09-09T02:22:05.803Z,pointer-or-domain-review,native,facility-identity-or-metadata-unresolved,metadata-incomplete-or-request-failed | mrf-header-has-no-license-state,,Compare facility identity and inspect unparsed metadata
