ccn,observation,search_request_recorded,search_error_count,candidate_count,homepage_match_count,pointer_count,blocked_count,checked_at,evidence
010024,pointer-review,yes,0,3,0,2,0,2026-09-06T21:32:32.024Z,"A candidate domain returned a cms-hpt.txt file, but pointer, file, or facility identity checks did not verify this hospital."
010051,candidate-found,yes,0,3,0,0,1,2026-09-06T21:32:54.701Z,"Search returned one or more candidate domains, but none passed official-domain and pointer/MRF verification."
010058,candidate-found,yes,0,3,0,0,0,2026-09-06T21:32:56.239Z,"Search returned one or more candidate domains, but none passed official-domain and pointer/MRF verification."
010110,pointer-review,yes,0,3,0,2,0,2026-09-06T21:32:56.240Z,"A candidate domain returned a cms-hpt.txt file, but pointer, file, or facility identity checks did not verify this hospital."
010114,search-not-run,no,0,0,0,0,0,2026-09-06T22:03:00.427Z,No search request is recorded for this hospital in the preserved search batch; official-domain discovery remains pending.
010125,search-not-run,no,0,0,0,0,0,2026-09-06T22:03:00.427Z,No search request is recorded for this hospital in the preserved search batch; official-domain discovery remains pending.
010779,pointer-review,yes,0,3,0,2,0,2026-09-06T21:32:56.292Z,"A candidate domain returned a cms-hpt.txt file, but pointer, file, or facility identity checks did not verify this hospital."
010780,search-not-run,no,0,0,0,0,0,2026-09-06T22:03:00.427Z,No search request is recorded for this hospital in the preserved search batch; official-domain discovery remains pending.
010781,site-observed,yes,0,2,1,0,0,2026-09-06T21:32:56.241Z,A candidate homepage response matched hospital name text and city or state; official-domain assignment and pointer/MRF linkage remain unverified.
014007,candidate-found,yes,0,3,0,0,1,2026-09-06T21:32:56.528Z,"Search returned one or more candidate domains, but none passed official-domain and pointer/MRF verification."
014012,search-not-run,no,0,0,0,0,0,2026-09-06T22:03:00.427Z,No search request is recorded for this hospital in the preserved search batch; official-domain discovery remains pending.
014016,candidate-found,yes,0,3,0,0,0,2026-09-06T21:32:56.746Z,"Search returned one or more candidate domains, but none passed official-domain and pointer/MRF verification."
020012,candidate-found,yes,0,1,0,0,0,2026-09-06T21:32:57.109Z,"Search returned one or more candidate domains, but none passed official-domain and pointer/MRF verification."
020018,pointer-review,yes,0,3,0,1,0,2026-09-06T21:32:58.013Z,"A candidate domain returned a cms-hpt.txt file, but pointer, file, or facility identity checks did not verify this hospital."
021304,search-not-run,no,0,0,0,0,0,2026-09-06T22:03:00.427Z,No search request is recorded for this hospital in the preserved search batch; official-domain discovery remains pending.
021309,site-observed,yes,0,1,1,0,0,2026-09-06T21:32:58.670Z,A candidate homepage response matched hospital name text and city or state; official-domain assignment and pointer/MRF linkage remain unverified.
024001,candidate-found,yes,0,3,0,0,1,2026-09-06T21:32:59.273Z,"Search returned one or more candidate domains, but none passed official-domain and pointer/MRF verification."
024002,site-observed,yes,0,3,1,0,0,2026-09-06T21:33:17.566Z,A candidate homepage response matched hospital name text and city or state; official-domain assignment and pointer/MRF linkage remain unverified.
030030,search-not-run,no,0,0,0,0,0,2026-09-06T22:03:00.427Z,No search request is recorded for this hospital in the preserved search batch; official-domain discovery remains pending.
030071,site-observed,yes,0,1,1,0,0,2026-09-06T21:33:18.068Z,A candidate homepage response matched hospital name text and city or state; official-domain assignment and pointer/MRF linkage remain unverified.
030073,site-observed,yes,0,2,1,0,0,2026-09-06T21:33:22.143Z,A candidate homepage response matched hospital name text and city or state; official-domain assignment and pointer/MRF linkage remain unverified.
030074,site-observed,yes,0,3,1,0,0,2026-09-06T21:33:22.563Z,A candidate homepage response matched hospital name text and city or state; official-domain assignment and pointer/MRF linkage remain unverified.
030078,search-not-run,no,0,0,0,0,0,2026-09-06T22:03:00.427Z,No search request is recorded for this hospital in the preserved search batch; official-domain discovery remains pending.
030083,site-observed,yes,0,3,1,0,1,2026-09-06T21:33:23.022Z,A candidate homepage response matched hospital name text and city or state; official-domain assignment and pointer/MRF linkage remain unverified.
030084,search-not-run,no,0,0,0,0,0,2026-09-06T22:03:00.427Z,No search request is recorded for this hospital in the preserved search batch; official-domain discovery remains pending.
030094,search-not-run,no,0,0,0,0,0,2026-09-06T22:03:00.427Z,No search request is recorded for this hospital in the preserved search batch; official-domain discovery remains pending.
030107,search-not-run,no,0,0,0,0,0,2026-09-06T22:03:00.427Z,No search request is recorded for this hospital in the preserved search batch; official-domain discovery remains pending.
030110,candidate-found,yes,0,3,0,0,1,2026-09-06T21:33:23.073Z,"Search returned one or more candidate domains, but none passed official-domain and pointer/MRF verification."
030112,site-observed,yes,0,3,1,1,1,2026-09-06T21:33:23.554Z,A candidate homepage response matched hospital name text and city or state; official-domain assignment and pointer/MRF linkage remain unverified.
030113,candidate-found,yes,0,3,0,0,1,2026-09-06T21:33:24.630Z,"Search returned one or more candidate domains, but none passed official-domain and pointer/MRF verification."
030195,search-not-run,no,0,0,0,0,0,2026-09-06T22:03:00.427Z,No search request is recorded for this hospital in the preserved search batch; official-domain discovery remains pending.
031305,candidate-found,yes,0,3,0,0,1,2026-09-06T21:33:24.630Z,"Search returned one or more candidate domains, but none passed official-domain and pointer/MRF verification."
031307,candidate-found,yes,0,3,0,0,0,2026-09-06T21:33:24.631Z,"Search returned one or more candidate domains, but none passed official-domain and pointer/MRF verification."
031308,search-not-run,no,0,0,0,0,0,2026-09-06T22:03:00.427Z,No search request is recorded for this hospital in the preserved search batch; official-domain discovery remains pending.
031311,search-not-run,no,0,0,0,0,0,2026-09-06T22:03:00.427Z,No search request is recorded for this hospital in the preserved search batch; official-domain discovery remains pending.
031317,candidate-found,yes,0,2,0,0,0,2026-09-06T21:33:24.631Z,"Search returned one or more candidate domains, but none passed official-domain and pointer/MRF verification."
031320,candidate-found,yes,0,2,0,0,1,2026-09-06T21:33:24.673Z,"Search returned one or more candidate domains, but none passed official-domain and pointer/MRF verification."
034021,site-observed,yes,0,3,2,0,0,2026-09-06T21:33:26.103Z,A candidate homepage response matched hospital name text and city or state; official-domain assignment and pointer/MRF linkage remain unverified.
034026,search-not-run,no,0,0,0,0,0,2026-09-06T22:03:00.427Z,No search request is recorded for this hospital in the preserved search batch; official-domain discovery remains pending.
034030,search-error,yes,1,0,0,0,0,2026-09-06T22:03:00.427Z,The recorded website search request failed before returning usable candidate results; official-domain discovery needs a retry.
034031,search-not-run,no,0,0,0,0,0,2026-09-06T22:03:00.427Z,No search request is recorded for this hospital in the preserved search batch; official-domain discovery remains pending.
034040,candidate-found,yes,0,2,0,0,1,2026-09-06T21:33:26.195Z,"Search returned one or more candidate domains, but none passed official-domain and pointer/MRF verification."
040119,search-not-run,no,0,0,0,0,0,2026-09-06T22:03:00.427Z,No search request is recorded for this hospital in the preserved search batch; official-domain discovery remains pending.
040132,candidate-found,yes,0,3,0,0,0,2026-09-06T21:33:26.644Z,"Search returned one or more candidate domains, but none passed official-domain and pointer/MRF verification."
040780,candidate-found,yes,0,3,0,0,0,2026-09-06T21:34:00.055Z,"Search returned one or more candidate domains, but none passed official-domain and pointer/MRF verification."
040781,candidate-found,yes,0,2,0,0,0,2026-09-06T21:34:02.469Z,"Search returned one or more candidate domains, but none passed official-domain and pointer/MRF verification."
041310,candidate-found,yes,0,3,0,0,0,2026-09-06T21:34:02.973Z,"Search returned one or more candidate domains, but none passed official-domain and pointer/MRF verification."
041326,search-not-run,no,0,0,0,0,0,2026-09-06T22:03:00.427Z,No search request is recorded for this hospital in the preserved search batch; official-domain discovery remains pending.
044005,candidate-found,yes,0,2,0,0,2,2026-09-06T21:34:03.122Z,"Search returned one or more candidate domains, but none passed official-domain and pointer/MRF verification."
044007,candidate-found,yes,0,3,0,0,1,2026-09-06T21:34:03.185Z,"Search returned one or more candidate domains, but none passed official-domain and pointer/MRF verification."
044017,site-observed,yes,0,3,1,0,0,2026-09-06T21:34:03.319Z,A candidate homepage response matched hospital name text and city or state; official-domain assignment and pointer/MRF linkage remain unverified.
044019,search-not-run,no,0,0,0,0,0,2026-09-06T22:03:00.427Z,No search request is recorded for this hospital in the preserved search batch; official-domain discovery remains pending.
050030,search-not-run,no,0,0,0,0,0,2026-09-06T22:03:00.427Z,No search request is recorded for this hospital in the preserved search batch; official-domain discovery remains pending.
050038,candidate-found,yes,0,3,0,0,3,2026-09-06T21:34:03.693Z,"Search returned one or more candidate domains, but none passed official-domain and pointer/MRF verification."
050090,search-not-run,no,0,0,0,0,0,2026-09-06T22:03:00.427Z,No search request is recorded for this hospital in the preserved search batch; official-domain discovery remains pending.
050110,pointer-review,yes,0,1,0,1,0,2026-09-06T21:34:04.581Z,"A candidate domain returned a cms-hpt.txt file, but pointer, file, or facility identity checks did not verify this hospital."
050118,search-not-run,no,0,0,0,0,0,2026-09-06T22:03:00.427Z,No search request is recorded for this hospital in the preserved search batch; official-domain discovery remains pending.
050169,site-observed,yes,0,3,1,1,0,2026-09-06T21:34:16.266Z,A candidate homepage response matched hospital name text and city or state; official-domain assignment and pointer/MRF linkage remain unverified.
050179,candidate-found,yes,0,2,0,0,1,2026-09-06T21:34:16.717Z,"Search returned one or more candidate domains, but none passed official-domain and pointer/MRF verification."
050195,search-not-run,no,0,0,0,0,0,2026-09-06T22:03:00.427Z,No search request is recorded for this hospital in the preserved search batch; official-domain discovery remains pending.
050243,candidate-found,yes,0,2,0,0,1,2026-09-06T21:34:16.943Z,"Search returned one or more candidate domains, but none passed official-domain and pointer/MRF verification."
050279,candidate-found,yes,0,1,0,0,1,2026-09-06T21:34:16.943Z,"Search returned one or more candidate domains, but none passed official-domain and pointer/MRF verification."
050393,pointer-review,yes,0,3,0,2,0,2026-09-06T21:34:17.213Z,"A candidate domain returned a cms-hpt.txt file, but pointer, file, or facility identity checks did not verify this hospital."
050464,search-not-run,no,0,0,0,0,0,2026-09-06T22:03:00.427Z,No search request is recorded for this hospital in the preserved search batch; official-domain discovery remains pending.
050471,search-not-run,no,0,0,0,0,0,2026-09-06T22:03:00.427Z,No search request is recorded for this hospital in the preserved search batch; official-domain discovery remains pending.
050534,search-not-run,no,0,0,0,0,0,2026-09-06T22:03:00.427Z,No search request is recorded for this hospital in the preserved search batch; official-domain discovery remains pending.
050546,search-not-run,no,0,0,0,0,0,2026-09-06T22:03:00.427Z,No search request is recorded for this hospital in the preserved search batch; official-domain discovery remains pending.
050668,candidate-found,yes,0,3,0,0,0,2026-09-06T21:34:18.355Z,"Search returned one or more candidate domains, but none passed official-domain and pointer/MRF verification."
050689,search-not-run,no,0,0,0,0,0,2026-09-06T22:03:00.427Z,No search request is recorded for this hospital in the preserved search batch; official-domain discovery remains pending.
050775,candidate-found,yes,0,3,0,0,2,2026-09-06T21:34:35.921Z,"Search returned one or more candidate domains, but none passed official-domain and pointer/MRF verification."
050779,candidate-found,yes,0,3,0,0,0,2026-09-06T21:34:36.016Z,"Search returned one or more candidate domains, but none passed official-domain and pointer/MRF verification."
051308,candidate-found,yes,0,2,0,0,0,2026-09-06T21:34:36.159Z,"Search returned one or more candidate domains, but none passed official-domain and pointer/MRF verification."
051339,candidate-found,yes,0,3,0,0,0,2026-09-06T21:34:36.983Z,"Search returned one or more candidate domains, but none passed official-domain and pointer/MRF verification."
053306,pointer-review,yes,0,3,0,2,0,2026-09-06T21:34:38.633Z,"A candidate domain returned a cms-hpt.txt file, but pointer, file, or facility identity checks did not verify this hospital."
054032,search-not-run,no,0,0,0,0,0,2026-09-06T22:03:00.427Z,No search request is recorded for this hospital in the preserved search batch; official-domain discovery remains pending.
054053,search-not-run,no,0,0,0,0,0,2026-09-06T22:03:00.427Z,No search request is recorded for this hospital in the preserved search batch; official-domain discovery remains pending.
054055,candidate-found,yes,0,3,0,0,0,2026-09-06T21:34:38.002Z,"Search returned one or more candidate domains, but none passed official-domain and pointer/MRF verification."
054087,pointer-review,yes,0,2,0,1,1,2026-09-06T21:34:38.803Z,"A candidate domain returned a cms-hpt.txt file, but pointer, file, or facility identity checks did not verify this hospital."
054104,search-not-run,no,0,0,0,0,0,2026-09-06T22:03:00.427Z,No search request is recorded for this hospital in the preserved search batch; official-domain discovery remains pending.
054110,candidate-found,yes,0,3,0,0,1,2026-09-06T21:34:38.933Z,"Search returned one or more candidate domains, but none passed official-domain and pointer/MRF verification."
054111,search-not-run,no,0,0,0,0,0,2026-09-06T22:03:00.427Z,No search request is recorded for this hospital in the preserved search batch; official-domain discovery remains pending.
054122,search-not-run,no,0,0,0,0,0,2026-09-06T22:03:00.427Z,No search request is recorded for this hospital in the preserved search batch; official-domain discovery remains pending.
054124,candidate-found,yes,0,2,0,0,0,2026-09-06T21:34:38.982Z,"Search returned one or more candidate domains, but none passed official-domain and pointer/MRF verification."
054125,search-not-run,no,0,0,0,0,0,2026-09-06T22:03:00.427Z,No search request is recorded for this hospital in the preserved search batch; official-domain discovery remains pending.
054133,candidate-found,yes,0,3,0,0,0,2026-09-06T21:34:40.214Z,"Search returned one or more candidate domains, but none passed official-domain and pointer/MRF verification."
054148,site-observed,yes,0,3,1,0,0,2026-09-06T21:34:57.393Z,A candidate homepage response matched hospital name text and city or state; official-domain assignment and pointer/MRF linkage remain unverified.
054150,pointer-review,yes,0,3,0,1,0,2026-09-06T21:34:59.947Z,"A candidate domain returned a cms-hpt.txt file, but pointer, file, or facility identity checks did not verify this hospital."
054160,pointer-review,yes,0,2,0,1,1,2026-09-06T21:35:01.949Z,"A candidate domain returned a cms-hpt.txt file, but pointer, file, or facility identity checks did not verify this hospital."
060031,pointer-review,yes,0,3,0,1,0,2026-09-06T21:35:14.222Z,"A candidate domain returned a cms-hpt.txt file, but pointer, file, or facility identity checks did not verify this hospital."
060054,pointer-review,yes,0,1,0,1,0,2026-09-06T21:35:14.425Z,"A candidate domain returned a cms-hpt.txt file, but pointer, file, or facility identity checks did not verify this hospital."
061301,site-observed,yes,0,1,1,0,0,2026-09-06T21:35:14.589Z,A candidate homepage response matched hospital name text and city or state; official-domain assignment and pointer/MRF linkage remain unverified.
061310,pointer-review,yes,0,3,0,1,0,2026-09-06T21:35:16.551Z,"A candidate domain returned a cms-hpt.txt file, but pointer, file, or facility identity checks did not verify this hospital."
061313,site-observed,yes,0,3,2,0,0,2026-09-06T21:35:18.817Z,A candidate homepage response matched hospital name text and city or state; official-domain assignment and pointer/MRF linkage remain unverified.
061315,search-not-run,no,0,0,0,0,0,2026-09-06T22:03:00.427Z,No search request is recorded for this hospital in the preserved search batch; official-domain discovery remains pending.
061316,site-observed,yes,0,3,1,1,0,2026-09-06T21:35:28.551Z,A candidate homepage response matched hospital name text and city or state; official-domain assignment and pointer/MRF linkage remain unverified.
061319,search-not-run,no,0,0,0,0,0,2026-09-06T22:03:00.427Z,No search request is recorded for this hospital in the preserved search batch; official-domain discovery remains pending.
061328,search-not-run,no,0,0,0,0,0,2026-09-06T22:03:00.427Z,No search request is recorded for this hospital in the preserved search batch; official-domain discovery remains pending.
061336,candidate-found,yes,0,3,0,0,0,2026-09-06T21:35:29.553Z,"Search returned one or more candidate domains, but none passed official-domain and pointer/MRF verification."
064001,search-not-run,no,0,0,0,0,0,2026-09-06T22:03:00.427Z,No search request is recorded for this hospital in the preserved search batch; official-domain discovery remains pending.
064003,site-observed,yes,0,3,1,0,1,2026-09-06T21:35:29.580Z,A candidate homepage response matched hospital name text and city or state; official-domain assignment and pointer/MRF linkage remain unverified.
064007,candidate-found,yes,0,2,0,0,2,2026-09-06T21:35:29.777Z,"Search returned one or more candidate domains, but none passed official-domain and pointer/MRF verification."
064009,candidate-found,yes,0,1,0,0,1,2026-09-06T21:35:29.794Z,"Search returned one or more candidate domains, but none passed official-domain and pointer/MRF verification."
064024,search-not-run,no,0,0,0,0,0,2026-09-06T22:03:00.427Z,No search request is recorded for this hospital in the preserved search batch; official-domain discovery remains pending.
064030,candidate-found,yes,0,2,0,0,0,2026-09-06T21:35:29.952Z,"Search returned one or more candidate domains, but none passed official-domain and pointer/MRF verification."
070006,search-not-run,no,0,0,0,0,0,2026-09-06T22:03:00.427Z,No search request is recorded for this hospital in the preserved search batch; official-domain discovery remains pending.
070007,candidate-found,yes,0,2,0,0,1,2026-09-06T21:35:31.589Z,"Search returned one or more candidate domains, but none passed official-domain and pointer/MRF verification."
070027,search-not-run,no,0,0,0,0,0,2026-09-06T22:03:00.427Z,No search request is recorded for this hospital in the preserved search batch; official-domain discovery remains pending.
070029,site-observed,yes,0,3,1,1,0,2026-09-06T21:36:02.917Z,A candidate homepage response matched hospital name text and city or state; official-domain assignment and pointer/MRF linkage remain unverified.
070031,site-observed,yes,0,2,1,0,0,2026-09-06T21:36:02.384Z,A candidate homepage response matched hospital name text and city or state; official-domain assignment and pointer/MRF linkage remain unverified.
074003,search-not-run,no,0,0,0,0,0,2026-09-06T22:03:00.427Z,No search request is recorded for this hospital in the preserved search batch; official-domain discovery remains pending.
074011,site-observed,yes,0,3,3,0,0,2026-09-06T21:36:03.278Z,A candidate homepage response matched hospital name text and city or state; official-domain assignment and pointer/MRF linkage remain unverified.
074012,search-not-run,no,0,0,0,0,0,2026-09-06T22:03:00.427Z,No search request is recorded for this hospital in the preserved search batch; official-domain discovery remains pending.
074014,candidate-found,yes,0,1,0,0,1,2026-09-06T21:36:03.323Z,"Search returned one or more candidate domains, but none passed official-domain and pointer/MRF verification."
074015,candidate-found,yes,0,3,0,0,0,2026-09-06T21:36:04.268Z,"Search returned one or more candidate domains, but none passed official-domain and pointer/MRF verification."
074017,site-observed,yes,0,2,1,0,0,2026-09-06T21:36:04.269Z,A candidate homepage response matched hospital name text and city or state; official-domain assignment and pointer/MRF linkage remain unverified.
084001,site-observed,yes,0,3,1,0,0,2026-09-06T21:36:04.962Z,A candidate homepage response matched hospital name text and city or state; official-domain assignment and pointer/MRF linkage remain unverified.
084002,site-observed,yes,0,2,1,0,1,2026-09-06T21:36:05.110Z,A candidate homepage response matched hospital name text and city or state; official-domain assignment and pointer/MRF linkage remain unverified.
090001,site-observed,yes,0,3,1,0,1,2026-09-06T21:36:06.008Z,A candidate homepage response matched hospital name text and city or state; official-domain assignment and pointer/MRF linkage remain unverified.
090003,site-observed,yes,0,3,2,1,0,2026-09-06T21:36:07.806Z,A candidate homepage response matched hospital name text and city or state; official-domain assignment and pointer/MRF linkage remain unverified.
093300,site-observed,yes,0,1,1,0,0,2026-09-06T21:36:07.591Z,A candidate homepage response matched hospital name text and city or state; official-domain assignment and pointer/MRF linkage remain unverified.
094001,site-observed,yes,0,3,1,0,0,2026-09-06T21:36:08.115Z,A candidate homepage response matched hospital name text and city or state; official-domain assignment and pointer/MRF linkage remain unverified.
100018,pointer-review,yes,0,3,0,1,1,2026-09-06T21:36:08.501Z,"A candidate domain returned a cms-hpt.txt file, but pointer, file, or facility identity checks did not verify this hospital."
100035,search-not-run,no,0,0,0,0,0,2026-09-06T22:03:00.427Z,No search request is recorded for this hospital in the preserved search batch; official-domain discovery remains pending.
100039,site-observed,yes,0,2,1,0,1,2026-09-06T21:36:09.090Z,A candidate homepage response matched hospital name text and city or state; official-domain assignment and pointer/MRF linkage remain unverified.
100086,candidate-found,yes,0,3,0,0,1,2026-09-06T21:36:08.863Z,"Search returned one or more candidate domains, but none passed official-domain and pointer/MRF verification."
100140,search-not-run,no,0,0,0,0,0,2026-09-06T22:03:00.427Z,No search request is recorded for this hospital in the preserved search batch; official-domain discovery remains pending.
100175,search-not-run,no,0,0,0,0,0,2026-09-06T22:03:00.427Z,No search request is recorded for this hospital in the preserved search batch; official-domain discovery remains pending.
100176,search-not-run,no,0,0,0,0,0,2026-09-06T22:03:00.427Z,No search request is recorded for this hospital in the preserved search batch; official-domain discovery remains pending.
100200,candidate-found,yes,0,3,0,0,1,2026-09-06T21:36:09.603Z,"Search returned one or more candidate domains, but none passed official-domain and pointer/MRF verification."
100258,candidate-found,yes,0,3,0,0,1,2026-09-06T21:36:08.864Z,"Search returned one or more candidate domains, but none passed official-domain and pointer/MRF verification."
100268,search-not-run,no,0,0,0,0,0,2026-09-06T22:03:00.427Z,No search request is recorded for this hospital in the preserved search batch; official-domain discovery remains pending.
100276,candidate-found,yes,0,2,0,0,1,2026-09-06T21:36:09.603Z,"Search returned one or more candidate domains, but none passed official-domain and pointer/MRF verification."
100284,pointer-review,yes,0,3,0,1,0,2026-09-06T21:36:09.176Z,"A candidate domain returned a cms-hpt.txt file, but pointer, file, or facility identity checks did not verify this hospital."
100287,candidate-found,yes,0,3,0,0,1,2026-09-06T21:36:09.650Z,"Search returned one or more candidate domains, but none passed official-domain and pointer/MRF verification."
100288,search-not-run,no,0,0,0,0,0,2026-09-06T22:03:00.427Z,No search request is recorded for this hospital in the preserved search batch; official-domain discovery remains pending.
100365,search-not-run,no,0,0,0,0,0,2026-09-06T22:03:00.427Z,No search request is recorded for this hospital in the preserved search batch; official-domain discovery remains pending.
104000,search-not-run,no,0,0,0,0,0,2026-09-06T22:03:00.427Z,No search request is recorded for this hospital in the preserved search batch; official-domain discovery remains pending.
104001,candidate-found,yes,0,3,0,0,0,2026-09-06T21:36:09.851Z,"Search returned one or more candidate domains, but none passed official-domain and pointer/MRF verification."
104016,search-not-run,no,0,0,0,0,0,2026-09-06T22:03:00.427Z,No search request is recorded for this hospital in the preserved search batch; official-domain discovery remains pending.
104017,search-not-run,no,0,0,0,0,0,2026-09-06T22:03:00.427Z,No search request is recorded for this hospital in the preserved search batch; official-domain discovery remains pending.
104026,search-not-run,no,0,0,0,0,0,2026-09-06T22:03:00.427Z,No search request is recorded for this hospital in the preserved search batch; official-domain discovery remains pending.
104049,search-not-run,no,0,0,0,0,0,2026-09-06T22:03:00.427Z,No search request is recorded for this hospital in the preserved search batch; official-domain discovery remains pending.
104059,pointer-review,yes,0,3,0,1,1,2026-09-06T21:36:10.261Z,"A candidate domain returned a cms-hpt.txt file, but pointer, file, or facility identity checks did not verify this hospital."
104063,site-observed,yes,0,2,1,0,0,2026-09-06T21:36:10.683Z,A candidate homepage response matched hospital name text and city or state; official-domain assignment and pointer/MRF linkage remain unverified.
104069,site-observed,yes,0,3,1,0,2,2026-09-06T21:36:10.835Z,A candidate homepage response matched hospital name text and city or state; official-domain assignment and pointer/MRF linkage remain unverified.
104071,candidate-found,yes,0,1,0,0,1,2026-09-06T21:36:10.858Z,"Search returned one or more candidate domains, but none passed official-domain and pointer/MRF verification."
104072,search-not-run,no,0,0,0,0,0,2026-09-06T22:03:00.427Z,No search request is recorded for this hospital in the preserved search batch; official-domain discovery remains pending.
104073,search-not-run,no,0,0,0,0,0,2026-09-06T22:03:00.427Z,No search request is recorded for this hospital in the preserved search batch; official-domain discovery remains pending.
104076,search-not-run,no,0,0,0,0,0,2026-09-06T22:03:00.427Z,No search request is recorded for this hospital in the preserved search batch; official-domain discovery remains pending.
104078,candidate-found,yes,0,2,0,0,1,2026-09-06T21:36:11.009Z,"Search returned one or more candidate domains, but none passed official-domain and pointer/MRF verification."
104080,candidate-found,yes,0,1,0,0,1,2026-09-06T21:36:11.009Z,"Search returned one or more candidate domains, but none passed official-domain and pointer/MRF verification."
104082,candidate-found,yes,0,1,0,0,1,2026-09-06T21:36:11.142Z,"Search returned one or more candidate domains, but none passed official-domain and pointer/MRF verification."
104087,site-observed,yes,0,3,1,0,0,2026-09-06T21:36:11.295Z,A candidate homepage response matched hospital name text and city or state; official-domain assignment and pointer/MRF linkage remain unverified.
110027,search-not-run,no,0,0,0,0,0,2026-09-06T22:03:00.427Z,No search request is recorded for this hospital in the preserved search batch; official-domain discovery remains pending.
110086,site-observed,yes,0,3,1,0,0,2026-09-06T21:36:11.946Z,A candidate homepage response matched hospital name text and city or state; official-domain assignment and pointer/MRF linkage remain unverified.
110113,site-observed,yes,0,2,1,0,0,2026-09-06T21:36:11.948Z,A candidate homepage response matched hospital name text and city or state; official-domain assignment and pointer/MRF linkage remain unverified.
110209,search-not-run,no,0,0,0,0,0,2026-09-06T22:03:00.427Z,No search request is recorded for this hospital in the preserved search batch; official-domain discovery remains pending.
110256,pointer-review,yes,0,2,0,1,0,2026-09-06T21:36:12.745Z,"A candidate domain returned a cms-hpt.txt file, but pointer, file, or facility identity checks did not verify this hospital."
110779,site-observed,yes,0,3,1,0,0,2026-09-06T21:36:12.755Z,A candidate homepage response matched hospital name text and city or state; official-domain assignment and pointer/MRF linkage remain unverified.
111305,candidate-found,yes,0,1,0,0,0,2026-09-06T21:36:13.179Z,"Search returned one or more candidate domains, but none passed official-domain and pointer/MRF verification."
111311,site-observed,yes,0,1,1,0,0,2026-09-06T21:36:13.296Z,A candidate homepage response matched hospital name text and city or state; official-domain assignment and pointer/MRF linkage remain unverified.
111327,search-not-run,no,0,0,0,0,0,2026-09-06T22:03:00.427Z,No search request is recorded for this hospital in the preserved search batch; official-domain discovery remains pending.
114008,search-not-run,no,0,0,0,0,0,2026-09-06T22:03:00.427Z,No search request is recorded for this hospital in the preserved search batch; official-domain discovery remains pending.
114010,candidate-found,yes,0,2,0,0,2,2026-09-06T21:36:13.553Z,"Search returned one or more candidate domains, but none passed official-domain and pointer/MRF verification."
114013,candidate-found,yes,0,3,0,0,2,2026-09-06T21:36:13.720Z,"Search returned one or more candidate domains, but none passed official-domain and pointer/MRF verification."
114016,search-not-run,no,0,0,0,0,0,2026-09-06T22:03:00.427Z,No search request is recorded for this hospital in the preserved search batch; official-domain discovery remains pending.
114019,candidate-found,yes,0,2,0,0,1,2026-09-06T21:36:14.095Z,"Search returned one or more candidate domains, but none passed official-domain and pointer/MRF verification."
114028,search-not-run,no,0,0,0,0,0,2026-09-06T22:03:00.427Z,No search request is recorded for this hospital in the preserved search batch; official-domain discovery remains pending.
114029,candidate-found,yes,0,3,0,0,1,2026-09-06T21:36:14.143Z,"Search returned one or more candidate domains, but none passed official-domain and pointer/MRF verification."
114032,search-not-run,no,0,0,0,0,0,2026-09-06T22:03:00.427Z,No search request is recorded for this hospital in the preserved search batch; official-domain discovery remains pending.
120007,candidate-found,yes,0,1,0,0,0,2026-09-06T21:36:14.154Z,"Search returned one or more candidate domains, but none passed official-domain and pointer/MRF verification."
131303,search-not-run,no,0,0,0,0,0,2026-09-06T22:03:00.427Z,No search request is recorded for this hospital in the preserved search batch; official-domain discovery remains pending.
131304,candidate-found,yes,0,3,0,0,0,2026-09-06T21:36:15.002Z,"Search returned one or more candidate domains, but none passed official-domain and pointer/MRF verification."
131314,candidate-found,yes,0,1,0,0,0,2026-09-06T21:36:15.002Z,"Search returned one or more candidate domains, but none passed official-domain and pointer/MRF verification."
131315,search-not-run,no,0,0,0,0,0,2026-09-06T22:03:00.427Z,No search request is recorded for this hospital in the preserved search batch; official-domain discovery remains pending.
131318,pointer-review,yes,0,1,0,1,0,2026-09-06T21:36:17.781Z,"A candidate domain returned a cms-hpt.txt file, but pointer, file, or facility identity checks did not verify this hospital."
131320,search-not-run,no,0,0,0,0,0,2026-09-06T22:03:00.427Z,No search request is recorded for this hospital in the preserved search batch; official-domain discovery remains pending.
131322,candidate-found,yes,0,2,0,0,0,2026-09-06T21:36:26.808Z,"Search returned one or more candidate domains, but none passed official-domain and pointer/MRF verification."
134002,search-not-run,no,0,0,0,0,0,2026-09-06T22:03:00.427Z,No search request is recorded for this hospital in the preserved search batch; official-domain discovery remains pending.
134010,site-observed,yes,0,3,1,0,0,2026-09-06T21:36:30.040Z,A candidate homepage response matched hospital name text and city or state; official-domain assignment and pointer/MRF linkage remain unverified.
140043,search-not-run,no,0,0,0,0,0,2026-09-06T22:03:00.427Z,No search request is recorded for this hospital in the preserved search batch; official-domain discovery remains pending.
140089,candidate-found,yes,0,1,0,0,0,2026-09-06T21:36:29.025Z,"Search returned one or more candidate domains, but none passed official-domain and pointer/MRF verification."
140181,search-not-run,no,0,0,0,0,0,2026-09-06T22:03:00.427Z,No search request is recorded for this hospital in the preserved search batch; official-domain discovery remains pending.
140200,site-observed,yes,0,3,1,0,1,2026-09-06T21:36:34.990Z,A candidate homepage response matched hospital name text and city or state; official-domain assignment and pointer/MRF linkage remain unverified.
140213,pointer-review,yes,0,3,0,2,1,2026-09-06T21:36:46.043Z,"A candidate domain returned a cms-hpt.txt file, but pointer, file, or facility identity checks did not verify this hospital."
140231,candidate-found,yes,0,3,0,0,1,2026-09-06T21:36:46.124Z,"Search returned one or more candidate domains, but none passed official-domain and pointer/MRF verification."
140252,search-not-run,no,0,0,0,0,0,2026-09-06T22:03:00.427Z,No search request is recorded for this hospital in the preserved search batch; official-domain discovery remains pending.
141320,site-observed,yes,0,2,1,1,0,2026-09-06T21:36:46.463Z,A candidate homepage response matched hospital name text and city or state; official-domain assignment and pointer/MRF linkage remain unverified.
141323,search-not-run,no,0,0,0,0,0,2026-09-06T22:03:00.427Z,No search request is recorded for this hospital in the preserved search batch; official-domain discovery remains pending.
141328,site-observed,yes,0,1,1,0,0,2026-09-06T21:36:46.809Z,A candidate homepage response matched hospital name text and city or state; official-domain assignment and pointer/MRF linkage remain unverified.
141338,pointer-review,yes,0,3,0,1,0,2026-09-06T21:36:48.226Z,"A candidate domain returned a cms-hpt.txt file, but pointer, file, or facility identity checks did not verify this hospital."
144009,search-not-run,no,0,0,0,0,0,2026-09-06T22:03:00.427Z,No search request is recorded for this hospital in the preserved search batch; official-domain discovery remains pending.
144010,candidate-found,yes,0,3,0,0,0,2026-09-06T21:36:50.077Z,"Search returned one or more candidate domains, but none passed official-domain and pointer/MRF verification."
144016,candidate-found,yes,0,3,0,0,1,2026-09-06T21:37:09.777Z,"Search returned one or more candidate domains, but none passed official-domain and pointer/MRF verification."
144021,search-not-run,no,0,0,0,0,0,2026-09-06T22:03:00.427Z,No search request is recorded for this hospital in the preserved search batch; official-domain discovery remains pending.
144026,candidate-found,yes,0,1,0,0,1,2026-09-06T21:37:07.256Z,"Search returned one or more candidate domains, but none passed official-domain and pointer/MRF verification."
144028,candidate-found,yes,0,3,0,0,1,2026-09-06T21:37:09.777Z,"Search returned one or more candidate domains, but none passed official-domain and pointer/MRF verification."
144034,candidate-found,yes,0,1,0,0,1,2026-09-06T21:37:09.777Z,"Search returned one or more candidate domains, but none passed official-domain and pointer/MRF verification."
144035,candidate-found,yes,0,3,0,0,2,2026-09-06T21:37:09.837Z,"Search returned one or more candidate domains, but none passed official-domain and pointer/MRF verification."
144037,search-not-run,no,0,0,0,0,0,2026-09-06T22:03:00.427Z,No search request is recorded for this hospital in the preserved search batch; official-domain discovery remains pending.
144038,search-not-run,no,0,0,0,0,0,2026-09-06T22:03:00.427Z,No search request is recorded for this hospital in the preserved search batch; official-domain discovery remains pending.
150037,search-not-run,no,0,0,0,0,0,2026-09-06T22:03:00.427Z,No search request is recorded for this hospital in the preserved search batch; official-domain discovery remains pending.
150048,site-observed,yes,0,2,1,0,0,2026-09-06T21:37:11.317Z,A candidate homepage response matched hospital name text and city or state; official-domain assignment and pointer/MRF linkage remain unverified.
150086,search-not-run,no,0,0,0,0,0,2026-09-06T22:03:00.427Z,No search request is recorded for this hospital in the preserved search batch; official-domain discovery remains pending.
150160,pointer-review,yes,0,1,0,1,0,2026-09-06T21:37:11.338Z,"A candidate domain returned a cms-hpt.txt file, but pointer, file, or facility identity checks did not verify this hospital."
154005,search-not-run,no,0,0,0,0,0,2026-09-06T22:03:00.427Z,No search request is recorded for this hospital in the preserved search batch; official-domain discovery remains pending.
154011,search-not-run,no,0,0,0,0,0,2026-09-06T22:03:00.427Z,No search request is recorded for this hospital in the preserved search batch; official-domain discovery remains pending.
154014,site-observed,yes,0,3,2,1,0,2026-09-06T21:37:11.920Z,A candidate homepage response matched hospital name text and city or state; official-domain assignment and pointer/MRF linkage remain unverified.
154020,search-not-run,no,0,0,0,0,0,2026-09-06T22:03:00.427Z,No search request is recorded for this hospital in the preserved search batch; official-domain discovery remains pending.
154024,candidate-found,yes,0,1,0,0,1,2026-09-06T21:37:11.921Z,"Search returned one or more candidate domains, but none passed official-domain and pointer/MRF verification."
154031,search-not-run,no,0,0,0,0,0,2026-09-06T22:03:00.427Z,No search request is recorded for this hospital in the preserved search batch; official-domain discovery remains pending.
154041,search-not-run,no,0,0,0,0,0,2026-09-06T22:03:00.427Z,No search request is recorded for this hospital in the preserved search batch; official-domain discovery remains pending.
154047,pointer-review,yes,0,2,0,1,1,2026-09-06T21:37:12.298Z,"A candidate domain returned a cms-hpt.txt file, but pointer, file, or facility identity checks did not verify this hospital."
154051,candidate-found,yes,0,2,0,0,1,2026-09-06T21:37:12.508Z,"Search returned one or more candidate domains, but none passed official-domain and pointer/MRF verification."
154052,candidate-found,yes,0,2,0,0,0,2026-09-06T21:37:12.531Z,"Search returned one or more candidate domains, but none passed official-domain and pointer/MRF verification."
154055,site-observed,yes,0,3,1,0,1,2026-09-06T21:37:12.934Z,A candidate homepage response matched hospital name text and city or state; official-domain assignment and pointer/MRF linkage remain unverified.
154064,pointer-review,yes,0,3,0,2,0,2026-09-06T21:37:13.166Z,"A candidate domain returned a cms-hpt.txt file, but pointer, file, or facility identity checks did not verify this hospital."
154070,search-not-run,no,0,0,0,0,0,2026-09-06T22:03:00.427Z,No search request is recorded for this hospital in the preserved search batch; official-domain discovery remains pending.
154072,site-observed,yes,0,2,1,0,0,2026-09-06T21:37:13.882Z,A candidate homepage response matched hospital name text and city or state; official-domain assignment and pointer/MRF linkage remain unverified.
160030,pointer-review,yes,0,1,0,1,0,2026-09-06T21:37:15.136Z,"A candidate domain returned a cms-hpt.txt file, but pointer, file, or facility identity checks did not verify this hospital."
161347,search-not-run,no,0,0,0,0,0,2026-09-06T22:03:00.427Z,No search request is recorded for this hospital in the preserved search batch; official-domain discovery remains pending.
164002,site-observed,yes,0,3,1,0,0,2026-09-06T21:37:15.389Z,A candidate homepage response matched hospital name text and city or state; official-domain assignment and pointer/MRF linkage remain unverified.
164003,site-observed,yes,0,3,1,0,0,2026-09-06T21:37:37.921Z,A candidate homepage response matched hospital name text and city or state; official-domain assignment and pointer/MRF linkage remain unverified.
164006,site-observed,yes,0,3,1,1,1,2026-09-06T21:37:38.507Z,A candidate homepage response matched hospital name text and city or state; official-domain assignment and pointer/MRF linkage remain unverified.
164007,search-not-run,no,0,0,0,0,0,2026-09-06T22:03:00.427Z,No search request is recorded for this hospital in the preserved search batch; official-domain discovery remains pending.
170074,search-not-run,no,0,0,0,0,0,2026-09-06T22:03:00.427Z,No search request is recorded for this hospital in the preserved search batch; official-domain discovery remains pending.
170137,site-observed,yes,0,2,1,1,0,2026-09-06T21:37:38.528Z,A candidate homepage response matched hospital name text and city or state; official-domain assignment and pointer/MRF linkage remain unverified.
170186,pointer-review,yes,0,2,0,1,0,2026-09-06T21:37:39.682Z,"A candidate domain returned a cms-hpt.txt file, but pointer, file, or facility identity checks did not verify this hospital."
170779,pointer-review,yes,0,1,0,1,0,2026-09-06T21:37:39.875Z,"A candidate domain returned a cms-hpt.txt file, but pointer, file, or facility identity checks did not verify this hospital."
170781,site-observed,yes,0,2,1,0,0,2026-09-06T21:37:40.097Z,A candidate homepage response matched hospital name text and city or state; official-domain assignment and pointer/MRF linkage remain unverified.
171300,search-not-run,no,0,0,0,0,0,2026-09-06T22:03:00.427Z,No search request is recorded for this hospital in the preserved search batch; official-domain discovery remains pending.
171312,search-not-run,no,0,0,0,0,0,2026-09-06T22:03:00.427Z,No search request is recorded for this hospital in the preserved search batch; official-domain discovery remains pending.
171317,candidate-found,yes,0,1,0,0,1,2026-09-06T21:37:40.501Z,"Search returned one or more candidate domains, but none passed official-domain and pointer/MRF verification."
171319,search-not-run,no,0,0,0,0,0,2026-09-06T22:03:00.427Z,No search request is recorded for this hospital in the preserved search batch; official-domain discovery remains pending.
171324,search-not-run,no,0,0,0,0,0,2026-09-06T22:03:00.427Z,No search request is recorded for this hospital in the preserved search batch; official-domain discovery remains pending.
171327,search-not-run,no,0,0,0,0,0,2026-09-06T22:03:00.427Z,No search request is recorded for this hospital in the preserved search batch; official-domain discovery remains pending.
171336,candidate-found,yes,0,2,0,0,0,2026-09-06T21:37:41.618Z,"Search returned one or more candidate domains, but none passed official-domain and pointer/MRF verification."
171339,candidate-found,yes,0,1,0,0,0,2026-09-06T21:37:41.618Z,"Search returned one or more candidate domains, but none passed official-domain and pointer/MRF verification."
171344,search-not-run,no,0,0,0,0,0,2026-09-06T22:03:00.427Z,No search request is recorded for this hospital in the preserved search batch; official-domain discovery remains pending.
171346,search-not-run,no,0,0,0,0,0,2026-09-06T22:03:00.427Z,No search request is recorded for this hospital in the preserved search batch; official-domain discovery remains pending.
171354,pointer-review,yes,0,3,0,1,0,2026-09-06T21:37:42.113Z,"A candidate domain returned a cms-hpt.txt file, but pointer, file, or facility identity checks did not verify this hospital."
171356,search-not-run,no,0,0,0,0,0,2026-09-06T22:03:00.427Z,No search request is recorded for this hospital in the preserved search batch; official-domain discovery remains pending.
171376,candidate-found,yes,0,1,0,0,0,2026-09-06T21:37:42.115Z,"Search returned one or more candidate domains, but none passed official-domain and pointer/MRF verification."
171377,search-error,yes,1,0,0,0,0,2026-09-06T22:03:00.427Z,The recorded website search request failed before returning usable candidate results; official-domain discovery needs a retry.
174006,site-observed,yes,0,2,1,0,0,2026-09-06T21:37:42.658Z,A candidate homepage response matched hospital name text and city or state; official-domain assignment and pointer/MRF linkage remain unverified.
174022,site-observed,yes,0,3,2,0,0,2026-09-06T21:37:54.308Z,A candidate homepage response matched hospital name text and city or state; official-domain assignment and pointer/MRF linkage remain unverified.
174026,site-observed,yes,0,2,1,0,0,2026-09-06T21:37:54.249Z,A candidate homepage response matched hospital name text and city or state; official-domain assignment and pointer/MRF linkage remain unverified.
174027,search-not-run,no,0,0,0,0,0,2026-09-06T22:03:00.427Z,No search request is recorded for this hospital in the preserved search batch; official-domain discovery remains pending.
180045,search-not-run,no,0,0,0,0,0,2026-09-06T22:03:00.427Z,No search request is recorded for this hospital in the preserved search batch; official-domain discovery remains pending.
180087,pointer-review,yes,0,2,0,1,0,2026-09-06T21:37:54.309Z,"A candidate domain returned a cms-hpt.txt file, but pointer, file, or facility identity checks did not verify this hospital."
180779,candidate-found,yes,0,1,0,0,0,2026-09-06T21:38:05.697Z,"Search returned one or more candidate domains, but none passed official-domain and pointer/MRF verification."
181311,site-observed,yes,0,3,1,1,0,2026-09-06T21:38:06.928Z,A candidate homepage response matched hospital name text and city or state; official-domain assignment and pointer/MRF linkage remain unverified.
184002,search-not-run,no,0,0,0,0,0,2026-09-06T22:03:00.427Z,No search request is recorded for this hospital in the preserved search batch; official-domain discovery remains pending.
184006,search-not-run,no,0,0,0,0,0,2026-09-06T22:03:00.427Z,No search request is recorded for this hospital in the preserved search batch; official-domain discovery remains pending.
184007,candidate-found,yes,0,1,0,0,1,2026-09-06T21:38:07.254Z,"Search returned one or more candidate domains, but none passed official-domain and pointer/MRF verification."
184008,candidate-found,yes,0,2,0,0,1,2026-09-06T21:38:07.477Z,"Search returned one or more candidate domains, but none passed official-domain and pointer/MRF verification."
184009,search-not-run,no,0,0,0,0,0,2026-09-06T22:03:00.427Z,No search request is recorded for this hospital in the preserved search batch; official-domain discovery remains pending.
184012,candidate-found,yes,0,1,0,0,1,2026-09-06T21:38:07.439Z,"Search returned one or more candidate domains, but none passed official-domain and pointer/MRF verification."
184014,search-not-run,no,0,0,0,0,0,2026-09-06T22:03:00.427Z,No search request is recorded for this hospital in the preserved search batch; official-domain discovery remains pending.
184015,site-observed,yes,0,3,1,1,0,2026-09-06T21:38:08.985Z,A candidate homepage response matched hospital name text and city or state; official-domain assignment and pointer/MRF linkage remain unverified.
184017,candidate-found,yes,0,1,0,0,1,2026-09-06T21:38:09.172Z,"Search returned one or more candidate domains, but none passed official-domain and pointer/MRF verification."
190008,search-not-run,no,0,0,0,0,0,2026-09-06T22:03:00.427Z,No search request is recorded for this hospital in the preserved search batch; official-domain discovery remains pending.
190015,search-not-run,no,0,0,0,0,0,2026-09-06T22:03:00.427Z,No search request is recorded for this hospital in the preserved search batch; official-domain discovery remains pending.
190017,search-not-run,no,0,0,0,0,0,2026-09-06T22:03:00.427Z,No search request is recorded for this hospital in the preserved search batch; official-domain discovery remains pending.
190050,candidate-found,yes,0,3,0,0,0,2026-09-06T21:38:10.045Z,"Search returned one or more candidate domains, but none passed official-domain and pointer/MRF verification."
190111,site-observed,yes,0,3,1,0,0,2026-09-06T21:38:22.837Z,A candidate homepage response matched hospital name text and city or state; official-domain assignment and pointer/MRF linkage remain unverified.
190116,candidate-found,yes,0,2,0,0,0,2026-09-06T21:38:23.215Z,"Search returned one or more candidate domains, but none passed official-domain and pointer/MRF verification."
190145,search-not-run,no,0,0,0,0,0,2026-09-06T22:03:00.427Z,No search request is recorded for this hospital in the preserved search batch; official-domain discovery remains pending.
190208,site-observed,yes,0,2,1,0,0,2026-09-06T21:38:25.447Z,A candidate homepage response matched hospital name text and city or state; official-domain assignment and pointer/MRF linkage remain unverified.
191308,site-observed,yes,0,2,1,0,0,2026-09-06T21:38:26.093Z,A candidate homepage response matched hospital name text and city or state; official-domain assignment and pointer/MRF linkage remain unverified.
191311,candidate-found,yes,0,2,0,0,1,2026-09-06T21:38:26.433Z,"Search returned one or more candidate domains, but none passed official-domain and pointer/MRF verification."
191313,search-not-run,no,0,0,0,0,0,2026-09-06T22:03:00.427Z,No search request is recorded for this hospital in the preserved search batch; official-domain discovery remains pending.
191325,site-observed,yes,0,3,2,0,0,2026-09-06T21:38:26.962Z,A candidate homepage response matched hospital name text and city or state; official-domain assignment and pointer/MRF linkage remain unverified.
194008,search-not-run,no,0,0,0,0,0,2026-09-06T22:03:00.427Z,No search request is recorded for this hospital in the preserved search batch; official-domain discovery remains pending.
194020,candidate-found,yes,0,3,0,0,1,2026-09-06T21:38:27.270Z,"Search returned one or more candidate domains, but none passed official-domain and pointer/MRF verification."
194022,search-not-run,no,0,0,0,0,0,2026-09-06T22:03:00.427Z,No search request is recorded for this hospital in the preserved search batch; official-domain discovery remains pending.
194025,search-not-run,no,0,0,0,0,0,2026-09-06T22:03:00.427Z,No search request is recorded for this hospital in the preserved search batch; official-domain discovery remains pending.
194031,candidate-found,yes,0,2,0,0,1,2026-09-06T21:38:31.007Z,"Search returned one or more candidate domains, but none passed official-domain and pointer/MRF verification."
194069,search-not-run,no,0,0,0,0,0,2026-09-06T22:03:00.427Z,No search request is recorded for this hospital in the preserved search batch; official-domain discovery remains pending.
194083,pointer-review,yes,0,2,0,1,0,2026-09-06T21:38:43.215Z,"A candidate domain returned a cms-hpt.txt file, but pointer, file, or facility identity checks did not verify this hospital."
194089,search-not-run,no,0,0,0,0,0,2026-09-06T22:03:00.427Z,No search request is recorded for this hospital in the preserved search batch; official-domain discovery remains pending.
194119,site-observed,yes,0,2,1,1,0,2026-09-06T21:38:43.215Z,A candidate homepage response matched hospital name text and city or state; official-domain assignment and pointer/MRF linkage remain unverified.
194120,search-not-run,no,0,0,0,0,0,2026-09-06T22:03:00.427Z,No search request is recorded for this hospital in the preserved search batch; official-domain discovery remains pending.
194121,site-observed,yes,0,3,1,1,0,2026-09-06T21:38:43.215Z,A candidate homepage response matched hospital name text and city or state; official-domain assignment and pointer/MRF linkage remain unverified.
200039,pointer-review,yes,0,2,0,2,0,2026-09-06T21:38:44.099Z,"A candidate domain returned a cms-hpt.txt file, but pointer, file, or facility identity checks did not verify this hospital."
201311,candidate-found,yes,0,1,0,0,0,2026-09-06T21:38:44.062Z,"Search returned one or more candidate domains, but none passed official-domain and pointer/MRF verification."
204004,pointer-review,yes,0,3,0,1,0,2026-09-06T21:38:44.665Z,"A candidate domain returned a cms-hpt.txt file, but pointer, file, or facility identity checks did not verify this hospital."
204008,candidate-found,yes,0,1,0,0,0,2026-09-06T21:38:44.986Z,"Search returned one or more candidate domains, but none passed official-domain and pointer/MRF verification."
214002,pointer-review,yes,0,3,0,1,1,2026-09-06T21:38:44.986Z,"A candidate domain returned a cms-hpt.txt file, but pointer, file, or facility identity checks did not verify this hospital."
214003,pointer-review,yes,0,2,0,1,0,2026-09-06T21:38:45.230Z,"A candidate domain returned a cms-hpt.txt file, but pointer, file, or facility identity checks did not verify this hospital."
214004,search-not-run,no,0,0,0,0,0,2026-09-06T22:03:00.427Z,No search request is recorded for this hospital in the preserved search batch; official-domain discovery remains pending.
214012,search-not-run,no,0,0,0,0,0,2026-09-06T22:03:00.427Z,No search request is recorded for this hospital in the preserved search batch; official-domain discovery remains pending.
214018,pointer-review,yes,0,2,0,1,1,2026-09-06T21:38:45.565Z,"A candidate domain returned a cms-hpt.txt file, but pointer, file, or facility identity checks did not verify this hospital."
214022,candidate-found,yes,0,2,0,0,2,2026-09-06T21:38:45.670Z,"Search returned one or more candidate domains, but none passed official-domain and pointer/MRF verification."
220002,search-not-run,no,0,0,0,0,0,2026-09-06T22:03:00.427Z,No search request is recorded for this hospital in the preserved search batch; official-domain discovery remains pending.
220010,search-not-run,no,0,0,0,0,0,2026-09-06T22:03:00.427Z,No search request is recorded for this hospital in the preserved search batch; official-domain discovery remains pending.
220060,site-observed,yes,0,2,1,0,0,2026-09-06T21:38:46.009Z,A candidate homepage response matched hospital name text and city or state; official-domain assignment and pointer/MRF linkage remain unverified.
220062,site-observed,yes,0,3,1,0,2,2026-09-06T21:38:57.368Z,A candidate homepage response matched hospital name text and city or state; official-domain assignment and pointer/MRF linkage remain unverified.
220074,site-observed,yes,0,2,1,1,0,2026-09-06T21:38:58.090Z,A candidate homepage response matched hospital name text and city or state; official-domain assignment and pointer/MRF linkage remain unverified.
220105,pointer-review,yes,0,2,0,1,0,2026-09-06T21:39:00.920Z,"A candidate domain returned a cms-hpt.txt file, but pointer, file, or facility identity checks did not verify this hospital."
220126,candidate-found,yes,0,3,0,0,2,2026-09-06T21:39:01.518Z,"Search returned one or more candidate domains, but none passed official-domain and pointer/MRF verification."
220171,candidate-found,yes,0,2,0,0,0,2026-09-06T21:39:02.175Z,"Search returned one or more candidate domains, but none passed official-domain and pointer/MRF verification."
220175,search-not-run,no,0,0,0,0,0,2026-09-06T22:03:00.427Z,No search request is recorded for this hospital in the preserved search batch; official-domain discovery remains pending.
220176,search-not-run,no,0,0,0,0,0,2026-09-06T22:03:00.427Z,No search request is recorded for this hospital in the preserved search batch; official-domain discovery remains pending.
224001,candidate-found,yes,0,3,0,0,1,2026-09-06T21:39:06.961Z,"Search returned one or more candidate domains, but none passed official-domain and pointer/MRF verification."
224013,candidate-found,yes,0,2,0,0,1,2026-09-06T21:39:32.667Z,"Search returned one or more candidate domains, but none passed official-domain and pointer/MRF verification."
224018,candidate-found,yes,0,3,0,0,1,2026-09-06T21:40:00.805Z,"Search returned one or more candidate domains, but none passed official-domain and pointer/MRF verification."
224021,search-not-run,no,0,0,0,0,0,2026-09-06T22:03:00.427Z,No search request is recorded for this hospital in the preserved search batch; official-domain discovery remains pending.
224022,search-not-run,no,0,0,0,0,0,2026-09-06T22:03:00.427Z,No search request is recorded for this hospital in the preserved search batch; official-domain discovery remains pending.
224023,candidate-found,yes,0,3,0,0,1,2026-09-06T21:40:01.452Z,"Search returned one or more candidate domains, but none passed official-domain and pointer/MRF verification."
224028,search-not-run,no,0,0,0,0,0,2026-09-06T22:03:00.427Z,No search request is recorded for this hospital in the preserved search batch; official-domain discovery remains pending.
224031,search-not-run,no,0,0,0,0,0,2026-09-06T22:03:00.427Z,No search request is recorded for this hospital in the preserved search batch; official-domain discovery remains pending.
224032,site-observed,yes,0,3,1,0,2,2026-09-06T21:40:01.515Z,A candidate homepage response matched hospital name text and city or state; official-domain assignment and pointer/MRF linkage remain unverified.
224038,pointer-review,yes,0,3,0,2,0,2026-09-06T21:40:02.497Z,"A candidate domain returned a cms-hpt.txt file, but pointer, file, or facility identity checks did not verify this hospital."
224039,search-not-run,no,0,0,0,0,0,2026-09-06T22:03:00.427Z,No search request is recorded for this hospital in the preserved search batch; official-domain discovery remains pending.
224040,search-not-run,no,0,0,0,0,0,2026-09-06T22:03:00.427Z,No search request is recorded for this hospital in the preserved search batch; official-domain discovery remains pending.
224041,pointer-review,yes,0,3,0,1,1,2026-09-06T21:40:03.079Z,"A candidate domain returned a cms-hpt.txt file, but pointer, file, or facility identity checks did not verify this hospital."
224044,pointer-review,yes,0,2,0,1,0,2026-09-06T21:40:03.847Z,"A candidate domain returned a cms-hpt.txt file, but pointer, file, or facility identity checks did not verify this hospital."
224045,search-not-run,no,0,0,0,0,0,2026-09-06T22:03:00.427Z,No search request is recorded for this hospital in the preserved search batch; official-domain discovery remains pending.
224046,search-not-run,no,0,0,0,0,0,2026-09-06T22:03:00.427Z,No search request is recorded for this hospital in the preserved search batch; official-domain discovery remains pending.
230030,candidate-found,yes,0,2,0,0,1,2026-09-06T21:40:03.756Z,"Search returned one or more candidate domains, but none passed official-domain and pointer/MRF verification."
230036,candidate-found,yes,0,3,0,0,2,2026-09-06T21:40:04.230Z,"Search returned one or more candidate domains, but none passed official-domain and pointer/MRF verification."
230046,search-not-run,no,0,0,0,0,0,2026-09-06T22:03:00.427Z,No search request is recorded for this hospital in the preserved search batch; official-domain discovery remains pending.
230095,candidate-found,yes,0,2,0,0,1,2026-09-06T21:40:04.231Z,"Search returned one or more candidate domains, but none passed official-domain and pointer/MRF verification."
230180,search-not-run,no,0,0,0,0,0,2026-09-06T22:03:00.427Z,No search request is recorded for this hospital in the preserved search batch; official-domain discovery remains pending.
230222,pointer-review,yes,0,2,0,1,1,2026-09-06T21:40:04.231Z,"A candidate domain returned a cms-hpt.txt file, but pointer, file, or facility identity checks did not verify this hospital."
230239,search-not-run,no,0,0,0,0,0,2026-09-06T22:03:00.427Z,No search request is recorded for this hospital in the preserved search batch; official-domain discovery remains pending.
231312,pointer-review,yes,0,1,0,1,0,2026-09-06T21:40:04.292Z,"A candidate domain returned a cms-hpt.txt file, but pointer, file, or facility identity checks did not verify this hospital."
231325,search-not-run,no,0,0,0,0,0,2026-09-06T22:03:00.427Z,No search request is recorded for this hospital in the preserved search batch; official-domain discovery remains pending.
234021,candidate-found,yes,0,2,0,0,1,2026-09-06T21:40:04.549Z,"Search returned one or more candidate domains, but none passed official-domain and pointer/MRF verification."
234023,candidate-found,yes,0,3,0,0,2,2026-09-06T21:40:04.616Z,"Search returned one or more candidate domains, but none passed official-domain and pointer/MRF verification."
234025,candidate-found,yes,0,3,0,0,0,2026-09-06T21:40:04.846Z,"Search returned one or more candidate domains, but none passed official-domain and pointer/MRF verification."
234026,search-not-run,no,0,0,0,0,0,2026-09-06T22:03:00.427Z,No search request is recorded for this hospital in the preserved search batch; official-domain discovery remains pending.
234030,candidate-found,yes,0,1,0,0,1,2026-09-06T21:40:04.846Z,"Search returned one or more candidate domains, but none passed official-domain and pointer/MRF verification."
234035,search-not-run,no,0,0,0,0,0,2026-09-06T22:03:00.427Z,No search request is recorded for this hospital in the preserved search batch; official-domain discovery remains pending.
234040,search-not-run,no,0,0,0,0,0,2026-09-06T22:03:00.427Z,No search request is recorded for this hospital in the preserved search batch; official-domain discovery remains pending.
234041,site-observed,yes,0,3,2,0,0,2026-09-06T21:40:05.447Z,A candidate homepage response matched hospital name text and city or state; official-domain assignment and pointer/MRF linkage remain unverified.
234042,site-observed,yes,0,3,1,1,0,2026-09-06T21:40:05.448Z,A candidate homepage response matched hospital name text and city or state; official-domain assignment and pointer/MRF linkage remain unverified.
234043,search-not-run,no,0,0,0,0,0,2026-09-06T22:03:00.427Z,No search request is recorded for this hospital in the preserved search batch; official-domain discovery remains pending.
234045,search-not-run,no,0,0,0,0,0,2026-09-06T22:03:00.427Z,No search request is recorded for this hospital in the preserved search batch; official-domain discovery remains pending.
240030,search-not-run,no,0,0,0,0,0,2026-09-06T22:03:00.427Z,No search request is recorded for this hospital in the preserved search batch; official-domain discovery remains pending.
240104,candidate-found,yes,0,3,0,0,0,2026-09-06T21:40:16.957Z,"Search returned one or more candidate domains, but none passed official-domain and pointer/MRF verification."
240206,site-observed,yes,0,3,1,0,0,2026-09-06T21:40:18.293Z,A candidate homepage response matched hospital name text and city or state; official-domain assignment and pointer/MRF linkage remain unverified.
241305,pointer-review,yes,0,1,0,1,0,2026-09-06T21:40:17.547Z,"A candidate domain returned a cms-hpt.txt file, but pointer, file, or facility identity checks did not verify this hospital."
241317,search-not-run,no,0,0,0,0,0,2026-09-06T22:03:00.427Z,No search request is recorded for this hospital in the preserved search batch; official-domain discovery remains pending.
241339,search-not-run,no,0,0,0,0,0,2026-09-06T22:03:00.427Z,No search request is recorded for this hospital in the preserved search batch; official-domain discovery remains pending.
241358,search-not-run,no,0,0,0,0,0,2026-09-06T22:03:00.427Z,No search request is recorded for this hospital in the preserved search batch; official-domain discovery remains pending.
241363,candidate-found,yes,0,1,0,0,1,2026-09-06T21:40:17.900Z,"Search returned one or more candidate domains, but none passed official-domain and pointer/MRF verification."
241366,candidate-found,yes,0,1,0,0,0,2026-09-06T21:40:18.182Z,"Search returned one or more candidate domains, but none passed official-domain and pointer/MRF verification."
241369,candidate-found,yes,0,3,0,0,1,2026-09-06T21:40:18.294Z,"Search returned one or more candidate domains, but none passed official-domain and pointer/MRF verification."
241373,search-not-run,no,0,0,0,0,0,2026-09-06T22:03:00.427Z,No search request is recorded for this hospital in the preserved search batch; official-domain discovery remains pending.
244002,candidate-found,yes,0,2,0,0,0,2026-09-06T21:40:18.444Z,"Search returned one or more candidate domains, but none passed official-domain and pointer/MRF verification."
244005,candidate-found,yes,0,3,0,0,0,2026-09-06T21:40:25.747Z,"Search returned one or more candidate domains, but none passed official-domain and pointer/MRF verification."
244011,search-not-run,no,0,0,0,0,0,2026-09-06T22:03:00.427Z,No search request is recorded for this hospital in the preserved search batch; official-domain discovery remains pending.
244012,search-not-run,no,0,0,0,0,0,2026-09-06T22:03:00.427Z,No search request is recorded for this hospital in the preserved search batch; official-domain discovery remains pending.
244013,search-not-run,no,0,0,0,0,0,2026-09-06T22:03:00.427Z,No search request is recorded for this hospital in the preserved search batch; official-domain discovery remains pending.
244014,pointer-review,yes,0,3,0,1,0,2026-09-06T21:40:25.748Z,"A candidate domain returned a cms-hpt.txt file, but pointer, file, or facility identity checks did not verify this hospital."
244017,search-not-run,no,0,0,0,0,0,2026-09-06T22:03:00.427Z,No search request is recorded for this hospital in the preserved search batch; official-domain discovery remains pending.
244018,pointer-review,yes,0,3,0,1,0,2026-09-06T21:40:19.701Z,"A candidate domain returned a cms-hpt.txt file, but pointer, file, or facility identity checks did not verify this hospital."
244019,site-observed,yes,0,3,1,1,0,2026-09-06T21:40:19.543Z,A candidate homepage response matched hospital name text and city or state; official-domain assignment and pointer/MRF linkage remain unverified.
250020,search-not-run,no,0,0,0,0,0,2026-09-06T22:03:00.427Z,No search request is recorded for this hospital in the preserved search batch; official-domain discovery remains pending.
250043,search-not-run,no,0,0,0,0,0,2026-09-06T22:03:00.427Z,No search request is recorded for this hospital in the preserved search batch; official-domain discovery remains pending.
250057,search-not-run,no,0,0,0,0,0,2026-09-06T22:03:00.427Z,No search request is recorded for this hospital in the preserved search batch; official-domain discovery remains pending.
250069,site-observed,yes,0,2,1,1,0,2026-09-06T21:40:20.942Z,A candidate homepage response matched hospital name text and city or state; official-domain assignment and pointer/MRF linkage remain unverified.
250127,site-observed,yes,0,3,1,0,0,2026-09-06T21:40:21.561Z,A candidate homepage response matched hospital name text and city or state; official-domain assignment and pointer/MRF linkage remain unverified.
250151,candidate-found,yes,0,1,0,0,1,2026-09-06T21:40:21.561Z,"Search returned one or more candidate domains, but none passed official-domain and pointer/MRF verification."
250152,site-observed,yes,0,2,1,0,0,2026-09-06T21:40:21.758Z,A candidate homepage response matched hospital name text and city or state; official-domain assignment and pointer/MRF linkage remain unverified.
250174,search-not-run,no,0,0,0,0,0,2026-09-06T22:03:00.427Z,No search request is recorded for this hospital in the preserved search batch; official-domain discovery remains pending.
250780,search-not-run,no,0,0,0,0,0,2026-09-06T22:03:00.427Z,No search request is recorded for this hospital in the preserved search batch; official-domain discovery remains pending.
250781,site-observed,yes,0,3,1,0,0,2026-09-06T21:40:33.574Z,A candidate homepage response matched hospital name text and city or state; official-domain assignment and pointer/MRF linkage remain unverified.
250782,candidate-found,yes,0,3,0,0,0,2026-09-06T21:40:34.174Z,"Search returned one or more candidate domains, but none passed official-domain and pointer/MRF verification."
250784,site-observed,yes,0,2,2,0,0,2026-09-06T21:40:34.757Z,A candidate homepage response matched hospital name text and city or state; official-domain assignment and pointer/MRF linkage remain unverified.
250785,candidate-found,yes,0,2,0,0,0,2026-09-06T21:40:35.070Z,"Search returned one or more candidate domains, but none passed official-domain and pointer/MRF verification."
250786,search-not-run,no,0,0,0,0,0,2026-09-06T22:03:00.427Z,No search request is recorded for this hospital in the preserved search batch; official-domain discovery remains pending.
251308,site-observed,yes,0,3,2,1,0,2026-09-06T21:40:35.345Z,A candidate homepage response matched hospital name text and city or state; official-domain assignment and pointer/MRF linkage remain unverified.
251333,search-not-run,no,0,0,0,0,0,2026-09-06T22:03:00.427Z,No search request is recorded for this hospital in the preserved search batch; official-domain discovery remains pending.
251339,search-not-run,no,0,0,0,0,0,2026-09-06T22:03:00.427Z,No search request is recorded for this hospital in the preserved search batch; official-domain discovery remains pending.
254005,candidate-found,yes,0,3,0,0,2,2026-09-06T21:40:35.809Z,"Search returned one or more candidate domains, but none passed official-domain and pointer/MRF verification."
254007,search-not-run,no,0,0,0,0,0,2026-09-06T22:03:00.427Z,No search request is recorded for this hospital in the preserved search batch; official-domain discovery remains pending.
254008,search-not-run,no,0,0,0,0,0,2026-09-06T22:03:00.427Z,No search request is recorded for this hospital in the preserved search batch; official-domain discovery remains pending.
254009,site-observed,yes,0,3,1,1,0,2026-09-06T21:40:35.959Z,A candidate homepage response matched hospital name text and city or state; official-domain assignment and pointer/MRF linkage remain unverified.
254011,candidate-found,yes,0,2,0,0,1,2026-09-06T21:40:36.033Z,"Search returned one or more candidate domains, but none passed official-domain and pointer/MRF verification."
260057,search-not-run,no,0,0,0,0,0,2026-09-06T22:03:00.427Z,No search request is recorded for this hospital in the preserved search batch; official-domain discovery remains pending.
260070,search-not-run,no,0,0,0,0,0,2026-09-06T22:03:00.427Z,No search request is recorded for this hospital in the preserved search batch; official-domain discovery remains pending.
260179,site-observed,yes,0,2,1,0,0,2026-09-06T21:40:36.114Z,A candidate homepage response matched hospital name text and city or state; official-domain assignment and pointer/MRF linkage remain unverified.
261301,search-not-run,no,0,0,0,0,0,2026-09-06T22:03:00.427Z,No search request is recorded for this hospital in the preserved search batch; official-domain discovery remains pending.
261308,site-observed,yes,0,2,1,0,0,2026-09-06T21:40:36.553Z,A candidate homepage response matched hospital name text and city or state; official-domain assignment and pointer/MRF linkage remain unverified.
261312,candidate-found,yes,0,1,0,0,0,2026-09-06T21:40:37.104Z,"Search returned one or more candidate domains, but none passed official-domain and pointer/MRF verification."
261313,pointer-review,yes,0,2,0,1,0,2026-09-06T21:40:47.149Z,"A candidate domain returned a cms-hpt.txt file, but pointer, file, or facility identity checks did not verify this hospital."
261323,search-not-run,no,0,0,0,0,0,2026-09-06T22:03:00.427Z,No search request is recorded for this hospital in the preserved search batch; official-domain discovery remains pending.
261327,search-not-run,no,0,0,0,0,0,2026-09-06T22:03:00.427Z,No search request is recorded for this hospital in the preserved search batch; official-domain discovery remains pending.
261336,candidate-found,yes,0,1,0,0,0,2026-09-06T21:40:47.184Z,"Search returned one or more candidate domains, but none passed official-domain and pointer/MRF verification."
264004,site-observed,yes,0,3,2,1,0,2026-09-06T21:40:59.302Z,A candidate homepage response matched hospital name text and city or state; official-domain assignment and pointer/MRF linkage remain unverified.
264005,site-observed,yes,0,3,1,0,0,2026-09-06T21:40:59.456Z,A candidate homepage response matched hospital name text and city or state; official-domain assignment and pointer/MRF linkage remain unverified.
264007,search-not-run,no,0,0,0,0,0,2026-09-06T22:03:00.427Z,No search request is recorded for this hospital in the preserved search batch; official-domain discovery remains pending.
264008,site-observed,yes,0,3,2,1,0,2026-09-06T21:40:59.812Z,A candidate homepage response matched hospital name text and city or state; official-domain assignment and pointer/MRF linkage remain unverified.
264010,search-not-run,no,0,0,0,0,0,2026-09-06T22:03:00.427Z,No search request is recorded for this hospital in the preserved search batch; official-domain discovery remains pending.
264034,candidate-found,yes,0,1,0,0,1,2026-09-06T21:40:59.457Z,"Search returned one or more candidate domains, but none passed official-domain and pointer/MRF verification."
270074,site-observed,yes,0,3,1,1,1,2026-09-06T21:40:59.708Z,A candidate homepage response matched hospital name text and city or state; official-domain assignment and pointer/MRF linkage remain unverified.
271300,pointer-review,yes,0,3,0,1,0,2026-09-06T21:40:59.813Z,"A candidate domain returned a cms-hpt.txt file, but pointer, file, or facility identity checks did not verify this hospital."
271303,pointer-review,yes,0,1,0,1,0,2026-09-06T21:41:00.562Z,"A candidate domain returned a cms-hpt.txt file, but pointer, file, or facility identity checks did not verify this hospital."
271309,site-observed,yes,0,3,1,0,1,2026-09-06T21:41:00.580Z,A candidate homepage response matched hospital name text and city or state; official-domain assignment and pointer/MRF linkage remain unverified.
271310,search-not-run,no,0,0,0,0,0,2026-09-06T22:03:00.427Z,No search request is recorded for this hospital in the preserved search batch; official-domain discovery remains pending.
271315,site-observed,yes,0,3,1,0,1,2026-09-06T21:41:00.690Z,A candidate homepage response matched hospital name text and city or state; official-domain assignment and pointer/MRF linkage remain unverified.
271321,search-not-run,no,0,0,0,0,0,2026-09-06T22:03:00.427Z,No search request is recorded for this hospital in the preserved search batch; official-domain discovery remains pending.
271339,search-not-run,no,0,0,0,0,0,2026-09-06T22:03:00.427Z,No search request is recorded for this hospital in the preserved search batch; official-domain discovery remains pending.
271341,search-not-run,no,0,0,0,0,0,2026-09-06T22:03:00.427Z,No search request is recorded for this hospital in the preserved search batch; official-domain discovery remains pending.
271345,site-observed,yes,0,2,1,0,0,2026-09-06T21:41:00.934Z,A candidate homepage response matched hospital name text and city or state; official-domain assignment and pointer/MRF linkage remain unverified.
271348,search-not-run,no,0,0,0,0,0,2026-09-06T22:03:00.427Z,No search request is recorded for this hospital in the preserved search batch; official-domain discovery remains pending.
280032,candidate-found,yes,0,1,0,0,1,2026-09-06T21:41:01.293Z,"Search returned one or more candidate domains, but none passed official-domain and pointer/MRF verification."
280059,search-not-run,no,0,0,0,0,0,2026-09-06T22:03:00.427Z,No search request is recorded for this hospital in the preserved search batch; official-domain discovery remains pending.
280125,pointer-review,yes,0,1,0,1,0,2026-09-06T21:41:12.727Z,"A candidate domain returned a cms-hpt.txt file, but pointer, file, or facility identity checks did not verify this hospital."
280779,site-observed,yes,0,3,1,0,0,2026-09-06T21:41:13.899Z,A candidate homepage response matched hospital name text and city or state; official-domain assignment and pointer/MRF linkage remain unverified.
281301,site-observed,yes,0,3,2,0,0,2026-09-06T21:41:25.447Z,A candidate homepage response matched hospital name text and city or state; official-domain assignment and pointer/MRF linkage remain unverified.
281302,search-not-run,no,0,0,0,0,0,2026-09-06T22:03:00.427Z,No search request is recorded for this hospital in the preserved search batch; official-domain discovery remains pending.
281308,search-not-run,no,0,0,0,0,0,2026-09-06T22:03:00.427Z,No search request is recorded for this hospital in the preserved search batch; official-domain discovery remains pending.
281311,candidate-found,yes,0,3,0,0,0,2026-09-06T21:41:36.248Z,"Search returned one or more candidate domains, but none passed official-domain and pointer/MRF verification."
281315,search-not-run,no,0,0,0,0,0,2026-09-06T22:03:00.427Z,No search request is recorded for this hospital in the preserved search batch; official-domain discovery remains pending.
281336,pointer-review,yes,0,1,0,1,0,2026-09-06T21:41:36.971Z,"A candidate domain returned a cms-hpt.txt file, but pointer, file, or facility identity checks did not verify this hospital."
281339,pointer-review,yes,0,1,0,1,0,2026-09-06T21:41:37.785Z,"A candidate domain returned a cms-hpt.txt file, but pointer, file, or facility identity checks did not verify this hospital."
281341,candidate-found,yes,0,3,0,0,1,2026-09-06T21:41:40.029Z,"Search returned one or more candidate domains, but none passed official-domain and pointer/MRF verification."
281348,candidate-found,yes,0,1,0,0,1,2026-09-06T21:41:40.029Z,"Search returned one or more candidate domains, but none passed official-domain and pointer/MRF verification."
281351,search-not-run,no,0,0,0,0,0,2026-09-06T22:03:00.427Z,No search request is recorded for this hospital in the preserved search batch; official-domain discovery remains pending.
281359,search-not-run,no,0,0,0,0,0,2026-09-06T22:03:00.427Z,No search request is recorded for this hospital in the preserved search batch; official-domain discovery remains pending.
284003,site-observed,yes,0,3,1,0,2,2026-09-06T21:41:46.350Z,A candidate homepage response matched hospital name text and city or state; official-domain assignment and pointer/MRF linkage remain unverified.
290032,candidate-found,yes,0,3,0,0,3,2026-09-06T21:42:03.976Z,"Search returned one or more candidate domains, but none passed official-domain and pointer/MRF verification."
290042,search-not-run,no,0,0,0,0,0,2026-09-06T22:03:00.427Z,No search request is recorded for this hospital in the preserved search batch; official-domain discovery remains pending.
290054,candidate-found,yes,0,2,0,0,2,2026-09-06T21:42:03.995Z,"Search returned one or more candidate domains, but none passed official-domain and pointer/MRF verification."
290062,candidate-found,yes,0,3,0,0,3,2026-09-06T21:42:04.529Z,"Search returned one or more candidate domains, but none passed official-domain and pointer/MRF verification."
291301,site-observed,yes,0,3,1,0,1,2026-09-06T21:42:04.873Z,A candidate homepage response matched hospital name text and city or state; official-domain assignment and pointer/MRF linkage remain unverified.
291302,site-observed,yes,0,1,1,0,0,2026-09-06T21:42:04.894Z,A candidate homepage response matched hospital name text and city or state; official-domain assignment and pointer/MRF linkage remain unverified.
291311,search-not-run,no,0,0,0,0,0,2026-09-06T22:03:00.427Z,No search request is recorded for this hospital in the preserved search batch; official-domain discovery remains pending.
291312,pointer-review,yes,0,2,0,1,0,2026-09-06T21:42:05.943Z,"A candidate domain returned a cms-hpt.txt file, but pointer, file, or facility identity checks did not verify this hospital."
294000,search-not-run,no,0,0,0,0,0,2026-09-06T22:03:00.427Z,No search request is recorded for this hospital in the preserved search batch; official-domain discovery remains pending.
294002,search-not-run,no,0,0,0,0,0,2026-09-06T22:03:00.427Z,No search request is recorded for this hospital in the preserved search batch; official-domain discovery remains pending.
294010,candidate-found,yes,0,2,0,0,2,2026-09-06T21:42:06.151Z,"Search returned one or more candidate domains, but none passed official-domain and pointer/MRF verification."
294011,candidate-found,yes,0,1,0,0,1,2026-09-06T21:42:06.152Z,"Search returned one or more candidate domains, but none passed official-domain and pointer/MRF verification."
294012,candidate-found,yes,0,2,0,0,1,2026-09-06T21:42:06.624Z,"Search returned one or more candidate domains, but none passed official-domain and pointer/MRF verification."
294016,candidate-found,yes,0,1,0,0,0,2026-09-06T21:42:06.624Z,"Search returned one or more candidate domains, but none passed official-domain and pointer/MRF verification."
301303,site-observed,yes,0,2,1,1,0,2026-09-06T21:42:06.870Z,A candidate homepage response matched hospital name text and city or state; official-domain assignment and pointer/MRF linkage remain unverified.
301304,candidate-found,yes,0,1,0,0,0,2026-09-06T21:42:07.145Z,"Search returned one or more candidate domains, but none passed official-domain and pointer/MRF verification."
304000,site-observed,yes,0,3,1,1,0,2026-09-06T21:42:19.306Z,A candidate homepage response matched hospital name text and city or state; official-domain assignment and pointer/MRF linkage remain unverified.
310010,site-observed,yes,0,3,1,2,0,2026-09-06T21:42:29.975Z,A candidate homepage response matched hospital name text and city or state; official-domain assignment and pointer/MRF linkage remain unverified.
310012,search-not-run,no,0,0,0,0,0,2026-09-06T22:03:00.427Z,No search request is recorded for this hospital in the preserved search batch; official-domain discovery remains pending.
310054,site-observed,yes,0,3,1,1,0,2026-09-06T21:42:30.311Z,A candidate homepage response matched hospital name text and city or state; official-domain assignment and pointer/MRF linkage remain unverified.
310058,search-not-run,no,0,0,0,0,0,2026-09-06T22:03:00.427Z,No search request is recorded for this hospital in the preserved search batch; official-domain discovery remains pending.
310130,pointer-review,yes,0,3,0,1,0,2026-09-06T21:42:31.761Z,"A candidate domain returned a cms-hpt.txt file, but pointer, file, or facility identity checks did not verify this hospital."
314001,candidate-found,yes,0,1,0,0,1,2026-09-06T21:42:31.808Z,"Search returned one or more candidate domains, but none passed official-domain and pointer/MRF verification."
314005,candidate-found,yes,0,3,0,0,0,2026-09-06T21:42:32.260Z,"Search returned one or more candidate domains, but none passed official-domain and pointer/MRF verification."
314013,candidate-found,yes,0,3,0,0,1,2026-09-06T21:42:32.356Z,"Search returned one or more candidate domains, but none passed official-domain and pointer/MRF verification."
314016,search-not-run,no,0,0,0,0,0,2026-09-06T22:03:00.427Z,No search request is recorded for this hospital in the preserved search batch; official-domain discovery remains pending.
314018,search-not-run,no,0,0,0,0,0,2026-09-06T22:03:00.427Z,No search request is recorded for this hospital in the preserved search batch; official-domain discovery remains pending.
314020,candidate-found,yes,0,3,0,0,0,2026-09-06T21:42:32.407Z,"Search returned one or more candidate domains, but none passed official-domain and pointer/MRF verification."
314023,search-not-run,no,0,0,0,0,0,2026-09-06T22:03:00.427Z,No search request is recorded for this hospital in the preserved search batch; official-domain discovery remains pending.
314024,site-observed,yes,0,2,1,0,0,2026-09-06T21:42:43.908Z,A candidate homepage response matched hospital name text and city or state; official-domain assignment and pointer/MRF linkage remain unverified.
314027,search-not-run,no,0,0,0,0,0,2026-09-06T22:03:00.427Z,No search request is recorded for this hospital in the preserved search batch; official-domain discovery remains pending.
320004,site-observed,yes,0,3,2,1,0,2026-09-06T21:42:44.764Z,A candidate homepage response matched hospital name text and city or state; official-domain assignment and pointer/MRF linkage remain unverified.
320057,candidate-found,yes,0,3,0,0,0,2026-09-06T21:42:45.176Z,"Search returned one or more candidate domains, but none passed official-domain and pointer/MRF verification."
320059,candidate-found,yes,0,3,0,0,0,2026-09-06T21:42:45.553Z,"Search returned one or more candidate domains, but none passed official-domain and pointer/MRF verification."
320060,candidate-found,yes,0,3,0,0,0,2026-09-06T21:42:46.554Z,"Search returned one or more candidate domains, but none passed official-domain and pointer/MRF verification."
320061,candidate-found,yes,0,3,0,0,0,2026-09-06T21:42:49.372Z,"Search returned one or more candidate domains, but none passed official-domain and pointer/MRF verification."
320062,search-not-run,no,0,0,0,0,0,2026-09-06T22:03:00.427Z,No search request is recorded for this hospital in the preserved search batch; official-domain discovery remains pending.
320084,search-not-run,no,0,0,0,0,0,2026-09-06T22:03:00.427Z,No search request is recorded for this hospital in the preserved search batch; official-domain discovery remains pending.
320091,search-not-run,no,0,0,0,0,0,2026-09-06T22:03:00.427Z,No search request is recorded for this hospital in the preserved search batch; official-domain discovery remains pending.
321300,candidate-found,yes,0,3,0,0,0,2026-09-06T21:42:49.765Z,"Search returned one or more candidate domains, but none passed official-domain and pointer/MRF verification."
321304,pointer-review,yes,0,2,0,1,0,2026-09-06T21:42:52.135Z,"A candidate domain returned a cms-hpt.txt file, but pointer, file, or facility identity checks did not verify this hospital."
321305,search-not-run,no,0,0,0,0,0,2026-09-06T22:03:00.427Z,No search request is recorded for this hospital in the preserved search batch; official-domain discovery remains pending.
321307,search-not-run,no,0,0,0,0,0,2026-09-06T22:03:00.427Z,No search request is recorded for this hospital in the preserved search batch; official-domain discovery remains pending.
321309,pointer-review,yes,0,2,0,1,0,2026-09-06T21:42:51.631Z,"A candidate domain returned a cms-hpt.txt file, but pointer, file, or facility identity checks did not verify this hospital."
324010,candidate-found,yes,0,1,0,0,1,2026-09-06T21:42:52.015Z,"Search returned one or more candidate domains, but none passed official-domain and pointer/MRF verification."
324012,pointer-review,yes,0,2,0,1,1,2026-09-06T21:42:52.753Z,"A candidate domain returned a cms-hpt.txt file, but pointer, file, or facility identity checks did not verify this hospital."
324014,search-not-run,no,0,0,0,0,0,2026-09-06T22:03:00.427Z,No search request is recorded for this hospital in the preserved search batch; official-domain discovery remains pending.
330005,site-observed,yes,0,3,1,0,0,2026-09-06T21:42:53.250Z,A candidate homepage response matched hospital name text and city or state; official-domain assignment and pointer/MRF linkage remain unverified.
330019,site-observed,yes,0,3,1,2,0,2026-09-06T21:42:53.876Z,A candidate homepage response matched hospital name text and city or state; official-domain assignment and pointer/MRF linkage remain unverified.
330141,search-not-run,no,0,0,0,0,0,2026-09-06T22:03:00.427Z,No search request is recorded for this hospital in the preserved search batch; official-domain discovery remains pending.
330169,candidate-found,yes,0,2,0,0,0,2026-09-06T21:42:54.823Z,"Search returned one or more candidate domains, but none passed official-domain and pointer/MRF verification."
330184,pointer-review,yes,0,1,0,1,0,2026-09-06T21:42:54.861Z,"A candidate domain returned a cms-hpt.txt file, but pointer, file, or facility identity checks did not verify this hospital."
330215,site-observed,yes,0,3,2,0,0,2026-09-06T21:42:55.708Z,A candidate homepage response matched hospital name text and city or state; official-domain assignment and pointer/MRF linkage remain unverified.
330221,search-not-run,no,0,0,0,0,0,2026-09-06T22:03:00.427Z,No search request is recorded for this hospital in the preserved search batch; official-domain discovery remains pending.
330250,search-not-run,no,0,0,0,0,0,2026-09-06T22:03:00.427Z,No search request is recorded for this hospital in the preserved search batch; official-domain discovery remains pending.
330799,candidate-found,yes,0,2,0,0,0,2026-09-06T21:42:55.935Z,"Search returned one or more candidate domains, but none passed official-domain and pointer/MRF verification."
331309,search-not-run,no,0,0,0,0,0,2026-09-06T22:03:00.427Z,No search request is recorded for this hospital in the preserved search batch; official-domain discovery remains pending.
331319,search-error,yes,1,0,0,0,0,2026-09-06T22:03:00.427Z,The recorded website search request failed before returning usable candidate results; official-domain discovery needs a retry.
331321,site-observed,yes,0,3,1,0,1,2026-09-06T21:42:56.697Z,A candidate homepage response matched hospital name text and city or state; official-domain assignment and pointer/MRF linkage remain unverified.
331323,search-not-run,no,0,0,0,0,0,2026-09-06T22:03:00.427Z,No search request is recorded for this hospital in the preserved search batch; official-domain discovery remains pending.
331324,pointer-review,yes,0,3,0,2,0,2026-09-06T21:43:08.379Z,"A candidate domain returned a cms-hpt.txt file, but pointer, file, or facility identity checks did not verify this hospital."
334001,search-not-run,no,0,0,0,0,0,2026-09-06T22:03:00.427Z,No search request is recorded for this hospital in the preserved search batch; official-domain discovery remains pending.
334003,site-observed,yes,0,3,1,1,0,2026-09-06T21:43:08.683Z,A candidate homepage response matched hospital name text and city or state; official-domain assignment and pointer/MRF linkage remain unverified.
334004,search-not-run,no,0,0,0,0,0,2026-09-06T22:03:00.427Z,No search request is recorded for this hospital in the preserved search batch; official-domain discovery remains pending.
334009,site-observed,yes,0,3,2,1,0,2026-09-06T21:43:09.011Z,A candidate homepage response matched hospital name text and city or state; official-domain assignment and pointer/MRF linkage remain unverified.
334013,pointer-review,yes,0,3,0,1,0,2026-09-06T21:43:09.016Z,"A candidate domain returned a cms-hpt.txt file, but pointer, file, or facility identity checks did not verify this hospital."
334015,pointer-review,yes,0,3,0,1,0,2026-09-06T21:43:09.110Z,"A candidate domain returned a cms-hpt.txt file, but pointer, file, or facility identity checks did not verify this hospital."
334020,search-not-run,no,0,0,0,0,0,2026-09-06T22:03:00.427Z,No search request is recorded for this hospital in the preserved search batch; official-domain discovery remains pending.
334021,site-observed,yes,0,3,1,1,0,2026-09-06T21:43:09.544Z,A candidate homepage response matched hospital name text and city or state; official-domain assignment and pointer/MRF linkage remain unverified.
334026,search-not-run,no,0,0,0,0,0,2026-09-06T22:03:00.427Z,No search request is recorded for this hospital in the preserved search batch; official-domain discovery remains pending.
334043,pointer-review,yes,0,2,0,1,0,2026-09-06T21:43:09.545Z,"A candidate domain returned a cms-hpt.txt file, but pointer, file, or facility identity checks did not verify this hospital."
334045,pointer-review,yes,0,3,0,2,0,2026-09-06T21:43:10.193Z,"A candidate domain returned a cms-hpt.txt file, but pointer, file, or facility identity checks did not verify this hospital."
334046,pointer-review,yes,0,3,0,2,0,2026-09-06T21:43:11.079Z,"A candidate domain returned a cms-hpt.txt file, but pointer, file, or facility identity checks did not verify this hospital."
334052,search-not-run,no,0,0,0,0,0,2026-09-06T22:03:00.427Z,No search request is recorded for this hospital in the preserved search batch; official-domain discovery remains pending.
334053,pointer-review,yes,0,3,0,1,0,2026-09-06T21:43:11.304Z,"A candidate domain returned a cms-hpt.txt file, but pointer, file, or facility identity checks did not verify this hospital."
334054,search-not-run,no,0,0,0,0,0,2026-09-06T22:03:00.427Z,No search request is recorded for this hospital in the preserved search batch; official-domain discovery remains pending.
334060,search-not-run,no,0,0,0,0,0,2026-09-06T22:03:00.427Z,No search request is recorded for this hospital in the preserved search batch; official-domain discovery remains pending.
334061,search-not-run,no,0,0,0,0,0,2026-09-06T22:03:00.427Z,No search request is recorded for this hospital in the preserved search batch; official-domain discovery remains pending.
334063,search-not-run,no,0,0,0,0,0,2026-09-06T22:03:00.427Z,No search request is recorded for this hospital in the preserved search batch; official-domain discovery remains pending.
334064,pointer-review,yes,0,2,0,1,0,2026-09-06T21:43:22.988Z,"A candidate domain returned a cms-hpt.txt file, but pointer, file, or facility identity checks did not verify this hospital."
334065,pointer-review,yes,0,3,0,1,0,2026-09-06T21:43:42.218Z,"A candidate domain returned a cms-hpt.txt file, but pointer, file, or facility identity checks did not verify this hospital."
334066,search-not-run,no,0,0,0,0,0,2026-09-06T22:03:00.427Z,No search request is recorded for this hospital in the preserved search batch; official-domain discovery remains pending.
334067,search-error,yes,1,0,0,0,0,2026-09-06T22:03:00.427Z,The recorded website search request failed before returning usable candidate results; official-domain discovery needs a retry.
334068,pointer-review,yes,0,2,0,1,0,2026-09-06T21:43:53.775Z,"A candidate domain returned a cms-hpt.txt file, but pointer, file, or facility identity checks did not verify this hospital."
340050,pointer-review,yes,0,3,0,2,0,2026-09-06T21:43:57.086Z,"A candidate domain returned a cms-hpt.txt file, but pointer, file, or facility identity checks did not verify this hospital."
340123,candidate-found,yes,0,1,0,0,0,2026-09-06T21:43:56.547Z,"Search returned one or more candidate domains, but none passed official-domain and pointer/MRF verification."
340131,search-not-run,no,0,0,0,0,0,2026-09-06T22:03:00.427Z,No search request is recorded for this hospital in the preserved search batch; official-domain discovery remains pending.
340143,search-not-run,no,0,0,0,0,0,2026-09-06T22:03:00.427Z,No search request is recorded for this hospital in the preserved search batch; official-domain discovery remains pending.
340147,search-not-run,no,0,0,0,0,0,2026-09-06T22:03:00.427Z,No search request is recorded for this hospital in the preserved search batch; official-domain discovery remains pending.
340156,candidate-found,yes,0,1,0,0,0,2026-09-06T21:43:57.237Z,"Search returned one or more candidate domains, but none passed official-domain and pointer/MRF verification."
341327,candidate-found,yes,0,1,0,0,0,2026-09-06T21:43:57.374Z,"Search returned one or more candidate domains, but none passed official-domain and pointer/MRF verification."
344007,candidate-found,yes,0,3,0,0,2,2026-09-06T21:44:19.526Z,"Search returned one or more candidate domains, but none passed official-domain and pointer/MRF verification."
344014,site-observed,yes,0,3,1,0,1,2026-09-06T21:44:19.798Z,A candidate homepage response matched hospital name text and city or state; official-domain assignment and pointer/MRF linkage remain unverified.
344016,search-not-run,no,0,0,0,0,0,2026-09-06T22:03:00.427Z,No search request is recorded for this hospital in the preserved search batch; official-domain discovery remains pending.
344029,site-observed,yes,0,3,1,0,0,2026-09-06T21:44:20.197Z,A candidate homepage response matched hospital name text and city or state; official-domain assignment and pointer/MRF linkage remain unverified.
344030,pointer-review,yes,0,3,0,1,0,2026-09-06T21:44:20.700Z,"A candidate domain returned a cms-hpt.txt file, but pointer, file, or facility identity checks did not verify this hospital."
344035,search-not-run,no,0,0,0,0,0,2026-09-06T22:03:00.427Z,No search request is recorded for this hospital in the preserved search batch; official-domain discovery remains pending.
350063,candidate-found,yes,0,3,0,0,0,2026-09-06T21:44:20.846Z,"Search returned one or more candidate domains, but none passed official-domain and pointer/MRF verification."
350070,site-observed,yes,0,2,1,1,0,2026-09-06T21:44:21.711Z,A candidate homepage response matched hospital name text and city or state; official-domain assignment and pointer/MRF linkage remain unverified.
351301,search-not-run,no,0,0,0,0,0,2026-09-06T22:03:00.427Z,No search request is recorded for this hospital in the preserved search batch; official-domain discovery remains pending.
351306,site-observed,yes,0,3,1,1,0,2026-09-06T21:44:22.548Z,A candidate homepage response matched hospital name text and city or state; official-domain assignment and pointer/MRF linkage remain unverified.
351319,site-observed,yes,0,2,2,0,0,2026-09-06T21:44:22.723Z,A candidate homepage response matched hospital name text and city or state; official-domain assignment and pointer/MRF linkage remain unverified.
351323,pointer-review,yes,0,3,0,1,0,2026-09-06T21:44:23.080Z,"A candidate domain returned a cms-hpt.txt file, but pointer, file, or facility identity checks did not verify this hospital."
351325,search-not-run,no,0,0,0,0,0,2026-09-06T22:03:00.427Z,No search request is recorded for this hospital in the preserved search batch; official-domain discovery remains pending.
351330,pointer-review,yes,0,2,0,1,0,2026-09-06T21:44:24.678Z,"A candidate domain returned a cms-hpt.txt file, but pointer, file, or facility identity checks did not verify this hospital."
351331,search-not-run,no,0,0,0,0,0,2026-09-06T22:03:00.427Z,No search request is recorded for this hospital in the preserved search batch; official-domain discovery remains pending.
351364,search-not-run,no,0,0,0,0,0,2026-09-06T22:03:00.427Z,No search request is recorded for this hospital in the preserved search batch; official-domain discovery remains pending.
354003,site-observed,yes,0,3,1,0,0,2026-09-06T21:44:25.430Z,A candidate homepage response matched hospital name text and city or state; official-domain assignment and pointer/MRF linkage remain unverified.
354004,candidate-found,yes,0,1,0,0,1,2026-09-06T21:44:28.513Z,"Search returned one or more candidate domains, but none passed official-domain and pointer/MRF verification."
360032,search-not-run,no,0,0,0,0,0,2026-09-06T22:03:00.427Z,No search request is recorded for this hospital in the preserved search batch; official-domain discovery remains pending.
360036,candidate-found,yes,0,1,0,0,1,2026-09-06T21:44:47.196Z,"Search returned one or more candidate domains, but none passed official-domain and pointer/MRF verification."
360080,candidate-found,yes,0,3,0,0,0,2026-09-06T21:44:47.558Z,"Search returned one or more candidate domains, but none passed official-domain and pointer/MRF verification."
360125,search-not-run,no,0,0,0,0,0,2026-09-06T22:03:00.427Z,No search request is recorded for this hospital in the preserved search batch; official-domain discovery remains pending.
360163,site-observed,yes,0,2,2,0,0,2026-09-06T21:44:47.811Z,A candidate homepage response matched hospital name text and city or state; official-domain assignment and pointer/MRF linkage remain unverified.
360211,search-not-run,no,0,0,0,0,0,2026-09-06T22:03:00.427Z,No search request is recorded for this hospital in the preserved search batch; official-domain discovery remains pending.
360245,pointer-review,yes,0,2,0,2,0,2026-09-06T21:44:48.176Z,"A candidate domain returned a cms-hpt.txt file, but pointer, file, or facility identity checks did not verify this hospital."
361300,pointer-review,yes,0,1,0,1,0,2026-09-06T21:44:48.450Z,"A candidate domain returned a cms-hpt.txt file, but pointer, file, or facility identity checks did not verify this hospital."
364007,site-observed,yes,0,3,1,0,0,2026-09-06T21:44:48.415Z,A candidate homepage response matched hospital name text and city or state; official-domain assignment and pointer/MRF linkage remain unverified.
364011,search-not-run,no,0,0,0,0,0,2026-09-06T22:03:00.427Z,No search request is recorded for this hospital in the preserved search batch; official-domain discovery remains pending.
364014,search-not-run,no,0,0,0,0,0,2026-09-06T22:03:00.427Z,No search request is recorded for this hospital in the preserved search batch; official-domain discovery remains pending.
364015,search-not-run,no,0,0,0,0,0,2026-09-06T22:03:00.427Z,No search request is recorded for this hospital in the preserved search batch; official-domain discovery remains pending.
364029,candidate-found,yes,0,2,0,0,2,2026-09-06T21:44:48.618Z,"Search returned one or more candidate domains, but none passed official-domain and pointer/MRF verification."
364031,candidate-found,yes,0,3,0,0,0,2026-09-06T21:44:50.626Z,"Search returned one or more candidate domains, but none passed official-domain and pointer/MRF verification."
364035,candidate-found,yes,0,3,0,0,0,2026-09-06T21:44:50.627Z,"Search returned one or more candidate domains, but none passed official-domain and pointer/MRF verification."
364036,search-not-run,no,0,0,0,0,0,2026-09-06T22:03:00.427Z,No search request is recorded for this hospital in the preserved search batch; official-domain discovery remains pending.
364040,search-not-run,no,0,0,0,0,0,2026-09-06T22:03:00.427Z,No search request is recorded for this hospital in the preserved search batch; official-domain discovery remains pending.
364054,site-observed,yes,0,3,1,1,0,2026-09-06T21:45:11.445Z,A candidate homepage response matched hospital name text and city or state; official-domain assignment and pointer/MRF linkage remain unverified.
364055,search-not-run,no,0,0,0,0,0,2026-09-06T22:03:00.427Z,No search request is recorded for this hospital in the preserved search batch; official-domain discovery remains pending.
364058,search-error,yes,1,0,0,0,0,2026-09-06T22:03:00.427Z,The recorded website search request failed before returning usable candidate results; official-domain discovery needs a retry.
364060,pointer-review,yes,0,2,0,1,0,2026-09-06T21:45:11.553Z,"A candidate domain returned a cms-hpt.txt file, but pointer, file, or facility identity checks did not verify this hospital."
364062,pointer-review,yes,0,3,0,1,1,2026-09-06T21:45:11.814Z,"A candidate domain returned a cms-hpt.txt file, but pointer, file, or facility identity checks did not verify this hospital."
370004,candidate-found,yes,0,1,0,0,1,2026-09-06T21:45:11.509Z,"Search returned one or more candidate domains, but none passed official-domain and pointer/MRF verification."
370016,search-not-run,no,0,0,0,0,0,2026-09-06T22:03:00.427Z,No search request is recorded for this hospital in the preserved search batch; official-domain discovery remains pending.
370026,candidate-found,yes,0,1,0,0,1,2026-09-06T21:45:11.667Z,"Search returned one or more candidate domains, but none passed official-domain and pointer/MRF verification."
370028,pointer-review,yes,0,2,0,1,1,2026-09-06T21:45:11.699Z,"A candidate domain returned a cms-hpt.txt file, but pointer, file, or facility identity checks did not verify this hospital."
370078,search-not-run,no,0,0,0,0,0,2026-09-06T22:03:00.427Z,No search request is recorded for this hospital in the preserved search batch; official-domain discovery remains pending.
370106,pointer-review,yes,0,2,0,1,1,2026-09-06T21:45:12.620Z,"A candidate domain returned a cms-hpt.txt file, but pointer, file, or facility identity checks did not verify this hospital."
370112,site-observed,yes,0,3,1,0,0,2026-09-06T21:45:11.825Z,A candidate homepage response matched hospital name text and city or state; official-domain assignment and pointer/MRF linkage remain unverified.
370113,search-not-run,no,0,0,0,0,0,2026-09-06T22:03:00.427Z,No search request is recorded for this hospital in the preserved search batch; official-domain discovery remains pending.
370158,search-not-run,no,0,0,0,0,0,2026-09-06T22:03:00.427Z,No search request is recorded for this hospital in the preserved search batch; official-domain discovery remains pending.
370170,search-not-run,no,0,0,0,0,0,2026-09-06T22:03:00.427Z,No search request is recorded for this hospital in the preserved search batch; official-domain discovery remains pending.
370171,search-not-run,no,0,0,0,0,0,2026-09-06T22:03:00.427Z,No search request is recorded for this hospital in the preserved search batch; official-domain discovery remains pending.
370172,search-not-run,no,0,0,0,0,0,2026-09-06T22:03:00.427Z,No search request is recorded for this hospital in the preserved search batch; official-domain discovery remains pending.
370173,search-not-run,no,0,0,0,0,0,2026-09-06T22:03:00.427Z,No search request is recorded for this hospital in the preserved search batch; official-domain discovery remains pending.
370178,site-observed,yes,0,3,1,0,0,2026-09-06T21:45:12.554Z,A candidate homepage response matched hospital name text and city or state; official-domain assignment and pointer/MRF linkage remain unverified.
370180,search-not-run,no,0,0,0,0,0,2026-09-06T22:03:00.427Z,No search request is recorded for this hospital in the preserved search batch; official-domain discovery remains pending.
370206,search-not-run,no,0,0,0,0,0,2026-09-06T22:03:00.427Z,No search request is recorded for this hospital in the preserved search batch; official-domain discovery remains pending.
370211,candidate-found,yes,0,2,0,0,1,2026-09-06T21:45:12.555Z,"Search returned one or more candidate domains, but none passed official-domain and pointer/MRF verification."
370212,site-observed,yes,0,3,1,0,1,2026-09-06T21:45:12.632Z,A candidate homepage response matched hospital name text and city or state; official-domain assignment and pointer/MRF linkage remain unverified.
370225,search-not-run,no,0,0,0,0,0,2026-09-06T22:03:00.427Z,No search request is recorded for this hospital in the preserved search batch; official-domain discovery remains pending.
370236,candidate-found,yes,0,1,0,0,1,2026-09-06T21:45:12.744Z,"Search returned one or more candidate domains, but none passed official-domain and pointer/MRF verification."
370243,candidate-found,yes,0,3,0,0,1,2026-09-06T21:45:13.208Z,"Search returned one or more candidate domains, but none passed official-domain and pointer/MRF verification."
370244,pointer-review,yes,0,2,0,1,0,2026-09-06T21:45:13.507Z,"A candidate domain returned a cms-hpt.txt file, but pointer, file, or facility identity checks did not verify this hospital."
370245,pointer-review,yes,0,3,0,1,0,2026-09-06T21:45:14.491Z,"A candidate domain returned a cms-hpt.txt file, but pointer, file, or facility identity checks did not verify this hospital."
370246,pointer-review,yes,0,2,0,2,0,2026-09-06T21:45:15.236Z,"A candidate domain returned a cms-hpt.txt file, but pointer, file, or facility identity checks did not verify this hospital."
370784,pointer-review,yes,0,3,0,1,0,2026-09-06T21:45:14.990Z,"A candidate domain returned a cms-hpt.txt file, but pointer, file, or facility identity checks did not verify this hospital."
371300,pointer-review,yes,0,2,0,1,0,2026-09-06T21:45:15.845Z,"A candidate domain returned a cms-hpt.txt file, but pointer, file, or facility identity checks did not verify this hospital."
371303,search-not-run,no,0,0,0,0,0,2026-09-06T22:03:00.427Z,No search request is recorded for this hospital in the preserved search batch; official-domain discovery remains pending.
371306,search-not-run,no,0,0,0,0,0,2026-09-06T22:03:00.427Z,No search request is recorded for this hospital in the preserved search batch; official-domain discovery remains pending.
371318,no-candidate,yes,0,0,0,0,0,2026-09-06T22:03:00.427Z,The recorded search returned no usable candidate domain; the official domain remains unidentified.
371319,pointer-review,yes,0,3,0,1,0,2026-09-06T21:45:28.267Z,"A candidate domain returned a cms-hpt.txt file, but pointer, file, or facility identity checks did not verify this hospital."
371321,search-not-run,no,0,0,0,0,0,2026-09-06T22:03:00.427Z,No search request is recorded for this hospital in the preserved search batch; official-domain discovery remains pending.
371323,site-observed,yes,0,3,1,0,0,2026-09-06T21:45:16.980Z,A candidate homepage response matched hospital name text and city or state; official-domain assignment and pointer/MRF linkage remain unverified.
371331,search-not-run,no,0,0,0,0,0,2026-09-06T22:03:00.428Z,No search request is recorded for this hospital in the preserved search batch; official-domain discovery remains pending.
371333,site-observed,yes,0,3,2,1,0,2026-09-06T21:45:23.787Z,A candidate homepage response matched hospital name text and city or state; official-domain assignment and pointer/MRF linkage remain unverified.
371341,candidate-found,yes,0,2,0,0,0,2026-09-06T21:45:28.671Z,"Search returned one or more candidate domains, but none passed official-domain and pointer/MRF verification."
374000,search-not-run,no,0,0,0,0,0,2026-09-06T22:03:00.428Z,No search request is recorded for this hospital in the preserved search batch; official-domain discovery remains pending.
374001,site-observed,yes,0,3,1,0,0,2026-09-06T21:45:28.701Z,A candidate homepage response matched hospital name text and city or state; official-domain assignment and pointer/MRF linkage remain unverified.
374006,candidate-found,yes,0,3,0,0,0,2026-09-06T21:45:28.702Z,"Search returned one or more candidate domains, but none passed official-domain and pointer/MRF verification."
374008,search-not-run,no,0,0,0,0,0,2026-09-06T22:03:00.428Z,No search request is recorded for this hospital in the preserved search batch; official-domain discovery remains pending.
374023,candidate-found,yes,0,1,0,0,1,2026-09-06T21:45:28.702Z,"Search returned one or more candidate domains, but none passed official-domain and pointer/MRF verification."
374026,site-observed,yes,0,3,1,0,0,2026-09-06T21:45:28.998Z,A candidate homepage response matched hospital name text and city or state; official-domain assignment and pointer/MRF linkage remain unverified.
380009,pointer-review,yes,0,1,0,1,0,2026-09-06T21:45:28.998Z,"A candidate domain returned a cms-hpt.txt file, but pointer, file, or facility identity checks did not verify this hospital."
381310,pointer-review,yes,0,3,0,2,0,2026-09-06T21:45:29.797Z,"A candidate domain returned a cms-hpt.txt file, but pointer, file, or facility identity checks did not verify this hospital."
381322,candidate-found,yes,0,2,0,0,0,2026-09-06T21:45:29.908Z,"Search returned one or more candidate domains, but none passed official-domain and pointer/MRF verification."
384012,candidate-found,yes,0,1,0,0,1,2026-09-06T21:45:40.756Z,"Search returned one or more candidate domains, but none passed official-domain and pointer/MRF verification."
390025,candidate-found,yes,0,1,0,0,0,2026-09-06T21:45:41.151Z,"Search returned one or more candidate domains, but none passed official-domain and pointer/MRF verification."
390057,pointer-review,yes,0,3,0,1,0,2026-09-06T21:45:44.558Z,"A candidate domain returned a cms-hpt.txt file, but pointer, file, or facility identity checks did not verify this hospital."
390097,search-not-run,no,0,0,0,0,0,2026-09-06T22:03:00.428Z,No search request is recorded for this hospital in the preserved search batch; official-domain discovery remains pending.
390268,site-observed,yes,0,1,1,0,0,2026-09-06T21:45:41.804Z,A candidate homepage response matched hospital name text and city or state; official-domain assignment and pointer/MRF linkage remain unverified.
390430,search-not-run,no,0,0,0,0,0,2026-09-06T22:03:00.428Z,No search request is recorded for this hospital in the preserved search batch; official-domain discovery remains pending.
394001,site-observed,yes,0,3,1,0,0,2026-09-06T21:45:42.358Z,A candidate homepage response matched hospital name text and city or state; official-domain assignment and pointer/MRF linkage remain unverified.
394004,site-observed,yes,0,3,2,0,0,2026-09-06T21:45:42.985Z,A candidate homepage response matched hospital name text and city or state; official-domain assignment and pointer/MRF linkage remain unverified.
394008,candidate-found,yes,0,3,0,0,1,2026-09-06T21:46:04.510Z,"Search returned one or more candidate domains, but none passed official-domain and pointer/MRF verification."
394012,search-not-run,no,0,0,0,0,0,2026-09-06T22:03:00.428Z,No search request is recorded for this hospital in the preserved search batch; official-domain discovery remains pending.
394014,site-observed,yes,0,3,2,0,1,2026-09-06T21:46:04.514Z,A candidate homepage response matched hospital name text and city or state; official-domain assignment and pointer/MRF linkage remain unverified.
394016,search-not-run,no,0,0,0,0,0,2026-09-06T22:03:00.428Z,No search request is recorded for this hospital in the preserved search batch; official-domain discovery remains pending.
394026,search-not-run,no,0,0,0,0,0,2026-09-06T22:03:00.428Z,No search request is recorded for this hospital in the preserved search batch; official-domain discovery remains pending.
394033,site-observed,yes,0,2,1,0,1,2026-09-06T21:46:05.848Z,A candidate homepage response matched hospital name text and city or state; official-domain assignment and pointer/MRF linkage remain unverified.
394055,search-not-run,no,0,0,0,0,0,2026-09-06T22:03:00.428Z,No search request is recorded for this hospital in the preserved search batch; official-domain discovery remains pending.
394059,candidate-found,yes,0,2,0,0,1,2026-09-06T21:46:06.335Z,"Search returned one or more candidate domains, but none passed official-domain and pointer/MRF verification."
394063,search-not-run,no,0,0,0,0,0,2026-09-06T22:03:00.428Z,No search request is recorded for this hospital in the preserved search batch; official-domain discovery remains pending.
400001,pointer-review,yes,0,2,0,1,1,2026-09-06T21:46:06.455Z,"A candidate domain returned a cms-hpt.txt file, but pointer, file, or facility identity checks did not verify this hospital."
400004,candidate-found,yes,0,3,0,0,0,2026-09-06T21:46:06.754Z,"Search returned one or more candidate domains, but none passed official-domain and pointer/MRF verification."
400005,candidate-found,yes,0,2,0,0,2,2026-09-06T21:46:07.066Z,"Search returned one or more candidate domains, but none passed official-domain and pointer/MRF verification."
400007,search-not-run,no,0,0,0,0,0,2026-09-06T22:03:00.428Z,No search request is recorded for this hospital in the preserved search batch; official-domain discovery remains pending.
400010,site-observed,yes,0,3,1,0,0,2026-09-06T21:46:07.562Z,A candidate homepage response matched hospital name text and city or state; official-domain assignment and pointer/MRF linkage remain unverified.
400012,pointer-review,yes,0,3,0,1,0,2026-09-06T21:46:08.375Z,"A candidate domain returned a cms-hpt.txt file, but pointer, file, or facility identity checks did not verify this hospital."
400014,search-not-run,no,0,0,0,0,0,2026-09-06T22:03:00.428Z,No search request is recorded for this hospital in the preserved search batch; official-domain discovery remains pending.
400015,candidate-found,yes,0,3,0,0,0,2026-09-06T21:46:09.114Z,"Search returned one or more candidate domains, but none passed official-domain and pointer/MRF verification."
400016,search-not-run,no,0,0,0,0,0,2026-09-06T22:03:00.428Z,No search request is recorded for this hospital in the preserved search batch; official-domain discovery remains pending.
400021,candidate-found,yes,0,3,0,0,0,2026-09-06T21:46:09.133Z,"Search returned one or more candidate domains, but none passed official-domain and pointer/MRF verification."
400022,search-not-run,no,0,0,0,0,0,2026-09-06T22:03:00.428Z,No search request is recorded for this hospital in the preserved search batch; official-domain discovery remains pending.
400044,pointer-review,yes,0,3,0,1,0,2026-09-06T21:46:09.558Z,"A candidate domain returned a cms-hpt.txt file, but pointer, file, or facility identity checks did not verify this hospital."
400061,search-not-run,no,0,0,0,0,0,2026-09-06T22:03:00.428Z,No search request is recorded for this hospital in the preserved search batch; official-domain discovery remains pending.
400079,search-not-run,no,0,0,0,0,0,2026-09-06T22:03:00.428Z,No search request is recorded for this hospital in the preserved search batch; official-domain discovery remains pending.
400087,candidate-found,yes,0,3,0,0,0,2026-09-06T21:46:09.980Z,"Search returned one or more candidate domains, but none passed official-domain and pointer/MRF verification."
400098,search-not-run,no,0,0,0,0,0,2026-09-06T22:03:00.428Z,No search request is recorded for this hospital in the preserved search batch; official-domain discovery remains pending.
400103,search-not-run,no,0,0,0,0,0,2026-09-06T22:03:00.428Z,No search request is recorded for this hospital in the preserved search batch; official-domain discovery remains pending.
400105,search-not-run,no,0,0,0,0,0,2026-09-06T22:03:00.428Z,No search request is recorded for this hospital in the preserved search batch; official-domain discovery remains pending.
400109,candidate-found,yes,0,3,0,0,0,2026-09-06T21:46:10.440Z,"Search returned one or more candidate domains, but none passed official-domain and pointer/MRF verification."
400111,candidate-found,yes,0,3,0,0,1,2026-09-06T21:46:14.402Z,"Search returned one or more candidate domains, but none passed official-domain and pointer/MRF verification."
400112,search-not-run,no,0,0,0,0,0,2026-09-06T22:03:00.428Z,No search request is recorded for this hospital in the preserved search batch; official-domain discovery remains pending.
400114,pointer-review,yes,0,3,0,1,0,2026-09-06T21:46:21.089Z,"A candidate domain returned a cms-hpt.txt file, but pointer, file, or facility identity checks did not verify this hospital."
400115,candidate-found,yes,0,3,0,0,0,2026-09-06T21:46:29.685Z,"Search returned one or more candidate domains, but none passed official-domain and pointer/MRF verification."
400120,candidate-found,yes,0,3,0,0,0,2026-09-06T21:46:30.645Z,"Search returned one or more candidate domains, but none passed official-domain and pointer/MRF verification."
400124,site-observed,yes,0,3,2,0,0,2026-09-06T21:46:30.826Z,A candidate homepage response matched hospital name text and city or state; official-domain assignment and pointer/MRF linkage remain unverified.
400127,search-not-run,no,0,0,0,0,0,2026-09-06T22:03:00.428Z,No search request is recorded for this hospital in the preserved search batch; official-domain discovery remains pending.
400131,search-not-run,no,0,0,0,0,0,2026-09-06T22:03:00.428Z,No search request is recorded for this hospital in the preserved search batch; official-domain discovery remains pending.
400134,candidate-found,yes,0,3,0,0,0,2026-09-06T21:46:31.529Z,"Search returned one or more candidate domains, but none passed official-domain and pointer/MRF verification."
400135,search-not-run,no,0,0,0,0,0,2026-09-06T22:03:00.428Z,No search request is recorded for this hospital in the preserved search batch; official-domain discovery remains pending.
400137,pointer-review,yes,0,3,0,1,1,2026-09-06T21:46:32.246Z,"A candidate domain returned a cms-hpt.txt file, but pointer, file, or facility identity checks did not verify this hospital."
400138,site-observed,yes,0,3,1,0,0,2026-09-06T21:46:31.759Z,A candidate homepage response matched hospital name text and city or state; official-domain assignment and pointer/MRF linkage remain unverified.
400139,search-not-run,no,0,0,0,0,0,2026-09-06T22:03:00.428Z,No search request is recorded for this hospital in the preserved search batch; official-domain discovery remains pending.
400141,search-not-run,no,0,0,0,0,0,2026-09-06T22:03:00.428Z,No search request is recorded for this hospital in the preserved search batch; official-domain discovery remains pending.
403301,site-observed,yes,0,3,1,0,0,2026-09-06T21:46:32.670Z,A candidate homepage response matched hospital name text and city or state; official-domain assignment and pointer/MRF linkage remain unverified.
404004,candidate-found,yes,0,3,0,0,1,2026-09-06T21:46:33.038Z,"Search returned one or more candidate domains, but none passed official-domain and pointer/MRF verification."
404005,candidate-found,yes,0,3,0,0,2,2026-09-06T21:46:33.260Z,"Search returned one or more candidate domains, but none passed official-domain and pointer/MRF verification."
410004,site-observed,yes,0,2,1,1,0,2026-09-06T21:46:33.612Z,A candidate homepage response matched hospital name text and city or state; official-domain assignment and pointer/MRF linkage remain unverified.
410005,search-not-run,no,0,0,0,0,0,2026-09-06T22:03:00.428Z,No search request is recorded for this hospital in the preserved search batch; official-domain discovery remains pending.
410013,pointer-review,yes,0,1,0,1,0,2026-09-06T21:46:34.588Z,"A candidate domain returned a cms-hpt.txt file, but pointer, file, or facility identity checks did not verify this hospital."
420002,candidate-found,yes,0,2,0,0,1,2026-09-06T21:46:34.234Z,"Search returned one or more candidate domains, but none passed official-domain and pointer/MRF verification."
420020,site-observed,yes,0,3,1,1,0,2026-09-06T21:46:34.889Z,A candidate homepage response matched hospital name text and city or state; official-domain assignment and pointer/MRF linkage remain unverified.
420067,search-not-run,no,0,0,0,0,0,2026-09-06T22:03:00.428Z,No search request is recorded for this hospital in the preserved search batch; official-domain discovery remains pending.
424002,candidate-found,yes,0,2,0,0,1,2026-09-06T21:46:34.726Z,"Search returned one or more candidate domains, but none passed official-domain and pointer/MRF verification."
424005,site-observed,yes,0,3,2,0,0,2026-09-06T21:46:34.895Z,A candidate homepage response matched hospital name text and city or state; official-domain assignment and pointer/MRF linkage remain unverified.
424006,candidate-found,yes,0,1,0,0,1,2026-09-06T21:46:35.097Z,"Search returned one or more candidate domains, but none passed official-domain and pointer/MRF verification."
424008,candidate-found,yes,0,2,0,0,2,2026-09-06T21:46:35.318Z,"Search returned one or more candidate domains, but none passed official-domain and pointer/MRF verification."
424010,search-not-run,no,0,0,0,0,0,2026-09-06T22:03:00.428Z,No search request is recorded for this hospital in the preserved search batch; official-domain discovery remains pending.
424011,search-not-run,no,0,0,0,0,0,2026-09-06T22:03:00.428Z,No search request is recorded for this hospital in the preserved search batch; official-domain discovery remains pending.
430084,search-not-run,no,0,0,0,0,0,2026-09-06T22:03:00.428Z,No search request is recorded for this hospital in the preserved search batch; official-domain discovery remains pending.
430089,candidate-found,yes,0,1,0,0,1,2026-09-06T21:46:35.324Z,"Search returned one or more candidate domains, but none passed official-domain and pointer/MRF verification."
430098,candidate-found,yes,0,3,0,0,0,2026-09-06T21:46:35.567Z,"Search returned one or more candidate domains, but none passed official-domain and pointer/MRF verification."
431383,search-not-run,no,0,0,0,0,0,2026-09-06T22:03:00.428Z,No search request is recorded for this hospital in the preserved search batch; official-domain discovery remains pending.
433300,site-observed,yes,0,1,1,0,0,2026-09-06T21:46:35.567Z,A candidate homepage response matched hospital name text and city or state; official-domain assignment and pointer/MRF linkage remain unverified.
434003,site-observed,yes,0,3,3,0,0,2026-09-06T21:46:36.177Z,A candidate homepage response matched hospital name text and city or state; official-domain assignment and pointer/MRF linkage remain unverified.
440056,site-observed,yes,0,2,1,0,0,2026-09-06T21:46:36.631Z,A candidate homepage response matched hospital name text and city or state; official-domain assignment and pointer/MRF linkage remain unverified.
440132,search-not-run,no,0,0,0,0,0,2026-09-06T22:03:00.428Z,No search request is recorded for this hospital in the preserved search batch; official-domain discovery remains pending.
440153,candidate-found,yes,0,2,0,0,0,2026-09-06T21:46:57.947Z,"Search returned one or more candidate domains, but none passed official-domain and pointer/MRF verification."
440228,site-observed,yes,0,2,1,0,1,2026-09-06T21:46:49.883Z,A candidate homepage response matched hospital name text and city or state; official-domain assignment and pointer/MRF linkage remain unverified.
444001,site-observed,yes,0,3,1,0,0,2026-09-06T21:46:59.393Z,A candidate homepage response matched hospital name text and city or state; official-domain assignment and pointer/MRF linkage remain unverified.
444002,search-not-run,no,0,0,0,0,0,2026-09-06T22:03:00.428Z,No search request is recorded for this hospital in the preserved search batch; official-domain discovery remains pending.
444004,candidate-found,yes,0,2,0,0,1,2026-09-06T21:46:59.488Z,"Search returned one or more candidate domains, but none passed official-domain and pointer/MRF verification."
444007,candidate-found,yes,0,3,0,0,1,2026-09-06T21:46:59.549Z,"Search returned one or more candidate domains, but none passed official-domain and pointer/MRF verification."
444008,search-not-run,no,0,0,0,0,0,2026-09-06T22:03:00.428Z,No search request is recorded for this hospital in the preserved search batch; official-domain discovery remains pending.
444025,candidate-found,yes,0,2,0,0,1,2026-09-06T21:46:59.689Z,"Search returned one or more candidate domains, but none passed official-domain and pointer/MRF verification."
444026,pointer-review,yes,0,3,0,1,1,2026-09-06T21:47:00.253Z,"A candidate domain returned a cms-hpt.txt file, but pointer, file, or facility identity checks did not verify this hospital."
444032,search-not-run,no,0,0,0,0,0,2026-09-06T22:03:00.428Z,No search request is recorded for this hospital in the preserved search batch; official-domain discovery remains pending.
450002,search-not-run,no,0,0,0,0,0,2026-09-06T22:03:00.428Z,No search request is recorded for this hospital in the preserved search batch; official-domain discovery remains pending.
450023,search-not-run,no,0,0,0,0,0,2026-09-06T22:03:00.428Z,No search request is recorded for this hospital in the preserved search batch; official-domain discovery remains pending.
450028,search-not-run,no,0,0,0,0,0,2026-09-06T22:03:00.428Z,No search request is recorded for this hospital in the preserved search batch; official-domain discovery remains pending.
450033,search-not-run,no,0,0,0,0,0,2026-09-06T22:03:00.428Z,No search request is recorded for this hospital in the preserved search batch; official-domain discovery remains pending.
450058,candidate-found,yes,0,2,0,0,1,2026-09-06T21:47:00.294Z,"Search returned one or more candidate domains, but none passed official-domain and pointer/MRF verification."
450092,search-not-run,no,0,0,0,0,0,2026-09-06T22:03:00.428Z,No search request is recorded for this hospital in the preserved search batch; official-domain discovery remains pending.
450108,candidate-found,yes,0,1,0,0,0,2026-09-06T21:47:00.295Z,"Search returned one or more candidate domains, but none passed official-domain and pointer/MRF verification."
450119,candidate-found,yes,0,3,0,0,2,2026-09-06T21:47:00.797Z,"Search returned one or more candidate domains, but none passed official-domain and pointer/MRF verification."
450144,search-error,yes,1,0,0,0,0,2026-09-06T22:03:00.428Z,The recorded website search request failed before returning usable candidate results; official-domain discovery needs a retry.
450289,search-not-run,no,0,0,0,0,0,2026-09-06T22:03:00.428Z,No search request is recorded for this hospital in the preserved search batch; official-domain discovery remains pending.
450346,pointer-review,yes,0,3,0,1,0,2026-09-06T21:47:01.603Z,"A candidate domain returned a cms-hpt.txt file, but pointer, file, or facility identity checks did not verify this hospital."
450369,candidate-found,yes,0,1,0,0,0,2026-09-06T21:47:01.604Z,"Search returned one or more candidate domains, but none passed official-domain and pointer/MRF verification."
450460,candidate-found,yes,0,1,0,0,0,2026-09-06T21:47:01.774Z,"Search returned one or more candidate domains, but none passed official-domain and pointer/MRF verification."
450469,search-not-run,no,0,0,0,0,0,2026-09-06T22:03:00.428Z,No search request is recorded for this hospital in the preserved search batch; official-domain discovery remains pending.
450584,search-not-run,no,0,0,0,0,0,2026-09-06T22:03:00.428Z,No search request is recorded for this hospital in the preserved search batch; official-domain discovery remains pending.
450643,search-not-run,no,0,0,0,0,0,2026-09-06T22:03:00.428Z,No search request is recorded for this hospital in the preserved search batch; official-domain discovery remains pending.
450656,pointer-review,yes,0,2,0,1,1,2026-09-06T21:47:02.962Z,"A candidate domain returned a cms-hpt.txt file, but pointer, file, or facility identity checks did not verify this hospital."
450668,pointer-review,yes,0,3,0,1,1,2026-09-06T21:47:02.363Z,"A candidate domain returned a cms-hpt.txt file, but pointer, file, or facility identity checks did not verify this hospital."
450678,search-not-run,no,0,0,0,0,0,2026-09-06T22:03:00.428Z,No search request is recorded for this hospital in the preserved search batch; official-domain discovery remains pending.
450694,search-not-run,no,0,0,0,0,0,2026-09-06T22:03:00.428Z,No search request is recorded for this hospital in the preserved search batch; official-domain discovery remains pending.
450808,pointer-review,yes,0,2,0,2,0,2026-09-06T21:47:13.935Z,"A candidate domain returned a cms-hpt.txt file, but pointer, file, or facility identity checks did not verify this hospital."
450825,search-not-run,no,0,0,0,0,0,2026-09-06T22:03:00.428Z,No search request is recorded for this hospital in the preserved search batch; official-domain discovery remains pending.
450895,site-observed,yes,0,2,1,1,0,2026-09-06T21:47:14.564Z,A candidate homepage response matched hospital name text and city or state; official-domain assignment and pointer/MRF linkage remain unverified.
451301,search-not-run,no,0,0,0,0,0,2026-09-06T22:03:00.428Z,No search request is recorded for this hospital in the preserved search batch; official-domain discovery remains pending.
451304,candidate-found,yes,0,1,0,0,0,2026-09-06T21:47:14.803Z,"Search returned one or more candidate domains, but none passed official-domain and pointer/MRF verification."
451306,candidate-found,yes,0,1,0,0,0,2026-09-06T21:47:15.578Z,"Search returned one or more candidate domains, but none passed official-domain and pointer/MRF verification."
451307,candidate-found,yes,0,1,0,0,0,2026-09-06T21:47:15.657Z,"Search returned one or more candidate domains, but none passed official-domain and pointer/MRF verification."
451313,pointer-review,yes,0,1,0,1,0,2026-09-06T21:47:16.397Z,"A candidate domain returned a cms-hpt.txt file, but pointer, file, or facility identity checks did not verify this hospital."
451315,search-not-run,no,0,0,0,0,0,2026-09-06T22:03:00.428Z,No search request is recorded for this hospital in the preserved search batch; official-domain discovery remains pending.
451320,pointer-review,yes,0,3,0,1,0,2026-09-06T21:47:18.469Z,"A candidate domain returned a cms-hpt.txt file, but pointer, file, or facility identity checks did not verify this hospital."
451329,candidate-found,yes,0,2,0,0,0,2026-09-06T21:47:18.880Z,"Search returned one or more candidate domains, but none passed official-domain and pointer/MRF verification."
451332,site-observed,yes,0,2,1,0,0,2026-09-06T21:47:19.430Z,A candidate homepage response matched hospital name text and city or state; official-domain assignment and pointer/MRF linkage remain unverified.
451340,search-not-run,no,0,0,0,0,0,2026-09-06T22:03:00.428Z,No search request is recorded for this hospital in the preserved search batch; official-domain discovery remains pending.
451342,search-not-run,no,0,0,0,0,0,2026-09-06T22:03:00.428Z,No search request is recorded for this hospital in the preserved search batch; official-domain discovery remains pending.
451343,candidate-found,yes,0,1,0,0,0,2026-09-06T21:47:19.431Z,"Search returned one or more candidate domains, but none passed official-domain and pointer/MRF verification."
451344,pointer-review,yes,0,2,0,1,0,2026-09-06T21:47:20.238Z,"A candidate domain returned a cms-hpt.txt file, but pointer, file, or facility identity checks did not verify this hospital."
451346,candidate-found,yes,0,2,0,0,0,2026-09-06T21:47:20.158Z,"Search returned one or more candidate domains, but none passed official-domain and pointer/MRF verification."
451349,search-not-run,no,0,0,0,0,0,2026-09-06T22:03:00.428Z,No search request is recorded for this hospital in the preserved search batch; official-domain discovery remains pending.
451351,search-not-run,no,0,0,0,0,0,2026-09-06T22:03:00.428Z,No search request is recorded for this hospital in the preserved search batch; official-domain discovery remains pending.
451354,search-not-run,no,0,0,0,0,0,2026-09-06T22:03:00.428Z,No search request is recorded for this hospital in the preserved search batch; official-domain discovery remains pending.
451356,search-not-run,no,0,0,0,0,0,2026-09-06T22:03:00.428Z,No search request is recorded for this hospital in the preserved search batch; official-domain discovery remains pending.
451362,search-not-run,no,0,0,0,0,0,2026-09-06T22:03:00.428Z,No search request is recorded for this hospital in the preserved search batch; official-domain discovery remains pending.
451363,search-not-run,no,0,0,0,0,0,2026-09-06T22:03:00.428Z,No search request is recorded for this hospital in the preserved search batch; official-domain discovery remains pending.
451389,candidate-found,yes,0,1,0,0,0,2026-09-06T21:47:20.158Z,"Search returned one or more candidate domains, but none passed official-domain and pointer/MRF verification."
451393,search-not-run,no,0,0,0,0,0,2026-09-06T22:03:00.428Z,No search request is recorded for this hospital in the preserved search batch; official-domain discovery remains pending.
451394,pointer-review,yes,0,2,0,2,0,2026-09-06T21:47:33.403Z,"A candidate domain returned a cms-hpt.txt file, but pointer, file, or facility identity checks did not verify this hospital."
451399,candidate-found,yes,0,1,0,0,0,2026-09-06T21:47:33.977Z,"Search returned one or more candidate domains, but none passed official-domain and pointer/MRF verification."
454000,site-observed,yes,0,3,1,0,0,2026-09-06T21:47:36.844Z,A candidate homepage response matched hospital name text and city or state; official-domain assignment and pointer/MRF linkage remain unverified.
454006,search-not-run,no,0,0,0,0,0,2026-09-06T22:03:00.428Z,No search request is recorded for this hospital in the preserved search batch; official-domain discovery remains pending.
454008,candidate-found,yes,0,3,0,0,0,2026-09-06T21:47:37.292Z,"Search returned one or more candidate domains, but none passed official-domain and pointer/MRF verification."
454009,search-not-run,no,0,0,0,0,0,2026-09-06T22:03:00.428Z,No search request is recorded for this hospital in the preserved search batch; official-domain discovery remains pending.
454011,site-observed,yes,0,3,1,0,0,2026-09-06T21:47:37.577Z,A candidate homepage response matched hospital name text and city or state; official-domain assignment and pointer/MRF linkage remain unverified.
454012,candidate-found,yes,0,1,0,0,1,2026-09-06T21:47:41.415Z,"Search returned one or more candidate domains, but none passed official-domain and pointer/MRF verification."
454026,search-not-run,no,0,0,0,0,0,2026-09-06T22:03:00.428Z,No search request is recorded for this hospital in the preserved search batch; official-domain discovery remains pending.
454050,candidate-found,yes,0,1,0,0,1,2026-09-06T21:47:44.411Z,"Search returned one or more candidate domains, but none passed official-domain and pointer/MRF verification."
454060,candidate-found,yes,0,2,0,0,1,2026-09-06T21:48:08.526Z,"Search returned one or more candidate domains, but none passed official-domain and pointer/MRF verification."
454065,search-not-run,no,0,0,0,0,0,2026-09-06T22:03:00.428Z,No search request is recorded for this hospital in the preserved search batch; official-domain discovery remains pending.
454084,site-observed,yes,0,3,2,0,0,2026-09-06T21:48:10.725Z,A candidate homepage response matched hospital name text and city or state; official-domain assignment and pointer/MRF linkage remain unverified.
454088,candidate-found,yes,0,3,0,0,0,2026-09-06T21:48:10.998Z,"Search returned one or more candidate domains, but none passed official-domain and pointer/MRF verification."
454093,search-not-run,no,0,0,0,0,0,2026-09-06T22:03:00.428Z,No search request is recorded for this hospital in the preserved search batch; official-domain discovery remains pending.
454100,candidate-found,yes,0,3,0,0,2,2026-09-06T21:48:11.432Z,"Search returned one or more candidate domains, but none passed official-domain and pointer/MRF verification."
454101,site-observed,yes,0,2,1,0,0,2026-09-06T21:48:11.673Z,A candidate homepage response matched hospital name text and city or state; official-domain assignment and pointer/MRF linkage remain unverified.
454103,search-not-run,no,0,0,0,0,0,2026-09-06T22:03:00.428Z,No search request is recorded for this hospital in the preserved search batch; official-domain discovery remains pending.
454104,search-not-run,no,0,0,0,0,0,2026-09-06T22:03:00.428Z,No search request is recorded for this hospital in the preserved search batch; official-domain discovery remains pending.
454107,candidate-found,yes,0,3,0,0,1,2026-09-06T21:48:11.809Z,"Search returned one or more candidate domains, but none passed official-domain and pointer/MRF verification."
454108,search-not-run,no,0,0,0,0,0,2026-09-06T22:03:00.428Z,No search request is recorded for this hospital in the preserved search batch; official-domain discovery remains pending.
454109,search-not-run,no,0,0,0,0,0,2026-09-06T22:03:00.428Z,No search request is recorded for this hospital in the preserved search batch; official-domain discovery remains pending.
454114,search-not-run,no,0,0,0,0,0,2026-09-06T22:03:00.428Z,No search request is recorded for this hospital in the preserved search batch; official-domain discovery remains pending.
454121,search-not-run,no,0,0,0,0,0,2026-09-06T22:03:00.428Z,No search request is recorded for this hospital in the preserved search batch; official-domain discovery remains pending.
454139,candidate-found,yes,0,2,0,0,0,2026-09-06T21:48:11.926Z,"Search returned one or more candidate domains, but none passed official-domain and pointer/MRF verification."
454152,candidate-found,yes,0,1,0,0,1,2026-09-06T21:48:12.104Z,"Search returned one or more candidate domains, but none passed official-domain and pointer/MRF verification."
454159,candidate-found,yes,0,1,0,0,0,2026-09-06T21:48:12.222Z,"Search returned one or more candidate domains, but none passed official-domain and pointer/MRF verification."
460063,site-observed,yes,0,3,1,0,0,2026-09-06T21:48:12.590Z,A candidate homepage response matched hospital name text and city or state; official-domain assignment and pointer/MRF linkage remain unverified.
464001,site-observed,yes,0,2,1,0,0,2026-09-06T21:48:14.604Z,A candidate homepage response matched hospital name text and city or state; official-domain assignment and pointer/MRF linkage remain unverified.
464012,site-observed,yes,0,3,1,0,0,2026-09-06T21:48:14.762Z,A candidate homepage response matched hospital name text and city or state; official-domain assignment and pointer/MRF linkage remain unverified.
464013,candidate-found,yes,0,1,0,0,1,2026-09-06T21:48:14.764Z,"Search returned one or more candidate domains, but none passed official-domain and pointer/MRF verification."
464014,search-not-run,no,0,0,0,0,0,2026-09-06T22:03:00.428Z,No search request is recorded for this hospital in the preserved search batch; official-domain discovery remains pending.
470003,site-observed,yes,0,3,2,0,1,2026-09-06T21:48:15.206Z,A candidate homepage response matched hospital name text and city or state; official-domain assignment and pointer/MRF linkage remain unverified.
470024,candidate-found,yes,0,3,0,0,1,2026-09-06T21:48:15.646Z,"Search returned one or more candidate domains, but none passed official-domain and pointer/MRF verification."
471302,candidate-found,yes,0,1,0,0,0,2026-09-06T21:48:15.647Z,"Search returned one or more candidate domains, but none passed official-domain and pointer/MRF verification."
474004,candidate-found,yes,0,3,0,0,1,2026-09-06T21:48:32.871Z,"Search returned one or more candidate domains, but none passed official-domain and pointer/MRF verification."
480001,candidate-found,yes,0,2,0,0,1,2026-09-06T21:48:37.925Z,"Search returned one or more candidate domains, but none passed official-domain and pointer/MRF verification."
480002,candidate-found,yes,0,1,0,0,0,2026-09-06T21:48:38.082Z,"Search returned one or more candidate domains, but none passed official-domain and pointer/MRF verification."
490037,pointer-review,yes,0,2,0,1,0,2026-09-06T21:48:38.427Z,"A candidate domain returned a cms-hpt.txt file, but pointer, file, or facility identity checks did not verify this hospital."
490050,pointer-review,yes,0,1,0,1,0,2026-09-06T21:48:38.428Z,"A candidate domain returned a cms-hpt.txt file, but pointer, file, or facility identity checks did not verify this hospital."
490052,search-not-run,no,0,0,0,0,0,2026-09-06T22:03:00.428Z,No search request is recorded for this hospital in the preserved search batch; official-domain discovery remains pending.
490060,search-not-run,no,0,0,0,0,0,2026-09-06T22:03:00.428Z,No search request is recorded for this hospital in the preserved search batch; official-domain discovery remains pending.
490130,pointer-review,yes,0,2,0,1,0,2026-09-06T21:48:38.969Z,"A candidate domain returned a cms-hpt.txt file, but pointer, file, or facility identity checks did not verify this hospital."
493300,candidate-found,yes,0,3,0,0,1,2026-09-06T21:48:38.990Z,"Search returned one or more candidate domains, but none passed official-domain and pointer/MRF verification."
494022,candidate-found,yes,0,1,0,0,1,2026-09-06T21:48:38.991Z,"Search returned one or more candidate domains, but none passed official-domain and pointer/MRF verification."
494025,pointer-review,yes,0,2,0,1,1,2026-09-06T21:48:41.411Z,"A candidate domain returned a cms-hpt.txt file, but pointer, file, or facility identity checks did not verify this hospital."
500003,search-not-run,no,0,0,0,0,0,2026-09-06T22:03:00.428Z,No search request is recorded for this hospital in the preserved search batch; official-domain discovery remains pending.
500084,pointer-review,yes,0,1,0,1,0,2026-09-06T21:48:39.343Z,"A candidate domain returned a cms-hpt.txt file, but pointer, file, or facility identity checks did not verify this hospital."
500124,pointer-review,yes,0,1,0,1,0,2026-09-06T21:48:40.269Z,"A candidate domain returned a cms-hpt.txt file, but pointer, file, or facility identity checks did not verify this hospital."
501304,search-not-run,no,0,0,0,0,0,2026-09-06T22:03:00.428Z,No search request is recorded for this hospital in the preserved search batch; official-domain discovery remains pending.
501307,search-not-run,no,0,0,0,0,0,2026-09-06T22:03:00.428Z,No search request is recorded for this hospital in the preserved search batch; official-domain discovery remains pending.
501314,candidate-found,yes,0,2,0,0,0,2026-09-06T21:48:39.973Z,"Search returned one or more candidate domains, but none passed official-domain and pointer/MRF verification."
501315,candidate-found,yes,0,1,0,0,1,2026-09-06T21:48:39.973Z,"Search returned one or more candidate domains, but none passed official-domain and pointer/MRF verification."
501320,search-not-run,no,0,0,0,0,0,2026-09-06T22:03:00.428Z,No search request is recorded for this hospital in the preserved search batch; official-domain discovery remains pending.
501321,search-not-run,no,0,0,0,0,0,2026-09-06T22:03:00.428Z,No search request is recorded for this hospital in the preserved search batch; official-domain discovery remains pending.
501322,search-not-run,no,0,0,0,0,0,2026-09-06T22:03:00.428Z,No search request is recorded for this hospital in the preserved search batch; official-domain discovery remains pending.
501328,pointer-review,yes,0,1,0,1,0,2026-09-06T21:48:40.123Z,"A candidate domain returned a cms-hpt.txt file, but pointer, file, or facility identity checks did not verify this hospital."
501331,pointer-review,yes,0,2,0,1,0,2026-09-06T21:48:40.269Z,"A candidate domain returned a cms-hpt.txt file, but pointer, file, or facility identity checks did not verify this hospital."
501336,pointer-review,yes,0,1,0,1,0,2026-09-06T21:48:40.734Z,"A candidate domain returned a cms-hpt.txt file, but pointer, file, or facility identity checks did not verify this hospital."
504004,site-observed,yes,0,3,2,0,0,2026-09-06T21:48:42.859Z,A candidate homepage response matched hospital name text and city or state; official-domain assignment and pointer/MRF linkage remain unverified.
504014,search-not-run,no,0,0,0,0,0,2026-09-06T22:03:00.428Z,No search request is recorded for this hospital in the preserved search batch; official-domain discovery remains pending.
510094,search-error,yes,1,0,0,0,0,2026-09-06T22:03:00.428Z,The recorded website search request failed before returning usable candidate results; official-domain discovery needs a retry.
511314,site-observed,yes,0,2,1,0,0,2026-09-06T21:48:42.310Z,A candidate homepage response matched hospital name text and city or state; official-domain assignment and pointer/MRF linkage remain unverified.
514008,candidate-found,yes,0,2,0,0,1,2026-09-06T21:48:42.860Z,"Search returned one or more candidate domains, but none passed official-domain and pointer/MRF verification."
520008,search-error,yes,1,0,0,0,0,2026-09-06T22:03:00.428Z,The recorded website search request failed before returning usable candidate results; official-domain discovery needs a retry.
521312,search-not-run,no,0,0,0,0,0,2026-09-06T22:03:00.428Z,No search request is recorded for this hospital in the preserved search batch; official-domain discovery remains pending.
521318,pointer-review,yes,0,3,0,1,0,2026-09-06T21:48:43.594Z,"A candidate domain returned a cms-hpt.txt file, but pointer, file, or facility identity checks did not verify this hospital."
521329,pointer-review,yes,0,2,0,1,0,2026-09-06T21:48:43.668Z,"A candidate domain returned a cms-hpt.txt file, but pointer, file, or facility identity checks did not verify this hospital."
521341,pointer-review,yes,0,3,0,1,0,2026-09-06T21:49:05.995Z,"A candidate domain returned a cms-hpt.txt file, but pointer, file, or facility identity checks did not verify this hospital."
521342,search-not-run,no,0,0,0,0,0,2026-09-06T22:03:00.428Z,No search request is recorded for this hospital in the preserved search batch; official-domain discovery remains pending.
521347,pointer-review,yes,0,2,0,1,0,2026-09-06T21:49:06.164Z,"A candidate domain returned a cms-hpt.txt file, but pointer, file, or facility identity checks did not verify this hospital."
521348,pointer-review,yes,0,2,0,1,0,2026-09-06T21:49:06.486Z,"A candidate domain returned a cms-hpt.txt file, but pointer, file, or facility identity checks did not verify this hospital."
521351,pointer-review,yes,0,1,0,1,0,2026-09-06T21:49:07.315Z,"A candidate domain returned a cms-hpt.txt file, but pointer, file, or facility identity checks did not verify this hospital."
521352,search-not-run,no,0,0,0,0,0,2026-09-06T22:03:00.428Z,No search request is recorded for this hospital in the preserved search batch; official-domain discovery remains pending.
521354,search-not-run,no,0,0,0,0,0,2026-09-06T22:03:00.428Z,No search request is recorded for this hospital in the preserved search batch; official-domain discovery remains pending.
524002,search-not-run,no,0,0,0,0,0,2026-09-06T22:03:00.428Z,No search request is recorded for this hospital in the preserved search batch; official-domain discovery remains pending.
524008,search-error,yes,1,0,0,0,0,2026-09-06T22:03:00.428Z,The recorded website search request failed before returning usable candidate results; official-domain discovery needs a retry.
524014,site-observed,yes,0,3,1,0,0,2026-09-06T21:49:07.638Z,A candidate homepage response matched hospital name text and city or state; official-domain assignment and pointer/MRF linkage remain unverified.
524025,search-not-run,no,0,0,0,0,0,2026-09-06T22:03:00.428Z,No search request is recorded for this hospital in the preserved search batch; official-domain discovery remains pending.
524026,site-observed,yes,0,3,2,0,0,2026-09-06T21:49:08.554Z,A candidate homepage response matched hospital name text and city or state; official-domain assignment and pointer/MRF linkage remain unverified.
524042,search-not-run,no,0,0,0,0,0,2026-09-06T22:03:00.428Z,No search request is recorded for this hospital in the preserved search batch; official-domain discovery remains pending.
524043,candidate-found,yes,0,2,0,0,1,2026-09-06T21:49:08.989Z,"Search returned one or more candidate domains, but none passed official-domain and pointer/MRF verification."
530002,search-error,yes,1,0,0,0,0,2026-09-06T22:03:00.428Z,The recorded website search request failed before returning usable candidate results; official-domain discovery needs a retry.
531301,pointer-review,yes,0,3,0,1,0,2026-09-06T21:49:11.430Z,"A candidate domain returned a cms-hpt.txt file, but pointer, file, or facility identity checks did not verify this hospital."
531307,candidate-found,yes,0,3,0,0,1,2026-09-06T21:49:21.640Z,"Search returned one or more candidate domains, but none passed official-domain and pointer/MRF verification."
531308,search-not-run,no,0,0,0,0,0,2026-09-06T22:03:00.428Z,No search request is recorded for this hospital in the preserved search batch; official-domain discovery remains pending.
531311,candidate-found,yes,0,1,0,0,0,2026-09-06T21:49:21.640Z,"Search returned one or more candidate domains, but none passed official-domain and pointer/MRF verification."
531314,search-not-run,no,0,0,0,0,0,2026-09-06T22:03:00.428Z,No search request is recorded for this hospital in the preserved search batch; official-domain discovery remains pending.
531317,candidate-found,yes,0,1,0,0,0,2026-09-06T21:49:22.082Z,"Search returned one or more candidate domains, but none passed official-domain and pointer/MRF verification."
531318,search-not-run,no,0,0,0,0,0,2026-09-06T22:03:00.428Z,No search request is recorded for this hospital in the preserved search batch; official-domain discovery remains pending.
534004,candidate-found,yes,0,2,0,0,1,2026-09-06T21:49:22.613Z,"Search returned one or more candidate domains, but none passed official-domain and pointer/MRF verification."
650003,candidate-found,yes,0,2,0,0,0,2026-09-06T21:49:23.927Z,"Search returned one or more candidate domains, but none passed official-domain and pointer/MRF verification."
670005,pointer-review,yes,0,3,0,2,1,2026-09-06T21:49:28.394Z,"A candidate domain returned a cms-hpt.txt file, but pointer, file, or facility identity checks did not verify this hospital."
670008,pointer-review,yes,0,2,0,1,1,2026-09-06T21:49:28.818Z,"A candidate domain returned a cms-hpt.txt file, but pointer, file, or facility identity checks did not verify this hospital."
670010,search-not-run,no,0,0,0,0,0,2026-09-06T22:03:00.428Z,No search request is recorded for this hospital in the preserved search batch; official-domain discovery remains pending.
670047,site-observed,yes,0,3,1,1,1,2026-09-06T21:49:30.247Z,A candidate homepage response matched hospital name text and city or state; official-domain assignment and pointer/MRF linkage remain unverified.
670054,search-not-run,no,0,0,0,0,0,2026-09-06T22:03:00.428Z,No search request is recorded for this hospital in the preserved search batch; official-domain discovery remains pending.
670093,pointer-review,yes,0,1,0,1,0,2026-09-06T21:49:29.145Z,"A candidate domain returned a cms-hpt.txt file, but pointer, file, or facility identity checks did not verify this hospital."
670098,candidate-found,yes,0,3,0,0,2,2026-09-06T21:49:30.477Z,"Search returned one or more candidate domains, but none passed official-domain and pointer/MRF verification."
670120,search-not-run,no,0,0,0,0,0,2026-09-06T22:03:00.428Z,No search request is recorded for this hospital in the preserved search batch; official-domain discovery remains pending.
670121,candidate-found,yes,0,3,0,0,0,2026-09-06T21:49:30.566Z,"Search returned one or more candidate domains, but none passed official-domain and pointer/MRF verification."
670125,site-observed,yes,0,3,1,0,0,2026-09-06T21:49:31.356Z,A candidate homepage response matched hospital name text and city or state; official-domain assignment and pointer/MRF linkage remain unverified.
670265,search-not-run,no,0,0,0,0,0,2026-09-06T22:03:00.428Z,No search request is recorded for this hospital in the preserved search batch; official-domain discovery remains pending.
670266,site-observed,yes,0,1,1,0,0,2026-09-06T21:49:31.356Z,A candidate homepage response matched hospital name text and city or state; official-domain assignment and pointer/MRF linkage remain unverified.
670267,search-not-run,no,0,0,0,0,0,2026-09-06T22:03:00.428Z,No search request is recorded for this hospital in the preserved search batch; official-domain discovery remains pending.
670320,search-not-run,no,0,0,0,0,0,2026-09-06T22:03:00.428Z,No search request is recorded for this hospital in the preserved search batch; official-domain discovery remains pending.
670331,search-not-run,no,0,0,0,0,0,2026-09-06T22:03:00.428Z,No search request is recorded for this hospital in the preserved search batch; official-domain discovery remains pending.
670333,pointer-review,yes,0,3,0,1,1,2026-09-06T21:49:33.061Z,"A candidate domain returned a cms-hpt.txt file, but pointer, file, or facility identity checks did not verify this hospital."
670779,pointer-review,yes,0,2,0,1,0,2026-09-06T21:49:32.207Z,"A candidate domain returned a cms-hpt.txt file, but pointer, file, or facility identity checks did not verify this hospital."
670781,candidate-found,yes,0,1,0,0,0,2026-09-06T21:49:32.209Z,"Search returned one or more candidate domains, but none passed official-domain and pointer/MRF verification."
671301,search-not-run,no,0,0,0,0,0,2026-09-06T22:03:00.428Z,No search request is recorded for this hospital in the preserved search batch; official-domain discovery remains pending.
