ccn,hospital_name,address,city,state,zip,phone,type,seeded_domain,pointer_status,remediation,reason,exa_query,resolved_domain
010012,DEKALB REGIONAL MEDICAL CENTER,200 MED CENTER DRIVE,FORT PAYNE,AL,35968,hpt-obf:v1:AEEz12XWCCVjbW35.ARrsqhyF6KnLES8wmemFUg.pcUPvn6USt9YwQQWUBQ,Acute Care Hospitals,dekalbregional.com,ok,name-match-review,pointer file works (1 entries) but none matched this hospital's name,,
010019,HELEN KELLER HOSPITAL,1300 SOUTH MONTGOMERY AVENUE,SHEFFIELD,AL,35660,hpt-obf:v1:HRlrt9RajikiS4TT.aj5ufRfQPqrihqrjjf8P0g.0kJkrzrgFvXKKdyjMtw,Acute Care Hospitals,huntsvillehospital.org,neterr,exa-domain-lookup,pointer fetch failed (neterr); domain is likely wrong or stale,HELEN KELLER HOSPITAL hospital SHEFFIELD AL official website,
010024,JACKSON HOSPITAL & CLINIC INC,1725 PINE STREET,MONTGOMERY,AL,36106,hpt-obf:v1:bx9tZRO753HRddhH.4Q137BKPLTAiZQLwI0CHfQ.ybilk6M_M9gCQykf_0E,Acute Care Hospitals,,no-domain,exa-domain-lookup,no domain in the seed dataset,JACKSON HOSPITAL & CLINIC INC hospital MONTGOMERY AL official website,
010034,COMMUNITY HOSPITAL INC,805 FRIENDSHIP ROAD,TALLASSEE,AL,36078,hpt-obf:v1:BkY_lgHuPdsesBe-.Oz3yKjDYBJXCJXYkxRd5SA.dFT4NgHFl0yybdfgT5s,Acute Care Hospitals,chal.org,html,exa-domain-lookup,pointer fetch failed (html); domain is likely wrong or stale,COMMUNITY HOSPITAL INC hospital TALLASSEE AL official website,
010036,ANDALUSIA HEALTH,849 SOUTH THREE NOTCH STREET,ANDALUSIA,AL,36420,hpt-obf:v1:9K5qevpyj1VWAwdZ.mCYPve3yAE_2S6G8QtCWqg.xiPVtgoY2anDubBMOVM,Acute Care Hospitals,andalusiahealth.com,failed,exa-domain-lookup,pointer fetch failed (failed); domain is likely wrong or stale,ANDALUSIA HEALTH hospital ANDALUSIA AL official website,
010051,GREENE COUNTY HOSPITAL,509 WILSON AVENUE,EUTAW,AL,35462,hpt-obf:v1:WQgXiZmPURVK9y8Z.7X9vZBTlvoY4xBiVQJ7ZNQ.yO-Miycy63vSrL_f-VI,Acute Care Hospitals,,no-domain,exa-domain-lookup,no domain in the seed dataset,GREENE COUNTY HOSPITAL hospital EUTAW AL official website,
010058,BIBB MEDICAL CENTER,208 PIERSON AVE,CENTREVILLE,AL,35042,hpt-obf:v1:PdK1ZN87-fEQ0QV9.xvfiiK5guAa8gw5s1xYGrA.TxHmaeY0p1YG_cE_M_M,Acute Care Hospitals,,no-domain,exa-domain-lookup,no domain in the seed dataset,BIBB MEDICAL CENTER hospital CENTREVILLE AL official website,
010061,HIGHLANDS MEDICAL CENTER,380 WOODS COVE ROAD,SCOTTSBORO,AL,35768,hpt-obf:v1:i-4y1QTfrFxlS2Pf.VT-MD38Ktn3ianhbhmlPow.4nZwSPE485xwc3_Qpj8,Acute Care Hospitals,highlandsmedcenter.com,neterr,exa-domain-lookup,pointer fetch failed (neterr); domain is likely wrong or stale,HIGHLANDS MEDICAL CENTER hospital SCOTTSBORO AL official website,
010065,RUSSELL MEDICAL CENTER,3316 HIGHWAY 280,ALEXANDER CITY,AL,35010,hpt-obf:v1:Bh0aWB2r1NS1hPgV.6-dRf2KDtOct5cnRqUXfjQ.C3aX_7MbYp1Yupaw_po,Acute Care Hospitals,russellcares.com,notfound,exa-domain-lookup,pointer fetch failed (notfound); domain is likely wrong or stale,RUSSELL MEDICAL CENTER hospital ALEXANDER CITY AL official website,
010079,ATHENS LIMESTONE HOSPITAL,700 WEST MARKET STREET,ATHENS,AL,35611,hpt-obf:v1:mKj3cl-Yn_zgDbTT.xOfZ-5ekWNX9FaqzAy3_WQ.5HF6CATQvQxWSSKMoEk,Acute Care Hospitals,huntsvillehospital.org,neterr,exa-domain-lookup,pointer fetch failed (neterr); domain is likely wrong or stale,ATHENS LIMESTONE HOSPITAL hospital ATHENS AL official website,
010083,BALDWIN HEALTH,1613 NORTH MCKENZIE STREET,FOLEY,AL,36535,hpt-obf:v1:SBhBZvtx9Jx82Vgp.g9PRYqB0IKywM9WaJwtJbg.2EWRs3I5uqyXQoJgVQA,Acute Care Hospitals,southbaldwinrmc.com,notfound,exa-domain-lookup,pointer fetch failed (notfound); domain is likely wrong or stale,BALDWIN HEALTH hospital FOLEY AL official website,
010085,DECATUR MORGAN HOSPITAL - DECATUR CAMPUS,1201 7TH STREET SE,DECATUR,AL,35601,hpt-obf:v1:_f9WNmKSlIumj8Rt.QBX9eU4yGkFIjaL7YYTRuA.I2Av0QJIetUN3v33YeY,Acute Care Hospitals,huntsvillehospital.org,neterr,exa-domain-lookup,pointer fetch failed (neterr); domain is likely wrong or stale,DECATUR MORGAN HOSPITAL - DECATUR CAMPUS hospital DECATUR AL official website,
010110,BULLOCK COUNTY HOSPITAL,102 WEST CONECUH AVENUE,UNION SPRINGS,AL,36089,hpt-obf:v1:Ay-Dp-s9oqc-8FGx.S_EOQ6MUve94g6tlrq75UA.OiziPK-3m4DL1wDlY2I,Acute Care Hospitals,,no-domain,exa-domain-lookup,no domain in the seed dataset,BULLOCK COUNTY HOSPITAL hospital UNION SPRINGS AL official website,
010112,WHITFIELD REGIONAL HOSPITAL,105 HIGHWAY 80 EAST,DEMOPOLIS,AL,36732,hpt-obf:v1:gmSG5U--3ePqiNOe._MxBRKtKrGV4ce5JTqi00A.Wx4kh47fjh6sWN-IG0g,Acute Care Hospitals,bwwmh.com,notfound,exa-domain-lookup,pointer fetch failed (notfound); domain is likely wrong or stale,WHITFIELD REGIONAL HOSPITAL hospital DEMOPOLIS AL official website,
010114,"MEDICAL WEST, AN AFFILIATE OF UAB HEALTH SYSTEM",995 9TH AVENUE SOUTHWEST,BESSEMER,AL,35022,hpt-obf:v1:lXjOoVDNrJf5WKBu.39OyGO24IN-LSLdHRVYIwA.2vGm_JwwJVKyaWm_iL0,Acute Care Hospitals,,no-domain,exa-domain-lookup,no domain in the seed dataset,"MEDICAL WEST, AN AFFILIATE OF UAB HEALTH SYSTEM hospital BESSEMER AL official website",
010118,VAUGHAN REGIONAL MEDICAL CENTER PARKWAY CAMPUS,1015 MEDICAL CENTER PARKWAY,SELMA,AL,36701,hpt-obf:v1:dMYhl77O_FELjLqp.YREpDUhQ5pj01Am3F1G0kA.lg9tvxIlbLz8MdkB6lI,Acute Care Hospitals,vaughanregional.com,failed,exa-domain-lookup,pointer fetch failed (failed); domain is likely wrong or stale,VAUGHAN REGIONAL MEDICAL CENTER PARKWAY CAMPUS hospital SELMA AL official website,
010125,LAKELAND COMMUNITY HOSPITAL,42024 HIGHWAY 195 E,HALEYVILLE,AL,35565,hpt-obf:v1:JIMIINDjDM37uuBx.1KFefxlt0cMeIzslG6_Kyw.6pXd0lGen-M0AfZ6vBs,Acute Care Hospitals,,no-domain,exa-domain-lookup,no domain in the seed dataset,LAKELAND COMMUNITY HOSPITAL hospital HALEYVILLE AL official website,
010131,CRESTWOOD MEDICAL CENTER,ONE HOSPITAL DR SE,HUNTSVILLE,AL,35801,hpt-obf:v1:3ph6pOxYfW02z6Ro.XAywAZuCA6hpQQxOeiNcIQ.74bPWmoi4Q8WKI8TV0k,Acute Care Hospitals,crestwoodmedcenter.com,neterr,exa-domain-lookup,pointer fetch failed (neterr); domain is likely wrong or stale,CRESTWOOD MEDICAL CENTER hospital HUNTSVILLE AL official website,
01014F,BIRMINGHAM VA MEDICAL CENTER,700 SOUTH 19TH STREET,BIRMINGHAM,AL,35233,hpt-obf:v1:jS_vJuvI2kQOi2Hn.Wrih4B7CLgbJHghE-wUWog.Q0Yl3EYpmk0kYdLtbHg,Acute Care - Veterans Administration,,no-domain,exempt-federal,federally owned; outside 45 CFR 180,,
01019F,VA CENTRAL ALABAMA HEALTHCARE SYSTEM - MONTGOMERY,215 PERRY HILL ROAD,MONTGOMERY,AL,36109,hpt-obf:v1:VgAvIJfsfvp5miVr.ivsFXHuKYv9qUGgp8qcmWg.ZZ6_Z2b10cV1jlFKjyo,Acute Care - Veterans Administration,,no-domain,exempt-federal,federally owned; outside 45 CFR 180,,
01021F,TUSCALOOSA VA MEDICAL CENTER,3701 LOOP ROAD EAST,TUSCALOOSA,AL,35404,hpt-obf:v1:nWv796OcYxVdJsw0.XtZmd-kKQBCDxnf3ll_x0Q.neRNfvx6h-d5_0H75Zs,Acute Care - Veterans Administration,,no-domain,exempt-federal,federally owned; outside 45 CFR 180,,
010779,BULLOCK COUNTY HOSPITAL,102 WEST CONECUH AVENUE,UNION SPRINGS,AL,36089,hpt-obf:v1:EvLkgChBZZWyDZKz.J4GPy4Eek4YQaQBxrV13sw.Wu1cWwSSvPwDSruecCY,Rural Emergency Hospital,,no-domain,exa-domain-lookup,no domain in the seed dataset,BULLOCK COUNTY HOSPITAL hospital UNION SPRINGS AL official website,
010780,EAMC - LANIER,4800 48TH STREET,VALLEY,AL,36854,hpt-obf:v1:jDdehgbiav4UMKRM.S56Mj_5K4GtE0clJmZvAYA.ZHrrCl1AMr9l5IGkfOg,Rural Emergency Hospital,,no-domain,exa-domain-lookup,no domain in the seed dataset,EAMC - LANIER hospital VALLEY AL official website,
010781,J PAUL JONES HOSPITAL,317 MCWILLIAMS AVENUE,CAMDEN,AL,36726,hpt-obf:v1:rciAy5I9KlXHfSv4.F0LP9aX0qTtIgrCGb0J8nA.ocWjVPopXI9eBhLb6mQ,Rural Emergency Hospital,,no-domain,exa-domain-lookup,no domain in the seed dataset,J PAUL JONES HOSPITAL hospital CAMDEN AL official website,
011302,RED BAY HOSPITAL,211 HOSPITAL ROAD,RED BAY,AL,35582,hpt-obf:v1:3IHnMCLIA4IVAB2g.lnX_UEXxrU4czH-ds5rgDQ.lvAzRHhkets1XonLofI,Critical Access Hospitals,healthy.kaiserpermanente.org,ok,name-match-review,pointer file works (41 entries) but none matched this hospital's name,,
011304,OCHSNER CHOCTAW GENERAL,"401 VANITY FAIR LANE, PO BOX 618",BUTLER,AL,36904,hpt-obf:v1:I1krLsKZIpxDfL7h.D1muBrgeofmxng-ebTuizQ.Zi0MSLW_liRiGYSv9pU,Critical Access Hospitals,ochsnerrush.org,ok,name-match-review,pointer file works (26 entries) but none matched this hospital's name,,
011311,LAKELAND COMMUNITY HOSPITAL,42024 HIGHWAY 195 E,HALEYVILLE,AL,35565,hpt-obf:v1:mScShViatCDwNpVj.PTpmKIEs6z6gbxIig7cIZg.6LcunlJsNo8yeZeMi2o,Critical Access Hospitals,lakelandcommunityhospital.com,notfound,exa-domain-lookup,pointer fetch failed (notfound); domain is likely wrong or stale,LAKELAND COMMUNITY HOSPITAL hospital HALEYVILLE AL official website,
014000,HILL CREST BEHAVIORAL HEALTH SERVICES,6869 FIFTH AVENUE SOUTH,BIRMINGHAM,AL,35212,hpt-obf:v1:qYRaJkRK56Ah_lNT.HxWl07wT4CU6PTJnyRmnaw.De2mVmQUF7sIzrLcZUY,Psychiatric,hillcrestbhs.com,blocked,unblocker,"domain returned 403/429; needs the unblocker, not a new domain",,
014007,BRYCE HOSPITAL,1651 RUBY TYLER PKWY,TUSCALOOSA,AL,35404,hpt-obf:v1:aB1qbCJQvNx1Mksj.OpydBAPfOjzPtdpynJum1g.FwzjuHaTmFQng92s-Tk,Psychiatric,,no-domain,exa-domain-lookup,no domain in the seed dataset,BRYCE HOSPITAL hospital TUSCALOOSA AL official website,
014012,MARY S HARPER GERIATRIC PSYCHIATRY CENTER,201 UNIVERSITY BLVD,TUSCALOOSA,AL,35401,hpt-obf:v1:woBMsKxkz3A0WkAz.24Fi1iqSjSCt0dEN-R0JPQ.LP8t2Dklwzu8F5EE1uE,Psychiatric,,no-domain,exa-domain-lookup,no domain in the seed dataset,MARY S HARPER GERIATRIC PSYCHIATRY CENTER hospital TUSCALOOSA AL official website,
014016,"SANCTUARY AT THE WOODLANDS, THE","1910 CHEROKEE AVENUE, SW",CULLMAN,AL,35055,hpt-obf:v1:DJWfyZtQj5kzKeK4.Pn-5gmClaKP8hNQm1SX1OQ.deu033lBP469xQDk7U0,Psychiatric,,no-domain,exa-domain-lookup,no domain in the seed dataset,"SANCTUARY AT THE WOODLANDS, THE hospital CULLMAN AL official website",
020012,FAIRBANKS MEMORIAL HOSPITAL,1650 COWLES STREET,FAIRBANKS,AK,99701,hpt-obf:v1:XIsEMMegiaecayxP.egM_JoDacDVKCM-_QNtS3A.vXjF6vPS42-Yj2FbLzI,Acute Care Hospitals,,no-domain,exa-domain-lookup,no domain in the seed dataset,FAIRBANKS MEMORIAL HOSPITAL hospital FAIRBANKS AK official website,
020018,YUKON KUSKOKWIM DELTA REG HOSPITAL,PO BOX 287,BETHEL,AK,99559,hpt-obf:v1:MTgQ0F_n79Nf_aCD.2lLid35WVG0Bh30t1oyVHw.rRYbZyE7ypgrqNUeOb4,Acute Care Hospitals,,no-domain,exa-domain-lookup,no domain in the seed dataset,YUKON KUSKOKWIM DELTA REG HOSPITAL hospital BETHEL AK official website,
02013F,673rd Medical Group (Joint Base Elmendorf-Richardson),673 MDG 5955 Zeamer Ave,JBER,AK,99506,hpt-obf:v1:dNtzL3Hfxg4CQS1P.32GFgN60ccOb8_BWvIMveg.HwIhE1VMZmveeLJOzjI,Acute Care - Department of Defense,,no-domain,exempt-federal,federally owned; outside 45 CFR 180,,
02014F,Bassett ACH (FT Wainwright),4076 Neely Rd,Fort Wainwright,AK,99703,hpt-obf:v1:zmOiGbiw2DvbmwuC.QuwL6DNZ3V8dchGBua4S3g.BfmdrhUo3c23IstkTp8,Acute Care - Department of Defense,,no-domain,exempt-federal,federally owned; outside 45 CFR 180,,
021304,PETERSBURG MEDICAL CENTER,PO BOX 589,PETERSBURG,AK,99833,hpt-obf:v1:7bWePN5EW4kIDjZD.AEZ_hPxVCmUa4gRPNcG5mw.fDPNWBCZgIx4aZyA2-c,Critical Access Hospitals,,no-domain,exa-domain-lookup,no domain in the seed dataset,PETERSBURG MEDICAL CENTER hospital PETERSBURG AK official website,
021305,SEARHC WRANGELL MEDICAL CENTER & LTC,232 WOOD STREET,WRANGELL,AK,99929,hpt-obf:v1:1CQ79UVeqMEwv5Xz.-yl4Gtc7XTN9beraNLWG2Q.URhB7pk2yjhZPqnEnNI,Critical Access Hospitals,searhc.org,notfound,exa-domain-lookup,pointer fetch failed (notfound); domain is likely wrong or stale,SEARHC WRANGELL MEDICAL CENTER & LTC hospital WRANGELL AK official website,
021309,BRISTOL BAY DBA KANAKANAK HOSPITAL,P O BOX 130,DILLINGHAM,AK,99576,hpt-obf:v1:Ljoq9uSs2UxCrYIN.oR_iUlBq5llgGz5h8xUmww.ZV-QwCzEmNAKh2OHQDA,Critical Access Hospitals,,no-domain,exa-domain-lookup,no domain in the seed dataset,BRISTOL BAY DBA KANAKANAK HOSPITAL hospital DILLINGHAM AK official website,
021311,PEACEHEALTH KETCHIKAN MEDICAL CENTER,3100 TONGASS AVENUE,KETCHIKAN,AK,99901,hpt-obf:v1:BskrLrWOSjHatIRO.56WEfVRfLk9rhegEKlX2MQ.cSxMdYKF7MkFxprnZaA,Critical Access Hospitals,peacehealth.org,blocked,unblocker,"domain returned 403/429; needs the unblocker, not a new domain",,
021312,SAMUEL SIMMONDS MEMORIAL HOSPITAL,7000 UULA ST,BARROW,AK,99723,hpt-obf:v1:EXqe_5sM0nRcSm1B.l22Jf4O-6Sd-aBq9o509mg.KkZssGg8nG1cacdqG5I,Critical Access Hospitals,arcticslope.org,notfound,exa-domain-lookup,pointer fetch failed (notfound); domain is likely wrong or stale,SAMUEL SIMMONDS MEMORIAL HOSPITAL hospital BARROW AK official website,
024001,NORTH STAR HOSPITAL,2530 DEBARR RD,ANCHORAGE,AK,99508,hpt-obf:v1:UhQXU61CVy6rzjlZ.6XWe8sWQko6lA4-vdVYDVw.Rv4NBOxTa3xGl1JNwc8,Psychiatric,,no-domain,exa-domain-lookup,no domain in the seed dataset,NORTH STAR HOSPITAL hospital ANCHORAGE AK official website,
024002,ALASKA PSYCHIATRIC INSTITUTE,3700 PIPER STREET,ANCHORAGE,AK,99508,hpt-obf:v1:rsp0kSbUxta9VcVm.PSTKAbJZiHUjo4C9bVEVkQ.GXaJMzR4dJ5W5TA-xb0,Psychiatric,,no-domain,exa-domain-lookup,no domain in the seed dataset,ALASKA PSYCHIATRIC INSTITUTE hospital ANCHORAGE AK official website,
030002,BANNER - UNIVERSITY MEDICAL CENTER PHOENIX,1111 EAST MCDOWELL ROAD,PHOENIX,AZ,85006,hpt-obf:v1:aHniHJLZnETjtHJE.XA-_IihwuJtg6GW_Irig4w.5eZA9Bv4QaTFqt_TjT8,Acute Care Hospitals,bannerhealth.com,blocked,unblocker,"domain returned 403/429; needs the unblocker, not a new domain",,
030016,BANNER CASA GRANDE MEDICAL CENTER,1800 EAST FLORENCE BOULEVARD,CASA GRANDE,AZ,85122,hpt-obf:v1:3UUKmJxc6LEbCrna.O78u_VnnYqsB9wK6MlmC6g.bcT1TJOFWuENZPWaY9Q,Acute Care Hospitals,bannerhealth.com,blocked,unblocker,"domain returned 403/429; needs the unblocker, not a new domain",,
030030,ABRAZO CENTRAL CAMPUS,2000 WEST BETHANY HOME ROAD,PHOENIX,AZ,85015,hpt-obf:v1:O47dcwc6RXtvPa9c.XeqYK5sQsk9rviaJILBbNA.2RAJJZ1B50DwxrG6ARQ,Acute Care Hospitals,,no-domain,exa-domain-lookup,no domain in the seed dataset,ABRAZO CENTRAL CAMPUS hospital PHOENIX AZ official website,
030061,BANNER BOSWELL MEDICAL CENTER,13632 N 99TH AVE,SUN CITY,AZ,85351,hpt-obf:v1:j9tRkSqDFZheCmxH.hzNROgFgGFM5I7Kb0QCjFA.ACvEsAtDCbUPxZ8ANGo,Acute Care Hospitals,bannerhealth.com,blocked,unblocker,"domain returned 403/429; needs the unblocker, not a new domain",,
030064,BANNER - UNIVERSITY MEDICAL CENTER TUCSON CAMPUS,1625 NORTH CAMPBELL AVENUE,TUCSON,AZ,85719,hpt-obf:v1:vsT2eQ7shYj86-3m.Gm1vLgVSwYXZNj-AK7kj2Q.diLtL6NzFZA-O7LO5Ms,Acute Care Hospitals,bannerhealth.com,blocked,unblocker,"domain returned 403/429; needs the unblocker, not a new domain",,
030065,BANNER DESERT MEDICAL CENTER,1400 SOUTH  DOBSON ROAD,MESA,AZ,85202,hpt-obf:v1:gXfGGs27pGXjiZjO.J6W61P8b98wI1zCQlCmxvg.jRNI8MSWvfMEGM43CKY,Acute Care Hospitals,bannerhealth.com,blocked,unblocker,"domain returned 403/429; needs the unblocker, not a new domain",,
030071,FORT DEFIANCE INDIAN HOSPITAL,PO BOX 649,FT. DEFIANCE,AZ,86504,hpt-obf:v1:H3DSPWzqXNQe4gb1.NZ8XJzGt0QpTNTF7Ze6SVw.svp5oAJAVXHew6kPN7E,Acute Care Hospitals,,no-domain,exa-domain-lookup,no domain in the seed dataset,FORT DEFIANCE INDIAN HOSPITAL hospital FT. DEFIANCE AZ official website,
030073,TUBA CITY REGIONAL HEALTH CARE CORPORATION,PO BOX 600,TUBA CITY,AZ,86045,hpt-obf:v1:ODJaPDlo3Ba8331E.IGMBcf8uJeQHtzlDH-Xbiw.BarxUuI8Nok4Hn_YqWc,Acute Care Hospitals,,no-domain,exa-domain-lookup,no domain in the seed dataset,TUBA CITY REGIONAL HEALTH CARE CORPORATION hospital TUBA CITY AZ official website,
030074,SELLS HOSPITAL,"HIGHWAY 86, AT TOPAWA ROAD",SELLS,AZ,85634,hpt-obf:v1:xlhvfqz6WpqUVVGW.sKvH2j8m5rovkqQyTAyilg.itdQY7Wtm8hEC99uSs8,Acute Care Hospitals,,no-domain,exa-domain-lookup,no domain in the seed dataset,SELLS HOSPITAL hospital SELLS AZ official website,
030078,PHOENIX INDIAN MEDICAL CENTER,4212 NORTH 16TH STREET,PHOENIX,AZ,85016,hpt-obf:v1:W2dyJJ9PYzRYCLkX.J_Rbi3lfcfR3LBE_V3OwRw.RsaghP-VQFEtZ6Br5j8,Acute Care Hospitals,,no-domain,exa-domain-lookup,no domain in the seed dataset,PHOENIX INDIAN MEDICAL CENTER hospital PHOENIX AZ official website,
030083,ABRAZO SCOTTSDALE CAMPUS,3929 EAST BELL ROAD,PHOENIX,AZ,85032,hpt-obf:v1:EgWzfqMUGbpk5N8N.q9dD3xXEi8SCwGLjVdxGmQ.4kswoOS7GSSlAn8j6ps,Acute Care Hospitals,,no-domain,exa-domain-lookup,no domain in the seed dataset,ABRAZO SCOTTSDALE CAMPUS hospital PHOENIX AZ official website,
030084,CHINLE COMPREHENSIVE HEALTH CARE FACILITY,"US HWY 191, HOSPITAL ROAD",CHINLE,AZ,86503,hpt-obf:v1:bGxDY7rZ9IBf9Dy_.vQfKfFLPug_xfeGKWfkXpQ.-P3_yflRwkdmnsVNMTg,Acute Care Hospitals,,no-domain,exa-domain-lookup,no domain in the seed dataset,CHINLE COMPREHENSIVE HEALTH CARE FACILITY hospital CHINLE AZ official website,
030088,BANNER BAYWOOD MEDICAL CENTER,6644 EAST BAYWOOD AVENUE,MESA,AZ,85206,hpt-obf:v1:IAfE2kJq3vwm2dcP.mF-ZVlUt0ZqHnhb9kg9-yg.xoaOa57leJE6jw4x9K0,Acute Care Hospitals,bannerhealth.com,blocked,unblocker,"domain returned 403/429; needs the unblocker, not a new domain",,
030089,BANNER THUNDERBIRD MEDICAL CENTER,5555 WEST THUNDERBIRD ROAD,GLENDALE,AZ,85306,hpt-obf:v1:JhycXhkgkqijY1Xv.rmRRGQJ1Rybrh_s1u6DXdQ.JmX6CmeTQamsDYzH5Ms,Acute Care Hospitals,bannerhealth.com,blocked,unblocker,"domain returned 403/429; needs the unblocker, not a new domain",,
030093,BANNER DEL E. WEBB MEDICAL CENTER,14502 WEST MEEKER BOULEVARD,SUN CITY WEST,AZ,85375,hpt-obf:v1:C1R47TPSblFfLjQL.o-fVScq4izYXJWcrymIZyQ._nPtrXiA6-Y6CTb-rRc,Acute Care Hospitals,bannerhealth.com,blocked,unblocker,"domain returned 403/429; needs the unblocker, not a new domain",,
030094,ABRAZO ARROWHEAD HOSPITAL,18701 NORTH 67TH AVENUE,GLENDALE,AZ,85308,hpt-obf:v1:0rQPFARkGoa_AcXH.ACYKjSj3-Bb0VmJd-r3fQg.UPl09hlgcmxpRvBr-Lo,Acute Care Hospitals,,no-domain,exa-domain-lookup,no domain in the seed dataset,ABRAZO ARROWHEAD HOSPITAL hospital GLENDALE AZ official website,
030105,BANNER HEART HOSPITAL,6750 EAST BAYWOOD AVENUE,MESA,AZ,85206,hpt-obf:v1:eiu_5ovwOtQYsjvW.zBOc9fvTkPAHvveEVCHAHw.B1zyR91L19Bfq1oPjS4,Acute Care Hospitals,bannerhealth.com,blocked,unblocker,"domain returned 403/429; needs the unblocker, not a new domain",,
030107,ARIZONA SPINE AND JOINT HOSPITAL,4620 EAST BASELINE ROAD,MESA,AZ,85206,hpt-obf:v1:jWew8mHuqD7MVZbZ.onNl0q7Bm65BSUYB90DBVg.IiA0yHRwPmtWlg3uJd0,Acute Care Hospitals,,no-domain,exa-domain-lookup,no domain in the seed dataset,ARIZONA SPINE AND JOINT HOSPITAL hospital MESA AZ official website,
030108,THE CORE INSTITUTE SPECIALTY HOSP,6501 NORTH 19TH AVENUE,PHOENIX,AZ,85015,hpt-obf:v1:8NcUI3TUjZxbRned.7CBdmIh5qpRzk4xi8BHXGQ.0hEE0aJjPLLG89VnsJE,Acute Care Hospitals,thecoreinstitutehospital.com,notfound,exa-domain-lookup,pointer fetch failed (notfound); domain is likely wrong or stale,THE CORE INSTITUTE SPECIALTY HOSP hospital PHOENIX AZ official website,
030110,ABRAZO WEST CAMPUS,13677 WEST MCDOWELL ROAD,GOODYEAR,AZ,85395,hpt-obf:v1:wLZO2SL2YxsWPELB.MTdWUSHIaHXXJAWmoCu8jw.KWNw8jkZalG9C2sINz4,Acute Care Hospitals,,no-domain,exa-domain-lookup,no domain in the seed dataset,ABRAZO WEST CAMPUS hospital GOODYEAR AZ official website,
030111,BANNER-UNIVERSITY MEDICAL CENTER SOUTH CAMPUS,2800 EAST AJO WAY,TUCSON,AZ,85713,hpt-obf:v1:1Kn48tlfqfk0giJ6.BkHHiz-XVmLc6TmeU_UBCA.RJJJq5n957C8SXrJyr0,Acute Care Hospitals,bannerhealth.com,blocked,unblocker,"domain returned 403/429; needs the unblocker, not a new domain",,
030112,ARIZONA ORTHOPEDIC AND SURGICAL SPECIALTY HOSPITAL,750 NORTH 40TH STREET,PHOENIX,AZ,85008,hpt-obf:v1:XBO29JLsn5cC4w89.GML02ikeAEwW81Vv9km1Aw.8WKTOQO7Fcq2T7Exh0s,Acute Care Hospitals,,no-domain,exa-domain-lookup,no domain in the seed dataset,ARIZONA ORTHOPEDIC AND SURGICAL SPECIALTY HOSPITAL hospital PHOENIX AZ official website,
030113,WHITERIVER PHS INDIAN HOSPITAL,200 WEST HOSPITAL DRIVE  (PO BOX 860),WHITERIVER,AZ,85941,hpt-obf:v1:sbYviM9KDKgbX47m.gPe2tUrrdbs0uQ7iGA_1lQ.7BCKur4EzUgGNfHXCvk,Acute Care Hospitals,,no-domain,exa-domain-lookup,no domain in the seed dataset,WHITERIVER PHS INDIAN HOSPITAL hospital WHITERIVER AZ official website,
030115,BANNER ESTRELLA MEDICAL CENTER,9201 WEST THOMAS ROAD,PHOENIX,AZ,85037,hpt-obf:v1:gQS6uhjwPaxCcT-W.AHd9KFcNdx3luNheUb-Xng.cz7dzCZ-S7WyeFAztoI,Acute Care Hospitals,bannerhealth.com,blocked,unblocker,"domain returned 403/429; needs the unblocker, not a new domain",,
030122,BANNER GATEWAY MEDICAL CENTER,1900 NORTH HIGLEY ROAD,GILBERT,AZ,85234,hpt-obf:v1:el7sidGFYOwI4X9a.l3YVTo_yie6Nfgtsjuqjlw.yOI9IEM0Sq7_T-boYhk,Acute Care Hospitals,bannerhealth.com,blocked,unblocker,"domain returned 403/429; needs the unblocker, not a new domain",,
03012F,PHOENIX VA MEDICAL CENTER,650 E. INDIAN SCHOOL ROAD,PHOENIX,AZ,85012,hpt-obf:v1:7HPyAammV04Iw3sM.jKpFg6o2A73TvTlZbAeSFg.FMNYF8EIonlhzTKeSNM,Acute Care - Veterans Administration,,no-domain,exempt-federal,federally owned; outside 45 CFR 180,,
030130,BANNER IRONWOOD MEDICAL CENTER,37000 NORTH GANTZEL ROAD,QUEEN CREEK,AZ,85140,hpt-obf:v1:LbOOndpAo_YHJ2AQ.mUSdixLNEP3yqq31lnyrTg.3vPXzN_QLL5NMFzJjZs,Acute Care Hospitals,bannerhealth.com,blocked,unblocker,"domain returned 403/429; needs the unblocker, not a new domain",,
030134,BANNER GOLDFIELD MEDICAL CENTER,2050 WEST SOUTHERN AVENUE,APACHE JUNCTION,AZ,85120,hpt-obf:v1:t799ZFZTlXa1MGaf.SsCZeuZjkMbY27zgCIt00A.9uTGFUY_7YnN92UO6aU,Acute Care Hospitals,bannerhealth.com,blocked,unblocker,"domain returned 403/429; needs the unblocker, not a new domain",,
030138,CITY OF HOPE CANCER CENTER PHOENIX,14200 WEST CELEBRATE LIFE WAY,GOODYEAR,AZ,85338,hpt-obf:v1:tJRllXg38fktBBnY.T57E_WQ5diulkQA6TzIyPA.f53mLiKUmQBwGoNjTsA,Acute Care Hospitals,cancercenter.com,blocked,unblocker,"domain returned 403/429; needs the unblocker, not a new domain",,
03013F,VA S. ARIZONA HEALTHCARE SYSTEM,3601 SOUTH SIXTH AVENUE,TUCSON,AZ,85723,hpt-obf:v1:938GyUBvWoPaP219.xv9hv8mKpUGD-2AlTM_Osg.q49x82-RtwS1Aw6JeRI,Acute Care - Veterans Administration,,no-domain,exempt-federal,federally owned; outside 45 CFR 180,,
030147,BANNER OCOTILLO MEDICAL CENTER,1405 SOUTH ALMA SCHOOL ROAD,CHANDLER,AZ,85286,hpt-obf:v1:gieDMZ2o6LDdnhlN.uZ79CL_qNiyWK9JeY1cNmA.Wj4Yt3tfp_8ccI6uVFg,Acute Care Hospitals,bannerhealth.com,blocked,unblocker,"domain returned 403/429; needs the unblocker, not a new domain",,
030195,KAYENTA ALTERNATIVE RURAL HOSPITAL,"US HWY 160, S MP 394, KAYENTA, AZ 86033-0368",KAYENTA,AZ,86033,hpt-obf:v1:6a0fTVUOeTV3UXbq.JDNbfm-wsgkn0-GpPAeuhg.AoCxSzd8HvOKeBblaEA,Acute Care Hospitals,,no-domain,exa-domain-lookup,no domain in the seed dataset,KAYENTA ALTERNATIVE RURAL HOSPITAL hospital KAYENTA AZ official website,
03033F,VA NORTHERN ARIZONA HEALTHCARE SYSTEM,500 HIGHWAY 89 NORTH,PRESCOTT,AZ,86313,hpt-obf:v1:Y-i0SEI3Nf-MtArY.wa-MbUwsNTkhnHF9ODIWLQ.dsCngbvU9iQjahIjwEM,Acute Care - Veterans Administration,,no-domain,exempt-federal,federally owned; outside 45 CFR 180,,
031304,PAGE HOSPITAL,501 NORTH NAVAJO DRIVE,PAGE,AZ,86040,hpt-obf:v1:PUNGzT6LS-k7oAoj.OIhhbGv4xQZFRsPJCM7MOw.ekoaoP3PKuC7ZrGMYno,Critical Access Hospitals,bannerhealth.com,blocked,unblocker,"domain returned 403/429; needs the unblocker, not a new domain",,
031305,HOPI HEALTH CARE CENTER,"HIGHWAY 264, MILEPOST 388",POLACCA,AZ,86042,hpt-obf:v1:7IqbucXkgwoXB3ss.MPLbEsA1BEvCutzhMm_clA.6Qe3grmyOkXKIVt3IfI,Critical Access Hospitals,,no-domain,exa-domain-lookup,no domain in the seed dataset,HOPI HEALTH CARE CENTER hospital POLACCA AZ official website,
031307,PARKER INDIAN HEALTH CENTER,12033 AGENCY ROAD,PARKER,AZ,85344,hpt-obf:v1:f4rzFTpgOOjTtgcY.klOsv2EnD6ZAGhMGKSK8QQ.wbqcb2brIeYZNN_2Y-E,Critical Access Hospitals,,no-domain,exa-domain-lookup,no domain in the seed dataset,PARKER INDIAN HEALTH CENTER hospital PARKER AZ official website,
031308,HUHU KAM MEMORIAL HOSPITAL,483 WEST SEED FARM ROAD,SACATON,AZ,85147,hpt-obf:v1:QgHk_gnDHgVHP9gc.u0hoTcZMMO0_aaJPjtRoZA.yXo5qzAyFNoQQ8AabcA,Critical Access Hospitals,,no-domain,exa-domain-lookup,no domain in the seed dataset,HUHU KAM MEMORIAL HOSPITAL hospital SACATON AZ official website,
031309,SAGE MEMORIAL HOSPITAL,HIGHWAY 264 WEST AND 191 SOUTH,GANADO,AZ,86505,hpt-obf:v1:MshVxpVVHGi6nCb1.TZWzkP3gmHgzrfLw0LvLOg.4AUcELZhcHTFAlIET-s,Critical Access Hospitals,sagememorial.com,notfound,exa-domain-lookup,pointer fetch failed (notfound); domain is likely wrong or stale,SAGE MEMORIAL HOSPITAL hospital GANADO AZ official website,
031311,LITTLE COLORADO MEDICAL CENTER,1501 NORTH WILLIAMSON AVENUE,WINSLOW,AZ,86047,hpt-obf:v1:Wz15jk7X-kqhkRES.aap9OEH1QteH8I5DnR76_g.UhiZVqLlXFfuTSpNbug,Critical Access Hospitals,,no-domain,exa-domain-lookup,no domain in the seed dataset,LITTLE COLORADO MEDICAL CENTER hospital WINSLOW AZ official website,
031313,HOLY CROSS HOSPITAL,1171 WEST TARGET RANGE ROAD,NOGALES,AZ,85621,hpt-obf:v1:19m5V9nxa4-zYd-2.a9x1sCU-Z0X2vuYN4byxcw.Onx4bFxPkzBWHCUH_iQ,Critical Access Hospitals,holycrosshealth.org,ok,name-match-review,pointer file works (2 entries) but none matched this hospital's name,,
031317,LA PAZ REGIONAL HOSPITAL,1200 WEST MOHAVE ROAD,PARKER,AZ,85344,hpt-obf:v1:Ay7CecWwF6WfaSu0.UQM5V12jlVq230bW_fqyGQ.DVRNnyWInp5e9E4ePKE,Critical Access Hospitals,,no-domain,exa-domain-lookup,no domain in the seed dataset,LA PAZ REGIONAL HOSPITAL hospital PARKER AZ official website,
031318,BANNER PAYSON MEDICAL CENTER,807 SOUTH PONDEROSA DRIVE,PAYSON,AZ,85541,hpt-obf:v1:QH8I_ml-KMR0VTqV.NjU8sKSHrHLMWNhI9CQGqQ.bMwY9R9Aks-yfiCL4uY,Critical Access Hospitals,bannerhealth.com,blocked,unblocker,"domain returned 403/429; needs the unblocker, not a new domain",,
031320,SAN CARLOS APACHE HEALTHCARE CORPORATION,103 MEDICINE WAY ROAD,PERIDOT,AZ,85542,hpt-obf:v1:e1xkJ-7NXGzjTnBe.ADyozTbuSC8J2tllC6zdhA.7epZRyTXie_QbExm6ow,Critical Access Hospitals,,no-domain,exa-domain-lookup,no domain in the seed dataset,SAN CARLOS APACHE HEALTHCARE CORPORATION hospital PERIDOT AZ official website,
034004,BANNER BEHAVIORAL HEALTH HOSPITAL,7575 EAST EARLL DRIVE,SCOTTSDALE,AZ,85251,hpt-obf:v1:cJMVJ_nCRm0JjJXV.MA5c0BLqWfXx_ywrKhlImg.Zla3jVx8ogddDWjdYYk,Psychiatric,bannerhealth.com,blocked,unblocker,"domain returned 403/429; needs the unblocker, not a new domain",,
034021,ARIZONA STATE HOSPITAL,2500 EAST VAN BUREN STREET,PHOENIX,AZ,85008,hpt-obf:v1:SaOKqyyog3Q-zpJJ.KjuSAH1ax74vGbE6asuWzA.UCncHWAaBSRZiNNVN58,Psychiatric,,no-domain,exa-domain-lookup,no domain in the seed dataset,ARIZONA STATE HOSPITAL hospital PHOENIX AZ official website,
034023,THE GUIDANCE CENTER,2187 NORTH VICKEY STREET,FLAGSTAFF,AZ,86004,hpt-obf:v1:c6IBp5Kyg0BJ_4_j.y_k7P_FbxZGV0Mbvpoj91A.OUFvBcOLxEZ2ZK8T2vU,Psychiatric,tgcaz.org,notfound,exa-domain-lookup,pointer fetch failed (notfound); domain is likely wrong or stale,THE GUIDANCE CENTER hospital FLAGSTAFF AZ official website,
034026,VALLEY HOSPITAL,3550 EAST PINCHOT AVENUE,PHOENIX,AZ,85018,hpt-obf:v1:npxslsZF3LhW4hP4.z4jaxRJ91K6h9KzErTP8tA.SVoIftpJSQyotrJeGP4,Psychiatric,,no-domain,exa-domain-lookup,no domain in the seed dataset,VALLEY HOSPITAL hospital PHOENIX AZ official website,
034030,PALO VERDE BEHAVIORAL HEALTH,2695 NORTH CRAYCROFT ROAD,TUCSON,AZ,85712,hpt-obf:v1:Jw9LfdJR2joF7Bs7.UJblX1egZjMHNUFExZzQiA.z1aiqE9Jo8QZtcS0Lc4,Psychiatric,,no-domain,exa-domain-lookup,no domain in the seed dataset,PALO VERDE BEHAVIORAL HEALTH hospital TUCSON AZ official website,
034031,QUAIL RUN BEHAVIORAL HEALTH,2545 WEST QUAIL AVENUE,PHOENIX,AZ,85027,hpt-obf:v1:r4McGttI_pA5Sgao.YE4z-6P2FKC3xb1vCmu5bw.66gfCoj11ir2UAdLaIU,Psychiatric,,no-domain,exa-domain-lookup,no domain in the seed dataset,QUAIL RUN BEHAVIORAL HEALTH hospital PHOENIX AZ official website,
034040,VIA LINDA BEHAVIORAL HOSPITAL,9160 EAST HORSESHOE RD,SCOTTSDALE,AZ,85258,hpt-obf:v1:lDWDSs31OhgwqbTs.p4taEoAq9B5bmtItrWgZnA.lbFaWUb38Gak6h8PhAM,Psychiatric,,no-domain,exa-domain-lookup,no domain in the seed dataset,VIA LINDA BEHAVIORAL HOSPITAL hospital SCOTTSDALE AZ official website,
040001,SILOAM SPRINGS REGIONAL HOSPITAL,603 NORTH PROGRESS AVENUE,SILOAM SPRINGS,AR,72761,hpt-obf:v1:eMF5dcIALePgByHX.AubShugRcl8lgPeN5gT4gA.naCHE1r9qymBykdnoYw,Acute Care Hospitals,northwesthealth.com,neterr,exa-domain-lookup,pointer fetch failed (neterr); domain is likely wrong or stale,SILOAM SPRINGS REGIONAL HOSPITAL hospital SILOAM SPRINGS AR official website,
040022,NORTHWEST MEDICAL CENTER-SPRINGDALE,609 WEST MAPLE AVENUE,SPRINGDALE,AR,72764,hpt-obf:v1:2oWOahpRD4pPFI-Z.uW9u9wWUiw0h27iy6rNDbg.NqcueijzjUkSjGx7yOc,Acute Care Hospitals,northwesthealth.com,neterr,exa-domain-lookup,pointer fetch failed (neterr); domain is likely wrong or stale,NORTHWEST MEDICAL CENTER-SPRINGDALE hospital SPRINGDALE AR official website,
04009F,FAYETTEVILLE AR VA MEDICAL CENTER,1100 N. COLLEGE AVENUE,FAYETTEVILLE,AR,72703,hpt-obf:v1:1GoL5ltZfQ5EnVjG.ObZfGLxDLouyAYUdav8xoA.9ey8tZZl_zH0GOisQqM,Acute Care - Veterans Administration,,no-domain,exempt-federal,federally owned; outside 45 CFR 180,,
04010F,VA CENTRAL AR. VETERANS HEALTHCARE SYSTEM LR,4300 WEST SEVENTH STREET,LITTLE ROCK,AR,72205,hpt-obf:v1:EJR7kIsY3D8rrPz-.Z7x779G133V5eJaKj_0mXw.vWLYn-aMVXyJV61Ud10,Acute Care - Veterans Administration,,no-domain,exempt-federal,federally owned; outside 45 CFR 180,,
040119,WHITE RIVER MEDICAL CENTER,1710 HARRISON STREET,BATESVILLE,AR,72503,hpt-obf:v1:mhk_22LHlX7EM7DC.C3xyGVQp1J9lcVNyGoFvhQ.FLULxxp9ENeUq4oXjtU,Acute Care Hospitals,,no-domain,exa-domain-lookup,no domain in the seed dataset,WHITE RIVER MEDICAL CENTER hospital BATESVILLE AR official website,
040132,LEVI HOSPITAL,300 PROSPECT AVE,HOT SPRINGS,AR,71901,hpt-obf:v1:QuahwDTedgjP9KsK.okrjDnOjj4_0QQTHVNBIeg.rUnwjqd1Zd5qWMQxlfM,Acute Care Hospitals,,no-domain,exa-domain-lookup,no domain in the seed dataset,LEVI HOSPITAL hospital HOT SPRINGS AR official website,
040147,ARKANSAS SURGICAL HOSPITAL,5201 NORTH SHORE DRIVE,NO LITTLE ROCK,AR,72118,hpt-obf:v1:ZelMPeHYUsBwZoMs.CquDElEL5zH5pv9Q5T-nKQ.8g9a6C5skXSq4eDvSyQ,Acute Care Hospitals,clariti-health.com,html,exa-domain-lookup,pointer fetch failed (html); domain is likely wrong or stale,ARKANSAS SURGICAL HOSPITAL hospital NO LITTLE ROCK AR official website,
040780,EUREKA SPRINGS HOSPITAL COMMISSION,24 NORRIS STREET,EUREKA SPRINGS,AR,72632,hpt-obf:v1:AHAsDPB4jmUU72q_.xuqWT2o7qPiBL7xhfp8XNQ.Ek6TfGbUXMbhFhzyCSg,Rural Emergency Hospital,,no-domain,exa-domain-lookup,no domain in the seed dataset,EUREKA SPRINGS HOSPITAL COMMISSION hospital EUREKA SPRINGS AR official website,
040781,HELENA REGIONAL MEDICAL CENTER,1801 MARTIN LUTHER KING JR DRIVE,HELENA,AR,72342,hpt-obf:v1:rfQJPgT1l-t7d-im.i_gPMEQKpaL3rJP7fMzjMg.s0I3dkctJbwLj4Bci0c,Rural Emergency Hospital,,no-domain,exa-domain-lookup,no domain in the seed dataset,HELENA REGIONAL MEDICAL CENTER hospital HELENA AR official website,
041310,STONE COUNTY MEDICAL CENTER,2106 EAST MAIN STREET,MOUNTAIN VIEW,AR,72560,hpt-obf:v1:VxRQM38jAQudru_X.vAXdO2t7Ru4sIS9XrVlrVQ.Dy2bx6qKqegF-iw8s6E,Critical Access Hospitals,,no-domain,exa-domain-lookup,no domain in the seed dataset,STONE COUNTY MEDICAL CENTER hospital MOUNTAIN VIEW AR official website,
041313,OZARK HEALTH,2500 HIGHWAY 65 SOUTH,CLINTON,AR,72031,hpt-obf:v1:dTPE9QH6cuMgQicx.iCFuzHHx0wFglY2sq7rLsA.u2u742UVALVn4_YeST4,Critical Access Hospitals,ozarkhealth.net,ok,name-match-review,pointer file works (0 entries) but none matched this hospital's name,,
041326,DELTA MEMORIAL HOSPITAL,811 HIGHWAY 65 SOUTH,DUMAS,AR,71639,hpt-obf:v1:3Z9QRuMkxNRI7-3M.L31sQNZ7Qtmch2Wa3r94zQ.P5JF98shTkXrZqXL39E,Critical Access Hospitals,,no-domain,exa-domain-lookup,no domain in the seed dataset,DELTA MEMORIAL HOSPITAL hospital DUMAS AR official website,
041330,PIGGOTT COMMUNITY HOSPITAL,1206 GORDON DUCKWORTH DRIVE,PIGGOTT,AR,72454,hpt-obf:v1:FO6IGGONFNb98HaY.Wn7XCE4q9J7FVVQrUgzcUA.Ym2lSDCxq544v-pLK78,Critical Access Hospitals,piggotthealthsystem.com,blocked,unblocker,"domain returned 403/429; needs the unblocker, not a new domain",,
044005,BRIDGEWAY HOSPITAL,21 BRIDGEWAY ROAD,NORTH LITTLE ROCK,AR,72113,hpt-obf:v1:TuDVPhIRDKajskRH.3JEAOWJmJFv0ENxdugVG6g.V8jscaYo-xqNTxsK5K0,Psychiatric,,no-domain,exa-domain-lookup,no domain in the seed dataset,BRIDGEWAY HOSPITAL hospital NORTH LITTLE ROCK AR official website,
044007,RIVENDELL BEHAVIORAL HEALTH SERVICES,100 RIVENDELL DRIVE,BENTON,AR,72019,hpt-obf:v1:fyPm-DO3rSXbEXeY.cvJGXlRBLHPrxVcMEsxDAQ.cmeW8AKWUzhzpSMcVtE,Psychiatric,,no-domain,exa-domain-lookup,no domain in the seed dataset,RIVENDELL BEHAVIORAL HEALTH SERVICES hospital BENTON AR official website,
044011,ARKANSAS STATE HOSPITAL,305 S PALM STREET,LITTLE ROCK,AR,72205,hpt-obf:v1:fELZIJkWzUQElEDd.jxcIA7YQxn9h-HtEDw7HRQ.KrfUmGnHIDb1Fn18pPc,Psychiatric,humanservices.arkansas.gov,notfound,exa-domain-lookup,pointer fetch failed (notfound); domain is likely wrong or stale,ARKANSAS STATE HOSPITAL hospital LITTLE ROCK AR official website,
044017,UNITED METHODIST BEHAVIORAL HOSPITAL,1601 MURPHY DRIVE,MAUMELLE,AR,72113,hpt-obf:v1:40nv-ECi0C4Jy0AG.M865EWyGj3cvQqslagB-sQ.vb9J4et2PfqoBP3tUBQ,Psychiatric,,no-domain,exa-domain-lookup,no domain in the seed dataset,UNITED METHODIST BEHAVIORAL HOSPITAL hospital MAUMELLE AR official website,
044019,SPRINGWOODS BEHAVIORAL HEALTH SERVICES,1955 WEST TRUCKER'S DRIVE,FAYETTEVILLE,AR,72704,hpt-obf:v1:K01v3arCdgGWYTEC.HX5c5MT8YhLx0jOjpsrd7g.fGr78LvkZ4lFTX5Wg0A,Psychiatric,,no-domain,exa-domain-lookup,no domain in the seed dataset,SPRINGWOODS BEHAVIORAL HEALTH SERVICES hospital FAYETTEVILLE AR official website,
044021,PERIMETER BEHAVIORAL HOSPITAL OF WEST MEMPHIS,600 NORTH 7TH STREET,WEST MEMPHIS,AR,72301,hpt-obf:v1:Ylp3b7aPrj-dwRbO.bboUrkVbpMpT1x0iyZI5ew.soJuU-9I0zmorB9uIag,Psychiatric,perimeterhealthcare.com,ok,name-match-review,pointer file works (7 entries) but none matched this hospital's name,,
050007,PENINSULA MEDICAL CENTER,1501 TROUSDALE DRIVE,BURLINGAME,CA,94010,hpt-obf:v1:A_OmU3_39wXC-YO9.AH7R6IDPcLbis5WQpnynnw.724-8eKREDao-UHY6KM,Acute Care Hospitals,sutterhealth.org,failed,exa-domain-lookup,pointer fetch failed (failed); domain is likely wrong or stale,PENINSULA MEDICAL CENTER hospital BURLINGAME CA official website,
050008,CALIFORNIA PACIFIC MEDICAL CTR-DAVIES CAMPUS HOSP,601 DUBOCE AVENUE,SAN FRANCISCO,CA,94117,hpt-obf:v1:JUT4GljSRcAOFC0m.99Je5IFK4jr0greCn9cakQ.H3KevZSn7cLdUpHNgrc,Acute Care Hospitals,sutterhealth.org,failed,exa-domain-lookup,pointer fetch failed (failed); domain is likely wrong or stale,CALIFORNIA PACIFIC MEDICAL CTR-DAVIES CAMPUS HOSP hospital SAN FRANCISCO CA official website,
050014,SUTTER AMADOR HOSPITAL,200 MISSION BLVD,JACKSON,CA,95642,hpt-obf:v1:Lsjj_JR3frPPWq_3.gqlKb8TmhsuF-pXFGhfOlg.hVkfFV2EiF2qxufiez8,Acute Care Hospitals,sutterhealth.org,failed,exa-domain-lookup,pointer fetch failed (failed); domain is likely wrong or stale,SUTTER AMADOR HOSPITAL hospital JACKSON CA official website,
050025,UC SAN DIEGO HEALTH HILLCREST - HILLCREST MED CTR,200 WEST ARBOR DRIVE,SAN DIEGO,CA,92103,hpt-obf:v1:NAzhA9MpsO8trif7.5ByRz3z2haZTdywgCn3R6Q.qLWt0R7SNteD-b8uLWo,Acute Care Hospitals,health.ucsd.edu,neterr,exa-domain-lookup,pointer fetch failed (neterr); domain is likely wrong or stale,UC SAN DIEGO HEALTH HILLCREST - HILLCREST MED CTR hospital SAN DIEGO CA official website,
050028,MAD RIVER COMMUNITY HOSPITAL,3800 JANES RD,ARCATA,CA,95521,hpt-obf:v1:kM93iO2BOGrhXpNu.jWJiL00K8jFmZug0sRnTuQ.4Brisok7YWCxoM_7fuE,Acute Care Hospitals,madriverhospital.com,html,exa-domain-lookup,pointer fetch failed (html); domain is likely wrong or stale,MAD RIVER COMMUNITY HOSPITAL hospital ARCATA CA official website,
050030,OROVILLE HOSPITAL,2767 OLIVE HIGHWAY,OROVILLE,CA,95966,hpt-obf:v1:OrE60aCQUCHVdJS6.aBrSIv1CHcjRpA0Qy0Fa0w.ydWqntA5QFI8zK28VnY,Acute Care Hospitals,,no-domain,exa-domain-lookup,no domain in the seed dataset,OROVILLE HOSPITAL hospital OROVILLE CA official website,
050038,SANTA CLARA VALLEY MEDICAL CENTER,751 SOUTH BASCOM AVENUE,SAN JOSE,CA,95128,hpt-obf:v1:1YUyINE3W1Ae3F36.SygzaVYNUwJLzVAVaiXO6w.MxMtkU4LdywIW3tHeQI,Acute Care Hospitals,,no-domain,exa-domain-lookup,no domain in the seed dataset,SANTA CLARA VALLEY MEDICAL CENTER hospital SAN JOSE CA official website,
050043,ALTA BATES SUMMIT MEDICAL CENTER,350 HAWTHORNE AVENUE,OAKLAND,CA,94609,hpt-obf:v1:14yjUhLfmSob5sz_.x2RzeSGC_tSXwtFF6ZQ7KA.KKdsxE5FNtmV96JeMJk,Acute Care Hospitals,sutterhealth.org,failed,exa-domain-lookup,pointer fetch failed (failed); domain is likely wrong or stale,ALTA BATES SUMMIT MEDICAL CENTER hospital OAKLAND CA official website,
050047,CALIFORNIA PACIFIC MEDICAL CENTER- VAN NESS CAMPUS,1101 VAN NESS AVENUE,SAN FRANCISCO,CA,94109,hpt-obf:v1:Nu0vRUPqbBw0m_Br.W9-E7tFOnllorQnVP_TTtA.L3ooLd7zDem8-IE_vVo,Acute Care Hospitals,sutterhealth.org,failed,exa-domain-lookup,pointer fetch failed (failed); domain is likely wrong or stale,CALIFORNIA PACIFIC MEDICAL CENTER- VAN NESS CAMPUS hospital SAN FRANCISCO CA official website,
050055,CALIFORNIA PACIFIC MEDICAL CENTER - MISSION BERNAL,3555 CESAR CHAVEZ,SAN FRANCISCO,CA,94110,hpt-obf:v1:3IxKJXQfsBnN4I0Q.6wvTetWWdvHBmQVjkrX6iA.vCthn1SANxUNlShBT8E,Acute Care Hospitals,sutterhealth.org,failed,exa-domain-lookup,pointer fetch failed (failed); domain is likely wrong or stale,CALIFORNIA PACIFIC MEDICAL CENTER - MISSION BERNAL hospital SAN FRANCISCO CA official website,
050090,SONOMA VALLEY HOSPITAL,347 ANDRIEUX ST,SONOMA,CA,95476,hpt-obf:v1:VkaQE5j6vZ3kmSBB.gGjUp70diICNhKck-s8b8w.HCT2EDM09wrIhlrjjnI,Acute Care Hospitals,,no-domain,exa-domain-lookup,no domain in the seed dataset,SONOMA VALLEY HOSPITAL hospital SONOMA CA official website,
050101,SUTTER SOLANO MEDICAL CENTER,300 HOSPITAL DR,VALLEJO,CA,94589,hpt-obf:v1:c8JG-2TxjmFyOEmx.yR-ep5Ta8Pq8KCkNWcS8bw.zgR99M_16jG-HSK6XCo,Acute Care Hospitals,sutterhealth.org,failed,exa-domain-lookup,pointer fetch failed (failed); domain is likely wrong or stale,SUTTER SOLANO MEDICAL CENTER hospital VALLEJO CA official website,
050108,"SUTTER MEDICAL CENTER, SACRAMENTO",2825 CAPITOL AVENUE,SACRAMENTO,CA,95816,hpt-obf:v1:z8olZtV4G5hiS6bJ.aGlaWoZegD4htJeCH53aCA.wX1RykzNZ_XFCWKwBoM,Acute Care Hospitals,sutterhealth.org,failed,exa-domain-lookup,pointer fetch failed (failed); domain is likely wrong or stale,"SUTTER MEDICAL CENTER, SACRAMENTO hospital SACRAMENTO CA official website",
050110,LOMPOC VALLEY MEDICAL CENTER,1515 E OCEAN AVENUE,LOMPOC,CA,93436,hpt-obf:v1:mNhmGCf-OUEjftFa.y2zsKznn6Tdta7Qj9ROJ4g.HKAYD4btLt6XCTLv5xQ,Acute Care Hospitals,,no-domain,exa-domain-lookup,no domain in the seed dataset,LOMPOC VALLEY MEDICAL CENTER hospital LOMPOC CA official website,
050115,PALOMAR HEALTH DOWNTOWN CAMPUS,555 EAST VALLEY PARKWAY,ESCONDIDO,CA,92025,hpt-obf:v1:_05GKTB9N1COQYKx.EV8wKhjHs8ltBUqFEG8R7Q.8Jwne28f4AeOq14fNV8,Acute Care Hospitals,palomarhealth.org,notfound,exa-domain-lookup,pointer fetch failed (notfound); domain is likely wrong or stale,PALOMAR HEALTH DOWNTOWN CAMPUS hospital ESCONDIDO CA official website,
050118,DOCTORS HOSPITAL OF MANTECA,1205 E NORTH STREET,MANTECA,CA,95336,hpt-obf:v1:HmnKLiBTKohwHwqK.S0wRLQEg7eT5tPZV-2tLCw.fkIyTyeMElyORBOgiXY,Acute Care Hospitals,,no-domain,exa-domain-lookup,no domain in the seed dataset,DOCTORS HOSPITAL OF MANTECA hospital MANTECA CA official website,
050131,NOVATO COMMUNITY HOSPITAL,180 ROWLAND WAY,NOVATO,CA,94945,hpt-obf:v1:_FS3Sm72pZ-_NIw6.oh5CPoH1P0I8q8YZOGtWLA.RoambE502ZXAg8ZkB3Y,Acute Care Hospitals,sutterhealth.org,failed,exa-domain-lookup,pointer fetch failed (failed); domain is likely wrong or stale,NOVATO COMMUNITY HOSPITAL hospital NOVATO CA official website,
050152,UCSF HEALTH SAINT FRANCIS HOSPITAL,900 HYDE ST,SAN FRANCISCO,CA,94109,hpt-obf:v1:DYAbcvRkc21pIGAA.4ibv_9A6KXFm3XaNIG1Eeg.GUbI9Q_-0jNhAFhRgHY,Acute Care Hospitals,dignityhealth.org,ok,name-match-review,pointer file works (72 entries) but none matched this hospital's name,,
05015F,60th Medical Group (Travis AFB),101 Bodin Cir Bldg 777,Travis AFB,CA,94535,hpt-obf:v1:lxYJt8kwQH39w90p.PEib3cgk1z0alFDmveCuQA.XVkIcDfkWj0BEI1Y32o,Acute Care - Department of Defense,,no-domain,exempt-federal,federally owned; outside 45 CFR 180,,
050169,PIH HEALTH HOSPITAL-WHITTIER,12401 WASHINGTON BLVD,WHITTIER,CA,90602,hpt-obf:v1:tNhtg5_RfwNO03kd.dMzggBLvY9niMi-OiXsFgg.fhxkHmQj4RI2QyJX24M,Acute Care Hospitals,,no-domain,exa-domain-lookup,no domain in the seed dataset,PIH HEALTH HOSPITAL-WHITTIER hospital WHITTIER CA official website,
050179,EMANUEL MEDICAL CENTER,825 DELBON AVE,TURLOCK,CA,95382,hpt-obf:v1:HnL2QfTOPdd08gnd.7sxWtHJNinDQwkTejsWlkQ.iKkqT0IteTj2EUQiT5U,Acute Care Hospitals,,no-domain,exa-domain-lookup,no domain in the seed dataset,EMANUEL MEDICAL CENTER hospital TURLOCK CA official website,
050195,WASHINGTON HOSPITAL,2000 MOWRY AVE,FREMONT,CA,94538,hpt-obf:v1:cmhDzD22xqBpkpQ7.TFVQ-tsHp9XR1xu3shjSzA.fLMmVrCiy014MpKuutk,Acute Care Hospitals,,no-domain,exa-domain-lookup,no domain in the seed dataset,WASHINGTON HOSPITAL hospital FREMONT CA official website,
05020F,NH Camp Pendleton,200 Mercy Cir,Camp Pendleton,CA,92055,hpt-obf:v1:FrstjF1DQZ64piGo.COn4Dgqp-9sEBgRnealEJA.k00xBM1rkteyyAMfaC8,Acute Care - Department of Defense,,no-domain,exempt-federal,federally owned; outside 45 CFR 180,,
050211,ALAMEDA HOSPITAL,2070 CLINTON AVENUE,ALAMEDA,CA,94501,hpt-obf:v1:DyOYWkyIqNFH5UNB.BSzqnuIcVL0nFC5er0expQ.XwZ1DSBD7X2K-aXsdA4,Acute Care Hospitals,alamedahealthsystem.org,html,exa-domain-lookup,pointer fetch failed (html); domain is likely wrong or stale,ALAMEDA HOSPITAL hospital ALAMEDA CA official website,
05022F,NMC San Diego,34800 Bob Wilson Dr,San Diego,CA,92134,hpt-obf:v1:UOVOn6VZYjj_mMse.OLZxxsc3ZNYt4wElHaSHQg.lSzuVNPUc5TyMPcCByw,Acute Care - Department of Defense,,no-domain,exempt-federal,federally owned; outside 45 CFR 180,,
050236,ADVENTIST HEALTH SIMI VALLEY,2975 N SYCAMORE DR,SIMI VALLEY,CA,93065,hpt-obf:v1:3Jd8jja1ny54FYn0.wtU8pMedN69Jsy-Bg9yMAA.zbSiDc-DUxn78uDDruI,Acute Care Hospitals,adventisthealth.org,ok,name-match-review,pointer file works (23 entries) but none matched this hospital's name,,
050243,DESERT REGIONAL MEDICAL CENTER,1150 NORTH INDIAN CANYON DRIVE,PALM SPRINGS,CA,92262,hpt-obf:v1:kM1XgksrYj4Qfm4S.fMQ52fVGjW398CrwhUz4Rw.yPjJHl-Oca2VgySL2Zo,Acute Care Hospitals,,no-domain,exa-domain-lookup,no domain in the seed dataset,DESERT REGIONAL MEDICAL CENTER hospital PALM SPRINGS CA official website,
05025F,FRESNO VA MEDICAL CENTER (VA CENTRAL CALIFORNIA HEALTHCARE SYSTEM),2615 E. CLINTON AVENUE,FRESNO,CA,93703,hpt-obf:v1:NoKfFX657R0U7VEa.dOl1d93mSqQQ-6cyPEok2Q.CMH5LrzC6NxBkK2iFOk,Acute Care - Veterans Administration,,no-domain,exempt-federal,federally owned; outside 45 CFR 180,,
050279,HI-DESERT MEDICAL CENTER,6601 WHITE FEATHER ROAD,JOSHUA TREE,CA,92252,hpt-obf:v1:oPHWHCtTaCYF2dxt.0RfbrhwTdcaSmM66o4cK8Q.9cBhps-qyxDNQ999ks8,Acute Care Hospitals,,no-domain,exa-domain-lookup,no domain in the seed dataset,HI-DESERT MEDICAL CENTER hospital JOSHUA TREE CA official website,
05027F,VA LONG BEACH HEALTHCARE SYSTEM,5901 E. SEVENTH STREET,LONG BEACH,CA,90822,hpt-obf:v1:C5e4uV7QHpMs2mkW.-COwwjl48iEXk75xJoRE4Q.s6V5KJgfZaEk-8hcbRM,Acute Care - Veterans Administration,,no-domain,exempt-federal,federally owned; outside 45 CFR 180,,
050291,SUTTER SANTA ROSA REGIONAL HOSPITAL,30 MARK WEST SPRINGS ROAD,SANTA ROSA,CA,95403,hpt-obf:v1:TObpVloWF1fRBcip.3uNuL6TglZoX51MgIdHtng.BatkfVxhZnq6BnJA5t4,Acute Care Hospitals,sutterhealth.org,failed,exa-domain-lookup,pointer fetch failed (failed); domain is likely wrong or stale,SUTTER SANTA ROSA REGIONAL HOSPITAL hospital SANTA ROSA CA official website,
050305,ALTA BATES SUMMIT MEDICAL CENTER - ALTA BATES CAMP,2450 ASHBY AVENUE,BERKELEY,CA,94705,hpt-obf:v1:SFgi1yAohffLyinT.Ems3YpYSKQVdt1Gca-okzA.LZy-1KfY6QSO05zw4MQ,Acute Care Hospitals,sutterhealth.org,failed,exa-domain-lookup,pointer fetch failed (failed); domain is likely wrong or stale,ALTA BATES SUMMIT MEDICAL CENTER - ALTA BATES CAMP hospital BERKELEY CA official website,
050309,SUTTER ROSEVILLE MEDICAL CENTER,ONE MEDICAL PLAZA,ROSEVILLE,CA,95661,hpt-obf:v1:aiqL8nRzT4ntyxYs.SR-cN73fd7n2cUxAk-gXxA.yZ2AI0RllJhSMKk_n0U,Acute Care Hospitals,sutterhealth.org,failed,exa-domain-lookup,pointer fetch failed (failed); domain is likely wrong or stale,SUTTER ROSEVILLE MEDICAL CENTER hospital ROSEVILLE CA official website,
05030F,VA N CALIFORNIA HEALTHCARE SYSTEM,10535 HOSPITAL WAY,MATHER,CA,95655,hpt-obf:v1:iIyiuoGQi8rSoLhz.5yQ7LGrbefeKIb2IFCQl5g.WpSb-08sNVwYBeRmvtI,Acute Care - Veterans Administration,,no-domain,exempt-federal,federally owned; outside 45 CFR 180,,
050313,SUTTER TRACY COMMUNITY HOSPITAL,1420 NORTH TRACY BLVD,TRACY,CA,95376,hpt-obf:v1:_9yYr3oFdDObpTdZ.zAY1sz09QWYvp404rrKclg.Rlh_IiC8rKKgOr3TNDY,Acute Care Hospitals,sutterhealth.org,failed,exa-domain-lookup,pointer fetch failed (failed); domain is likely wrong or stale,SUTTER TRACY COMMUNITY HOSPITAL hospital TRACY CA official website,
05031F,PALO ALTO VA MEDICAL CENTER,3801 MIRANDA AVENUE,PALO ALTO,CA,94304,hpt-obf:v1:tTukbizIyLP2xS-H.ATvbE4zdZPQfwGZ4fRvrAg.bYWQ8YhfG9xxwtCFv3k,Acute Care - Veterans Administration,,no-domain,exempt-federal,federally owned; outside 45 CFR 180,,
050320,HIGHLAND HOSPITAL,1411 EAST 31ST STREET,OAKLAND,CA,94602,hpt-obf:v1:O33SyIlgNS9W3rtI.QW7un9iQ_4c4U6AU78r86g.CW0BB-WZlMVUm-ljMvY,Acute Care Hospitals,alamedahealthsystem.org,html,exa-domain-lookup,pointer fetch failed (html); domain is likely wrong or stale,HIGHLAND HOSPITAL hospital OAKLAND CA official website,
050393,PIH HEALTH DOWNEY HOSPITAL,11500 BROOKSHIRE AVENUE,DOWNEY,CA,90241,hpt-obf:v1:EyIpG1eEWljtcCzL.Maxc_VzwKkyoY8x0Gf6VYw.s6Jj8mfH_A5jAL-C0fU,Acute Care Hospitals,,no-domain,exa-domain-lookup,no domain in the seed dataset,PIH HEALTH DOWNEY HOSPITAL hospital DOWNEY CA official website,
05039F,NH Twentynine Palms,1145 Sturgis Rd,Twentynine Palms,CA,92278,hpt-obf:v1:klOYMd-_ScBHjYf1.YbSrj1-HX4lDFlFty339Kg.b6z3jnddOT0VyudEPfg,Acute Care - Department of Defense,,no-domain,exempt-federal,federally owned; outside 45 CFR 180,,
050417,SUTTER COAST HOSPITAL,800 E WASHINGTON BLVD,CRESCENT CITY,CA,95531,hpt-obf:v1:_jTBpHm2xDjHaudR.Obq4wSBhnw1qW-5EieUdcQ.aeuWpdOfFBXDMpmK3Bk,Acute Care Hospitals,sutterhealth.org,failed,exa-domain-lookup,pointer fetch failed (failed); domain is likely wrong or stale,SUTTER COAST HOSPITAL hospital CRESCENT CITY CA official website,
05041F,Weed ACH (FT Irwin),390 N Loop Rd,Fort Irwin,CA,92310,hpt-obf:v1:WHGrBJJEs28OqK8R.g3lyi8AhRF57LimwYBnHPA.Cx9YJl7NBKuT-1ZLnCM,Acute Care - Department of Defense,,no-domain,exempt-federal,federally owned; outside 45 CFR 180,,
050438,HUNTINGTON HOSPITAL,100 W  CALIFORNIA BLVD,PASADENA,CA,91109,hpt-obf:v1:9NOXSHgt0ptuvohp.qbfDZoCmJsdEin8fJh7Quw.c38TAErkMP0UfZWNhkY,Acute Care Hospitals,huntingtonhealth.org,blocked,unblocker,"domain returned 403/429; needs the unblocker, not a new domain",,
050455,ADVENTIST HEALTH BAKERSFIELD,2615 CHESTER AVENUE,BAKERSFIELD,CA,93301,hpt-obf:v1:yFresMX28EVWm1XW.eq6f3eebH6kLOnVCFkF6Vw.vj1xaTrLeVILFnV46Ts,Acute Care Hospitals,adventisthealth.org,ok,name-match-review,pointer file works (23 entries) but none matched this hospital's name,,
050457,UCSF HEALTH ST. MARY'S HOSPITAL,450 STANYAN ST,SAN FRANCISCO,CA,94117,hpt-obf:v1:bk1mulh3bq7cnLk3.lZ-LGYtm-D64JVQmuN3XMQ.70zNDf6Q-rlfSYkePP0,Acute Care Hospitals,dignityhealth.org,ok,name-match-review,pointer file works (72 entries) but none matched this hospital's name,,
050464,DOCTORS MEDICAL CENTER,1441 FLORIDA AVENUE,MODESTO,CA,95350,hpt-obf:v1:G3OV7QOX2Ez_vo5j.mCpjn1VG3JvjRf8v2QSgww.KyC7ewe0nk0KXsk7jeA,Acute Care Hospitals,,no-domain,exa-domain-lookup,no domain in the seed dataset,DOCTORS MEDICAL CENTER hospital MODESTO CA official website,
050471,PIH HEALTH GOOD SAMARITAN HOSPITAL,1225 WILSHIRE BOULEVARD,LOS ANGELES,CA,90017,hpt-obf:v1:oq1bZEDLsTVzhMQY.yjYWYgDzeSb1VWJm7n3tEQ.zupVnDWw3nVyYF6yd9k,Acute Care Hospitals,,no-domain,exa-domain-lookup,no domain in the seed dataset,PIH HEALTH GOOD SAMARITAN HOSPITAL hospital LOS ANGELES CA official website,
050488,EDEN MEDICAL CENTER,20103 LAKE CHABOT ROAD,CASTRO VALLEY,CA,94546,hpt-obf:v1:B2A52aLWdd5jq3um.p_kct-Vsf4NkUR-uG5UXzw.qn8f9K1_8IAv6oousp4,Acute Care Hospitals,sutterhealth.org,failed,exa-domain-lookup,pointer fetch failed (failed); domain is likely wrong or stale,EDEN MEDICAL CENTER hospital CASTRO VALLEY CA official website,
050498,SUTTER AUBURN FAITH HOSPITAL,11815 EDUCATION STREET,AUBURN,CA,95603,hpt-obf:v1:c70L1a9KfHuK25Pq.wgr9kGQKUREpXUAkdXPa3g.ZtwuwV0iD_VFAc6zWTM,Acute Care Hospitals,sutterhealth.org,failed,exa-domain-lookup,pointer fetch failed (failed); domain is likely wrong or stale,SUTTER AUBURN FAITH HOSPITAL hospital AUBURN CA official website,
050523,SUTTER DELTA MEDICAL CENTER,3901 LONE TREE WAY,ANTIOCH,CA,94509,hpt-obf:v1:dNKL4Sv8mt1lBgmy.mCmorxPlQ0AcgMSq9llihg.0nXLSEPFg-0PZpTfWpc,Acute Care Hospitals,sutterhealth.org,failed,exa-domain-lookup,pointer fetch failed (failed); domain is likely wrong or stale,SUTTER DELTA MEDICAL CENTER hospital ANTIOCH CA official website,
050528,MEMORIAL HOSPITAL LOS BANOS,520 WEST I ST,LOS BANOS,CA,93635,hpt-obf:v1:EIzUfAXSPJXr_cDF.dTXobiMgUuKQ_tJlw8dAcw.00zA_2RtNauW6CeiH-o,Acute Care Hospitals,sutterhealth.org,failed,exa-domain-lookup,pointer fetch failed (failed); domain is likely wrong or stale,MEMORIAL HOSPITAL LOS BANOS hospital LOS BANOS CA official website,
050534,JOHN F KENNEDY MEMORIAL HOSPITAL,47111 MONROE STREET,INDIO,CA,92201,hpt-obf:v1:w3CBgrt22ss1dsBa.QUhvqJKiRJvi5By5jNhzkw.GIFW55M2E1XG0l8E3zI,Acute Care Hospitals,,no-domain,exa-domain-lookup,no domain in the seed dataset,JOHN F KENNEDY MEMORIAL HOSPITAL hospital INDIO CA official website,
050537,SUTTER DAVIS HOSPITAL,2000 SUTTER PLACE,DAVIS,CA,95616,hpt-obf:v1:dLEUT05DNLd1G_QG.TGudQXdiqiST2nF5MXEmbA.N2-Qt9Ul4RmPeEo3j3o,Acute Care Hospitals,sutterhealth.org,failed,exa-domain-lookup,pointer fetch failed (failed); domain is likely wrong or stale,SUTTER DAVIS HOSPITAL hospital DAVIS CA official website,
050543,COLLEGE HOSPITAL COSTA MESA,301 VICTORIA STREET,COSTA MESA,CA,92627,hpt-obf:v1:N0lcOtwalLIHwERV.GRwA-VTZhOb2iFABubzDHw.ixf2ngIsBFuC5rNN2Gw,Acute Care Hospitals,chc.la,html,exa-domain-lookup,pointer fetch failed (html); domain is likely wrong or stale,COLLEGE HOSPITAL COSTA MESA hospital COSTA MESA CA official website,
050546,PORTERVILLE DEVELOPMENTAL CENTER,26501 AVENUE 140,PORTERVILLE,CA,93258,hpt-obf:v1:tkklYqSu7N2oe8Q4.IDVDGmLYjXnN0AlkokrN5A.qW62ANKa1-LVH2mPuFU,Acute Care Hospitals,,no-domain,exa-domain-lookup,no domain in the seed dataset,PORTERVILLE DEVELOPMENTAL CENTER hospital PORTERVILLE CA official website,
050557,MEMORIAL MEDICAL CENTER,1700 COFFEE RD,MODESTO,CA,95355,hpt-obf:v1:Iv5aRCa3qYDecrWu.x-xJDMGFoSk0gsPJ6hxWew.SKDTFBOgW4PhYKIxtlQ,Acute Care Hospitals,sutterhealth.org,failed,exa-domain-lookup,pointer fetch failed (failed); domain is likely wrong or stale,MEMORIAL MEDICAL CENTER hospital MODESTO CA official website,
050636,PALOMAR MEDICAL CENTER POWAY,15615 POMERADO ROAD,POWAY,CA,92064,hpt-obf:v1:lgWxdi3DQhhPeKO3.c8t5-wtzmbr3d4hr6LbOig.bEEYfwC2mTAbpJs8ETU,Acute Care Hospitals,palomarhealth.org,notfound,exa-domain-lookup,pointer fetch failed (notfound); domain is likely wrong or stale,PALOMAR MEDICAL CENTER POWAY hospital POWAY CA official website,
050668,LAGUNA HONDA HOSPITAL & REHABILITATION CENTER,375 LAGUNA HONDA BLVD,SAN FRANCISCO,CA,94116,hpt-obf:v1:irxomARLsR2yePdA.BaXbX5Qe-DHWFtxNfsIxtw.Vop1YU99-LHEorbZJGQ,Acute Care Hospitals,,no-domain,exa-domain-lookup,no domain in the seed dataset,LAGUNA HONDA HOSPITAL & REHABILITATION CENTER hospital SAN FRANCISCO CA official website,
050689,SAN RAMON REGIONAL MEDICAL CENTER,6001 NORRIS CANYON ROAD,SAN RAMON,CA,94583,hpt-obf:v1:QM6W7hSgKQqU-PA0.W28MbbIqfUomXZlePb1xew.wkk0iu8J4rLoFm41N5w,Acute Care Hospitals,,no-domain,exa-domain-lookup,no domain in the seed dataset,SAN RAMON REGIONAL MEDICAL CENTER hospital SAN RAMON CA official website,
050704,MISSION COMMUNITY HOSPITAL,14850 ROSCOE BLVD,PANORAMA CITY,CA,91402,hpt-obf:v1:IqHEqRqLQ13vWop0.MxFX7LgO3zcFcGghP6poiA.3OAVsAyad8TtXlMOKhI,Acute Care Hospitals,missionhealth.org,ok,name-match-review,pointer file works (9 entries) but none matched this hospital's name,,
050708,FRESNO SURGICAL HOSPITAL,6125 NORTH FRESNO ST,FRESNO,CA,93710,hpt-obf:v1:HX7F5B4Ed9V-ZLNT.sb3XYI_DDHN8Sd0ASGyMng.Cf_5VHAenbj2NV2dPPQ,Acute Care Hospitals,fresnosurgicalhospital.com,blocked,unblocker,"domain returned 403/429; needs the unblocker, not a new domain",,
050714,SUTTER MATERNITY & SURGERY CENTER OF SANTA CRUZ,2900 CHANTICLEER AVENUE,SANTA CRUZ,CA,95065,hpt-obf:v1:ggSgCimwHI8wfhdg.fx3_LnesZyEEgeY_a61Ypw.IMFu2udFslrowWbhHY4,Acute Care Hospitals,sutterhealth.org,failed,exa-domain-lookup,pointer fetch failed (failed); domain is likely wrong or stale,SUTTER MATERNITY & SURGERY CENTER OF SANTA CRUZ hospital SANTA CRUZ CA official website,
050726,STANISLAUS SURGICAL HOSPITAL,1421 OAKDALE ROAD,MODESTO,CA,95355,hpt-obf:v1:-XCRM7E00USWbarj.ixICqJ_RPyjw2uqk5xEOVg._B5cZin_qV6E11yZQ5A,Acute Care Hospitals,stanislaussurgical.com,neterr,exa-domain-lookup,pointer fetch failed (neterr); domain is likely wrong or stale,STANISLAUS SURGICAL HOSPITAL hospital MODESTO CA official website,
050766,SUTTER SURGICAL HOSPITAL - NORTH VALLEY,455 PLUMAS BLVD,YUBA CITY,CA,95991,hpt-obf:v1:fU-FojnjkIb1MZ9m.a05F8y1bz4bipZpBi-7Z8Q.VcnYWLxkRe5CFzHk8pQ,Acute Care Hospitals,sutterhealth.org,failed,exa-domain-lookup,pointer fetch failed (failed); domain is likely wrong or stale,SUTTER SURGICAL HOSPITAL - NORTH VALLEY hospital YUBA CITY CA official website,
050775,TEMECULA VALLEY HOSPITAL,31700 TEMECULA PKWY,TEMECULA,CA,92592,hpt-obf:v1:tHRZ05IyPl8C9FXY.wbyny11e88QBhbrWwA4qfw.nqglBWgMXjZcIneMjug,Acute Care Hospitals,,no-domain,exa-domain-lookup,no domain in the seed dataset,TEMECULA VALLEY HOSPITAL hospital TEMECULA CA official website,
050779,"MARTIN LUTHER KING, JR. COMMUNITY HOSPITAL",1680 EAST 120TH STREET,LOS ANGELES,CA,90059,hpt-obf:v1:NKGAQfCpsdrusoSb.Edt_5iePdBRhAiOmwvGmJw.ANfIlD6-NdGe8pYHm3Q,Acute Care Hospitals,,no-domain,exa-domain-lookup,no domain in the seed dataset,"MARTIN LUTHER KING, JR. COMMUNITY HOSPITAL hospital LOS ANGELES CA official website",
050785,DOCS SURGICAL HOSPITAL,6000 SAN VICENTE BLVD,LOS ANGELES,CA,90036,hpt-obf:v1:ojkTwHwuKDcLK-k3.UXn536l4rWAmp-doxVdIyw.L66GGHCLQojQ8GJ8m9E,Acute Care Hospitals,docshealth.com,blocked,unblocker,"domain returned 403/429; needs the unblocker, not a new domain",,
05114F,VA SAN DIEGO HEALTHCARE SYSTEM,3350 LA JOLLA VILLAGE DRIVE,SAN DIEGO,CA,92161,hpt-obf:v1:m26GdXJF1KHb6l06.BB9mVfgy_SBOpW6sEtcCQQ.EjuiVo1hokcvw_jJrZk,Acute Care - Veterans Administration,,no-domain,exempt-federal,federally owned; outside 45 CFR 180,,
05127F,LOMA LINDA VA MEDICAL CENTER,11201 BENTON STREET,LOMA LINDA,CA,92357,hpt-obf:v1:ZGX6PuUDeJpvKYUc.SyPKMSyI_o10O1riCFk3_w.o0IZku_s42yJXPrlloU,Acute Care - Veterans Administration,,no-domain,exempt-federal,federally owned; outside 45 CFR 180,,
05128F,VA GREATER LOS ANGELES HEALTHCARE SYSTEM,11301 WILSHIRE BLVD.,LOS ANGELES,CA,90073,hpt-obf:v1:9wpa9XwC_ID9BAgT.o_oKmczJJJ_yyI5V12cwDA.TX45cuPEHX1PptkELH8,Acute Care - Veterans Administration,,no-domain,exempt-federal,federally owned; outside 45 CFR 180,,
051308,SURPRISE VALLEY COMMUNITY HOSPITAL,741 NORTH MAIN STREET,CEDARVILLE,CA,96104,hpt-obf:v1:EYpJr9_agg-2NdRf.4ZnaCLe3ZHfw5bXn8HlMJQ.xbl6sPcpIHu8BG1R_rU,Critical Access Hospitals,,no-domain,exa-domain-lookup,no domain in the seed dataset,SURPRISE VALLEY COMMUNITY HOSPITAL hospital CEDARVILLE CA official website,
05130F,SAN FRANCISCO VA MEDICAL CENTER,4150 CLEMENT STREET,SAN FRANCISCO,CA,94121,hpt-obf:v1:F0kvFGLjL8ywQN9S.Yq5Fgdl3p1jw3tCEqlDI2A.lvV-nsoxVU4WTSZTnWc,Acute Care - Veterans Administration,,no-domain,exempt-federal,federally owned; outside 45 CFR 180,,
051320,BANNER LASSEN MEDICAL CENTER,1800 SPRING RIDGE DRIVE,SUSANVILLE,CA,96130,hpt-obf:v1:-1OMlFfoS2HAyY32.90ivsPFfkBVySkIzWK0COA.o20alFKbYOblJ2XZrZE,Critical Access Hospitals,bannerhealth.com,blocked,unblocker,"domain returned 403/429; needs the unblocker, not a new domain",,
051329,SUTTER LAKESIDE HOSPITAL,5176 HILL ROAD EAST,LAKEPORT,CA,95453,hpt-obf:v1:y1uzSA0AZO1quPWl.SP1ZgSvEIpK5Vr0qouoDGg.NtuoElwznULvBH3o0lM,Critical Access Hospitals,sutterhealth.org,failed,exa-domain-lookup,pointer fetch failed (failed); domain is likely wrong or stale,SUTTER LAKESIDE HOSPITAL hospital LAKEPORT CA official website,
051339,PALO VERDE HOSPITAL,250 NORTH FIRST STREET,BLYTHE,CA,92225,hpt-obf:v1:1PC68Ek2TBSjFJ6d.P5UZ5hUxZcv5_1U2_QK8tg.HstH_eADbjKq_Vtb9xU,Critical Access Hospitals,,no-domain,exa-domain-lookup,no domain in the seed dataset,PALO VERDE HOSPITAL hospital BLYTHE CA official website,
053306,CHILDREN'S HOSPITAL AT MISSION,"27700 MEDICAL CENTER RD, 5TH FLOOR",MISSION VIEJO,CA,92691,hpt-obf:v1:UhumEKCcp7-hWX7k.PyCfQSTXECpMFwCBl7aL8g.O6uo_76DVlNlwGIROvU,Childrens,,no-domain,exa-domain-lookup,no domain in the seed dataset,CHILDREN'S HOSPITAL AT MISSION hospital MISSION VIEJO CA official website,
054032,BHC ALHAMBRA HOSPITAL,4619 N ROSEMEAD BLVD,ROSEMEAD,CA,91770,hpt-obf:v1:xPPWd_Z3WM68BAOi.GZgaqaRhWR0m9QSw-n7_mg.d8SfzJg4K1c2mUEvLUk,Psychiatric,,no-domain,exa-domain-lookup,no domain in the seed dataset,BHC ALHAMBRA HOSPITAL hospital ROSEMEAD CA official website,
054053,DEL AMO HOSPITAL,23700 CAMINO DEL SOL,TORRANCE,CA,90505,hpt-obf:v1:u-svO3G9ovNmr5nR.Z9o4SzdmQFRM6tFp2nPC3g.2EZeOoIRWHZ-OJe_454,Psychiatric,,no-domain,exa-domain-lookup,no domain in the seed dataset,DEL AMO HOSPITAL hospital TORRANCE CA official website,
054055,COLLEGE HOSPITAL,10802 COLLEGE PL,CERRITOS,CA,90703,hpt-obf:v1:HMRs7aUMMhc8Z5It.qaCYsF4wpV_tcs8oewTDPg.gKGDf_TKG0aMowsgN-I,Psychiatric,,no-domain,exa-domain-lookup,no domain in the seed dataset,COLLEGE HOSPITAL hospital CERRITOS CA official website,
054087,"BHC SIERRA VISTA HOSPITAL, INC",8001 BRUCEVILLE ROAD,SACRAMENTO,CA,95823,hpt-obf:v1:9u_nEc_BGZ-Upwga.GWj7WjO5na0Jdjn1Va_jlg.M6EpoM1oEiwkIDMOfOY,Psychiatric,,no-domain,exa-domain-lookup,no domain in the seed dataset,"BHC SIERRA VISTA HOSPITAL, INC hospital SACRAMENTO CA official website",
054096,SUTTER CENTER FOR PSYCHIATRY,7700 FOLSOM BLVD,SACRAMENTO,CA,95826,hpt-obf:v1:iJqyqcKmi2esxYmy.JhYtLbBqe--Do_P03S8fGA.IokK1GSQYo2pHhVotow,Psychiatric,sutterhealth.org,failed,exa-domain-lookup,pointer fetch failed (failed); domain is likely wrong or stale,SUTTER CENTER FOR PSYCHIATRY hospital SACRAMENTO CA official website,
054104,HERITAGE OAKS HOSPITAL,4250 AUBURN BLVD,SACRAMENTO,CA,95841,hpt-obf:v1:oQEiIN3xJrcTje_g.zv9pDzik74iSOVOhs4Fd2w.Ka_fg2X8h2rUrb6YVgU,Psychiatric,,no-domain,exa-domain-lookup,no domain in the seed dataset,HERITAGE OAKS HOSPITAL hospital SACRAMENTO CA official website,
054110,BHC FREMONT HOSPITAL INC,39001 SUNDALE DRIVE,FREMONT,CA,94538,hpt-obf:v1:gSs-sD5pA0Gu025C.qgNsUXzEYeFdjclUQ8CBhQ.UUy6qpTQT_rPABN5MyY,Psychiatric,,no-domain,exa-domain-lookup,no domain in the seed dataset,BHC FREMONT HOSPITAL INC hospital FREMONT CA official website,
054111,CANYON RIDGE HOSPITAL,5353 G STREET,CHINO,CA,91710,hpt-obf:v1:fJwo0UEbLCE-GOat.ZMNqURG6xhw3fuI5cVVMKg.JgW0AifjB0pcAbZLkZc,Psychiatric,,no-domain,exa-domain-lookup,no domain in the seed dataset,CANYON RIDGE HOSPITAL hospital CHINO CA official website,
054122,DEPT OF STATE HOSPITALS - NAPA,2100 NAPA VALLEJO HIGHWAY,NAPA,CA,94558,hpt-obf:v1:cRBsP-Ajx4ZaYqll.RaO8aKgoiwEfYbFx0OKpBw.xpU9O1Za4v1d7ydCQHk,Psychiatric,,no-domain,exa-domain-lookup,no domain in the seed dataset,DEPT OF STATE HOSPITALS - NAPA hospital NAPA CA official website,
054124,SEMPERVIRENS,720 WOOD ST,EUREKA,CA,95501,hpt-obf:v1:JkpSbA0I9OuLgYGr.PYpmAv5LmUYjwAnRjc7DlQ.r5ukpFPot46NNeDdcEQ,Psychiatric,,no-domain,exa-domain-lookup,no domain in the seed dataset,SEMPERVIRENS hospital EUREKA CA official website,
054125,SANTA BARBARA COUNTY PSYCHIATRIC HEALTH FACILITY,315 CAMINO DEL REMEDIO,SANTA BARBARA,CA,93110,hpt-obf:v1:EK9wGRyGXU9ZPww7.ejedbRWgy5tDFxnUPYkcTA.IyPSufhW8WSyKjjFPpM,Psychiatric,,no-domain,exa-domain-lookup,no domain in the seed dataset,SANTA BARBARA COUNTY PSYCHIATRIC HEALTH FACILITY hospital SANTA BARBARA CA official website,
054133,DEPT OF STATE HOSPITALS - METROPOLITAN - PSY,11401 S NORWALK BLVD,NORWALK,CA,90650,hpt-obf:v1:Nvwqeb6MNmPqDo4X.PfuZjo3VopW08uOzVjMPuA.Da9tp4oi1w-hfaBM5nk,Psychiatric,,no-domain,exa-domain-lookup,no domain in the seed dataset,DEPT OF STATE HOSPITALS - METROPOLITAN - PSY hospital NORWALK CA official website,
054148,TARZANA TREATMENT CENTER,18646 OXNARD STREET,TARZANA,CA,91356,hpt-obf:v1:6i7gCPurjHxCkDpR.5dK0EARHMHXMdeMYjc-vTw.5jAupsKSqiynAjxJfkM,Psychiatric,,no-domain,exa-domain-lookup,no domain in the seed dataset,TARZANA TREATMENT CENTER hospital TARZANA CA official website,
054150,KAISER PERMANENTE PSYCHIATRIC HEALTH FACILITY-SANT,3840 HOMESTEAD ROAD,SANTA CLARA,CA,95051,hpt-obf:v1:NznSCmpmB2ua3zXx.rJOP1CHeFfBQHzV-X6VARA.QTiS3blYGKfzAIAvSkE,Psychiatric,,no-domain,exa-domain-lookup,no domain in the seed dataset,KAISER PERMANENTE PSYCHIATRIC HEALTH FACILITY-SANT hospital SANTA CLARA CA official website,
054160,RIVER VISTA BEHAVIORAL HEALTH,40886 Goodwin Way,MADERA,CA,93636,hpt-obf:v1:RMGJ004RMaZyh4d6.7pRlkotaqEz5I-dBmDVr5w.0bgumQn3i_1Px4Jql68,Psychiatric,,no-domain,exa-domain-lookup,no domain in the seed dataset,RIVER VISTA BEHAVIORAL HEALTH hospital MADERA CA official website,
060001,BANNER NORTH COLORADO MEDICAL CENTER,1801 16TH ST,GREELEY,CO,80631,hpt-obf:v1:UBxZaDZuGUMOf9Za.kw5TnYPx2oD4bYs9ZNr9vg.wSaNBJE-IAsP5AzL4mU,Acute Care Hospitals,bannerhealth.com,blocked,unblocker,"domain returned 403/429; needs the unblocker, not a new domain",,
060022,UCH-MEMORIAL HEALTH SYSTEM,1400 E BOULDER ST,COLORADO SPRINGS,CO,80909,hpt-obf:v1:BgfiP4AiYHsjNHN9.Omgy4jpACNpgyyxlxzhUGw.zD77ItYZtkiRyDeLOEg,Acute Care Hospitals,uchealth.org,ok,name-match-review,pointer file works (15 entries) but none matched this hospital's name,,
060030,BANNER NORTH CO MEDICAL CENTER - LOVELAND CAMPUS,2000 BOISE AVE,LOVELAND,CO,80538,hpt-obf:v1:zUeCSjVxIvYtjJVo.vKE1--WD29U5-BeZE0kRqQ.2kEK0k3F6dnsZZIfsbE,Acute Care Hospitals,bannerhealth.com,blocked,unblocker,"domain returned 403/429; needs the unblocker, not a new domain",,
060031,CENTURA HEALTH-PENROSE ST FRANCIS HEALTH SERVICES,2222 N NEVADA AVE,COLORADO SPRINGS,CO,80907,hpt-obf:v1:miClZr4DBdo7Vp9A.P_dcmWH0s599imxmHfs2Mw.y-n9QtmZbKHvmmj_F6g,Acute Care Hospitals,,no-domain,exa-domain-lookup,no domain in the seed dataset,CENTURA HEALTH-PENROSE ST FRANCIS HEALTH SERVICES hospital COLORADO SPRINGS CO official website,
06003F,Evans ACH (FT Carson),Fort Carson MEDDAC 1650 Cochrane Cir,Fort Carson,CO,80913,hpt-obf:v1:XlE3bqMRjFG5VulU.enIKPaNc3jhMZEEA8ztQVQ.G0kfIifMaxGm7hzgT8c,Acute Care - Department of Defense,,no-domain,exempt-federal,federally owned; outside 45 CFR 180,,
060054,COMMUNITY HOSPITAL,2351 'G' RD,GRAND JUNCTION,CO,81505,hpt-obf:v1:LHHeSLEx70JB_pFH.AlvbrdF23LPglHzuN2fBdg.JU4voNjatdddthyjl4I,Acute Care Hospitals,,no-domain,exa-domain-lookup,no domain in the seed dataset,COMMUNITY HOSPITAL hospital GRAND JUNCTION CO official website,
06005F,VA EASTERN COLORADO HEALTHCARE SYSTEM,1700 NORTH WHEELING STREET,AURORA,CO,80045,hpt-obf:v1:QUZOwtE7Ka_nyNa1.GqS1bl5Jy08jYKEtbvZaiQ.7g5ycVLwSntI2UDUxYM,Acute Care - Veterans Administration,,no-domain,exempt-federal,federally owned; outside 45 CFR 180,,
060076,STERLING REGIONAL MEDCENTER,615 FAIRHURST ST,STERLING,CO,80751,hpt-obf:v1:VFFu8_i6sud6tn9Z.fOghkkNa-jPD6ZuFHZcStA.e2Zii84Syc2wJGdAFUc,Acute Care Hospitals,bannerhealth.com,blocked,unblocker,"domain returned 403/429; needs the unblocker, not a new domain",,
06007F,GRAND JUNCTION VA MEDICAL CENTER,2121 N. AVENUE,GRAND JUNCTION,CO,81501,hpt-obf:v1:7IDdHGtiDhvsz1K_.3l_1DCOfRnFqscn77Fdpgw.14gd5jCYJ-YN3b3de-g,Acute Care - Veterans Administration,,no-domain,exempt-federal,federally owned; outside 45 CFR 180,,
060126,BANNER FORT COLLINS MEDICAL CENTER,4700 LADY MOON DR,FORT COLLINS,CO,80528,hpt-obf:v1:t6QMJVdvEjDh_Lk-.RhuawdvKYoli65bVXGS44g.2asggCWD7fjo-0c4dsc,Acute Care Hospitals,bannerhealth.com,blocked,unblocker,"domain returned 403/429; needs the unblocker, not a new domain",,
061301,RIO GRANDE HOSPITAL,310 COUNTY RD 14,DEL NORTE,CO,81132,hpt-obf:v1:giqzDthscAvt9Q8P.FRy7L3JPwx7sHewdqE2K6Q.pUuQB4Bug2-k0ljhinQ,Critical Access Hospitals,,no-domain,exa-domain-lookup,no domain in the seed dataset,RIO GRANDE HOSPITAL hospital DEL NORTE CO official website,
061303,EAST MORGAN COUNTY HOSPITAL,2400 W EDISON ST,BRUSH,CO,80723,hpt-obf:v1:b-5kQE4bmQ1YtFlR.tqoU60i0oJFUwV7TtS6e4g.hEzzMHaaj8zf1rrEUJs,Critical Access Hospitals,bannerhealth.com,blocked,unblocker,"domain returned 403/429; needs the unblocker, not a new domain",,
061306,LINCOLN HEALTH HOSPITAL,111 6TH ST,HUGO,CO,80821,hpt-obf:v1:I9JYPxclZWfJijlQ.fsIOGtSi3kGYVGHiTCVwDg.wdCBxRcTmznKkYQokR0,Critical Access Hospitals,hugohospital.com,html,exa-domain-lookup,pointer fetch failed (html); domain is likely wrong or stale,LINCOLN HEALTH HOSPITAL hospital HUGO CO official website,
061308,SAN LUIS VALLEY HEALTH CONEJOS COUNTY HOSPITAL,19021 US HIGHWAY 285,LA JARA,CO,81140,hpt-obf:v1:36Z6bRuyKtegozt9.yJYPT9JOxMHgnjeFEfpG5A.czco61JcUMPRv16nzFs,Critical Access Hospitals,sanluisvalleyhealth.org,ok,name-match-review,pointer file works (2 entries) but none matched this hospital's name,,
061309,WRAY COMMUNITY DISTRICT HOSPITAL,1017 W 7TH ST,WRAY,CO,80758,hpt-obf:v1:r2_Hcse82ydfOYMO.FGspvVHKwXVRQgRseLqIQg.vICV_xH_JtPMWek11Sw,Critical Access Hospitals,wrayhospital.org,html,exa-domain-lookup,pointer fetch failed (html); domain is likely wrong or stale,WRAY COMMUNITY DISTRICT HOSPITAL hospital WRAY CO official website,
061310,SEDGWICK COUNTY MEMORIAL HOSPITAL,900 CEDAR ST,JULESBURG,CO,80737,hpt-obf:v1:czEN5sPRDshB2aY6.zQsuBe5Bbvj5urNxPF-hNg.9XLwJkuGK2IAn_-KbFM,Critical Access Hospitals,,no-domain,exa-domain-lookup,no domain in the seed dataset,SEDGWICK COUNTY MEMORIAL HOSPITAL hospital JULESBURG CO official website,
061312,ESTES PARK MEDICAL CENTER,555 PROSPECT AVE,ESTES PARK,CO,80517,hpt-obf:v1:XBFdQneNp5fl9o3N.Xfg6Nj1hjRAG1YIRNpR-2g.vVeVrL9JIoE0P-J-YOA,Critical Access Hospitals,search.hospitalpriceindex.com,html,exa-domain-lookup,pointer fetch failed (html); domain is likely wrong or stale,ESTES PARK MEDICAL CENTER hospital ESTES PARK CO official website,
061313,KIT CARSON COUNTY MEMORIAL HOSPITAL,286 16TH ST,BURLINGTON,CO,80807,hpt-obf:v1:HtAsPp876tImNsn4.EVjvQwJ1h4eC4zR56kV-Lw.Sljb66dnEKUhA-TtnBY,Critical Access Hospitals,,no-domain,exa-domain-lookup,no domain in the seed dataset,KIT CARSON COUNTY MEMORIAL HOSPITAL hospital BURLINGTON CO official website,
061315,YUMA DISTRICT HOSPITAL,1000 W 8TH AVE,YUMA,CO,80759,hpt-obf:v1:rEvDN4pagpUac86T._1fbYpUp03NqCrb75q6JJA.xoMl3eaNW5I1d249xhA,Critical Access Hospitals,,no-domain,exa-domain-lookup,no domain in the seed dataset,YUMA DISTRICT HOSPITAL hospital YUMA CO official website,
061316,SPANISH PEAKS REGIONAL HEALTH CENTER,23500 US HIGHWAY 160,WALSENBURG,CO,81089,hpt-obf:v1:1Vm08f1Zdc-WLl3o.VpCuzC1a-A_Lt_mmIlkGDg.ZRRgD-k1UU4ajYLfx2w,Critical Access Hospitals,,no-domain,exa-domain-lookup,no domain in the seed dataset,SPANISH PEAKS REGIONAL HEALTH CENTER hospital WALSENBURG CO official website,
061319,ST VINCENT GENERAL HOSPITAL DISTRICT,816 W 4TH ST,LEADVILLE,CO,80461,hpt-obf:v1:Y15y7898eR5_3G47.9ZlUmkmp6F-ABCotyd3KcA.qtn3Ly7Rgomkbg7nr4I,Critical Access Hospitals,,no-domain,exa-domain-lookup,no domain in the seed dataset,ST VINCENT GENERAL HOSPITAL DISTRICT hospital LEADVILLE CO official website,
061328,PAGOSA SPRINGS MEDICAL CENTER,95 S PAGOSA BLVD,PAGOSA SPRINGS,CO,81147,hpt-obf:v1:T7YToWcDg5fjXmq4.dMqDOgELDfd2ovVD1LBxqg.WUxgwvDqqH_0rlUrOrk,Critical Access Hospitals,,no-domain,exa-domain-lookup,no domain in the seed dataset,PAGOSA SPRINGS MEDICAL CENTER hospital PAGOSA SPRINGS CO official website,
061336,ARKANSAS VALLEY REGIONAL MEDICAL CENTER,1100 CARSON AVENUE,LAJUNA,CO,81050,hpt-obf:v1:hQCWvIQuAS5QW8L3.Dj2dOdvZP23qwYqoqlm3rw.Av0vHgzK7_6RqdlLArM,Critical Access Hospitals,,no-domain,exa-domain-lookup,no domain in the seed dataset,ARKANSAS VALLEY REGIONAL MEDICAL CENTER hospital LAJUNA CO official website,
063303,CHILDREN'S HOSPITAL COLORADO - COLORADO SPRINGS,4090 BRIARGATE PKWY,COLORADO SPRINGS,CO,80920,hpt-obf:v1:Iw_pvo1JKIrolG8o.QoqzClHmTGKp-8KUkHEQwQ._exNu_A1EDrYkhyC93w,Childrens,childrenscolorado.org,ok,name-match-review,pointer file works (1 entries) but none matched this hospital's name,,
064001,COLORADO MENTAL HEALTH HOSPITAL IN PUEBLO,1600 W 24TH ST,PUEBLO,CO,81003,hpt-obf:v1:WydNWCZWA5X6MgxJ.WQsA67Df41PC6yBoN869Cw.LwdgY7lk2anJjg842Ng,Psychiatric,,no-domain,exa-domain-lookup,no domain in the seed dataset,COLORADO MENTAL HEALTH HOSPITAL IN PUEBLO hospital PUEBLO CO official website,
064003,COLORADO MENTAL HEALTH HOSPITAL IN FORT LOGAN,3520 W OXFORD AVE,DENVER,CO,80236,hpt-obf:v1:fppXC_J0vcGZRrZv.fXyI0IRr1KLYeNUYRAzkyg.6kGXsskS2LmbTSIqCAY,Psychiatric,,no-domain,exa-domain-lookup,no domain in the seed dataset,COLORADO MENTAL HEALTH HOSPITAL IN FORT LOGAN hospital DENVER CO official website,
064007,CENTENNIAL PEAKS HOSPITAL,2255 S 88TH ST,LOUISVILLE,CO,80027,hpt-obf:v1:9DKO70_9QzLNF0M7.91n4YqcFzvvi8jxDD2LWYA.CBcUSQaxwV9zoS36_xE,Psychiatric,,no-domain,exa-domain-lookup,no domain in the seed dataset,CENTENNIAL PEAKS HOSPITAL hospital LOUISVILLE CO official website,
064009,CEDAR SPRINGS HOSPITAL,2135 SOUTHGATE RD,COLORADO SPRINGS,CO,80906,hpt-obf:v1:2LWECVHk0AbtzU9V.KFj171rUVoxmyratOotx0w.qEHau6Khn2_9e-ET4Kg,Psychiatric,,no-domain,exa-domain-lookup,no domain in the seed dataset,CEDAR SPRINGS HOSPITAL hospital COLORADO SPRINGS CO official website,
064024,HIGHLANDS BEHAVIORAL HEALTH SYSTEM,8565 POPLAR WAY,HIGHLANDS RANCH,CO,80130,hpt-obf:v1:6YhqSsz-MjiVDrIj.Lv-7PfO2YaoX4coZqcuQ0Q.unsNEV9kB8diLiW9cQI,Psychiatric,,no-domain,exa-domain-lookup,no domain in the seed dataset,HIGHLANDS BEHAVIORAL HEALTH SYSTEM hospital HIGHLANDS RANCH CO official website,
064030,WEST PINES BEHAVIORAL HOSPITAL,11455 HURON ST,WESTMINSTER,CO,80234,hpt-obf:v1:9uDh-aFJCJlSGVGm.hc7AN_bHhwgbtl3A3FNNWQ.4_HqZdiCvVokKTnrwcI,Psychiatric,,no-domain,exa-domain-lookup,no domain in the seed dataset,WEST PINES BEHAVIORAL HOSPITAL hospital WESTMINSTER CO official website,
070006,STAMFORD HOSPITAL,ONE HOSPITAL PLAZA,STAMFORD,CT,06904,hpt-obf:v1:_5rqVEq4cxlX6X5l.iPD87v1GxszBEcvsBObtZw.JormA1PqvoS39Yzt0tU,Acute Care Hospitals,,no-domain,exa-domain-lookup,no domain in the seed dataset,STAMFORD HOSPITAL hospital STAMFORD CT official website,
070007,LAWRENCE & MEMORIAL HOSPITAL,365 MONTAUK AVE,NEW LONDON,CT,06320,hpt-obf:v1:le5rs_glLfT-21oI.V0r9TDxDimh9T5Fk9ZUpfQ.i90cgDgEsuGU9SO6kC0,Acute Care Hospitals,,no-domain,exa-domain-lookup,no domain in the seed dataset,LAWRENCE & MEMORIAL HOSPITAL hospital NEW LONDON CT official website,
070025,HARTFORD HOSPITAL,80 SEYMOUR STREET,HARTFORD,CT,06102,hpt-obf:v1:PhQpE3PaJChqkTBR.11iRzQwq4iNQeLno5tG-ig.bQjNpntPfluTCpdLvTA,Acute Care Hospitals,hartfordhealthcare.org,notfound,exa-domain-lookup,pointer fetch failed (notfound); domain is likely wrong or stale,HARTFORD HOSPITAL hospital HARTFORD CT official website,
070027,MANCHESTER MEMORIAL HOSPITAL,71 HAYNES ST,MANCHESTER,CT,06040,hpt-obf:v1:UwgYSHFs--dus_zp.bMsXefvCSCRZvPb3X8xD2Q.9brFVutpfLWze-QA3UY,Acute Care Hospitals,,no-domain,exa-domain-lookup,no domain in the seed dataset,MANCHESTER MEMORIAL HOSPITAL hospital MANCHESTER CT official website,
070029,BRISTOL HOSPITAL,41 BREWSTER RD,BRISTOL,CT,06010,hpt-obf:v1:qXdcFghaOvuuZb59.cLeZhQCdg3Hv9POBwLKsVQ.ZoIeBAWVz0y8v6qDGbU,Acute Care Hospitals,,no-domain,exa-domain-lookup,no domain in the seed dataset,BRISTOL HOSPITAL hospital BRISTOL CT official website,
070031,GRIFFIN HOSPITAL,130 DIVISION ST,DERBY,CT,06418,hpt-obf:v1:kp_JHIk4e8hq1N8t.JoV71QjUon9Swn9sPtMfmA.heTkuar1qbbw7sSd1og,Acute Care Hospitals,,no-domain,exa-domain-lookup,no domain in the seed dataset,GRIFFIN HOSPITAL hospital DERBY CT official website,
07003F,WEST HAVEN VA MEDICAL CENTER,950 CAMPBELL AVENUE,WEST HAVEN,CT,06516,hpt-obf:v1:0w6oR-XCfJiVrJBL.0Q7T--tpIIPm9xpnhFI6uw.XWbgUqooArN9cdSbYU0,Acute Care - Veterans Administration,,no-domain,exempt-federal,federally owned; outside 45 CFR 180,,
074003,CONNECTICUT VALLEY HOSP,1000 SILVER ST,MIDDLETOWN,CT,06457,hpt-obf:v1:rpSQn43V1qKV5dZt.Sn09YlTvWcx8r5RYOe5Q5Q.vSvMlvYCR7szlbfG18g,Psychiatric,,no-domain,exa-domain-lookup,no domain in the seed dataset,CONNECTICUT VALLEY HOSP hospital MIDDLETOWN CT official website,
074011,CONNECTICUT MENTAL HEALTH CENTER,34 PARK STREET,NEW HAVEN,CT,06508,hpt-obf:v1:jndhtsb82TdUD9Fu.RopEgOU7wsCgdsSSVg16hw.88OPh0TH0uxCdWiRW4Q,Psychiatric,,no-domain,exa-domain-lookup,no domain in the seed dataset,CONNECTICUT MENTAL HEALTH CENTER hospital NEW HAVEN CT official website,
074012,SOUTHWEST CONNECTICUT MENTAL HEALTH SYSTEM,1635 CENTRAL AVE,BRIDGEPORT,CT,06610,hpt-obf:v1:mUAlVA1jXG_dt3SW.sTQmyCSEbWlKXPyIQa5w5Q.SZMcsqaFziabntvCQkE,Psychiatric,,no-domain,exa-domain-lookup,no domain in the seed dataset,SOUTHWEST CONNECTICUT MENTAL HEALTH SYSTEM hospital BRIDGEPORT CT official website,
074014,SILVER HILL HOSPITAL INC,208 VALLEY ROAD,NEW CANAAN,CT,06840,hpt-obf:v1:e7mHyJewrro7Zo1H.vbwJMS8P6BUWVETpzBlOzw.nycUoy31JZYQNYH05do,Psychiatric,,no-domain,exa-domain-lookup,no domain in the seed dataset,SILVER HILL HOSPITAL INC hospital NEW CANAAN CT official website,
074015,ALBERT J SOLNIT CHILDREN'S CENTER - SOUTH CAMPUS,915 RIVER ROAD,MIDDLETOWN,CT,06457,hpt-obf:v1:5VMZurykZZqwfYJD.xfdJJhxD-QSgqrXyglGSWQ.X6itwW3Bmfcuzu3dVK8,Psychiatric,,no-domain,exa-domain-lookup,no domain in the seed dataset,ALBERT J SOLNIT CHILDREN'S CENTER - SOUTH CAMPUS hospital MIDDLETOWN CT official website,
074017,HEBREW HOME AND HOSPITAL,1 ABRAHMS BOULEVARD,WEST HARTFORD,CT,06117,hpt-obf:v1:LVjoMo3PrQHfa2oI.FCOw9Yd1kjciOzzb1vrHnA.8fBwePOpm5x6B6ucl4M,Psychiatric,,no-domain,exa-domain-lookup,no domain in the seed dataset,HEBREW HOME AND HOSPITAL hospital WEST HARTFORD CT official website,
08002F,WILMINGTON VA MEDICAL CENTER,1601 KIRKWOOD HIGHWAY,WILMINGTON,DE,19805,hpt-obf:v1:1VQNRPKuonK4jkAn.VqeGWgeDO6qiu7Z18H94Cw.aZqOu9URregHeQBeJdk,Acute Care - Veterans Administration,,no-domain,exempt-federal,federally owned; outside 45 CFR 180,,
084001,DELAWARE PSYCHIATRIC CENTER,1901 N DUPONT HIGHWAY,NEW CASTLE,DE,19720,hpt-obf:v1:ppTMx0r3IntZxE_W.nQ9N6GsVd2zGVzaTISItuw.Jm2V1e0EnBShAefTeoY,Psychiatric,,no-domain,exa-domain-lookup,no domain in the seed dataset,DELAWARE PSYCHIATRIC CENTER hospital NEW CASTLE DE official website,
084002,ROCKFORD CENTER,100 ROCKFORD DRIVE,NEWARK,DE,19713,hpt-obf:v1:kPGULkjzu5EbpY4z.bsX4ueUB1Gs_bXpIpMSgEg.GoPzMTSNd5_cpKRexZ0,Psychiatric,,no-domain,exa-domain-lookup,no domain in the seed dataset,ROCKFORD CENTER hospital NEWARK DE official website,
084004,DOVER BEHAVIORAL HEALTH SYSTEM,725 HORSEPOND ROAD,DOVER,DE,19901,hpt-obf:v1:L_H6bmORN1XDj09i.Ekjic1ylHAtuOs575JOf-w.zs7OE9lWRhV_ggzGQPE,Psychiatric,doverbehavioral.com,blocked,unblocker,"domain returned 403/429; needs the unblocker, not a new domain",,
084005,SUN BEHAVIORAL DELAWARE LLC,21655 BIDEN AVENUE,GEORGETOWN,DE,19947,hpt-obf:v1:DVTpi5_llhrCpoln.xs48A7qaJRblZm36TlfT6Q.cH0T25XLUkXf-3Jqbmw,Psychiatric,sundelaware.com,html,exa-domain-lookup,pointer fetch failed (html); domain is likely wrong or stale,SUN BEHAVIORAL DELAWARE LLC hospital GEORGETOWN DE official website,
090001,GEORGE WASHINGTON UNIV HOSPITAL,900 23RD ST NW,WASHINGTON,DC,20037,hpt-obf:v1:amIJ5mQ5HPjqOxxM.UxCIyeIv3ZlD9dmoxbxBfA.0PD_ptCzKItHXVH7Q9I,Acute Care Hospitals,,no-domain,exa-domain-lookup,no domain in the seed dataset,GEORGE WASHINGTON UNIV HOSPITAL hospital WASHINGTON DC official website,
090003,HOWARD UNIVERSITY HOSPITAL CORP,2041 GEORGIA AVE NW,WASHINGTON,DC,20060,hpt-obf:v1:B2s722sxvmNXXRSV.B33kJzHrRFqSJmuEIcQZNA.lTWwyY29BO5_bACxpFw,Acute Care Hospitals,,no-domain,exa-domain-lookup,no domain in the seed dataset,HOWARD UNIVERSITY HOSPITAL CORP hospital WASHINGTON DC official website,
090005,SIBLEY MEMORIAL HOSPITAL,5255 LOUGHBORO RD NW,WASHINGTON,DC,20016,hpt-obf:v1:VZqEN47SpU4VtATo.4DIeqBlg9l1CyWOPuIK7UQ.lNaWq2E00F0vRTjI4F4,Acute Care Hospitals,hopkinsmedicine.org,blocked,unblocker,"domain returned 403/429; needs the unblocker, not a new domain",,
090008,UNITED MEDICAL CENTER,1310 SOUTHERN AVENUE  SE,WASHINGTON,DC,20032,hpt-obf:v1:xQuEfxhIOpHRyw7i.zmm6SuJwr6oaWTVm5zOtUQ.SFKLXlSxiqfoc1GlRZU,Acute Care Hospitals,unitedmedicaldc.com,html,exa-domain-lookup,pointer fetch failed (html); domain is likely wrong or stale,UNITED MEDICAL CENTER hospital WASHINGTON DC official website,
09002F,WASHINGTON DC VA MEDICAL CENTER,50 IRVING STREET N.W.,WASHINGTON,DC,20422,hpt-obf:v1:Bz1yDkqSeRTg5dPo.M1hnKhEfc7okxqDh1VY3GQ.vmA8gYZQhKGUAPit_xE,Acute Care - Veterans Administration,,no-domain,exempt-federal,federally owned; outside 45 CFR 180,,
093300,CHILDREN'S NATIONAL HOSPITAL,"111 MICHIGAN AVE, NW",WASHINGTON,DC,20010,hpt-obf:v1:xSVYEzDoJWxZlLZL.qbyyxywqhtwnLpfJVsz7_g.9c6p4zXFMv9J8KFQSCQ,Childrens,,no-domain,exa-domain-lookup,no domain in the seed dataset,CHILDREN'S NATIONAL HOSPITAL hospital WASHINGTON DC official website,
094001,ST ELIZABETHS HOSPITAL,"1100 ALABAMA AVENUE, SE",WASHINGTON,DC,20032,hpt-obf:v1:sfvW-lre4DjjlWCM.Ern_zaWbuiXaMnOOLpJHRQ.fkuT3PKvGuZTLN6UbBw,Psychiatric,,no-domain,exa-domain-lookup,no domain in the seed dataset,ST ELIZABETHS HOSPITAL hospital WASHINGTON DC official website,
094004,PSYCHIATRIC INSTITUTE OF WASHINGTON,"4228 WISCONSIN AVENUE, NW",WASHINGTON,DC,20016,hpt-obf:v1:55Es5dUTyl1L4fD7.yoo_kfv7BK5vJlGcrORFOw.zrisLt6bIJD8qykotb4,Psychiatric,psychinstitute.com,blocked,unblocker,"domain returned 403/429; needs the unblocker, not a new domain",,
100018,NAPLES COMMUNITY HOSPITAL,350 7TH ST N,NAPLES,FL,34102,hpt-obf:v1:3_USohRUMvZ-aVzM.FGNyVtxZHJCwMsCIBvQn7w.fGcmoZ06CxTCDEUmXBI,Acute Care Hospitals,,no-domain,exa-domain-lookup,no domain in the seed dataset,NAPLES COMMUNITY HOSPITAL hospital NAPLES FL official website,
100035,MANATEE MEMORIAL HOSPITAL,206 2ND ST E,BRADENTON,FL,34208,hpt-obf:v1:AoFelmxJevSEHz66.wh_v2WGhQdmKX-AIM08olA.pNJC2NlVb45HaVR99Ms,Acute Care Hospitals,,no-domain,exa-domain-lookup,no domain in the seed dataset,MANATEE MEMORIAL HOSPITAL hospital BRADENTON FL official website,
100039,BROWARD HEALTH MEDICAL CENTER,1600 S ANDREWS AVE,FORT LAUDERDALE,FL,33316,hpt-obf:v1:hwX8tkZ2Ek5XcyPg.8fkCIy2IFiyW5hSZJp4pJw.3c8q1np4x9Qg2956EdY,Acute Care Hospitals,,no-domain,exa-domain-lookup,no domain in the seed dataset,BROWARD HEALTH MEDICAL CENTER hospital FORT LAUDERDALE FL official website,
100086,BROWARD HEALTH NORTH,201 E SAMPLE RD,DEERFIELD BEACH,FL,33064,hpt-obf:v1:bmCivahX3a3zT91P.TXfzX2ViZBtvi2YaZSuHqQ.5Q48l-mQwArrIV-UJkM,Acute Care Hospitals,,no-domain,exa-domain-lookup,no domain in the seed dataset,BROWARD HEALTH NORTH hospital DEERFIELD BEACH FL official website,
100090,FLAGLER HOSPITAL,400 HEALTH PARK BLVD,SAINT AUGUSTINE,FL,32086,hpt-obf:v1:hHxR2kA8rttySLFt.5eDgBy9xobM1cvP_wjnsSA._WRa9p2PG5sg7n-5l5k,Acute Care Hospitals,flaglerhealth.org,notfound,exa-domain-lookup,pointer fetch failed (notfound); domain is likely wrong or stale,FLAGLER HOSPITAL hospital SAINT AUGUSTINE FL official website,
10009F,BAY PINES VA MEDICAL CENTER,10000 BAY PINES BLVD.,BAY PINES,FL,33744,hpt-obf:v1:v79uhl07miDA9LA2.w1F4KSHW0-lBcx5Fm0pkBw._k4WjW2b6emWq8ZcLeU,Acute Care - Veterans Administration,,no-domain,exempt-federal,federally owned; outside 45 CFR 180,,
10013F,NH Jacksonville,2080 Child St,Jacksonville,FL,32214,hpt-obf:v1:mjSMcItkYAx3XjsF.Vz7fbBIwg_ESKqi2LCl_vQ.fIsWJUysQR9qkEyioxQ,Acute Care - Department of Defense,,no-domain,exempt-federal,federally owned; outside 45 CFR 180,,
100140,BAPTIST MEDICAL CENTER - NASSAU,1250 S 18TH ST,FERNANDINA BEACH,FL,32034,hpt-obf:v1:5eObm4G_7I1WkHrS.kTynz0Mq8xU7hu3K3QDIPA.bOmcoHePBiUFJWZr8jY,Acute Care Hospitals,,no-domain,exa-domain-lookup,no domain in the seed dataset,BAPTIST MEDICAL CENTER - NASSAU hospital FERNANDINA BEACH FL official website,
10015F,VA NORTH FLORIDA/SOUTH GEORGIA HEALTHCARE SYSTEM - LAKE CITY,619 SOUTH MARION AVENUE,LAKE CITY,FL,32025,hpt-obf:v1:UpurPs98VyJhGQRo.ifNk2FTxTMJ3HPNPo9I7fw.ZEOQk7Gi1zNdsZhZVr8,Acute Care - Veterans Administration,,no-domain,exempt-federal,federally owned; outside 45 CFR 180,,
100175,DESOTO MEMORIAL HOSPITAL,900 N ROBERT AVE,ARCADIA,FL,34266,hpt-obf:v1:QzNplotEVKHoOm4y.6sScapekghTdd_8cqp2JIg.jKT3RLFck23nKq0fS7Y,Acute Care Hospitals,,no-domain,exa-domain-lookup,no domain in the seed dataset,DESOTO MEMORIAL HOSPITAL hospital ARCADIA FL official website,
100176,PALM BEACH GARDENS MEDICAL CENTER,3360 BURNS RD,PALM BEACH GARDENS,FL,33410,hpt-obf:v1:bW1P_5AGtk87q2bE.VROO3aJ-D4zPPQAKtW4Icg.jaWIdaOyPT-IcXx_oas,Acute Care Hospitals,,no-domain,exa-domain-lookup,no domain in the seed dataset,PALM BEACH GARDENS MEDICAL CENTER hospital PALM BEACH GARDENS FL official website,
100200,BROWARD HEALTH IMPERIAL POINT,6401 N FEDERAL HWY,FORT LAUDERDALE,FL,33308,hpt-obf:v1:qH5sqN6TMMQs4eqE.TIYkpDs3NbAwzAYQU6YgdA.AtcmD68nTeK8lpSV8rw,Acute Care Hospitals,,no-domain,exa-domain-lookup,no domain in the seed dataset,BROWARD HEALTH IMPERIAL POINT hospital FORT LAUDERDALE FL official website,
10021F,96th Medical Group (Eglin AFB),96 MDG 307 Boatner Rd Suite 114,Eglin AFB,FL,32542,hpt-obf:v1:XQSzZiddgCSE4_Kt.CDjPUhD7RZOTjrC0-3Byhg.TvLt8TyoIjc1cNknC-g,Acute Care - Department of Defense,,no-domain,exempt-federal,federally owned; outside 45 CFR 180,,
100258,DELRAY MEDICAL CENTER,5352 LINTON BLVD,DELRAY BEACH,FL,33484,hpt-obf:v1:N342iJOXkwzyzWUD.RcsAt_Fp2nx1a6A0g93BMw.lP-Q-t2BHDkKJbEadec,Acute Care Hospitals,,no-domain,exa-domain-lookup,no domain in the seed dataset,DELRAY MEDICAL CENTER hospital DELRAY BEACH FL official website,
100268,WEST BOCA MEDICAL CENTER,21644 STATE RD 7,BOCA RATON,FL,33428,hpt-obf:v1:ddjIbImpro26fXia.h7NrYlRpUDmj690dwd7JsQ.Gs369K_cn6R1rEMz_tM,Acute Care Hospitals,,no-domain,exa-domain-lookup,no domain in the seed dataset,WEST BOCA MEDICAL CENTER hospital BOCA RATON FL official website,
100275,WELLINGTON REGIONAL MEDICAL CENTER,10101 FOREST HILL BLVD,WELLINGTON,FL,33414,hpt-obf:v1:xXyNtwZuYimu3srq.rwshAcO-FoJ4X6Z1vfmUGQ.YFNQON5Byx3op04TQbc,Acute Care Hospitals,wellingtonregional.com,blocked,unblocker,"domain returned 403/429; needs the unblocker, not a new domain",,
100276,BROWARD HEALTH CORAL SPRINGS,3000 CORAL HILLS DR,CORAL SPRINGS,FL,33065,hpt-obf:v1:v5G8TEnRIQY6Urx6.Jdr4oWQfUbO5knp5U4EtAA.YisGD3nhhSL4yQWy9nc,Acute Care Hospitals,,no-domain,exa-domain-lookup,no domain in the seed dataset,BROWARD HEALTH CORAL SPRINGS hospital CORAL SPRINGS FL official website,
100277,DOUGLAS GARDENS HOSPITAL,5200 NE 2ND AVE,MIAMI,FL,33137,hpt-obf:v1:FfIN7LoVu7KF4uoK.wa2KPJyPAaMYvqY0WDRUSA.02KWn0884SxuTnYQflk,Acute Care Hospitals,miamijewishhealth.org,html,exa-domain-lookup,pointer fetch failed (html); domain is likely wrong or stale,DOUGLAS GARDENS HOSPITAL hospital MIAMI FL official website,
100284,KERALTY HOSPITAL,2500 SW 75TH AVE,MIAMI,FL,33155,hpt-obf:v1:QEzzNx2NMdFevy0y.AZ3ZWpg6Es2p_pCLICuIKg.IuTEnwCDmyrj5VVgL50,Acute Care Hospitals,,no-domain,exa-domain-lookup,no domain in the seed dataset,KERALTY HOSPITAL hospital MIAMI FL official website,
100287,GOOD SAMARITAN MEDICAL CENTER,1309 N FLAGLER DR,WEST PALM BEACH,FL,33401,hpt-obf:v1:odXYtVnfvicPdfPs.XywWvjZshainWa9gh1AaAw.p5O5qsWWX4mdmfP1wLw,Acute Care Hospitals,,no-domain,exa-domain-lookup,no domain in the seed dataset,GOOD SAMARITAN MEDICAL CENTER hospital WEST PALM BEACH FL official website,
100288,ST MARY'S MEDICAL CENTER,901 45TH ST,WEST PALM BEACH,FL,33407,hpt-obf:v1:YNJINtIdj_aeYpNV.tPeOG0nsofaFOnF9UvvI-A.mSDyvTzH6z197513DZE,Acute Care Hospitals,,no-domain,exa-domain-lookup,no domain in the seed dataset,ST MARY'S MEDICAL CENTER hospital WEST PALM BEACH FL official website,
100298,FLORIDA STATE HOSPITAL UNIT 31 MED,100 N MAIN ST,CHATTAHOOCHEE,FL,32324,hpt-obf:v1:gWOSN4q8l3uxXlr1.w_VgojUHeo2ycpi9nkpewA.GKdMduAVgvhBiVc0aQU,Acute Care Hospitals,myflfamilies.com,notfound,exa-domain-lookup,pointer fetch failed (notfound); domain is likely wrong or stale,FLORIDA STATE HOSPITAL UNIT 31 MED hospital CHATTAHOOCHEE FL official website,
100299,LAKEWOOD RANCH MEDICAL CENTER,8330 LAKEWOOD RANCH BLVD,BRADENTON,FL,34202,hpt-obf:v1:1wcKOenvoTe9nU9K.xebBqOQAF61VNpNFL4gBDQ.1v6T_ziF_85HQ6q5oMQ,Acute Care Hospitals,lakewoodranchmedicalcenter.com,blocked,unblocker,"domain returned 403/429; needs the unblocker, not a new domain",,
100365,NORTH WALTON DOCTORS HOSPITAL,4413 US HWY 331 S,DEFUNIAK SPRINGS,FL,32435,hpt-obf:v1:rfs8y3P-oGSDCNxL.IctXuFIz64OUXMsRu09K2w.H9I3A_0lIHvbXD31S0w,Acute Care Hospitals,,no-domain,exa-domain-lookup,no domain in the seed dataset,NORTH WALTON DOCTORS HOSPITAL hospital DEFUNIAK SPRINGS FL official website,
10057F,VA NORTH FLORIDA/SOUTH GEORGIA HEALTHCARE SYSTEM - GAINESVILLE,1601 S W ARCHER ROAD,GAINESVILLE,FL,32608,hpt-obf:v1:NQulz28_jalmj9VP.Jdm0C2LSBuZOHYuigr0fJQ.ZjDQom_l9R00HvrFFS4,Acute Care - Veterans Administration,,no-domain,exempt-federal,federally owned; outside 45 CFR 180,,
10063F,TAMPA VA MEDICAL CENTER,13000 BRUCE B DOWNS BLVD.,TAMPA,FL,33612,hpt-obf:v1:kyKipz2wzsBIGEzD.56Ds9i4fwRGC6UyOsA4KiQ.4FLJpB5S8Wf39F5DhOw,Acute Care - Veterans Administration,,no-domain,exempt-federal,federally owned; outside 45 CFR 180,,
10064F,MIAMI VA MEDICAL CENTER,1201 N W 16TH STREET,MIAMI,FL,33125,hpt-obf:v1:EUY4vge2PebNA3Jz.-l9es3ZaU7LEZWq_Mc-uqQ.Tz-vzL2jfSKacOKci54,Acute Care - Veterans Administration,,no-domain,exempt-federal,federally owned; outside 45 CFR 180,,
10065F,W PALM BEACH VA MEDICAL CENTER,7305 N. MILITARY TRAIL,WEST PALM BEACH,FL,33410,hpt-obf:v1:F0cFUknZnr54UP0q.UuRyMqX23RbQ9XmBrVns4g.W-mQszT2t9CWgRUl6Gk,Acute Care - Veterans Administration,,no-domain,exempt-federal,federally owned; outside 45 CFR 180,,
10099F,ORLANDO VA MEDICAL CENTER,13800 VETERANS WAY,ORLANDO,FL,32827,hpt-obf:v1:W2-8GHU4LMG9_zZi.DwWtzmrL-vInzrxDtMqbzg.A71YvPyoi4eDWqji8MI,Acute Care - Veterans Administration,,no-domain,exempt-federal,federally owned; outside 45 CFR 180,,
101303,LAKE BUTLER HOSPITAL,850 E MAIN ST,LAKE BUTLER,FL,32054,hpt-obf:v1:1sKzrq85CHGxMVWa.OIUsLPWrfsXSU6kwZlAXTg.iiANchkhgZ9nTql0Uq4,Critical Access Hospitals,lakebutlerhospital.com,html,exa-domain-lookup,pointer fetch failed (html); domain is likely wrong or stale,LAKE BUTLER HOSPITAL hospital LAKE BUTLER FL official website,
103300,JOHNS HOPKINS ALL CHILDREN'S HOSPITAL,501 SIXTH AVENUE SOUTH,SAINT PETERSBURG,FL,33701,hpt-obf:v1:hDUFt0J1FPJzuA54.vcqUs7VoNhoa4AY32WBLnA.BNfXpykaOtC6uGEJoVo,Childrens,hopkinsallchildrens.org,blocked,unblocker,"domain returned 403/429; needs the unblocker, not a new domain",,
104000,FLORIDA STATE HOSPITAL UNIT 14 PSYCH,100 N MAIN ST,CHATTAHOOCHEE,FL,32324,hpt-obf:v1:cgxwzmqPtOGxX_hQ.zDBwetE8IeG4aLx5tPmDIA.XVSL2_VZG_TisfJLURA,Psychiatric,,no-domain,exa-domain-lookup,no domain in the seed dataset,FLORIDA STATE HOSPITAL UNIT 14 PSYCH hospital CHATTAHOOCHEE FL official website,
104001,SOUTH FLORIDA STATE HOSPITAL,800 E CYPRESS DR,PEMBROKE PINES,FL,33025,hpt-obf:v1:QTvdgzaokShpe1nv.nbtkjhaNPFwftp0WkFUWnw.9WhlG05w5hf_2FCM2wc,Psychiatric,,no-domain,exa-domain-lookup,no domain in the seed dataset,SOUTH FLORIDA STATE HOSPITAL hospital PEMBROKE PINES FL official website,
104007,NORTHEAST FLORIDA STATE HOSPITAL,7487 S STATE RD 121,MACCLENNY,FL,32063,hpt-obf:v1:XGqj0sig7e8CGdMA.lB1cPASyxwVczet7cnzAoA.6iCEiZ-UwbQrk9h224M,Psychiatric,myflfamilies.com,notfound,exa-domain-lookup,pointer fetch failed (notfound); domain is likely wrong or stale,NORTHEAST FLORIDA STATE HOSPITAL hospital MACCLENNY FL official website,
104016,RIVER POINT BEHAVIORAL HEALTH,6300 BEACH BLVD,JACKSONVILLE,FL,32216,hpt-obf:v1:kCIc9UGyf7eHRBhN.m_wbQfnVtPtTWdkRbRluhw.ezdYGzmbNI-z1Kp3g-0,Psychiatric,,no-domain,exa-domain-lookup,no domain in the seed dataset,RIVER POINT BEHAVIORAL HEALTH hospital JACKSONVILLE FL official website,
104017,WINDMOOR HEALTHCARE OF CLEARWATER,11300 US 19 N,CLEARWATER,FL,33764,hpt-obf:v1:JTsg424NqmKvw7JT.pGMiwrQ4gFXXv-XruqiGsQ.P0TW2PdbB0i0ILH-7YA,Psychiatric,,no-domain,exa-domain-lookup,no domain in the seed dataset,WINDMOOR HEALTHCARE OF CLEARWATER hospital CLEARWATER FL official website,
104026,FORT LAUDERDALE BEHAVIORAL HEALTH CENTER,5757 N DIXIE HWY,OAKLAND PARK,FL,33334,hpt-obf:v1:o1_AnsPFCaSr8mw-.L0G-NAIybIQ6g0Pvfs-InA.DdIv4PIvtSTeBNIA8vU,Psychiatric,,no-domain,exa-domain-lookup,no domain in the seed dataset,FORT LAUDERDALE BEHAVIORAL HEALTH CENTER hospital OAKLAND PARK FL official website,
104049,SOUTHERN WINDS HOSPITAL,4225 W 20TH AVE,HIALEAH,FL,33012,hpt-obf:v1:b_PIXD0HNL1Nd5FQ.KJeE8y80BCDFRNecpkUryQ.RcGhb-lrH58R9F8a4Ms,Psychiatric,,no-domain,exa-domain-lookup,no domain in the seed dataset,SOUTHERN WINDS HOSPITAL hospital HIALEAH FL official website,
104059,EASTSIDE PSYCHIATRIC HOSPITAL,"2634B CAPITAL CIRCLE NE, 2ND FLR",TALLAHASSEE,FL,32308,hpt-obf:v1:3SstHWZR6n5-Qm3k.r7DJrT3zcu-WKc7uLIDPdw.zeRdi-QLS-BDw_c15cU,Psychiatric,,no-domain,exa-domain-lookup,no domain in the seed dataset,EASTSIDE PSYCHIATRIC HOSPITAL hospital TALLAHASSEE FL official website,
104063,AXIOM BEHAVIORAL HEALTH AT NAPLES,9001 TAMIAMI TRAIL EAST,NAPLES,FL,34113,hpt-obf:v1:er1bsj6_eAbej2p9.vFsLo68N8-7wR4TaAbvLRw.r04BKAYMNNH2wMMCHcw,Psychiatric,,no-domain,exa-domain-lookup,no domain in the seed dataset,AXIOM BEHAVIORAL HEALTH AT NAPLES hospital NAPLES FL official website,
104069,WEKIVA SPRINGS,3947 SALISBURY RD,JACKSONVILLE,FL,32216,hpt-obf:v1:9fDd3pWRXywDt6A0.aYw_G3yeeq9cXbgDbycZvw.29U-UW2K-3MFK10v3zg,Psychiatric,,no-domain,exa-domain-lookup,no domain in the seed dataset,WEKIVA SPRINGS hospital JACKSONVILLE FL official website,
104071,THE VINES HOSPITAL,3130 SW 27TH AVE,OCALA,FL,34471,hpt-obf:v1:vrB_YLWKHuDmV_k4.nkIGb6Or_Z-1GThlGAt5Fw.qKk2AUYPQHHoYRxLGwo,Psychiatric,,no-domain,exa-domain-lookup,no domain in the seed dataset,THE VINES HOSPITAL hospital OCALA FL official website,
104072,CENTRAL FLORIDA BEHAVIORAL HOSPITAL,6601 CENTRAL FLORIDA PARKWAY,ORLANDO,FL,32821,hpt-obf:v1:PdYEfoQN-easMqZn.LMADXRZrXLH9vCfGMWLlcQ.cPQbSrgv7yGM-YrpHzE,Psychiatric,,no-domain,exa-domain-lookup,no domain in the seed dataset,CENTRAL FLORIDA BEHAVIORAL HOSPITAL hospital ORLANDO FL official website,
104073,EMERALD COAST BEHAVIORAL HOSPITAL,1940 HARRISON AVE,PANAMA CITY,FL,32405,hpt-obf:v1:2AxDEZ5Gw0LKYN2U.yv45-eSd5Gr57iG2rmL6_g.5cdPrtl5UrGG5mxXSqg,Psychiatric,,no-domain,exa-domain-lookup,no domain in the seed dataset,EMERALD COAST BEHAVIORAL HOSPITAL hospital PANAMA CITY FL official website,
104076,UNIVERSITY BEHAVIORAL CENTER,2500 DISCOVERY DRIVE,ORLANDO,FL,32826,hpt-obf:v1:ffrx0TGSy5-9pr7Q.Y29K6doeCWhAzIKYm_1OXQ.DUm-eFl2dWKzKLIdRHE,Psychiatric,,no-domain,exa-domain-lookup,no domain in the seed dataset,UNIVERSITY BEHAVIORAL CENTER hospital ORLANDO FL official website,
104078,SUNCOAST BEHAVIORAL HEALTH CENTER,4480 51ST ST W,BRADENTON,FL,34210,hpt-obf:v1:nBriQjyl74twP5s9.F0DiQQ7zLLK1e-ny0Ipciw.ktMflZCCwCsjCyvnd3Q,Psychiatric,,no-domain,exa-domain-lookup,no domain in the seed dataset,SUNCOAST BEHAVIORAL HEALTH CENTER hospital BRADENTON FL official website,
104080,CORAL SHORES BEHAVIORAL HEALTH,5995 SE COMMUNITY DRIVE,STUART,FL,34997,hpt-obf:v1:8PpiLLoFkRCIyukh.9eqTbLaP5y1GFEGFH4VxZw.chB-jgfcHQHFhO3I8Xk,Psychiatric,,no-domain,exa-domain-lookup,no domain in the seed dataset,CORAL SHORES BEHAVIORAL HEALTH hospital STUART FL official website,
104082,PALM POINT BEHAVIORAL HEALTH,2355 TRUMAN SCARBOROUGH WAY,TITUSVILLE,FL,32796,hpt-obf:v1:Zyfuyfpe5d-akOKn.cJtJxXK9T1ZqYwFZIFhrfA.yF7exmTo9ZpdARnEBqo,Psychiatric,,no-domain,exa-domain-lookup,no domain in the seed dataset,PALM POINT BEHAVIORAL HEALTH hospital TITUSVILLE FL official website,
104087,NORTH PORT BEHAVIORAL HEALTH,4501 CITIZENS PARKWAY,NORTH PORT,FL,34288,hpt-obf:v1:mT4JG4TtwUEe-3go.Ejo3Akg-A0ZqYn1bYmP2Yw.bF197rQnyDnPpb63iVY,Psychiatric,,no-domain,exa-domain-lookup,no domain in the seed dataset,NORTH PORT BEHAVIORAL HEALTH hospital NORTH PORT FL official website,
110002,UPSON REGIONAL MEDICAL CENTER,801 W GORDON STREET,THOMASTON,GA,30286,hpt-obf:v1:UOrn3_8SUr-1jzE8.tTqUBlmAljN1G9zHNw0I8g.SfumW94bJ0i_I7dO3hY,Acute Care Hospitals,urmc.org,neterr,exa-domain-lookup,pointer fetch failed (neterr); domain is likely wrong or stale,UPSON REGIONAL MEDICAL CENTER hospital THOMASTON GA official website,
110027,"TY COBB REGIONAL MEDICAL CENTER, LLC",367 CLEAR CREEK PARKWAY,LAVONIA,GA,30553,hpt-obf:v1:vdFltDvsutBS0gvk.jsqsYJZQtesHcI3ou0_yiA.g1PyCQ51DTiTjk1jH90,Acute Care Hospitals,,no-domain,exa-domain-lookup,no domain in the seed dataset,"TY COBB REGIONAL MEDICAL CENTER, LLC hospital LAVONIA GA official website",
110086,WASHINGTON COUNTY REGIONAL MEDICAL CENTER,610 SPARTA ROAD,SANDERSVILLE,GA,31082,hpt-obf:v1:zkJjzGSBqpglZzwt.EPieS-Di9ZQsOBccZfUs5A.YVdwHAX8QYNIBYN_jb0,Acute Care Hospitals,,no-domain,exa-domain-lookup,no domain in the seed dataset,WASHINGTON COUNTY REGIONAL MEDICAL CENTER hospital SANDERSVILLE GA official website,
110101,"SOUTHWELL MEDICAL, A CAMPUS OF TRMC",260 MJ TAYLOR ROAD,ADEL,GA,31620,hpt-obf:v1:uIJV2xGvK43ZIXb0.lr76xlwYKmOtygxSFwbU3A.JPIV7PygQ6mOE0Ec57E,Acute Care Hospitals,mysouthwell.com,notfound,exa-domain-lookup,pointer fetch failed (notfound); domain is likely wrong or stale,"SOUTHWELL MEDICAL, A CAMPUS OF TRMC hospital ADEL GA official website",
110113,BURKE MEDICAL CENTER,351 SOUTH LIBERTY STREET,WAYNESBORO,GA,30830,hpt-obf:v1:kiIvyJ_xruxwsN0R.nQOvnPeLVqTpbSNlTK-ixA.oCG8fCmXzejoLGwVp3Y,Acute Care Hospitals,,no-domain,exa-domain-lookup,no domain in the seed dataset,BURKE MEDICAL CENTER hospital WAYNESBORO GA official website,
110129,ST FRANCIS HOSPITAL- EMORY HEALTHCARE,2122 MANCHESTER EXPRESSWAY,COLUMBUS,GA,31995,hpt-obf:v1:MGk9LJ7ct1-Rjx-o.PvOuzTwtsew4IhwwiWqgBw.8c5PvFYJd9ILs9olEoo,Acute Care Hospitals,mystfrancis.com,failed,exa-domain-lookup,pointer fetch failed (failed); domain is likely wrong or stale,ST FRANCIS HOSPITAL- EMORY HEALTHCARE hospital COLUMBUS GA official website,
110194,DONALSONVILLE HOSPITAL INC,102 HOSPITAL CIR,DONALSONVILLE,GA,39845,hpt-obf:v1:VtuNbmjVdEsBb0On.u9JaF-T8mXzk4Kd8-MWvSA.l3Xmbfc_52C1903G6z0,Acute Care Hospitals,donalsonvillehospital.org,html,exa-domain-lookup,pointer fetch failed (html); domain is likely wrong or stale,DONALSONVILLE HOSPITAL INC hospital DONALSONVILLE GA official website,
110209,TURNING POINT HOSPITAL,3015 VETERANS PARKWAY,MOULTRIE,GA,31788,hpt-obf:v1:_-WT4I2ZCGWUWcOK.4XCWMoYs40BlWH0SFZM1PQ.E11XREw6sa1tzkvLiEU,Acute Care Hospitals,,no-domain,exa-domain-lookup,no domain in the seed dataset,TURNING POINT HOSPITAL hospital MOULTRIE GA official website,
110233,"SOUTHEASTERN REGIONAL MEDICAL CENTER, INC",600 CELEBRATE LIFE PARKWAY NORTH,NEWNAN,GA,30265,hpt-obf:v1:IUUxjN7Js15FsSDq.PhFWg6iBnN-vM13yb-nF6w.gcbmWjSXwwGJii-WaeE,Acute Care Hospitals,cancercenter.com,blocked,unblocker,"domain returned 403/429; needs the unblocker, not a new domain",,
110236,COMMONSPIRIT-MEMORIAL HOSPITAL-NORTH GEORGIA,4710 BATTLEFIELD PARKWAY,RINGGOLD,GA,30736,hpt-obf:v1:-JvkyTOmodVDAHW-.VQRnh-jvsyP8XVMELg9yQQ.zxlT8bGPO6hmxYiQAYg,Acute Care Hospitals,memorial.org,ok,name-match-review,pointer file works (72 entries) but none matched this hospital's name,,
110256,TAYLOR REGIONAL HOSPITAL,222 PERRY HWY,HAWKINSVILLE,GA,31036,hpt-obf:v1:q5mvkt2yXCWd_bS4.T9qDAiTFHSXY7dlvImfNHw.2GhlpCU-af28xczj87M,Acute Care Hospitals,,no-domain,exa-domain-lookup,no domain in the seed dataset,TAYLOR REGIONAL HOSPITAL hospital HAWKINSVILLE GA official website,
11029F,DECATUR (ATLANTA) VA MEDICAL CENTER,1670 CLAIRMONT ROAD,DECATUR,GA,30033,hpt-obf:v1:lv02eTe2tGlhFOZB.umSspQhln1VlF3lsWbAd8g.Dt5-QayoQaqI0GJeDBM,Acute Care - Veterans Administration,,no-domain,exempt-federal,federally owned; outside 45 CFR 180,,
11030F,AUGUSTA VA MEDICAL CENTER,1 FREEDOM WAY,AUGUSTA,GA,30904,hpt-obf:v1:1SpLKba9V4CNsX8s.FEIE7wH6BkUsdCwAPEh_rQ.9MBMVyroyxoq2snE5CQ,Acute Care - Veterans Administration,,no-domain,exempt-federal,federally owned; outside 45 CFR 180,,
11031F,DUBLIN VA MEDICAL CENTER,1826 VETERANS BOULEVARD,DUBLIN,GA,31021,hpt-obf:v1:Js78w_lZo-SJKHMS.BYM7_LQE3dDa-qB7z5nQhQ.Jne9d36ckr8WrW_89s4,Acute Care - Veterans Administration,,no-domain,exempt-federal,federally owned; outside 45 CFR 180,,
11032F,Martin ACH (FT Benning),6600 Van Aalst Blvd,Fort Benning,GA,31905,hpt-obf:v1:5rx8rMyXF3iZswQY.AYaY6gww0DoMUfMS353tWA.pRxMJkSToHG3t3si5gU,Acute Care - Department of Defense,,no-domain,exempt-federal,federally owned; outside 45 CFR 180,,
11033F,Dwight Eisenhower AMC (FT Gordon),300 East Hospital Rd,Fort Gordon,GA,30905,hpt-obf:v1:WPHk5YsqpSfI0m3D.apOJHcjDj2dOFpRFAGz9EQ.BZR0POQ96vqXgUzeKBY,Acute Care - Department of Defense,,no-domain,exempt-federal,federally owned; outside 45 CFR 180,,
11035F,Winn ACH (FT Stewart),1061 Harmon Ave,Fort Stewart,GA,31314,hpt-obf:v1:Vs_BXD9t0NNpi7IZ.dMbSdTsq22-5BhY2LDYmDA.v0IwB-lUwZ-Z9OiGoLU,Acute Care - Department of Defense,,no-domain,exempt-federal,federally owned; outside 45 CFR 180,,
110779,IRWIN COUNTY HOSPITAL,710 N IRWIN AVENUE,OCILLA,GA,31774,hpt-obf:v1:8CYNEu6PZVI0aNjg.ok_rWxuur80cs4efNMLK8w.aBGJ19WRWVpCk310m3g,Rural Emergency Hospital,,no-domain,exa-domain-lookup,no domain in the seed dataset,IRWIN COUNTY HOSPITAL hospital OCILLA GA official website,
111305,MILLER COUNTY HOSPITAL,209 N CUTHBERT STREET,COLQUITT,GA,39837,hpt-obf:v1:owybmb5Xoj0PCBan.wWmSGZHfqw7P3XJwFaB4PA.DIWvfgqmUXGgmqJxkmU,Critical Access Hospitals,,no-domain,exa-domain-lookup,no domain in the seed dataset,MILLER COUNTY HOSPITAL hospital COLQUITT GA official website,
111311,JENKINS COUNTY MEDICAL CENTER,931 EAST WINTHROPE AVENUE,MILLEN,GA,30442,hpt-obf:v1:H1-wlzILGEl6_10N.uaZZSDJ4NA_uZcv2NjstQg.3NRypD5o6wlWKiBtFh0,Critical Access Hospitals,,no-domain,exa-domain-lookup,no domain in the seed dataset,JENKINS COUNTY MEDICAL CENTER hospital MILLEN GA official website,
111314,LIFEBRITE COMMUNITY HOSPITAL OF EARLY,11740 COLUMBIA STREET,BLAKELY,GA,39823,hpt-obf:v1:ne38dMODHZAtifN2.EOWKhQlX2YDilsCziwJVxw.9uRlwLUdRxG2p-tM9nc,Critical Access Hospitals,lifebriteearly.com,ok,name-match-review,pointer file works (19 entries) but none matched this hospital's name,,
111318,MONROE COUNTY HOSPITAL,88 MARTIN LUTHER KING JR DRIVE,FORSYTH,GA,31029,hpt-obf:v1:pukorE9ZEnv4AY1Q.Y2tC9enIUlPJq8IjtxQMnA.1zO0nXnaHLCdOUaxn80,Critical Access Hospitals,monroehospital.org,html,exa-domain-lookup,pointer fetch failed (html); domain is likely wrong or stale,MONROE COUNTY HOSPITAL hospital FORSYTH GA official website,
111327,BACON COUNTY HOSPITAL,302 SOUTH WAYNE STREET,ALMA,GA,31510,hpt-obf:v1:1Y_r-RQeD1fLqzf9.vkBROTRzDxf9-CvPx0TKgQ.wCDchFJ3up5WqRC8fx0,Critical Access Hospitals,,no-domain,exa-domain-lookup,no domain in the seed dataset,BACON COUNTY HOSPITAL hospital ALMA GA official website,
111337,ELBERT MEMORIAL HOSPITAL,4 MEDICAL DRIVE,ELBERTON,GA,30635,hpt-obf:v1:1oLtuUm7IH1RDaW5._826W9CcImesKM1AxPobog.rWXO0o9JYWRqGMx5Gpo,Critical Access Hospitals,emhcare.net,html,exa-domain-lookup,pointer fetch failed (html); domain is likely wrong or stale,ELBERT MEMORIAL HOSPITAL hospital ELBERTON GA official website,
113300,ATHUR M BLANK HOSPITAL,2220 NORTH DRUID HILLS ROAD NE,ATLANTA,GA,30329,hpt-obf:v1:zMwoaho2UfGmLVKj.84PQsGhs4hSbDIepXf5-HQ.XtS-rWuAaWaDa6ylizM,Childrens,choaassets.choa.org,neterr,exa-domain-lookup,pointer fetch failed (neterr); domain is likely wrong or stale,ATHUR M BLANK HOSPITAL hospital ATLANTA GA official website,
113301,CHILDREN'S HEALTHCARE OF ATLANTA AT SCOTTISH RITE,1001 JOHNSON FERRY ROAD,ATLANTA,GA,30342,hpt-obf:v1:Zrpl0QAxe2Zq6DWL.FtUs7kOcu5LrCv3l1Rvd1Q.FVNrTrUgEOLKHE2GBP8,Childrens,choaassets.choa.org,neterr,exa-domain-lookup,pointer fetch failed (neterr); domain is likely wrong or stale,CHILDREN'S HEALTHCARE OF ATLANTA AT SCOTTISH RITE hospital ATLANTA GA official website,
114004,SUMMITRIDGE CENTER- PSYCHIATRY & ADDICTIVE MED,250 SCENIC HIGHWAY,LAWRENCEVILLE,GA,30046,hpt-obf:v1:9iMPzemN264p5RK2.c8KDaxUWm12f3qNZU_RvCQ.aoZFfhBPENMhndQwsf0,Psychiatric,summitridgehospital.net,blocked,unblocker,"domain returned 403/429; needs the unblocker, not a new domain",,
114008,COASTAL HARBOR TREATMENT CENTER,1150 CORNELL AVE,SAVANNAH,GA,31406,hpt-obf:v1:nPOynZ-WMW0MLfw9.xitD9axVG-1eBW9VqU_byg.FZqSQzgeWjC6lqNdVhs,Psychiatric,,no-domain,exa-domain-lookup,no domain in the seed dataset,COASTAL HARBOR TREATMENT CENTER hospital SAVANNAH GA official website,
114010,PEACHFORD BEHAVIORAL HEALTH SYSTEM OF ATLANTA,2151 PEACHFORD ROAD,ATLANTA,GA,30338,hpt-obf:v1:TPNLlAMjjLbudPZa.0_CPbqRG-9KF-F1nmhil3Q.t7sRTMvUdfZwjvAt58Q,Psychiatric,,no-domain,exa-domain-lookup,no domain in the seed dataset,PEACHFORD BEHAVIORAL HEALTH SYSTEM OF ATLANTA hospital ATLANTA GA official website,
114013,WEST CENTRAL GEORGIA REGIONAL HOSPITAL,3000 SCHATULGA RD BOX 12435,COLUMBUS,GA,31917,hpt-obf:v1:d_Z_bPajnXsPj-f7.iq35NiU3dwno1jVdKE_xcQ.KbZravs2kR5hjcZ60_s,Psychiatric,,no-domain,exa-domain-lookup,no domain in the seed dataset,WEST CENTRAL GEORGIA REGIONAL HOSPITAL hospital COLUMBUS GA official website,
114016,ST SIMONS-BY-THE-SEA,2927 DEMERE ROAD,SAINT SIMONS ISLAND,GA,31522,hpt-obf:v1:v8LQF2CvRimjSAAN.rlo2oudPfQmIR5H7TOc9MQ.BbVWdkWOaJ_zDi4QJKk,Psychiatric,,no-domain,exa-domain-lookup,no domain in the seed dataset,ST SIMONS-BY-THE-SEA hospital SAINT SIMONS ISLAND GA official website,
114019,GEORGIA REGIONAL HOSPITAL ATLANTA,3073 PANTHERSVILLE ROAD,DECATUR,GA,30034,hpt-obf:v1:dSty1GLDg5eVyyDl.hVV0hfbUbVNO8WRcY9F_3Q.93PzN7oNfwjbDxXdwgU,Psychiatric,,no-domain,exa-domain-lookup,no domain in the seed dataset,GEORGIA REGIONAL HOSPITAL ATLANTA hospital DECATUR GA official website,
114028,GEORGIA REGIONAL HOSP SAVANNAH,1915 EISENHOWER DRIVE,SAVANNAH,GA,31416,hpt-obf:v1:s8dNm_2RxY2G5SkT.S75ANgsXYPfoZk1gaF9iOQ.RxL9M4zo_543rtP9J8Y,Psychiatric,,no-domain,exa-domain-lookup,no domain in the seed dataset,GEORGIA REGIONAL HOSP SAVANNAH hospital SAVANNAH GA official website,
114029,EAST CENTRAL REGIONAL HOSPITAL,3405 MIKE PADGETT HWY,AUGUSTA,GA,30906,hpt-obf:v1:iw1zcrhXjOgi9JuU.-ovRbyRrk-BrJkUbKHR5IQ.Gw9Fl5m5aQXHPY3qhuY,Psychiatric,,no-domain,exa-domain-lookup,no domain in the seed dataset,EAST CENTRAL REGIONAL HOSPITAL hospital AUGUSTA GA official website,
114032,SO CRESCENT BEH HLTH SYS - ANCHOR HOSPITAL CAMPUS,5454 YORKTOWNE DRIVE,COLLEGE PARK,GA,30349,hpt-obf:v1:rnOPVgoIbfSztD1F.s9C8COWB62-LeHZss6pNiA.lmZgVobsQp_jjd_iTSA,Psychiatric,,no-domain,exa-domain-lookup,no domain in the seed dataset,SO CRESCENT BEH HLTH SYS - ANCHOR HOSPITAL CAMPUS hospital COLLEGE PARK GA official website,
120007,KUAKINI MEDICAL CENTER,347 NORTH KUAKINI STREET,HONOLULU,HI,96817,hpt-obf:v1:XWtMNEaIqUs3Cy8g.rLhQU9u4XiBjaZgCADciJA.W3QR55Hnf4n6dR9yiuI,Acute Care Hospitals,,no-domain,exa-domain-lookup,no domain in the seed dataset,KUAKINI MEDICAL CENTER hospital HONOLULU HI official website,
12001F,Tripler AMC (FT Shafter),1 Jarrett White Rd,Honolulu,HI,96859,hpt-obf:v1:kiX9XyFscQKQdVdr.VqQvxscpIkjJbWmW773JZw.AIYVf9Bu3_MFCbQrzGI,Acute Care - Department of Defense,,no-domain,exempt-federal,federally owned; outside 45 CFR 180,,
130003,ST JOSEPH REGIONAL MEDICAL CENTER,415 SIXTH STREET,LEWISTON,ID,83501,hpt-obf:v1:hecUfQPPgaOo7f8R.TQ_iFIkm-PqIQmThHYb72w.sHXObHpqZ2vO9Brclv4,Acute Care Hospitals,sjrmc.org,failed,exa-domain-lookup,pointer fetch failed (failed); domain is likely wrong or stale,ST JOSEPH REGIONAL MEDICAL CENTER hospital LEWISTON ID official website,
13003F,BOISE VA MEDICAL CENTER,500 W. FORT STREET,BOISE,ID,83702,hpt-obf:v1:YdK6mJx0wT0SDpVB.LU-G3sgzocaDiKCJxbKt9w.XXmY_AytJvUKQuZ8pvE,Acute Care - Veterans Administration,,no-domain,exempt-federal,federally owned; outside 45 CFR 180,,
131303,NELL J REDFIELD MEMORIAL HOSPITAL,150 NORTH 200 WEST,MALAD CITY,ID,83252,hpt-obf:v1:lDBnIYoNxdHbp9XN.hyOmbmEPYYXFF0KAck9o1g.t6iWiBoafqCZkrTpppw,Critical Access Hospitals,,no-domain,exa-domain-lookup,no domain in the seed dataset,NELL J REDFIELD MEMORIAL HOSPITAL hospital MALAD CITY ID official website,
131304,POWER COUNTY HOSPITAL DISTRICT,510 ROOSEVELT STREET,AMERICAN FALLS,ID,83211,hpt-obf:v1:uUagCBQqLChjGnHR.qbg9QZrJ2d-axOYQ30r21g.f2WWoJaa2aLt2rHSap4,Critical Access Hospitals,,no-domain,exa-domain-lookup,no domain in the seed dataset,POWER COUNTY HOSPITAL DISTRICT hospital AMERICAN FALLS ID official website,
131314,SHOSHONE MEDICAL CENTER,25 JACOBS GULCH ROAD,KELLOGG,ID,83837,hpt-obf:v1:5EHy4fXXgJBzAe7J.zsdNIN7Ah1i-2t8b9Doimw.tJo-KxJKzEYJ1vCBMJU,Critical Access Hospitals,,no-domain,exa-domain-lookup,no domain in the seed dataset,SHOSHONE MEDICAL CENTER hospital KELLOGG ID official website,
131315,SYRINGA GENERAL HOSPITAL,607 W MAIN STREET,GRANGEVILLE,ID,83530,hpt-obf:v1:kHIivOsqnanCVcFG.PCjUwNguLyiLIClV3cOuAw.MX4mYTH3ZMWiGxuTngY,Critical Access Hospitals,,no-domain,exa-domain-lookup,no domain in the seed dataset,SYRINGA GENERAL HOSPITAL hospital GRANGEVILLE ID official website,
131318,VALOR HEALTH,1202 EAST LOCUST STREET,EMMETT,ID,83617,hpt-obf:v1:H3gkvfU1duhOaBLf.GY2C-D1x5u25xMS4JxCe2g.xAMMMONZahaki_rs-XU,Critical Access Hospitals,,no-domain,exa-domain-lookup,no domain in the seed dataset,VALOR HEALTH hospital EMMETT ID official website,
131320,CLEARWATER VALLEY HOSPITAL & CLINICS,301 CEDAR STREET,OROFINO,ID,83544,hpt-obf:v1:Nw82klD6DHjgZhKf.B8nXrEUyZ_T9BDzZ9hCfsg.NaVQh17B-qBYV2Zfys0,Critical Access Hospitals,,no-domain,exa-domain-lookup,no domain in the seed dataset,CLEARWATER VALLEY HOSPITAL & CLINICS hospital OROFINO ID official website,
131322,FRANKLIN COUNTY MEDICAL CENTER,44 NORTH FIRST EAST,PRESTON,ID,83263,hpt-obf:v1:LCAn9Vs2qpM7EZND.2gxtY34YvpLfoDlab2P2sQ.7GcDu0lpxC2qY761h2k,Critical Access Hospitals,,no-domain,exa-domain-lookup,no domain in the seed dataset,FRANKLIN COUNTY MEDICAL CENTER hospital PRESTON ID official website,
131327,GRITMAN MEDICAL CENTER,700 SOUTH MAIN STREET,MOSCOW,ID,83843,hpt-obf:v1:RmjPqJQwiGIgbVQY.vWxj2ei4XqiZ5p1ZQeoJrQ.o8IOYzp11Qv38jRl7rU,Critical Access Hospitals,gritman.org,html,exa-domain-lookup,pointer fetch failed (html); domain is likely wrong or stale,GRITMAN MEDICAL CENTER hospital MOSCOW ID official website,
134002,INTERMOUNTAIN HOSPITAL,303 NORTH ALLUMBAUGH STREET,BOISE,ID,83704,hpt-obf:v1:Gwx82pMagv17JFMT.S3aprUec3oMWh2BRI3LbtQ.XB-Yto8a0FCNVRFg4VE,Psychiatric,,no-domain,exa-domain-lookup,no domain in the seed dataset,INTERMOUNTAIN HOSPITAL hospital BOISE ID official website,
134010,STATE HOSPITAL SOUTH,700 EAST ALICE STREET,BLACKFOOT,ID,83221,hpt-obf:v1:7cRtZBbONNQ2ohlW.xJuWt_6klOWZ9d7gS4tb6w.Pnz3APmIBQ-iUqWbRSw,Psychiatric,,no-domain,exa-domain-lookup,no domain in the seed dataset,STATE HOSPITAL SOUTH hospital BLACKFOOT ID official website,
140010,NORTHSHORE UNIVERSITY HEALTHSYSTEM - EVANSTON HOSPITAL,2650 RIDGE AVE,EVANSTON,IL,60201,hpt-obf:v1:_ev7l6sd2S0y8E0d.2CmT2JbZiFzlXi_NOy0luA.YJ-sjTFifiDk16FNBTg,Acute Care Hospitals,nch.org,neterr,exa-domain-lookup,pointer fetch failed (neterr); domain is likely wrong or stale,NORTHSHORE UNIVERSITY HEALTHSYSTEM - EVANSTON HOSPITAL hospital EVANSTON IL official website,
14003F,JESSE BROWN VA MEDICAL CENTER - VA CHICAGO HEALTHCARE SYSTEM,820 S DAMEN STREET,CHICAGO,IL,60612,hpt-obf:v1:GKNe2KG6Rrb5reLF.rzL0wg63gAu0UR2IR_v5uA.6JsCHIBQ691EOI2DATU,Acute Care - Veterans Administration,,no-domain,exempt-federal,federally owned; outside 45 CFR 180,,
140043,CGH MEDICAL CENTER,100 EAST LEFEVRE ROAD,STERLING,IL,61081,hpt-obf:v1:xRll_d4twQHZIjrJ.WqrpZTF1wUfyKwVwL68n1Q.zZzBpXPxC_iuvq5lkDA,Acute Care Hospitals,,no-domain,exa-domain-lookup,no domain in the seed dataset,CGH MEDICAL CENTER hospital STERLING IL official website,
14004F,VA ILLIANA HEALTHCARE SYSTEM - DANVILLE,1900 E. MAIN,DANVILLE,IL,61832,hpt-obf:v1:mmw3iRJnBfwYxf0K.-RnCQ2FL8HxG1CnxLFAL7A.f5Wd9PncWR2QGifwrH4,Acute Care - Veterans Administration,,no-domain,exempt-federal,federally owned; outside 45 CFR 180,,
14007F,HINES VA MEDICAL CENTER,5000 SOUTH 5TH AVENUE,HINES,IL,60141,hpt-obf:v1:M5W5L5D88ZPFFkFS.6PdpMRJs7PX1zXExj_La6w.kud-8rALJ61Kt9kSLO8,Acute Care - Veterans Administration,,no-domain,exempt-federal,federally owned; outside 45 CFR 180,,
140089,MC DONOUGH DISTRICT HOSPITAL,525 EAST GRANT STREET,MACOMB,IL,61455,hpt-obf:v1:KnZ_mOgf61MdmvNR.3BJS48sOtTpOcoV-S_wQcw.iRLLwXPdvpY790NXoEc,Acute Care Hospitals,,no-domain,exa-domain-lookup,no domain in the seed dataset,MC DONOUGH DISTRICT HOSPITAL hospital MACOMB IL official website,
14008F,MARION IL VA MEDICAL CENTER,2401 WEST MAIN,MARION,IL,62959,hpt-obf:v1:Hn86o7zxt2rd2GIn._nDga49RvUoyt-59n4OE6w.5b2PAOTxy4cnbKQPDJs,Acute Care - Veterans Administration,,no-domain,exempt-federal,federally owned; outside 45 CFR 180,,
140095,SAINT ANTHONY HOSPITAL,2875 WEST 19TH STREET,CHICAGO,IL,60623,hpt-obf:v1:Gjc1EXLWHcxakFE5.CjLh1TBNiFu81P5mmpfRDg.bN9bZDNj7BEbWH603m0,Acute Care Hospitals,mercy.net,ok,name-match-review,pointer file works (73 entries) but none matched this hospital's name,,
140100,"MIDWESTERN REGION MED CENTER, INC",2520 ELISHA AVENUE,ZION,IL,60099,hpt-obf:v1:2Ec6hIVnDFq2e71q.HyXiDXH3EpElBKxjemop8A.4dYF4lSx3BIkCz71Amo,Acute Care Hospitals,cancercenter.com,blocked,unblocker,"domain returned 403/429; needs the unblocker, not a new domain",,
140114,SWEDISH HOSPITAL,5145 N CALIFORNIA AVE,CHICAGO,IL,60625,hpt-obf:v1:BHXfUAKyvO0_vNV4.NEOzCJW_zokrOtewSJRRKQ.Wl0fIRJ5t2RzcOtcw5U,Acute Care Hospitals,swedishcovenant.org,blocked,unblocker,"domain returned 403/429; needs the unblocker, not a new domain",,
140148,MEMORIAL MEDICAL CENTER,701 N FIRST ST,SPRINGFIELD,IL,62702,hpt-obf:v1:XIWPophes6LNBMrj.-JKoeGv8wIggZNFLl78BLA.8jksyZDtMWIuQq-YTgA,Acute Care Hospitals,memorial.health,ok,name-match-review,pointer file works (5 entries) but none matched this hospital's name,,
140172,FRANCISCAN HEALTH OLYMPIA & CHICAGO HEIGHTS,20201 S CRAWFORD AVENUE,OLYMPIA FIELDS,IL,60461,hpt-obf:v1:ChKC1ZSt82K-UBkZ.FP9Mjr46oZ02R-l_l5Jg5A.sOM5YLHUfjhfRXZzK8I,Acute Care Hospitals,franciscanhealth.org,ok,name-match-review,pointer file works (13 entries) but none matched this hospital's name,,
140180,PRESENCE SAINTS MARY AND ELIZABETH MEDICAL CENTER,2233 W DIVISION ST,CHICAGO,IL,60622,hpt-obf:v1:4TbKpYq2EJpf0_6O.NOSM_1F_5wczjJKsum1uaw.mcA0LHafeZrq6VhhjGk,Acute Care Hospitals,healthcare.ascension.org,ok,name-match-review,pointer file works (93 entries) but none matched this hospital's name,,
140181,SOUTH SHORE HOSPITAL,8012 SOUTH CRANDON AVENUE,CHICAGO,IL,60617,hpt-obf:v1:ZXdLg7ydQmuNjWh2.cl9W_zEf2nIF83frdcnqRw.NnJDn4wNnL3M9dKh-Sw,Acute Care Hospitals,,no-domain,exa-domain-lookup,no domain in the seed dataset,SOUTH SHORE HOSPITAL hospital CHICAGO IL official website,
140184,HEARTLAND REGIONAL MEDICAL CENTER,3333 W DEYOUNG,MARION,IL,62959,hpt-obf:v1:ECzYqdU1DuEcG3zD.I3fEYKuy7xvMvygBiPwoCw.vT3cJLJ70EnNKECpNZA,Acute Care Hospitals,heartlandregional.com,ok,name-match-review,pointer file works (13 entries) but none matched this hospital's name,,
140200,ELMHURST MEMORIAL HOSPITAL,155 EAST BRUSH HILL ROAD,ELMHURST,IL,60126,hpt-obf:v1:lLrb1-TXTvbppKLB.TwhJSz1tTO3_PLKtBcDTtQ.WEmvrmslq0pZFVY95SA,Acute Care Hospitals,,no-domain,exa-domain-lookup,no domain in the seed dataset,ELMHURST MEMORIAL HOSPITAL hospital ELMHURST IL official website,
140213,SILVER CROSS HOSPITAL  AND MEDICAL CENTERS,1900 SILVER CROSS BLVD,NEW LENOX,IL,60451,hpt-obf:v1:yjsCeGmuTAIxq1S7.FTpkDr3wGyFOppF_j2vEnA.T7eQLINhnTsUi8cmAlc,Acute Care Hospitals,,no-domain,exa-domain-lookup,no domain in the seed dataset,SILVER CROSS HOSPITAL  AND MEDICAL CENTERS hospital NEW LENOX IL official website,
140228,UW HEALTH,1401 EAST STATE STREET,ROCKFORD,IL,61104,hpt-obf:v1:r_YJhewtbWbicpps.l9ywEv_rlV1uS7J9nEdXNw.rMjXWgLT-UrjP5zFKkY,Acute Care Hospitals,uwhealth.org,ok,name-match-review,pointer file works (6 entries) but none matched this hospital's name,,
140231,EDWARD HOSPITAL,801 SOUTH WASHINGTON,NAPERVILLE,IL,60540,hpt-obf:v1:MZJuSBLNUKxh6gOP.joVMTOzVeHMBXvMToiQXrQ.Gfj_YZ7IRxopU8wqGSs,Acute Care Hospitals,,no-domain,exa-domain-lookup,no domain in the seed dataset,EDWARD HOSPITAL hospital NAPERVILLE IL official website,
140252,NORTHWEST COMMUNITY HOSPITAL 1,800 W CENTRAL ROAD,ARLINGTON HEIGHTS,IL,60005,hpt-obf:v1:Kte_QOv4bJwfruJl.mHwcoR6QuJAWjFZ1WETsSg.YnKgRvYaf2mj3Lwwpso,Acute Care Hospitals,,no-domain,exa-domain-lookup,no domain in the seed dataset,NORTHWEST COMMUNITY HOSPITAL 1 hospital ARLINGTON HEIGHTS IL official website,
140289,ANDERSON HOSPITAL,6800 STATE ROUTE 162,MARYVILLE,IL,62062,hpt-obf:v1:D636sXVKKatkqt3W.msLbQryWtkwynNIyNFDu3A.lvBKWIEauxupE2-gs_s,Acute Care Hospitals,andersonhospital.org,html,exa-domain-lookup,pointer fetch failed (html); domain is likely wrong or stale,ANDERSON HOSPITAL hospital MARYVILLE IL official website,
14034F,NORTH CHICAGO VA MEDICAL CENTER,3001 GREENBAY ROAD,NORTH CHICAGO,IL,60064,hpt-obf:v1:5H8Rn6Z_iHPfPHM5.q10eRwip0gxhHefE0xw2rw.0WJOW8NrIL1cAlY8X_E,Acute Care - Veterans Administration,,no-domain,exempt-federal,federally owned; outside 45 CFR 180,,
141306,COMMUNITY HOSPITAL OF STAUNTON,400 N CALDWELL ST,STAUNTON,IL,62088,hpt-obf:v1:Y3EIuWJB6iDN2Vhp.jDhSsr9xdepTJ-9zMZlIgw.quU5C9uKMJwb26kuJY8,Critical Access Hospitals,stauntonhospital.org,html,exa-domain-lookup,pointer fetch failed (html); domain is likely wrong or stale,COMMUNITY HOSPITAL OF STAUNTON hospital STAUNTON IL official website,
141320,PARIS COMMUNITY HOSPITAL,721 E COURT STREET,PARIS,IL,61944,hpt-obf:v1:n_kHuI6ahSl0jGol.L6rvUoc-zetyThugIx1evg.dkwxfkOpNNtx9BUAyYs,Critical Access Hospitals,,no-domain,exa-domain-lookup,no domain in the seed dataset,PARIS COMMUNITY HOSPITAL hospital PARIS IL official website,
141323,MASSAC MEMORIAL HOSPITAL,"28 CHICK STREET, PO BOX 850",METROPOLIS,IL,62960,hpt-obf:v1:wP4ujJAZzA_JfgYG.WeimrdyfsO66ZofLvKY8JQ.XkU5PoIpGIeZrwMsMM8,Critical Access Hospitals,,no-domain,exa-domain-lookup,no domain in the seed dataset,MASSAC MEMORIAL HOSPITAL hospital METROPOLIS IL official website,
141328,HARDIN COUNTY GENERAL HOSPITAL & CLINIC,FERRELL ROAD,ROSICLARE,IL,62982,hpt-obf:v1:8dDSGIsTu60sX50B.pgkPKJa2bdbbVUMv8FoUxA.5UtAvKTV8-N0FngQMtw,Critical Access Hospitals,,no-domain,exa-domain-lookup,no domain in the seed dataset,HARDIN COUNTY GENERAL HOSPITAL & CLINIC hospital ROSICLARE IL official website,
141330,HOPEDALE HOSPITAL,107 TREMONT STREET,HOPEDALE,IL,61747,hpt-obf:v1:UxTuT0SLbSj896EL.PXw2ozyoXngiFJkSrZjE2w.SUQKlP5QHRIt3onLVbs,Critical Access Hospitals,hopedalemc.com,html,exa-domain-lookup,pointer fetch failed (html); domain is likely wrong or stale,HOPEDALE HOSPITAL hospital HOPEDALE IL official website,
141332,HILLSBORO AREA HOSPITAL,1200 E TREMONT STREET,HILLSBORO,IL,62049,hpt-obf:v1:ZKGHEU8oxB3D-PLE.x4d12eMBDNDlmCVKEte5ZA.SvHNXjI9oIMTkqtaKAA,Critical Access Hospitals,hillsboroareahospital.org,neterr,exa-domain-lookup,pointer fetch failed (neterr); domain is likely wrong or stale,HILLSBORO AREA HOSPITAL hospital HILLSBORO IL official website,
141335,MERCY HARVARD HOSPITAL,901 S GRANT STREET,HARVARD,IL,60033,hpt-obf:v1:AqBMU5wXuxb8vkxZ.Axyv3edfAnBmw5TC6MlWEw.zsrX2w6EODfHqgQf7vo,Critical Access Hospitals,mercyhealthsystem.org,ok,name-match-review,pointer file works (16 entries) but none matched this hospital's name,,
141338,MEMORIAL HOSPITAL,1900 STATE ST,CHESTER,IL,62233,hpt-obf:v1:IrnTKvzi7dCcnNh0.G7GXTvbFvvV9LciYxTxkag.WQpWynQFAK-2FcPGk9U,Critical Access Hospitals,,no-domain,exa-domain-lookup,no domain in the seed dataset,MEMORIAL HOSPITAL hospital CHESTER IL official website,
144009,"AERIES HEALTHCARE OF ILLINOIS, INC., DBA RIVEREDGE HOSPITAL",8311 WEST ROOSEVELT ROAD,FOREST PARK,IL,60130,hpt-obf:v1:A-ld60jMoDGMdjFt._6iBe0Wc6cKu19oEP5ksAg.qhxF8MqOdkQwAdZR4RI,Psychiatric,,no-domain,exa-domain-lookup,no domain in the seed dataset,"AERIES HEALTHCARE OF ILLINOIS, INC., DBA RIVEREDGE HOSPITAL hospital FOREST PARK IL official website",
144010,CHICAGO READ MENTAL HEALTH CENTER,4200 N OAK PARK AVE,CHICAGO,IL,60634,hpt-obf:v1:8EA-tZduaz-TS8Xb.2oo8nQqubsgfvz4gppGvgA.kjck-A5_yv0s80anPIw,Psychiatric,,no-domain,exa-domain-lookup,no domain in the seed dataset,CHICAGO READ MENTAL HEALTH CENTER hospital CHICAGO IL official website,
144016,ALTON MENTAL HEALTH CENTER,4500 COLLEGE AVENUE,ALTON,IL,62002,hpt-obf:v1:e7MorgDm9bJVjsoC.pAX18_KN0t8WyLxJI8NVeQ.9_8Vhu7o-I5mGMn32ZA,Psychiatric,,no-domain,exa-domain-lookup,no domain in the seed dataset,ALTON MENTAL HEALTH CENTER hospital ALTON IL official website,
144021,ANDREW MCFARLAND MENTAL HLTH CTR,901 SOUTHWIND RD,SPRINGFIELD,IL,62703,hpt-obf:v1:OrEwn5fEj1OTGOu1.qmUhi2t8OCr1IdOKBr-0hA.T1QrcR4jBtK8kGf-s-g,Psychiatric,,no-domain,exa-domain-lookup,no domain in the seed dataset,ANDREW MCFARLAND MENTAL HLTH CTR hospital SPRINGFIELD IL official website,
144026,HARTGROVE HOSPITAL,5730 W ROOSEVELT ROAD,CHICAGO,IL,60644,hpt-obf:v1:iokz-u5Iph3V8X8_.tiY6qyc9mkVfCaY9bwh7pQ.BNWsQgbWe4IedMvn1f8,Psychiatric,,no-domain,exa-domain-lookup,no domain in the seed dataset,HARTGROVE HOSPITAL hospital CHICAGO IL official website,
144028,MADDEN MENTAL HEALTH CENTER,1200 S FIRST AVE,HINES,IL,60141,hpt-obf:v1:ghdkEpfPC6JaO9X-.zNd3v5-HGsPDftx_seygXg.qk1XMRHA_5pnt_8Z-aA,Psychiatric,,no-domain,exa-domain-lookup,no domain in the seed dataset,MADDEN MENTAL HEALTH CENTER hospital HINES IL official website,
144034,BHC STREAMWOOD HOSPITAL INC,1400 E IRVING PARK ROAD,STREAMWOOD,IL,60107,hpt-obf:v1:51BSDhh1biLV7w8S.ZH6R80vhUmBz3kKMylZZXw.yVYUUgkKqnDoV_3Vsus,Psychiatric,,no-domain,exa-domain-lookup,no domain in the seed dataset,BHC STREAMWOOD HOSPITAL INC hospital STREAMWOOD IL official website,
144035,LINDEN OAKS AT EDWARD,852 S WEST STREET,NAPERVILLE,IL,60540,hpt-obf:v1:kps3hYssACiARz9g.EoZ-Tl-U-66NKZnTlx5TGA.VoPEgsfqVXVIIAv788M,Psychiatric,,no-domain,exa-domain-lookup,no domain in the seed dataset,LINDEN OAKS AT EDWARD hospital NAPERVILLE IL official website,
144037,ELGIN MENTAL HEALTH CENTER,750 S STATE ST,ELGIN,IL,60123,hpt-obf:v1:7VtqXdlOyIy3g_rP.megQuRkRiAT0aIyF8xLehg.09oE1iKqTgaFd6LG8Xk,Psychiatric,,no-domain,exa-domain-lookup,no domain in the seed dataset,ELGIN MENTAL HEALTH CENTER hospital ELGIN IL official website,
144038,CHOATE MENTAL HEALTH & DEVELOPMENT CTR,1000 N MAIN ST,ANNA,IL,62906,hpt-obf:v1:XW__m4l1ulFRhA6U.dR8XqbhjROFmYuErtVEyCQ.MC1YosFH-BRr0ACEQzY,Psychiatric,,no-domain,exa-domain-lookup,no domain in the seed dataset,CHOATE MENTAL HEALTH & DEVELOPMENT CTR hospital ANNA IL official website,
150037,HANCOCK REGIONAL HOSPITAL,801 N STATE ST,GREENFIELD,IN,46140,hpt-obf:v1:0Tp3k3OscMKu-cxY.e89iwflkGWWx6TPdmFhmWQ.IgmWeHhqxwo-aGhbhuk,Acute Care Hospitals,,no-domain,exa-domain-lookup,no domain in the seed dataset,HANCOCK REGIONAL HOSPITAL hospital GREENFIELD IN official website,
15003F,INDIANAPOLIS VA MEDICAL CENTER,1481 W. TENTH STREET,INDIANAPOLIS,IN,46202,hpt-obf:v1:tdqn2c0XKUNUmP2h.P2QANbJmTDSxpsgScjedNg.QI96UzMOyaT0gWHYExs,Acute Care - Veterans Administration,,no-domain,exempt-federal,federally owned; outside 45 CFR 180,,
150046,TERRE HAUTE REGIONAL HOSPITAL,3901 S SEVENTH ST,TERRE HAUTE,IN,47802,hpt-obf:v1:JBC7ckfj1K2Q9b5s.nWNmthO9YcAsPxyNtoS3NA.bQAiSgM-qUa5JuknF0s,Acute Care Hospitals,regionalhospital.com,neterr,exa-domain-lookup,pointer fetch failed (neterr); domain is likely wrong or stale,TERRE HAUTE REGIONAL HOSPITAL hospital TERRE HAUTE IN official website,
150048,REID HEALTH,1100 REID PKWY,RICHMOND,IN,47374,hpt-obf:v1:KuNqAVf6Iw4KH947.T206hvYPXZ3RD3KczpiGLQ.z3Q63yWfQqkybt4xQjQ,Acute Care Hospitals,,no-domain,exa-domain-lookup,no domain in the seed dataset,REID HEALTH hospital RICHMOND IN official website,
15004F,VA N. INDIANA HEALTHCARE SYSTEM,1700 E. 38TH STREET,MARION,IN,46953,hpt-obf:v1:f5tIIXYfScSkIKcD.YZi2A9rRzvrhAeHayiZtsg.Mj-RC4rWQA7LZFbZqh4,Acute Care - Veterans Administration,,no-domain,exempt-federal,federally owned; outside 45 CFR 180,,
150051,INDIANA UNIVERSITY HEALTH BLOOMINGTON HOSPITAL,601 W SECOND ST,BLOOMINGTON,IN,47403,hpt-obf:v1:wKqmtR17HbEfd3Qa.-Eh1PEhl8r7tLTOZQbJv9A.MHS_ReHq_ScCi6Ad3qA,Acute Care Hospitals,iuhealth.org,ok,name-match-review,pointer file works (16 entries) but none matched this hospital's name,,
150086,ST ELIZABETH DEARBORN HOSPITAL,600 WILSON CREEK RD,LAWRENCEBURG,IN,47025,hpt-obf:v1:53IlXhBcs0Z6icly.DqK-3OhY7_HdliUyin-wSg.2LzXRoUk00P1N3NH65c,Acute Care Hospitals,,no-domain,exa-domain-lookup,no domain in the seed dataset,ST ELIZABETH DEARBORN HOSPITAL hospital LAWRENCEBURG IN official website,
150160,ORTHOINDY HOSPITAL,8400 NORTHWEST BLVD,INDIANAPOLIS,IN,46278,hpt-obf:v1:rVaN0cIZBdaP9pGn.ljNclMxOc86H0MTpbYOAwA.AN3gC1l3UqevDSoVvl8,Acute Care Hospitals,,no-domain,exa-domain-lookup,no domain in the seed dataset,ORTHOINDY HOSPITAL hospital INDIANAPOLIS IN official website,
150179,FAIRBANKS,8102 CLEARVISTA PARKWAY,INDIANAPOLIS,IN,46256,hpt-obf:v1:8OUGkVJsF64KQ9RX.dKWaibNOz1OZHuY_IJYuxA.jb9Rgz45bXHdrtaZZXM,Acute Care Hospitals,ecommunity.com,ok,name-match-review,pointer file works (17 entries) but none matched this hospital's name,,
151329,MARGARET MARY COMMUNITY HOSPITAL INC,321 MITCHELL AVE,BATESVILLE,IN,47006,hpt-obf:v1:tltvsPTdoHgcla27.U2pgChvhBay5uptYLOr_yw.x5I4H5wqOV0KvGAdjC4,Critical Access Hospitals,mmhealth.org,notfound,exa-domain-lookup,pointer fetch failed (notfound); domain is likely wrong or stale,MARGARET MARY COMMUNITY HOSPITAL INC hospital BATESVILLE IN official website,
154005,"WABASH VALLEY ALLIANCE, INC. / RIVER BEND HOSPITAL",2900 N RIVER RD,WEST LAFAYETTE,IN,47906,hpt-obf:v1:B2CoBqdbcBMZeNPR.xUwWVFuUxiCD7fakdhU7wQ.Hodhz5RfJVmZg8EVyLs,Psychiatric,,no-domain,exa-domain-lookup,no domain in the seed dataset,"WABASH VALLEY ALLIANCE, INC. / RIVER BEND HOSPITAL hospital WEST LAFAYETTE IN official website",
154011,INCOMPASS HEALTHCARE,285 BIELBY RD,LAWRENCEBURG,IN,47025,hpt-obf:v1:KhgQlaF1UtaTqM_u.sRxIqaBAr2mCxdXo3dNhnQ.pTL306PcI3PAihaSlEk,Psychiatric,,no-domain,exa-domain-lookup,no domain in the seed dataset,INCOMPASS HEALTHCARE hospital LAWRENCEBURG IN official website,
154014,OTIS R BOWEN CENTER FOR HUMAN SERVICES INC,9 PEQUIGNOT DR,PIERCETON,IN,46562,hpt-obf:v1:VJ4G1EEiODImmkbS.H6-F_dfdrndXL0uPBC4X_Q.m_681UGwY3ZXlryBSbM,Psychiatric,,no-domain,exa-domain-lookup,no domain in the seed dataset,OTIS R BOWEN CENTER FOR HUMAN SERVICES INC hospital PIERCETON IN official website,
154020,REGIONAL MENTAL HEALTH CENTER,8555 TAFT ST,MERRILLVILLE,IN,46410,hpt-obf:v1:Go4SmmzXgU5Y0Mou.hybngGku43PejQj4cLRA-Q.26fCAbhKi_N_9y5qZHw,Psychiatric,,no-domain,exa-domain-lookup,no domain in the seed dataset,REGIONAL MENTAL HEALTH CENTER hospital MERRILLVILLE IN official website,
154024,VALLE VISTA HEALTH SYSTEM,898 E MAIN ST,GREENWOOD,IN,46143,hpt-obf:v1:lgc1ORrSjW8vhVsF.NtmeWVDa-v21SdkIkWPF6A.mGCqePYS-9VUqzvpEAg,Psychiatric,,no-domain,exa-domain-lookup,no domain in the seed dataset,VALLE VISTA HEALTH SYSTEM hospital GREENWOOD IN official website,
154031,OAKLAWN PSYCHIATRIC CENTER INC,330 LAKEVIEW DR,GOSHEN,IN,46527,hpt-obf:v1:vKyeKU3nDIQGRQe7.r_cqs2mYpZmsb3TEfXkT9Q.Nzj6ETD5VlGLO9VAlDI,Psychiatric,,no-domain,exa-domain-lookup,no domain in the seed dataset,OAKLAWN PSYCHIATRIC CENTER INC hospital GOSHEN IN official website,
154041,BLOOMINGTON MEADOWS HOSPITAL,3600 N PROW RD,BLOOMINGTON,IN,47404,hpt-obf:v1:wKcDxNOgafHPRud8.8FpQwen8w_Ej7D9wQCYFNA.wSK-iwSL5CwB8frmTbE,Psychiatric,,no-domain,exa-domain-lookup,no domain in the seed dataset,BLOOMINGTON MEADOWS HOSPITAL hospital BLOOMINGTON IN official website,
154047,MICHIANA BEHAVIORAL HEALTH CENTER,1800 N OAK RD,PLYMOUTH,IN,46563,hpt-obf:v1:pf7Re1itHvjpEesr.LTNUXgMFFM1NkK2GBOvvbg.7FfSCOrRbLCsHIaaQ1s,Psychiatric,,no-domain,exa-domain-lookup,no domain in the seed dataset,MICHIANA BEHAVIORAL HEALTH CENTER hospital PLYMOUTH IN official website,
154051,WELLSTONE REGIONAL HOSPITAL,2700 VISSING PARK RD,JEFFERSONVILLE,IN,47130,hpt-obf:v1:KiutSAl6CUnw98bq.Dts4W1V0l6zR0WmkIZ5oiQ.inQfHFmqfzbryVlr_r0,Psychiatric,,no-domain,exa-domain-lookup,no domain in the seed dataset,WELLSTONE REGIONAL HOSPITAL hospital JEFFERSONVILLE IN official website,
154052,PORTER-STARKE SERVICES INC,701 WALL ST,VALPARAISO,IN,46383,hpt-obf:v1:a87p1pYdaSoJ6Hbx.vAf1f_c6O5ZX8TnaKhCynQ.OyjPMFazhEhWBxugyM8,Psychiatric,,no-domain,exa-domain-lookup,no domain in the seed dataset,PORTER-STARKE SERVICES INC hospital VALPARAISO IN official website,
154055,BRENTWOOD MEADOWS LLC,4488 ROSLIN RD,NEWBURGH,IN,47630,hpt-obf:v1:npDtLhurTQsDzCSo.B_vTlvYZIRa9gyayfuTkXg.RivHbXpfSKhnHBFHrPk,Psychiatric,,no-domain,exa-domain-lookup,no domain in the seed dataset,BRENTWOOD MEADOWS LLC hospital NEWBURGH IN official website,
154060,"PARK CENTER, INC",1909 CAREW STREET,FORT WAYNE,IN,46805,hpt-obf:v1:Fu7rss3Rgy2AnAn7.YfZ2IF1G0YnIfcjYJ1WS7Q.jvb6AZGfxK01nXfTSZE,Psychiatric,parkview.com,ok,name-match-review,pointer file works (11 entries) but none matched this hospital's name,,
154064,ASSURANCE HEALTH PSYCHIATRIC HOSPITAL,900 NORTH HIGH SCHOOL ROAD,INDIANAPOLIS,IN,46214,hpt-obf:v1:kwi7Cb-GgQ5HPOfO.gabwXb5TGgjC6quPZYKeuQ.ulYioCKM5x3P7CBRNRg,Psychiatric,,no-domain,exa-domain-lookup,no domain in the seed dataset,ASSURANCE HEALTH PSYCHIATRIC HOSPITAL hospital INDIANAPOLIS IN official website,
154070,MAPLE HEIGHTS BEHAVIORAL HEALTH,3955 WEST WASHINGTON CENTER ROAD,FORT WAYNE,IN,46818,hpt-obf:v1:hw4IDug2KqPWYG8l.3wQ-s-jBB3n_P9wJEPzx0Q._pyJnIGV3jr0ewjbSww,Psychiatric,,no-domain,exa-domain-lookup,no domain in the seed dataset,MAPLE HEIGHTS BEHAVIORAL HEALTH hospital FORT WAYNE IN official website,
154072,MISSION BEHAVIORAL HEALTH HOSPITAL,1880 MEDICAL ARTS DRIVE,HUNTINGBURG,IN,47542,hpt-obf:v1:L5cZtCNej13DJGAk.3pTaL2ph3l0WrSudKWHwTA.7C5hYUSW76GWmLX6t0I,Psychiatric,,no-domain,exa-domain-lookup,no domain in the seed dataset,MISSION BEHAVIORAL HEALTH HOSPITAL hospital HUNTINGBURG IN official website,
160030,MARY GREELEY MEDICAL CENTER,1111 DUFF AVENUE,AMES,IA,50010,hpt-obf:v1:KNqEwsn8oGn1GUs4.re3k7JBQI_ac1jkfET1uhQ.AFYJEVDMOAegASYSPp0,Acute Care Hospitals,,no-domain,exa-domain-lookup,no domain in the seed dataset,MARY GREELEY MEDICAL CENTER hospital AMES IA official website,
16003F,VA CENTRAL IOWA HEALTHCARE SYSTEM,3600 30TH STREET,DES MOINES,IA,50310,hpt-obf:v1:NOZOkL9uXDL-LPMj.o9d0v7zqzNH0wGUtwh-T-g.7NO8heSK3B_ZLVB6jRw,Acute Care - Veterans Administration,,no-domain,exempt-federal,federally owned; outside 45 CFR 180,,
16004F,IOWA CITY VA MEDICAL CENTER,601 HIGHWAY 6 WEST,IOWA CITY,IA,52246,hpt-obf:v1:KA70eZe09BuEqZJQ.bTTgOA6M3y3H1oV-LzUbeA.LeVcJ7UfbnOpkrk78NY,Acute Care - Veterans Administration,,no-domain,exempt-federal,federally owned; outside 45 CFR 180,,
160153,MERCYONE SIOUXLAND MEDICAL CENTER,801 5TH ST,SIOUX CITY,IA,51101,hpt-obf:v1:v9G_QtP9eNvIk9NP.gifyiP-yejQ8e6XW-TpbTA.ZJzJL9t4tTVT2vUKWGI,Acute Care Hospitals,mercyone.org,ok,name-match-review,pointer file works (18 entries) but none matched this hospital's name,,
161347,FLOYD COUNTY MEDICAL CENTER,800 11TH ST,CHARLES CITY,IA,50616,hpt-obf:v1:AFRkuNGjpPFy-Ebs.yNWbBOQkHu6XVuzzYMijHA.y8cbZ-rniHYJmEgL5pk,Critical Access Hospitals,,no-domain,exa-domain-lookup,no domain in the seed dataset,FLOYD COUNTY MEDICAL CENTER hospital CHARLES CITY IA official website,
161348,CLARKE COUNTY HOSPITAL,800 S FILLMORE ST,OSCEOLA,IA,50213,hpt-obf:v1:wQuENpygMFIHq_Ss.bdYArdW8BLbFFQMywCtS-g.zHcf2M7HXM5xxZuL7R4,Critical Access Hospitals,clarkehosp.org,blocked,unblocker,"domain returned 403/429; needs the unblocker, not a new domain",,
161380,HANSEN FAMILY HOSPITAL,920 SOUTH OAK STREET,IOWA FALLS,IA,50126,hpt-obf:v1:3gok4WojbY3J5RQq.nW705sLp0YunCRI18G2xXg.o0JEQtcUezwtBSPDR2I,Critical Access Hospitals,mercyone.org,ok,name-match-review,pointer file works (18 entries) but none matched this hospital's name,,
164002,MENTAL HEALTH INSTITUTE,1251 NORTH CEDAR LOOP,CHEROKEE,IA,51012,hpt-obf:v1:T2yPTD1up84xeuLF.I-sIoo8nYAqnO8Eel9O1Cw.osdbohZng8SSVBRLYjs,Psychiatric,,no-domain,exa-domain-lookup,no domain in the seed dataset,MENTAL HEALTH INSTITUTE hospital CHEROKEE IA official website,
164003,MENTAL HEALTH INSTITUTE,2277 IOWA AVENUE,INDEPENDENCE,IA,50644,hpt-obf:v1:gcHL6yprZXLUI2KR.9DvRiCWd69NTyX8eHzqSUg.tv3leumeRbZeGiFmuZ0,Psychiatric,,no-domain,exa-domain-lookup,no domain in the seed dataset,MENTAL HEALTH INSTITUTE hospital INDEPENDENCE IA official website,
164006,EAGLE VIEW BEHAVIORAL HEALTH,770 TANGLEFOOT LANE,BETTENDORF,IA,52722,hpt-obf:v1:z3cBCE-gKb9MJtDn.oadmFe1KeuTa1y4p75XiYA.UxsPrEcS6iZhf3k_kBk,Psychiatric,,no-domain,exa-domain-lookup,no domain in the seed dataset,EAGLE VIEW BEHAVIORAL HEALTH hospital BETTENDORF IA official website,
164007,CLIVE BEHAVIORAL HEALTH,1450 NW 114TH STREET,CLIVE,IA,50325,hpt-obf:v1:5lSmNkwzCD6CfGxL.a1bwCakynoTSRw4ujksKMg.kKfbSpgI8HlFhgVfjdU,Psychiatric,,no-domain,exa-domain-lookup,no domain in the seed dataset,CLIVE BEHAVIORAL HEALTH hospital CLIVE IA official website,
170006,"MERCY HOSPITAL PITTSBURG, INC",1 MT CARMEL WAY,PITTSBURG,KS,66762,hpt-obf:v1:ulJojKx0VF32CSfA.mzjoSTNYBInS_OVu9UYfwQ.ZbkrUbi_n8ZeIPna74E,Acute Care Hospitals,healthcare.ascension.org,ok,name-match-review,pointer file works (93 entries) but none matched this hospital's name,,
17002F,Irwin ACH (FT Riley),650 Huebner Rd,Fort Riley,KS,66442,hpt-obf:v1:JxCdNS_y1td4xYy2.RMb6sl-n04A5HEf7ZGCPvw.XMFxXZ8BRaEsHa0YkD8,Acute Care - Department of Defense,,no-domain,exempt-federal,federally owned; outside 45 CFR 180,,
17005F,VA EASTERN KANSAS HEALTHCARE SYSTEM,2200 SW GAGE BOULEVARD,TOPEKA,KS,66622,hpt-obf:v1:inV6RevE_7JiH7dH.7anGYYRAdq4A5hqhwcWOqw.V60HgmwRln6F_r2ZmyE,Acute Care - Veterans Administration,,no-domain,exempt-federal,federally owned; outside 45 CFR 180,,
170074,"STORMONT VAIL HEALTH FLINT HILLS, LLC",1102 ST MARY'S ROAD,JUNCTION CITY,KS,66441,hpt-obf:v1:A3JsgCrXURWRQJjD.iK5yf8anfPznW4RLgzpBtg.2HqxIv0g9UU4kyraAWs,Acute Care Hospitals,,no-domain,exa-domain-lookup,no domain in the seed dataset,"STORMONT VAIL HEALTH FLINT HILLS, LLC hospital JUNCTION CITY KS official website",
17008F,WICHITA VA MEDICAL CENTER,5500 E. KELLOG,WICHITA,KS,67218,hpt-obf:v1:8UFL5vkPHALivJb3.gCSc45s1SY2OGfaRbgBh9A.nwU0nj8IOlEzo2qxEvY,Acute Care - Veterans Administration,,no-domain,exempt-federal,federally owned; outside 45 CFR 180,,
170137,LMH,325 MAINE STREET,LAWRENCE,KS,66044,hpt-obf:v1:FAXe0zGOfY27G3pG.lhfqKZMcuS9E0YQoA2BXTQ.JPHHp14NCKeMq70w2mE,Acute Care Hospitals,,no-domain,exa-domain-lookup,no domain in the seed dataset,LMH hospital LAWRENCE KS official website,
170186,KANSAS HEART HOSPITAL,3601 NORTH WEBB ROAD,WICHITA,KS,67226,hpt-obf:v1:LbNVHmteHys9Yadd.AL8d_JYpUlsdmRiwbVJxHg.hinENs2qA0ntKdH77Rw,Acute Care Hospitals,,no-domain,exa-domain-lookup,no domain in the seed dataset,KANSAS HEART HOSPITAL hospital WICHITA KS official website,
170204,"ROCK REGIONAL HOSPITAL, LLC",3251 NORTH ROCK ROAD,DERBY,KS,67037,hpt-obf:v1:-GuQJZAcjc0F30XX.vDhpfarvI5alzkV-EreRdQ.P6KQbFr4pnaVrxFaIes,Acute Care Hospitals,rockregionalhospitalderby.com,neterr,exa-domain-lookup,pointer fetch failed (neterr); domain is likely wrong or stale,"ROCK REGIONAL HOSPITAL, LLC hospital DERBY KS official website",
170779,SCK HEALTH,6401 PATTERSON PARKWAY,ARKANSAS CITY,KS,67005,hpt-obf:v1:-rKAiGcKsk7VifWY.skIeHOAzyY6fDXr9EyTYvQ.FjW6EhH2JDeU7B9biiE,Rural Emergency Hospital,,no-domain,exa-domain-lookup,no domain in the seed dataset,SCK HEALTH hospital ARKANSAS CITY KS official website,
170781,RUSH COUNTY MEMORIAL HOSPITAL,801 LOCUST ST,LA CROSSE,KS,67548,hpt-obf:v1:UrxKcGBfvG5vIj0c.arioo4coA3C5XrEHiQJd5A.-SBhlyRDs7hmM5UXWzo,Rural Emergency Hospital,,no-domain,exa-domain-lookup,no domain in the seed dataset,RUSH COUNTY MEMORIAL HOSPITAL hospital LA CROSSE KS official website,
171300,GRISELL MEMORIAL HOSPITAL,210 SOUTH VERMONT AVENUE,RANSOM,KS,67572,hpt-obf:v1:W_Acmq_WEXfBXfhi.yuCgsSnsTbCUDGZBZBSRNg.alckNwsdxk7r0GUVTpw,Critical Access Hospitals,,no-domain,exa-domain-lookup,no domain in the seed dataset,GRISELL MEMORIAL HOSPITAL hospital RANSOM KS official website,
171312,COMANCHE COUNTY HOSPITAL,202 S FRISCO STREET,COLDWATER,KS,67029,hpt-obf:v1:e4wSCt3grN__Qe2C.UkmMh9hY2WPEE4zJLFhPYw.OdtAmK6uTY_PnfUJHJo,Critical Access Hospitals,,no-domain,exa-domain-lookup,no domain in the seed dataset,COMANCHE COUNTY HOSPITAL hospital COLDWATER KS official website,
171317,EDWARDS COUNTY MEDICAL CENTER,620 WEST EIGHTH STREET,KINSLEY,KS,67547,hpt-obf:v1:dXj-vskcmoP5uGfR.gOlr5Eop5NnXbtnscGlgbg.4vkMEAufVc5HTTrpgzo,Critical Access Hospitals,,no-domain,exa-domain-lookup,no domain in the seed dataset,EDWARDS COUNTY MEDICAL CENTER hospital KINSLEY KS official website,
171319,HOLTON COMMUNITY HOSPITAL,1110 COLUMBINE DRIVE,HOLTON,KS,66436,hpt-obf:v1:lgcJ4HMzZji1JXT8.V9HpUsf7uYp1e2jovUTLqA.KZuVit6X3cW6YHWecOc,Critical Access Hospitals,,no-domain,exa-domain-lookup,no domain in the seed dataset,HOLTON COMMUNITY HOSPITAL hospital HOLTON KS official website,
171324,"SATANTA DISTRICT HOSPITAL, CLINICS, & LTCU",401 CHEYENNE STREET,SATANTA,KS,67870,hpt-obf:v1:QOjuRwzk4p7US9qR.uPi1azIqlpWwGl8VYi87hA.JbN-FYLlIE82dVDc97E,Critical Access Hospitals,,no-domain,exa-domain-lookup,no domain in the seed dataset,"SATANTA DISTRICT HOSPITAL, CLINICS, & LTCU hospital SATANTA KS official website",
171327,ELLSWORTH COUNTY MEDICAL CENTER,1604 AYLWARD AVENUE,ELLSWORTH,KS,67439,hpt-obf:v1:bKHtWCiMr0ZTP_70.sPDJqg-vZSWdbLf0CCAHPg.v91gYEUUh-0VA2tr8i8,Critical Access Hospitals,,no-domain,exa-domain-lookup,no domain in the seed dataset,ELLSWORTH COUNTY MEDICAL CENTER hospital ELLSWORTH KS official website,
171336,NESS COUNTY HOSPITAL DISTRICT #2,312 CUSTER STREET,NESS CITY,KS,67560,hpt-obf:v1:Frfxw2uZ-4xq1jCt.iRJMlaDmdOhLCurNbkJcyQ.iN-f_15abv6HpEWSfi4,Critical Access Hospitals,,no-domain,exa-domain-lookup,no domain in the seed dataset,NESS COUNTY HOSPITAL DISTRICT #2 hospital NESS CITY KS official website,
171339,GREENWOOD COUNTY HOSPITAL,100 W 16TH STREET,EUREKA,KS,67045,hpt-obf:v1:W3PD922alxKAOIlT.GMwdmIwgunxq4j0CshWRrg.9sUkDPNtWUorfzytWGY,Critical Access Hospitals,,no-domain,exa-domain-lookup,no domain in the seed dataset,GREENWOOD COUNTY HOSPITAL hospital EUREKA KS official website,
171341,HIAWATHA COMMUNITY HOSPITAL,300 UTAH STREET,HIAWATHA,KS,66434,hpt-obf:v1:CC_PuEwqDMK1Hsen.CUYrik9gJAwMBTi5kpPYxw.CsfZatClrvGQrfdZqQs,Critical Access Hospitals,amberwellhealth.org,blocked,unblocker,"domain returned 403/429; needs the unblocker, not a new domain",,
171344,WILSON MEDICAL CENTER,2600 OTTAWA ROAD,NEODESHA,KS,66757,hpt-obf:v1:t8QyW2_7ZTxFcmj_.GPB5I2hu1Dm3eOTES7_K9Q.oQnm6O4_vc2yJ8EWPYw,Critical Access Hospitals,,no-domain,exa-domain-lookup,no domain in the seed dataset,WILSON MEDICAL CENTER hospital NEODESHA KS official website,
171346,HOSPITAL DISTRICT #6 PATTERSON HEALTH CENTER,485 N. KS HWY 2,ANTHONY,KS,67003,hpt-obf:v1:R0ovlVBeBgNSYyPa.2ZJ1_mQKvvwW11D_TYeGbw.VPaPxHU0zMue8H2riyA,Critical Access Hospitals,,no-domain,exa-domain-lookup,no domain in the seed dataset,HOSPITAL DISTRICT #6 PATTERSON HEALTH CENTER hospital ANTHONY KS official website,
171354,"COMMUNITY HOSPITAL, ONAGA AND ST MARYS CAMPUS",120 WEST 8TH STREET,ONAGA,KS,66521,hpt-obf:v1:ftLErCVSpzQjQZrq.qzOxl6UNhvhhAOU_ifla2Q.-IiCysOeR4ohtmXM1oI,Critical Access Hospitals,,no-domain,exa-domain-lookup,no domain in the seed dataset,"COMMUNITY HOSPITAL, ONAGA AND ST MARYS CAMPUS hospital ONAGA KS official website",
171356,ST LUKE HOSPITAL & LIVING CENTER,535 SOUTH FREEBORN,MARION,KS,66861,hpt-obf:v1:dSV4TKmX8nq6LGzY.z8VkUNvTNbVHNnuO4rBpFA.tQIGRy7_Dh6myM2vHo4,Critical Access Hospitals,,no-domain,exa-domain-lookup,no domain in the seed dataset,ST LUKE HOSPITAL & LIVING CENTER hospital MARION KS official website,
171359,GREELEY COUNTY HEALTH SERVICES,506 3RD STREET,TRIBUNE,KS,67879,hpt-obf:v1:ZGVU9Qb-efCSyQvX.60nAT6JsmzEKqkh1rYa_RA.pMD43FBq7R6K5VivQUc,Critical Access Hospitals,greeley.health,notfound,exa-domain-lookup,pointer fetch failed (notfound); domain is likely wrong or stale,GREELEY COUNTY HEALTH SERVICES hospital TRIBUNE KS official website,
171376,GIRARD MEDICAL CENTER,302 NORTH HOSPITAL DRIVE,GIRARD,KS,66743,hpt-obf:v1:8TW0wa2Ur_L9-V7c.Qd1dWDXObuRRME-LLvjpqA.KnZ0FLYhRBcj7aaX6Ow,Critical Access Hospitals,,no-domain,exa-domain-lookup,no domain in the seed dataset,GIRARD MEDICAL CENTER hospital GIRARD KS official website,
171377,SMITH COUNTY MEMORIAL HOSPITAL,921 E. HIGHWAY 36,SMITH CENTER,KS,66967,hpt-obf:v1:ueZIgEZN7Ewdb_oi.avfnuL1P8FvSMjek8kAo6A.2m3waof6HBgo9xH1hHU,Critical Access Hospitals,,no-domain,exa-domain-lookup,no domain in the seed dataset,SMITH COUNTY MEMORIAL HOSPITAL hospital SMITH CENTER KS official website,
173300,CHILDREN'S MERCY SOUTH,5808 W 110TH STREET,OVERLAND PARK,KS,66211,hpt-obf:v1:0eujydsRSyXSC2Ag.PnmC1DFG9NS2HwvERh8TVA.BaJBakKD_XJQo1eDTNI,Childrens,childrensmercy.org,ok,name-match-review,pointer file works (2 entries) but none matched this hospital's name,,
174006,LARNED STATE HOSPITAL,1301 KS HIGHWAY 264,LARNED,KS,67550,hpt-obf:v1:hXxE-4HcVtw-iWxm.se6XC6PLoOAzQA0JPgwAvw.0ufcW8rcE0ssVrcNzGY,Psychiatric,,no-domain,exa-domain-lookup,no domain in the seed dataset,LARNED STATE HOSPITAL hospital LARNED KS official website,
174022,ADAIR ACUTE CARE AT OSAWATOMIE STATE HOSPITAL,500 STATE HOSPITAL DRIVE,OSAWATOMIE,KS,66064,hpt-obf:v1:s0pfvx8N439XRkJS.meGGO7JHJe7eeCSYmLf1vg.jqc9nVJDcPcd3TrTrUg,Psychiatric,,no-domain,exa-domain-lookup,no domain in the seed dataset,ADAIR ACUTE CARE AT OSAWATOMIE STATE HOSPITAL hospital OSAWATOMIE KS official website,
174026,CORTERRA OF WICHITA LLC,7447 WEST VILLAGE CIRCLE,WICHITA,KS,67205,hpt-obf:v1:m10ckAMBRK11ITSA.9YqrRA7GS1GYsR8TylIj7Q.hCHC23IkSM3X_aDmm0s,Psychiatric,,no-domain,exa-domain-lookup,no domain in the seed dataset,CORTERRA OF WICHITA LLC hospital WICHITA KS official website,
174027,ST VERONICA,6700 E 45TH ST N,BEL AIRE,KS,67226,hpt-obf:v1:TQ14zvz2mrYr6fl6.SZCIJm7wmrVkO9vNPcEg3A.yV9HnGcfqRA17ZRwY7k,Psychiatric,,no-domain,exa-domain-lookup,no domain in the seed dataset,ST VERONICA hospital BEL AIRE KS official website,
180009,KING'S DAUGHTERS' MEDICAL CENTER,2201 LEXINGTON AVENUE,ASHLAND,KY,41101,hpt-obf:v1:FpQVng-BWUtCwt6m.v_tmxrP22cXTVq_MhqKj5A.R32JDiqt5pgZGYvJ0-Y,Acute Care Hospitals,kingsdaughtershealth.com,notfound,exa-domain-lookup,pointer fetch failed (notfound); domain is likely wrong or stale,KING'S DAUGHTERS' MEDICAL CENTER hospital ASHLAND KY official website,
180013,THE MEDICAL CENTER (BOWLING GREEN),250 PARK STREET,BOWLING GREEN,KY,42101,hpt-obf:v1:NJBidLKM_biSAYo2.zU4pJ-U-Se9ijK2-RuQZWA.QJSKwqcfvtR2ENFJGB0,Acute Care Hospitals,medcenterhealth.org,ok,name-match-review,pointer file works (6 entries) but none matched this hospital's name,,
18003F,Blanchfield ACH (FT Campbell),650 Joel Dr,Fort Campbell,KY,42223,hpt-obf:v1:leBJ7c3E3ASXBGN7.pc7lxf2dve3H9of4VmPq6A.6LNdtSzxLBjiTryXBDE,Acute Care - Department of Defense,,no-domain,exempt-federal,federally owned; outside 45 CFR 180,,
180043,AdventHealthManchester,210 MARIE LANGDON DRIVE,MANCHESTER,KY,40962,hpt-obf:v1:IoBs1Kkw6AgoigQ6.NsnPK0gORbBtwa21l5XIlg.5U0Zq4UTkueMN7BKnQ0,Acute Care Hospitals,adventhealth.com,ok,name-match-review,pointer file works (87 entries) but none matched this hospital's name,,
180045,ST ELIZABETH FLORENCE,4900 HOUSTON ROAD,FLORENCE,KY,41042,hpt-obf:v1:aQqn3UvVTY3ATEwc.rHwHhuYMKZ8s4rAAuXPrpg.89HCxXDjH-252CKswSk,Acute Care Hospitals,,no-domain,exa-domain-lookup,no domain in the seed dataset,ST ELIZABETH FLORENCE hospital FLORENCE KY official website,
180066,The Medical Center at Russellville,1625 NASHVILLE STREET,RUSSELLVILLE,KY,42276,hpt-obf:v1:P46_XixmY8uz9zdi.jt4hW76TyDYaooK4xEICzQ.7IHUzdxyFBArEjGhjrI,Acute Care Hospitals,loganmemorial.com,blocked,unblocker,"domain returned 403/429; needs the unblocker, not a new domain",,
18006F,LOUISVILLE VA MEDICAL CENTER,800 ZORN AVENUE,LOUISVILLE,KY,40206,hpt-obf:v1:ZKoT7fkHpPET0x-u.qA3YsqQJ4t0TtDynrM7s3Q.uDC58tdcUQbXsUu9Nfg,Acute Care - Veterans Administration,,no-domain,exempt-federal,federally owned; outside 45 CFR 180,,
18007F,LEXINGTON VA MEDICAL CENTER,1101 VETERANS DRIVE,LEXINGTON,KY,40502,hpt-obf:v1:6kXc4RllF9qs03RF.WIOiGn7DsaAL8jwvsnol5Q.2wXPJFmpIOI5LP0FMRo,Acute Care - Veterans Administration,,no-domain,exempt-federal,federally owned; outside 45 CFR 180,,
180087,TAYLOR REGIONAL HOSPITAL,1700 OLD LEBANON ROAD,CAMPBELLSVILLE,KY,42718,hpt-obf:v1:vpDGNR0dZoarMpzS.RuPyCCmaakAQUixPAYF2TQ.LtvhUWSJ9gAuBIHrjy4,Acute Care Hospitals,,no-domain,exa-domain-lookup,no domain in the seed dataset,TAYLOR REGIONAL HOSPITAL hospital CAMPBELLSVILLE KY official website,
180092,CLARK REGIONAL MEDICAL CENTER,175 HOSPITAL DRIVE,WINCHESTER,KY,40391,hpt-obf:v1:iibFp4yWAo6cFDM_.OGRdV0GIciEs6OzRQszkEQ.U_HyYVihas3lAXvJbEo,Acute Care Hospitals,clarkregional.org,ok,name-match-review,pointer file works (4 entries) but none matched this hospital's name,,
180779,CRITTENDEN COMMUNITY HOSPITAL,520 WEST GUM STREET,MARION,KY,42064,hpt-obf:v1:u54sayVjbUOPf25U.-aAwf9MckClU4UXGakKbxw.I37mN0fMcKLgMKqxcJ8,Rural Emergency Hospital,,no-domain,exa-domain-lookup,no domain in the seed dataset,CRITTENDEN COMMUNITY HOSPITAL hospital MARION KY official website,
181311,ST ELIZABETH GRANT,238 BARNES ROAD,WILLIAMSTOWN,KY,41097,hpt-obf:v1:o8hn5mITQSh7cqFw.OrwLBwi9pK_NAcnDp_wzXQ.4lkg8w4MjgNmaMR9G5A,Critical Access Hospitals,,no-domain,exa-domain-lookup,no domain in the seed dataset,ST ELIZABETH GRANT hospital WILLIAMSTOWN KY official website,
181317,CUMBERLAND COUNTY HOSPITAL,299 GLASGOW ROAD,BURKESVILLE,KY,42717,hpt-obf:v1:yP5CXX_anElRkC5b.D9_3RdPg2m_bOcw1CWyYOg.MgGOK6_Tb2gk6uWHbAQ,Critical Access Hospitals,cchospital.org,blocked,unblocker,"domain returned 403/429; needs the unblocker, not a new domain",,
181328,KNOX COUNTY HOSPITAL,80 HOSPITAL DRIVE,BARBOURVILLE,KY,40906,hpt-obf:v1:7sPvVrLawaIlaIOW.T54b_nsAYDzOFWuvKKu0Aw.Jmwp7dqO1mwZSBZKnEs,Critical Access Hospitals,arh.org,ok,name-match-review,pointer file works (16 entries) but none matched this hospital's name,,
184002,WESTERN STATE HOSPITAL,2400 RUSSELLVILLE ROAD,HOPKINSVILLE,KY,42240,hpt-obf:v1:BkdRV9khEnJY3-wq.cJnbJOOKEeO9gz3PQfcOfg.iZla-iHb2LX2TFTwdd8,Psychiatric,,no-domain,exa-domain-lookup,no domain in the seed dataset,WESTERN STATE HOSPITAL hospital HOPKINSVILLE KY official website,
184006,SUN BEHAVIORAL HEALTH,820 DOLWICK DRIVE,ERLANGER,KY,41018,hpt-obf:v1:ZkLnLGIMv6XkBhV0.qet2k14kQNYPApoCu0fUgA._04tWNXSx_jAq1rl-4A,Psychiatric,,no-domain,exa-domain-lookup,no domain in the seed dataset,SUN BEHAVIORAL HEALTH hospital ERLANGER KY official website,
184007,THE BROOK HOSPITAL - DUPONT,1405 BROWNS LANE,LOUISVILLE,KY,40207,hpt-obf:v1:t4ACUeBjOsCXKUeC.QdhPeORrfXpcWiRnJmtngA.MsB_-n89HufBdXWoZ1g,Psychiatric,,no-domain,exa-domain-lookup,no domain in the seed dataset,THE BROOK HOSPITAL - DUPONT hospital LOUISVILLE KY official website,
184008,THE BROOK HOSPITAL - KMI,8521 LAGRANGE ROAD,LOUISVILLE,KY,40242,hpt-obf:v1:PPrHb56yTBB9TNlQ.i4jKpktNOzUZndBnT-Eo1A.6t1b_ppNwa4bC5OrR-o,Psychiatric,,no-domain,exa-domain-lookup,no domain in the seed dataset,THE BROOK HOSPITAL - KMI hospital LOUISVILLE KY official website,
184009,THE RIDGE BEHAVIORAL HEALTH SYSTEM,3050 RIO DOSA DRIVE,LEXINGTON,KY,40509,hpt-obf:v1:Q0jpjJ5nNO6jVaaK.nOyyObedTKjsErHXqUPkJw.Km0ra6Tr0ui6lMkVXo0,Psychiatric,,no-domain,exa-domain-lookup,no domain in the seed dataset,THE RIDGE BEHAVIORAL HEALTH SYSTEM hospital LEXINGTON KY official website,
184012,LINCOLN TRAIL BEHAVIORAL HEALTH SYSTEM,3909 S WILSON ROAD,RADCLIFF,KY,40160,hpt-obf:v1:XEnGwpwpswpIAEqI.UCHzPFC_22FW6KQSbsrkrw.GVfVN09i9wV03p83qUQ,Psychiatric,,no-domain,exa-domain-lookup,no domain in the seed dataset,LINCOLN TRAIL BEHAVIORAL HEALTH SYSTEM hospital RADCLIFF KY official website,
184014,CUMBERLAND HALL HOSPITAL,270 WALTON WAY,HOPKINSVILLE,KY,42240,hpt-obf:v1:M43LcxSdyHUbqPa0.b902bPJswyUDclUb3kXDyA._UP55Bp0rc0R8NzAZ-c,Psychiatric,,no-domain,exa-domain-lookup,no domain in the seed dataset,CUMBERLAND HALL HOSPITAL hospital HOPKINSVILLE KY official website,
184015,CENTRAL STATE HOSPITAL,10510 LAGRANGE ROAD,LOUISVILLE,KY,40223,hpt-obf:v1:A5DxFYycgi-uEQVO.jPckyJDZDwNtLv6p1RvcEg.8uirlbJ9Qn2I0P235T4,Psychiatric,,no-domain,exa-domain-lookup,no domain in the seed dataset,CENTRAL STATE HOSPITAL hospital LOUISVILLE KY official website,
184017,RIVENDELL BEHAVIORAL HEALTH SERVICES,1035 PORTER PIKE,BOWLING GREEN,KY,42103,hpt-obf:v1:7EWOp21zAdnhfgKn.iB5XhIncFbZsnG0QIqoXTg.YXKxmqw9Ggw4E7hZOmA,Psychiatric,,no-domain,exa-domain-lookup,no domain in the seed dataset,RIVENDELL BEHAVIORAL HEALTH SERVICES hospital BOWLING GREEN KY official website,
190007,NATCHITOCHES REGIONAL MEDICAL CENTER,501 KEYSER AVE,NATCHITOCHES,LA,71457,hpt-obf:v1:Ws7aNyswdODDR2i7.Bo0N4FJDnI6RxZl1-bdR8g.-jzfYKydKYDZOMGN0v8,Acute Care Hospitals,nrmchospital.org,html,exa-domain-lookup,pointer fetch failed (html); domain is likely wrong or stale,NATCHITOCHES REGIONAL MEDICAL CENTER hospital NATCHITOCHES LA official website,
190008,TERREBONNE GENERAL MEDICAL CENTER - PARISH,8166 MAIN STREET,HOUMA,LA,70360,hpt-obf:v1:15Knaa6lqxHq4JWK.5ZCibzadRXwd-lEAiT9-Yw.t1JIWMoYNglSh6ZwSpw,Acute Care Hospitals,,no-domain,exa-domain-lookup,no domain in the seed dataset,TERREBONNE GENERAL MEDICAL CENTER - PARISH hospital HOUMA LA official website,
190015,NORTH OAKS MEDICAL CENTER,15790 PAUL VEGA MD DRIVE,HAMMOND,LA,70403,hpt-obf:v1:zqxlxR96cN46cW3f.-Pi1RkyzmPtSamD9NtIEUA.V9ODgzdRPiTuHek8VTA,Acute Care Hospitals,,no-domain,exa-domain-lookup,no domain in the seed dataset,NORTH OAKS MEDICAL CENTER hospital HAMMOND LA official website,
190017,OPELOUSAS GENERAL HEALTH SYSTEM,539 EAST PRUDHOMME STREET,OPELOUSAS,LA,70570,hpt-obf:v1:o2GcOvhANV-N9VEk.jT7GE1VO78eVMG2Sp_Jf_Q.zMIRIazr_aJLlHEEzGc,Acute Care Hospitals,,no-domain,exa-domain-lookup,no domain in the seed dataset,OPELOUSAS GENERAL HEALTH SYSTEM hospital OPELOUSAS LA official website,
190034,ABBEVILLE GENERAL HOSPITAL,118 N HOSPITAL DR,ABBEVILLE,LA,70510,hpt-obf:v1:cPH3X_FkvN6cz0Ea.6Qaa3a68VjD5eZssNVj6Lg.qk3gTGq25ja5Kq5ucqc,Acute Care Hospitals,carepricer.nthrive.com,neterr,exa-domain-lookup,pointer fetch failed (neterr); domain is likely wrong or stale,ABBEVILLE GENERAL HOSPITAL hospital ABBEVILLE LA official website,
190044,ACADIA GENERAL HOSPITAL,1305 CROWLEY RAYNE HIGHWAY,CROWLEY,LA,70526,hpt-obf:v1:wlEDSY7jKJEnzmRD.kjvf1h-u4KLRQPghC2nJmg.DZiG3fW6xc_ytQoOAQI,Acute Care Hospitals,ochsnerlg.org,neterr,exa-domain-lookup,pointer fetch failed (neterr); domain is likely wrong or stale,ACADIA GENERAL HOSPITAL hospital CROWLEY LA official website,
190050,BEAUREGARD MEMORIAL HOSPITAL,600 S PINE STREET,DERIDDER,LA,70634,hpt-obf:v1:ZNWELAvRNXvyVq_T.uFPEYUWC6lfw0upwF9x_zw.sUrYCr3F7oWk_mNH4sI,Acute Care Hospitals,,no-domain,exa-domain-lookup,no domain in the seed dataset,BEAUREGARD MEMORIAL HOSPITAL hospital DERIDDER LA official website,
190111,WILLIS KNIGHTON MEDICAL CENTER,2600 GREENWOOD ROAD,SHREVEPORT,LA,71103,hpt-obf:v1:kgGWQQXuiMBtTIwc.GgGGErXMFcJDUKpElAX7Ow.uLslPmhB8bHgZQiBxf8,Acute Care Hospitals,,no-domain,exa-domain-lookup,no domain in the seed dataset,WILLIS KNIGHTON MEDICAL CENTER hospital SHREVEPORT LA official website,
190116,MOREHOUSE GENERAL HOSPITAL,323 W WALNUT,BASTROP,LA,71220,hpt-obf:v1:B_xKUqvWLUcbEaPC.ec3vGJrqb7SoCVCdH5Jc_Q.RY_Q6ispmUpeR6aZ2B8,Acute Care Hospitals,,no-domain,exa-domain-lookup,no domain in the seed dataset,MOREHOUSE GENERAL HOSPITAL hospital BASTROP LA official website,
190145,LASALLE GENERAL HOSPITAL,187 NINTH ST/HWY 84 WEST,JENA,LA,71342,hpt-obf:v1:NyRTuqOeCHICxv3x.jYVPC5sB98PNzGIgYIZ1pQ.4T5tbeZLkYqpxfSkK_4,Acute Care Hospitals,,no-domain,exa-domain-lookup,no domain in the seed dataset,LASALLE GENERAL HOSPITAL hospital JENA LA official website,
190208,EAST CARROLL PARISH HOSPITAL,336 NORTH HOOD STREET,LAKE PROVIDENCE,LA,71254,hpt-obf:v1:2GbjNCO3weLkSIg9.VtaQ7-WkQSIpnt_OqzGJ9A.dTy34lD36K_56mNWQhQ,Acute Care Hospitals,,no-domain,exa-domain-lookup,no domain in the seed dataset,EAST CARROLL PARISH HOSPITAL hospital LAKE PROVIDENCE LA official website,
190241,PHYSICIANS MEDICAL CENTER,218 CORPORATE DRIVE,HOUMA,LA,70360,hpt-obf:v1:YxczKxvaTxQFj5yp.3_nVMjMHmQrmYYIrclZxMQ.QO-bKFu1GDaVH-9zkDs,Acute Care Hospitals,physicianshouma.com,ok,name-match-review,pointer file works (2 entries) but none matched this hospital's name,,
190300,ST CHARLES SURGICAL HOSPITAL,1717 ST CHARLES AVE,NEW ORLEANS,LA,70130,hpt-obf:v1:sW9GgQvrBn2j0qMC.kUBMw1lkVPak63wbdKY_vA.WzsV8Oj9R59RYj0mb10,Acute Care Hospitals,scsh.com,html,exa-domain-lookup,pointer fetch failed (html); domain is likely wrong or stale,ST CHARLES SURGICAL HOSPITAL hospital NEW ORLEANS LA official website,
190316,THE GENERAL,"3600 FLORIDA BLVD, SUITE 2020",BATON ROUGE,LA,70806,hpt-obf:v1:WbAk69pajIeFNyMw.U0xm911XbuTiEP5YVP9x7Q.o_ekJzgaXUucfeZy2cY,Acute Care Hospitals,brgeneral.org,ok,name-match-review,pointer file works (3 entries) but none matched this hospital's name,,
19043F,ALEXANDRIA VA MEDICAL CENTER,2495 SHREVEPORT HIGHWAY 71 N,PINEVILLE,LA,71360,hpt-obf:v1:jRR5lqZyb4nObuO_.2_dsyfmvNzMo_YWXbyYshA.rw-N_kD1NdlY7TVLsjo,Acute Care - Veterans Administration,,no-domain,exempt-federal,federally owned; outside 45 CFR 180,,
19047F,SOUTHEAST LOUISIANA VETERANS HEALTH CARE SYSTEM,2400 CANAL STREET,NEW ORLEANS,LA,70119,hpt-obf:v1:BTWZB41EIcJ18Q7u.u3O_K7ceSfHB-XQRHcCKvQ.G6UWRieDc26VwmS8jMY,Acute Care - Veterans Administration,,no-domain,exempt-federal,federally owned; outside 45 CFR 180,,
19048F,OVERTON BROOKS VA MEDICAL CENTER (SHREVEPORT),510 EAST STONER AVENUE,SHREVEPORT,LA,71101,hpt-obf:v1:j_xS0iKgseHCz6SJ.W8xsnR3m3GVwiM8mrh4BYw.kJ0nP8cKMLpX_HNlHGE,Acute Care - Veterans Administration,,no-domain,exempt-federal,federally owned; outside 45 CFR 180,,
19050F,Bayne-Jones ACH (Ft Johnson),1585 3rd St,Fort Johnson,LA,71459,hpt-obf:v1:5tvw-7-2TK7V2T9P.0bdqaYj976ZqkxDwFdGsWQ.ozxbDYIYgGahVTk5ONo,Acute Care - Department of Defense,,no-domain,exempt-federal,federally owned; outside 45 CFR 180,,
191301,UNION GENERAL HOSPITAL,901 JAMES AVE,FARMERVILLE,LA,71241,hpt-obf:v1:Xd7nT0MIMjvrSLEt.ktrCP-1wq9P_ZAeSfXNanA.Pu8IIR7P8kjUMImfzQ4,Critical Access Hospitals,uniongen.org,neterr,exa-domain-lookup,pointer fetch failed (neterr); domain is likely wrong or stale,UNION GENERAL HOSPITAL hospital FARMERVILLE LA official website,
191304,NORTH CADDO MEDICAL CENTER,815 SOUTH PINE STREET,VIVIAN,LA,71082,hpt-obf:v1:Tm3-3bWFWc0g2suO.YH7Dp8IWkv6Prv9cib7KFA.tLkqVl-GG1S6QRtA0Cw,Critical Access Hospitals,ncmcla.com,html,exa-domain-lookup,pointer fetch failed (html); domain is likely wrong or stale,NORTH CADDO MEDICAL CENTER hospital VIVIAN LA official website,
191308,PREVOST MEMORIAL HOSPITAL,301 MEMORIAL DR,DONALDSONVILLE,LA,70346,hpt-obf:v1:LL60nUfij1YA1B6i.MOcrAOH91AKjytNxXTNQcA.dE5No6Gl9vlukLd6sHk,Critical Access Hospitals,,no-domain,exa-domain-lookup,no domain in the seed dataset,PREVOST MEMORIAL HOSPITAL hospital DONALDSONVILLE LA official website,
191311,BUNKIE GENERAL HOSPITAL,427 EVERGREEN STREET,BUNKIE,LA,71322,hpt-obf:v1:zOxIB-_SnY_ziHcl.eiPF_yCwkywy3xUsim7L9g.DU7N_k9115ft807Wj8g,Critical Access Hospitals,,no-domain,exa-domain-lookup,no domain in the seed dataset,BUNKIE GENERAL HOSPITAL hospital BUNKIE LA official website,
191313,RIVERSIDE MEDICAL CENTER,1900 SOUTH MAIN ST,FRANKLINTON,LA,70438,hpt-obf:v1:QOpp-Rj9zlcXr9fQ.Bdv2GeztGpGrTdQCpJ1gBg.Qw4X6iWoNwvzgWkfTv0,Critical Access Hospitals,,no-domain,exa-domain-lookup,no domain in the seed dataset,RIVERSIDE MEDICAL CENTER hospital FRANKLINTON LA official website,
191325,LADY OF THE SEA GENERAL HOSPITAL,200 WEST 134TH PLACE,CUT OFF,LA,70345,hpt-obf:v1:vfcXLTLrVSEVSCZU.6PMv9wEsdg38xNW7rA3-mg.54pw759qP68EneJv0FI,Critical Access Hospitals,,no-domain,exa-domain-lookup,no domain in the seed dataset,LADY OF THE SEA GENERAL HOSPITAL hospital CUT OFF LA official website,
192010,INTENSIVE SPECIALTY HOSPITAL,1800 IRVING PLACE,SHREVEPORT,LA,71101,hpt-obf:v1:AIaw1g5kXpkHpfrx.D_khQ2PaDQZRymJjurlsQA.D93bIzwHY5aT3jeE1S4,Long-term,intensivespecialty.com,html,exa-domain-lookup,pointer fetch failed (html); domain is likely wrong or stale,INTENSIVE SPECIALTY HOSPITAL hospital SHREVEPORT LA official website,
194008,EASTERN LA MENTAL HEALTH SYSTEM,4502 HIGHWAY 951,JACKSON,LA,70748,hpt-obf:v1:ZJmyik4oypwMVx2c.2q5EXgt_oG2gTtCd1qMvLQ.xLR8R02-T-HuOdRhLiw,Psychiatric,,no-domain,exa-domain-lookup,no domain in the seed dataset,EASTERN LA MENTAL HEALTH SYSTEM hospital JACKSON LA official website,
194020,BRENTWOOD HOSPITAL,1006 HIGHLAND AVENUE,SHREVEPORT,LA,71106,hpt-obf:v1:H9F4_0mPvfIHIRoa.7YWAInOsnNrnr1SrxuV3gQ.bkWN1N8rMbURWLtfNNs,Psychiatric,,no-domain,exa-domain-lookup,no domain in the seed dataset,BRENTWOOD HOSPITAL hospital SHREVEPORT LA official website,
194022,LONGLEAF HOSPITAL,44 VERSAILLES BLVD,ALEXANDRIA,LA,71303,hpt-obf:v1:p_Sqa6w_0dryYKlu.HLk9hoUtyfbOrmTkBZKcyA.IQ3W_mYZFlYf-c3Kpy4,Psychiatric,,no-domain,exa-domain-lookup,no domain in the seed dataset,LONGLEAF HOSPITAL hospital ALEXANDRIA LA official website,
194025,CENTRAL LOUISIANA STATE HOSPITAL,242 W SHAMROCK STREET,PINEVILLE,LA,71360,hpt-obf:v1:i0CzKCRFpjrI1PFB.B7IZaM-5qIDDwNci-0yddw.N0IKadII9tZZ26tIvZw,Psychiatric,,no-domain,exa-domain-lookup,no domain in the seed dataset,CENTRAL LOUISIANA STATE HOSPITAL hospital PINEVILLE LA official website,
194031,RIVER OAKS HOSPITAL,1525 RIVER OAKS WEST,NEW ORLEANS,LA,70123,hpt-obf:v1:ToigEEQEyyJcmy4V.bO7fglWbgQiTmXUhPQTNSA.a7ymfcCd4pw8aZBcljg,Psychiatric,,no-domain,exa-domain-lookup,no domain in the seed dataset,RIVER OAKS HOSPITAL hospital NEW ORLEANS LA official website,
194069,GREENBRIER BEHAVIORAL HEALTH,201 GREENBRIAR BLVD,COVINGTON,LA,70433,hpt-obf:v1:Bi1F-uIjQb4eQs9E.44JlqYMqYx_GrRWLQ4tlmg.qnWBvUZUvs3tOlTcFlQ,Psychiatric,,no-domain,exa-domain-lookup,no domain in the seed dataset,GREENBRIER BEHAVIORAL HEALTH hospital COVINGTON LA official website,
194073,OCEANS HOSPITAL OF BROUSSARD,420 ALBERTSONS PARKWAY,BROUSSARD,LA,70518,hpt-obf:v1:47W7BKRtSaKCYncA.o4NheX3tJjd0wroTyd464w.bj4Avl_cFDgSRo76pSY,Psychiatric,oceanshealthcare.com,ok,name-match-review,pointer file works (43 entries) but none matched this hospital's name,,
194083,FREEDOM BEHAVIORAL HOSPITAL OF BASTROP,4673 EUGENE WARE ROAD,BASTROP,LA,71220,hpt-obf:v1:CYUW_t8RWc0rHiCt.krKCjYc-AQDL9baSERaVjA.oUvbszuwi6bhrF_vCjc,Psychiatric,,no-domain,exa-domain-lookup,no domain in the seed dataset,FREEDOM BEHAVIORAL HOSPITAL OF BASTROP hospital BASTROP LA official website,
194089,GENESIS BEHAVIORAL HOSPITAL,606 LATIOLAIS ROAD,BREAUX BRIDGE,LA,70517,hpt-obf:v1:WuGwh16tZQP7JoCd.taKD1_YSGagzlNmWoNsdZQ.-hivg1igAdDbgjQLyu8,Psychiatric,,no-domain,exa-domain-lookup,no domain in the seed dataset,GENESIS BEHAVIORAL HOSPITAL hospital BREAUX BRIDGE LA official website,
194105,"APOLLO BEHAVIORAL HEALTH HOSPITAL, L L C",9938 AIRLINE HWY,BATON ROUGE,LA,70809,hpt-obf:v1:sPHvEWh-paDygWgf.qPlwJ2SLp5lKmBqHh3FAmQ.2AyhPy3v_l37cCYl7Ks,Psychiatric,apollo-bhh.com,neterr,exa-domain-lookup,pointer fetch failed (neterr); domain is likely wrong or stale,"APOLLO BEHAVIORAL HEALTH HOSPITAL, L L C hospital BATON ROUGE LA official website",
194113,PERIMETER BEHAVIORAL HOSPITAL OF NEW ORLEANS,3639 LOYOLA AVENUE,KENNER,LA,70065,hpt-obf:v1:TxkCuyEqW9_EuYfW.gtazJJXzinFBpcIZ8Hbrxg.ANjmr0-3ZFkVWeBLQM8,Psychiatric,perimeterhealthcare.com,ok,name-match-review,pointer file works (7 entries) but none matched this hospital's name,,
194119,FREEDOM BEHAVIORAL HOSPITAL OF FERRIDAY,1700 EE WALLACE BLVD. N,FERRIDAY,LA,71334,hpt-obf:v1:md5Sy_wVEPOAOPyA.uiQbQRjmENMYkcB7zEzSSQ.AU1Fpiz-OL5JJ8kFfJ4,Psychiatric,,no-domain,exa-domain-lookup,no domain in the seed dataset,FREEDOM BEHAVIORAL HOSPITAL OF FERRIDAY hospital FERRIDAY LA official website,
194120,STONEBRIDGE BEHAVIORAL HOSPITAL,"2837 ERNEST STREET, SUITE A",LAKE CHARLES,LA,70601,hpt-obf:v1:UAWMPZC78SBNdw4v.1Ayz4pnCAmhZbIKr_UAI_g.i4EReMzIX9UGjWa_aUM,Psychiatric,,no-domain,exa-domain-lookup,no domain in the seed dataset,STONEBRIDGE BEHAVIORAL HOSPITAL hospital LAKE CHARLES LA official website,
194121,FREEDOM BEHAVIORAL HOSPITAL OF LEESVILLE,1103 PORT ARTHUR TERRACE,LEESVILLE,LA,71446,hpt-obf:v1:MYTigMU1L3WQxjz-.1cG804-CS5O-M1o1EBil1Q.ii5VxAH5qfY_TXjqq0s,Psychiatric,,no-domain,exa-domain-lookup,no domain in the seed dataset,FREEDOM BEHAVIORAL HOSPITAL OF LEESVILLE hospital LEESVILLE LA official website,
200039,MAINE GENERAL MEDICAL CENTER,35 MEDICAL CENTER PARKWAY,AUGUSTA,ME,04330,hpt-obf:v1:3EHtyttAfIiAhMuA.H1xrnS7A8bGBT5QMhc_Rcg.Jr8tLL35SDwyDfgjGTg,Acute Care Hospitals,,no-domain,exa-domain-lookup,no domain in the seed dataset,MAINE GENERAL MEDICAL CENTER hospital AUGUSTA ME official website,
20003F,TOGUS VA MEDICAL CENTER,1 VA CENTER,AUGUSTA,ME,04330,hpt-obf:v1:Dydb9QzU_mWytMu4.hoJSnECDDsLSp7YtUOwFmw.5WHO5lcX5Dty2HgMzU8,Acute Care - Veterans Administration,,no-domain,exempt-federal,federally owned; outside 45 CFR 180,,
201311,DOWN EAST COMMUNITY HOSPITAL,11 HOSPITAL DRIVE,MACHIAS,ME,04654,hpt-obf:v1:vWDGclwIoSSXh01f.G5ZT4PYisugDIZee0g-_ig.DaFijjH0srmPgH5B2NE,Critical Access Hospitals,,no-domain,exa-domain-lookup,no domain in the seed dataset,DOWN EAST COMMUNITY HOSPITAL hospital MACHIAS ME official website,
204004,DOROTHEA DIX PSYCHIATRIC CENTER,656 STATE STREET,BANGOR,ME,04401,hpt-obf:v1:2FBuLG6WBSXzbWfA.r0UkBJUVzeokfVb4FChOhg.E2xyqyM6WL498SajlVQ,Psychiatric,,no-domain,exa-domain-lookup,no domain in the seed dataset,DOROTHEA DIX PSYCHIATRIC CENTER hospital BANGOR ME official website,
204005,MAINEHEALTH BEHAVIORAL HEALTH AT SPRING HARBOR,123 ANDOVER ROAD,WESTBROOK,ME,04092,hpt-obf:v1:Do2rjKMirBlJkCoF.CLDG1oEPthyS2h-vqrmUww.JGDKjcHJAvgBwtY1VGI,Psychiatric,mainehealth.org,ok,name-match-review,pointer file works (10 entries) but none matched this hospital's name,,
204008,RIVERVIEW PSYCHIATRIC CENTER,250 ARSENAL ST,AUGUSTA,ME,04330,hpt-obf:v1:h4xJKVeTTQwDQ05I.tmVTN9zSuY3FP0CKg8XIUg.xL1nQh1z8OSHo_gTmWc,Psychiatric,,no-domain,exa-domain-lookup,no domain in the seed dataset,RIVERVIEW PSYCHIATRIC CENTER hospital AUGUSTA ME official website,
210002,UNIVERSITY OF MARYLAND MEDICAL CENTER,22 SOUTH  GREENE STREET,BALTIMORE,MD,21201,hpt-obf:v1:9LhyzNpaHWcidoMK.VPOsJRd6Yiu2nt_p_xWz7A.YQw2XHwuTybpuP0bDk4,Acute Care Hospitals,umms.org,blocked,unblocker,"domain returned 403/429; needs the unblocker, not a new domain",,
210003,UNIVERSITY OF MD CAPITAL REGION MEDICAL CENTER,901 NORTH HARRY S TRUMAN DRIVE,UPPER MARLBORO,MD,20774,hpt-obf:v1:RfXawtV1WNr44wAJ.-8QNdw2nUxJyelD1vQvlYA.zcrCthTp3piSL7AvncQ,Acute Care Hospitals,umms.org,blocked,unblocker,"domain returned 403/429; needs the unblocker, not a new domain",,
210004,HOLY CROSS HOSPITAL,1500 FOREST GLEN ROAD,SILVER SPRING,MD,20910,hpt-obf:v1:nlGlHHv-VtFjvA1c.sFalAbWmXxsvIY_eyqSD_A.4ByoLsFomWb0xCV5z4A,Acute Care Hospitals,holycrosshealth.org,ok,name-match-review,pointer file works (2 entries) but none matched this hospital's name,,
210030,UNIVERSITY OF MD SHORE MEDICAL CTR AT CHESTERTOWN,100 BROWN STREET,CHESTERTOWN,MD,21620,hpt-obf:v1:F_YuRtLCv0sxhYMa.cNQHKU9IFQSYSsGpvSwoEg.pVOaOAmQ0W6svhY9ScU,Acute Care Hospitals,umms.org,blocked,unblocker,"domain returned 403/429; needs the unblocker, not a new domain",,
210035,UNIVERSITY OF MD CHARLES REGIONAL  MEDICAL CENTER,5 GARRETT AVENUE,LA PLATA,MD,20646,hpt-obf:v1:icmPGxQam8yl_-6U.YiBzdTOnHgVGO6gSZV_nzw.rKxU92Jq8OGLtE4yZIg,Acute Care Hospitals,umms.org,blocked,unblocker,"domain returned 403/429; needs the unblocker, not a new domain",,
210037,UNIVERSITY OF MD SHORE MEDICAL CENTER AT EASTON,219 SOUTH  WASHINGTON STREET,EASTON,MD,21601,hpt-obf:v1:fIqheOgUyH9cOs0V.A9oPl7qw3ieNwnrDIFv6DA.UHP6G8gYInG73U-Vixc,Acute Care Hospitals,umms.org,blocked,unblocker,"domain returned 403/429; needs the unblocker, not a new domain",,
210038,UNIVERSITY OF MD MEDICAL CENTER MIDTOWN CAMPUS,827 LINDEN AVENUE,BALTIMORE,MD,21201,hpt-obf:v1:nStt9NzrKNHjdmMc.OiDwukt0ec0bHgo3aClgyQ.5JtyJBA8kWuvLlBdoXw,Acute Care Hospitals,umms.org,blocked,unblocker,"domain returned 403/429; needs the unblocker, not a new domain",,
210043,UNIVERSITY OF MD BALTIMORE WASHINGTON MEDICAL CENTER,301 HOSPITAL DRIVE,GLEN BURNIE,MD,21061,hpt-obf:v1:K2Pky66pgAY89s-V.0olPb56JJUQRnrSoAUngbA.06eHNmsEoWbDfnmFK-0,Acute Care Hospitals,umms.org,blocked,unblocker,"domain returned 403/429; needs the unblocker, not a new domain",,
210049,UMD UPPER CHESAPEAKE MEDICAL CENTER,500 UPPER CHESAPEAKE DRIVE,BEL AIR,MD,21014,hpt-obf:v1:GaU6Ppo6h6d1JsjA.L1jO0csZfr2z_3G-7XLMWQ.zahIrlMLsPx3AUSVFk4,Acute Care Hospitals,umms.org,blocked,unblocker,"domain returned 403/429; needs the unblocker, not a new domain",,
210058,UMD REHABILITATION &  ORTHOPAEDIC INSTITUTE,2200 KERNAN DRIVE,BALTIMORE,MD,21207,hpt-obf:v1:RJqXEkdsfUGQU-ND.8urFttlab8LuiHIuWx2LxA.WJtdbt7xhBPnbrE2CxA,Acute Care Hospitals,umms.org,blocked,unblocker,"domain returned 403/429; needs the unblocker, not a new domain",,
210063,UNIVERSITY OF MD ST JOSEPH MEDICAL CENTER,7601 OSLER DRIVE,TOWSON,MD,21204,hpt-obf:v1:TxvA9Yr2cX_Z84sk.y4qfuTUGbobdvQSCAXUa9g.4rx7JLjfqC3BuP3n3rU,Acute Care Hospitals,umms.org,blocked,unblocker,"domain returned 403/429; needs the unblocker, not a new domain",,
21007F,Walter Reed National Military Med Cen,4494 Palmer Rd N,Bethesda,MD,20814,hpt-obf:v1:yK70sQJoPX-lK5wW.-XeV6DmgeEwQFGAVNbR-Kw.2_uh32NI4FAnQhajT4I,Acute Care - Department of Defense,,no-domain,exempt-federal,federally owned; outside 45 CFR 180,,
21010F,VA MARYLAND HEALTHCARE SYSTEM - PERRY POINT,VA MEDICAL CENTER,PERRY POINT,MD,21902,hpt-obf:v1:u1Gkp_lRByF2VVGf.pWaZtInSSiEqQtGnZ-H6WQ.8Eq8PViuD9A5TNlCMeY,Acute Care - Veterans Administration,,no-domain,exempt-federal,federally owned; outside 45 CFR 180,,
21020F,VA MARYLAND HEALTHCARE SYSTEM - BALTIMORE,10 NORTH GREENE STREET,BALTIMORE,MD,21201,hpt-obf:v1:-YTITYcYIqo4A7wB.to-v1A5G8R9sCGTU8Kantg.gGevvxnL3SSYARSmsms,Acute Care - Veterans Administration,,no-domain,exempt-federal,federally owned; outside 45 CFR 180,,
213300,MOUNT WASHINGTON PEDIATRIC HOSPITAL,1708 WEST ROGERS AVENUE,BALTIMORE,MD,21209,hpt-obf:v1:uVj7vnkXUulLSj5X.iy7k7l7jjiHwYKfKBSQibg.X5j1BQjpc4WDAU5atpM,Childrens,mwph.org,blocked,unblocker,"domain returned 403/429; needs the unblocker, not a new domain",,
214002,EASTERN SHORE HOSPITAL CENTER,5262 WOODS ROAD,CAMBRIDGE,MD,21613,hpt-obf:v1:QDHaWCDOhrn0VdBK.4GeroScCdrqabQOXdvxPTw.q9Pemyc75R-AxhFX9kg,Psychiatric,,no-domain,exa-domain-lookup,no domain in the seed dataset,EASTERN SHORE HOSPITAL CENTER hospital CAMBRIDGE MD official website,
214003,BROOK LANE HEALTH SERVICES,13215  BROOK LANE DRIVE,HAGERSTOWN,MD,21742,hpt-obf:v1:5Tgas8TeYQMVUi8N.GyQiBhTV9CA1m8PFa0cBcw.z5ZeR0ixo_mdVEp17hk,Psychiatric,,no-domain,exa-domain-lookup,no domain in the seed dataset,BROOK LANE HEALTH SERVICES hospital HAGERSTOWN MD official website,
214004,SPRINGFIELD HOSPITAL CENTER,6655 SYKESVILLE ROAD,SYKESVILLE,MD,21784,hpt-obf:v1:2B4G7ul_WgFejMHK._9L6uXABMJDX1GfHNOQfYA.Y6s1gq8ByFF2rPKqFdw,Psychiatric,,no-domain,exa-domain-lookup,no domain in the seed dataset,SPRINGFIELD HOSPITAL CENTER hospital SYKESVILLE MD official website,
214012,THOMAS B FINAN CENTER,"10102 COUNTRY CLUB ROAD,  POST OFFICE BOX 1722",CUMBERLAND,MD,21502,hpt-obf:v1:rZ69rFYYzL9NhgDd.lhhk3LqkXuIeM5VswiO8Aw.xawx2UCERxN-wuqcWaI,Psychiatric,,no-domain,exa-domain-lookup,no domain in the seed dataset,THOMAS B FINAN CENTER hospital CUMBERLAND MD official website,
214018,SPRING GROVE HOSPITAL CENTER,55 WADE AVENUE,CATONSVILLE,MD,21228,hpt-obf:v1:p_W2EwpF8jO2uo7Q.Xiqo_J15TrjEenzkJydgRA.s90ownbmvdsDMmRTBuo,Psychiatric,,no-domain,exa-domain-lookup,no domain in the seed dataset,SPRING GROVE HOSPITAL CENTER hospital CATONSVILLE MD official website,
214022,UM UPPER CHESAPEAKE BEHAVIORAL HEALTH PAVILION AT,660 MCHENRY ROAD,ABERDEEN,MD,21001,hpt-obf:v1:8slUNRe9JtNYbuGg.sAnyjihiMBcYZzgvxVNaUA.gYVu_XCm6ZElyNxHCq0,Psychiatric,,no-domain,exa-domain-lookup,no domain in the seed dataset,UM UPPER CHESAPEAKE BEHAVIORAL HEALTH PAVILION AT hospital ABERDEEN MD official website,
220002,MOUNT AUBURN HOSPITAL,330 MOUNT AUBURN STREET,CAMBRIDGE,MA,02138,hpt-obf:v1:6ytVPawJpnNAhV95.V7XIzqmnADD17QgkK6z2NQ.Io9PYi6ijDwlTMRO7Yk,Acute Care Hospitals,,no-domain,exa-domain-lookup,no domain in the seed dataset,MOUNT AUBURN HOSPITAL hospital CAMBRIDGE MA official website,
220010,MERRIMACK HEALTH LAWRENCE HOSPITAL,ONE GENERAL STREET,LAWRENCE,MA,01841,hpt-obf:v1:rpnaDEyJj2SJLeYp.szlK6K8UVuo5BJhKafmk0w.Z3FA8RgmyxdPzpPQU2g,Acute Care Hospitals,,no-domain,exa-domain-lookup,no domain in the seed dataset,MERRIMACK HEALTH LAWRENCE HOSPITAL hospital LAWRENCE MA official website,
220017,CARNEY HOSPITAL,2100 DORCHESTER AVENUE,BOSTON,MA,02124,hpt-obf:v1:3ju5Il4vPx39caZN.8CW27FpCDg2RHcyxrMjq4w.fGIkUf6X1r-BNd3oHKI,Acute Care Hospitals,carneyhospital.org,neterr,exa-domain-lookup,pointer fetch failed (neterr); domain is likely wrong or stale,CARNEY HOSPITAL hospital BOSTON MA official website,
22001F,BEDFORD VA MEDICAL CENTER,200 SPRINGS ROAD,BEDFORD,MA,01730,hpt-obf:v1:p_zZoEhm1TEYfpRj.XySXaLtc6fECWZmRC6Eh5Q.RpzxISa0m94x1ORTHkM,Acute Care - Veterans Administration,,no-domain,exempt-federal,federally owned; outside 45 CFR 180,,
220029,ANNA JAQUES HOSPITAL,25 HIGHLAND AVENUE,NEWBURYPORT,MA,01950,hpt-obf:v1:DFWtxT06mpaPwwfs.MQmR4CRUsT7y1my7pvb7Nw.Kz5eyE7mDJE4UGXaRVM,Acute Care Hospitals,ajh.org,neterr,exa-domain-lookup,pointer fetch failed (neterr); domain is likely wrong or stale,ANNA JAQUES HOSPITAL hospital NEWBURYPORT MA official website,
220033,NORTHEAST HOSPITAL CORPORATION,85 HERRICK STREET,BEVERLY,MA,01915,hpt-obf:v1:jirlC6Fb9eaFNPBU.-0jWNI9jAR1G8zy3VJYhiA.Ip3Nha89-TfI1dWU9yA,Acute Care Hospitals,beverlyhospital.org,neterr,exa-domain-lookup,pointer fetch failed (neterr); domain is likely wrong or stale,NORTHEAST HOSPITAL CORPORATION hospital BEVERLY MA official website,
220035,NORTH SHORE MEDICAL CENTER -,81 HIGHLAND AVENUE,SALEM,MA,01970,hpt-obf:v1:8EoghJViiCwtuF3C.-pDh5ssVfg75EDtUry7qQQ.NtvKJ05igj1g7u_HBSw,Acute Care Hospitals,northshoremc.org,ok,name-match-review,pointer file works (1 entries) but none matched this hospital's name,,
220060,BETH ISRAEL DEACONESS HOSPITAL PLYMOUTH,275 SANDWICH STREET,PLYMOUTH,MA,02360,hpt-obf:v1:0bqVOlZvDx-9XkBk.7thWd4OEWYBbjxAjtI8DZg.IhbCMwoQVkfqCrYyl30,Acute Care Hospitals,,no-domain,exa-domain-lookup,no domain in the seed dataset,BETH ISRAEL DEACONESS HOSPITAL PLYMOUTH hospital PLYMOUTH MA official website,
220062,ADCARE HOSPITAL OF WORCESTER INC,107 LINCOLN STREET,WORCESTER,MA,01605,hpt-obf:v1:weC9YiriS4GN1fzT.VqUjjzvDbV0l27tIoF4sSg.imrDTE9FWQW25p8n2xg,Acute Care Hospitals,,no-domain,exa-domain-lookup,no domain in the seed dataset,ADCARE HOSPITAL OF WORCESTER INC hospital WORCESTER MA official website,
220073,BROWN UNIVERSITY HEALTH MORTON HOSPITAL,88 WASHINGTON STREET,TAUNTON,MA,02780,hpt-obf:v1:Ws9yt3zPtpJOkQv5.fHsKwOJipq7gWUICJzas1A.nmExV1K6lklVcxTX_YU,Acute Care Hospitals,mortonhospital.org,ok,name-match-review,pointer file works (6 entries) but none matched this hospital's name,,
220074,SOUTHCOAST HOSPITALS GROUP,363 HIGHLAND AVENUE,FALL RIVER,MA,02720,hpt-obf:v1:2f0AX3KMoZhk4U9I.hZldIMqj4zbmJYyuWrFzHA.khiQ3LtwFnL_8RwQSUQ,Acute Care Hospitals,,no-domain,exa-domain-lookup,no domain in the seed dataset,SOUTHCOAST HOSPITALS GROUP hospital FALL RIVER MA official website,
220080,HOLY FAMILY HOSPITAL,70 EAST STREET,METHUEN,MA,01844,hpt-obf:v1:aHWgXHFOB-w9atwH.XYBsT2XQFqEVLNDPgk_rKA._hS6uxPpcjjwPfOQ7lc,Acute Care Hospitals,holyfamilyhospital.org,notfound,exa-domain-lookup,pointer fetch failed (notfound); domain is likely wrong or stale,HOLY FAMILY HOSPITAL hospital METHUEN MA official website,
220083,BETH ISRAEL DEACONESS HOSPITAL - NEEDHAM,148 CHESTNUT STREET,NEEDHAM,MA,02494,hpt-obf:v1:kNeBmsuVb0iEgPR2.n_TeZqw8EGs4no3hEMjZMw.3z-LvGgfhtjwcrYTsA4,Acute Care Hospitals,bidneedham.org,neterr,exa-domain-lookup,pointer fetch failed (neterr); domain is likely wrong or stale,BETH ISRAEL DEACONESS HOSPITAL - NEEDHAM hospital NEEDHAM MA official website,
220086,BETH ISRAEL DEACONESS MEDICAL CENTER,330 BROOKLINE AVENUE,BOSTON,MA,02215,hpt-obf:v1:stXKm44BYA1dW3a5.VYVloQ8Y2UNxJqhTxgg9DQ.qsFhxJ5aa9D2N8OJfmw,Acute Care Hospitals,bidmc.org,neterr,exa-domain-lookup,pointer fetch failed (neterr); domain is likely wrong or stale,BETH ISRAEL DEACONESS MEDICAL CENTER hospital BOSTON MA official website,
220088,NEW ENGLAND BAPTIST HOSPITAL,125 PARKER HILL AVENUE,BOSTON,MA,02120,hpt-obf:v1:pz9bDekEq_2fG3wX.aJ4cUAWqAHSAieOxY6dQhQ.PtzN9r7WSAwRgapOQbw,Acute Care Hospitals,onlinepatientestimation.com,neterr,exa-domain-lookup,pointer fetch failed (neterr); domain is likely wrong or stale,NEW ENGLAND BAPTIST HOSPITAL hospital BOSTON MA official website,
220098,NASHOBA VALLEY MEDICAL CENTER,200 GROTON ROAD,AYER,MA,01432,hpt-obf:v1:Q52QEVPQZE-3BAkb.ixd-BenDouHgXbXTxDFOcQ.TLwS9M8dAVHK7yoX5J4,Acute Care Hospitals,nashobamed.org,neterr,exa-domain-lookup,pointer fetch failed (neterr); domain is likely wrong or stale,NASHOBA VALLEY MEDICAL CENTER hospital AYER MA official website,
22009F,NORTHAMPTON VA MEDICAL CENTER,421 N MAIN ST,LEEDS,MA,01053,hpt-obf:v1:CdgjcU2_m3nwf5tV.AoHJH-kicFqfXTA2HO6nbQ.2_gz4Zm1Iuqsm7u8Ia8,Acute Care - Veterans Administration,,no-domain,exempt-federal,federally owned; outside 45 CFR 180,,
220100,SOUTH SHORE HOSPITAL,55 FOGG ROAD,SOUTH WEYMOUTH,MA,02190,hpt-obf:v1:UYwdbZPpqYBH181j.ogXg2tWFu7I96xQVWO5yug.t_E_9RSf_gR-hdPsop4,Acute Care Hospitals,southshorehealth.org,blocked,unblocker,"domain returned 403/429; needs the unblocker, not a new domain",,
220105,WINCHESTER HOSPITAL,41 HIGHLAND AVENUE,WINCHESTER,MA,01890,hpt-obf:v1:MFMCLLOdyMvErHKG.ada5J-qT6pO8ILVOXwJeLg.T4nj-hJX-re1fUPHqgw,Acute Care Hospitals,,no-domain,exa-domain-lookup,no domain in the seed dataset,WINCHESTER HOSPITAL hospital WINCHESTER MA official website,
220108,BETH ISRAEL DEACONESS HOSPITAL - MILTON,199 REEDSDALE ROAD,MILTON,MA,02186,hpt-obf:v1:jIfRP14CZiUD-GRv.7Rd0EVhYFBlURzCd3CG76w.P9LsZr1W-0LZCX4-KAA,Acute Care Hospitals,bidmilton.org,neterr,exa-domain-lookup,pointer fetch failed (neterr); domain is likely wrong or stale,BETH ISRAEL DEACONESS HOSPITAL - MILTON hospital MILTON MA official website,
22010F,VA BOSTON HEALTHCARE SYSTEM - JAMAICA PLAIN,150 S. HUNTINGTON AVENUE,JAMAICA PLAIN,MA,02130,hpt-obf:v1:tAvW76LUzQ2ngrKd.oF52ttq2TyhQzbxc4UqOdA.z0gB-uMSy-NRcHp1llY,Acute Care - Veterans Administration,,no-domain,exempt-federal,federally owned; outside 45 CFR 180,,
220111,GOOD SAMARITAN MEDICAL CENTER,235 NORTH PEARL STREET,BROCKTON,MA,02301,hpt-obf:v1:46TMJSsqY3Z1AGA9.8Wbo_HLPUDr7wvJT_LRlvQ.5Eju73Ta-dKVnlc6Qpc,Acute Care Hospitals,goodsamaritanmedical.org,ok,name-match-review,pointer file works (3 entries) but none matched this hospital's name,,
220126,NORWOOD HOSPITAL,800 WASHINGTON STREET,NORWOOD,MA,02062,hpt-obf:v1:lxkrRLcjudvYrlZw.Xfl4CcEaqAyhYIcigiYB3A.lJu_SbQCfDYGjTRcgUg,Acute Care Hospitals,,no-domain,exa-domain-lookup,no domain in the seed dataset,NORWOOD HOSPITAL hospital NORWOOD MA official website,
220171,"LAHEY HOSPITAL & MEDICAL CENTER, BURLINGTON",41 & 45 MALL ROAD,BURLINGTON,MA,01803,hpt-obf:v1:FdekReOkYbVfdJ96.ezqJYKW9ZyuVPBrLMm_7aQ.fkT630NHJIS58qa2G3I,Acute Care Hospitals,,no-domain,exa-domain-lookup,no domain in the seed dataset,"LAHEY HOSPITAL & MEDICAL CENTER, BURLINGTON hospital BURLINGTON MA official website",
220175,METROWEST MEDICAL CENTER,115 LINCOLN STREET,FRAMINGHAM,MA,01701,hpt-obf:v1:BZMsRevW9OgQ9nUF.cXIxTUbWdlyODc0ze9xWSA.WqY57tA5qyr177SjFP8,Acute Care Hospitals,,no-domain,exa-domain-lookup,no domain in the seed dataset,METROWEST MEDICAL CENTER hospital FRAMINGHAM MA official website,
220176,ST VINCENT HOSPITAL,123 SUMMER STREET,WORCESTER,MA,01608,hpt-obf:v1:1xrlJH2Oo1i6OrCa.Zec77QCtDV-pS39HS8t2qA.kkGfAoccVUM6U75582Y,Acute Care Hospitals,,no-domain,exa-domain-lookup,no domain in the seed dataset,ST VINCENT HOSPITAL hospital WORCESTER MA official website,
223300,FRANCISCAN CHILDREN'S HOSPITAL & REHAB CENTER,30 WARREN STREET,BRIGHTON,MA,02135,hpt-obf:v1:FBJgDmY04-lNZZTO.vbF_ZQKduVKTJW_s4Y8VKA._ZCyTASy1q6eo9RccCY,Childrens,franciscanchildrens.org,neterr,exa-domain-lookup,pointer fetch failed (neterr); domain is likely wrong or stale,FRANCISCAN CHILDREN'S HOSPITAL & REHAB CENTER hospital BRIGHTON MA official website,
224001,TAUNTON STATE HOSPITAL,"60 HODGES AVENUE, BOX 151",TAUNTON,MA,02780,hpt-obf:v1:6cAsOrH1MpMlMrpD.qTwd4aI_hOGOC73SsBfwxw.OwuW-JLavsTIc7_rmJM,Psychiatric,,no-domain,exa-domain-lookup,no domain in the seed dataset,TAUNTON STATE HOSPITAL hospital TAUNTON MA official website,
224013,ARBOUR HOSPITAL,49 ROBINWOOD AVENUE,BOSTON,MA,02130,hpt-obf:v1:UoSnJfj_RtJ6qjpX.ppUdkPBwVFUOdt4SJeqc3w.gKuYo7U5XToQUlFodUw,Psychiatric,,no-domain,exa-domain-lookup,no domain in the seed dataset,ARBOUR HOSPITAL hospital BOSTON MA official website,
224018,ARBOUR HUMAN RESOURCE INSTITUTE,227 BABCOCK STREET,BROOKLINE,MA,02446,hpt-obf:v1:9agBbb6YAoJNrxOv.BWN3mm73FTHWFOonmBBwyQ.HbDRyjb5OgKb8xDGa9E,Psychiatric,,no-domain,exa-domain-lookup,no domain in the seed dataset,ARBOUR HUMAN RESOURCE INSTITUTE hospital BROOKLINE MA official website,
224021,ARBOUR-FULLER HOSPITAL,200 MAY STREET,SOUTH ATTLEBORO,MA,02703,hpt-obf:v1:hTL8HG3QczqZkfHx.tJL_EAH9JYn6dd-g9JQxFw.3vZEqZNej2iX5AZxXkA,Psychiatric,,no-domain,exa-domain-lookup,no domain in the seed dataset,ARBOUR-FULLER HOSPITAL hospital SOUTH ATTLEBORO MA official website,
224022,BOURNEWOOD HOSPITAL,300 SOUTH STREET,BROOKLINE,MA,02467,hpt-obf:v1:PRyEoF4nGz4qROmB.76haKNI3W73yF_GaGGJvwA.GXOy8Lg8jpt3WnhO7Tk,Psychiatric,,no-domain,exa-domain-lookup,no domain in the seed dataset,BOURNEWOOD HOSPITAL hospital BROOKLINE MA official website,
224023,WESTWOOD PEMBROKE HEALTH SYSTEMS,45 CLAPBOARDTREE STREET,WESTWOOD,MA,02090,hpt-obf:v1:5kXvVDs2XiQ7ePuh.bX-ykkaI_dzCk_Trkf48Pg.yKFkH6ZPudDcSpLb3Ss,Psychiatric,,no-domain,exa-domain-lookup,no domain in the seed dataset,WESTWOOD PEMBROKE HEALTH SYSTEMS hospital WESTWOOD MA official website,
224028,DR JOHN C CORRIGAN MENTAL HEALTH CENTER,49 HILLSIDE STREET,FALL RIVER,MA,02720,hpt-obf:v1:kbWdRTOzb6GUg7PK.W5bq3kYRSxT6QtJRHBOa0Q.nzzFWOmGAc6uSNUA0ew,Psychiatric,,no-domain,exa-domain-lookup,no domain in the seed dataset,DR JOHN C CORRIGAN MENTAL HEALTH CENTER hospital FALL RIVER MA official website,
224031,CAPE COD & ISLANDS COMMUNITY MENTAL HEALTH CENTER,830 COUNTY ROAD,POCASSET,MA,02559,hpt-obf:v1:Ho0nVzsA0l5eLD7q.wbgoj0MV5gYsNDZGKMDsag.nSUfHl5nXpEbzvm3N6w,Psychiatric,,no-domain,exa-domain-lookup,no domain in the seed dataset,CAPE COD & ISLANDS COMMUNITY MENTAL HEALTH CENTER hospital POCASSET MA official website,
224032,WORCESTER RECOVERY CENTER AND HOSPITAL,309 BELMONT STREET,WORCESTER,MA,01604,hpt-obf:v1:Rc4j9Zeu98mamO3o.BzL3c97TDxjuowGefCc1yQ.YwM0Hf4LVPbD5OPYghE,Psychiatric,,no-domain,exa-domain-lookup,no domain in the seed dataset,WORCESTER RECOVERY CENTER AND HOSPITAL hospital WORCESTER MA official website,
224038,"WALDEN BEHAVIORAL CARE, LLC",10 CAREMATRIX DR,DEDHAM,MA,02026,hpt-obf:v1:jCOeW7pNtNRw0-fp.rfSOKRW8E9L3Jj6L_iU_mQ.gcC0B2eEef0uE9ywP9s,Psychiatric,,no-domain,exa-domain-lookup,no domain in the seed dataset,"WALDEN BEHAVIORAL CARE, LLC hospital DEDHAM MA official website",
224039,WHITTIER PAVILION,76 SUMMER STREET,HAVERHILL,MA,01830,hpt-obf:v1:UGihtpNe_v5niEAD.VO3fGm5uFvfu5pR3uoiE3g.BXvEk_MKdANopNk7ZLk,Psychiatric,,no-domain,exa-domain-lookup,no domain in the seed dataset,WHITTIER PAVILION hospital HAVERHILL MA official website,
224040,DR SOLOMON CARTER FULLER MENTAL HEALTH CENTER,85 EAST NEWTON STREET,BOSTON,MA,02118,hpt-obf:v1:-opZv1PR9HFXFTP8.b0xIe6M42oqRGU4xMnL3nQ.M8z4pfuErzGlG8U1yWo,Psychiatric,,no-domain,exa-domain-lookup,no domain in the seed dataset,DR SOLOMON CARTER FULLER MENTAL HEALTH CENTER hospital BOSTON MA official website,
224041,SOUTHCOAST BEHAVIORAL HEALTH,581 FAUNCE CORNER ROAD,DARTMOUTH,MA,02747,hpt-obf:v1:eyXp6SVaeN5pndzM.Wl9TV5bfaFfTVQFxmkKHTA.7cTvl2LVDTJyfjqFAgA,Psychiatric,,no-domain,exa-domain-lookup,no domain in the seed dataset,SOUTHCOAST BEHAVIORAL HEALTH hospital DARTMOUTH MA official website,
224044,WESTBOROUGH BEHAVIORAL HEALTHCARE HOSPITAL LLC,300 FRIBERG PARKWAY,WESTBOROUGH,MA,01581,hpt-obf:v1:yUbMHBeZ_RAXQwVJ.lE25U2oFMebSm_U1ojf9MA.1JbgTV_3GfOvoW4tRRc,Psychiatric,,no-domain,exa-domain-lookup,no domain in the seed dataset,WESTBOROUGH BEHAVIORAL HEALTHCARE HOSPITAL LLC hospital WESTBOROUGH MA official website,
224045,HOSPITAL FOR BEHAVIORAL MEDICINE,100 CENTURY DRIVE,WORCESTER,MA,01606,hpt-obf:v1:JKsS0zB8bNmwGycT.0xLGQgeOlYFtdfAJaRbA1g.AdzQxi27tdGrLUsp-LY,Psychiatric,,no-domain,exa-domain-lookup,no domain in the seed dataset,HOSPITAL FOR BEHAVIORAL MEDICINE hospital WORCESTER MA official website,
224046,MIRAVISTA BEHAVIORAL HEALTH CENTER,1233 MAIN STREET,HOLYOKE,MA,01040,hpt-obf:v1:0_O5fTqn8rTu3UXL.Z1P7tAlIpX1NBq7W0KCjQA.cuEbSe4fA93yDCSK70s,Psychiatric,,no-domain,exa-domain-lookup,no domain in the seed dataset,MIRAVISTA BEHAVIORAL HEALTH CENTER hospital HOLYOKE MA official website,
230002,ST JOE MERCY HOSPITAL SYSTEM LIVONIA,36475 FIVE MILE ROAD,LIVONIA,MI,48154,hpt-obf:v1:rbk3shCjROpSq78l.N9xEXdpcGaGbJqt_aFKilw.QbQX7PSZi931i19cluc,Acute Care Hospitals,stjoeshealth.org,ok,name-match-review,pointer file works (9 entries) but none matched this hospital's name,,
230019,"ASCENSION PROVIDENCE HOSPITAL, SOUTHFIELD AND NOVI",16001 W NINE MILE RD,SOUTHFIELD,MI,48075,hpt-obf:v1:pWPrGXmvLpHMOONl.XggpDx5ms8tzu-fvj4YRRA.fcCbCamkwn7AT2pjH1k,Acute Care Hospitals,healthcare.ascension.org,ok,name-match-review,pointer file works (93 entries) but none matched this hospital's name,,
230020,BEAUMONT HOSPITAL - DEARBORN,18101 OAKWOOD BLVD,DEARBORN,MI,48124,hpt-obf:v1:4Gf6Y7zSqyISsQzo.TQ2jYVdW1BclRv2iX29rRQ.49uy26gg5gaWxhHZVLk,Acute Care Hospitals,beaumont.org,ok,name-match-review,pointer file works (21 entries) but none matched this hospital's name,,
230030,MYMICHIGAN MEDICAL CENTER ALMA,300 E WARWICK DR,ALMA,MI,48801,hpt-obf:v1:HFMiXlw2K6TqSaB3.dus9Z_QvnGScOGnJ-omUkQ.i8enwBASMt_MusAFhr4,Acute Care Hospitals,,no-domain,exa-domain-lookup,no domain in the seed dataset,MYMICHIGAN MEDICAL CENTER ALMA hospital ALMA MI official website,
230035,SPECTRUM HEALTH UNITED HOSPITAL,615 S BOWER STREET,GREENVILLE,MI,48838,hpt-obf:v1:Jlw2iSuDMKo7l-KV.jOPL_LmAGqwGpbZfLlGqQg.O9xiZTG6ZwQ_mqWdyBY,Acute Care Hospitals,spectrumhealth.org,ok,name-match-review,pointer file works (21 entries) but none matched this hospital's name,,
230036,MYMICHIGAN MEDICAL CENTER ALPENA,1501 W CHISHOLM ST,ALPENA,MI,49707,hpt-obf:v1:09roICiKD63GkYbc.51iO7eHHs3PgdGz5jkFA6Q.wOmyA6WORcl1_IwkQZw,Acute Care Hospitals,,no-domain,exa-domain-lookup,no domain in the seed dataset,MYMICHIGAN MEDICAL CENTER ALPENA hospital ALPENA MI official website,
230038,SPECTRUM HEALTH,100 MICHIGAN ST NE,GRAND RAPIDS,MI,49503,hpt-obf:v1:9K1WZmDpyD0SCpQx.nL1IBBEDF71o3NV0kH1o_g.wrtCL6ErQHbKiVaEnMI,Acute Care Hospitals,spectrumhealth.org,ok,name-match-review,pointer file works (21 entries) but none matched this hospital's name,,
230046,UNIVERSITY OF MICHIGAN HEALTH SYSTEM,"1500 E MEDICAL CENTER DRIVE, SPC 5474",ANN ARBOR,MI,48109,hpt-obf:v1:29Kt0nyWltMpsGEM.DXaEanbqkLhUyf3-WpjFwg.WTz_zziwmn83c_H9pa4,Acute Care Hospitals,,no-domain,exa-domain-lookup,no domain in the seed dataset,UNIVERSITY OF MICHIGAN HEALTH SYSTEM hospital ANN ARBOR MI official website,
230055,DICKINSON COUNTY MEMORIAL HOSPITAL,1721 S STEPHENSON AVE,IRON MOUNTAIN,MI,49801,hpt-obf:v1:yOtMAJERcHKYLNwK.qOfjEDxOSil7oiDpcnkA3Q.9bbXh4qyUUTwDmhdlVs,Acute Care Hospitals,dchs.org,ok,name-match-review,pointer file works (11 entries) but none matched this hospital's name,,
23005F,IRON MOUNTAIN MI VA MEDICAL CENTER,325 EAST H STREET,IRON MOUNTAIN,MI,49801,hpt-obf:v1:kBDY_sSwbqic_Ec2.HsM5IIQq93Rn2fNhzTY9GQ.UMBf1kp6KMvSwgviN_A,Acute Care - Veterans Administration,,no-domain,exempt-federal,federally owned; outside 45 CFR 180,,
230077,MYMICHIGAN MEDICAL CENTER SAGINAW,800 S WASHINGTON AVENUE,SAGINAW,MI,48601,hpt-obf:v1:JJQgd1TMSp_7MgXT.R5iVnRxZ8_fLlK6odIKTWA.BLXVxH61y2Yz1OUA1Rg,Acute Care Hospitals,healthcare.ascension.org,ok,name-match-review,pointer file works (93 entries) but none matched this hospital's name,,
230089,BEAUMONT HOSPITAL - GROSSE POINTE,468 CADIEUX RD,GROSSE POINTE,MI,48230,hpt-obf:v1:DS4LmrGj6XljG2n4.xcYBOguCfqDcrwR8MO1VNg.9Q0La-QVydApDiyFwUQ,Acute Care Hospitals,beaumont.org,ok,name-match-review,pointer file works (21 entries) but none matched this hospital's name,,
230095,MYMICHIGAN MEDICAL CENTER WEST BRANCH,2463 SOUTH M-30,WEST BRANCH,MI,48661,hpt-obf:v1:HIA3hRwHMtsyP84q.Nk9JU_dK7rWsBwsADMeEHg.9ixdHWUby3mvLLh_9Dk,Acute Care Hospitals,,no-domain,exa-domain-lookup,no domain in the seed dataset,MYMICHIGAN MEDICAL CENTER WEST BRANCH hospital WEST BRANCH MI official website,
230100,TAWAS ST JOSEPH HOSPITAL,200 HEMLOCK,TAWAS CITY,MI,48764,hpt-obf:v1:7U9i1IY-HN4mepBQ.tsxGbIwvY2ZG--6ywmoRxg.z25YGV-rz_qCuHef15M,Acute Care Hospitals,healthcare.ascension.org,ok,name-match-review,pointer file works (93 entries) but none matched this hospital's name,,
230117,BORGESS MEDICAL CENTER,1521 GULL ROAD,KALAMAZOO,MI,49048,hpt-obf:v1:1kDemFJ8r1WkHPRh.4V_1Jge2F-I4lwiqDlgmWw.o3GGNNvRZwf0z10mR_M,Acute Care Hospitals,healthcare.ascension.org,ok,name-match-review,pointer file works (93 entries) but none matched this hospital's name,,
23011F,VA ANN ARBOR HEALTHCARE SYSTEM,2215 FULLER ROAD,ANN ARBOR,MI,48105,hpt-obf:v1:tDS3Yn6sE1V45DVr.4rUW2t9wT9w8IExNlahgsg.MC495RVQyYmzbynBvgc,Acute Care - Veterans Administration,,no-domain,exempt-federal,federally owned; outside 45 CFR 180,,
23012F,BATTLE CREEK VA MEDICAL CENTER,5500 ARMSTRONG RD.,BATTLE CREEK,MI,49037,hpt-obf:v1:XGEym1IDdiunDBtG.icUmEZWc5hpdrC77IYZ4tg.FefcoBp9utB-TGoUEFU,Acute Care - Veterans Administration,,no-domain,exempt-federal,federally owned; outside 45 CFR 180,,
230146,WYANDOTTE HOSPITAL AND MEDICAL CENTER,2333 BIDDLE AVE,WYANDOTTE,MI,48192,hpt-obf:v1:EIY6Aq23ko9j838Y.WUk3BXsOLAKJu0IGvYkSNQ.8AO-zUJ7jMFk_nUp5j4,Acute Care Hospitals,henryford.com,ok,name-match-review,pointer file works (14 entries) but none matched this hospital's name,,
230180,MYMICHIGAN MEDICAL CENTER CLARE,703 N MCEWAN ST,CLARE,MI,48617,hpt-obf:v1:Pfi-dMWvvMgc4LCc.qTytsTXl9ecncXLhPfJNDg.L9Pr3zoeiUErLjSKYkg,Acute Care Hospitals,,no-domain,exa-domain-lookup,no domain in the seed dataset,MYMICHIGAN MEDICAL CENTER CLARE hospital CLARE MI official website,
230197,ASCENSION GENESYS HOSPITAL,ONE GENESYS PARKWAY,GRAND BLANC,MI,48439,hpt-obf:v1:fhmKnMrWwxYDkBVB.7qLBZyGxwNA8zuigJ2S47g.kLVXQyushOLg48_LyIE,Acute Care Hospitals,healthcare.ascension.org,ok,name-match-review,pointer file works (93 entries) but none matched this hospital's name,,
230208,UNIVERSITY OF MICHIGAN HEALTH-SPARROW CARSON,406 EAST ELM ST,CARSON CITY,MI,48811,hpt-obf:v1:ggWlNsn7vgmaEHQI.0SFll89Gc6IexlTZR9Z5sQ.9mUYggbUn-McKae7Q7Y,Acute Care Hospitals,sparrow.org,ok,name-match-review,pointer file works (7 entries) but none matched this hospital's name,,
230222,MYMICHIGAN MEDICAL CENTER MIDLAND,4000 WELLNESS DRIVE,MIDLAND,MI,48670,hpt-obf:v1:ysK30Ut2IacCmP-Q.Pj8twBMEGMhs8xDvNiFMQw.WVb06nkWHQN8IJTUXO4,Acute Care Hospitals,,no-domain,exa-domain-lookup,no domain in the seed dataset,MYMICHIGAN MEDICAL CENTER MIDLAND hospital MIDLAND MI official website,
230230,EDWARD W SPARROW HOSPITAL,1215 E MICHIGAN AVENUE,LANSING,MI,48912,hpt-obf:v1:Cnqg_7yxO2Ofngra.HXkRPl06Pf8Ye0hFju8SRA.UrQ__f3PA9u-G_TAHBo,Acute Care Hospitals,sparrow.org,ok,name-match-review,pointer file works (7 entries) but none matched this hospital's name,,
230239,CHIPPEWA COUNTY WAR MEMORIAL HOSPITAL,500 OSBORN BLVD,SAULT STE MARIE,MI,49783,hpt-obf:v1:CFzMZQHIqqnEY160.rjvQoM9B6NjOJVh0NiNbUg.Sl6TAai8qKXBtaDPsXc,Acute Care Hospitals,,no-domain,exa-domain-lookup,no domain in the seed dataset,CHIPPEWA COUNTY WAR MEMORIAL HOSPITAL hospital SAULT STE MARIE MI official website,
230241,ASCENSION RIVER DISTRICT HOSPITAL,4100 RIVER RD,EAST CHINA,MI,48054,hpt-obf:v1:ssF2mbASwDiRvHN3.c9xz9cEBDHQpcMf5LPz3tA.2cv1uKXI5dWcCRLQ6X4,Acute Care Hospitals,healthcare.ascension.org,ok,name-match-review,pointer file works (93 entries) but none matched this hospital's name,,
230254,ASCENSION PROVIDENCE ROCHESTER HOSPITAL,1101 W UNIVERSITY DRIVE,ROCHESTER,MI,48307,hpt-obf:v1:RxnH4FKMZ1u_jVTQ.FQ9EAwy7MEY_4D0xU79vvA.AS6NGObDcUrK3BMYgK4,Acute Care Hospitals,healthcare.ascension.org,ok,name-match-review,pointer file works (93 entries) but none matched this hospital's name,,
230269,"BEAUMONT HOSPITAL, TROY",44201 DEQUINDRE ROAD,TROY,MI,48085,hpt-obf:v1:smU6fUHIqhUfbXNo.1sN6HcnFJ6MESGBj_Unkig.mHnrA-ylN6R1tctugaQ,Acute Care Hospitals,beaumont.org,ok,name-match-review,pointer file works (21 entries) but none matched this hospital's name,,
230270,BEAUMONT HOSPITAL - TAYLOR,10000 TELEGRAPH ROAD,TAYLOR,MI,48180,hpt-obf:v1:XlIfQHiFpqhZOWIT.KDhVqZQulvbSYWnZRHaZFA.60qhN3eEEk-RC7_i44s,Acute Care Hospitals,beaumont.org,ok,name-match-review,pointer file works (21 entries) but none matched this hospital's name,,
23037F,DETROIT (JOHN D. DINGELL) VA MEDICAL CENTER,4646 JOHN R.,DETROIT,MI,48201,hpt-obf:v1:6HAhkEEeXVw4Bt35.DJCHw3NazdaMHs-eWbTSHw._WGrOKawGFY1gEz9moo,Acute Care - Veterans Administration,,no-domain,exempt-federal,federally owned; outside 45 CFR 180,,
231305,SAINT MARY'S STANDISH COMMUNITY HOSPITAL,805 W CEDAR ST,STANDISH,MI,48658,hpt-obf:v1:VzK0043o3Vl3H0lW.kgcnrB7Tp0LHU7IglOFmLw.lTkQ08n5Lanmi_qFjRE,Critical Access Hospitals,healthcare.ascension.org,ok,name-match-review,pointer file works (93 entries) but none matched this hospital's name,,
231312,SHERIDAN COMMUNITY HOSPITAL,301 N MAIN ST,SHERIDAN,MI,48884,hpt-obf:v1:8hmuGQKNymriBsqQ.qrUcPo1EoYUx3UiKbxuztQ.gDRBe94HN-_rDsQbHlU,Critical Access Hospitals,,no-domain,exa-domain-lookup,no domain in the seed dataset,SHERIDAN COMMUNITY HOSPITAL hospital SHERIDAN MI official website,
231315,ASCENSION BORGESS LEE HOSPITAL,420 W HIGH ST,DOWAGIAC,MI,49047,hpt-obf:v1:Hkc-ikphEEmWTzQ-.iuKYPjmpUa7n7PMk-bYPUQ.oVaFThMi496QzYD1vhQ,Critical Access Hospitals,healthcare.ascension.org,ok,name-match-review,pointer file works (93 entries) but none matched this hospital's name,,
231325,MYMICHIGAN MEDICAL CENTER GLADWIN,515 QUARTER STREET,GLADWIN,MI,48624,hpt-obf:v1:ct7-dgO3tvYXDmM_.W4HsrYVqGCnbpwHiF6vXiQ.syPIRqbRHm1qWJL-rIo,Critical Access Hospitals,,no-domain,exa-domain-lookup,no domain in the seed dataset,MYMICHIGAN MEDICAL CENTER GLADWIN hospital GLADWIN MI official website,
231326,UNIVERSITY OF MICHIGAN HEALTH- SPARROW CLINTON,805 S OAKLAND,SAINT JOHNS,MI,48879,hpt-obf:v1:XPIvhDdFVUwVUkat.Ka8sZ0KwR2wAYIhxMbHwag.NOx-Ht3__niee5GsgAI,Critical Access Hospitals,sparrow.org,ok,name-match-review,pointer file works (7 entries) but none matched this hospital's name,,
231327,UNIVERSITY OF MICHIGAN HEALTH - SPARROW EATON,321 E HARRIS STREET,CHARLOTTE,MI,48813,hpt-obf:v1:QgbvPr4wPlfr8zeX.CPBc-tZ19VXxGo2Ab55alQ.3cQ0FjtsV0ku-TbUpA8,Critical Access Hospitals,sparrow.org,ok,name-match-review,pointer file works (7 entries) but none matched this hospital's name,,
231331,SPARROW IONIA HOSPITAL,3565 S STATE ROAD,IONIA,MI,48846,hpt-obf:v1:y_iOj7n_otCM-47z.w6YZsBjSjCDgVjuXcErxPg.xEwUnSIV1PdO50iZd9k,Critical Access Hospitals,sparrow.org,ok,name-match-review,pointer file works (7 entries) but none matched this hospital's name,,
234021,HARBOR OAKS HOSPITAL,35031 23 MILE RD,NEW BALTIMORE,MI,48047,hpt-obf:v1:gIiBHPwfsY45wJ3v.PACbm806Sq2F_b8UVskvUw.VceqMHAJn1gaIkdavjg,Psychiatric,,no-domain,exa-domain-lookup,no domain in the seed dataset,HARBOR OAKS HOSPITAL hospital NEW BALTIMORE MI official website,
234023,HAVENWYCK HOSPITAL,1525 UNIVERSITY DRIVE,AUBURN HILLS,MI,48326,hpt-obf:v1:n1ukn6iPfosflyN7.Jc3FYlT0sMWm8AL2Q4zz1g.gROdQ1yEk7TnSET0JJU,Psychiatric,,no-domain,exa-domain-lookup,no domain in the seed dataset,HAVENWYCK HOSPITAL hospital AUBURN HILLS MI official website,
234025,CARO PSYCHIATRIC HOSPITAL,2040 CHAMBERS RD,CARO,MI,48723,hpt-obf:v1:Yh5rdV-8fmJ3T58A.C3qS0Lh8ND5ENnmJjHeBiw.7L6oknOYXBlTLbja82I,Psychiatric,,no-domain,exa-domain-lookup,no domain in the seed dataset,CARO PSYCHIATRIC HOSPITAL hospital CARO MI official website,
234026,KALAMAZOO REGIONAL PSYCHIATRIC HOSPITAL,1312 OAKLAND DR,KALAMAZOO,MI,49008,hpt-obf:v1:qbCzOYflOSjYtuJn.hjNPAfgAYx1Zbz6qY3QDrg.7dLdc7EdHQt0pmHxCw4,Psychiatric,,no-domain,exa-domain-lookup,no domain in the seed dataset,KALAMAZOO REGIONAL PSYCHIATRIC HOSPITAL hospital KALAMAZOO MI official website,
234030,FOREST VIEW PSYCHIATRIC HOSPITAL,1055 MEDICAL PARK SE,GRAND RAPIDS,MI,49546,hpt-obf:v1:-SKdgnfpjmRx0CsF.0Cku5WuvDVAkrzXnFmpvGA.iRO2ISznz1HAmSKQW8E,Psychiatric,,no-domain,exa-domain-lookup,no domain in the seed dataset,FOREST VIEW PSYCHIATRIC HOSPITAL hospital GRAND RAPIDS MI official website,
234035,WALTER P REUTHER PSYCHIATRIC HOSPITAL,30901 PALMER RD,WESTLAND,MI,48186,hpt-obf:v1:Cgwwz9oxuImtX3uF.9nZkMi9A5QBLaQEqb5-V3Q.WYlunZ42ZhWT2V8DpB4,Psychiatric,,no-domain,exa-domain-lookup,no domain in the seed dataset,WALTER P REUTHER PSYCHIATRIC HOSPITAL hospital WESTLAND MI official website,
234040,SAMARITAN BEHAVIORAL CENTER,"5555 CONNER AVENUE, SUITE 3N",DETROIT,MI,48213,hpt-obf:v1:JNH1OcisnyKst7M5.x34oVd25zhC6PI0dB3xijg.weDfBlcZEUIPaWmn6Cw,Psychiatric,,no-domain,exa-domain-lookup,no domain in the seed dataset,SAMARITAN BEHAVIORAL CENTER hospital DETROIT MI official website,
234041,THE CENTER FOR FORENSIC PSYCHIATRY,8303 PLATT ROAD,SALINE,MI,48176,hpt-obf:v1:sZQTluBjgu3CZF_o.Op6pZhLmchaf1KDGU5okKQ.fFgjIM_SUzL2ALrgBqE,Psychiatric,,no-domain,exa-domain-lookup,no domain in the seed dataset,THE CENTER FOR FORENSIC PSYCHIATRY hospital SALINE MI official website,
234042,THE BEHAVIORAL CENTER OF MICHIGAN,4050 E 12 MILE ROAD,WARREN,MI,48092,hpt-obf:v1:oZ6Aw7f83nSTw0XV._KDe4OjM6ur8za9rXJxESg.xgCS6WfRtQl0bHY9c18,Psychiatric,,no-domain,exa-domain-lookup,no domain in the seed dataset,THE BEHAVIORAL CENTER OF MICHIGAN hospital WARREN MI official website,
234043,CEDAR CREEK HOSPITAL,101 WEST TOWNSEND ROAD,SAINT JOHNS,MI,48879,hpt-obf:v1:VaYv0aId9cdni_TJ.AcNmZFqutC1EMjkvMEG7ew.5aiVRR8HHjcA0p4Sc9g,Psychiatric,,no-domain,exa-domain-lookup,no domain in the seed dataset,CEDAR CREEK HOSPITAL hospital SAINT JOHNS MI official website,
234045,METROPOLITAN BEHAVIORAL HEALTH,18001 ROTUNDA DRIVE,DEARBORN,MI,48124,hpt-obf:v1:CDsq-5Z7MoatMKX0.GLhB80UYspsoeF4JlHKQPQ.CnrzBHf4diSyCCuNw9Q,Psychiatric,,no-domain,exa-domain-lookup,no domain in the seed dataset,METROPOLITAN BEHAVIORAL HEALTH hospital DEARBORN MI official website,
24002F,ST CLOUD VA MEDICAL CENTER,4801 VETERANS DRIVE,ST. CLOUD,MN,56303,hpt-obf:v1:-FOPKG3kC6XKv6Kx.VL15wZo4THlWg9a2Mh1q3Q.wZDOTwGM6NJ-jqwQnQI,Acute Care - Veterans Administration,,no-domain,exempt-federal,federally owned; outside 45 CFR 180,,
240030,ALOMERE HEALTH,111 17TH AVENUE EAST,ALEXANDRIA,MN,56308,hpt-obf:v1:c5zFWQ6TRWpIXoys.mzXvc66SarLe9NnXk2A2Sw.DHadAJ03tvaItk3FxrQ,Acute Care Hospitals,,no-domain,exa-domain-lookup,no domain in the seed dataset,ALOMERE HEALTH hospital ALEXANDRIA MN official website,
24003F,MINNEAPOLIS VA MEDICAL CENTER,ONE VETERANS DRIVE,MINNEAPOLIS,MN,55417,hpt-obf:v1:KbgsEdi4cskJAXvK.EgcioHuEmCk2TTqMMiQb7A.9WwjKAFGgNC1tT96Oco,Acute Care - Veterans Administration,,no-domain,exempt-federal,federally owned; outside 45 CFR 180,,
240053,PARK NICOLLET METHODIST HOSPITAL,6500 EXCELSIOR BLVD,SAINT LOUIS PARK,MN,55426,hpt-obf:v1:_PMRnAJ-tRvGbBgX.iAw3m9PeVD_kT2tCFz2Nug.6sMbdQ2I3T6SsP2_e40,Acute Care Hospitals,healthpartners.com,ok,name-match-review,pointer file works (8 entries) but none matched this hospital's name,,
240104,ST FRANCIS REGIONAL MEDICAL CENTER,1455 ST FRANCIS AVENUE,SHAKOPEE,MN,55379,hpt-obf:v1:YSravascT21QpWYI.FClkgw_CMmVl0jw3YQY-AA.TEz-7VgAWhFgFaDlRVM,Acute Care Hospitals,,no-domain,exa-domain-lookup,no domain in the seed dataset,ST FRANCIS REGIONAL MEDICAL CENTER hospital SHAKOPEE MN official website,
240206,RED LAKE HOSPITAL,24760 HOSPITAL DRIVE,REDLAKE,MN,56671,hpt-obf:v1:lwg9czcJAyQjG4Qe._LPlj35AXXNv3vHu_u4opg.BLjoFRoXIjctlv289rw,Acute Care Hospitals,,no-domain,exa-domain-lookup,no domain in the seed dataset,RED LAKE HOSPITAL hospital REDLAKE MN official website,
241301,LAKEWOOD HEALTH CENTER,600 MAIN AVE S,BAUDETTE,MN,56623,hpt-obf:v1:qP0c5qu0KB-koOKP.Zx_3A2cECEJk_sBNQn8ITA.fZuLR-ZgBiDYWrRpwHM,Critical Access Hospitals,lakewoodhealthcenter.org,neterr,exa-domain-lookup,pointer fetch failed (neterr); domain is likely wrong or stale,LAKEWOOD HEALTH CENTER hospital BAUDETTE MN official website,
241305,RIVERWOOD HEALTHCARE CENTER,200 BUNKER HILL DRIVE,AITKIN,MN,56431,hpt-obf:v1:ofm00bLY8LGbYNv0.g99OUJLwdR2n3Q9wFtjZnQ.uyBArqEBkd5rujeWXi8,Critical Access Hospitals,,no-domain,exa-domain-lookup,no domain in the seed dataset,RIVERWOOD HEALTHCARE CENTER hospital AITKIN MN official website,
241317,NORTH SHORE HEALTH,515 5TH AVE WEST,GRAND MARAIS,MN,55604,hpt-obf:v1:fqITzAEMXpENbBsg.jnCNyyeNALEv4qJfFAcotQ.HkLFIMz8ZDsnmQIKwWk,Critical Access Hospitals,,no-domain,exa-domain-lookup,no domain in the seed dataset,NORTH SHORE HEALTH hospital GRAND MARAIS MN official website,
241319,MURRAY COUNTY MEMORIAL HOSPITAL,2042 JUNIPER AVENUE,SLAYTON,MN,56172,hpt-obf:v1:m-widvmYBtr9tmyj.yasYRZa0WjHJUaOVIGNe5A.RibNwAsLxT8NWiIYlNY,Critical Access Hospitals,pushmatahahospital.com,ok,name-match-review,pointer file works (1 entries) but none matched this hospital's name,,
241339,HENDRICKS COMMUNITY HOSPITAL,503 E LINCOLN STREET,HENDRICKS,MN,56136,hpt-obf:v1:k6P1fGcOq63K_Tgu.p1U7vmYVSpe5hH-UH9_a1g.-VjXvrjYmunauY4YtUE,Critical Access Hospitals,,no-domain,exa-domain-lookup,no domain in the seed dataset,HENDRICKS COMMUNITY HOSPITAL hospital HENDRICKS MN official website,
241358,CASS LAKE INDIAN HEALTH SERVICES HOSPITAL,425 7TH STREET NW,CASS LAKE,MN,56633,hpt-obf:v1:Z9ok6jX2IFLuhCg6.ZCZwEw21kagxV2e1w3KjGQ.fEzVE_GN3zg-2L3F9xw,Critical Access Hospitals,,no-domain,exa-domain-lookup,no domain in the seed dataset,CASS LAKE INDIAN HEALTH SERVICES HOSPITAL hospital CASS LAKE MN official website,
241363,STEVENS COMMUNITY MEDICAL CENTER INC,400 EAST FIRST STREET,MORRIS,MN,56267,hpt-obf:v1:0JtSJPUfA5H-wBq5.PHnDKgzTxHg7vEXp4Y_orA.yWz2_NlbN2DirNPNd1E,Critical Access Hospitals,,no-domain,exa-domain-lookup,no domain in the seed dataset,STEVENS COMMUNITY MEDICAL CENTER INC hospital MORRIS MN official website,
241366,MEEKER MEMORIAL HOSPITAL,612 SOUTH SIBLEY AVENUE,LITCHFIELD,MN,55355,hpt-obf:v1:iOuqOrF8qsnMAHDX.wqHMUr8Kcw73NVhyRQxTaw.ZYx_cdnByL0ZOqJ6gHQ,Critical Access Hospitals,,no-domain,exa-domain-lookup,no domain in the seed dataset,MEEKER MEMORIAL HOSPITAL hospital LITCHFIELD MN official website,
241369,UNITED HOSPITAL DISTRICT,515 SOUTH MOORE STREET,BLUE EARTH,MN,56013,hpt-obf:v1:9M03osAmnOAHjFUo.0i_XzIu5n1DjzlEpHM9Aww.MKpAHEZZvRGmqqIzrC8,Critical Access Hospitals,,no-domain,exa-domain-lookup,no domain in the seed dataset,UNITED HOSPITAL DISTRICT hospital BLUE EARTH MN official website,
241373,PERHAM HEALTH,1000 CONEY STREET WEST,PERHAM,MN,56573,hpt-obf:v1:ERGEsd2_oL3IWM1b.P_tGkkViIVQbvJp74USZrA.iltDDIoB2hBelaLCFBM,Critical Access Hospitals,,no-domain,exa-domain-lookup,no domain in the seed dataset,PERHAM HEALTH hospital PERHAM MN official website,
244002,ANOKA METRO REGIONAL TREATMENT CENTER,3301 7TH AVE NORTH,ANOKA,MN,55303,hpt-obf:v1:mL1xG9CKQA7zyONR.nQf0BVlwDsjfB-EawkZ5LQ._Z73AE2r0BVvqlhv2wY,Psychiatric,,no-domain,exa-domain-lookup,no domain in the seed dataset,ANOKA METRO REGIONAL TREATMENT CENTER hospital ANOKA MN official website,
244005,CHILD AND ADOLESCENT BEHAVIORAL HEALTH HOSPITAL,2301 TRANSPORTATION DRIVE NE,WILLMAR,MN,56201,hpt-obf:v1:JQw1GSZdXyjCMlsg.gujhpPsOadxfqumsOQNhAg.6iOleCaDouB9ItUMOLM,Psychiatric,,no-domain,exa-domain-lookup,no domain in the seed dataset,CHILD AND ADOLESCENT BEHAVIORAL HEALTH HOSPITAL hospital WILLMAR MN official website,
244011,COMMUNITY BEHAVIORAL HEALTH HOSPITAL ANNANDALE,400 ANNANDALE BOULEVARD,ANNANDALE,MN,55302,hpt-obf:v1:c6L-kxbUNY_-t6sI.jb9hAiH9swAB6a8Cdeqjsg.eYx9YR9XdfpMkxHx9oY,Psychiatric,,no-domain,exa-domain-lookup,no domain in the seed dataset,COMMUNITY BEHAVIORAL HEALTH HOSPITAL ANNANDALE hospital ANNANDALE MN official website,
244012,COMMUNITY BEHAVIORAL HEALTH HOSPITAL ALEXANDRIA,1610 8TH AVENUE EAST,ALEXANDRIA,MN,56308,hpt-obf:v1:XwfaT_ek-eK6J4Rl.Mzw4Knb47MpHn-U0d9UI3Q.q05CW3h_kqL-uDVLxrs,Psychiatric,,no-domain,exa-domain-lookup,no domain in the seed dataset,COMMUNITY BEHAVIORAL HEALTH HOSPITAL ALEXANDRIA hospital ALEXANDRIA MN official website,
244013,COMMUNITY BEHAVIORAL HEALTH HOSPITAL FERGUS FALLS,1801 WEST ALCOTT AVENUE,FERGUS FALLS,MN,56538,hpt-obf:v1:xpAqxk4uTZdatp0C.nGlZMaRw24ttOnwKSJGiUQ.HPVxUhIQbkHNtBZpUh0,Psychiatric,,no-domain,exa-domain-lookup,no domain in the seed dataset,COMMUNITY BEHAVIORAL HEALTH HOSPITAL FERGUS FALLS hospital FERGUS FALLS MN official website,
244014,COMMUNITY BEHAVIORAL HEALTH HOSPITAL - BEMIDJI,800 BEMIDJI AVENUE NORTH,BEMIDJI,MN,56601,hpt-obf:v1:kdQZOXQc7uCSOaJL.Q2qHho39beCF1YXbCUkWqg.2PwsjVh_wqPCgbI0pt8,Psychiatric,,no-domain,exa-domain-lookup,no domain in the seed dataset,COMMUNITY BEHAVIORAL HEALTH HOSPITAL - BEMIDJI hospital BEMIDJI MN official website,
244015,COMMUNITY BEHAVIORAL HEALTH HOSPITAL - BAXTER,14241 GRAND OAKS DRIVE,BAXTER,MN,56425,hpt-obf:v1:5z9yDCPKws0x6QqH.H9-0QezBTxwpqm0qieePsw.MvPOuVk1zlOvtkNeI8Q,Psychiatric,ecommunity.com,ok,name-match-review,pointer file works (17 entries) but none matched this hospital's name,,
244017,COMMUNITY BEHAVIORAL HEALTH HOSPITAL ROCHESTER,251 WOOD LAKE DRIVE SOUTHEAST,ROCHESTER,MN,55904,hpt-obf:v1:ovGnmKFE1j7AWe7P.8gsPLH2YcKJVcyETz4Nrsg.c1pdVoeqwrKoerhFlN8,Psychiatric,,no-domain,exa-domain-lookup,no domain in the seed dataset,COMMUNITY BEHAVIORAL HEALTH HOSPITAL ROCHESTER hospital ROCHESTER MN official website,
244018,SANFORD BEHAVIORAL HEALTH CENTER,120 LABREE AVENUE SOUTH,THIEF RIVER FALLS,MN,56701,hpt-obf:v1:6tQl9w0pcrEqjb8W.lkXgn1iQwo55IlCK2yjaZQ.9SAXf_sngYHxTGJSqCw,Psychiatric,,no-domain,exa-domain-lookup,no domain in the seed dataset,SANFORD BEHAVIORAL HEALTH CENTER hospital THIEF RIVER FALLS MN official website,
244019,CAPITOL PARK MENTAL HEALTH HOSPITAL,559 NORTH CAPITAL BOULEVARD,SAINT PAUL,MN,55103,hpt-obf:v1:gdNVQO4rr4vrSX1Y.yLVAFI0fNCRmVBByvxfTXQ.QEwleR_8rolfMGXxm4w,Psychiatric,,no-domain,exa-domain-lookup,no domain in the seed dataset,CAPITOL PARK MENTAL HEALTH HOSPITAL hospital SAINT PAUL MN official website,
250017,PROGRESSIVE HEALTH GROUP OF HOUSTON,1002 EAST MADISON STREET,HOUSTON,MS,38851,hpt-obf:v1:I9FLPVF2zzKdbolG.-aIvkJVgjHJ8Tj_gJDYGEA.XMRv-zfuZnpViLDUEdY,Acute Care Hospitals,traceregional.com,html,exa-domain-lookup,pointer fetch failed (html); domain is likely wrong or stale,PROGRESSIVE HEALTH GROUP OF HOUSTON hospital HOUSTON MS official website,
250020,WEBSTER GENERAL HOSPITAL/ SWING BED,70 MEDICAL PLAZA,EUPORA,MS,39744,hpt-obf:v1:RxM83F3lRubO-kak.kANeZT_qR-UiDl6zM3J5UA.afTMmcXo12Fc-iLlVzA,Acute Care Hospitals,,no-domain,exa-domain-lookup,no domain in the seed dataset,WEBSTER GENERAL HOSPITAL/ SWING BED hospital EUPORA MS official website,
250036,GEORGE REGIONAL HEALTH SYSTEM,859 WINTER STREET,LUCEDALE,MS,39452,hpt-obf:v1:SQh0lHcmIuWD-K-R.jSFrUyrvORSKfqEQhlIVpA.GM8ctfG9AqCKkws2KyI,Acute Care Hospitals,georgeregional.com,html,exa-domain-lookup,pointer fetch failed (html); domain is likely wrong or stale,GEORGE REGIONAL HEALTH SYSTEM hospital LUCEDALE MS official website,
250038,MERIT HEALTH MADISON,161 RIVER OAKS DRIVE,CANTON,MS,39046,hpt-obf:v1:Bm088z7JoyALwN_3.fceklIzmN7JSny3vOEOFOg.uvAJusZT559A4Daxiqw,Acute Care Hospitals,merithealthmadison.com,ok,name-match-review,pointer file works (4 entries) but none matched this hospital's name,,
250042,NORTHWEST MISSISSISSIPPI REGIONAL MEDICAL CENTER,1970 HOSPITAL DRIVE,CLARKSDALE,MS,38614,hpt-obf:v1:Vn56wX13uxG4aIvd.oe-fSFxKT9ffw1hakvHAZQ.AIf8PfL6Y6d77VG88Q8,Acute Care Hospitals,deltahealthsystem.org,ok,name-match-review,pointer file works (2 entries) but none matched this hospital's name,,
250043,NESHOBA COUNTY GENERAL HOSPITAL,1001 HOLLAND AVENUE,PHILADELPHIA,MS,39350,hpt-obf:v1:5Yul79Mr307BkXQj.asg52liMT2DV9Ln3xP0glg.UQn5HTUq7mFLRygOpuo,Acute Care Hospitals,,no-domain,exa-domain-lookup,no domain in the seed dataset,NESHOBA COUNTY GENERAL HOSPITAL hospital PHILADELPHIA MS official website,
250057,KING'S DAUGHTERS MEDICAL CENTER-BROOKHAVEN,P O BOX 948/427 HIGHWAY 51 NORTH,BROOKHAVEN,MS,39601,hpt-obf:v1:CBeAvEGoELlmBFUU.QBsBEBQi68cs12fosMb6hQ.R5-FTQuVFkiJjXkn2L0,Acute Care Hospitals,,no-domain,exa-domain-lookup,no domain in the seed dataset,KING'S DAUGHTERS MEDICAL CENTER-BROOKHAVEN hospital BROOKHAVEN MS official website,
250069,OCHSNER RUSH HOSPITAL,1314 19TH AVE,MERIDIAN,MS,39301,hpt-obf:v1:sEAXgTm5XDefP_xB.ex4PcoaIMJpMUG3I3s05IQ.v2vP2pZx3ajokra91lU,Acute Care Hospitals,,no-domain,exa-domain-lookup,no domain in the seed dataset,OCHSNER RUSH HOSPITAL hospital MERIDIAN MS official website,
250093,BOLIVAR MEDICAL CENTER,901 E SUNFLOWER RD,CLEVELAND,MS,38732,hpt-obf:v1:4Vkwte4QmWff1d7U.lLb_zM1rcwYzqlnPxgELpA.0DtO0qumYXVWoJOgbJU,Acute Care Hospitals,bolivarmedical.com,failed,exa-domain-lookup,pointer fetch failed (failed); domain is likely wrong or stale,BOLIVAR MEDICAL CENTER hospital CLEVELAND MS official website,
250099,GREENWOOD LEFLORE HOSPITAL,1401 RIVER RD,GREENWOOD,MS,38930,hpt-obf:v1:wU3kR1X6Ni4g13tc.M40ixN9j1oZeGLRPJY-C-w.ffetsmrvpMxATyZABPM,Acute Care Hospitals,glh.org,ok,name-match-review,pointer file works (4 entries) but none matched this hospital's name,,
250127,CHOCTAW HEALTH CENTER,ROUTE 7 BOX R50,PHILADELPHIA,MS,39350,hpt-obf:v1:C2nmrOT94E14ugsQ.TLxHLPlGIejJQZ7-nRJTbA.7CLCE_MXEHPHBU5COV8,Acute Care Hospitals,,no-domain,exa-domain-lookup,no domain in the seed dataset,CHOCTAW HEALTH CENTER hospital PHILADELPHIA MS official website,
250151,ALLIANCE HEALTH CENTER,5000 HIGHWAY 39 NORTH,MERIDIAN,MS,39301,hpt-obf:v1:OtmOddS7uK0wrjB8.mTghH_IF6oh0Om9g26fy9Q.XgisVYAdqksQ16j4Og0,Acute Care Hospitals,,no-domain,exa-domain-lookup,no domain in the seed dataset,ALLIANCE HEALTH CENTER hospital MERIDIAN MS official website,
250152,MISSISSIPPI METHODIST REHAB CTR,1350 E WOODROW WILSON DR,JACKSON,MS,39216,hpt-obf:v1:USiScrrhvSv9Mc_Y.dG7CGR0Rt7lUGLVG2LnCFg.33an_b8Fri9Kg00L_Ao,Acute Care Hospitals,,no-domain,exa-domain-lookup,no domain in the seed dataset,MISSISSIPPI METHODIST REHAB CTR hospital JACKSON MS official website,
250162,OCHSNER MEDICAL CENTER-HANCOCK,149 DRINKWATER BLVD,BAY SAINT LOUIS,MS,39520,hpt-obf:v1:yIIkP7tlVZWB0Amy.DypYjJyFDedeMBPZXCtVCQ.hJEmUcaav4eG8P_1yss,Acute Care Hospitals,ochsner.org,ok,name-match-review,pointer file works (26 entries) but none matched this hospital's name,,
250172,HIGHLAND HILLS MEDICAL CENTER,401 GETWELL DRIVE,SENATOBIA,MS,38668,hpt-obf:v1:CkoX9TuMHGPxqL8m.oSZOaaZ8ncntw_iQgG41BQ.N7FXORkqLCOcg_b88d8,Acute Care Hospitals,deltahealthsystem.org,ok,name-match-review,pointer file works (2 entries) but none matched this hospital's name,,
250174,"ALLIANCE HEALTHCARE SYSTEM, INC",1430 MS HIGHWAY 4 E,HOLLY SPRINGS,MS,38635,hpt-obf:v1:A3rNT2F263hEFhS8.cydxX6ms0ClBKp_8FNGNTg.Mg2HtIc1dRK-lQpDmQQ,Acute Care Hospitals,,no-domain,exa-domain-lookup,no domain in the seed dataset,"ALLIANCE HEALTHCARE SYSTEM, INC hospital HOLLY SPRINGS MS official website",
25039F,81st Medical Group (Keesler AFB),81 MDG 301 Fisher St Suite 109,Biloxi,MS,39534,hpt-obf:v1:9iqwOTIrYxy11pdV.GcslhvipeE9Psrx_IYTWAA.bs3Rs9Hb7jRvF5aA3FA,Acute Care - Department of Defense,,no-domain,exempt-federal,federally owned; outside 45 CFR 180,,
25042F,VA GULF COAST HEALTHCARE SYSTEM,400 VETERANS AVENUE,BILOXI,MS,39531,hpt-obf:v1:Ez1IJveMddjnlfGh.wmlKvFvqLuL_TBkLiRTVgg.zLFW3wPlsxbJSXAzF1Y,Acute Care - Veterans Administration,,no-domain,exempt-federal,federally owned; outside 45 CFR 180,,
25043F,G. V. (SONNY) MONTGOMERY VA MEDICAL CENTER (JACKSON),1500 E. WOODROW WILSON DRIVE,JACKSON,MS,39216,hpt-obf:v1:WzY8jKjsiCIeYtLd.fZld6tRnwvtOskY2R8RHLA.stnKUT3y1QwzwH7KgG0,Acute Care - Veterans Administration,,no-domain,exempt-federal,federally owned; outside 45 CFR 180,,
250780,JEFFERSON COUNTY HOSPITAL,870 S MAIN,FAYETTE,MS,39069,hpt-obf:v1:29jEBfkP9k5ocLcD.NECiduzff4clwB6cwsHSTA.A5JXkH3HZO0wIXpKhVQ,Rural Emergency Hospital,,no-domain,exa-domain-lookup,no domain in the seed dataset,JEFFERSON COUNTY HOSPITAL hospital FAYETTE MS official website,
250781,PANOLA MEDICAL CENTER,303 MEDICAL CENTER DRIVE,BATESVILLE,MS,38606,hpt-obf:v1:wCVl-V4llFWVBLXO.BvIvegZea3mln0y5HtAgAQ.1nReSZJ6qNFdxiI8obU,Rural Emergency Hospital,,no-domain,exa-domain-lookup,no domain in the seed dataset,PANOLA MEDICAL CENTER hospital BATESVILLE MS official website,
250782,GREENE COUNTY HOSPITAL,1017 JACKSON STREET,LEAKESVILLE,MS,39451,hpt-obf:v1:_OBctHyKrpDYeUdk.n0mQGiVPwCNyVBA5BTVTjw.j86VqXkhhFGuXKCumvw,Rural Emergency Hospital,,no-domain,exa-domain-lookup,no domain in the seed dataset,GREENE COUNTY HOSPITAL hospital LEAKESVILLE MS official website,
250784,SHARKEY ISSAQUENA COMMUNITY HOSPITAL,47 SOUTH FOURTH ST,ROLLING FORK,MS,39159,hpt-obf:v1:FHRwb6S81VTJkDzP.MEEpfb7tec3iYdN1bOJ73g.LqNdbWSnd61QDjsWRWs,Rural Emergency Hospital,,no-domain,exa-domain-lookup,no domain in the seed dataset,SHARKEY ISSAQUENA COMMUNITY HOSPITAL hospital ROLLING FORK MS official website,
250785,PROGRESSIVE HEALTH GROUP OF HOUSTON,1002 EAST MADISON STREET,HOUSTON,MS,38851,hpt-obf:v1:ZiJ5Xgz80zlH_eN-.HBjXCSMC5Kqn3OLtOIZZIw.1le-dJW94atdeyEF800,Rural Emergency Hospital,,no-domain,exa-domain-lookup,no domain in the seed dataset,PROGRESSIVE HEALTH GROUP OF HOUSTON hospital HOUSTON MS official website,
250786,SMITH COUNTY  EMERGENCY HOSPITAL,347 MAGNOLIA DRIVE,RALEIGH,MS,39153,hpt-obf:v1:DQzvp1kXkLyHGIkl.ubjixQob8-3adx7nkcHc1Q.ywXrpeZsnTTJY5DuYo8,Rural Emergency Hospital,,no-domain,exa-domain-lookup,no domain in the seed dataset,SMITH COUNTY  EMERGENCY HOSPITAL hospital RALEIGH MS official website,
251308,PONTOTOC HEALTH SERVICE INC CAH,176 SOUTH MAIN STREET,PONTOTOC,MS,38863,hpt-obf:v1:aTCmNOzIFf1uI4a7.eadAI5Ltu5B2SqH8IqIVAA.FA5Gu7l-TQlEwgipE6E,Critical Access Hospitals,,no-domain,exa-domain-lookup,no domain in the seed dataset,PONTOTOC HEALTH SERVICE INC CAH hospital PONTOTOC MS official website,
251316,OCHSNER WATKINS HOSPITAL,605 SOUTH ARCHUSA AVENUE,QUITMAN,MS,39355,hpt-obf:v1:fE1KmHEIYGxpYXl4.Frw060oihitasrWw3AwueA.y7FnxF4s_53PHzGjUt0,Critical Access Hospitals,ochsnerrush.org,ok,name-match-review,pointer file works (26 entries) but none matched this hospital's name,,
251322,OCHSNER LAIRD HOSPITAL,25117 HIGHWAY 15,UNION,MS,39365,hpt-obf:v1:v-bM1tGHNxfHL32Q.vt26w7w4ilx0I9T7H1jfXA.rj7RoFSchW-jKTsfwPI,Critical Access Hospitals,ochsnerrush.org,ok,name-match-review,pointer file works (26 entries) but none matched this hospital's name,,
251323,OCHSNER SCOTT REGIONAL,317 HIGHWAY 13 SOUTH,MORTON,MS,39117,hpt-obf:v1:ToFkdq9dr3DtAmLy.HPv_sX359aJJ4wkUrHgq9A.ceKJQc-nuNlMSQjkAFs,Critical Access Hospitals,ochsnerrush.org,ok,name-match-review,pointer file works (26 entries) but none matched this hospital's name,,
251325,COVINGTON COUNTY HOSPITAL CAH,701 SOUTH HOLLY AVENUE,COLLINS,MS,39428,hpt-obf:v1:_I9iJViIqXpW-Rid.LX8s0I2dTcjkj6nxxmeQ5Q.gp4y3OCe4GB07-2GcII,Critical Access Hospitals,irp.cdn-website.com,blocked,unblocker,"domain returned 403/429; needs the unblocker, not a new domain",,
251333,PEARL RIVER COUNTY HOSPITAL,305 WEST MOODY STREET,POPLARVILLE,MS,39470,hpt-obf:v1:z7kZMVANyGeRFTcy.t6VjNDKsZ9t1iuKjopAKLw.TPUoullcsEb1G9fhyhw,Critical Access Hospitals,,no-domain,exa-domain-lookup,no domain in the seed dataset,PEARL RIVER COUNTY HOSPITAL hospital POPLARVILLE MS official website,
251334,CHOCTAW REGIONAL MEDICAL CENTER,8613 MS HWY 12,ACKERMAN,MS,39735,hpt-obf:v1:hp9Ao0cXiKNCyfyX.NNU9yWjAh8yqM6PIW9TUzQ.UGKRfLs0c3Igw6R3puY,Critical Access Hospitals,choctawregional.com,notfound,exa-domain-lookup,pointer fetch failed (notfound); domain is likely wrong or stale,CHOCTAW REGIONAL MEDICAL CENTER hospital ACKERMAN MS official website,
251335,OCHSNER STENNIS MEMORIAL HOSPITAL,14365 HIGHWAY 16 WEST,DE KALB,MS,39328,hpt-obf:v1:Yn4S5duyS7lFSVsq.pqE1Fvnyl9jr2ZCx35yt-A.NnxpP29lqpqMFCAE1z0,Critical Access Hospitals,ochsnerrush.org,ok,name-match-review,pointer file works (26 entries) but none matched this hospital's name,,
251339,QUITMAN COMMUNITY HOSPITAL,340 GETWELL DRIVE,MARKS,MS,38646,hpt-obf:v1:tYHAGtM1t-7QFD54.QDQrh9B7S3Z4jCo0jdillA.nnoRgdC6yWjeLWPJh-M,Critical Access Hospitals,,no-domain,exa-domain-lookup,no domain in the seed dataset,QUITMAN COMMUNITY HOSPITAL hospital MARKS MS official website,
254005,PARKWOOD BEHAVIORAL HEALTH SYSTEM,8135 GOODMAN ROAD,OLIVE BRANCH,MS,38654,hpt-obf:v1:T1QwTDX9fc6pqXjP.MUGYPssdFD1VUEaVJ7XrYw.NcJG01Q8As1AJOTzgrA,Psychiatric,,no-domain,exa-domain-lookup,no domain in the seed dataset,PARKWOOD BEHAVIORAL HEALTH SYSTEM hospital OLIVE BRANCH MS official website,
254007,BRENTWOOD BEHAVIORAL HEALTHCARE OF MS,3531 EAST LAKELAND DRIVE,FLOWOOD,MS,39232,hpt-obf:v1:FXNgtETgsAm9Dcvz.xMVILYK9LBhweEP5HWPbPQ.Bycu6IrNLTsHG7_D51E,Psychiatric,,no-domain,exa-domain-lookup,no domain in the seed dataset,BRENTWOOD BEHAVIORAL HEALTHCARE OF MS hospital FLOWOOD MS official website,
254008,SOUTH MISSISSIPPI STATE HOSPITAL,823 HIGHWAY 589,PURVIS,MS,39475,hpt-obf:v1:t4W9qzL6eUdwlaG3._oZT78wcMrSB67cA-Px0fw.S9yNqP9IT2ZO8Olj-Bg,Psychiatric,,no-domain,exa-domain-lookup,no domain in the seed dataset,SOUTH MISSISSIPPI STATE HOSPITAL hospital PURVIS MS official website,
254009,NORTH MISSISSIPPI STATE HOSPITAL,1937 BRIAR RIDGE RD,TUPELO,MS,38804,hpt-obf:v1:7o6xHd8KUa_uVj0w.kY6wtvjyKKOHWFr7vWjFxA.s4KgSWUuiYw4MveppFk,Psychiatric,,no-domain,exa-domain-lookup,no domain in the seed dataset,NORTH MISSISSIPPI STATE HOSPITAL hospital TUPELO MS official website,
254010,MS STATE HOSPITAL-WHITFIELD,3550 HIGHWAY 468 WEST,WHITFIELD,MS,39193,hpt-obf:v1:Ssa383QVRwAGW7IZ.7dK6AatjG9Hyvxz4GYlbvA.dH8oJaFNdSHaMR1lnSw,Psychiatric,msh.state.ms.us,neterr,exa-domain-lookup,pointer fetch failed (neterr); domain is likely wrong or stale,MS STATE HOSPITAL-WHITFIELD hospital WHITFIELD MS official website,
254011,GULFPORT BEHAVIORAL HEALTH  SYSTEM,11150 US HIGHWAY 49 NORTH,GPT,MS,39503,hpt-obf:v1:znwEX65hZgZGMk4H.7xTUMEWo-qRzgUmfa2EP4Q.JF8fZ59I2tIQ7Zep-ZA,Psychiatric,,no-domain,exa-domain-lookup,no domain in the seed dataset,GULFPORT BEHAVIORAL HEALTH  SYSTEM hospital GPT MS official website,
260017,PHELPS COUNTY REGIONAL MEDICAL CENTER,1000 W 10TH ST,ROLLA,MO,65401,hpt-obf:v1:e3h4en_51hzsV87T.NLC61by4Kv6e7l-857bdaw.FqYCOAXZ5beQpt8Gytg,Acute Care Hospitals,cdmpricing.com,html,exa-domain-lookup,pointer fetch failed (html); domain is likely wrong or stale,PHELPS COUNTY REGIONAL MEDICAL CENTER hospital ROLLA MO official website,
26002F,General Leonard Wood ACH (FT Leonard Wood),4430 Missouri Ave,Fort Leonard Wood,MO,65473,hpt-obf:v1:vf4tL3Gdy0KWpZkg.nBtjS1rgf-t2_U30rCS-pg.Fay35CRLZhzPjTlgecw,Acute Care - Department of Defense,,no-domain,exempt-federal,federally owned; outside 45 CFR 180,,
26004F,KANSAS CITY VA MEDICAL CENTER,4801 LINWOOD BLVD.,KANSAS CITY,MO,64128,hpt-obf:v1:lzdcVObS9MpP6JWd.aUC3QIC8f5Y2gFgy48r1DQ.vsl_7if-o9Mcm9TeMrY,Acute Care - Veterans Administration,,no-domain,exempt-federal,federally owned; outside 45 CFR 180,,
260057,CAMERON REGIONAL MEDICAL CENTER,1600 E EVERGREEN,CAMERON,MO,64429,hpt-obf:v1:zns7-sUyYyTgBsWb.72PLvLgOCzTIMlm1_tL5yg.MA71SMmJsK4wmcVAv6w,Acute Care Hospitals,,no-domain,exa-domain-lookup,no domain in the seed dataset,CAMERON REGIONAL MEDICAL CENTER hospital CAMERON MO official website,
260070,PEMISCOT COUNTY MEMORIAL HOSPITAL,946 EAST REED,HAYTI,MO,63851,hpt-obf:v1:BGujS-GZvJTpxee3.7GU269da4pHz8rU64cUxaQ.Fa-JGsEIPdAEtzetG5s,Acute Care Hospitals,,no-domain,exa-domain-lookup,no domain in the seed dataset,PEMISCOT COUNTY MEMORIAL HOSPITAL hospital HAYTI MO official website,
26007F,POPLAR BLUFF VA MEDICAL CENTER,1500 N. WESTWOOD BLVD.,POPLAR BLUFF,MO,63901,hpt-obf:v1:04Gd2A1dogSoy4rg.lqOxrt91ZnZSF8uLBKUSUg.kautrywO1KGCvZ2nZOA,Acute Care - Veterans Administration,,no-domain,exempt-federal,federally owned; outside 45 CFR 180,,
26009F,ST LOUIS-JOHN COCHRAN VA MEDICAL CENTER,915 NORTH GRAND,ST. LOUIS,MO,63106,hpt-obf:v1:74QM_O0MdV-aGa7j.TPDK5Deaj49pgPCWARVcaA.t_n9YlztOtJ-dHU5zxE,Acute Care - Veterans Administration,,no-domain,exempt-federal,federally owned; outside 45 CFR 180,,
260110,MERCY HOSPITAL SOUTHEAST,1701 LACEY ST,CAPE GIRARDEAU,MO,63701,hpt-obf:v1:2uIqQfIbC1eIXpQO.HySTdud1gEn_pZ5KgcWG7Q.oWPp2rL07nPic5uE8FQ,Acute Care Hospitals,sehealth.org,ok,name-match-review,pointer file works (73 entries) but none matched this hospital's name,,
260175,GOLDEN VALLEY MEMORIAL HOSPITAL,1600 N 2ND ST,CLINTON,MO,64735,hpt-obf:v1:-30x5PrqQLGsdFvl.UDhl6VZge0olWZ4GGKPJEQ.F-4Q4--37NiKq7k0aMc,Acute Care Hospitals,health-improve.org,html,exa-domain-lookup,pointer fetch failed (html); domain is likely wrong or stale,GOLDEN VALLEY MEMORIAL HOSPITAL hospital CLINTON MO official website,
260179,ST LUKES HOSPITAL,232 S WOODS MILL RD,CHESTERFIELD,MO,63017,hpt-obf:v1:P1o3B6jcjOGT7wEj.LfhZYnmWSfwFf0NUFJVQSQ.nRa_0WtDk12Q7K9CPIg,Acute Care Hospitals,,no-domain,exa-domain-lookup,no domain in the seed dataset,ST LUKES HOSPITAL hospital CHESTERFIELD MO official website,
26023F,COLUMBIA MO VA MEDICAL CENTER,800 HOSPITAL DR,COLUMBIA,MO,65201,hpt-obf:v1:GgKuG1Urf6zhpQWP.TRcU-p0hs_MjvXoEotQasg.SFvGDJSIIm8ndYtsCMg,Acute Care - Veterans Administration,,no-domain,exempt-federal,federally owned; outside 45 CFR 180,,
261301,ELLETT MEMORIAL HOSPITAL,610 N OHIO STREET,APPLETON CITY,MO,64724,hpt-obf:v1:awltjXxbFgTSBrFE.htspenZJvZopwPPGMzBGWA.DFM47vHCqW-hVpp_Nb0,Critical Access Hospitals,,no-domain,exa-domain-lookup,no domain in the seed dataset,ELLETT MEMORIAL HOSPITAL hospital APPLETON CITY MO official website,
261305,PUTNAM COUNTY MEMORIAL HOSPITAL,"1926 OAK STREET,  PO BOX 389",UNIONVILLE,MO,63565,hpt-obf:v1:OMqUygB0MTBXVikl.WVAUJ_HD1Lmn5Uje-auLvQ.6Hsozk20gbFlBp4_fJU,Critical Access Hospitals,pcmhosp.com,failed,exa-domain-lookup,pointer fetch failed (failed); domain is likely wrong or stale,PUTNAM COUNTY MEMORIAL HOSPITAL hospital UNIONVILLE MO official website,
261308,WASHINGTON COUNTY MEMORIAL HOSPITAL,300 HEALTH WAY,POTOSI,MO,63664,hpt-obf:v1:x3TCuGuDzuyOQLbO.LU3OKiLXrlpn9I6AIBFmeQ.CLwiSJQReTyo1a9_uvs,Critical Access Hospitals,,no-domain,exa-domain-lookup,no domain in the seed dataset,WASHINGTON COUNTY MEMORIAL HOSPITAL hospital POTOSI MO official website,
261312,HARRISON COUNTY COMMUNITY HOSPITAL,2600 MILLER STREET,BETHANY,MO,64424,hpt-obf:v1:MvyY74nSg6wE88lx.iZ0dghApiBJMaxsQmgnoJA.EtdswbVod0-8KsjJouo,Critical Access Hospitals,,no-domain,exa-domain-lookup,no domain in the seed dataset,HARRISON COUNTY COMMUNITY HOSPITAL hospital BETHANY MO official website,
261313,MACON COUNTY SAMARITAN MEMORIAL HOSPITAL,1205 NORTH MISSOURI ST,MACON,MO,63552,hpt-obf:v1:-oreh2LTlQ5TaP2D.T0QoC5G99coAGSFHAY3BSg.1nRg6Lwzvc4mDJH6xSg,Critical Access Hospitals,,no-domain,exa-domain-lookup,no domain in the seed dataset,MACON COUNTY SAMARITAN MEMORIAL HOSPITAL hospital MACON MO official website,
261323,CEDAR COUNTY MEMORIAL HOSPITAL,1401 SOUTH PARK STREET,EL DORADO SPRINGS,MO,64744,hpt-obf:v1:m0TreZnNgyT2gSNU.nqhYdEbl7BcPN8QIANqlJg.KM-ThdSDzftujlY8fTE,Critical Access Hospitals,,no-domain,exa-domain-lookup,no domain in the seed dataset,CEDAR COUNTY MEMORIAL HOSPITAL hospital EL DORADO SPRINGS MO official website,
261327,RAY COUNTY MEMORIAL HOSPITAL,904 WOLLARD BOULEVARD,RICHMOND,MO,64085,hpt-obf:v1:CBpfUxeKcf1JLl_7.zw_i27U6KMvVrPI97L0H1w.TfsvVvUOC2Pf5hcThmo,Critical Access Hospitals,,no-domain,exa-domain-lookup,no domain in the seed dataset,RAY COUNTY MEMORIAL HOSPITAL hospital RICHMOND MO official website,
261336,IRON COUNTY MEDICAL CENTER,301 NORTH HIGHWAY 21,PILOT KNOB,MO,63663,hpt-obf:v1:D0ONOCwy7S5G9e8j.TDy6E_T-4PBK88JKtyzDiA.ngJdTS1uYTCj4u9DtSg,Critical Access Hospitals,,no-domain,exa-domain-lookup,no domain in the seed dataset,IRON COUNTY MEDICAL CENTER hospital PILOT KNOB MO official website,
264004,CENTER FOR BEHAVIORAL MEDICINE,600 EAST 5TH STREET,FULTON,MO,65251,hpt-obf:v1:UrtvUzJIGUJvBn2S.-woDPMWY_xgHb2ZdcS_OPA.zJaXS82CYpI0rXOTbD8,Psychiatric,,no-domain,exa-domain-lookup,no domain in the seed dataset,CENTER FOR BEHAVIORAL MEDICINE hospital FULTON MO official website,
264005,SOUTHEAST MISSOURI MENTAL HLTH CTR,1010 WEST COLUMBIA STREET,FARMINGTON,MO,63640,hpt-obf:v1:cm9hDgkC5w1Z-0T2.Cg_K5yk7G3brtEs7PZgFUw.VYlErFeZJNekKZZU7bI,Psychiatric,,no-domain,exa-domain-lookup,no domain in the seed dataset,SOUTHEAST MISSOURI MENTAL HLTH CTR hospital FARMINGTON MO official website,
264007,NORTHWEST MISSOURI PSYCHIATRIC REHAB CTR,3505 FREDERICK AVENUE,SAINT JOSEPH,MO,64502,hpt-obf:v1:TrNHq1Ht4MMS4FoK.qDpRPS0e1cBJk1kXz0JKfQ.FdhYjVIdMKDGnVlscoc,Psychiatric,,no-domain,exa-domain-lookup,no domain in the seed dataset,NORTHWEST MISSOURI PSYCHIATRIC REHAB CTR hospital SAINT JOSEPH MO official website,
264008,CENTER FOR BEHAVIORAL MEDICINE,1000 E 24TH STREET,KANSAS CITY,MO,64108,hpt-obf:v1:ivBAjK9P2wkVgy-1.9CQcoxqpNOr6dQuqIESo1w.6HNhd7kQi3SKnBEr7pQ,Psychiatric,,no-domain,exa-domain-lookup,no domain in the seed dataset,CENTER FOR BEHAVIORAL MEDICINE hospital KANSAS CITY MO official website,
264010,ST LOUIS FORENSIC TREATMENT CENTER,5400 ARSENAL ST,SAINT LOUIS,MO,63139,hpt-obf:v1:YzktC551MZseSQBX.DqNQzAJep2G05B6nDXYp-w.e0j8JBqRi5jZLm8ZTaE,Psychiatric,,no-domain,exa-domain-lookup,no domain in the seed dataset,ST LOUIS FORENSIC TREATMENT CENTER hospital SAINT LOUIS MO official website,
264034,SOUTHEAST BEHAVIORAL HOSPITAL,639 SOUTH SILVER SPRINGS ROAD,CAPE GIRARDEAU,MO,63703,hpt-obf:v1:tJs5LOZfi6i1WgGd.il3KXa0LP-v_1hLt1eNQvA.SLrL-2-FB4HWgnnfpME,Psychiatric,,no-domain,exa-domain-lookup,no domain in the seed dataset,SOUTHEAST BEHAVIORAL HOSPITAL hospital CAPE GIRARDEAU MO official website,
270012,BENEFIS HOSPITALS INC,1101 26TH ST S,GREAT FALLS,MT,59405,hpt-obf:v1:CEA3oZsstm4OAllO.0wcoLtMPce5gmRxgHUAd_g.rntNIzIVGze9J2-47yE,Acute Care Hospitals,benefis.org,ok,name-match-review,pointer file works (7 entries) but none matched this hospital's name,,
27003F,VA MONTANA HEALTHCARE SYSTEM,3687 VETERANS DRIVE,FORT HARRISON,MT,59636,hpt-obf:v1:nFpvSZiXvBvEN66_.aI2MiA3AC17QpPaUY6xENg.LMAsgJ4P3-P8PfEmXD8,Acute Care - Veterans Administration,,no-domain,exempt-federal,federally owned; outside 45 CFR 180,,
270074,P H S INDIAN HOSPITAL AT BROWNING - BLACKFEET,"760 HOSPITAL CIRCLE, POST OFFICE BOX 760",BROWNING,MT,59417,hpt-obf:v1:OcHRd2Pnafn7Mkrs.VtGDOEuoGIw5JOVU_SefDA.OX56vVQuYpyWFiGK-f0,Acute Care Hospitals,,no-domain,exa-domain-lookup,no domain in the seed dataset,P H S INDIAN HOSPITAL AT BROWNING - BLACKFEET hospital BROWNING MT official website,
271300,POPLAR COMMUNITY HOSPITAL,211 H ST E,POPLAR,MT,59255,hpt-obf:v1:MUslVsS3I3NcQy96.-6YVJxR7p_9sq-e3fIu-jA.S7dPGTSM1QF6Gcs1GCI,Critical Access Hospitals,,no-domain,exa-domain-lookup,no domain in the seed dataset,POPLAR COMMUNITY HOSPITAL hospital POPLAR MT official website,
271303,GRANITE COUNTY MEDICAL CENTER,310 SANSOME ST,PHILIPSBURG,MT,59858,hpt-obf:v1:0uV8A7QpwRhCdg5F.EugKc5no-cJH5MwoQzaxbA.bGoPA_nzMWKBqEKM_wY,Critical Access Hospitals,,no-domain,exa-domain-lookup,no domain in the seed dataset,GRANITE COUNTY MEDICAL CENTER hospital PHILIPSBURG MT official website,
271309,PRAIRIE COMMUNITY CAH,312 S ADAMS,TERRY,MT,59349,hpt-obf:v1:ahRYqGMByjFbdIc4.y6KjMHPcJBTtcZFnKLzwNw.sup-xGcM_m7JqHDfiu4,Critical Access Hospitals,,no-domain,exa-domain-lookup,no domain in the seed dataset,PRAIRIE COMMUNITY CAH hospital TERRY MT official website,
271310,GARFIELD COUNTY HEALTH CENTER,332 LEAVITT AVE,JORDAN,MT,59337,hpt-obf:v1:CsFhVKaFxZU3DfN7.g8CO6a--JiBWK8RqzL9_Nw.j6VycbIqi2HMxJixHLc,Critical Access Hospitals,,no-domain,exa-domain-lookup,no domain in the seed dataset,GARFIELD COUNTY HEALTH CENTER hospital JORDAN MT official website,
271315,P H S INDIAN HOSPITAL-FT BELKNAP AT HARLEM - CAH,"456 GROS VENTRE AVE, RR 1",HARLEM,MT,59526,hpt-obf:v1:ZkgFobw8n9TevOXe.onKM4bxc9-YwH401FaurRA.mdAqDqw-kA5Wo1Kuifg,Critical Access Hospitals,,no-domain,exa-domain-lookup,no domain in the seed dataset,P H S INDIAN HOSPITAL-FT BELKNAP AT HARLEM - CAH hospital HARLEM MT official website,
271321,WHEATLAND MEMORIAL HOSPITAL,530 3RD ST NW,HARLOWTON,MT,59036,hpt-obf:v1:16VStAMFnAcP50jU.q53pGA1PKsKNvT1gmtgnZA.wm_TnqZF95wqOy_o3qw,Critical Access Hospitals,,no-domain,exa-domain-lookup,no domain in the seed dataset,WHEATLAND MEMORIAL HOSPITAL hospital HARLOWTON MT official website,
271324,PONDERA MEDICAL CENTER,805 SUNSET BLVD,CONRAD,MT,59425,hpt-obf:v1:3jq7ZgXNWw5hW3Zv.sJdLUx8Mb29o80sPSBKfoQ.YzWCY3A26IvT1ccPV3g,Critical Access Hospitals,logan.org,ok,name-match-review,pointer file works (6 entries) but none matched this hospital's name,,
271329,MADISON VALLEY MEDICAL CENTER,305 N MAIN,ENNIS,MT,59729,hpt-obf:v1:50kP-_xyaPj07AjD.Hi8DlXkCVOYkmbFztd4isA.pqU_RFQjBAN7VdSiEhY,Critical Access Hospitals,mvmedcenter.org,html,exa-domain-lookup,pointer fetch failed (html); domain is likely wrong or stale,MADISON VALLEY MEDICAL CENTER hospital ENNIS MT official website,
271339,P H S INDIAN HOSPITAL CROW / NORTHERN CHEYENNE,"1010 SOUTH 7650 EAST, POST OFFICE BOX 9",CROW AGENCY,MT,59022,hpt-obf:v1:iWQyPn0_Z-rGeZTn.iFJiwzWatXO_j9UPsAJQOA.5z5KF9F4q1WYGdDdl8k,Critical Access Hospitals,,no-domain,exa-domain-lookup,no domain in the seed dataset,P H S INDIAN HOSPITAL CROW / NORTHERN CHEYENNE hospital CROW AGENCY MT official website,
271341,TRINITY HOSPITAL,315 KNAPP ST,WOLF POINT,MT,59201,hpt-obf:v1:dS2pYDErB1Zn3NsA.p37rNrVnGHE3G1GzKaMIMw.1PmrqfEjrFWx12sLPTk,Critical Access Hospitals,,no-domain,exa-domain-lookup,no domain in the seed dataset,TRINITY HOSPITAL hospital WOLF POINT MT official website,
271345,CENTRAL MONTANA MEDICAL CENTER,408 WENDELL AVE,LEWISTOWN,MT,59457,hpt-obf:v1:9hI6D4HMfs2SOKMe.wfDDnnh4DczCrmO9CyhVwA.8VcTFUKbkLg2iSZlK-s,Critical Access Hospitals,,no-domain,exa-domain-lookup,no domain in the seed dataset,CENTRAL MONTANA MEDICAL CENTER hospital LEWISTOWN MT official website,
271348,NORTHERN MONTANA HOSPITAL,30 13TH ST,HAVRE,MT,59501,hpt-obf:v1:6ceM69Lwqvvdw1aB.V0z7ri3ilBY_cWZHJft5fg.bgAERuZHTPJYGCVinUA,Critical Access Hospitals,,no-domain,exa-domain-lookup,no domain in the seed dataset,NORTHERN MONTANA HOSPITAL hospital HAVRE MT official website,
280032,MARY LANNING HEALTHCARE,715 N ST JOSEPH AVE,HASTINGS,NE,68901,hpt-obf:v1:Bl8KZWLBIOoQ-sON.FlryvD2GVwaIKvG6R36xZw.azdv4u9pREVMmT4N9-I,Acute Care Hospitals,,no-domain,exa-domain-lookup,no domain in the seed dataset,MARY LANNING HEALTHCARE hospital HASTINGS NE official website,
280059,TWELVE CLANS UNITY HOSPITAL,225 S BLUFF STREET,WINNEBAGO,NE,68071,hpt-obf:v1:QhmfAGT7Nln4KNq9.CPHaNm32IJWRdzPf_4uWaA.j0Kn_eeKwaZP4LxrewE,Acute Care Hospitals,,no-domain,exa-domain-lookup,no domain in the seed dataset,TWELVE CLANS UNITY HOSPITAL hospital WINNEBAGO NE official website,
28006F,OMAHA VA MEDICAL CENTER (VA NEBRASKA WESTERN IOWA HEALTHCARE SYSTEM),4101 WOOLWORTH AVENUE,OMAHA,NE,68105,hpt-obf:v1:AZM32_7plCGarore.uOYlR_gYlLDqTQOsQLTTGg.c4BZSuDUUDcvGuevwbM,Acute Care - Veterans Administration,,no-domain,exempt-federal,federally owned; outside 45 CFR 180,,
280125,FAITH HEALTH,2700 WEST NORFOLK AVE,NORFOLK,NE,68701,hpt-obf:v1:iq64rDJBmjzzRSl2.QhhsmyMWTWSH-RPoU52aSw.vu6kVaao4-rYgrZHKp8,Acute Care Hospitals,,no-domain,exa-domain-lookup,no domain in the seed dataset,FAITH HEALTH hospital NORFOLK NE official website,
280779,FRIEND COMMUNITY HEALTHCARE SYSTEM,905 SECOND STREET,FRIEND,NE,68359,hpt-obf:v1:4R6JBdJpXTYcai8E.q0IFbOLkg4S5mIlCdHuVeA.PbOJcUv687k4dgJMusQ,Rural Emergency Hospital,,no-domain,exa-domain-lookup,no domain in the seed dataset,FRIEND COMMUNITY HEALTHCARE SYSTEM hospital FRIEND NE official website,
281301,FILLMORE COUNTY HOSPITAL,"P O BOX 193, 1900 F STREET",GENEVA,NE,68361,hpt-obf:v1:A4PEc9Rf26jtuMpl.ysegEqE83MUIWBBDMc1qRA.73NERFA6fwNllns9s_A,Critical Access Hospitals,,no-domain,exa-domain-lookup,no domain in the seed dataset,FILLMORE COUNTY HOSPITAL hospital GENEVA NE official website,
281302,PAWNEE COUNTY MEMORIAL HOSPITAL,600 I STREET,PAWNEE CITY,NE,68420,hpt-obf:v1:-10B8AYENgiVNofw.Z2EIe8roDOw6_t0Xja4cZw.W4pQr5fdrJX0f-noSrw,Critical Access Hospitals,,no-domain,exa-domain-lookup,no domain in the seed dataset,PAWNEE COUNTY MEMORIAL HOSPITAL hospital PAWNEE CITY NE official website,
281308,HENDERSON COMMUNITY HOSPITAL,1621 FRONT STREET,HENDERSON,NE,68371,hpt-obf:v1:kXHC8sARBgHuv36_.NRXgp4tu0ojbKxyKPgKKjQ.icaAF7pI24zNluI2RGM,Critical Access Hospitals,,no-domain,exa-domain-lookup,no domain in the seed dataset,HENDERSON COMMUNITY HOSPITAL hospital HENDERSON NE official website,
281311,FRANKLIN COUNTY MEMORIAL HOSPITAL,1406 Q ST,FRANKLIN,NE,68939,hpt-obf:v1:mHm7_KyLQMyfKodt.rAE_JWTVMhxLgfkW9I-O_A.Gwy7wRa6gjvz9Qn2DQY,Critical Access Hospitals,,no-domain,exa-domain-lookup,no domain in the seed dataset,FRANKLIN COUNTY MEMORIAL HOSPITAL hospital FRANKLIN NE official website,
281314,ANNIE JEFFREY MEMORIAL COUNTY HEALTH CENTER,"P O BOX 428, 531 BEEBE ST",OSCEOLA,NE,68651,hpt-obf:v1:hPz-PBuhVdpA8B4l.Q-jHwJGFGl-KwATddQMd2A.sbwgmou42yDvjGI33Zc,Critical Access Hospitals,ajhc.org,html,exa-domain-lookup,pointer fetch failed (html); domain is likely wrong or stale,ANNIE JEFFREY MEMORIAL COUNTY HEALTH CENTER hospital OSCEOLA NE official website,
281315,BRODSTONE HEALTHCARE,"P O BOX 187, 520 EAST 10TH ST",SUPERIOR,NE,68978,hpt-obf:v1:_9kdybsGMNu-2n2m.ZERyNH8QQ6OFIq2VG3xEIA.Qr0JzErTrJUARaHnJxc,Critical Access Hospitals,,no-domain,exa-domain-lookup,no domain in the seed dataset,BRODSTONE HEALTHCARE hospital SUPERIOR NE official website,
281320,MEMORIAL HOSPITAL,1423 SEVENTH ST,AURORA,NE,68818,hpt-obf:v1:ZhtKXTFGPv15yhuI.Oi-lEtuRf8LDspDFxkL4YA.754vL9HRdUpK8zg04vk,Critical Access Hospitals,upmc.com,ok,name-match-review,pointer file works (39 entries) but none matched this hospital's name,,
281336,YORK GENERAL HEALTH CARE SERVICES,2222 LINCOLN AVE,YORK,NE,68467,hpt-obf:v1:5_ysBjichHwTwC9a.thMpTJHhXwgVjsbfxPyyYw.9mXnVcvnK3QLV6EtE3M,Critical Access Hospitals,,no-domain,exa-domain-lookup,no domain in the seed dataset,YORK GENERAL HEALTH CARE SERVICES hospital YORK NE official website,
281338,HOWARD COUNTY MEDICAL CENTER,"P O BOX 406, 1113 SHERMAN ST",ST PAUL,NE,68873,hpt-obf:v1:u8OUyuOmaa2GHaHy.TFGVtqz4wdqa8aFcG4Ed9A.ZO4wvm3rF8_28bCEXcM,Critical Access Hospitals,search.hospitalpriceindex.com,html,exa-domain-lookup,pointer fetch failed (html); domain is likely wrong or stale,HOWARD COUNTY MEDICAL CENTER hospital ST PAUL NE official website,
281339,MEMORIAL HEALTH CARE SYSTEMS,300 NORTH COLUMBIA AVE,SEWARD,NE,68434,hpt-obf:v1:gmuiYc6N_PLPRPDD.TJ8HDih_GW25AD9haiupJg.z607l7fL3fjDmVnTGGw,Critical Access Hospitals,,no-domain,exa-domain-lookup,no domain in the seed dataset,MEMORIAL HEALTH CARE SYSTEMS hospital SEWARD NE official website,
281341,CHADRON HOSPITAL,825 CENTENNIAL DRIVE,CHADRON,NE,69337,hpt-obf:v1:iRT4SHmx6hV42V9w.4x-KUvE4UgJsa9EWc6UV4w.7o6OC2RZV2SY_dUYTXs,Critical Access Hospitals,,no-domain,exa-domain-lookup,no domain in the seed dataset,CHADRON HOSPITAL hospital CHADRON NE official website,
281348,TRI VALLEY HEALTH SYSTEM,1305 WEST HIGHWAY 6/34,CAMBRIDGE,NE,69022,hpt-obf:v1:V20qoML2bdUrmEkQ.xIRXBJ11ohICmsuMKZwHaQ.2c8lIXuilEvcWidViEo,Critical Access Hospitals,,no-domain,exa-domain-lookup,no domain in the seed dataset,TRI VALLEY HEALTH SYSTEM hospital CAMBRIDGE NE official website,
281351,CHASE COUNTY COMMUNITY HOSPITAL,"P O BOX 819, 600 W 12TH ST",IMPERIAL,NE,69033,hpt-obf:v1:318BRu5BhzCoEPxa.e90TXD-P9iiEXRpQxhtg9g.QXRptUxRl5YJDmz5XRU,Critical Access Hospitals,,no-domain,exa-domain-lookup,no domain in the seed dataset,CHASE COUNTY COMMUNITY HOSPITAL hospital IMPERIAL NE official website,
281352,"COMMUNITY MEDICAL CENTER, INC","P O BOX 399, 3307 BILL SCHOCK BOULEVARD",FALLS CITY,NE,68355,hpt-obf:v1:8DjSo6lBkIEhNjfL.Z0H9mFjEkobgCSeTuSkMnw.sN88kBpfpcdL3NpAfeg,Critical Access Hospitals,hospitalcharges.cmcfc.org,neterr,exa-domain-lookup,pointer fetch failed (neterr); domain is likely wrong or stale,"COMMUNITY MEDICAL CENTER, INC hospital FALLS CITY NE official website",
281353,VALLEY COUNTY HEALTH SYSTEM,2707 L STREET,ORD,NE,68862,hpt-obf:v1:r_C7FKn_khhMT2Q1.A2TNAwvUmjsUWr-EmnOKcw.YhIP1JkgwABczNAgKdk,Critical Access Hospitals,shop.valleycountyhealthsystem.org,neterr,exa-domain-lookup,pointer fetch failed (neterr); domain is likely wrong or stale,VALLEY COUNTY HEALTH SYSTEM hospital ORD NE official website,
281355,OGALLALA COMMUNITY HOSPITAL,2601 NORTH SPRUCE ST,OGALLALA,NE,69153,hpt-obf:v1:fXdO8ZenhFitcwbj.ThIlNzP3SyXcaSuglNIWvQ.DJBLzD181zRwj9LapA8,Critical Access Hospitals,bannerhealth.com,blocked,unblocker,"domain returned 403/429; needs the unblocker, not a new domain",,
281359,MEMORIAL COMMUNITY HOSPITAL & HEALTH SYSTEM,810 NORTH 22ND ST,BLAIR,NE,68008,hpt-obf:v1:dF_zr2Y0iMI9MCBP.ZJYN-xT92CmJhuAy7z6bXA.-Y0y6gSF_c3x8j69kDo,Critical Access Hospitals,,no-domain,exa-domain-lookup,no domain in the seed dataset,MEMORIAL COMMUNITY HOSPITAL & HEALTH SYSTEM hospital BLAIR NE official website,
284003,LINCOLN REGIONAL CENTER,801 W PROSPECTOR PLACE,LINCOLN,NE,68522,hpt-obf:v1:JHL4beXx3fOls_NM.faUnK5fuBcJdqWhLwsqdJw.-CMvAGz1sHOWNih9BV8,Psychiatric,,no-domain,exa-domain-lookup,no domain in the seed dataset,LINCOLN REGIONAL CENTER hospital LINCOLN NE official website,
290001,RENOWN REGIONAL MEDICAL CENTER,1155 MILL STREET,RENO,NV,89502,hpt-obf:v1:lXObG5ejxgbeWF-L.Tk5Adyi4W7ZxzZKydoKg2w.svrkry7PAxE2QzbHJoU,Acute Care Hospitals,renown.org,blocked,unblocker,"domain returned 403/429; needs the unblocker, not a new domain",,
290019,CARSON TAHOE REGIONAL MEDICAL CENTER,1600 MEDICAL PARKWAY,CARSON CITY,NV,89703,hpt-obf:v1:-xHnLjef2Wcm6mrw.mSaalQcKQLHxnOkNPZ8ChA.V307WA6-u55z71PoHIA,Acute Care Hospitals,carsontahoe.com,blocked,unblocker,"domain returned 403/429; needs the unblocker, not a new domain",,
29001F,99th Medical Group (Nellis AFB),99 MDG 4700 Las Vegas Blvd,Nellis AFB,NV,89191,hpt-obf:v1:S9MM6ObfWOTM-HgW.Je0Jzv0oBoe6jnVnAlomnQ.C17jVs0NCtC2_634xgA,Acute Care - Department of Defense,,no-domain,exempt-federal,federally owned; outside 45 CFR 180,,
29002F,VA SIERRA NEVADA HEALTHCARE SYSTEM,975 KIRMAN AVENUE,RENO,NV,89502,hpt-obf:v1:covobwQDKZ4-YgDl.TlVPyd18insxkpVG9PyTcQ.JXchUw2FOO-QYMa-rxU,Acute Care - Veterans Administration,,no-domain,exempt-federal,federally owned; outside 45 CFR 180,,
290032,NORTHERN NEVADA MEDICAL CENTER,2375 E PRATER WAY,SPARKS,NV,89434,hpt-obf:v1:MHBmNX_t8WP38dUH.QsQDT2c8vr2zbyas1asQjQ.m817msloQLzXtCiYFEg,Acute Care Hospitals,,no-domain,exa-domain-lookup,no domain in the seed dataset,NORTHERN NEVADA MEDICAL CENTER hospital SPARKS NV official website,
290042,HARMON HOSPITAL,2170 EAST HARMON AVENUE,LAS VEGAS,NV,89119,hpt-obf:v1:RAIan8i0pWxetbvl.7YMZKQ79hJbMn-t0E5_MKg.A0rZ8w8VR_OioBpP0XY,Acute Care Hospitals,,no-domain,exa-domain-lookup,no domain in the seed dataset,HARMON HOSPITAL hospital LAS VEGAS NV official website,
290046,SPRING VALLEY HOSPITAL MEDICAL CENTER,5400 SOUTH RAINBOW BLVD,LAS VEGAS,NV,89118,hpt-obf:v1:UM6U6KyPTvdC3LEc.Kjp_phcbp0NSZ4lIIX8Mpw.IL5QTs6TMlRs90jKRag,Acute Care Hospitals,springvalleyhospital.com,blocked,unblocker,"domain returned 403/429; needs the unblocker, not a new domain",,
290049,RENOWN SOUTH MEADOWS MEDICAL CENTER,10101 DOUBLE R BLVD,RENO,NV,89521,hpt-obf:v1:1NAP3-qj18xLT6kn.-xphtFC1nbd19Y2NqSCYQg.oG7xqVUhqDOS-suWTO0,Acute Care Hospitals,renown.org,blocked,unblocker,"domain returned 403/429; needs the unblocker, not a new domain",,
29004F,VA SOUTHERN NEVADA HEALTHCARE SYSTEM,6900 NORTH PECOS ROAD,N. LAS VEGAS,NV,89086,hpt-obf:v1:YL7hxZ0dVjF07Lrm.88NJLWqTa_DR-NtClpmr0Q.UkIglOuGmyilmZNzRss,Acute Care - Veterans Administration,,no-domain,exempt-federal,federally owned; outside 45 CFR 180,,
290054,CENTENNIAL HILLS HOSPITAL MEDICAL CENTER,6900 N DURANGO DR,LAS VEGAS,NV,89149,hpt-obf:v1:BrcWMSh28Jexu6_E.SB4EG2_TT6pm9db6LqPckg.D5v03bAq7pYRcaLwd7I,Acute Care Hospitals,,no-domain,exa-domain-lookup,no domain in the seed dataset,CENTENNIAL HILLS HOSPITAL MEDICAL CENTER hospital LAS VEGAS NV official website,
290062,WEST HENDERSON HOSPITAL,1155 RAIDERS WAY,HENDERSON,NV,89052,hpt-obf:v1:3dWgYHwpf4-pUZXX.JIgoKMdsJjvdwqRkekRwrA.IvbhYM3T2yzuxQkt-gc,Acute Care Hospitals,,no-domain,exa-domain-lookup,no domain in the seed dataset,WEST HENDERSON HOSPITAL hospital HENDERSON NV official website,
291301,INCLINE VILLAGE COMMUNITY HOSPITAL,880 ALDER STREET,INCLINE VILLAGE,NV,89451,hpt-obf:v1:RUL8B49aJxtp5-ie.kjASz0KMyOK-QrLs27DUeQ.2LdKyO31Dp2vf2jnB2Y,Critical Access Hospitals,,no-domain,exa-domain-lookup,no domain in the seed dataset,INCLINE VILLAGE COMMUNITY HOSPITAL hospital INCLINE VILLAGE NV official website,
291302,WILLIAM BEE RIRIE HOSPITAL,1500 AVENUE H,ELY,NV,89301,hpt-obf:v1:haNfAVrl-WsS6B_l.z_pT9WM3-_Zp9a0IB_jF5A.IiAA8p9HPincET6jffc,Critical Access Hospitals,,no-domain,exa-domain-lookup,no domain in the seed dataset,WILLIAM BEE RIRIE HOSPITAL hospital ELY NV official website,
291311,DESERT VIEW HOSPITAL,360 SOUTH LOLA LANE,PAHRUMP,NV,89048,hpt-obf:v1:U9HwDV7HQxftJIUa.xYtN4upG-rp93Il4Os6Y6Q.U0hJeF2KSmGmVPSkJiQ,Critical Access Hospitals,,no-domain,exa-domain-lookup,no domain in the seed dataset,DESERT VIEW HOSPITAL hospital PAHRUMP NV official website,
291312,GROVER C DILS MEDICAL CENTER,"700 N SPRING ST, BOX 1010-C-ADM BLDG",CALIENTE,NV,89008,hpt-obf:v1:F4gLVruzo_STCC0D.GBcq3AINdgkO5kqcM88gnw.UFD90ffLAhR7aYkxNBo,Critical Access Hospitals,,no-domain,exa-domain-lookup,no domain in the seed dataset,GROVER C DILS MEDICAL CENTER hospital CALIENTE NV official website,
291313,BANNER CHURCHILL COMMUNITY HOSPITAL,801 EAST WILLIAMS AVENUE,FALLON,NV,89406,hpt-obf:v1:4ghwNNQRiumbAh7X.XpNX-9hDZrJh4YO6VH3oaQ.IMBMB1lGfN3oikTnqeI,Critical Access Hospitals,bannerhealth.com,blocked,unblocker,"domain returned 403/429; needs the unblocker, not a new domain",,
294000,DINI-TOWNSEND HOSPITAL AT NNMH,480 GALLETTI WAY,SPARKS,NV,89431,hpt-obf:v1:_jaxyC76bN_OELkJ.u5iIk-WdnDz442m8zj-Emw.8oUAcU1lFCiegdQdHxE,Psychiatric,,no-domain,exa-domain-lookup,no domain in the seed dataset,DINI-TOWNSEND HOSPITAL AT NNMH hospital SPARKS NV official website,
294002,SOUTHERN NEVADA ADULT MENTAL HEALTH SERVICES,1650 COMMUNITY COLLEGE DR,LAS VEGAS,NV,89146,hpt-obf:v1:zm6YsKzs2AWtBhQI.rCsRajhbLnU53Xo9mNfnaw.9AmGtu38_8zWGLxdty4,Psychiatric,,no-domain,exa-domain-lookup,no domain in the seed dataset,SOUTHERN NEVADA ADULT MENTAL HEALTH SERVICES hospital LAS VEGAS NV official website,
294010,SPRING MOUNTAIN SAHARA,5460 WEST SAHARA,LAS VEGAS,NV,89146,hpt-obf:v1:FXuUVZTKcfVJ8aln.enqRrWk-uVOPOLQku80PeQ.6fhaCLvjAz-ixn0Gzz4,Psychiatric,,no-domain,exa-domain-lookup,no domain in the seed dataset,SPRING MOUNTAIN SAHARA hospital LAS VEGAS NV official website,
294011,SPRING MOUNTAIN TREATMENT CENTER,7000 WEST SPRING MOUNTAIN ROAD,LAS VEGAS,NV,89117,hpt-obf:v1:tXu3675MCwdu6lTZ.Omvm9_xAncytG8Cw-eq7TA.WocroQdZVXEX1Rb0IcM,Psychiatric,,no-domain,exa-domain-lookup,no domain in the seed dataset,SPRING MOUNTAIN TREATMENT CENTER hospital LAS VEGAS NV official website,
294012,SEVEN HILLS HOSPITAL,3021 W HORIZON RIDGE PKWY,HENDERSON,NV,89052,hpt-obf:v1:iAo7VircSRN1f4NB.19eprzo1QRncyVOO3oRYoA.uuE8gAoAhA4nCHj6y5A,Psychiatric,,no-domain,exa-domain-lookup,no domain in the seed dataset,SEVEN HILLS HOSPITAL hospital HENDERSON NV official website,
294015,"RENO BEHAVIORAL HEALTHCARE HOSPITAL, LLC",6940 SIERRA CENTER PKWY,RENO,NV,89511,hpt-obf:v1:tO2JPNUZTXjbero2.24HkFhF3gk3izCYtRlUNkQ.DI3kFDnLWOCyz1PZnUU,Psychiatric,renobehavioral.com,ok,name-match-review,pointer file works (10 entries) but none matched this hospital's name,,
294016,"THRIVE BEHAVIORAL HOSPITAL, LLC",5900 W ROCHELLE AVE,LAS VEGAS,NV,89103,hpt-obf:v1:95IXsWMuLyPyVl4s.YLZQVOWRwxxBb8afPavpMQ.Rdq3SLr37mlZKrQEBw0,Psychiatric,,no-domain,exa-domain-lookup,no domain in the seed dataset,"THRIVE BEHAVIORAL HOSPITAL, LLC hospital LAS VEGAS NV official website",
300003,MARY HITCHCOCK MEMORIAL HOSPITAL,1 MEDICAL CENTER DRIVE,LEBANON,NH,03756,hpt-obf:v1:LKdifjjTlPmt7U-9.iGA-xTgz_0mEYloElx34zw.U6c-tDWkwHtyUSlDfz4,Acute Care Hospitals,dartmouth-hitchcock.org,neterr,exa-domain-lookup,pointer fetch failed (neterr); domain is likely wrong or stale,MARY HITCHCOCK MEMORIAL HOSPITAL hospital LEBANON NH official website,
300019,CHESHIRE MEDICAL CENTER,580 COURT STREET,KEENE,NH,03431,hpt-obf:v1:xMPfP6LEUvVPfiyx.cwtN11jdLGbLa-KLA-so4A.-4OrPyalmZBs8L8a6aU,Acute Care Hospitals,cheshiremed.org,neterr,exa-domain-lookup,pointer fetch failed (neterr); domain is likely wrong or stale,CHESHIRE MEDICAL CENTER hospital KEENE NH official website,
300023,EXETER HOSPITAL INC,5 ALUMNI DRIVE,EXETER,NH,03833,hpt-obf:v1:GQMJ3DuNLVYytRTY.kh_uektq0Qi_jyedf3IVRw.y8hGtCyEzBVkaokVe1A,Acute Care Hospitals,exeterhospital.com,neterr,exa-domain-lookup,pointer fetch failed (neterr); domain is likely wrong or stale,EXETER HOSPITAL INC hospital EXETER NH official website,
301301,COTTAGE HOSPITAL,90 SWIFTWATER RD,WOODSVILLE,NH,03785,hpt-obf:v1:2pOc5JCTy7hEQUJz.Hp9qpMiBYFh7e-vydCPrAA.WfJgxtiRY_0nv0sGONY,Critical Access Hospitals,cottagehospital.org,blocked,unblocker,"domain returned 403/429; needs the unblocker, not a new domain",,
301303,WEEKS MEDICAL CENTER,173 MIDDLE STREET,LANCASTER,NH,03584,hpt-obf:v1:0Z9VQY7npsr_Ysqv.s7w3PmnPWEhKyH1_ZGtFug.ELd5ung9rAy9tewkRZ0,Critical Access Hospitals,,no-domain,exa-domain-lookup,no domain in the seed dataset,WEEKS MEDICAL CENTER hospital LANCASTER NH official website,
301304,NEW LONDON HOSPITAL,273 COUNTY ROAD,NEW LONDON,NH,03257,hpt-obf:v1:pv7nQ0UBLsbLFoxm.2KzmVjh3vFVu1kKFZPw7WA.z0ql5VCU7GngTdKYS8c,Critical Access Hospitals,,no-domain,exa-domain-lookup,no domain in the seed dataset,NEW LONDON HOSPITAL hospital NEW LONDON NH official website,
301305,ALICE PECK DAY MEMORIAL HOSPITAL,10 ALICE PECK DAY DRIVE,LEBANON,NH,03766,hpt-obf:v1:vb3r-md4hBkIIJpF.Z0a3mUSfC9qUGtEzIs62Yw.-jLl2r-EJX7sqCf9x-o,Critical Access Hospitals,alicepeckday.org,neterr,exa-domain-lookup,pointer fetch failed (neterr); domain is likely wrong or stale,ALICE PECK DAY MEMORIAL HOSPITAL hospital LEBANON NH official website,
301308,VALLEY REGIONAL HOSPITAL,243 ELM STREET,CLAREMONT,NH,03743,hpt-obf:v1:LetXdRpcTmmt6itA.YGDLImpEfBeIVig2YbTwaw.gY_j5SWTwpnDkEefSNo,Critical Access Hospitals,vrh.org,neterr,exa-domain-lookup,pointer fetch failed (neterr); domain is likely wrong or stale,VALLEY REGIONAL HOSPITAL hospital CLAREMONT NH official website,
304000,NEW HAMPSHIRE HOSPITAL,36 CLINTON STREET,CONCORD,NH,03301,hpt-obf:v1:231yC4OemEvumfIP.dOpl65vJsPZcXU-JWq0zDA.pzY4jzjOr-NUTDRyl1k,Psychiatric,,no-domain,exa-domain-lookup,no domain in the seed dataset,NEW HAMPSHIRE HOSPITAL hospital CONCORD NH official website,
310010,UNIVERSITY MEDICAL CENTER OF PRINCETON AT PLAINSBORO,ONE-FIVE PLAINSBORO ROAD,PLAINSBORO,NJ,08536,hpt-obf:v1:8bpZhJOoVlP2u7sT.Mz7Jr_eYpbupW_deAisQ0Q._XhgMPQsfKaMi83PjWQ,Acute Care Hospitals,,no-domain,exa-domain-lookup,no domain in the seed dataset,UNIVERSITY MEDICAL CENTER OF PRINCETON AT PLAINSBORO hospital PLAINSBORO NJ official website,
310011,CAPE REGIONAL MEDICAL CENTER INC,TWO STONE HARBOR BLVD,CAPE MAY COURT HOUSE,NJ,08210,hpt-obf:v1:Oqv4ciF4rCC9Ei5D.D6NbRFXNLbwsNXQtlWxTFw.vUjI-kb3bZTDm4hC3hI,Acute Care Hospitals,caperegional.com,neterr,exa-domain-lookup,pointer fetch failed (neterr); domain is likely wrong or stale,CAPE REGIONAL MEDICAL CENTER INC hospital CAPE MAY COURT HOUSE NJ official website,
310012,VALLEY HOSPITAL,4 VALLEY HEALTH PLAZA,PARAMUS,NJ,07652,hpt-obf:v1:MxdoNBXq5Mq_5_tg.dCZrypZ7oWuO8o6VjlJlMQ.6Rebwmjdd0X6mdlKvKg,Acute Care Hospitals,,no-domain,exa-domain-lookup,no domain in the seed dataset,VALLEY HOSPITAL hospital PARAMUS NJ official website,
310016,HEIGHTS UNIVERSITY HOSPITAL,176 PALISADE AVE,JERSEY CITY,NJ,07306,hpt-obf:v1:Edr5qMdPt2ibPAdi.z0IBtrHq22OZC1HPcrOFtg.1am8SoRbPKU_9KKNjrY,Acute Care Hospitals,carepointhealth.org,ok,name-match-review,pointer file works (3 entries) but none matched this hospital's name,,
31001F,VA NEW JERSEY HEALTH CARE SYSTEM,385 TREMONT AVENUE,EAST ORANGE,NJ,07018,hpt-obf:v1:U_Zjr_BUq1QHEBxS.rkJ9CYQi_vDbhS7IP7YL9Q.8MfRStq2tvXHtGAFv28,Acute Care - Veterans Administration,,no-domain,exempt-federal,federally owned; outside 45 CFR 180,,
310022,WEST JERSEY HOSPITAL,100 BOWMAN DRIVE,VOORHEES,NJ,08043,hpt-obf:v1:KGCppLwpf_-7Lhjf.p8nPk00AQe5EHCGXrbHERw.Zp58yd3ejr7GtlDIxFE,Acute Care Hospitals,virtua.org,ok,name-match-review,pointer file works (5 entries) but none matched this hospital's name,,
310025,CAREPOINT HEALTH - BAYONNE MEDICAL CENTER,29 EAST 29TH ST,BAYONNE,NJ,07002,hpt-obf:v1:sXPDcbgtoWk6prua.sXBBrMZz55ePQLecjUVIQw.pjIoN2HoM1cNIQSa58w,Acute Care Hospitals,carepointhealth.org,ok,name-match-review,pointer file works (3 entries) but none matched this hospital's name,,
310054,HACKENSACK MERIDIAN MOUNTAINSIDE MEDICAL,1 BAY AVENUE,MONTCLAIR,NJ,07042,hpt-obf:v1:NpbJblNoBIQmirjv.RybRjXe5Kj8zyZmnKxhwWA.N_4R7KyTONXfW4NfbJE,Acute Care Hospitals,,no-domain,exa-domain-lookup,no domain in the seed dataset,HACKENSACK MERIDIAN MOUNTAINSIDE MEDICAL hospital MONTCLAIR NJ official website,
310058,BERGEN NEW BRIDGE MEDICAL CENTER,230 EAST RIDGEWOOD AVE,PARAMUS,NJ,07652,hpt-obf:v1:YMaRXSesOKaK39hz.3WH5pB1joVwlyYZK2G8tAw.eXnVhrbKXyzVxqSeLcM,Acute Care Hospitals,,no-domain,exa-domain-lookup,no domain in the seed dataset,BERGEN NEW BRIDGE MEDICAL CENTER hospital PARAMUS NJ official website,
310064,ATLANTICARE REGIONAL MEDICAL CENTER - CITY CAMPUS,1925 PACIFIC AVENUE,ATLANTIC CITY,NJ,08401,hpt-obf:v1:HCfvhwWQgU7b436V.qQ9Nh44rAW0ujWGwU9tMRg.UkLk4MwqE2P7Sd75LBY,Acute Care Hospitals,atlanticare.org,ok,name-match-review,pointer file works (2 entries) but none matched this hospital's name,,
310083,CAREWELL HEALTH MEDICAL CENTER,300 CENTRAL AVE,EAST ORANGE,NJ,07018,hpt-obf:v1:ty3RJYv8S9QXGKN_.0kEvcsTANtdcIcI7cZhUsw.LDbccLvYBTADzOiWpMw,Acute Care Hospitals,carewellhealth.org,notfound,exa-domain-lookup,pointer fetch failed (notfound); domain is likely wrong or stale,CAREWELL HEALTH MEDICAL CENTER hospital EAST ORANGE NJ official website,
310115,AHS HOSPITAL CORP,651 WILLOW GROVE ST,HACKETTSTOWN,NJ,07840,hpt-obf:v1:K4Z1iwEcxUL2HZEb.WTnysqjRW6wZplffDcdh9w.Z_h_tdWbjsh-i-aH4q0,Acute Care Hospitals,atlantichealth.org,ok,name-match-review,pointer file works (6 entries) but none matched this hospital's name,,
310118,HUDSON REGIONAL HOSPITAL,55 MEADOWLANDS PKWY,SECAUCUS,NJ,07094,hpt-obf:v1:tbNvT7DiRtFV6pjb.XXkYkZK9Xq_758jTzWvBCw.Kc0vHW6lZncLmpXHd68,Acute Care Hospitals,hudsonregionalhospital.com,ok,name-match-review,pointer file works (3 entries) but none matched this hospital's name,,
310130,HACKENSACK MERIDIAN HEALTH PASCACK VALLEY MEDICAL,250 OLD HOOK ROAD,WESTWOOD,NJ,07675,hpt-obf:v1:BQsgql-AqWCrJTqr.BviAlMVVrjqw0rAf_PbDag.iYWqDmGwbvTAtVmEWwg,Acute Care Hospitals,,no-domain,exa-domain-lookup,no domain in the seed dataset,HACKENSACK MERIDIAN HEALTH PASCACK VALLEY MEDICAL hospital WESTWOOD NJ official website,
313302,WEISMAN CHILDRENS REHABILITATION HOSPITAL,"92 BRICK ROAD, 3RD FLOOR",MARLTON,NJ,08053,hpt-obf:v1:q0QHBIhNAfcscYvp.6V-BEYHnjrpgIauAUwdmvg.WaoYKpI6ztSmwD6G4ig,Childrens,weismanchildrens.com,blocked,unblocker,"domain returned 403/429; needs the unblocker, not a new domain",,
314001,SUMMIT OAKS HOSPITAL,19 PROSPECT ST,SUMMIT,NJ,07901,hpt-obf:v1:Xqau3FkN_s_t7QC-.QJoR9Ln48SIxp9I9MkMcEQ.hCf2hSTT_N5gAVViQvA,Psychiatric,,no-domain,exa-domain-lookup,no domain in the seed dataset,SUMMIT OAKS HOSPITAL hospital SUMMIT NJ official website,
314005,ANCORA PSYCH HOSP,ANCORA BRANCH,HAMMONTON,NJ,08037,hpt-obf:v1:e1rZUn14OWWYmId4.sfxhUWPt-D7ELPx1IO7uGA.0vjK4lUrcNlMv4g_f1g,Psychiatric,,no-domain,exa-domain-lookup,no domain in the seed dataset,ANCORA PSYCH HOSP hospital HAMMONTON NJ official website,
314013,TRENTON PSYCHIATRIC HOSP,STATION A,TRENTON,NJ,08625,hpt-obf:v1:8VORy0utM7MW_Vju.nLLFoQZTZ1jLs1pK_wanSg.1inWT4JX1viTEp3nMPQ,Psychiatric,,no-domain,exa-domain-lookup,no domain in the seed dataset,TRENTON PSYCHIATRIC HOSP hospital TRENTON NJ official website,
314016,GREYSTONE PARK PSYCHIATRIC HOSPITAL,59 KOCH AVENUE,MORRIS PLAINS,NJ,07950,hpt-obf:v1:A1Q9_ryVp4733rwQ.85A2jgVRVd0gAoFtPs6mxA.91ZHB9VpH5GvaFCFuto,Psychiatric,,no-domain,exa-domain-lookup,no domain in the seed dataset,GREYSTONE PARK PSYCHIATRIC HOSPITAL hospital MORRIS PLAINS NJ official website,
314018,NORTHBROOK BEHAVIORAL HEALTH HOSPITAL,425  WOODBURY TURNERSVILLE ROAD,BLACKWOOD,NJ,08012,hpt-obf:v1:4C75_A6RQJMTp6ru.yybNr8R65Ro1QTZPRzJirw.bxTQhSlDqzeeSr13vTY,Psychiatric,,no-domain,exa-domain-lookup,no domain in the seed dataset,NORTHBROOK BEHAVIORAL HEALTH HOSPITAL hospital BLACKWOOD NJ official website,
314020,ESSEX COUNTY HOSPITAL CENTER,204 GROVE AVENUE,CEDAR GROVE,NJ,07009,hpt-obf:v1:97BX6d8iSf-_0WIk.u4acCT3dQEm4cC-641VmZg.ivSMCqva3IMwQEBnpVc,Psychiatric,,no-domain,exa-domain-lookup,no domain in the seed dataset,ESSEX COUNTY HOSPITAL CENTER hospital CEDAR GROVE NJ official website,
314023,ASPEN HILLS HEALTHCARE CENTER,600 PEMBERTON-BROWNS MILLS ROAD,PEMBERTON,NJ,08068,hpt-obf:v1:IaX4z-JpKHcuV7Wb.R3xiDyUv3F2sTZawo5-oNQ.mC-UjBfy3bY_gjX61n0,Psychiatric,,no-domain,exa-domain-lookup,no domain in the seed dataset,ASPEN HILLS HEALTHCARE CENTER hospital PEMBERTON NJ official website,
314024,HUDSON COUNTY MEADOWVIEW PSYCHIATRIC H,595 COUNTY AVENUE,SECAUCUS,NJ,07094,hpt-obf:v1:TH9A3WGLuc3IGkcz.MZX7OgaKquJdA6pK_w9AzA.R63sf2YiWQYjIr-H-70,Psychiatric,,no-domain,exa-domain-lookup,no domain in the seed dataset,HUDSON COUNTY MEADOWVIEW PSYCHIATRIC H hospital SECAUCUS NJ official website,
314027,MOUNTAINVIEW BEHAVIORAL HOSPITAL,40 WATCHUNG WAY,BERKELEY HEIGHTS,NJ,07922,hpt-obf:v1:XzvpMF7oGb-yuorW.QbaoBBVYyTQW4t6BfgoNuA.E0McG9BpnWCA4OtfW2o,Psychiatric,,no-domain,exa-domain-lookup,no domain in the seed dataset,MOUNTAINVIEW BEHAVIORAL HOSPITAL hospital BERKELEY HEIGHTS NJ official website,
320001,UNM HOSPITAL,2211 LOMAS BOULEVARD NE,ALBUQUERQUE,NM,87106,hpt-obf:v1:bDmTnJPeizEXNK5e.VAFCAl3we3U4_0WhaRgdSQ.1oR5O8gnSq0Tl7NiJ1c,Acute Care Hospitals,unmhealth.org,ok,name-match-review,pointer file works (2 entries) but none matched this hospital's name,,
320004,CHRISTUS SOUTHERN NEW MEXICO,2669 SCENIC DRIVE,ALAMOGORDO,NM,88310,hpt-obf:v1:JPMaG43egnVFTKS8.q7NUFK9ZZA_n7RKx0dFViA.DMdwwJpeJz0EgmYNH1U,Acute Care Hospitals,,no-domain,exa-domain-lookup,no domain in the seed dataset,CHRISTUS SOUTHERN NEW MEXICO hospital ALAMOGORDO NM official website,
320057,SANTA FE PHS INDIAN HOSPITAL,1700 CERRILLOS ROAD,SANTA FE,NM,87501,hpt-obf:v1:w4LW5ChZSec8drwc.ATL2MAgpl1gvof1PiS_86w.F1Xz8WnxAcGvEkYuWog,Acute Care Hospitals,,no-domain,exa-domain-lookup,no domain in the seed dataset,SANTA FE PHS INDIAN HOSPITAL hospital SANTA FE NM official website,
320059,NORTHERN NAVAJO MEDICAL CENTER,US HWY 491 NORTH,SHIPROCK,NM,87420,hpt-obf:v1:ORb1vdj_fU11NXTQ.RRZeGzOuMu3960sWrZq2-A.64gmE_LRNZ17InPzye8,Acute Care Hospitals,,no-domain,exa-domain-lookup,no domain in the seed dataset,NORTHERN NAVAJO MEDICAL CENTER hospital SHIPROCK NM official website,
32005F,VA NEW MEXICO HEALTHCARE SYSTEM,1501 SAN PEDRO DRIVE SE,ALBUQUERQUE,NM,87108,hpt-obf:v1:AbFqZKBJPMmQSzZM.nYqmWgK2LPXV94PNL8HlyQ.9vx3je5oftH-_u4IGvM,Acute Care - Veterans Administration,,no-domain,exempt-federal,federally owned; outside 45 CFR 180,,
320060,ZUNI COMPREHENSIVE COMMUNITY HEALTH CENTER,ROUTE 301 NORTH B STREET,ZUNI,NM,87327,hpt-obf:v1:yjLbM1ani0OWU96J.No2YYE8UTM9YxxcHgbPhtA.CnPOkCasxHKxrgZ9LUY,Acute Care Hospitals,,no-domain,exa-domain-lookup,no domain in the seed dataset,ZUNI COMPREHENSIVE COMMUNITY HEALTH CENTER hospital ZUNI NM official website,
320061,GALLUP INDIAN MEDICAL CENTER,516 E NIZHONI BLVD,GALLUP,NM,87301,hpt-obf:v1:PxqvndLaRKfSIwcB.XCKg-bMDbq622-XkLmNEeQ.2ZFTeyWS_6LF8VgooDc,Acute Care Hospitals,,no-domain,exa-domain-lookup,no domain in the seed dataset,GALLUP INDIAN MEDICAL CENTER hospital GALLUP NM official website,
320062,CROWNPOINT HEALTHCARE FACILITY,JUNCTION OF HWY 371,CROWNPOINT,NM,87313,hpt-obf:v1:8e7DaJT-UACWpRfg.o1Ry2xiQByOgVB6_ETrgMQ.U9XuRgQxJBEZTONoELY,Acute Care Hospitals,,no-domain,exa-domain-lookup,no domain in the seed dataset,CROWNPOINT HEALTHCARE FACILITY hospital CROWNPOINT NM official website,
320084,ROOSEVELT GENERAL HOSPITAL,42121 US HIGHWAY 70,PORTALES,NM,88130,hpt-obf:v1:o8gCSOWywWHpRqwY.DDK1I215ORGod1JY4WQOuw.zEZFpLw0jYej1On837c,Acute Care Hospitals,,no-domain,exa-domain-lookup,no domain in the seed dataset,ROOSEVELT GENERAL HOSPITAL hospital PORTALES NM official website,
320091,THREE CROSSES REGIONAL HOSPITAL LLC,2560 SAMARITAN DRIVE,LAS CRUCES,NM,88001,hpt-obf:v1:-FbIOxJAGZNDw1cf.b18QT4iEScersv2qW1RiQg.xdkxSc2zqnlbuj-ADK8,Acute Care Hospitals,,no-domain,exa-domain-lookup,no domain in the seed dataset,THREE CROSSES REGIONAL HOSPITAL LLC hospital LAS CRUCES NM official website,
321300,SIERRA VISTA HOSPITAL,800 EAST 9TH AVENUE,T OR C,NM,87901,hpt-obf:v1:sl874KI0I1W-Moaa.FhSC2rRU6KmSGvuchSjMbg.GsE5KTnFju0lxL8G3Wc,Critical Access Hospitals,,no-domain,exa-domain-lookup,no domain in the seed dataset,SIERRA VISTA HOSPITAL hospital T OR C NM official website,
321304,UNION COUNTY GENERAL HOSPITAL,300 WILSON STREET,CLAYTON,NM,88415,hpt-obf:v1:oNp4GO5RUi6PYl-O.x1I8oh_pBdYAoak8SkSyag.bQFtARIbOTFKU4XfIEs,Critical Access Hospitals,,no-domain,exa-domain-lookup,no domain in the seed dataset,UNION COUNTY GENERAL HOSPITAL hospital CLAYTON NM official website,
321305,NOR-LEA HOSPITAL DISTRICT,1600 NORTH MAIN AVE,LOVINGTON,NM,88260,hpt-obf:v1:mIhGjutwpIuke2ln.uxkRX3iJ46_tdX1BxBag2Q.jG2gzQNxH_jrwjMRaiI,Critical Access Hospitals,,no-domain,exa-domain-lookup,no domain in the seed dataset,NOR-LEA HOSPITAL DISTRICT hospital LOVINGTON NM official website,
321307,MINERS' COLFAX MEDICAL CENTER,203 HOSPITAL DRIVE,RATON,NM,87740,hpt-obf:v1:rgFjU09Ux27_BJKp.2hBzhWVPP8gKADbNxj0TGw.nxYaE2zhn8wjD4dq_Ug,Critical Access Hospitals,,no-domain,exa-domain-lookup,no domain in the seed dataset,MINERS' COLFAX MEDICAL CENTER hospital RATON NM official website,
321309,MIMBRES VALLEY MEDICAL CENTER,900 W Ash Street,DEMING,NM,88031,hpt-obf:v1:PSgXZI9vXR1VDuZm.a5M7BEDnY5rus1oxAOl-dA.4i5KlKGdv5QKZFs6_Do,Critical Access Hospitals,,no-domain,exa-domain-lookup,no domain in the seed dataset,MIMBRES VALLEY MEDICAL CENTER hospital DEMING NM official website,
324010,"BHC MESILLA VALLEY HOSPITAL, LLC",3751 DEL REY BOULEVARD,LAS CRUCES,NM,88012,hpt-obf:v1:oNWcOzsBXBWpWJ78.7MX18V5HSa731aR6AQibPQ.pL2O6Z7zISBas0GkDcI,Psychiatric,,no-domain,exa-domain-lookup,no domain in the seed dataset,"BHC MESILLA VALLEY HOSPITAL, LLC hospital LAS CRUCES NM official website",
324012,"PEAK BEHAVIORAL HEALTH SERVICES, LLC","5045 MCNUTT ROAD (BLDG'S A, B, C & D)",SANTA TERESA,NM,88008,hpt-obf:v1:yzFO7H4-uYGJyVx-.qpei1hwQ2zWFkgfobQQFyA.KBZOVjjXvCloaFqOZ3o,Psychiatric,,no-domain,exa-domain-lookup,no domain in the seed dataset,"PEAK BEHAVIORAL HEALTH SERVICES, LLC hospital SANTA TERESA NM official website",
324014,CENTRAL DESERT BEHAVIORAL HEALTH HOSPITAL,1525 N RENAISSANCE BLVD NE,ALBUQUERQUE,NM,87102,hpt-obf:v1:qLrtBcN8Z99s6jHE.0LDJWPHEaXJbDB05TUEZLA.c6_S52NxB294hl052YQ,Psychiatric,,no-domain,exa-domain-lookup,no domain in the seed dataset,CENTRAL DESERT BEHAVIORAL HEALTH HOSPITAL hospital ALBUQUERQUE NM official website,
330005,KALEIDA HEALTH,100 HIGH STREET,BUFFALO,NY,14210,hpt-obf:v1:WYCRwRY05Wh0iij_.oWfjqMDgUgpbqn6_cyrRqQ.Ve4_P6Q6ZRvvf5bhYMk,Acute Care Hospitals,,no-domain,exa-domain-lookup,no domain in the seed dataset,KALEIDA HEALTH hospital BUFFALO NY official website,
330009,BRONXCARE HOSPITAL CENTER,1276 FULTON AVENUE,BRONX,NY,10456,hpt-obf:v1:7KitQQB53g04fgAI.yQsmbMqXacLNCvklaclEJA.YDhUDTmqcUoHTnGF9ew,Acute Care Hospitals,bronxcare.org,ok,name-match-review,pointer file works (2 entries) but none matched this hospital's name,,
330011,"OUR LADY OF LOURDES MEMORIAL HOSPITAL, INC",169 RIVERSIDE DRIVE,BINGHAMTON,NY,13905,hpt-obf:v1:GHQZdO-YiXjMKx89.MhEFCtACIU4-Sh9rNSZmvQ.tLbGrfjp2YB4wcOpNu4,Acute Care Hospitals,healthcare.ascension.org,ok,name-match-review,pointer file works (93 entries) but none matched this hospital's name,,
330019,"NEW YORK COMMUNITY HOSPITAL OF BROOKLYN, INC.",2525 KINGS HIGHWAY,BROOKLYN,NY,11229,hpt-obf:v1:FL-yVlqNMf50sJzx.Mwab3-GUYLYkoR7qc_SwLw.Q69mb03gmgaSjm8vLPQ,Acute Care Hospitals,,no-domain,exa-domain-lookup,no domain in the seed dataset,"NEW YORK COMMUNITY HOSPITAL OF BROOKLYN, INC. hospital BROOKLYN NY official website",
330043,NS/LIJ HS SOUTHSIDE HOSPITAL,301 EAST MAIN STREET,BAY SHORE,NY,11706,hpt-obf:v1:ahdCuh4pcAu-4blD.N240ztV6dW-Coi6YqaHFnQ.ZyGOSa9yFdazjQwjRbQ,Acute Care Hospitals,northwell.edu,ok,name-match-review,pointer file works (24 entries) but none matched this hospital's name,,
330080,LINCOLN MEDICAL & MENTAL HEALTH CENTER,234 EAST 149TH STREET,BRONX,NY,10451,hpt-obf:v1:zNDmzVdd4nxAhJQA.NH3zNbjod9KbLY2hIn-rZg.SuMLE5JKlrk4RH3YEBY,Acute Care Hospitals,nychealthandhospitals.org,ok,name-match-review,pointer file works (12 entries) but none matched this hospital's name,,
33009F,ALBANY VA MEDICAL CENTER,113 HOLLAND AVENUE,ALBANY,NY,12208,hpt-obf:v1:kZRJaTlzWztouUot.iC2Pdye-6Nc2651xpciDaw.QAUsnURTU2fFNYVwSqE,Acute Care - Veterans Administration,,no-domain,exempt-federal,federally owned; outside 45 CFR 180,,
330101,NEW YORK-PRESBYTERIAN HOSPITAL,525 EAST 68TH STREET,NEW YORK,NY,10065,hpt-obf:v1:tf-ZGjxnCuVZVAkS.29_oJwFFb7PxiPQ9JjCbZg.1X__JRLM7_85HhhYX3M,Acute Care Hospitals,nyp.org,ok,name-match-review,pointer file works (9 entries) but none matched this hospital's name,,
33011F,BATH VA MEDICAL CENTER,76 VETERANS AVE.,BATH,NY,14810,hpt-obf:v1:LenPiwOvcnJj3Fvf.ag6DRUm5IdSP-gNcq_vYBQ.CQZCzc04T2G9P9IaAbI,Acute Care - Veterans Administration,,no-domain,exempt-federal,federally owned; outside 45 CFR 180,,
33012F,UPSTATE NEW YORK VA HEALTHCARE SYSTEM (WESTERN NY VA HEALTHCARE SYSTEM),3495 BAILEY AVENUE,BUFFALO,NY,14215,hpt-obf:v1:iNC0OmeLZvvqi1eU.QAKXg47LYQZGE21i6xTM2Q.ZQPCv7EW8ovSkuN8vtU,Acute Care - Veterans Administration,,no-domain,exempt-federal,federally owned; outside 45 CFR 180,,
330141,LONG ISLAND COMMUNITY HOSPITAL,101 HOSPITAL ROAD,PATCHOGUE,NY,11772,hpt-obf:v1:rgvuMBlph8BSAY1W.ILr9yxLDkkACMEc4nWxtTQ.IjPLW4w5SHnA_ukMR-Q,Acute Care Hospitals,,no-domain,exa-domain-lookup,no domain in the seed dataset,LONG ISLAND COMMUNITY HOSPITAL hospital PATCHOGUE NY official website,
330157,SAMARITAN MEDICAL CENTER,830 WASHINGTON STREET,WATERTOWN,NY,13601,hpt-obf:v1:rmIZ0Dz56Psk6-yZ.8tBV0wUCNsP_AB5bHjtQsg.KR0eu_W8XwFoF_gKRwE,Acute Care Hospitals,search.hospitalpriceindex.com,html,exa-domain-lookup,pointer fetch failed (html); domain is likely wrong or stale,SAMARITAN MEDICAL CENTER hospital WATERTOWN NY official website,
33015F,VA HUDSON VALLEY HEALTHCARE SYSTEM,2094 ALBANY POST ROAD,MONTROSE,NY,10548,hpt-obf:v1:9SjdFA1T8aLRW2yW.yZsJZUk2_xFccz9iBsYT2Q.NUkpaTJwy8ahssHiHRQ,Acute Care - Veterans Administration,,no-domain,exempt-federal,federally owned; outside 45 CFR 180,,
330169,MOUNT SINAI BETH ISRAEL,281 1ST AVE,NEW YORK,NY,10003,hpt-obf:v1:nl4AABb8SmXtfKR_.R59I1wKWh_cu5hNocBlTTw.s2iNBNBJneYopI3M2G8,Acute Care Hospitals,,no-domain,exa-domain-lookup,no domain in the seed dataset,MOUNT SINAI BETH ISRAEL hospital NEW YORK NY official website,
33016F,BRONX VA MEDICAL CENTER,130 WEST KINGSBRIDGE ROAD,BRONX,NY,10468,hpt-obf:v1:oaUE9klssBltjGcG.v3H5Pm1k-FBmlFf9LAkkYw.BMq2ozWxoC8XYlOeMDA,Acute Care - Veterans Administration,,no-domain,exempt-federal,federally owned; outside 45 CFR 180,,
33017F,VA NEW YORK HARBOR HEALTHCARE SYSTEM - NY DIV.,423 EAST 23RD STREET,NEW YORK,NY,10010,hpt-obf:v1:tBucYxQACb7cl52U.g36hRMX14E2QRbzLS6XlVw.iUt3LFhFgh7i2CAtK5w,Acute Care - Veterans Administration,,no-domain,exempt-federal,federally owned; outside 45 CFR 180,,
330184,MONTEFIORE NEW ROCHELLE HOSPITAL,16 GUION PLACE,NEW ROCHELLE,NY,10802,hpt-obf:v1:XHAWmnfVsSH-qorD.7_7t5NxAhDxdBA-JlNwT7A.x40izHDXRe9qaWkJXHo,Acute Care Hospitals,,no-domain,exa-domain-lookup,no domain in the seed dataset,MONTEFIORE NEW ROCHELLE HOSPITAL hospital NEW ROCHELLE NY official website,
33019F,NORTHPORT VA MEDICAL CENTER,79 MIDDLEVILLE ROAD,NORTHPORT,NY,11768,hpt-obf:v1:1E-u4xaojFFtGxDs.-0SLTL_OMqKo-wxeWGtRCA.8af5mnFDB2L6u-q_41Y,Acute Care - Veterans Administration,,no-domain,exempt-federal,federally owned; outside 45 CFR 180,,
33020F,VA NEW YORK HARBOR HEALTHCARE SYSTEM - BROOKLYN,800 POLY PLACE,BROOKLYN,NY,11209,hpt-obf:v1:EAtIkB4iff3_EHPF.VfNHP-7LkT4rnM5pijX27Q.r4Ifb0Te_gvkM48guVI,Acute Care - Veterans Administration,,no-domain,exempt-federal,federally owned; outside 45 CFR 180,,
330215,"ROME MEMORIAL HOSPITAL, INC",1500 NORTH JAMES STREET,ROME,NY,13440,hpt-obf:v1:KQxd26g4_IyJIvPe.eJnQaOj5P-XdG1ek64RjeQ.IwzlCoesc1HYfvb1UHs,Acute Care Hospitals,,no-domain,exa-domain-lookup,no domain in the seed dataset,"ROME MEMORIAL HOSPITAL, INC hospital ROME NY official website",
330221,WYCKOFF HEIGHTS MEDICAL CENTER,374 STOCKHOLM STREET,BROOKLYN,NY,11237,hpt-obf:v1:tCDnC21Ik042YRY4.au6vNKY24rtNdo_RO7vBlA.C-noYt2VrZfGCW64aHo,Acute Care Hospitals,,no-domain,exa-domain-lookup,no domain in the seed dataset,WYCKOFF HEIGHTS MEDICAL CENTER hospital BROOKLYN NY official website,
33024F,SYRACUSE VA MEDICAL CENTER,800 IRVING AVE.,SYRACUSE,NY,13210,hpt-obf:v1:PweS-aYMjLkEdvFj.o4vc-HzSUCYtWoQYGj16vQ.vQmDVEF110Ip7tUJwgk,Acute Care - Veterans Administration,,no-domain,exempt-federal,federally owned; outside 45 CFR 180,,
330250,THE UNIVERSITY OF VERMONT HEALTH NETWORK  - CHAMPL,75 BEEKMAN STREET,PLATTSBURGH,NY,12901,hpt-obf:v1:rYfu8YvdIK_xEPvi.vRk_ImPCVdFpBWICtBO6bg.wH742550dZAgKbMbXxQ,Acute Care Hospitals,,no-domain,exa-domain-lookup,no domain in the seed dataset,THE UNIVERSITY OF VERMONT HEALTH NETWORK  - CHAMPL hospital PLATTSBURGH NY official website,
33025F,Keller ACH (West Point),900 Washington Rd,West Point,NY,10996,hpt-obf:v1:Tv_iHoFmQyG6T_Hk.tKEBncg5m2cf6sNGB2bu_A.KABfDk0c5YvRGj5ASiA,Acute Care - Department of Defense,,no-domain,exempt-federal,federally owned; outside 45 CFR 180,,
330395,ST JOHN'S EPISCOPAL HOSPITAL AT SOUTH SHORE,327 BEACH 19TH STREET,FAR ROCKAWAY,NY,11691,hpt-obf:v1:F-nHUwxF-LfRHJZ9.Fv3Enj1VLZ6SlxtEhR_OWA.km8HRuRrcBsL82jEF6M,Acute Care Hospitals,northwell.edu,ok,name-match-review,pointer file works (24 entries) but none matched this hospital's name,,
330799,CLIFTON-FINE HOSPITAL,1014 OSWEGATCHIE TRAIL,STAR LAKE,NY,13690,hpt-obf:v1:pCKrdTZDGFNrbwBu.LL6POvy49TTl3jjxQActfQ.cp0Vaw__Eit7WE7LNSY,Rural Emergency Hospital,,no-domain,exa-domain-lookup,no domain in the seed dataset,CLIFTON-FINE HOSPITAL hospital STAR LAKE NY official website,
331302,ELIZABETHTOWN COMMUNITY HOSPITAL,75 PARK STREET,ELIZABETHTOWN,NY,12932,hpt-obf:v1:ephhmaGfYzsT5Yqc.9w_QkQYRDK-Hla6Rk3Heag.ze36kftNRCNavF4hFv8,Critical Access Hospitals,ech.org,blocked,unblocker,"domain returned 403/429; needs the unblocker, not a new domain",,
331309,RIVER HOSPITAL CLINICS,4 FULLER STREET,ALEXANDRIA BAY,NY,13607,hpt-obf:v1:j_wuMSjog2NCTHrm.UOOEWFj9DVZMaBi4uhEgbg.ALou9R9rhs0L-Embmt8,Critical Access Hospitals,,no-domain,exa-domain-lookup,no domain in the seed dataset,RIVER HOSPITAL CLINICS hospital ALEXANDRIA BAY NY official website,
331319,MEDINA MEMORIAL HOSPITAL,200 OHIO STREET,MEDINA,NY,14103,hpt-obf:v1:HXAalrIfvedaYLTm.PUoVIM9kRe0yZQTID7pahA.F_PxcZxyBSDlTE_iYow,Critical Access Hospitals,,no-domain,exa-domain-lookup,no domain in the seed dataset,MEDINA MEMORIAL HOSPITAL hospital MEDINA NY official website,
331321,THE UNIVERSITY OF VERMONT HEALTH NETWORK-ALICE HY,"133 PARK STREET, PO BOX 729",MALONE,NY,12953,hpt-obf:v1:8ktuOFcH3aosnB60.gzLofab4u_zlL4wpvdjmFA.qOYg960qrr_i86Z9lNs,Critical Access Hospitals,,no-domain,exa-domain-lookup,no domain in the seed dataset,THE UNIVERSITY OF VERMONT HEALTH NETWORK-ALICE HY hospital MALONE NY official website,
331323,WYOMING COUNTY,400 NORTH MAIN STREET,WARSAW,NY,14569,hpt-obf:v1:tV4vMKgyks7HZftj.gosDdrUYrDPWtb8jpMcQCg.2d22PehyGTQ1BXtZgQA,Critical Access Hospitals,,no-domain,exa-domain-lookup,no domain in the seed dataset,WYOMING COUNTY hospital WARSAW NY official website,
331324,"CARTHAGE AREA HOSPITAL, INC",214 KINGS STREET,OGDENSBURG,NY,13669,hpt-obf:v1:gThzanz1a-o7Xcel.rMvI5hyiEhvA2fE-MV8_ZA.9K_e_3nSwW66Cq6sN8U,Critical Access Hospitals,,no-domain,exa-domain-lookup,no domain in the seed dataset,"CARTHAGE AREA HOSPITAL, INC hospital OGDENSBURG NY official website",
334001,HUTCHINGS PSYCHIATRIC CTR,620 MADISON STREET,SYRACUSE,NY,13210,hpt-obf:v1:mZcICV-8x5glV5ut.eojm_SHY81ubYFEA3UHfew.2McQUIIgrbwWqfaVeIw,Psychiatric,,no-domain,exa-domain-lookup,no domain in the seed dataset,HUTCHINGS PSYCHIATRIC CTR hospital SYRACUSE NY official website,
334003,ST LAWRENCE PSYCHIATRIC CENTER,ONE CHIMNEY POINT DRIVE,OGDENSBURG,NY,13669,hpt-obf:v1:3piMTKXyOtRFDT1D.rkPoffOqyGFiBRRV1u3YDw.kHvGTuZJozUC9IeysfY,Psychiatric,,no-domain,exa-domain-lookup,no domain in the seed dataset,ST LAWRENCE PSYCHIATRIC CENTER hospital OGDENSBURG NY official website,
334004,CREEDMOOR PSYCHIATRIC CENTER,80-45 WINCHESTER BLVD BLDG B,QUEENS VILLAGE,NY,11427,hpt-obf:v1:UpaBbRmhdOg8iymI.v0s4GVhqHQTE31GvaasXyA.wTMVMNSH1AU9Z8eXfTE,Psychiatric,,no-domain,exa-domain-lookup,no domain in the seed dataset,CREEDMOOR PSYCHIATRIC CENTER hospital QUEENS VILLAGE NY official website,
334009,NEW YORK STATE PSYCHIATRIC INSTITUTE,722 W 168TH ST,NEW YORK,NY,10032,hpt-obf:v1:qa8h9_hiB-Ly8lre.xwSbKqZrX5OIsTSYweFRcQ.-2_icUU3z7WBBRfT_AM,Psychiatric,,no-domain,exa-domain-lookup,no domain in the seed dataset,NEW YORK STATE PSYCHIATRIC INSTITUTE hospital NEW YORK NY official website,
334013,PILGRIM PSYCHIATRIC CENTER,998 CROOKED HILL ROAD,WEST BRENTWOOD,NY,11717,hpt-obf:v1:dWDymph4cDzI8Q87.8LmGr0mMqXAv4trSNbHlMg.OqNiLJr2P7qu_8Ss9Gc,Psychiatric,,no-domain,exa-domain-lookup,no domain in the seed dataset,PILGRIM PSYCHIATRIC CENTER hospital WEST BRENTWOOD NY official website,
334015,ROCKLAND PSYCH CTR,140 OLD ORANGEBURG RD,ORANGEBURG,NY,10962,hpt-obf:v1:moQyIosdvlCmEoeX.0RfH5q2jYLMdsmzs--mP6A.E5sHvBZixzRYqkghbDA,Psychiatric,,no-domain,exa-domain-lookup,no domain in the seed dataset,ROCKLAND PSYCH CTR hospital ORANGEBURG NY official website,
334020,ROCHESTER PSYCHIATRIC CENTER,1600 SOUTH AVE,ROCHESTER,NY,14620,hpt-obf:v1:7nqTB-NZTHLivlLg.-wLbrAwrVSEkEKE2mNL1-w.IVPBlbr4EjKw41dncIA,Psychiatric,,no-domain,exa-domain-lookup,no domain in the seed dataset,ROCHESTER PSYCHIATRIC CENTER hospital ROCHESTER NY official website,
334021,MOHAWK VALLEY PSYCHIATRIC CENTER,1400 NOYES ST,UTICA,NY,13502,hpt-obf:v1:S8DpPbF_vgSZpgIn.yM4W4ioTx8Z8FkliuS0row.JLlhpQchfKIyZOfjD_Y,Psychiatric,,no-domain,exa-domain-lookup,no domain in the seed dataset,MOHAWK VALLEY PSYCHIATRIC CENTER hospital UTICA NY official website,
334026,"BRUNSWICK HOSPITAL CENTER, INC.",81 LOUDEN AVE,AMITYVILLE,NY,11701,hpt-obf:v1:5ri3KbpS4DssI6gT.HWuTgIniFCE7mrLhO8Mv9w.H6kbhULCnEFZDNEO7Fs,Psychiatric,,no-domain,exa-domain-lookup,no domain in the seed dataset,"BRUNSWICK HOSPITAL CENTER, INC. hospital AMITYVILLE NY official website",
334027,SOUTH OAKS HOSP,400 SUNRISE HIGHWAY,AMITYVILLE,NY,11701,hpt-obf:v1:0YZU56sOdou0JTLy.7s-_Er4LIuv7uBWMKjpyzA.1-U-6kSyfOO7iXsit3E,Psychiatric,northwell.edu,ok,name-match-review,pointer file works (24 entries) but none matched this hospital's name,,
334043,SOUTH BEACH PSYCHIATRIC CENTER,777 SEAVIEW AVE,STATEN ISLAND,NY,10305,hpt-obf:v1:FwV_pB_oQfk4qxLJ.KzncMW0zbCsthKEltXYA9Q.sPuZMEmJLxhQ71nwcCo,Psychiatric,,no-domain,exa-domain-lookup,no domain in the seed dataset,SOUTH BEACH PSYCHIATRIC CENTER hospital STATEN ISLAND NY official website,
334045,ELMIRA PSYCH CENTER,WASHINGTON ST,ELMIRA,NY,14901,hpt-obf:v1:ByWRdMnCkjlmkoCZ.qf8r03HpQo8rC4sLRJPeOA.8L8yxapMeZFfrZ93twQ,Psychiatric,,no-domain,exa-domain-lookup,no domain in the seed dataset,ELMIRA PSYCH CENTER hospital ELMIRA NY official website,
334046,CAPITAL DISTRICT PSYCH CENTER,75 NEW SCOTLAND AVE,ALBANY,NY,12208,hpt-obf:v1:0vI_yC4yk4Mq6YbK.JsMGBdReMujyQuSStUN5hg.PQm95zWYkv08if1VJGQ,Psychiatric,,no-domain,exa-domain-lookup,no domain in the seed dataset,CAPITAL DISTRICT PSYCH CENTER hospital ALBANY NY official website,
334052,BUFFALO PSYCHIATRIC CENTER,400 FOREST AVE,BUFFALO,NY,14213,hpt-obf:v1:OJ0bbP4WMqQruWGC.YuytuSE_MJUupLdftKc6FA.dl1W1fD-MlF5l09T1_0,Psychiatric,,no-domain,exa-domain-lookup,no domain in the seed dataset,BUFFALO PSYCHIATRIC CENTER hospital BUFFALO NY official website,
334053,BRONX PSYCHIATRIC CENTER,1500 WATERS PLACE,BRONX,NY,10461,hpt-obf:v1:SFLFSh23Ossy72zr.gBN1w7BvMaF12BTMQUifEg.V0PEm8K3GLRLxiRKaQQ,Psychiatric,,no-domain,exa-domain-lookup,no domain in the seed dataset,BRONX PSYCHIATRIC CENTER hospital BRONX NY official website,
334054,MANHATTAN PSYCHIATRIC CENTER,600 E 125TH STREET,NEW YORK,NY,10035,hpt-obf:v1:YIUhTCkhq4oFWweA.FkULsjhHudcs6bu8OwT9SA.01MFtTwf3zpABGVVbho,Psychiatric,,no-domain,exa-domain-lookup,no domain in the seed dataset,MANHATTAN PSYCHIATRIC CENTER hospital NEW YORK NY official website,
334060,KIRBY FORENSIC PSYCHIATRIC CENTER,WARD ISLAND,NEW YORK,NY,10035,hpt-obf:v1:iNLg_bF2drrJgpQm.5NqebZ4fGEnC9obJzMTVYQ.D6_ex2d9pI1NaalAmJk,Psychiatric,,no-domain,exa-domain-lookup,no domain in the seed dataset,KIRBY FORENSIC PSYCHIATRIC CENTER hospital NEW YORK NY official website,
334061,MID HUDSON FORENSIC PSYCHIATRIC CTR,BOX 158 ROUTE 17M,NEW HAMPTON,NY,10958,hpt-obf:v1:sAqI1C9d7z6fJQ3w.eTpsgkoHBKUnijtVRsFFxg.biR4PCXA9DSslp3bJNs,Psychiatric,,no-domain,exa-domain-lookup,no domain in the seed dataset,MID HUDSON FORENSIC PSYCHIATRIC CTR hospital NEW HAMPTON NY official website,
334063,KINGSBORO PSYCHIATRIC HOSPITAL,681 CLARKSON AVENUE,BROOKLYN,NY,11203,hpt-obf:v1:wzfYTaMcLvow-Pfk.56woQ4VhVLl116jh-mw9lA.QxH7MKlSR98K14XiCR0,Psychiatric,,no-domain,exa-domain-lookup,no domain in the seed dataset,KINGSBORO PSYCHIATRIC HOSPITAL hospital BROOKLYN NY official website,
334064,SAGAMORE CHILDRENS PSYCHIATRIC CENTER,197 HALF HOLLOW ROAD,DIX HILLS,NY,11746,hpt-obf:v1:GAligikQDL1IcRSs.m71vEXxPoLbQOOvOkECwJw.u87TjaBvK0Bpm85H0DQ,Psychiatric,,no-domain,exa-domain-lookup,no domain in the seed dataset,SAGAMORE CHILDRENS PSYCHIATRIC CENTER hospital DIX HILLS NY official website,
334065,WESTERN NY CHILDRENS PSYCHIATRIC CENTER,1010 EAST & WEST ROAD,WEST SENECA,NY,14224,hpt-obf:v1:eSgDJHclFiHEnVqr.8J-edDIsRBRgr6OjDIEOew.4axWCTdfvVYcvR2STiA,Psychiatric,,no-domain,exa-domain-lookup,no domain in the seed dataset,WESTERN NY CHILDRENS PSYCHIATRIC CENTER hospital WEST SENECA NY official website,
334066,ROCKLAND CHILDREN'S PSYCHIATRIC CENTER,2 FIRST AVE,ORANGEBURG,NY,10962,hpt-obf:v1:JKM1mUD4DNdalXXv.PR426-nCNe23w5QrNMezQw.hdjLvtpRLFisClOi8fw,Psychiatric,,no-domain,exa-domain-lookup,no domain in the seed dataset,ROCKLAND CHILDREN'S PSYCHIATRIC CENTER hospital ORANGEBURG NY official website,
334067,NEW YORK CITY CHILDRENS PSYCH CENTER,7403 COMMONWEALTH BLVD,BELLEROSE,NY,11426,hpt-obf:v1:iTSgApNWSwyjlBv_.oHcq4HfbN7WRLf9U0W3hdg._gx-AkuSZ9j974zLpBg,Psychiatric,,no-domain,exa-domain-lookup,no domain in the seed dataset,NEW YORK CITY CHILDRENS PSYCH CENTER hospital BELLEROSE NY official website,
334068,CLAXTON-HEPBURN MEDICAL CENTER,214 KING STREET,OGDENSBURG,NY,13669,hpt-obf:v1:XEJsUhqV5YcShxkw.O0cJXwmvSBx13SnARwrb4g.52AFWEObDbTBkd9aO2A,Psychiatric,,no-domain,exa-domain-lookup,no domain in the seed dataset,CLAXTON-HEPBURN MEDICAL CENTER hospital OGDENSBURG NY official website,
340047,NORTH CAROLINA BAPTIST HOSPITAL,MEDICAL CENTER BOULEVARD,WINSTON-SALEM,NC,27157,hpt-obf:v1:k1OMnmEOHxwL272u.04T8VCdluMOco5SMBgssiw.3iDQ4rqWyc7DeqTHq0g,Acute Care Hospitals,wakehealth.edu,ok,name-match-review,pointer file works (5 entries) but none matched this hospital's name,,
340050,SOUTHEASTERN REGIONAL MEDICAL CENTER,300 W 27 ST  PO BOX 1408,LUMBERTON,NC,28359,hpt-obf:v1:I5VTAfZ96SFzxrR6.xl2vm00gDyxXq2LSuXoraw.-BemMKAIKDDVYpJxDSA,Acute Care Hospitals,,no-domain,exa-domain-lookup,no domain in the seed dataset,SOUTHEASTERN REGIONAL MEDICAL CENTER hospital LUMBERTON NC official website,
340096,LEXINGTON MEMORIAL HOSPITAL INC,250 HOSPITAL DRIVE PO BOX 1817,LEXINGTON,NC,27293,hpt-obf:v1:-PCylWmsMjda6moc.04KxyaUsNhjbHDrPlWyFBQ.vwtrKb-k2PYuH4QKgXQ,Acute Care Hospitals,wakehealth.edu,ok,name-match-review,pointer file works (5 entries) but none matched this hospital's name,,
34011F,NMC Camp Lejeune,100 Brewster Blvd,Camp Lejeune,NC,28547,hpt-obf:v1:S0-LHXH_nCUfwYw7.zYpFrckBuBWkX2M_o8U7rw.LHF7wy8UVfTubB9HU00,Acute Care - Department of Defense,,no-domain,exempt-federal,federally owned; outside 45 CFR 180,,
340123,RANDOLPH HOSPITAL,364 WHITE OAK STREET,ASHEBORO,NC,27203,hpt-obf:v1:E3s8CxiuFMEj2yPf.sDk8eu7aNUEF_ilQLsUW5Q.PQDiMB6x9bV1_hb-CSk,Acute Care Hospitals,,no-domain,exa-domain-lookup,no domain in the seed dataset,RANDOLPH HOSPITAL hospital ASHEBORO NC official website,
34012F,DURHAM VA MEDICAL CENTER,508 FULTON STREET,DURHAM,NC,27705,hpt-obf:v1:Jp4HckxTu6StAJAu.pRvmLA2exJPnf8hFnjhYZQ.qnWJTE4Yxy7nbcftJQ0,Acute Care - Veterans Administration,,no-domain,exempt-federal,federally owned; outside 45 CFR 180,,
340131,CAROLINA EAST MEDICAL CENTER,2000 NEUSE BLVD,NEW BERN,NC,28560,hpt-obf:v1:3NydzE6rgV0o0A_X.CYPubpnDe2FRAtyvbMZzjg.tggSvjNU5RMm4VsrsKU,Acute Care Hospitals,,no-domain,exa-domain-lookup,no domain in the seed dataset,CAROLINA EAST MEDICAL CENTER hospital NEW BERN NC official website,
34013F,FAYETTEVILLE NC VA MEDICAL CENTER,2300 RAMSEY STREET,FAYETTEVILLE,NC,28301,hpt-obf:v1:BWCJxKnkvqmm8X2Q.vnBch-srT_4zljCVYTQbvw.YlM74R3KhwJFR-RyDR8,Acute Care - Veterans Administration,,no-domain,exempt-federal,federally owned; outside 45 CFR 180,,
340143,CATAWBA VALLEY MEDICAL CENTER,810 FAIRGROVE CHURCH RD,HICKORY,NC,28602,hpt-obf:v1:PTJSSLlsQu7ax4xO.YyoFI4AeFfFckN_jG-6oBA.fKKk2XiceWjPdTTFT7A,Acute Care Hospitals,,no-domain,exa-domain-lookup,no domain in the seed dataset,CATAWBA VALLEY MEDICAL CENTER hospital HICKORY NC official website,
340147,UNC HEALTH NASH,2460 CURTIS ELLIS DRIVE,ROCKY MOUNT,NC,27804,hpt-obf:v1:28hoW8eCBW1CMex2.NjNYHUs-CMpcKhv6h0iz1A.3CgK3vxlzhSXOvkYMc8,Acute Care Hospitals,,no-domain,exa-domain-lookup,no domain in the seed dataset,UNC HEALTH NASH hospital ROCKY MOUNT NC official website,
34014F,Womack AMC (FT Bragg),2817 Reilly Rd,Fort Bragg,NC,28310,hpt-obf:v1:ju_1W_1AC985mdy3.084F7FYL3gNklG0kvYKKvw.6P5g9iljknrKQHSSps8,Acute Care - Department of Defense,,no-domain,exempt-federal,federally owned; outside 45 CFR 180,,
340156,CHEROKEE INDIAN HOSPITAL AUTHORITY,CALLER BOX C268,CHEROKEE,NC,28719,hpt-obf:v1:_QTHaAEuXmabJxmr.B1O1EGkeorFYVGFbBCwqXg.-r3C9zQft8KkuPq1B0M,Acute Care Hospitals,,no-domain,exa-domain-lookup,no domain in the seed dataset,CHEROKEE INDIAN HOSPITAL AUTHORITY hospital CHEROKEE NC official website,
34017F,W.G. (BILL) HEFNER SALISBURY VA MEDICAL CENTER (SALSBURY),1601 BRENNER AVENUE,SALISBURY,NC,28144,hpt-obf:v1:0lhyqy3VWXG_2IUQ.I2hUvePlFVoQAyjwziAwWA.36xqU0KDe922BPui5cI,Acute Care - Veterans Administration,,no-domain,exempt-federal,federally owned; outside 45 CFR 180,,
34036F,ASHEVILLE-OTEEN VA MEDICAL CENTER,1100 TUNNEL ROAD,ASHEVILLE,NC,28805,hpt-obf:v1:bKtUyzDlWKAGo0Q3.k7Wpx5MfU0bPQaFFnp1ZfQ.86IxGfJgPCFvKYxnvIo,Acute Care - Veterans Administration,,no-domain,exempt-federal,federally owned; outside 45 CFR 180,,
341320,ALLEGHANY  MEMORIAL HOSPITAL,233 DOCTORS STREET,SPARTA,NC,28675,hpt-obf:v1:wKzzxcF5wLDqluUt.e6_vrRBzgBg8Y3nPa0ryQQ.kXG8t1CIMYONrgMy1hA,Critical Access Hospitals,alleghanyhealth.org,html,exa-domain-lookup,pointer fetch failed (html); domain is likely wrong or stale,ALLEGHANY  MEMORIAL HOSPITAL hospital SPARTA NC official website,
341322,ADVENT HEALTH POLK,101 HOSPITAL DRIVE,COLUMBUS,NC,28722,hpt-obf:v1:oqcJvK7_PQfYmd8D.YoTBAc4aKG2eaq4JdWXJrw.y6Kb9mFC5OnxuxQ9Fq0,Critical Access Hospitals,stlukesnc.org,ok,name-match-review,pointer file works (87 entries) but none matched this hospital's name,,
341327,J ARTHUR DOSHER MEMORIAL HOSPITAL,924 HOWE ST,SOUTHPORT,NC,28461,hpt-obf:v1:B4PjsQMnrGWY7zLv.kRAe3oPo2bT816n3MsAPjA.5ENcO6Qns7Xj7dur6AI,Critical Access Hospitals,,no-domain,exa-domain-lookup,no domain in the seed dataset,J ARTHUR DOSHER MEMORIAL HOSPITAL hospital SOUTHPORT NC official website,
344004,CENTRAL REGIONAL HOSPITAL,300 VEAZY RD,BUTNER,NC,27509,hpt-obf:v1:OjGyhsVRFB6bRbZH.w1-IdiBI6wVAZ-b6PqOPVg.1Qh049VoaOjcpqtJSnc,Psychiatric,ncdhhs.gov,notfound,exa-domain-lookup,pointer fetch failed (notfound); domain is likely wrong or stale,CENTRAL REGIONAL HOSPITAL hospital BUTNER NC official website,
344007,OLD VINEYARD YOUTH SERVICES,3637 OLD VINEYARD ROAD,WINSTON SALEM,NC,27104,hpt-obf:v1:_C00oNZrBux_nWj2.kuj5gyt97Ex8rp5WxljniQ.e02RXCZAV8PQaJs0c98,Psychiatric,,no-domain,exa-domain-lookup,no domain in the seed dataset,OLD VINEYARD YOUTH SERVICES hospital WINSTON SALEM NC official website,
344014,HOLLY HILL MENTAL HEALTH SERVICES,3019 FALSTAFF RD,RALEIGH,NC,27610,hpt-obf:v1:dnT1gYzNdRvNtBuS.Rtaj2vswWwPSCDGb8aqiqA.EW5rdU5zSsTfEXc9b8s,Psychiatric,,no-domain,exa-domain-lookup,no domain in the seed dataset,HOLLY HILL MENTAL HEALTH SERVICES hospital RALEIGH NC official website,
344016,BRYNN MARR HOSP,192 VILLAGE DRIVE,JACKSONVILLE,NC,28540,hpt-obf:v1:RqGPhakyICYTGBN1.hSXBankoQg8gvX6Ptej3JA.nv_bFQkAsM70FtkBCKY,Psychiatric,,no-domain,exa-domain-lookup,no domain in the seed dataset,BRYNN MARR HOSP hospital JACKSONVILLE NC official website,
344023,JULIAN F KEITH ALCOHOL & DRUG ABUSE TX,201 TABERNACLE ROAD,BLACK MOUNTAIN,NC,28711,hpt-obf:v1:o8aHlUbrxWlGZj7F.b5MqQhvgPLtsfRFeJM--Sg.ruPC23OxRfhl5-k4oBA,Psychiatric,ncdhhs.gov,notfound,exa-domain-lookup,pointer fetch failed (notfound); domain is likely wrong or stale,JULIAN F KEITH ALCOHOL & DRUG ABUSE TX hospital BLACK MOUNTAIN NC official website,
344025,BROUGHTON HOSPITAL,1000 S STERLING STREET,MORGANTON,NC,28655,hpt-obf:v1:md6S7TMUpzoHngYw.5YAzMr7kfLqBVGJ8zreiog.SpihdJm_zLVCk0D-rV0,Psychiatric,ncdhhs.gov,notfound,exa-domain-lookup,pointer fetch failed (notfound); domain is likely wrong or stale,BROUGHTON HOSPITAL hospital MORGANTON NC official website,
344026,CHERRY HOSPITAL,1401 WEST ASH STREET,GOLDSBORO,NC,27530,hpt-obf:v1:v-8zWEa1E-LxjLwH.EqBUgRpmpgVn-S-sENAs_g.b2A68VXk3eZBjZadlSY,Psychiatric,ncdhhs.gov,notfound,exa-domain-lookup,pointer fetch failed (notfound); domain is likely wrong or stale,CHERRY HOSPITAL hospital GOLDSBORO NC official website,
344029,"GOOD HOPE HOSPITAL, INC",410 DENIM DRIVE,ERWIN,NC,28339,hpt-obf:v1:__q-i2za9LPcovoF.EwZHrarB9kjvwG-0rf4xqQ.EQeuTuXwDH6zVA_i3LU,Psychiatric,,no-domain,exa-domain-lookup,no domain in the seed dataset,"GOOD HOPE HOSPITAL, INC hospital ERWIN NC official website",
344030,STRATEGIC BEHAVIORAL CENTER-LELAND,2050 MERCANTILE DRIVE,LELAND,NC,28451,hpt-obf:v1:dSzeQxL_zcPQ0sLu.IlKOBRIJojn5WSZOFNCn7g.D4QJ_yuABEhpfmFYrBI,Psychiatric,,no-domain,exa-domain-lookup,no domain in the seed dataset,STRATEGIC BEHAVIORAL CENTER-LELAND hospital LELAND NC official website,
344033,WALTER B JONES CENTER LAKESIDE PSYCHIATRIC HOSPITA,2577 WEST FIFTH STREET,GREENVILLE,NC,27834,hpt-obf:v1:4Js1VQ3ppRvkRpBF.JlpEyQOiiHtsuFChRiJHlw.piMXExi0qz7hxsvl3ck,Psychiatric,ncdhhs.gov,notfound,exa-domain-lookup,pointer fetch failed (notfound); domain is likely wrong or stale,WALTER B JONES CENTER LAKESIDE PSYCHIATRIC HOSPITA hospital GREENVILLE NC official website,
344035,RALEIGH OAKS BEHAVIORAL HEALTH,3200 WATERFIELD DRIVE,GARNER,NC,27529,hpt-obf:v1:ldlREiBryabeMXq1.VqoLEPrvSL_YbortWLnAHQ.hIwhUaPsMGT_xPr8e00,Psychiatric,,no-domain,exa-domain-lookup,no domain in the seed dataset,RALEIGH OAKS BEHAVIORAL HEALTH hospital GARNER NC official website,
35002F,FARGO VA MEDICAL CENTER,2101 ELM STREET,FARGO,ND,58102,hpt-obf:v1:YfhXC4lkPzu4nH6p.u3v0sL1wZKglzrNTZpqMXQ.wCZSYUvwH7QYmXKAi6s,Acute Care - Veterans Administration,,no-domain,exempt-federal,federally owned; outside 45 CFR 180,,
350063,P H S INDIAN HOSP AT BELCOURT-QUENTIN N BURDICK,PO BOX 160,BELCOURT,ND,58316,hpt-obf:v1:VR1iCjYlaFA9Qag-.c4WB8wPzFVj5XeeyIFhwpQ.8sAQZzkoCwv14pq9FPY,Acute Care Hospitals,,no-domain,exa-domain-lookup,no domain in the seed dataset,P H S INDIAN HOSP AT BELCOURT-QUENTIN N BURDICK hospital BELCOURT ND official website,
350070,ESSENTIA HEALTH,3000 32ND AVE SOUTH,FARGO,ND,58104,hpt-obf:v1:eEHjLGTORaRAoKKB.G7eAr4aGTuyXFVV-PEa9tA.uX1dMhVqgeoS901r77o,Acute Care Hospitals,,no-domain,exa-domain-lookup,no domain in the seed dataset,ESSENTIA HEALTH hospital FARGO ND official website,
351301,MOUNTRAIL COUNTY MEDICAL CENTER INC,615 6TH ST SE,STANLEY,ND,58784,hpt-obf:v1:R-2MbD25M8GgibOO._bgaTRbMFh2yLsRd1rTM_w.wtR1t_f3RI6jmZmRz6I,Critical Access Hospitals,,no-domain,exa-domain-lookup,no domain in the seed dataset,MOUNTRAIL COUNTY MEDICAL CENTER INC hospital STANLEY ND official website,
351306,COOPERSTOWN MEDICAL CENTER,1200 ROBERTS AVE NE,COOPERSTOWN,ND,58425,hpt-obf:v1:iAgINgV-QDpcu2j7.yvRir5_2Ujdd_8_eTdxObQ.n-foK2UU5Mrv4B5NceE,Critical Access Hospitals,,no-domain,exa-domain-lookup,no domain in the seed dataset,COOPERSTOWN MEDICAL CENTER hospital COOPERSTOWN ND official website,
351316,PRESENTATION MEDICAL CENTER,213 SECOND AVE NE,ROLLA,ND,58367,hpt-obf:v1:wWFBKJASmEhUyJ_2.U0aBKOCJlukBqkY6Iv0iYQ.P2aFrRQbwuaAxJEhbCY,Critical Access Hospitals,smphealth.org,ok,name-match-review,pointer file works (3 entries) but none matched this hospital's name,,
351319,PEMBINA COUNTY MEMORIAL HOSPITAL,BOX 380,CAVALIER,ND,58220,hpt-obf:v1:K7Ab78YiG_0fpLNT.2WS_UD_RzZEXPDkf7BVOHQ.ZL2gRBL-QhW6Ff7RCwY,Critical Access Hospitals,,no-domain,exa-domain-lookup,no domain in the seed dataset,PEMBINA COUNTY MEMORIAL HOSPITAL hospital CAVALIER ND official website,
351321,SOUTH CENTRAL HEALTH,1007 4TH AVE S,WISHEK,ND,58495,hpt-obf:v1:dObBrNIETQ99hWhg.WO1ZTefijo7acDN7dveOgQ.MlM-KlExipYvyP8RN4Q,Critical Access Hospitals,schealthnd.com,html,exa-domain-lookup,pointer fetch failed (html); domain is likely wrong or stale,SOUTH CENTRAL HEALTH hospital WISHEK ND official website,
351323,CAVALIER COUNTY MEMORIAL HOSPITAL ASSOCIATION,909 2ND ST,LANGDON,ND,58249,hpt-obf:v1:vwPGyoq08uAc-i81.xo8ihwEOZZ-IcSlKLLMjBw.oQyHJ7Zm9ryTLr-2gtY,Critical Access Hospitals,,no-domain,exa-domain-lookup,no domain in the seed dataset,CAVALIER COUNTY MEMORIAL HOSPITAL ASSOCIATION hospital LANGDON ND official website,
351325,ST LUKE'S HOSPITAL,702 1ST ST SW,CROSBY,ND,58730,hpt-obf:v1:pobtt-fz4Q7YPe7u.6uOxUcsJ0pIwHNPlD8whsA.M02yqq_GmJmbSpHoQ9s,Critical Access Hospitals,,no-domain,exa-domain-lookup,no domain in the seed dataset,ST LUKE'S HOSPITAL hospital CROSBY ND official website,
351330,WEST RIVER REGIONAL MEDICAL CENTER,1000 HIGHWAY 12,HETTINGER,ND,58639,hpt-obf:v1:TIZKuUxK885V9BzJ.C0EmyxTTijpSKBMRREVWVA._P5pDAPbNwNpUH5rMcw,Critical Access Hospitals,,no-domain,exa-domain-lookup,no domain in the seed dataset,WEST RIVER REGIONAL MEDICAL CENTER hospital HETTINGER ND official website,
351331,TOWNER COUNTY MEDICAL CENTER,228 1ST AVE,CANDO,ND,58324,hpt-obf:v1:h_x7sp4vmVm1DQFu.8c19Yi2kYcPCou4hEx6QlA.XDcJqcPvfbBz68ZnB7E,Critical Access Hospitals,,no-domain,exa-domain-lookup,no domain in the seed dataset,TOWNER COUNTY MEDICAL CENTER hospital CANDO ND official website,
351364,STANDING ROCK SERVICE UNIT,10 NORTH RIVER ROAD,"FORT YATES,",ND,58538,hpt-obf:v1:FGtPy1GdrLojAhkP.LBTBF-6KeMp_XFFaMqzt3w.3tILf_TmfjIm6Eju_Vw,Critical Access Hospitals,,no-domain,exa-domain-lookup,no domain in the seed dataset,"STANDING ROCK SERVICE UNIT hospital FORT YATES, ND official website",
354003,NORTH DAKOTA STATE HOSPITAL,2605 CIRCLE DRIVE,JAMESTOWN,ND,58401,hpt-obf:v1:td1dBv9q754ohvpU.SVWqUO_2sF2CqkNQa8XEsw.Y3AjYbDH_uBexxX695U,Psychiatric,,no-domain,exa-domain-lookup,no domain in the seed dataset,NORTH DAKOTA STATE HOSPITAL hospital JAMESTOWN ND official website,
354004,PRAIRIE ST JOHN'S,510 4TH STREET SOUTH,FARGO,ND,58103,hpt-obf:v1:eMfJRElQb_GX2DPf.MlAvQ32mfUYb4CgfnS0jXQ.HP7pXCXKVvcxLVrKRJU,Psychiatric,,no-domain,exa-domain-lookup,no domain in the seed dataset,PRAIRIE ST JOHN'S hospital FARGO ND official website,
36001F,LOUIS STOKES CLEVELAND VA MEDICAL CENTER,10701 EAST BLVD,CLEVELAND,OH,44106,hpt-obf:v1:gItld_s8ljGVEiIQ.OsYaSWDZAAFS8Pb0VpwTHA.joQ-0Hgv4GcfFWETFvE,Acute Care - Veterans Administration,,no-domain,exempt-federal,federally owned; outside 45 CFR 180,,
360032,GRAND LAKE HEALTH SYSTEM,200 SAINT CLAIR STREET,SAINT MARYS,OH,45885,hpt-obf:v1:H0NXx8OsTefBHq5m._fwUYl9blmjXSRLCjoYp4Q.j4H_iFuG54HwQgdmzvg,Acute Care Hospitals,,no-domain,exa-domain-lookup,no domain in the seed dataset,GRAND LAKE HEALTH SYSTEM hospital SAINT MARYS OH official website,
360036,WOOSTER COMMUNITY HOSPITAL,1761 BEALL AVENUE,WOOSTER,OH,44691,hpt-obf:v1:4WRZzXybxYA4rjQm.iDtRiYNLPooLUKsZpNpN-A.D7s1_HCZQL6Q81X48aM,Acute Care Hospitals,,no-domain,exa-domain-lookup,no domain in the seed dataset,WOOSTER COMMUNITY HOSPITAL hospital WOOSTER OH official website,
36003F,CINCINNATI VA MEDICAL CENTER,3200 VINE STREET,CINCINNATI,OH,45220,hpt-obf:v1:gM9ijte0iBDrZzPn.DnAB6vakYcUpJV5OZwzoJg.NWhTT2Yrahh91m3rYPQ,Acute Care - Veterans Administration,,no-domain,exempt-federal,federally owned; outside 45 CFR 180,,
360041,PARMA COMMUNITY GENERAL HOSPITAL,7007 POWERS BOULEVARD,PARMA,OH,44129,hpt-obf:v1:rwN8me9C_9aZabIL.rlVT8zr7kYRDsvVeCgAOnw.InbqwfEyWGAa9R9N2Cs,Acute Care Hospitals,uhhospitals.org,ok,name-match-review,pointer file works (14 entries) but none matched this hospital's name,,
36006F,88th Medical Group (Wright-Patterson AFB),88 MDG 4881 Sugar Maple Dr,Wright-Patterson AFB,OH,45433,hpt-obf:v1:tAOIDFiU2-uw1eSi.LjONbyZop7JTA1eWCAiT8A.TjXMdfDDO05PaoAgfdw,Acute Care - Department of Defense,,no-domain,exempt-federal,federally owned; outside 45 CFR 180,,
360075,UH REGIONAL HOSPITALS,13207 RAVENNA ROAD,CHARDON,OH,44024,hpt-obf:v1:lr0qZ5FRKCufGymt.fVYfnRwFFgzzfy_8dYhrRA.ROnNCv-pCrAKUXADLvo,Acute Care Hospitals,uhhospitals.org,ok,name-match-review,pointer file works (14 entries) but none matched this hospital's name,,
36007F,DAYTON VA MEDICAL CENTER,4100 WEST THIRD STREET,DAYTON,OH,45428,hpt-obf:v1:wLXxxVQ77xpzT-js.ndCGA9NS23KHknrrj6rgKg.bcj38oiJiZFGoY2IhR8,Acute Care - Veterans Administration,,no-domain,exempt-federal,federally owned; outside 45 CFR 180,,
360080,EAST OHIO REGIONAL HOSPITAL,90 NORTH FOURTH STREET,MARTINS FERRY,OH,43935,hpt-obf:v1:g7HNbFIrY6ZDmJay.tX8dAfa0uIQPkLuRNkzK2w.5fwaGPPiWFYzrU6Djkk,Acute Care Hospitals,,no-domain,exa-domain-lookup,no domain in the seed dataset,EAST OHIO REGIONAL HOSPITAL hospital MARTINS FERRY OH official website,
36008F,CHILLICOTHE VA MEDICAL CENTER,17273 STATE ROUTE 104,CHILLICOTHE,OH,45601,hpt-obf:v1:hmZMNV24zTFmyVhD.T8AR86yS0OdxvQIjgEwzXA.R_KoGgxM2y8ny1cmPrY,Acute Care - Veterans Administration,,no-domain,exempt-federal,federally owned; outside 45 CFR 180,,
360098,LAKE HEALTH,7590 AUBURN ROAD,CONCORD,OH,44077,hpt-obf:v1:hzqVaEGCWz0tePqm.ZabY6Q-U6hfiwioieC8Viw.60f18JIpIThkSFk0YiU,Acute Care Hospitals,lakehealth.org,ok,name-match-review,pointer file works (14 entries) but none matched this hospital's name,,
360125,ASHTABULA COUNTY MEDICAL CENTER,2420 LAKE AVENUE,ASHTABULA,OH,44004,hpt-obf:v1:qqZFDwIlAOU9SOkY.ya9HiGzLbMhGd2SDGv1RPA.UfQLUJRVTUPhN1IkEmI,Acute Care Hospitals,,no-domain,exa-domain-lookup,no domain in the seed dataset,ASHTABULA COUNTY MEDICAL CENTER hospital ASHTABULA OH official website,
360163,CHRIST HOSPITAL,2139 AUBURN AVENUE,CINCINNATI,OH,45219,hpt-obf:v1:j7DgYaGS_lCE8-o6.RYdQKqU7KJXch6eBo-_j_g.K4oxIkjLTTPakfdfzYs,Acute Care Hospitals,,no-domain,exa-domain-lookup,no domain in the seed dataset,CHRIST HOSPITAL hospital CINCINNATI OH official website,
360189,MADISON HEALTH,210 NORTH MAIN STREET,LONDON,OH,43140,hpt-obf:v1:EmZWcCVEyO6nsEPB.1fxTlO7qnTTvfO7uU8xrYw.fkBBoGYjlwCqzab1zsI,Acute Care Hospitals,madison-health.com,notfound,exa-domain-lookup,pointer fetch failed (notfound); domain is likely wrong or stale,MADISON HEALTH hospital LONDON OH official website,
360211,TRINITY MEDICAL CTR EAST &TRINITY MEDICAL CTR WEST,380 SUMMIT AVENUE,STEUBENVILLE,OH,43952,hpt-obf:v1:RXbQzW0MEaRLVc8_.gEh8XWKKPOFxV9W6ddjMGQ.D8jRx403eN3rS9ZwEpw,Acute Care Hospitals,,no-domain,exa-domain-lookup,no domain in the seed dataset,TRINITY MEDICAL CTR EAST &TRINITY MEDICAL CTR WEST hospital STEUBENVILLE OH official website,
360245,GLENBEIGH HEALTH SOURCES,2863 STATE ROUTE 45,ROCK CREEK,OH,44084,hpt-obf:v1:h-yrP3quoSBkV0nu.fooygy93ywUhfIRoTdh8cA.z83HnVbE_ndXyFJLMmU,Acute Care Hospitals,,no-domain,exa-domain-lookup,no domain in the seed dataset,GLENBEIGH HEALTH SOURCES hospital ROCK CREEK OH official website,
360361,KINGS DAUGHTERS MEDICAL CENTER OHIO,1901 ARGONNE ROAD,PORTSMOUTH,OH,45662,hpt-obf:v1:9-u0OdEOjEK025f2.tIaOfZxLiaUc1cjNPoBKIQ.zpz8Z1xfzRt_oYEe4XI,Acute Care Hospitals,kingsdaughtershealth.com,notfound,exa-domain-lookup,pointer fetch failed (notfound); domain is likely wrong or stale,KINGS DAUGHTERS MEDICAL CENTER OHIO hospital PORTSMOUTH OH official website,
361300,PAULDING COUNTY HOSPITAL,1035 WEST WAYNE ST.,PAULDING,OH,45879,hpt-obf:v1:b69OjQMWqcGkCzpc.gkm9MedQq3ZOi1_91yfGjQ.u001BKG6721dB5eXrnA,Critical Access Hospitals,,no-domain,exa-domain-lookup,no domain in the seed dataset,PAULDING COUNTY HOSPITAL hospital PAULDING OH official website,
361307,UHHS MEMORIAL HOSPITAL OF GENEVA,870 WEST MAIN STREET,GENEVA,OH,44041,hpt-obf:v1:qqTTXfX-Rkf6JK9Q.lOAHPKhaUPpPxWFNRdVJWg.L1oRD4x3pEYkA7tW9Rg,Critical Access Hospitals,uhhospitals.org,ok,name-match-review,pointer file works (14 entries) but none matched this hospital's name,,
361333,FULTON COUNTY HEALTH CENTER,725 SOUTH SHOOP AVENUE,WAUSEON,OH,43567,hpt-obf:v1:vDcVYCDAE2H8oNvG.rXpnJ9l58qwo3Al4pcLY0A.G_zgBKIXW4K-k57-tiY,Critical Access Hospitals,fultoncountyhealthcenter.org,html,exa-domain-lookup,pointer fetch failed (html); domain is likely wrong or stale,FULTON COUNTY HEALTH CENTER hospital WAUSEON OH official website,
364007,TWIN VALLEY BEHAVIORAL HEALTHCARE,2200 WEST BROAD STREET,COLUMBUS,OH,43223,hpt-obf:v1:cDpfr4EJafqlcnZh.7Whb5ZcfVSB2fVt_nyTmwA.l31DHY6aZAhFBnS4ybM,Psychiatric,,no-domain,exa-domain-lookup,no domain in the seed dataset,TWIN VALLEY BEHAVIORAL HEALTHCARE hospital COLUMBUS OH official website,
364011,NORTHCOAST BEHAVIORAL HEALTHCARE NORTHFIELD CAMPUS,1756 SAGAMORE ROAD,NORTHFIELD,OH,44067,hpt-obf:v1:8EFkkXTnELNYz_pJ.heqzteaOWYaoWytpoUCOzw.FteQPxPEcxrgiXWEDp0,Psychiatric,,no-domain,exa-domain-lookup,no domain in the seed dataset,NORTHCOAST BEHAVIORAL HEALTHCARE NORTHFIELD CAMPUS hospital NORTHFIELD OH official website,
364014,NORTHWEST OHIO PSYCHIATRIC HOSPITAL,930 SOUTH DETROIT AVENUE,TOLEDO,OH,43614,hpt-obf:v1:p4ezVN8zLrsPhK-3.VZJOifq75o2LK1SPpbWLkQ.hsKnZ8mH1QrbzRE7D_8,Psychiatric,,no-domain,exa-domain-lookup,no domain in the seed dataset,NORTHWEST OHIO PSYCHIATRIC HOSPITAL hospital TOLEDO OH official website,
364015,APPALACHIAN BEHAVIORAL HEALTH CARE,100 HOSPITAL DRIVE,ATHENS,OH,45701,hpt-obf:v1:zxsB_F2uJZJLpIS6.P6Q76B62LAfSy8XheI-V3Q.3de-4ggzIOrFnv0Ss3k,Psychiatric,,no-domain,exa-domain-lookup,no domain in the seed dataset,APPALACHIAN BEHAVIORAL HEALTH CARE hospital ATHENS OH official website,
364029,WINDSOR LAURELWOOD CENTER FOR BEHAVORIAL MEDICINE,35900 EUCLID AVENUE,WILLOUGHBY,OH,44094,hpt-obf:v1:DrdnN22oH9kSHA9n._Uvz-6Dwj0TRo7Y66Rvh-w.j5kdEFBaC_ZyK1oYJGo,Psychiatric,,no-domain,exa-domain-lookup,no domain in the seed dataset,WINDSOR LAURELWOOD CENTER FOR BEHAVORIAL MEDICINE hospital WILLOUGHBY OH official website,
364031,HEARTLAND BEHAVIORAL HEALTHCARE,3000 ERIE SW,MASSILLON,OH,44648,hpt-obf:v1:zAsZCvUEgsQ3h7qd.LddvV3tRQw2XkdD1Cley4g.88R8dA363bnB76jGIW8,Psychiatric,,no-domain,exa-domain-lookup,no domain in the seed dataset,HEARTLAND BEHAVIORAL HEALTHCARE hospital MASSILLON OH official website,
364035,SUMMIT BEHAVIORAL HEALTHCARE,1101 SUMMIT ROAD,CINCINNATI,OH,45237,hpt-obf:v1:QIZ_kW_0u8YT7uU7.Ps4jMi3y9NEcqDJoluvNCA.IpppwhkzkAx3hiID-8s,Psychiatric,,no-domain,exa-domain-lookup,no domain in the seed dataset,SUMMIT BEHAVIORAL HEALTHCARE hospital CINCINNATI OH official website,
364036,ARROWHEAD BEHAVIORAL HEALTH,1725 TIMBER LINE ROAD,MAUMEE,OH,43537,hpt-obf:v1:hrY0DEHa21ZInptH.o58CVMjMVIwSXY22KGj5lw.yq_B8A-F2BZZ3S0AjdU,Psychiatric,,no-domain,exa-domain-lookup,no domain in the seed dataset,ARROWHEAD BEHAVIORAL HEALTH hospital MAUMEE OH official website,
364040,MENTAL HEALTH SERVICES FOR CLARK AND MADISON COS,474 NORTH YELLOW SPRINGS STREET,SPRINGFIELD,OH,45504,hpt-obf:v1:khuxkpspDHUKP3An._t-9jWnAOtaQKBKmWphpZQ.PFbY0pqU2ycAV5zDwiQ,Psychiatric,,no-domain,exa-domain-lookup,no domain in the seed dataset,MENTAL HEALTH SERVICES FOR CLARK AND MADISON COS hospital SPRINGFIELD OH official website,
364054,GENERATIONS BEHAVIORAL HEALTH - GENEVA,60 WEST STREET,GENEVA,OH,44041,hpt-obf:v1:-etpGrvqlY28Rc4Z.Wt1WUW4vsii90St53lsPeg.fHDPuR64-asu5HbdvxM,Psychiatric,,no-domain,exa-domain-lookup,no domain in the seed dataset,GENERATIONS BEHAVIORAL HEALTH - GENEVA hospital GENEVA OH official website,
364055,SOJOURN AT SENECA SENIOR BEHAVIORAL HEALTH HOSPITA,50 ST LAWRENCE DRIVE,TIFFIN,OH,44883,hpt-obf:v1:khdBQOoHEp663Xn4.Vr_1DJZ7QExLSaD_5AJtzA.ehzneGardLyVMNOOO9s,Psychiatric,,no-domain,exa-domain-lookup,no domain in the seed dataset,SOJOURN AT SENECA SENIOR BEHAVIORAL HEALTH HOSPITA hospital TIFFIN OH official website,
364058,SUN BEHAVIORAL COLUMBUS,900 EAST DUBLIN GRANVILLE ROAD,COLUMBUS,OH,43229,hpt-obf:v1:67uZta1r302T0GMl.Wh2OUHmfilKUNalTQGvhkQ.RLYzMVgTHiWpIoVxLq8,Psychiatric,,no-domain,exa-domain-lookup,no domain in the seed dataset,SUN BEHAVIORAL COLUMBUS hospital COLUMBUS OH official website,
364060,GENERATIONS BEHAVIORAL HEALTH-YOUNGSTOWN LLC,196 COLONIAL DRIVE,YOUNGSTOWN,OH,44504,hpt-obf:v1:Sxt0hqXClmZAja7e.f7DZnKUetxg9qgN7O6Qo_A.LRUMvnjAKFFMOutfa0Q,Psychiatric,,no-domain,exa-domain-lookup,no domain in the seed dataset,GENERATIONS BEHAVIORAL HEALTH-YOUNGSTOWN LLC hospital YOUNGSTOWN OH official website,
364062,MOUNT CARMEL BEHAVIORAL HEALTH,4646 HILTON CORP0RATE DRIVE,COLUMBUS,OH,43232,hpt-obf:v1:WQljaU0SkHmkdRXg.zSB-L_XvGPV_AzjfGW3HpA.-Mh_4gLz2rwHH5_5oC4,Psychiatric,,no-domain,exa-domain-lookup,no domain in the seed dataset,MOUNT CARMEL BEHAVIORAL HEALTH hospital COLUMBUS OH official website,
370002,Integris Health Woodward Hospital,900 17TH STREET,WOODWARD,OK,73801,hpt-obf:v1:P_svw9a4RnFVnb-I.tRWWgUwJhBUboWh9dkRg2w.wvusLvKnLNoYNN3TXYM,Acute Care Hospitals,alliancehealthwoodward.com,blocked,unblocker,"domain returned 403/429; needs the unblocker, not a new domain",,
370004,INTEGRIS MIAMI HOSPITAL,200 SECOND AVENUE SOUTHWEST,MIAMI,OK,74355,hpt-obf:v1:p52WbwaTC5dJqLLC.jTzx3svTTm1fUNObh_dt0A.HX-iPR2a4C1P1Z7jjKQ,Acute Care Hospitals,,no-domain,exa-domain-lookup,no domain in the seed dataset,INTEGRIS MIAMI HOSPITAL hospital MIAMI OK official website,
370006,INTEGRIS HEALTH PONCA CITY,1900 NORTH 14TH STREET,PONCA CITY,OK,74601,hpt-obf:v1:WCuL-Nwgzl12Mnp1._7ktFjDnzPWbkxCYd1Zk7w.o7bId5Si6OqVWYwYGw4,Acute Care Hospitals,alliancehealthponcacity.com,blocked,unblocker,"domain returned 403/429; needs the unblocker, not a new domain",,
370016,INTEGRIS HEALTH ENID HOSPITAL,600 SOUTH MONROE,ENID,OK,73701,hpt-obf:v1:ZybhkfAoGFhXel70.U_8tamAii6qJOUDxKxkREA.-ZjKgJ3a2KY00D522vQ,Acute Care Hospitals,,no-domain,exa-domain-lookup,no domain in the seed dataset,INTEGRIS HEALTH ENID HOSPITAL hospital ENID OK official website,
370026,ST MARY'S REGIONAL MEDICAL CENTER,305 SOUTH 5TH STREET,ENID,OK,73701,hpt-obf:v1:sT6exyssRWJE0jla.KE1AKTPq6UjAB5KoT_O5jA.o73pIn2vhfH0fXmLYvU,Acute Care Hospitals,,no-domain,exa-domain-lookup,no domain in the seed dataset,ST MARY'S REGIONAL MEDICAL CENTER hospital ENID OK official website,
370028,"INTEGRIS BAPTIST MEDICAL CENTER, INC",3300 NORTHWEST EXPRESSWAY,OKLAHOMA CITY,OK,73112,hpt-obf:v1:3k4bs8x4sgQyTC2Y.v8Upv-n7Vw9h5qtrxLALFA.hIN2tF_XMi-8Aqpad4o,Acute Care Hospitals,,no-domain,exa-domain-lookup,no domain in the seed dataset,"INTEGRIS BAPTIST MEDICAL CENTER, INC hospital OKLAHOMA CITY OK official website",
370078,OKLAHOMA STATE UNIVERSITY MEDICAL CENTER,744 WEST 9TH STREET,TULSA,OK,74127,hpt-obf:v1:mWe4HMW36lfldiWH.zjCAASs7p-dlTIq7okkIbA.yd1zZ4Udxb3yABoiGQM,Acute Care Hospitals,,no-domain,exa-domain-lookup,no domain in the seed dataset,OKLAHOMA STATE UNIVERSITY MEDICAL CENTER hospital TULSA OK official website,
370093,O U MEDICAL CENTER,700 NE 13TH STREET,OKLAHOMA CITY,OK,73104,hpt-obf:v1:LPFCDU-de3sqgNvG.XzmVlmylFeN9c8H1No14Fw.rfe7ElNMm_vu7dwJvKA,Acute Care Hospitals,ouhealth.com,ok,name-match-review,pointer file works (3 entries) but none matched this hospital's name,,
370097,SOUTHWESTERN MEDICAL CENTER,5602 SOUTHWEST LEE BOULEVARD,LAWTON,OK,73505,hpt-obf:v1:-Ex53vu9BjOGBGu0.Z8cOGXCRzJqKDWC5KoIQLw.SR1W6PvQrvBcifoAzfk,Acute Care Hospitals,swmconline.com,neterr,exa-domain-lookup,pointer fetch failed (neterr); domain is likely wrong or stale,SOUTHWESTERN MEDICAL CENTER hospital LAWTON OK official website,
370106,INTEGRIS SOUTHWEST MEDICAL CENTER,4401 SOUTH WESTERN AVENUE,OKLAHOMA CITY,OK,73109,hpt-obf:v1:9-u_KlXlG4eA-K-u.obbYbp8CnNHFE3aoFpaLDA.ZEdzXvXwFTlzhHnXYgQ,Acute Care Hospitals,,no-domain,exa-domain-lookup,no domain in the seed dataset,INTEGRIS SOUTHWEST MEDICAL CENTER hospital OKLAHOMA CITY OK official website,
370112,SEQUOYAH COUNTY-CITY OF SALLISAW HOSPITAL AUTHORIT,213 EAST REDWOOD,SALLISAW,OK,74955,hpt-obf:v1:x9EWs6VF9cCEien_.o62kBBqoe7sgHxDQvN0mrg.TFxyTyuqEe3cd49CKyY,Acute Care Hospitals,,no-domain,exa-domain-lookup,no domain in the seed dataset,SEQUOYAH COUNTY-CITY OF SALLISAW HOSPITAL AUTHORIT hospital SALLISAW OK official website,
370113,INTEGRIS GROVE HOSPITAL,1001 EAST 18TH STREET,GROVE,OK,74344,hpt-obf:v1:W0TbX1enrn8E2Wq1.XnP9-djwsOAFzH0eMcEUHw.CGUeSygMNukZFo_N9eo,Acute Care Hospitals,,no-domain,exa-domain-lookup,no domain in the seed dataset,INTEGRIS GROVE HOSPITAL hospital GROVE OK official website,
37012F,MUSKOGEE VA MEDICAL CENTER,1011 HONOR HEIGHTS DRIVE,MUSKOGEE,OK,74401,hpt-obf:v1:nEdLSPkVTKbPdcpf.xVtzvdn9l0ExJ6arWrXYNQ.jGHtoztp6aAYWnlmgpE,Acute Care - Veterans Administration,,no-domain,exempt-federal,federally owned; outside 45 CFR 180,,
37014F,OKLAHOMA CITY VA MEDICAL CENTER,921 NE 13TH STREET,OKLAHOMA CITY,OK,73104,hpt-obf:v1:8CFfsEcnwECSifYE.wZC2zEMiSIVZgphcUSntiw.9mL0wJtE2YAmHsX1dI8,Acute Care - Veterans Administration,,no-domain,exempt-federal,federally owned; outside 45 CFR 180,,
370158,PURCELL MUNICIPAL HOSPITAL,1500 NORTH GREEN AVENUE,PURCELL,OK,73080,hpt-obf:v1:0Q4fF02MRRAlZDy6.IsS8iuPGupwyR_Y8jBv8-Q.6dNjatkgOebm5nfELlA,Acute Care Hospitals,,no-domain,exa-domain-lookup,no domain in the seed dataset,PURCELL MUNICIPAL HOSPITAL hospital PURCELL OK official website,
370170,LAWTON INDIAN HOSPITAL,1515 LAWRIE TATUM ROAD,LAWTON,OK,73507,hpt-obf:v1:Ueug_kntEoetb50A.wwDmjFKJPkzzhhpf57tpgA.CHwGeKQ3dqge7_jTi8A,Acute Care Hospitals,,no-domain,exa-domain-lookup,no domain in the seed dataset,LAWTON INDIAN HOSPITAL hospital LAWTON OK official website,
370171,CHEROKEE NATION W W HASTINGS INDIAN HOSPITAL,100 S BLISS AVENUE,TAHLEQUAH,OK,74464,hpt-obf:v1:XodyjJ9bF3Q3ZY65.dBl-t0_JU7_ttTXJDaCzVA.V9tQ6MIpKO4thTouvJ8,Acute Care Hospitals,,no-domain,exa-domain-lookup,no domain in the seed dataset,CHEROKEE NATION W W HASTINGS INDIAN HOSPITAL hospital TAHLEQUAH OK official website,
370172,CHOCTAW NATION HEALTH SERVICES AUTHORITY,1 CHOCTAW WAY,TALIHINA,OK,74571,hpt-obf:v1:YILb-P6A_cWl1wgR.LuCikHvFU6RMl79vrGf6hw.-X0PNsZEaXwzuyGq8ow,Acute Care Hospitals,,no-domain,exa-domain-lookup,no domain in the seed dataset,CHOCTAW NATION HEALTH SERVICES AUTHORITY hospital TALIHINA OK official website,
370173,CLAREMORE INDIAN HOSPITAL,101 SOUTH MOORE AVE,CLAREMORE,OK,74017,hpt-obf:v1:N4BQQ3kd2VcYoXK6.jKs1A6MDxycSkYldrY6-dg.fy1FR_j_khP7pdmCsGc,Acute Care Hospitals,,no-domain,exa-domain-lookup,no domain in the seed dataset,CLAREMORE INDIAN HOSPITAL hospital CLAREMORE OK official website,
370178,MEMORIAL HOSPITAL,1401 WEST LOCUST,STILWELL,OK,74960,hpt-obf:v1:MBeR88-QOwQpb6Zm.btCc4TIsPh9R5oCheNCuNw.97HFVOJq99sTI9CyUas,Acute Care Hospitals,,no-domain,exa-domain-lookup,no domain in the seed dataset,MEMORIAL HOSPITAL hospital STILWELL OK official website,
370180,CHICKASAW NATION MEDICAL CENTER,1921 STONECIPHER BLVD,ADA,OK,74820,hpt-obf:v1:FUigACZBfCIgmrh0.FNHsBVL4pYyyjYBReSIfCg.9ya-Ry1re-OOrZK3zeU,Acute Care Hospitals,,no-domain,exa-domain-lookup,no domain in the seed dataset,CHICKASAW NATION MEDICAL CENTER hospital ADA OK official website,
370199,"LAKESIDE WOMEN'S HOSPITAL, A MEMBER OF INTEGRIS HE",11200 NORTH PORTLAND AVENUE,OKLAHOMA CITY,OK,73120,hpt-obf:v1:5sbICdpwJibgjdZj._K9SE28gaJwzFWQJ6Z6Uqg.V4b45bBuRLKwM_7e-YQ,Acute Care Hospitals,lakeside-wh.com,blocked,unblocker,"domain returned 403/429; needs the unblocker, not a new domain",,
370201,SURGICAL HOSPITAL OF OKLAHOMA,100 SOUTHEAST 59TH STREET,OKLAHOMA CITY,OK,73129,hpt-obf:v1:7c_QCi4BfVngYGU8.qkt2ewgLG-zCID3dja48Ew.eA8pdZTfy93Jv8Umnrs,Acute Care Hospitals,surgicalhospitalok.net,ok,name-match-review,pointer file works (1 entries) but none matched this hospital's name,,
370203,"COMMUNITY HOSPITAL, LLC",3100 SOUTHWEST 89TH STREET,OKLAHOMA CITY,OK,73159,hpt-obf:v1:Sinu-U1WLk3TCwTV.85IHUEsVMBFSQzqMZJJCqQ.Ci9ZFXP1kUdWfgRdHXc,Acute Care Hospitals,communityhospitalokc.com,blocked,unblocker,"domain returned 403/429; needs the unblocker, not a new domain",,
370206,OKLAHOMA SPINE HOSPITAL,14101 PARKWAY COMMONS DRIVE,OKLAHOMA CITY,OK,73134,hpt-obf:v1:IWk-olpiFO4e_ox8.o90MOwicOUB02GZXLvFEQw.XwltFqqIfDOB8cwV7Kc,Acute Care Hospitals,,no-domain,exa-domain-lookup,no domain in the seed dataset,OKLAHOMA SPINE HOSPITAL hospital OKLAHOMA CITY OK official website,
370211,INTEGRIS CANADIAN VALLEY HOSPITAL,1201 HEALTH CENTER PARKWAY,YUKON,OK,73099,hpt-obf:v1:ZISy1rvc-6h5ZjeQ.8P25Jr8K2nikSSV8s0zJVQ.lWB6OFEZA_b8vIPbh8E,Acute Care Hospitals,,no-domain,exa-domain-lookup,no domain in the seed dataset,INTEGRIS CANADIAN VALLEY HOSPITAL hospital YUKON OK official website,
370212,OKLAHOMA CENTER FOR ORTHOPAEDIC & MULTI-SP,8100 SOUTH WALKER BLDG C,OKLAHOMA CITY,OK,73139,hpt-obf:v1:rB6Hw6QKJ08FTpJX.p93hYr1MEQ_9CS82A4rIrQ.KPO9j1T8apLVxuEJYO0,Acute Care Hospitals,,no-domain,exa-domain-lookup,no domain in the seed dataset,OKLAHOMA CENTER FOR ORTHOPAEDIC & MULTI-SP hospital OKLAHOMA CITY OK official website,
370225,"SUMMIT MEDICAL CENTER, LLC",1800 SOUTH RENAISSANCE BOULEVARD,EDMOND,OK,73034,hpt-obf:v1:I3LbTE1JxKvhO3Mf.XfUmlYBvFSSfoGa6rkVWhg.PpHN_llX-4OhP905es8,Acute Care Hospitals,,no-domain,exa-domain-lookup,no domain in the seed dataset,"SUMMIT MEDICAL CENTER, LLC hospital EDMOND OK official website",
370236,INTEGRIS HEALTH EDMOND HOSPITAL,4801 INTEGRIS PARKWAY,EDMOND,OK,73034,hpt-obf:v1:RVCt4FBe_qpEeRHQ.Rl1kXv1_jyy-M_9-ee7etA.phiZeXaUpyiY-9LWNHE,Acute Care Hospitals,,no-domain,exa-domain-lookup,no domain in the seed dataset,INTEGRIS HEALTH EDMOND HOSPITAL hospital EDMOND OK official website,
370243,VALLEY COMMUNITY HOSPITAL,100 VALLEY DRIVE,PAULS VALLEY,OK,73075,hpt-obf:v1:RqMKXZ6OANwFK7j8.9sGKXIoJxxaObxLldw6I3A.0OSyEwJH13xOzAV-IqQ,Acute Care Hospitals,,no-domain,exa-domain-lookup,no domain in the seed dataset,VALLEY COMMUNITY HOSPITAL hospital PAULS VALLEY OK official website,
370244,COUNCIL OAK COMPREHENSIVE HEALTHCARE,10109 E 79TH ST,TULSA,OK,74133,hpt-obf:v1:sMz6EVBpiz5utROG.bf26U5cCfGaWNdw6L6UuSA.m4fkd9S6Omoj3XLhnjk,Acute Care Hospitals,,no-domain,exa-domain-lookup,no domain in the seed dataset,COUNCIL OAK COMPREHENSIVE HEALTHCARE hospital TULSA OK official website,
370245,CLINTON REGIONAL HOSPITAL,100 N 30TH STREET,CLINTON,OK,73601,hpt-obf:v1:o67L3X_okbuJz-1A.WbRuK_fpAJimD1zIoYPN8w.6nBzdG0anv-f7D_Cjdk,Acute Care Hospitals,,no-domain,exa-domain-lookup,no domain in the seed dataset,CLINTON REGIONAL HOSPITAL hospital CLINTON OK official website,
370246,CARRUS LAKESIDE HOSPITAL,700 WEST 7TH STREET,BRISTOW,OK,74010,hpt-obf:v1:mDIwPg7mzihVU2Fv.sPLMPN88bcIXjWClS64rcw.uSR9n89hnWJZy2rAsO8,Acute Care Hospitals,,no-domain,exa-domain-lookup,no domain in the seed dataset,CARRUS LAKESIDE HOSPITAL hospital BRISTOW OK official website,
370784,CLINTON REGIONAL HOSPITAL,100 N 30TH STREET,CLINTON,OK,73601,hpt-obf:v1:8OaI21EoApHvCva_.v8DQSuvdTdtkGJNvCPWfAA.Xj7wdJq1Xjk6vD0veQs,Rural Emergency Hospital,,no-domain,exa-domain-lookup,no domain in the seed dataset,CLINTON REGIONAL HOSPITAL hospital CLINTON OK official website,
371300,ATOKA COUNTY MEDICAL CENTER,1590 WEST LIBERTY ROAD,ATOKA,OK,74525,hpt-obf:v1:Usb1Se6XWTq3zK_g.j7ZBnI-F3xm27ZdO2JvdAA.4D6Dt-Hj7RVVgg9R_Sc,Critical Access Hospitals,,no-domain,exa-domain-lookup,no domain in the seed dataset,ATOKA COUNTY MEDICAL CENTER hospital ATOKA OK official website,
371303,ROGER MILLS MEMORIAL HOSPITAL,501 SOUTH L L MALES AVENUE,CHEYENNE,OK,73628,hpt-obf:v1:VrnSi6jwG7htK9Dz.o4O3krl8gIZz-6qm3jV_fA.3DEjlev7rK8jQgnBlSQ,Critical Access Hospitals,,no-domain,exa-domain-lookup,no domain in the seed dataset,ROGER MILLS MEMORIAL HOSPITAL hospital CHEYENNE OK official website,
371306,MERCY HOSPITAL MARIETTA,300 WANDA STREET,MARIETTA,OK,73448,hpt-obf:v1:66cjI4sEsEY86BGZ.QlUJN8wJf7svJi3ukHrUow.yyKOuaNEsDS_c98KUl8,Critical Access Hospitals,,no-domain,exa-domain-lookup,no domain in the seed dataset,MERCY HOSPITAL MARIETTA hospital MARIETTA OK official website,
371314,THE PHYSICIANS' HOSPITAL IN ANADARKO,1002 E CENTRAL BLVD,ANADARKO,OK,73005,hpt-obf:v1:GOSO48UAtxl_N0NR.Pz9zIDZuzt5uaH_aJmYEsg.2yfneNu5VpDXvHRqFZM,Critical Access Hospitals,anadarkohospital.com,neterr,exa-domain-lookup,pointer fetch failed (neterr); domain is likely wrong or stale,THE PHYSICIANS' HOSPITAL IN ANADARKO hospital ANADARKO OK official website,
371318,RURAL WELLNESS FAIRFAX HOSPITAL,40 HOSPITAL ROAD,FAIRFAX,OK,74637,hpt-obf:v1:v8umY0GprBeQMQ93.UU7aKanas3An3QCLtR4uvQ.NzSk8erOG_CTtcVE8YA,Critical Access Hospitals,,no-domain,exa-domain-lookup,no domain in the seed dataset,RURAL WELLNESS FAIRFAX HOSPITAL hospital FAIRFAX OK official website,
371319,"COAL COUNTY GENERAL HOSPITAL, INC.",6 NORTH COVINGTON,COALGATE,OK,74538,hpt-obf:v1:1MRnEs0HeMSVADEd.wddtzYRSTR8mWf3VGJZ-KA.j9_dijepUBRsnNued_E,Critical Access Hospitals,,no-domain,exa-domain-lookup,no domain in the seed dataset,"COAL COUNTY GENERAL HOSPITAL, INC. hospital COALGATE OK official website",
371321,HOLDENVILLE GENERAL HOSPITAL,100 MCDOUGAL DRIVE,HOLDENVILLE,OK,74848,hpt-obf:v1:6F9jp1nQEOzSy4-h.Jv1jodjtehIPjkmvQQmO0A.eC4iR2KbvvkmNlAaa9Y,Critical Access Hospitals,,no-domain,exa-domain-lookup,no domain in the seed dataset,HOLDENVILLE GENERAL HOSPITAL hospital HOLDENVILLE OK official website,
371322,BEAVER COUNTY MEMORIAL HOSPITAL,212 EAST 8TH STREET,BEAVER,OK,73932,hpt-obf:v1:qRPfdsLW3OPK6-IO.gG1A0lRZOwoAoCKqxxWkcA.tddnwYnNm3HSe1slSy0,Critical Access Hospitals,beavercountyhospitalauthority.com,html,exa-domain-lookup,pointer fetch failed (html); domain is likely wrong or stale,BEAVER COUNTY MEMORIAL HOSPITAL hospital BEAVER OK official website,
371323,"WEATHERFORD REGIONAL HOSPITAL, INC OF WEATHERFORD",3701 E MAIN,WEATHERFORD,OK,73096,hpt-obf:v1:i0NTKuS4Y5RbcJzk.tOxUt5HvkEOQHI4INkGlZA.eSI1DC8kINXN2nJDgzQ,Critical Access Hospitals,,no-domain,exa-domain-lookup,no domain in the seed dataset,"WEATHERFORD REGIONAL HOSPITAL, INC OF WEATHERFORD hospital WEATHERFORD OK official website",
371331,DRUMRIGHT REGIONAL HOSPITAL,610 WEST BYPASS,DRUMRIGHT,OK,74030,hpt-obf:v1:ejeQ1uT9dR_nBsS3.gAW9Xr7wvPbUdFPnvyUsaw.AJSEOd8yquuw6jADPmI,Critical Access Hospitals,,no-domain,exa-domain-lookup,no domain in the seed dataset,DRUMRIGHT REGIONAL HOSPITAL hospital DRUMRIGHT OK official website,
371333,CREEK NATION COMMUNITY HOSPITAL,1800 E COPLIN,OKEMAH,OK,74859,hpt-obf:v1:Mbwq2PqveLgtVY1h.uICSsrikyV6HfU19iArNYQ.AZP6G5gPZPbs9-JVxr8,Critical Access Hospitals,,no-domain,exa-domain-lookup,no domain in the seed dataset,CREEK NATION COMMUNITY HOSPITAL hospital OKEMAH OK official website,
371341,SHARE MEDICAL CENTER,800 SHARE DRIVE,ALVA,OK,73717,hpt-obf:v1:vrEaGl8vUygsQa8k.oKLQJEn4VruHXzYGwGmSTw.ehyJk6LJY5bKZGJydJ0,Critical Access Hospitals,,no-domain,exa-domain-lookup,no domain in the seed dataset,SHARE MEDICAL CENTER hospital ALVA OK official website,
374000,GRIFFIN MEMORIAL HOSPITAL,900 EAST MAIN STREET,NORMAN,OK,73070,hpt-obf:v1:PZ4nI9SRd75tjaJp.WFUvd6cRCpL71GSpVDu7uA.MphlDetQK2lzmeY7pcc,Psychiatric,,no-domain,exa-domain-lookup,no domain in the seed dataset,GRIFFIN MEMORIAL HOSPITAL hospital NORMAN OK official website,
374001,NORTHWEST CENTER FOR BEHAVIORAL HEALTH (NCBH),1 MILE EAST US HIGHWAY 270,FORT SUPPLY,OK,73841,hpt-obf:v1:tgkgyS_44oj-rqYX.Z7A2BggMyCfJxnNVogWFyg.zb1gfomt2l9oAhw0f8I,Psychiatric,,no-domain,exa-domain-lookup,no domain in the seed dataset,NORTHWEST CENTER FOR BEHAVIORAL HEALTH (NCBH) hospital FORT SUPPLY OK official website,
374006,CARL ALBERT COMMUNITY MENTAL HEALTH CENTER,1101 EAST MONROE,MCALESTER,OK,74501,hpt-obf:v1:WAN5Lr_ekUM-Q7IH.oQBFtDWRfyE11XZXoYx1rA.BAgXWOw8JJSQK7QIzNs,Psychiatric,,no-domain,exa-domain-lookup,no domain in the seed dataset,CARL ALBERT COMMUNITY MENTAL HEALTH CENTER hospital MCALESTER OK official website,
374008,JIM TALIAFERRO COMM MENTAL HEALTH CTR,602 SOUTHWEST 38TH STREET,LAWTON,OK,73505,hpt-obf:v1:T2OcnqpPlIKgoKtr.Xs6y0xQlpWDIEww3gIKzUw.SkIMaTdTGs4donpgFR0,Psychiatric,,no-domain,exa-domain-lookup,no domain in the seed dataset,JIM TALIAFERRO COMM MENTAL HEALTH CTR hospital LAWTON OK official website,
374023,CEDAR RIDGE BEHAVIORAL HOSPITAL,6501 NORTHEAST 50TH STREET,OKLAHOMA CITY,OK,73141,hpt-obf:v1:3uVl-Gvk43rrdtE8.TTRRdvfLzbHlDgmPLsYyTA._ElUbHORuPoEC9dRJsM,Psychiatric,,no-domain,exa-domain-lookup,no domain in the seed dataset,CEDAR RIDGE BEHAVIORAL HOSPITAL hospital OKLAHOMA CITY OK official website,
374026,TULSA CENTER FOR BEHAVIORAL HEALTH,2323 S HARVARD AVE,TULSA,OK,74114,hpt-obf:v1:g44OPom53v4evSTJ.NkrnBwg2hZB0-yv_JgPD4Q.iZV7d8wIrUE8kG87Jkc,Psychiatric,,no-domain,exa-domain-lookup,no domain in the seed dataset,TULSA CENTER FOR BEHAVIORAL HEALTH hospital TULSA OK official website,
380009,OHSU HOSPITAL AND CLINICS,3181 SW SAM JACKSON PARK ROAD,PORTLAND,OR,97239,hpt-obf:v1:4KL8jJ9Rw_iwr2do.r_7-AUBGO4EyNa_i2pf-2g.Q6NUPZSpN6FAQ3JBAZ4,Acute Care Hospitals,,no-domain,exa-domain-lookup,no domain in the seed dataset,OHSU HOSPITAL AND CLINICS hospital PORTLAND OR official website,
38003F,PORTLAND VA MEDICAL CENTER,3710 SW US VETERANS HOSPITAL,PORTLAND,OR,97239,hpt-obf:v1:chkNNEMbivbldcG_.lN9dJsDpN2iZfp_Xx6UVEA.sqibwZSn5df30cHewSs,Acute Care - Veterans Administration,,no-domain,exempt-federal,federally owned; outside 45 CFR 180,,
38004F,VA ROSEBURG HEALTHCARE SYSTEM,913 NW GARDEN VALLEY BLVD.,ROSEBURG,OR,97471,hpt-obf:v1:2igyoqf5LJ74VCXp.e6WzNq8J-L1UIroomUlVWQ.SMTv--XgRgwuLaP-JZ8,Acute Care - Veterans Administration,,no-domain,exempt-federal,federally owned; outside 45 CFR 180,,
380102,SACRED HEART MEDICAL CENTER - RIVERBEND,3333 RIVERBEND DRIVE,SPRINGFIELD,OR,97477,hpt-obf:v1:Z5EJ5lcwGN9LCsP1.4cjdr9p_h5HmkZkhc3GtgQ.tDVsDOUs_XZc6YWdoms,Acute Care Hospitals,peacehealth.org,blocked,unblocker,"domain returned 403/429; needs the unblocker, not a new domain",,
381301,PEACEHEALTH COTTAGE GROVE COMMUNITY MEDICAL CENTER,1515 VILLAGE DRIVE,COTTAGE GROVE,OR,97424,hpt-obf:v1:l4AP437D_YZ41h9f.scm9M4k5S_IILWhFlZl7lg.ter4Y4TGcHo1RgbhN5c,Critical Access Hospitals,peacehealth.org,blocked,unblocker,"domain returned 403/429; needs the unblocker, not a new domain",,
381310,PIONEER MEMORIAL HOSPITAL,564 E PIONEER DRIVE,HEPPNER,OR,97836,hpt-obf:v1:2-XW25z4mxBOomKB.Vq2wVxw8Kp2V92XWRgYcnQ.5MEX7ixxJcsqnvI2RGs,Critical Access Hospitals,,no-domain,exa-domain-lookup,no domain in the seed dataset,PIONEER MEMORIAL HOSPITAL hospital HEPPNER OR official website,
381316,PEACE HARBOR MEDICAL CENTER,400 9TH STREET,FLORENCE,OR,97439,hpt-obf:v1:CUmeakt7WAKQqWeB.ZUAGIkbqMQrHb6iSmdw2aQ.KOtyVJ6lJQ7YHCIEndE,Critical Access Hospitals,peacehealth.org,blocked,unblocker,"domain returned 403/429; needs the unblocker, not a new domain",,
381317,ADVENTIST HEALTH TILLAMOOK,1000 THIRD STREET,TILLAMOOK,OR,97141,hpt-obf:v1:QCjKsHfJOE-dDT8J.0a3Q105gIafkE-z8EJASZA.VZCbm2iN3m0mJzJ4w8o,Critical Access Hospitals,adventisthealth.org,ok,name-match-review,pointer file works (23 entries) but none matched this hospital's name,,
381322,CURRY GENERAL HOSPITAL,94220 FOURTH STREET,GOLD BEACH,OR,97444,hpt-obf:v1:0jit0nDAtt3IBR9q.LJE_xg74du74UH3nW0s02A.4rxCDBHKYdwS394mOuk,Critical Access Hospitals,,no-domain,exa-domain-lookup,no domain in the seed dataset,CURRY GENERAL HOSPITAL hospital GOLD BEACH OR official website,
384008,OREGON STATE HOSPITAL DISTINCT PART,2600 CENTER STREET NE,SALEM,OR,97310,hpt-obf:v1:YzBnQSNsFwnMjZlE.GoB1x8Ow55xva2hVfKyq8w.hOhGy9C8kpsfqT2j6rs,Psychiatric,oregon.gov,failed,exa-domain-lookup,pointer fetch failed (failed); domain is likely wrong or stale,OREGON STATE HOSPITAL DISTINCT PART hospital SALEM OR official website,
384012,CEDAR HILLS HOSPITAL,10300 SW EASTRIDGE STREET,PORTLAND,OR,97225,hpt-obf:v1:je0k2VXtGf83Klm6.oQAgebmFkq6R0JAUnMpdOQ.wOP3wxp6elF05x2fuDc,Psychiatric,,no-domain,exa-domain-lookup,no domain in the seed dataset,CEDAR HILLS HOSPITAL hospital PORTLAND OR official website,
39001F,JAMES E. VAN ZANDT VA MEDICAL CENTER (ALTOONA),2907 PLEASANT VALLEY BOULEVARD,ALTOONA,PA,16602,hpt-obf:v1:vQAHZb0FZLodXssf.5XKb12Ro0fpeqDIZ9ivP-g.zX_PiY9ENaqpgXP4Rbc,Acute Care - Veterans Administration,,no-domain,exempt-federal,federally owned; outside 45 CFR 180,,
390025,KENSINGTON HOSPITAL,136 W DIAMOND STREET,PHILADELPHIA,PA,19122,hpt-obf:v1:U0Kj1oGFEBNNnelU.D3ds5-W4cYJb01kQvbLb_g.iGY0Cp6UnJfJacxIZJ0,Acute Care Hospitals,,no-domain,exa-domain-lookup,no domain in the seed dataset,KENSINGTON HOSPITAL hospital PHILADELPHIA PA official website,
390030,SCHUYLKILL MEDICAL CENTER - SOUTH JACKSON STREET,420 SOUTH JACKSON STREET,POTTSVILLE,PA,17901,hpt-obf:v1:7PrTrdjjgX9UDsER.Po4QaSW5DwTjrz9YPAvXRw.eqBXLHQ69iEjdQhyo7s,Acute Care Hospitals,lvhn.org,ok,name-match-review,pointer file works (17 entries) but none matched this hospital's name,,
39004F,COATESVILLE VA MEDICAL CENTER,1400 BLACK HORSE HILL ROAD,COATESVILLE,PA,19320,hpt-obf:v1:UL2V3Cje5xPXIMiQ.Xb8vTpKOLhpPGy8Jq1VRRQ.5NLeKOBmCNnSiUO0wXs,Acute Care - Veterans Administration,,no-domain,exempt-federal,federally owned; outside 45 CFR 180,,
390057,ST LUKE'S HOSPITAL - GRAND VIEW CAMPUS,700 LAWN AVENUE,SELLERSVILLE,PA,18960,hpt-obf:v1:jHNzWMdJKS9iOHuq.CwpkYvtIDBjU56WAOfSWHQ.rqH9yvJb_IbqZMGFc04,Acute Care Hospitals,,no-domain,exa-domain-lookup,no domain in the seed dataset,ST LUKE'S HOSPITAL - GRAND VIEW CAMPUS hospital SELLERSVILLE PA official website,
39005F,ERIE VA MEDICAL CENTER,135 EAST 38TH STREET,ERIE,PA,16504,hpt-obf:v1:kM_0z7BjsTL5nrbP.vYQUCs7I433M5rx3p0RVOw.rS2KI6R--c0IqXOU2xY,Acute Care - Veterans Administration,,no-domain,exempt-federal,federally owned; outside 45 CFR 180,,
39006F,LEBANON VA MEDICAL CENTER,1700 SOUTH LINCOLN AVENUE,LEBANON,PA,17042,hpt-obf:v1:heon3Fr5risY7uRO.7RBcCwSevPCcy8J5FAriTA.UuN6JsElmD8bMxzMqck,Acute Care - Veterans Administration,,no-domain,exempt-federal,federally owned; outside 45 CFR 180,,
390093,INDEPENDENCE HEALTH SYSTEM CLARION HOSPITAL,ONE HOSPITAL DRIVE,CLARION,PA,16214,hpt-obf:v1:7TB2H-bwvJp13q7W.JXcha1nvSTvjpSDdYTDZmg.ORmbYSYnI8_6qsnAJ-o,Acute Care Hospitals,butlerhealthsystem.org,ok,name-match-review,pointer file works (5 entries) but none matched this hospital's name,,
390097,HOLY REDEEMER HOSPITAL AND MEDICAL CENTER,1648 HUNTINGDON PIKE,MEADOWBROOK,PA,19046,hpt-obf:v1:adccDqTL77WZygTx.L-6xu5qtpy9VSZXQyKzaVA.1lacXFIQciXRk5ZodW0,Acute Care Hospitals,,no-domain,exa-domain-lookup,no domain in the seed dataset,HOLY REDEEMER HOSPITAL AND MEDICAL CENTER hospital MEADOWBROOK PA official website,
39009F,PHILADELPHIA VA MEDICAL CENTER,3900 WOODLAND AVENUE,PHILADELPHIA,PA,19104,hpt-obf:v1:jlC8kqHwEajeTeSN.gz0ofw64i-9wABwkmkrzug.GUruTj21pcu3fD401Hg,Acute Care - Veterans Administration,,no-domain,exempt-federal,federally owned; outside 45 CFR 180,,
390116,SUBURBAN COMMUNITY HOSPITAL,2701 DEKALB PIKE,NORRISTOWN,PA,19401,hpt-obf:v1:Oy4H-D77y9jbTu8X.yLLY3nXqH4OB1w_QW5itig.wLe1p5tkLZjweALMTFM,Acute Care Hospitals,suburbanhosp.org,ok,name-match-review,pointer file works (2 entries) but none matched this hospital's name,,
390137,WILKES-BARRE GENERAL HOSPITAL,575 NORTH RIVER STREET,WILKES-BARRE,PA,18764,hpt-obf:v1:z8SyD0bJJ2wQFQKz.spDpP7PAA0Fr0AGgSx-7QA.vtR1CmmlMWNJSvG12Ek,Acute Care Hospitals,commonwealthhealth.net,notfound,exa-domain-lookup,pointer fetch failed (notfound); domain is likely wrong or stale,WILKES-BARRE GENERAL HOSPITAL hospital WILKES-BARRE PA official website,
39013F,WILKES BARRE VA MEDICAL CENTER,1111 EAST END BOULEVARD,WILKES-BARRE,PA,18711,hpt-obf:v1:9mIVfkogNiQ6c8wi.mHGz9KY3aIiXKmknGsHpxQ.VoTaHLS81tOyGWqPGnU,Acute Care - Veterans Administration,,no-domain,exempt-federal,federally owned; outside 45 CFR 180,,
390168,INDEPENDENCE HEALTH SYSTEM BUTLER MEMORIAL HOSPITA,ONE HOSPITAL WAY,BUTLER,PA,16001,hpt-obf:v1:ZIrBTgHp3fnvLn3b.po1X54sNO__V39GtkM_mDg.M3NCQN8IJ7LFIa8m4u0,Acute Care Hospitals,butlerhealthsystem.org,ok,name-match-review,pointer file works (5 entries) but none matched this hospital's name,,
390180,CROZER CHESTER MEDICAL CENTER,ONE MEDICAL CENTER BOULEVARD,UPLAND,PA,19013,hpt-obf:v1:wpu5GQlzKkzDGrCW.R9oRpfLjatiEl4Nh-2n7Bg.LodyxkC-yl0jQ-SfedA,Acute Care Hospitals,crozerhealth.org,notfound,exa-domain-lookup,pointer fetch failed (notfound); domain is likely wrong or stale,CROZER CHESTER MEDICAL CENTER hospital UPLAND PA official website,
390211,SHARON REGIONAL MEDICAL CENTER,740 EAST STATE STREET,SHARON,PA,16146,hpt-obf:v1:Q6JUnS7G-gFarSHt.RcA8mpq8WQSc8qiN4KYfRw.BiVfB4ZtKFsMDcSoT-Q,Acute Care Hospitals,sharonregionalmedical.org,notfound,exa-domain-lookup,pointer fetch failed (notfound); domain is likely wrong or stale,SHARON REGIONAL MEDICAL CENTER hospital SHARON PA official website,
390219,EXCELA HEALTH LATROBE HOSPITAL,ONE MELLON WAY,LATROBE,PA,15650,hpt-obf:v1:Jxr7ArIZZdUQNmeI.CT9ZgsWU0oEiDV746YWQ8Q.yc9kll1aZrHlzaaU6DU,Acute Care Hospitals,excelahealth.org,ok,name-match-review,pointer file works (5 entries) but none matched this hospital's name,,
390237,REGIONAL HOSPITAL OF SCRANTON,746 JEFFERSON AVENUE,SCRANTON,PA,18501,hpt-obf:v1:iOuT-iDuRJcyDRMO.hktokQ-9Yc3rxMe7sEstbQ.M2zVvSw55rGSm-gZvYM,Acute Care Hospitals,commonwealthhealth.net,notfound,exa-domain-lookup,pointer fetch failed (notfound); domain is likely wrong or stale,REGIONAL HOSPITAL OF SCRANTON hospital SCRANTON PA official website,
390268,MOUNT NITTANY MEDICAL CENTER,155 WELLNESS WAY,STATE COLLEGE,PA,16803,hpt-obf:v1:4CXrVwYPzkcwR1tJ.9-IAWbnJ5OjFbiz8xzvksA.feI1eYTwCkX2nk-Mk_k,Acute Care Hospitals,,no-domain,exa-domain-lookup,no domain in the seed dataset,MOUNT NITTANY MEDICAL CENTER hospital STATE COLLEGE PA official website,
390278,EAGLEVILLE HOSPITAL,100 EAGLEVILLE RD,EAGLEVILLE,PA,19403,hpt-obf:v1:6JGDNTkkATBT66J9.N2lkmJ61UjMCTUOfFWxMdw.vPjFFG23wenbJ04Qy6E,Acute Care Hospitals,eagleville.org,notfound,exa-domain-lookup,pointer fetch failed (notfound); domain is likely wrong or stale,EAGLEVILLE HOSPITAL hospital EAGLEVILLE PA official website,
390307,EDGEWOOD SURGICAL HOSPITAL,239 EDGEWOOD DRIVE EXTENSION,TRANSFER,PA,16154,hpt-obf:v1:kdJy9BCPG7tku3uv.SI67CfS0DlL1diANPBfW9g.KwKu2CmG1biyB2A98v4,Acute Care Hospitals,edgewoodsurgical.com,notfound,exa-domain-lookup,pointer fetch failed (notfound); domain is likely wrong or stale,EDGEWOOD SURGICAL HOSPITAL hospital TRANSFER PA official website,
390316,SURGICAL INSTITUTE OF READING,2752 CENTURY BOULEVARD,WYOMISSING,PA,19610,hpt-obf:v1:hSL3F40jaY1OIztZ.PaSHYv2OfsIfmeh1EB-EoA.a53mWXC_DIcTY-q3Nys,Acute Care Hospitals,sireading.com,blocked,unblocker,"domain returned 403/429; needs the unblocker, not a new domain",,
390430,LEHIGH VALLEY HOSPITAL - MACUNGIE,3369 STATE ROUTE 100,MACUNGIE,PA,18062,hpt-obf:v1:Sb8_n8MNSmzPWgf3.-xryAhjvj-sajuK2hIfL1A.cSK_nst3asFBvyyviSw,Acute Care Hospitals,,no-domain,exa-domain-lookup,no domain in the seed dataset,LEHIGH VALLEY HOSPITAL - MACUNGIE hospital MACUNGIE PA official website,
391306,ENDLESS MOUNTAINS HEALTH SYSTEMS,100 HOSPITAL DRIVE,MONTROSE,PA,18801,hpt-obf:v1:xNNr95XqXGsCwlRW.W9ZzhtlPchrk25B1ugu8kQ.K153R5dE4KOXLxvwQzE,Critical Access Hospitals,endlesscare.org,notfound,exa-domain-lookup,pointer fetch failed (notfound); domain is likely wrong or stale,ENDLESS MOUNTAINS HEALTH SYSTEMS hospital MONTROSE PA official website,
391309,BARNES-KASSON COUNTY HOSPITAL,2872 TURNPIKE STREET,SUSQUEHANNA,PA,18847,hpt-obf:v1:cxjBFzXJNLd1mrkN.r-bLMUe7fX_c9F8YS0-A2g.UTxrvRAu-OcDHZFwqJo,Critical Access Hospitals,barnes-kasson.org,html,exa-domain-lookup,pointer fetch failed (html); domain is likely wrong or stale,BARNES-KASSON COUNTY HOSPITAL hospital SUSQUEHANNA PA official website,
394001,NORRISTOWN STATE HOSPITAL,1001 STERIGERE STREET,NORRISTOWN,PA,19401,hpt-obf:v1:muzRN63Xcqb4YW1c.c607MwUeG9CA8AF1p0dgMg.7VoBijiwVHgY4Jvd2hw,Psychiatric,,no-domain,exa-domain-lookup,no domain in the seed dataset,NORRISTOWN STATE HOSPITAL hospital NORRISTOWN PA official website,
394004,DANVILLE STATE HOSPITAL,50 KIRKBRIDE DRIVE,DANVILLE,PA,17821,hpt-obf:v1:HV0PbkB2lXEr32eI.TFQS8olcPAC-nUz7HP-wvQ.LsHTXLUwE7qSnU7l980,Psychiatric,,no-domain,exa-domain-lookup,no domain in the seed dataset,DANVILLE STATE HOSPITAL hospital DANVILLE PA official website,
394008,FRIENDS HOSPITAL,4641 ROOSEVELT BOULEVARD,PHILADELPHIA,PA,19124,hpt-obf:v1:SGyqkzFzOELgY6wH.nSWMktzHw1bf64CWdeHPMQ.H8alrveUlfoyH0l9dAM,Psychiatric,,no-domain,exa-domain-lookup,no domain in the seed dataset,FRIENDS HOSPITAL hospital PHILADELPHIA PA official website,
394012,CLARKS SUMMIT STATE HOSPITAL,1451 HILLSIDE DRIVE,CLARKS SUMMIT,PA,18411,hpt-obf:v1:w4V2W8LNal0DcboR.gSKGzCTz03oCwh3QMLGWOg.nBV9AjV_JcCV9GDfD9s,Psychiatric,,no-domain,exa-domain-lookup,no domain in the seed dataset,CLARKS SUMMIT STATE HOSPITAL hospital CLARKS SUMMIT PA official website,
394014,WERNERSVILLE STATE HOSPITAL,160 MAIN STREET,WERNERSVILLE,PA,19565,hpt-obf:v1:CADUprOnSzeBpeqx.ImERlusuoqT0kSY4G48vyg.HqJZNbxnV-Hqb1iZAjI,Psychiatric,,no-domain,exa-domain-lookup,no domain in the seed dataset,WERNERSVILLE STATE HOSPITAL hospital WERNERSVILLE PA official website,
394016,WARREN STATE HOSPITAL,33 MAIN DRIVE,NORTH WARREN,PA,16365,hpt-obf:v1:fg5Hs0zE0JFz8HXo.wygncpErw2RIRZAF_SOO2Q.2hZ3PTFiR6zfzsMczww,Psychiatric,,no-domain,exa-domain-lookup,no domain in the seed dataset,WARREN STATE HOSPITAL hospital NORTH WARREN PA official website,
394026,TORRANCE STATE HOSPITAL,121 LONGVIEW DRIVE,TORRANCE,PA,15779,hpt-obf:v1:qSqF76HORq5H2IKu.gGu6vhX79P_2C1zlzcH7OA.STDGc1ZDtbdtxvDT5_Q,Psychiatric,,no-domain,exa-domain-lookup,no domain in the seed dataset,TORRANCE STATE HOSPITAL hospital TORRANCE PA official website,
394027,FAIRMOUNT BEHAVIORAL HEALTH SYSTEM,561 FAIRTHORNE AVENUE,PHILADELPHIA,PA,19128,hpt-obf:v1:bVnebffhlISrVOJU.gEnveLDnGosBsS8jwQOJFA.BhbezWbinbLW5vJDxnc,Psychiatric,fairmountbhs.com,blocked,unblocker,"domain returned 403/429; needs the unblocker, not a new domain",,
394033,MONTGOMERY COUNTY EMERGENCY SERVICE,50 BEECH DRIVE,NORRISTOWN,PA,19403,hpt-obf:v1:3iG_FW83ztzPXxBj.agzKNjhaXePCGmEMgAdwSA.Hr8RODkd2uB68HQQRRM,Psychiatric,,no-domain,exa-domain-lookup,no domain in the seed dataset,MONTGOMERY COUNTY EMERGENCY SERVICE hospital NORRISTOWN PA official website,
394034,HORSHAM CLINIC,722 EAST BUTLER PIKE,AMBLER,PA,19002,hpt-obf:v1:dUR6K8XDc4LjxbKO.eZY5u20qlXo6w9cgrwvqqg.GSOEchdBUE2WeTS0TA0,Psychiatric,horshamclinic.com,blocked,unblocker,"domain returned 403/429; needs the unblocker, not a new domain",,
394040,MEADOWS PSYCHIATRIC CENTER,132 MEADOWS DRIVE,CENTRE HALL,PA,16828,hpt-obf:v1:5Qju9NcNC_e-VIdQ.nP_P8K3wkxP_wT02sWQ8jg.2X6dxz0hzYH9UqYqpAc,Psychiatric,themeadows.net,blocked,unblocker,"domain returned 403/429; needs the unblocker, not a new domain",,
394043,CLARION PSYCHIATRIC CENTER,TWO HOSPITAL DR RD#3 BOX 188,CLARION,PA,16214,hpt-obf:v1:7ESxvI8oTAh3rYl8.SDrF0KSwbUYVoyZzBWEzSw.QR-8B1H2S42QJkyU-RM,Psychiatric,clarioncenter.com,blocked,unblocker,"domain returned 403/429; needs the unblocker, not a new domain",,
394049,BROOKE GLEN BEHAVIORAL HOSPITAL,7170 LAFAYETTE AVENUE,FORT WASHINGTON,PA,19034,hpt-obf:v1:55xRRvPAQy380Eym.QD4WxPZ6Ig5J0Q68Lf9wkw.H4nIrwFQ6gfFfm1BzLc,Psychiatric,brookeglenhospital.com,blocked,unblocker,"domain returned 403/429; needs the unblocker, not a new domain",,
394050,ROXBURY TREATMENT CENTER,601 ROXBURY ROAD,SHIPPENSBURG,PA,17257,hpt-obf:v1:xnOFSH7WEG9pRq-g.Ck5gbH3Xg2Y9sw9NRTt4Qg.8iN81HfJ9w7IVqltW5Q,Psychiatric,roxburyhospital.com,blocked,unblocker,"domain returned 403/429; needs the unblocker, not a new domain",,
394055,LANCASTER BEHAVIORAL HEALTH HOSPITAL,333 HARRISBURG AVENUE,LANCASTER,PA,17603,hpt-obf:v1:pwEpmk7up-G3NKG2.4-Gdp15XZEbYirankj_FiQ.Evm_xPqb6zGtlCPMjo0,Psychiatric,,no-domain,exa-domain-lookup,no domain in the seed dataset,LANCASTER BEHAVIORAL HEALTH HOSPITAL hospital LANCASTER PA official website,
394057,MALVERN BEHAVIORAL HEALTH,1930 SOUTH BROAD STREET,PHILADELPHIA,PA,19145,hpt-obf:v1:eHxBJlN3FQV6m6bD.1-LNUCn0_Sr-3CC8odlo5Q.S9giwAAd1X0Kkh-ouuc,Psychiatric,malvernbh.com,notfound,exa-domain-lookup,pointer fetch failed (notfound); domain is likely wrong or stale,MALVERN BEHAVIORAL HEALTH hospital PHILADELPHIA PA official website,
394059,GEISINGER BEHAVIORAL HEALTH CENTER NORTHEAST,60 GLENMAURA NATIONAL BOULEVARD,MOOSIC,PA,18507,hpt-obf:v1:WgRNlKehGlrXbhpm.EKaJnfTkY238seARvOCdCg.M_u8_BmLFc2oDVMoMUk,Psychiatric,,no-domain,exa-domain-lookup,no domain in the seed dataset,GEISINGER BEHAVIORAL HEALTH CENTER NORTHEAST hospital MOOSIC PA official website,
394063,GEISINGER BEHAVIORAL HEALTH CENTER DANVILLE,206 MARIA HALL DRIVE,DANVILLE,PA,17821,hpt-obf:v1:hQK3cmBdrMdbRJPw.5UVpoXObSM1M2VenXhpOdw.H6Zg8q8r2ciX73dYMcc,Psychiatric,,no-domain,exa-domain-lookup,no domain in the seed dataset,GEISINGER BEHAVIORAL HEALTH CENTER DANVILLE hospital DANVILLE PA official website,
400001,PRESBYTERIAN COMMUNITY HOSPITAL,"1451 ASHFORD AVENUE, EL CONDADO",SAN JUAN,PR,00907,hpt-obf:v1:abI8sh4uo7HQ_WKr.Mn262kUZTliDeIH47JVbZQ.MP3bHcnXAXFHsIrL8EA,Acute Care Hospitals,,no-domain,exa-domain-lookup,no domain in the seed dataset,PRESBYTERIAN COMMUNITY HOSPITAL hospital SAN JUAN PR official website,
400003,HOSPITAL METROPOLITANO DR PILA,2435  BOULEVARD LUIS A FERRE,PONCE,PR,00717,hpt-obf:v1:KndeDz5PjpiLPCiQ.ocMgNRPWllQ9ldzfxPlwfA.tQbtf-eu_mAizIGM9u0,Acute Care Hospitals,hmdrpila.com,html,exa-domain-lookup,pointer fetch failed (html); domain is likely wrong or stale,HOSPITAL METROPOLITANO DR PILA hospital PONCE PR official website,
400004,"ASOCIACION HOSPITAL DEL MAESTRO, INC",SERGIO CUEVAS BUSTAMANTE STREET 550,SAN JUAN,PR,00918,hpt-obf:v1:Zo3OjJGPYptXJXOS.Hw4aKnoXlFr0yPucvsmv0g.gpXd-kxOlzySkMoC3Us,Acute Care Hospitals,,no-domain,exa-domain-lookup,no domain in the seed dataset,"ASOCIACION HOSPITAL DEL MAESTRO, INC hospital SAN JUAN PR official website",
400005,HOPE MEDICAL CENTER,3 CALLE FONT MARTELO,HUMACAO,PR,00791,hpt-obf:v1:UKYXR7I0t225lnTy.Z4vlFUR8zw36ppZSOEOAvA.cdIniZwNEem7ybRyYtA,Acute Care Hospitals,,no-domain,exa-domain-lookup,no domain in the seed dataset,HOPE MEDICAL CENTER hospital HUMACAO PR official website,
400007,RYDER MEMORIAL HOSPITAL INC,355 AVE FONT MARTELO,HUMACAO,PR,00791,hpt-obf:v1:9XFcaizcnAlCyq3d.DFnUKXvRWHt4YVkyNwNqRQ.0B7f7ExrOsOAmhs4BfM,Acute Care Hospitals,,no-domain,exa-domain-lookup,no domain in the seed dataset,RYDER MEMORIAL HOSPITAL INC hospital HUMACAO PR official website,
400010,HOSPITAL GENERAL DE CASTANER,CARR 135 KM 64 2,CASTANER,PR,00631,hpt-obf:v1:SOYRnR6aYXb0qyXY.YiH6Z--Q-osAqj9UtmYRzw.zDP5-TIFr9n8o_mwGVs,Acute Care Hospitals,,no-domain,exa-domain-lookup,no domain in the seed dataset,HOSPITAL GENERAL DE CASTANER hospital CASTANER PR official website,
400012,HOSPITAL ONCOLOGICO DR ISAAC GONZALEZ MARTINEZ,BO. MONACILLOS 150 AVE AMERICO MIRANDA,SAN JUAN,PR,00936,hpt-obf:v1:yFPfITmE_VimpCad.o6W-8_4bePu4aYx2AmAZog.hFLk02bc07D_PyzPTtI,Acute Care Hospitals,,no-domain,exa-domain-lookup,no domain in the seed dataset,HOSPITAL ONCOLOGICO DR ISAAC GONZALEZ MARTINEZ hospital SAN JUAN PR official website,
400014,BELLA VISTA HOSPITAL,CARR 349 KM 2 7 CERRO LAS MESAS,MAYAGUEZ,PR,00681,hpt-obf:v1:spcwbEnstb5ZK_7w.Er1c0KP_S1PsW6eDfwC6Tw.Qppa6nlAR0mHwhBQXlE,Acute Care Hospitals,,no-domain,exa-domain-lookup,no domain in the seed dataset,BELLA VISTA HOSPITAL hospital MAYAGUEZ PR official website,
400015,SAN JUAN MUNICIPALITY HOSPITAL,"BO MONACILLOS,CENTRO MEDICO",RIO PIEDRAS,PR,00926,hpt-obf:v1:C1GCkQUWtuIAKaUr.7jvImq3unkkMT2te_dTS4A.KcqKeWrekg3U0LsncK0,Acute Care Hospitals,,no-domain,exa-domain-lookup,no domain in the seed dataset,SAN JUAN MUNICIPALITY HOSPITAL hospital RIO PIEDRAS PR official website,
400016,AUXILIO MUTUO HOSPITAL,PONCE DE LEON AVENUE  735 STOP 37 1/2,SAN JUAN,PR,00918,hpt-obf:v1:2gNU3Vvf9J5seFBW.rin2UAdMxZ9NgMKiiVkN5A.kRIs8TGGWIFnRzJkiig,Acute Care Hospitals,,no-domain,exa-domain-lookup,no domain in the seed dataset,AUXILIO MUTUO HOSPITAL hospital SAN JUAN PR official website,
400019,HOSPITAL PAVIA SANTURCE,STREET PROFESOR AUGUSTO RODRIGUEZ #1462,SAN JUAN,PR,00910,hpt-obf:v1:8VJ2QqtBW4mH6gb8.fAkf6AcpHUEQ1lRaCZYQvg.Y0X_-AyONKhrjf6fTDg,Acute Care Hospitals,hospitalpaviapr.com,html,exa-domain-lookup,pointer fetch failed (html); domain is likely wrong or stale,HOSPITAL PAVIA SANTURCE hospital SAN JUAN PR official website,
400021,HOSPITAL DE LA CONCEPCION,ROAD NUMBER 2 KM 173.4 CAIN ALTO,SAN GERMAN,PR,00683,hpt-obf:v1:Eje1-tDev9UlFl-w.VFDCRnE1gMN3Ba9GYMQdjg.EB93gdKr9d2fpPdV9-w,Acute Care Hospitals,,no-domain,exa-domain-lookup,no domain in the seed dataset,HOSPITAL DE LA CONCEPCION hospital SAN GERMAN PR official website,
400022,HOSPITAL DAMAS INC,PONCE BY PASS #2213,PONCE,PR,00717,hpt-obf:v1:cIQryUnFJXNYAmGp.aKjz5_v14VN3rBujB1q4pQ.Qm7hCVAZnmg0BdsFTd4,Acute Care Hospitals,,no-domain,exa-domain-lookup,no domain in the seed dataset,HOSPITAL DAMAS INC hospital PONCE PR official website,
40003F,SAN JUAN VA MEDICAL CENTER,10 CALLE CASIA,SAN JUAN,PR,00921,hpt-obf:v1:BTnluhtiY96sTdT0.AC6scsngF3xyVpSoXO4Unw.CVN-zMoq_tbQnpW0vMI,Acute Care - Veterans Administration,,no-domain,exempt-federal,federally owned; outside 45 CFR 180,,
400044,HOSPITAL EPISCOPAL SAN LUCAS II,917 AVE TITO CASTRO,PONCE,PR,00716,hpt-obf:v1:kIgUdGUPGodxUlf2.CyLjlSxftgj6j95q_b5wew.lFeklohASENZGKvW1-0,Acute Care Hospitals,,no-domain,exa-domain-lookup,no domain in the seed dataset,HOSPITAL EPISCOPAL SAN LUCAS II hospital PONCE PR official website,
400061,HOSPITAL UNIVERSITARIO DE ADULTO,BARRIO MONACILLOS CENTROMEDICO,RIO PIEDRAS,PR,00927,hpt-obf:v1:qZDz2zO2M_iE3dHZ.RXHdKN7KMVuI0QXszItNgQ.9rt06P5Zq9g5EbS0NnM,Acute Care Hospitals,,no-domain,exa-domain-lookup,no domain in the seed dataset,HOSPITAL UNIVERSITARIO DE ADULTO hospital RIO PIEDRAS PR official website,
400079,HOSPITAL  COMUNITARIO BUEN SAMARITANO INC,CARR EST PR 460 KM 0 2 BO CAIMITAL BAJO,AGUADILLA,PR,00603,hpt-obf:v1:d9jZDJIwOywenx6V.vjnS83xyxAqMpUDkOxQ15Q.gqR_iU6au0KsrSO9C6Y,Acute Care Hospitals,,no-domain,exa-domain-lookup,no domain in the seed dataset,HOSPITAL  COMUNITARIO BUEN SAMARITANO INC hospital AGUADILLA PR official website,
400087,HOSPITAL PAVIA ARECIBO,CARRETERA 129 KM.1 AVENIDA SAN LUIS,ARECIBO,PR,00612,hpt-obf:v1:W3mAy2IuHQs8VSex.Vx43ahy5EByCTIFAZ-ktWQ.7CNng9dhY8V_-zdwTqg,Acute Care Hospitals,,no-domain,exa-domain-lookup,no domain in the seed dataset,HOSPITAL PAVIA ARECIBO hospital ARECIBO PR official website,
400098,HOSPITAL SAN FRANCISCO,371 DE DIEGO AVE,SAN JUAN,PR,00923,hpt-obf:v1:-SymDQWfUPol0TGF.LC16UUKYC14VB8pfymOxZg.MTPCGrN4gEY-zTmLeBM,Acute Care Hospitals,,no-domain,exa-domain-lookup,no domain in the seed dataset,HOSPITAL SAN FRANCISCO hospital SAN JUAN PR official website,
400102,DOCTORS' CENTER BAYAMON,CALLE  J 9 EXTENSION  HERMANAS DAVILA,BAYAMON,PR,00960,hpt-obf:v1:8_tfxGtl-UsEPXto.ipst_r0zBTV1DkWyUaDIDw.i37w6D1HG5N3gDvPjDQ,Acute Care Hospitals,doctorscenterhospital.com,ok,name-match-review,pointer file works (39 entries) but none matched this hospital's name,,
400103,MAYAGUEZ MEDICAL CENTER DR RAMON EMETERIO BETANCES,CARR 2 BO SABALOS,MAYAGUEZ,PR,00682,hpt-obf:v1:Kg4T9qMGMafGgRzH.F49AxOP6TS6lnw4ogMHzVA.S-MRKgsOEiLvZHi35ag,Acute Care Hospitals,,no-domain,exa-domain-lookup,no domain in the seed dataset,MAYAGUEZ MEDICAL CENTER DR RAMON EMETERIO BETANCES hospital MAYAGUEZ PR official website,
400105,HOSPITAL UNIVERSITARIO DR RUIZ ARNAU,LAUREL AVE SANTA JUANITA #100,BAYAMON,PR,00956,hpt-obf:v1:Op5J68sMCbCNotHW.bA86ENCnWqFvD7H0ror0pw.4AnqxYugvQeb6eyVjus,Acute Care Hospitals,,no-domain,exa-domain-lookup,no domain in the seed dataset,HOSPITAL UNIVERSITARIO DR RUIZ ARNAU hospital BAYAMON PR official website,
400106,METROPOLITAN HOSPITAL,CARRETERA 21 1785 URB LAS LOMAS,SAN JUAN,PR,00915,hpt-obf:v1:Yg6PMs9Q_hAdVju8.tPK5Q60_jDYD_k7ekcCASg.yqg35fWOb19ZFFTbd84,Acute Care Hospitals,hospitalmetropolitanopr.com,html,exa-domain-lookup,pointer fetch failed (html); domain is likely wrong or stale,METROPOLITAN HOSPITAL hospital SAN JUAN PR official website,
400109,HOSPITAL ESPANOL AUXILIO MUTUO SAN PABLO,CALLE SANTA CRUZ NUM 70 URB SANTA CRUZ,BAYAMON,PR,00961,hpt-obf:v1:5HknSmlVDx11hUJC.PkHZM5vR8e5hFotuNjpR6Q.iQ_kuLZNPNPOFtJiglQ,Acute Care Hospitals,,no-domain,exa-domain-lookup,no domain in the seed dataset,HOSPITAL ESPANOL AUXILIO MUTUO SAN PABLO hospital BAYAMON PR official website,
400110,HOSPITAL PAVIA YAUCO,ROAD 128 KM 1.0,YAUCO,PR,00698,hpt-obf:v1:WIS9mu20z5F1NS4y.VyXc79p6js4iA-4NPB090g.eyRRL-VBvuuV6Jv2-rk,Acute Care Hospitals,hospitalpaviayauco.com,html,exa-domain-lookup,pointer fetch failed (html); domain is likely wrong or stale,HOSPITAL PAVIA YAUCO hospital YAUCO PR official website,
400111,HOSPITAL SAN CARLOS BORROMEO,CALLE CONCEPCION VERA AYALA #550 S,MOCA,PR,00676,hpt-obf:v1:EVxancLkW6PD3BNU.iBzAnGbGcVKd8mUDjsnLyg.S1U6oeXCSiYXQlVKFfA,Acute Care Hospitals,,no-domain,exa-domain-lookup,no domain in the seed dataset,HOSPITAL SAN CARLOS BORROMEO hospital MOCA PR official website,
400112,"HOSPITAL UPR, DR  FEDERICO TRILLA",CARR 3 KM 8  3 AVE 65TH INFANTERIA       BOX 6021,CAROLINA,PR,00984,hpt-obf:v1:uaG98C-bDRZ3BFY0.pRHyH0Lco_ZEGj5ZJqfTkw.Fv6TGGRUTeJpqEgANAE,Acute Care Hospitals,,no-domain,exa-domain-lookup,no domain in the seed dataset,"HOSPITAL UPR, DR  FEDERICO TRILLA hospital CAROLINA PR official website",
400114,MANATI MEDICAL CENTER DR OTERO LOPEZ,CARR 668 CALLE HERNANDEZ CARRION URB ATENAS,MANATI,PR,00674,hpt-obf:v1:gpIYypJhB3nOFn0s.6YlIlK2ze3_BK_5k0VoQyg.I0rxJeJIGlCoUtagGME,Acute Care Hospitals,,no-domain,exa-domain-lookup,no domain in the seed dataset,MANATI MEDICAL CENTER DR OTERO LOPEZ hospital MANATI PR official website,
400115,CENTRO MEDICO WILMA N VAZQUEZ,CARR. 2 KM 39.5    ROAD NUMBER 2 BO ALGARROBO,VEGA BAJA,PR,00693,hpt-obf:v1:AIQ3fOm0IAXvHf69.v2ak-tJim2kQvzt0R8kE4A.1G_JOM7_tCQ0KnEZOlw,Acute Care Hospitals,,no-domain,exa-domain-lookup,no domain in the seed dataset,CENTRO MEDICO WILMA N VAZQUEZ hospital VEGA BAJA PR official website,
400117,HOSPITAL METROPOLITANO  DR SUSONI,CALLE  PALMA  NUM 55,ARECIBO,PR,00612,hpt-obf:v1:8XQh0gtWsvEnF9UZ.aQ65OqVwu4q9-KlpdE8PTQ.lXbezJgT5QTueep1hQg,Acute Care Hospitals,hospitaldrsusoni.com,html,exa-domain-lookup,pointer fetch failed (html); domain is likely wrong or stale,HOSPITAL METROPOLITANO  DR SUSONI hospital ARECIBO PR official website,
400120,HOSPITAL PAVIA CAGUAS,URB MARIOLGA 100 AVE LUIS MUNOZ MARIN,CAGUAS,PR,00725,hpt-obf:v1:82kbelFr9fOxgL6d.2QKL_QyCMcO4B7IAIiKC6w.pisVpXJTx2zB7c_FBwc,Acute Care Hospitals,,no-domain,exa-domain-lookup,no domain in the seed dataset,HOSPITAL PAVIA CAGUAS hospital CAGUAS PR official website,
400123,HOSPITAL PEREA,15 DR BASORA STREET,MAYAGUEZ,PR,00681,hpt-obf:v1:b7Spzo37rKQXaZSd.SrKmTx5vgoQw1xQpa4IRkg.L1bh6tD2Pf_lgo9HykA,Acute Care Hospitals,hospitalperea.com,html,exa-domain-lookup,pointer fetch failed (html); domain is likely wrong or stale,HOSPITAL PEREA hospital MAYAGUEZ PR official website,
400124,CENTRO CARDIOVASCULAR DE PUERTO RICO Y EL CARIBE,"AVENIDA AMERICO MIRANDA, ENTRADA PRINCIPAL C M",SAN JUAN,PR,00936,hpt-obf:v1:Tiq503XzdCJu16pG.AEYyqy2rQjYD6OBfhSQm9Q.kaCuOBcKwCE1WYPD2OA,Acute Care Hospitals,,no-domain,exa-domain-lookup,no domain in the seed dataset,CENTRO CARDIOVASCULAR DE PUERTO RICO Y EL CARIBE hospital SAN JUAN PR official website,
400127,ASEM,EDIFICIO CENTRAL JULIO A PEREZ MEDICAL CENTER,SAN JUAN,PR,00935,hpt-obf:v1:xEEuduFGYCd1fUKx.oD-f-keo5vYhX9qkSwQCUw.rjwHIR7UcQsna-lgkVk,Acute Care Hospitals,,no-domain,exa-domain-lookup,no domain in the seed dataset,ASEM hospital SAN JUAN PR official website,
400128,"HOSPITAL PAVIA HATO REY, INC",AVE PONCE DE LEON 435,HATO REY,PR,00919,hpt-obf:v1:E7OirVZ-kj_jOfnO.7S-i2CAuXkaZ0j-LNx4CVw.w2G3oHslrYU85HuEXZI,Acute Care Hospitals,hospitalpaviapr.com,html,exa-domain-lookup,pointer fetch failed (html); domain is likely wrong or stale,"HOSPITAL PAVIA HATO REY, INC hospital HATO REY PR official website",
400130,HOSPITAL METROPOLITANO DE LA MONTANA,CALLE ISAAC GONZALEZ ESQUINA LEDESMA,BDA NUEVA,PR,00641,hpt-obf:v1:K_TXoSHuLka1j_TH.GnyA5wq2wwFaIeVwwdWwWA.Jh9dYzG_Dr0BcNGNluU,Acute Care Hospitals,hospitalmetroutuado.com,html,exa-domain-lookup,pointer fetch failed (html); domain is likely wrong or stale,HOSPITAL METROPOLITANO DE LA MONTANA hospital BDA NUEVA PR official website,
400131,CARIBBEAN MEDICAL CENTER,151 AVE OSVALDO MOLINA,FAJARDO,PR,00738,hpt-obf:v1:pRRD6y3kVOR_3lpe.p7tMFLNlU5bPz90Enj3F7A.IrmvCvD9tpwABHlTdlY,Acute Care Hospitals,,no-domain,exa-domain-lookup,no domain in the seed dataset,CARIBBEAN MEDICAL CENTER hospital FAJARDO PR official website,
400134,THE SAN JORGE HOSPITAL INC,258 SAN JORGE STREET,SAN JUAN,PR,00912,hpt-obf:v1:npDqOmM92chzb8-c.BHrYKBE7ZqHAIX495YsE7g.1wmH7MbS4HRUl2fb6OE,Acute Care Hospitals,,no-domain,exa-domain-lookup,no domain in the seed dataset,THE SAN JORGE HOSPITAL INC hospital SAN JUAN PR official website,
400135,HOSPITAL  CENTRO COMPRENSIVO DEL CANCER,PR21 INT PR 18   BO MONACILLOS URBANO,SAN JUAN,PR,00927,hpt-obf:v1:eFI7jI36OJ4q7B1i.H4Ye9gVQjEHZRZzG-MkQSA.2Plg_Cl2EdF-ec1m8Rc,Acute Care Hospitals,,no-domain,exa-domain-lookup,no domain in the seed dataset,HOSPITAL  CENTRO COMPRENSIVO DEL CANCER hospital SAN JUAN PR official website,
400137,DOCTORS CENTER HOSPITAL ORLANDO HEALTH DORADO,900 CARRETERA 696,DORADO,PR,00646,hpt-obf:v1:K6RzJ-gbdShpzcCF.gMIa2jUxcrUFoyLqWl9U4g.heGuYwnqAK0_pOK8t3M,Acute Care Hospitals,,no-domain,exa-domain-lookup,no domain in the seed dataset,DOCTORS CENTER HOSPITAL ORLANDO HEALTH DORADO hospital DORADO PR official website,
400138,PUERTO RICO WOMEN AND CHILDREN HOSPITAL LLC,CARR PR-2 KM11 6 INTERIOR ALEDANO HOSPITAL HERMANO,BAYAMON,PR,00959,hpt-obf:v1:7lPG0frZfp2qlERO.YzLzhdzUMW_geDotiV5SzA.dlwcjxWD3fvpaLuZtxk,Acute Care Hospitals,,no-domain,exa-domain-lookup,no domain in the seed dataset,PUERTO RICO WOMEN AND CHILDREN HOSPITAL LLC hospital BAYAMON PR official website,
400139,HOSPITAL EPISCOPAL  SAN LUCAS METRO,CARR 844 KM 0 5 CUPEY,SAN JUAN,PR,00928,hpt-obf:v1:3NSMwP-S7cMAomZ-.YaYQlJnI2bPtR6RQB_0xTw.NNP589XeAUmq2ASm9ZE,Acute Care Hospitals,,no-domain,exa-domain-lookup,no domain in the seed dataset,HOSPITAL EPISCOPAL  SAN LUCAS METRO hospital SAN JUAN PR official website,
400141,CENTRO MEDICO DEL NORESTE,404 AVE GENERAL VALERO,FAJARDO,PR,00738,hpt-obf:v1:HOQQ8HCLwpsxh8Ep.j3CKie4tthO9Jr24t8Im3w.8TDVNA7UJYRN0njFQQ8,Acute Care Hospitals,,no-domain,exa-domain-lookup,no domain in the seed dataset,CENTRO MEDICO DEL NORESTE hospital FAJARDO PR official website,
403301,UNIVERSITY PEDIATRIC HOSPITAL,PUERTO RICO MEDICAL CENTER IN RIO PIEDRAS,SAN JUAN,PR,00935,hpt-obf:v1:m31k6qBF9IPC9h8e.blqdSHV-aZ5bWLIG5QNAuw.SytJNW6j4MdjY_es0qc,Childrens,,no-domain,exa-domain-lookup,no domain in the seed dataset,UNIVERSITY PEDIATRIC HOSPITAL hospital SAN JUAN PR official website,
404004,FIRST HOSPITAL PANAMERICANO,CARR ESTATAL NUM 787 KM 1 5,CIDRA,PR,00739,hpt-obf:v1:62VhdnCzQgoVuD-7.irfTsv4Gr8XZF97pDSbj9A.NC_VioI8wZ-dp05GCks,Psychiatric,,no-domain,exa-domain-lookup,no domain in the seed dataset,FIRST HOSPITAL PANAMERICANO hospital CIDRA PR official website,
404005,SAN JUAN CAPESTRANO  HOSPITAL INC,CARR 877 KM 1 6 CAMINO LAS LOMAS,RIO PIEDRAS,PR,00928,hpt-obf:v1:50injatWZDETmI9A.sB9ZscOjt3TuIbqs4VFpoA.eCzt9mnc9P2yn8hA0ag,Psychiatric,,no-domain,exa-domain-lookup,no domain in the seed dataset,SAN JUAN CAPESTRANO  HOSPITAL INC hospital RIO PIEDRAS PR official website,
404007,HOSPITAL METROPOLITANO  PSIQUIATRICO DE CABO ROJO,108 MUNOZ RIVERA STREET,CABO ROJO,PR,00623,hpt-obf:v1:Y4Ohb3CMJ4C6ZWs9.Ja1mXfiZu63zahbG1sIEvA.MUH6cnff8TQSQJN-Hk8,Psychiatric,hospitalmetrocaborojo.com,html,exa-domain-lookup,pointer fetch failed (html); domain is likely wrong or stale,HOSPITAL METROPOLITANO  PSIQUIATRICO DE CABO ROJO hospital CABO ROJO PR official website,
410004,ROGER WILLIAMS MEDICAL CENTER,825 CHALKSTONE AVENUE,PROVIDENCE,RI,02908,hpt-obf:v1:EyK962gl0gp6NaOT.MnBoovkogBqyxqwA3goAVA.1iio54_Hf9NuDyy-0-A,Acute Care Hospitals,,no-domain,exa-domain-lookup,no domain in the seed dataset,ROGER WILLIAMS MEDICAL CENTER hospital PROVIDENCE RI official website,
410005,OUR LADY OF FATIMA HOSPITAL,200 HIGH SERVICE AVENUE,NORTH PROVIDENCE,RI,02904,hpt-obf:v1:gO4WoXzsuOftN4ZH.CRZCQaZ-F1zZwhOFLlentQ.BsUqT7IKQWnsavo6vC8,Acute Care Hospitals,,no-domain,exa-domain-lookup,no domain in the seed dataset,OUR LADY OF FATIMA HOSPITAL hospital NORTH PROVIDENCE RI official website,
410013,WESTERLY HOSPITAL,25 WELLS STREET,WESTERLY,RI,02891,hpt-obf:v1:CroUOItj--Q82fdL.1uVp0oqZ8xCEBSeX0fzgVA.XX44hO4Z656dDRCzwaU,Acute Care Hospitals,,no-domain,exa-domain-lookup,no domain in the seed dataset,WESTERLY HOSPITAL hospital WESTERLY RI official website,
41005F,PROVIDENCE VA MEDICAL CENTER,830 CHALKSTONE AVENUE,PROVIDENCE,RI,02908,hpt-obf:v1:LjgrlIYcz4ivCL1R.6Ixi_PsWZMnL0EB9vsGZsg.SnksKtqAA_g4xuCjcJU,Acute Care - Veterans Administration,,no-domain,exempt-federal,federally owned; outside 45 CFR 180,,
420002,PIEDMONT MEDICAL CENTER,1731 FRANK GASTON BLVD,ROCK HILL,SC,29732,hpt-obf:v1:NcbTaE4eLMVBD8zu.ppDryHIXodwqBS_k0qgY7Q.lzwc80XeD98lutxeISw,Acute Care Hospitals,,no-domain,exa-domain-lookup,no domain in the seed dataset,PIEDMONT MEDICAL CENTER hospital ROCK HILL SC official website,
420010,CAROLINA PINES REGIONAL MEDICAL CENTER,1304 W BOBO NEWSOM HWY,HARTSVILLE,SC,29550,hpt-obf:v1:J-kOmMmCaGk5YJm7.FjJI6EP6YbBqb06JrHolPw.wdSN8uSQtZBh-oL2udQ,Acute Care Hospitals,cprmc.com,failed,exa-domain-lookup,pointer fetch failed (failed); domain is likely wrong or stale,CAROLINA PINES REGIONAL MEDICAL CENTER hospital HARTSVILLE SC official website,
420020,TIDELANDS GEORGETOWN MEMORIAL HOSPITAL,606 BLACK RIVER RD DRAWER 1718,GEORGETOWN,SC,29440,hpt-obf:v1:wpmunwAYlmaoxTBl.acFGoyz41NmL-9mFEOXP9w.nfsyah5880IS6XYaHXs,Acute Care Hospitals,,no-domain,exa-domain-lookup,no domain in the seed dataset,TIDELANDS GEORGETOWN MEMORIAL HOSPITAL hospital GEORGETOWN SC official website,
420051,MCLEOD REGIONAL MEDICAL CENTER-PEE DEE,555 E CHEVES ST BOX 8700,FLORENCE,SC,29506,hpt-obf:v1:Ll_gN8HKp9epZqgi.Ej5MeFrrB8lYPuHe8CtPBA.Xy4HuecHqhhIaMlW9ag,Acute Care Hospitals,mcleodhealth.org,ok,name-match-review,pointer file works (7 entries) but none matched this hospital's name,,
420067,BEAUFORT COUNTY MEMORIAL HOSPITAL,955 RIBAUT RD,BEAUFORT,SC,29902,hpt-obf:v1:Z54oU8tfSwGmIwyH.1YDBte5L2EQ8fxKRr4vTow.xQMBOaPW97JIIPFf8ps,Acute Care Hospitals,,no-domain,exa-domain-lookup,no domain in the seed dataset,BEAUFORT COUNTY MEMORIAL HOSPITAL hospital BEAUFORT SC official website,
420073,LEXINGTON MEDICAL CENTER,2720 SUNSET BLVD,WEST COLUMBIA,SC,29169,hpt-obf:v1:Cfy5i22SmBdHS_a6.x8PV28gggHpdwcVJ1uS22A.APwoQHRtKQgEpR31Fuc,Acute Care Hospitals,lexmed.com,html,exa-domain-lookup,pointer fetch failed (html); domain is likely wrong or stale,LEXINGTON MEDICAL CENTER hospital WEST COLUMBIA SC official website,
420082,AIKEN REGIONAL MEDICAL CENTER,302 UNIVERSITY PARKWAY,AIKEN,SC,29801,hpt-obf:v1:Dz7NqG3bK3AxNnw2.nlMIE_7ab0NQReQjeTCPOA.43pw_KdFC3-iZc4e-OQ,Acute Care Hospitals,aikenregional.com,blocked,unblocker,"domain returned 403/429; needs the unblocker, not a new domain",,
42009F,NH Beaufort,1 Pinckney Blvd,Beaufort,SC,29902,hpt-obf:v1:67q4E-RJQ8tQg775.iyH_NBRwHaKPiYf7XI8DVQ.5Q80zFD8Y4LjQunqpyM,Acute Care - Department of Defense,,no-domain,exempt-federal,federally owned; outside 45 CFR 180,,
420104,MOUNT PLEASANT HOSPITAL,3510 HIGHWAY 17 NORTH SUITE 140,MOUNT PLEASANT,SC,29466,hpt-obf:v1:9eNJ8zIuEH0Y-wkY.iRXOqXNWo6-PhoAtnkct4A.VNBmnDJouC-Ngy9qgk4,Acute Care Hospitals,rsfh.com,ok,name-match-review,pointer file works (4 entries) but none matched this hospital's name,,
42011F,COLUMBIA SC VA MEDICAL CENTER,6439 GARNERS FERRY ROAD,COLUMBIA,SC,29209,hpt-obf:v1:7bYnclVJh65_qGQU.P5BO8543h9rZWHEkf6SqcA.GJ5ssZ6LDKnTm77e9kQ,Acute Care - Veterans Administration,,no-domain,exempt-federal,federally owned; outside 45 CFR 180,,
42029F,CHARLESTON VA MEDICAL CENTER,109 BEE STREET,CHARLESTON,SC,29401,hpt-obf:v1:m3zT816UaZcDQCA4.xVoBi0cwnJmXxLrSewts0Q.M6J148GL36MnbOQLxj4,Acute Care - Veterans Administration,,no-domain,exempt-federal,federally owned; outside 45 CFR 180,,
424002,LIGHTHOUSE BEHAVIORAL HEALTH HOSPITAL,152 WACCAMAW MEDICAL PARK DRIVE,CONWAY,SC,29526,hpt-obf:v1:wtlw-EPvP0K99z0i.ZSTZXNkG66dOr0xZRuIDow.asTqo_WDmgxyB8hVFFE,Psychiatric,,no-domain,exa-domain-lookup,no domain in the seed dataset,LIGHTHOUSE BEHAVIORAL HEALTH HOSPITAL hospital CONWAY SC official website,
424005,G WERBER BRYAN PSYCH HOSP,220 FAISON DR,COLUMBIA,SC,29203,hpt-obf:v1:xiO5fwqsGbEvO6D-.-rqsndmhXW3eFGuvohWYUQ.EPp8XzFxb3M3yDsnaxw,Psychiatric,,no-domain,exa-domain-lookup,no domain in the seed dataset,G WERBER BRYAN PSYCH HOSP hospital COLUMBIA SC official website,
424006,PALMETTO LOWCOUNTRY BEHAVIORAL HEALTH,2777 SPEISSEGGER DRIVE,CHARLESTON,SC,29405,hpt-obf:v1:vDrLYMz2uBO_aAuj.q1X28pulXkTi1uXqjm3hRg.sDrzYmlAtTEpyeS__JM,Psychiatric,,no-domain,exa-domain-lookup,no domain in the seed dataset,PALMETTO LOWCOUNTRY BEHAVIORAL HEALTH hospital CHARLESTON SC official website,
424008,THREE RIVERS BEHAVIORAL HEALTH,2900 SUNSET BOULEVARD,WEST COLUMBIA,SC,29169,hpt-obf:v1:XaAkHnGl3Yqo-RT8.tjpJRHFC14MuO5PuTamLxQ._4P9aV3dWUj3b3sHbqQ,Psychiatric,,no-domain,exa-domain-lookup,no domain in the seed dataset,THREE RIVERS BEHAVIORAL HEALTH hospital WEST COLUMBIA SC official website,
424010,"CAROLINA CTR FOR BEHAVIORAL HEALTH,THE",2700 E PHILLIPS RD,GREER,SC,29650,hpt-obf:v1:SiVzKKmcX7NmVv5u.5DhQwi7bq9EwZn_bfbfeYg.iVIPaHiSSZa18Uix88w,Psychiatric,,no-domain,exa-domain-lookup,no domain in the seed dataset,"CAROLINA CTR FOR BEHAVIORAL HEALTH,THE hospital GREER SC official website",
424011,PATRICK B HARRIS PSYCHIATRIC HOSPITAL,130 HIGHWAY 252,ANDERSON,SC,29622,hpt-obf:v1:PDGie1opBpRPuSed.NDFkdUehTg4lhzot42svjA.Zk2I5tP2tl15_q3wMXg,Psychiatric,,no-domain,exa-domain-lookup,no domain in the seed dataset,PATRICK B HARRIS PSYCHIATRIC HOSPITAL hospital ANDERSON SC official website,
43002F,VA BLACK HILLS HEALTHCARE SYSTEM,113 COMANCHE ROAD,FORT MEADE,SD,57741,hpt-obf:v1:_F2M2FMJstoGIhVB.A5QH_Vb8t0_kUHOZNsEWHQ.M5cQQNo4ofX0OYknaSw,Acute Care - Veterans Administration,,no-domain,exempt-federal,federally owned; outside 45 CFR 180,,
43005F,SIOUX FALLS VA MEDICAL CENTER,2501 WEST 22ND STREET,SIOUX FALLS,SD,57117,hpt-obf:v1:D2J5r0RojwUvoAGj.qLxd3Yc4btJXG3biEsrU_Q.G_VkO6Ei3_zP59bzg8Q,Acute Care - Veterans Administration,,no-domain,exempt-federal,federally owned; outside 45 CFR 180,,
430084,PHS INDIAN HOSPITAL AT ROSEBUD,400 SOLDIER CREEK ROAD,ROSEBUD,SD,57570,hpt-obf:v1:PwRjvKSmTNJlUnX9.aJ08ERI-GFtH1333oDg2pg.oKRfUQcjNz9t13YurKU,Acute Care Hospitals,,no-domain,exa-domain-lookup,no domain in the seed dataset,PHS INDIAN HOSPITAL AT ROSEBUD hospital ROSEBUD SD official website,
430089,DUNES SURGICAL HOSPITAL,600 N SIOUX POINT ROAD,DAKOTA DUNES,SD,57049,hpt-obf:v1:0fqD3nUUElmsSl4q.Uiy2pSAtjQj3JbLQNxMBKg.Px644AYqxp4NSDPnZkY,Acute Care Hospitals,,no-domain,exa-domain-lookup,no domain in the seed dataset,DUNES SURGICAL HOSPITAL hospital DAKOTA DUNES SD official website,
430098,PINE RIDGE IHS HOSPITAL,EAST HIGHWAY 18,PINE RIDGE,SD,57770,hpt-obf:v1:BjUtO_ZjCz2_TgOC.it0CsV-3QoebS7eIXoprDg.6Cevd02tdgq_6cyeGwc,Acute Care Hospitals,,no-domain,exa-domain-lookup,no domain in the seed dataset,PINE RIDGE IHS HOSPITAL hospital PINE RIDGE SD official website,
431300,MADISON REGIONAL HEALTH SYSTEM,323 SW 10TH ST,MADISON,SD,57042,hpt-obf:v1:y1HMJZ4ziEY6p7O8.lZQFWH8qQZe2K3RjYxswrA.Y9RmcZCkG9mPtNYQRpI,Critical Access Hospitals,madisonregionalhealth.org,html,exa-domain-lookup,pointer fetch failed (html); domain is likely wrong or stale,MADISON REGIONAL HEALTH SYSTEM hospital MADISON SD official website,
431308,EUREKA COMMUNITY HEALTH SERVICES - CAH,200 J AVE POST OFFICE BOX 517,EUREKA,SD,57437,hpt-obf:v1:EwIKP2VaeG5Qmg3v.DmBiVBdWPG6fCPQf40H0zQ.rnJAq65-ti9HmZAudgA,Critical Access Hospitals,avera.org,ok,name-match-review,pointer file works (40 entries) but none matched this hospital's name,,
431313,FREEMAN MEDICAL CENTER - CAH,510 E 8TH ST  POST OFFICE BOX 370,FREEMAN,SD,57029,hpt-obf:v1:8qpAkhuGJSBCqBSN.5p2PvUDOxF_oAlkAIu79AA.fNEZiW0oa7MJCpJzp0E,Critical Access Hospitals,avera.org,ok,name-match-review,pointer file works (40 entries) but none matched this hospital's name,,
431318,BOWDLE HOSPITAL - CAH,8001 W 5TH  POST OFFICE BOX 556,BOWDLE,SD,57428,hpt-obf:v1:Y-K3kFs97fdIrpFV.RVYONSwKoQTFC9vhSR-gpA.NzMnLzd8wRB6f4HWVUg,Critical Access Hospitals,avera.org,ok,name-match-review,pointer file works (40 entries) but none matched this hospital's name,,
431383,EAGLE BUTTE INDIAN HEALTH SERVICE HOSPITAL,24276 166TH AIRPORT ROAD,EAGLE BUTTE,SD,57625,hpt-obf:v1:P1tix0k9OGTcha5m.K38hEIt4-UKe95KKrUMKnQ.NOXMDPMCzVUpWVAwoU4,Critical Access Hospitals,,no-domain,exa-domain-lookup,no domain in the seed dataset,EAGLE BUTTE INDIAN HEALTH SERVICE HOSPITAL hospital EAGLE BUTTE SD official website,
433300,LIFESCAPE,2501 W 26TH ST,SIOUX FALLS,SD,57105,hpt-obf:v1:rW8C91R16BP0EB-3.dSfo_67obojvhfSeFNv4cA.LSRYOPKBaipk4RDjD2E,Childrens,,no-domain,exa-domain-lookup,no domain in the seed dataset,LIFESCAPE hospital SIOUX FALLS SD official website,
434003,SOUTH DAKOTA HUMAN SERVICES CENTER,3515 BROADWAY AVE   POST OFFICE BOX 7600,YANKTON,SD,57078,hpt-obf:v1:dATBvGjFyOnH8Eak.jiOI8LPD3G2tNb-DUU2WSw.E0XYTmSWxRq1J6OSzfE,Psychiatric,,no-domain,exa-domain-lookup,no domain in the seed dataset,SOUTH DAKOTA HUMAN SERVICES CENTER hospital YANKTON SD official website,
440002,JACKSON-MADISON COUNTY GENERAL HOSPITAL,620 SKYLINE DRIVE,JACKSON,TN,38301,hpt-obf:v1:6sdpZrmzV5PP9XzO.M2bhjs2GhXP8nJQX4O4NCg.iHqrj4RXPWB6EbpLrkE,Acute Care Hospitals,wth.org,notfound,exa-domain-lookup,pointer fetch failed (notfound); domain is likely wrong or stale,JACKSON-MADISON COUNTY GENERAL HOSPITAL hospital JACKSON TN official website,
440056,TENNOVA HEALTHCARE-JEFFERSON MEMORIAL HOSPITAL,110 HOSPITAL DRIVE,JEFFERSON CITY,TN,37760,hpt-obf:v1:-S9Hn_iDf-qZzkFx.M2QIUTKcY3JFL66v8Jx65Q.DmTsXChKckVTMOuResM,Acute Care Hospitals,,no-domain,exa-domain-lookup,no domain in the seed dataset,TENNOVA HEALTHCARE-JEFFERSON MEMORIAL HOSPITAL hospital JEFFERSON CITY TN official website,
440058,SOUTHERN TENNESSEE REGIONAL HEALTH SYSTEM WINCHEST,185 HOSPITAL ROAD,WINCHESTER,TN,37398,hpt-obf:v1:yeeyQvG8mRHxDtow.zsHA9GJwsYZzYmYOerL1YQ.PZW_0x-xdpkderqmQfI,Acute Care Hospitals,southerntnwinchester.com,ok,name-match-review,pointer file works (5 entries) but none matched this hospital's name,,
440060,WEST TENNESSEE HEALTHCARE MILAN HOSPITAL,4039 HIGHLAND ST,MILAN,TN,38358,hpt-obf:v1:aoK1yrdBtO3ZmCUK.im0iZiBoaCN_-Ahqj6CCkw.ocv4QbMitwO6xwLcPn8,Acute Care Hospitals,wth.org,notfound,exa-domain-lookup,pointer fetch failed (notfound); domain is likely wrong or stale,WEST TENNESSEE HEALTHCARE MILAN HOSPITAL hospital MILAN TN official website,
440061,VOLUNTEER COMMUNITY HOSPITAL,161 MOUNT PELIA RD,MARTIN,TN,38237,hpt-obf:v1:GoJoR8iXt7NWV9ck.T5stsSKItQup2MHZA7XGFg.EMUTq1zGfrdc3pYZ4-g,Acute Care Hospitals,wth.org,notfound,exa-domain-lookup,pointer fetch failed (notfound); domain is likely wrong or stale,VOLUNTEER COMMUNITY HOSPITAL hospital MARTIN TN official website,
440072,DYERSBURG REGIONAL MEDICAL CENTER,400 EAST TICKLE STREET,DYERSBURG,TN,38024,hpt-obf:v1:6kTl7n6_2zpnMho5.Xal_5xUlaJ_neAzCCX6dxQ.gPjPy11B19RZm1pHOEY,Acute Care Hospitals,wth.org,notfound,exa-domain-lookup,pointer fetch failed (notfound); domain is likely wrong or stale,DYERSBURG REGIONAL MEDICAL CENTER hospital DYERSBURG TN official website,
440091,"MEMORIAL HEALTHCARE SYSTEM, INC",2525 DESALES AVE,CHATTANOOGA,TN,37404,hpt-obf:v1:hBqKVgzsubHLhI0h.gHbn7tCiQW1dV0cHciJNbg.5xNGx6HMEK50SuH0-gc,Acute Care Hospitals,memorial.org,ok,name-match-review,pointer file works (72 entries) but none matched this hospital's name,,
440102,LINCOLN MEDICAL CENTER,106 MEDICAL CENTER BLVD,FAYETTEVILLE,TN,37334,hpt-obf:v1:A3M5v6mz8p8AHrGd.T6DMf25drsW_B6lyr2X11w.Wabwg7y9B0VUlVHtB84,Acute Care Hospitals,lincolnhealthsystem.com,ok,name-match-review,pointer file works (1 entries) but none matched this hospital's name,,
440104,ERLANGER MEDICAL CENTER,975 E 3RD ST,CHATTANOOGA,TN,37403,hpt-obf:v1:4eN0TlMijsDANaq5.RcAOkJyLveaoVNCgVEtF2g.9YwpQGAnB8peru7Da6s,Acute Care Hospitals,erlanger.org,ok,name-match-review,pointer file works (7 entries) but none matched this hospital's name,,
440132,WEST TENNESSEE HEALTHCARE HENRY COUNTY HOSPITAL,301 TYSON AVENUE,PARIS,TN,38242,hpt-obf:v1:kZd6g1ya72KpeBl-.vtodQ8HrLvPsY_1M3_nF6A.JB5KDSx37jTIKQ-eMVI,Acute Care Hospitals,,no-domain,exa-domain-lookup,no domain in the seed dataset,WEST TENNESSEE HEALTHCARE HENRY COUNTY HOSPITAL hospital PARIS TN official website,
44013F,MEMPHIS VA MEDICAL CENTER,116 N PAULINE ST,MEMPHIS,TN,38105,hpt-obf:v1:bEeAXBZMJpjCsjwW.kLbqddKcKjbFUMq7gqrr2Q.52PyaLJYAnySk_jSY0M,Acute Care - Veterans Administration,,no-domain,exempt-federal,federally owned; outside 45 CFR 180,,
440153,TENNOVA HEALTHCARE - NEWPORT MEDICAL CENTER,435 2ND ST,NEWPORT,TN,37821,hpt-obf:v1:KuprAjKbED6c5_jE.xQOJ_oFryjSApNwdpik2Lw.bh0_wjVPNwgj319KyRw,Acute Care Hospitals,,no-domain,exa-domain-lookup,no domain in the seed dataset,TENNOVA HEALTHCARE - NEWPORT MEDICAL CENTER hospital NEWPORT TN official website,
44016F,MOUNTAIN HOME VA MEDICAL CENTER,CORNER OF LAMONT STREET AND VETERANS WAY,MOUNTAIN HOME,TN,37684,hpt-obf:v1:u5Q7CZVjy7W9zpFL.F4CP7GTToAOghwZ9EO27IA.GIW2smstwYdLbJZIXJM,Acute Care - Veterans Administration,,no-domain,exempt-federal,federally owned; outside 45 CFR 180,,
44017F,VA MIDDLE TENNESSEE HEALTHCARE SYSTEM - MURFREESBORO,3400 LEBANON PIKE,MURFREESBORO,TN,37129,hpt-obf:v1:u6qAqg2oyM82zJpc.Qh4COlgWX9GFTw26576aBA.LxRlj8jC1TG85wIagDs,Acute Care - Veterans Administration,,no-domain,exempt-federal,federally owned; outside 45 CFR 180,,
440187,LIVINGSTON REGIONAL HOSPITAL,315 OAK ST BOX 550,LIVINGSTON,TN,38570,hpt-obf:v1:O3VN2qiU38nmObmA.TL6nQmOVTS_eYYcsmY3_LQ.f5tz1oPiUlbi6rLYHp0,Acute Care Hospitals,mylivingstonhospital.com,failed,exa-domain-lookup,pointer fetch failed (failed); domain is likely wrong or stale,LIVINGSTON REGIONAL HOSPITAL hospital LIVINGSTON TN official website,
44018F,VA MIDDLE TENNESSEE HEALTHCARE SYSTEM,1310 24TH AVENUE SOUTH,NASHVILLE,TN,37212,hpt-obf:v1:5N73Up3oxnGDnCHa.Q0CxjAyKGqLTjWIg-6KLtw.ePx3y2EYZiQGWmxwEfI,Acute Care - Veterans Administration,,no-domain,exempt-federal,federally owned; outside 45 CFR 180,,
440200,STONES RIVER HOSPITAL,324 DOOLITTLE ROAD,WOODBURY,TN,37190,hpt-obf:v1:57B1Y3YG5NYWbbiM.fzV8M32l-IJzpyPWfGOMkQ.8S8LDx58xp-Hh4fEFNQ,Acute Care Hospitals,healthcare.ascension.org,ok,name-match-review,pointer file works (93 entries) but none matched this hospital's name,,
440228,SAINT FRANCIS BARTLETT MEDICAL CENTER,2986 KATE BOND RD,BARTLETT,TN,38133,hpt-obf:v1:NAGG8oUk7VINeZuF.ajufMjoCp0ZFYXcoWHZRnQ.6lmgN4T_rzlgow-QJYM,Acute Care Hospitals,,no-domain,exa-domain-lookup,no domain in the seed dataset,SAINT FRANCIS BARTLETT MEDICAL CENTER hospital BARTLETT TN official website,
441316,WEST TENNESSEE HEALTHCARE CAMDEN HOSPITAL,175 HOSPITAL DRIVE,CAMDEN,TN,38320,hpt-obf:v1:ulgp7cw9gt6AtIWI.8ZadQhv7wBluuf62Z1Cwtg.m49tkvOOUgWgXMadk80,Critical Access Hospitals,wth.org,notfound,exa-domain-lookup,pointer fetch failed (notfound); domain is likely wrong or stale,WEST TENNESSEE HEALTHCARE CAMDEN HOSPITAL hospital CAMDEN TN official website,
441320,WEST TENNESSEE HEALTHCARE BOLIVAR HOSPITAL,650 NUCKOLLS ROAD,BOLIVAR,TN,38008,hpt-obf:v1:qcu0epyoztMZpaug.YZzShpNbvV8-CLSbzskJgw.OpRwzEXcQrstAnndQA8,Critical Access Hospitals,wth.org,notfound,exa-domain-lookup,pointer fetch failed (notfound); domain is likely wrong or stale,WEST TENNESSEE HEALTHCARE BOLIVAR HOSPITAL hospital BOLIVAR TN official website,
441322,HOUSTON COUNTY COMMUNITY HOSPITAL,5001 EAST MAIN STREET,ERIN,TN,37061,hpt-obf:v1:2LSJRFOwf76ytCkb.OxtPOvc2k1P5TGW85eodTQ.cQh55djxSimr88JwLIU,Critical Access Hospitals,shamrock.health,ok,name-match-review,pointer file works (1 entries) but none matched this hospital's name,,
444001,MEMPHIS MENTAL HEALTH INSTITUTE,951 COURT AVENUE,MEMPHIS,TN,38103,hpt-obf:v1:JZCqcebgyDrNkPPz.a6vqnXImJcNT8TskJ7mwbw.UXw9NgeRYjTJiPwXOHo,Psychiatric,,no-domain,exa-domain-lookup,no domain in the seed dataset,MEMPHIS MENTAL HEALTH INSTITUTE hospital MEMPHIS TN official website,
444002,MOCCASIN BEND MENTAL HEALTH INSTITUTE,100 MOCCASIN BEND ROAD,CHATTANOOGA,TN,37405,hpt-obf:v1:77oE8iORB5jtGmx_.S-6-0QRhkB6ZOORAjRRnBg.1PNS_Xa_Ems8aCPg0DY,Psychiatric,,no-domain,exa-domain-lookup,no domain in the seed dataset,MOCCASIN BEND MENTAL HEALTH INSTITUTE hospital CHATTANOOGA TN official website,
444004,LAKESIDE BEHAVIORAL HEALTH SYSTEM,2911 BRUNSWICK RD,MEMPHIS,TN,38133,hpt-obf:v1:wcOuN10NpugeSc3U.L6pno0gvrEv-B20egGu4LQ.iStLBncEIyphNLh0qSo,Psychiatric,,no-domain,exa-domain-lookup,no domain in the seed dataset,LAKESIDE BEHAVIORAL HEALTH SYSTEM hospital MEMPHIS TN official website,
444007,ROLLING HILLS PSYCHIATRIC HOSPITAL,2014 QUAIL HOLLOW CIRCLE,FRANKLIN,TN,37067,hpt-obf:v1:nFoMLG2YTu4wI8Qm.eYTKbuyPtLqRCQEk4Vw_AA.9niLjusm71mm6EBApHo,Psychiatric,,no-domain,exa-domain-lookup,no domain in the seed dataset,ROLLING HILLS PSYCHIATRIC HOSPITAL hospital FRANKLIN TN official website,
444008,WESTERN MENTAL HEALTH INSTITUTE,11100 OLD HWY 64 WEST,BOLIVAR,TN,38008,hpt-obf:v1:7kwgrUE1LtIbYezZ.t-MCOu2muxBSK591pWIkow.A53MhA2Sz48QghPdG7k,Psychiatric,,no-domain,exa-domain-lookup,no domain in the seed dataset,WESTERN MENTAL HEALTH INSTITUTE hospital BOLIVAR TN official website,
444010,"PATHWAYS OF TENNESSEE, INC",238 SUMMAR DR,JACKSON,TN,38301,hpt-obf:v1:VPkHzD_3qHxJt5is.7yCpwiBos7_5IlFX9C9xpA.sQL0ACc24C3y3-dMQQs,Psychiatric,wth.org,notfound,exa-domain-lookup,pointer fetch failed (notfound); domain is likely wrong or stale,"PATHWAYS OF TENNESSEE, INC hospital JACKSON TN official website",
444014,MIDDLE TN MENTAL HEALTH INSTITUTE,221 STEWARTS FERRY PIKE,NASHVILLE,TN,37214,hpt-obf:v1:4i1YPwFzcCDv6p0I.MRVKYx1bS05GbM1Uw4Y3mA.dgLd7_xk_yT542fmlsA,Psychiatric,tn.gov,notfound,exa-domain-lookup,pointer fetch failed (notfound); domain is likely wrong or stale,MIDDLE TN MENTAL HEALTH INSTITUTE hospital NASHVILLE TN official website,
444023,PERIMETER BEHAVIORAL CENTER OF JACKSON,49 OLD HICKORY BLVD,JACKSON,TN,38305,hpt-obf:v1:LLg4Y-Pb_59miISj.uIsGuVVadozXefmboo03wA.vLuO3gJn3de78gRbi8I,Psychiatric,perimeterhealthcare.com,ok,name-match-review,pointer file works (7 entries) but none matched this hospital's name,,
444025,CRESTWYN BEHAVIORAL HEALTH,9485 CRESTWYN HILLS COVE,MEMPHIS,TN,38125,hpt-obf:v1:rl35v5zLNjwjhbPS.aAa4wS2IyP2Pit373ChCag.B2JQCTru_RCpiG0gg0k,Psychiatric,,no-domain,exa-domain-lookup,no domain in the seed dataset,CRESTWYN BEHAVIORAL HEALTH hospital MEMPHIS TN official website,
444026,"ERLANGER BEHAVIORAL HOSPITAL, LLC",804 NORTH HOLTZCLAW AVENUE,CHATTANOOGA,TN,37404,hpt-obf:v1:EqjTYZaHlwrtawZk.oylBvM7LlqSeZ5TC_zw06Q.etFNa5f5aR-_w9gr9WQ,Psychiatric,,no-domain,exa-domain-lookup,no domain in the seed dataset,"ERLANGER BEHAVIORAL HOSPITAL, LLC hospital CHATTANOOGA TN official website",
444032,EAST TENNESSEE BEHAVIORAL HEALTH,1444 OLD WEISGARBER RD,KNOXVILLE,TN,37909,hpt-obf:v1:6uZFXM1WiXQR0pNY.2pSQtlMaLZQ6iTeJCDZ4aw.TRWkAYYv6FVRXMgf4YE,Psychiatric,,no-domain,exa-domain-lookup,no domain in the seed dataset,EAST TENNESSEE BEHAVIORAL HEALTH hospital KNOXVILLE TN official website,
450002,THE HOSPITALS OF PROVIDENCE - MEMORIAL CAMPUS,2001 N OREGON ST,EL PASO,TX,79902,hpt-obf:v1:xIC9V2aAYJKqS3yg.F5Xa_1RsTZe9dZl59SsYsQ.EKDUGPSRldUAyJwQ0mc,Acute Care Hospitals,,no-domain,exa-domain-lookup,no domain in the seed dataset,THE HOSPITALS OF PROVIDENCE - MEMORIAL CAMPUS hospital EL PASO TX official website,
450023,CITIZENS MEDICAL CENTER,2701 HOSPITAL DRIVE,VICTORIA,TX,77901,hpt-obf:v1:tcDv64TuZxVLmhnm.sANPWH7dBQS81rDEttJGhA.LEKxyC1L7uUMASsoWfs,Acute Care Hospitals,,no-domain,exa-domain-lookup,no domain in the seed dataset,CITIZENS MEDICAL CENTER hospital VICTORIA TX official website,
450028,VALLEY BAPTIST MEDICAL CENTER- BROWNSVILLE,1040 W JEFFERSON ST,BROWNSVILLE,TX,78520,hpt-obf:v1:du7McQDdOej_OZur.UWsxMkhwCoXTosksAksuiQ.ZHG_Zd6zvfUGyoF1WPc,Acute Care Hospitals,,no-domain,exa-domain-lookup,no domain in the seed dataset,VALLEY BAPTIST MEDICAL CENTER- BROWNSVILLE hospital BROWNSVILLE TX official website,
450033,VHS HARLINGEN HOSPITAL COMPANY LLC,2101 PEASE ST,HARLINGEN,TX,78550,hpt-obf:v1:JgzITxzFJu9Ui5B9.BkC7H5JyqiXqVSnAqy-LYA.i_ukrsiSjUzKdXlIMjc,Acute Care Hospitals,,no-domain,exa-domain-lookup,no domain in the seed dataset,VHS HARLINGEN HOSPITAL COMPANY LLC hospital HARLINGEN TX official website,
450058,BAPTIST MEDICAL CENTER,111 DALLAS STREET,SAN ANTONIO,TX,78205,hpt-obf:v1:ks2SI40kML3toypq.gzNuePyCI300xjFnfQVvtg.f2zHzrcH7czwgx8SSS4,Acute Care Hospitals,,no-domain,exa-domain-lookup,no domain in the seed dataset,BAPTIST MEDICAL CENTER hospital SAN ANTONIO TX official website,
450090,NORTH TEXAS MEDICAL CENTER,1900 HOSPITAL BLVD,GAINESVILLE,TX,76240,hpt-obf:v1:fKAyJUflvrI9QBb2.jqJw-md3J-QooabAil678w.nkDVETXpxxdPruUjZcc,Acute Care Hospitals,ntmconline.net,html,exa-domain-lookup,pointer fetch failed (html); domain is likely wrong or stale,NORTH TEXAS MEDICAL CENTER hospital GAINESVILLE TX official website,
450092,FORT DUNCAN MEDICAL CENTER,3333 N FOSTER MALDONADO BLVD,EAGLE PASS,TX,78852,hpt-obf:v1:X271P2kX-f3A_PPv.iHjhYoX1De9RCiK9weTNHA.-CztPj30fSgWhzcbhrc,Acute Care Hospitals,,no-domain,exa-domain-lookup,no domain in the seed dataset,FORT DUNCAN MEDICAL CENTER hospital EAGLE PASS TX official website,
450107,LAS PALMAS MEDICAL CENTER A CAMPUS OF LPDS HEALTHC,1801 NORTH OREGON STREET,EL PASO,TX,79902,hpt-obf:v1:ULsHNKjcN-B_pSyt.bRm7PeDY7qkhx_tJuJbWOg.LbQW6r_wkow1Qdzhnt4,Acute Care Hospitals,laspalmasdelsolhealthcare.com,ok,name-match-review,pointer file works (8 entries) but none matched this hospital's name,,
450108,CONNALLY MEMORIAL MEDICAL CENTER,499 10TH STREET,FLORESVILLE,TX,78114,hpt-obf:v1:9Vly4YzR0F2HgYdS.wbRQV-bDtdBqipXH15XuZA.geWt71s4Ne1u6048W1Q,Acute Care Hospitals,,no-domain,exa-domain-lookup,no domain in the seed dataset,CONNALLY MEMORIAL MEDICAL CENTER hospital FLORESVILLE TX official website,
450119,SOUTH TEXAS HEALTH SYSTEM,1102 W TRENTON ROAD,EDINBURG,TX,78539,hpt-obf:v1:VAXLonDcGdGDk9JU.pY8QnislUX12p-TPRaQaug.oUMp2h5rjozOSZisk-g,Acute Care Hospitals,,no-domain,exa-domain-lookup,no domain in the seed dataset,SOUTH TEXAS HEALTH SYSTEM hospital EDINBURG TX official website,
450144,PERMIAN REGIONAL MEDICAL CENTER ANDREWS COUNTY HO,720 HOSPITAL DRIVE,ANDREWS,TX,79714,hpt-obf:v1:6G84eZlFRB1MPsS4.ThqZ00mnxWj1URlQMSruGA.cZz53M2klGFQXDWfW-M,Acute Care Hospitals,,no-domain,exa-domain-lookup,no domain in the seed dataset,PERMIAN REGIONAL MEDICAL CENTER ANDREWS COUNTY HO hospital ANDREWS TX official website,
450200,WADLEY REGIONAL MEDICAL CENTER,1000 PINE STREET,TEXARKANA,TX,75501,hpt-obf:v1:uoruTDY2EGkjRVOO.hGctmHxEtbtlC8qrzou-KQ.3mQtfHASVJS1pAP6o2U,Acute Care Hospitals,wadleyhealth.org,ok,name-match-review,pointer file works (42 entries) but none matched this hospital's name,,
450209,NORTHWEST TEXAS HOSPITAL,1501 S  COULTER ST,AMARILLO,TX,79106,hpt-obf:v1:D9ihVjK3IOODVL7W.eFr4yaqQPiN1sSA3QXLvOQ.QT8EewGs-nZ_50SRgF8,Acute Care Hospitals,nwths.com,blocked,unblocker,"domain returned 403/429; needs the unblocker, not a new domain",,
450235,MEMORIAL HOSPITAL,1110 NORTH SARAH DEWITT DRIVE,GONZALES,TX,78629,hpt-obf:v1:Cg7kLi9uFLNmbhKE.UUfTOxrbXwKS9uTFAkdYlQ.VgFyA6Z-kXnfBDDO76c,Acute Care Hospitals,texashealthhuguley.org,blocked,unblocker,"domain returned 403/429; needs the unblocker, not a new domain",,
450253,BELLVILLE MEDICAL CENTER,44 N CUMMINGS ST,BELLVILLE,TX,77418,hpt-obf:v1:ucCMSl_7YOUJHtOl.B-gVpTMFwxNowlI5arqoqA.3OGwczkuQJRo8pLpf9o,Acute Care Hospitals,sjhsyr.org,ok,name-match-review,pointer file works (1 entries) but none matched this hospital's name,,
450289,HARRIS HEALTH,1504 TAUB LOOP,HOUSTON,TX,77030,hpt-obf:v1:FvVWvpva_v-D-Efq.T5OgbrfRwwicX_jY_sDXWA._Uy8B8uelgSDQNJUC5k,Acute Care Hospitals,,no-domain,exa-domain-lookup,no domain in the seed dataset,HARRIS HEALTH hospital HOUSTON TX official website,
450346,BAPTIST BEAUMONT HOSPITAL,3080 COLLEGE STREET,BEAUMONT,TX,77701,hpt-obf:v1:gjrl3iyCjkMV2qIq.QDeTjGE3t-_Hb70PaWGcTw.7VpRKpy9SyMIEXtbpMs,Acute Care Hospitals,,no-domain,exa-domain-lookup,no domain in the seed dataset,BAPTIST BEAUMONT HOSPITAL hospital BEAUMONT TX official website,
450347,HUNTSVILLE MEMORIAL HOSPITAL,110 MEMORIAL HOSPITAL DRIVE,HUNTSVILLE,TX,77340,hpt-obf:v1:_OMZQ89zSjHpp-IC.8n287Mes92VF8SqDe32Y0w.Cu9vWi30P_0DVYjFRxI,Acute Care Hospitals,huntsvillememorial.com,html,exa-domain-lookup,pointer fetch failed (html); domain is likely wrong or stale,HUNTSVILLE MEMORIAL HOSPITAL hospital HUNTSVILLE TX official website,
450369,CHILDRESS REGIONAL MEDICAL CENTER,HWY 83 NORTH,CHILDRESS,TX,79201,hpt-obf:v1:rcZ5JW9bMhtg2jpm.RgXLEZm7cJt5-7Vj3mo-Dg.H_OHgn4YIAyfxZls5uY,Acute Care Hospitals,,no-domain,exa-domain-lookup,no domain in the seed dataset,CHILDRESS REGIONAL MEDICAL CENTER hospital CHILDRESS TX official website,
450400,PARKVIEW REGIONAL HOSPITAL,600 SOUTH BONHAM STREET,MEXIA,TX,76667,hpt-obf:v1:JEwjkV0aCRUJuw40.oPv81D8Pxpg7wmMj5oyxoA.lXtwrKvo2OAAZDQA3F0,Acute Care Hospitals,parkviewregional.com,failed,exa-domain-lookup,pointer fetch failed (failed); domain is likely wrong or stale,PARKVIEW REGIONAL HOSPITAL hospital MEXIA TX official website,
450460,TYLER COUNTY HOSPITAL,1100 WEST BLUFF,WOODVILLE,TX,75979,hpt-obf:v1:QoXpKUk6J--MEoQH.1WIeznG4G_Vp722MQGNEjA.9PyeIk2mYnjZKUga2-Q,Acute Care Hospitals,,no-domain,exa-domain-lookup,no domain in the seed dataset,TYLER COUNTY HOSPITAL hospital WOODVILLE TX official website,
450469,WILSON N JONES REGIONAL MEDICAL CENTER,500 N HIGHLAND AVENUE,SHERMAN,TX,75092,hpt-obf:v1:AqCvNeRPwA9JHGi7.FLBd9-K3FXDaRCWRPEuWew.i0hSYXUH-8XIdGBiMnw,Acute Care Hospitals,,no-domain,exa-domain-lookup,no domain in the seed dataset,WILSON N JONES REGIONAL MEDICAL CENTER hospital SHERMAN TX official website,
450584,WILBARGER GENERAL HOSPITAL,920 HILLCREST DR,VERNON,TX,76384,hpt-obf:v1:brdLzg6q3GPXxXQv.lJPQ7mLwS2mDlmZiKZcSTQ.VOLLTq_ReQBeH6cun1s,Acute Care Hospitals,,no-domain,exa-domain-lookup,no domain in the seed dataset,WILBARGER GENERAL HOSPITAL hospital VERNON TX official website,
45060F,VA AMARILLO HEALTHCARE SYSTEM,6010 AMARILLO BLVD. WEST,AMARILLO,TX,79106,hpt-obf:v1:nF2IipszjwjqNyq_.Z3lYMDAZmaeCjL-kHDiaqQ.bi1jQZc9JlGJuLHplhE,Acute Care - Veterans Administration,,no-domain,exempt-federal,federally owned; outside 45 CFR 180,,
450643,DOCTORS HOSPITAL OF LAREDO,10700 MCPHERSON ROAD,LAREDO,TX,78041,hpt-obf:v1:5y1mg-jDQ7O_eslX.7sKziW4aFyFlUQLQB33ovg.sYPwFQ9FahDcRS8gpdI,Acute Care Hospitals,,no-domain,exa-domain-lookup,no domain in the seed dataset,DOCTORS HOSPITAL OF LAREDO hospital LAREDO TX official website,
450653,SCENIC MOUNTAIN MEDICAL CENTER,1601 W 11TH PLACE,BIG SPRING,TX,79720,hpt-obf:v1:wS18jKQPGIoiW8gF.EgUUsgK5L05L8AMnr3XJpw.OZBBJtqKZ2vg7rf0meA,Acute Care Hospitals,scenicmountainmedical.org,ok,name-match-review,pointer file works (5 entries) but none matched this hospital's name,,
450656,NACOGDOCHES MEDICAL CENTER,4920 NE STALLINGS DRIVE,NACOGDOCHES,TX,75965,hpt-obf:v1:Ekm1zVmUEXRUS9yN.VMcrODdkrbkvzZgZk3X-qg.lqsqr4i4SnPpHwjGzCg,Acute Care Hospitals,,no-domain,exa-domain-lookup,no domain in the seed dataset,NACOGDOCHES MEDICAL CENTER hospital NACOGDOCHES TX official website,
450668,SIERRA MEDICAL CENTER,1625 MEDICAL CENTER DR,EL PASO,TX,79902,hpt-obf:v1:QtA5CHJv0SRWGjql.AjKKV_TaiDm0O1xPxeL1XA.EiPIw5Anf7V10FrKDDA,Acute Care Hospitals,,no-domain,exa-domain-lookup,no domain in the seed dataset,SIERRA MEDICAL CENTER hospital EL PASO TX official website,
45066F,DALLAS VA MEDICAL CENTER (VA NORTH TEXAS HEALTHCARE SYSTEM),4500 S. LANCASTER ROAD,DALLAS,TX,75216,hpt-obf:v1:DGF2onNOmwRaSiQ3.lfoWsyVqvbx6bhOXdOwvoQ._-7bGKnQn7B9khbomRI,Acute Care - Veterans Administration,,no-domain,exempt-federal,federally owned; outside 45 CFR 180,,
450678,WHITE ROCK MEDICAL CENTER,9440 POPPY DRIVE,DALLAS,TX,75218,hpt-obf:v1:DjShq1iQade05xIo.w3_NVnjYWXn3alfAIMuzQg.-YmyBxBpTAJxnq_z0QQ,Acute Care Hospitals,,no-domain,exa-domain-lookup,no domain in the seed dataset,WHITE ROCK MEDICAL CENTER hospital DALLAS TX official website,
45068F,William Beaumont AMG (FT Bliss),18511 Highlander Medics St,El Paso,TX,79920,hpt-obf:v1:JARmOgmJSMWQQMBx.5ZQJtkeDj7pXJZa_QMmMWg.O4ekhoRBTHP7Bymrx-s,Acute Care - Department of Defense,,no-domain,exempt-federal,federally owned; outside 45 CFR 180,,
450694,EL CAMPO MEMORIAL HOSPITAL,303 SANDY CORNER RD,EL CAMPO,TX,77437,hpt-obf:v1:avtRSSKBmFnPnA9U.lS4gNX0Rh0ApSXOthUQsXQ.XHSde-_H1asg3oagyGI,Acute Care Hospitals,,no-domain,exa-domain-lookup,no domain in the seed dataset,EL CAMPO MEMORIAL HOSPITAL hospital EL CAMPO TX official website,
450698,LAMB HEALTHCARE CENTER,1500 S SUNSET,LITTLEFIELD,TX,79339,hpt-obf:v1:3aLKI2msRBuVVWnp.x5euTaQgIc9laKsAoHZBqw.dL-1RQJ-TkW20GAOZuU,Acute Care Hospitals,irp.cdn-website.com,blocked,unblocker,"domain returned 403/429; needs the unblocker, not a new domain",,
45069F,Brooke Army Medical Center (FT Sam Houston),3551 Roger Brooke Dr,Fort Sam Houston,TX,78234,hpt-obf:v1:v3F4eSneakiZ68o9.15CG5BSWyuIK49gdeBs6cw.p7-AEaquvA9Id5x9dVc,Acute Care - Department of Defense,,no-domain,exempt-federal,federally owned; outside 45 CFR 180,,
45070F,Darnall AMC (FT Cavazos),590 Medical Center Rd,Fort Cavazos,TX,76544,hpt-obf:v1:TKrTbCwpcBRQ0iU9.68Qr9BfQ9LggBj7yooLLBA.dbtap9tYvzAVZVX_OCU,Acute Care - Department of Defense,,no-domain,exempt-federal,federally owned; outside 45 CFR 180,,
450747,PALESTINE REGIONAL MEDICAL CENTER,2900 S LOOP 256,PALESTINE,TX,75801,hpt-obf:v1:RUv1ncVVA1ZWAXts.GJHSKyfNdjA7L8o092Qt-Q.9oXdLBR0CVRzxf3XcGo,Acute Care Hospitals,palestineregional.com,failed,exa-domain-lookup,pointer fetch failed (failed); domain is likely wrong or stale,PALESTINE REGIONAL MEDICAL CENTER hospital PALESTINE TX official website,
45074F,HOUSTON VA MEDICAL CENTER,2002 HOLCOMBE BLVD.,HOUSTON,TX,77030,hpt-obf:v1:15xB_kAAD-soVP4k.EJILr7zKLGXeq20bhC-DsA.MmbnFflAO4Oimm_FhhI,Acute Care - Veterans Administration,,no-domain,exempt-federal,federally owned; outside 45 CFR 180,,
450774,TOPS SURGICAL SPECIALTY HOSPITAL,17080 RED OAK DRIVE,HOUSTON,TX,77090,hpt-obf:v1:fW_oioQacomhIqRv.L1Fv33qf8SDP7YUXVUB5lA.DtxiXFcqVHGbv7gbPTU,Acute Care Hospitals,tops-hospital.com,blocked,unblocker,"domain returned 403/429; needs the unblocker, not a new domain",,
450808,NORTHWEST HILLS SURGICAL HOSPITAL,6818 AUSTIN CTR BLVD SUITE 100,AUSTIN,TX,78731,hpt-obf:v1:JpeJ2M2rBUMUmSiP.sZgaJ40y5sNeg8NbtQlRnw.zVlaY2VxvTQEg78TmZI,Acute Care Hospitals,,no-domain,exa-domain-lookup,no domain in the seed dataset,NORTHWEST HILLS SURGICAL HOSPITAL hospital AUSTIN TX official website,
450825,CORNERSTONE REGIONAL HOSPITAL,2302 CORNERSTONE BOULEVARD,EDINBURG,TX,78539,hpt-obf:v1:vJVazkQTJghCXey_.45Uy8CzMM1naZv9rWqh3Iw.Zw0GP4ocr0WoVh_up6c,Acute Care Hospitals,,no-domain,exa-domain-lookup,no domain in the seed dataset,CORNERSTONE REGIONAL HOSPITAL hospital EDINBURG TX official website,
450833,ENNIS REGIONAL MEDICAL CENTER,2201 WEST LAMPASAS STREET,ENNIS,TX,75119,hpt-obf:v1:0PwWJA7MmpeN-Lyp.gkZLsGpggQWKW27HNOvb2A.M2ad_kkSesQml8N6dXg,Acute Care Hospitals,ennisregional.com,failed,exa-domain-lookup,pointer fetch failed (failed); domain is likely wrong or stale,ENNIS REGIONAL MEDICAL CENTER hospital ENNIS TX official website,
450834,"PHYSICIANS CENTRE,THE",3131 UNIVERSITY DRIVE EAST,BRYAN,TX,77802,hpt-obf:v1:q0qTEK0cGP225-oN.TrbuSarw-J-B_F2vNlHUNQ.n80W5EU871kfq6UA2MU,Acute Care Hospitals,thephysicianscentre.com,html,exa-domain-lookup,pointer fetch failed (html); domain is likely wrong or stale,"PHYSICIANS CENTRE,THE hospital BRYAN TX official website",
450860,SUGAR LAND SURGICAL HOSPITAL LLP,16906 SOUTHWEST FREEWAY,SUGAR LAND,TX,77479,hpt-obf:v1:PA2HNZdrkQmMOl4F.R303LQrHiMuYkDWgMCxP-Q.vIrBNxIjVsJ7MOVV_xQ,Acute Care Hospitals,memorialhermann.org,ok,name-match-review,pointer file works (20 entries) but none matched this hospital's name,,
45086F,TEMPLE VA MEDICAL CENTER (VA CENTRAL TEXAS HEALTHCARE SYSTEM),1901 VETERANS MEMORIAL DRIVE,TEMPLE,TX,76504,hpt-obf:v1:nXY-qBz3fU0D2uCY.JyABHmtL_5iUuOFrnQ5wOQ.xbCivvAulRvqacNHHZs,Acute Care - Veterans Administration,,no-domain,exempt-federal,federally owned; outside 45 CFR 180,,
450895,BAYLOR SCOTT WHITE THE HEART HOSPITAL CORINTH,2813 S MAYHILL ROAD,DENTON,TX,76208,hpt-obf:v1:SnL_dqQMaTPckvF4._EPfTH5YfsKe1b5Fs8dM4A.OFJjdF9HWQi2hwsl1bk,Acute Care Hospitals,,no-domain,exa-domain-lookup,no domain in the seed dataset,BAYLOR SCOTT WHITE THE HEART HOSPITAL CORINTH hospital DENTON TX official website,
45090F,SAN ANTONIO VA MEDICAL CENTER (VA SOUTH TEXAS HEALTHCARE SYSTEM),7400 MERTON MINTER BLVD.,SAN ANTONIO,TX,78229,hpt-obf:v1:feLHDfNXAX2BqOX7.Q3HVip3te-ins9MJFO4Tcg.nJccK8VfVSSapE3hY58,Acute Care - Veterans Administration,,no-domain,exempt-federal,federally owned; outside 45 CFR 180,,
451301,REAGAN MEMORIAL HOSPITAL,1300 N MAIN AVENUE,BIG LAKE,TX,76932,hpt-obf:v1:UoUwtBfe5n1BQGve.VKRctb6Z2pmVCz-FmMTTXw.R2-3j5ZugklJGUpI0vU,Critical Access Hospitals,,no-domain,exa-domain-lookup,no domain in the seed dataset,REAGAN MEMORIAL HOSPITAL hospital BIG LAKE TX official website,
451304,SCHLEICHER COUNTY MEDICAL CENTER,102 NORTH US HIGHWAY 277,ELDORADO,TX,76936,hpt-obf:v1:tW3qyTjROXzyr5C_.-YjYPErNc8XNFm0dCyBLkQ.836AxizU3rr74gsnQcQ,Critical Access Hospitals,,no-domain,exa-domain-lookup,no domain in the seed dataset,SCHLEICHER COUNTY MEDICAL CENTER hospital ELDORADO TX official website,
451306,KIMBLE HOSPITAL,349 REID ROAD,JUNCTION,TX,76849,hpt-obf:v1:henvY7NOjJWAaqlN.oER8DVpzDpr_EREPz8HY5Q.lRznaW4hOwyagAyjoXg,Critical Access Hospitals,,no-domain,exa-domain-lookup,no domain in the seed dataset,KIMBLE HOSPITAL hospital JUNCTION TX official website,
451307,IRAAN GENERAL HOSPITAL,600 HIGHWAY 349 NORTH,IRAAN,TX,79744,hpt-obf:v1:M7Uxn93kibB6gns1.vuOX_o7xj72glJqTDQYkLA.FoRP5YYgmF4zntOiwJU,Critical Access Hospitals,,no-domain,exa-domain-lookup,no domain in the seed dataset,IRAAN GENERAL HOSPITAL hospital IRAAN TX official website,
451313,FISHER COUNTY HOSPITAL DISTRICT,774 STATE HIGHWAY 70 N,ROTAN,TX,79546,hpt-obf:v1:ccteJaSibX0lwILk.pUcX3tpMpKPIA7FNXoDqPg.v_DUyUFo4U_Vx7FtQHc,Critical Access Hospitals,,no-domain,exa-domain-lookup,no domain in the seed dataset,FISHER COUNTY HOSPITAL DISTRICT hospital ROTAN TX official website,
451315,NORTH RUNNELS HOSPITAL,7821 EAST HIGHWAY 153,WINTERS,TX,79567,hpt-obf:v1:TvMRB3694Ktrg11g.HvTIPgnduqrIg2qkB8i15w.ast326_h4R9khRtHlUs,Critical Access Hospitals,,no-domain,exa-domain-lookup,no domain in the seed dataset,NORTH RUNNELS HOSPITAL hospital WINTERS TX official website,
451320,BAYSIDE COMMUNITY HOSPITAL,200 HOSPITAL DRIVE,ANAHUAC,TX,77514,hpt-obf:v1:3pHOdLp1i4ZhJAWZ.nLw_En55iCD_ie0yXVnTwA.k11h47WzR8km8KcAMqQ,Critical Access Hospitals,,no-domain,exa-domain-lookup,no domain in the seed dataset,BAYSIDE COMMUNITY HOSPITAL hospital ANAHUAC TX official website,
451329,RANKIN HOSPITAL MEDICAL CLINIC,1611 SPUR 576,RANKIN,TX,79778,hpt-obf:v1:BKbeaeCrx03yKfim.vBw5fa00K_PdBmlLzgYRtg.78wuyOe5OlsBKjCuohY,Critical Access Hospitals,,no-domain,exa-domain-lookup,no domain in the seed dataset,RANKIN HOSPITAL MEDICAL CLINIC hospital RANKIN TX official website,
451332,PALACIOS COMMUNITY MEDICAL CENTER,311 GREEN AVENUE,PALACIOS,TX,77465,hpt-obf:v1:9aOmDx7RlAA6-e_9.wIs6bhUvS4VWlkfBXYYQ-A.E1ayrPucO4WUYSoe0VA,Critical Access Hospitals,,no-domain,exa-domain-lookup,no domain in the seed dataset,PALACIOS COMMUNITY MEDICAL CENTER hospital PALACIOS TX official website,
451338,CULBERSON HOSPITAL,EISENHOWER ROAD AND FM 2185,VAN HORN,TX,79855,hpt-obf:v1:KmNSL6QSQFxT625Y.nvUszeK9n_s9vggpA3gJ1Q.70MD0ABvCpPjenQV-OY,Critical Access Hospitals,culbersonhospital.org,html,exa-domain-lookup,pointer fetch failed (html); domain is likely wrong or stale,CULBERSON HOSPITAL hospital VAN HORN TX official website,
451340,SHAMROCK GENERAL HOSPITAL,1000 SOUTH MAIN STREET,SHAMROCK,TX,79079,hpt-obf:v1:binOqklHngdNQAUX.04H3uSYKfwKK4NjdyaxoFg.ne6x_SeYc0izLQXqb7w,Critical Access Hospitals,,no-domain,exa-domain-lookup,no domain in the seed dataset,SHAMROCK GENERAL HOSPITAL hospital SHAMROCK TX official website,
451342,MITCHELL COUNTY HOSPITAL DISTRICT,997 WEST I-20,COLORADO CITY,TX,79512,hpt-obf:v1:DgzoSOKM9-IUjOBL.Dl3UuKl2W9T_5uroJrOlvw.7an5Yv2Js6ewddf80zk,Critical Access Hospitals,,no-domain,exa-domain-lookup,no domain in the seed dataset,MITCHELL COUNTY HOSPITAL DISTRICT hospital COLORADO CITY TX official website,
451343,ELECTRA MEMORIAL HOSPITAL,1207 S BAILEY STREET,ELECTRA,TX,76360,hpt-obf:v1:AB1s75JVYF0DVqde.3D4EcZabGmL6yXSL2nzLOQ.f_e5lL1G4ISOHoiH5xs,Critical Access Hospitals,,no-domain,exa-domain-lookup,no domain in the seed dataset,ELECTRA MEMORIAL HOSPITAL hospital ELECTRA TX official website,
451344,HANSFORD COUNTY HOSPITAL,707 ROLAND ST,SPEARMAN,TX,79081,hpt-obf:v1:iqrrsQkuOKCQJEO1.gdcRgpEZ58Y8KHAVAIi_2w.yA8RpwkckxoquCRyhRo,Critical Access Hospitals,,no-domain,exa-domain-lookup,no domain in the seed dataset,HANSFORD COUNTY HOSPITAL hospital SPEARMAN TX official website,
451346,YOAKUM COMMUNITY HOSPITAL,1200 CARL RAMERT DRIVE,YOAKUM,TX,77995,hpt-obf:v1:zL_c1t6rpKjasBM1.SKLPJW2Qm9C9bVIxp34iTQ.15Zt7dm2C3VM6-wva5o,Critical Access Hospitals,,no-domain,exa-domain-lookup,no domain in the seed dataset,YOAKUM COMMUNITY HOSPITAL hospital YOAKUM TX official website,
451347,COLEMAN COUNTY MEDICAL CENTER COMPANY,310 SOUTH PECOS STREET,COLEMAN,TX,76834,hpt-obf:v1:BSG4R7AjepdKZtVN.22daKyven0_RSLAf86w2OA.utBCqlkKBg__nRAVS8M,Critical Access Hospitals,colemancountymc.com,html,exa-domain-lookup,pointer fetch failed (html); domain is likely wrong or stale,COLEMAN COUNTY MEDICAL CENTER COMPANY hospital COLEMAN TX official website,
451349,SWISHER MEMORIAL HOSPITAL,539 SOUTHEAST 2ND,TULIA,TX,79088,hpt-obf:v1:M168nUCzGOuqgnuQ.48TQVDiYTk-3qQIFB9GYfw.oyKEuLSdbcPOyFfGqpU,Critical Access Hospitals,,no-domain,exa-domain-lookup,no domain in the seed dataset,SWISHER MEMORIAL HOSPITAL hospital TULIA TX official website,
451350,PLAINS MEMORIAL HOSPITAL,310 WEST HALSELL STREET,DIMMITT,TX,79027,hpt-obf:v1:qxc2315pbfEN4_YO.Fzq28m0LI536DJTNMMh_sg.w0obGrgvdfdxevhfR6c,Critical Access Hospitals,plainsmemorial.com,failed,exa-domain-lookup,pointer fetch failed (failed); domain is likely wrong or stale,PLAINS MEMORIAL HOSPITAL hospital DIMMITT TX official website,
451351,LYNN COUNTY HOSPITAL DISTRICT,2600 LOCKWOOD STREET,TAHOKA,TX,79373,hpt-obf:v1:MXuWSAb2j-RkM2IX.d0-Sv3duK2R0KDDqA8wChw.Dem1G_9wTeK9rGq5Y40,Critical Access Hospitals,,no-domain,exa-domain-lookup,no domain in the seed dataset,LYNN COUNTY HOSPITAL DISTRICT hospital TAHOKA TX official website,
451354,HAMILTON HOSPITAL,901 WEST HAMILTON,OLNEY,TX,76374,hpt-obf:v1:jIdZdIJmuAVQtGd7.NKN_tOIa53a-ZdhOBpTPpA.x3KMG-TOB_TzkJVGOlI,Critical Access Hospitals,,no-domain,exa-domain-lookup,no domain in the seed dataset,HAMILTON HOSPITAL hospital OLNEY TX official website,
451355,COLLINGSWORTH GENERAL HOSPITAL,1013 15TH ST,WELLINGTON,TX,79095,hpt-obf:v1:heWOXN75RNGn_3uv.MOvBwA_yK_jpM8x9n6cXRw.RlFjZqPD9a-55wbF-FE,Critical Access Hospitals,collingsworthgeneral.net,html,exa-domain-lookup,pointer fetch failed (html); domain is likely wrong or stale,COLLINGSWORTH GENERAL HOSPITAL hospital WELLINGTON TX official website,
451356,MEMORIAL MEDICAL CENTER,701 N VIRGINIA ST,PORT LAVACA,TX,77979,hpt-obf:v1:vGmO_Xb8br5gUrtP.1ghRikt8C6NXsJfbeiYsrA.USeKzPTxt-13jF-DxQw,Critical Access Hospitals,,no-domain,exa-domain-lookup,no domain in the seed dataset,MEMORIAL MEDICAL CENTER hospital PORT LAVACA TX official website,
451358,MEMORIAL HOSPITAL,209 NORTHWEST 8TH STREET,SEMINOLE,TX,79360,hpt-obf:v1:C5xGsA4ZtHKxaoy6.97ofqr-bWHAS7-oBr7jxyg.6jffg6zZUzEMVsb8Y2Q,Critical Access Hospitals,texashealthhuguley.org,blocked,unblocker,"domain returned 403/429; needs the unblocker, not a new domain",,
451361,SABINE COUNTY HOSPITAL,"PO BOX 750, 2301 HWY 83 W",HEMPHILL,TX,75948,hpt-obf:v1:BorQxJH31qv-ioMX.qMAXylr-Q78PMP_odCnL6Q.k80e9fkcPNeDzpImXbs,Critical Access Hospitals,sabinecountyhospital.com,blocked,unblocker,"domain returned 403/429; needs the unblocker, not a new domain",,
451362,CLAY COUNTY MEMORIAL HOSPITAL,310 W SOUTH STREET,HENRIETTA,TX,76365,hpt-obf:v1:bROPhUoKAUosYpEO.tcYynFX-oprS-earqd2lGA.XVZvUuknuOjXmURn-4s,Critical Access Hospitals,,no-domain,exa-domain-lookup,no domain in the seed dataset,CLAY COUNTY MEMORIAL HOSPITAL hospital HENRIETTA TX official website,
451363,JACKSON HEALTHCARE CENTER,1013 S WELLS,EDNA,TX,77957,hpt-obf:v1:9eXbnBq4uXjW75n9.lNJTo9eOF55LwNQqr4vGdQ.ZFt21MLRCr3J3KIPgqc,Critical Access Hospitals,,no-domain,exa-domain-lookup,no domain in the seed dataset,JACKSON HEALTHCARE CENTER hospital EDNA TX official website,
451370,TMC- BONHAM HOSPITAL,504 LIPSCOMB STREET,BONHAM,TX,75418,hpt-obf:v1:8kgochpbsm6Qm8p5.usu5_pN05q3nn5dsLLQ-lA.PBVcNiroi_yEaJglUOQ,Critical Access Hospitals,tmcbonham.com,blocked,unblocker,"domain returned 403/429; needs the unblocker, not a new domain",,
451372,MULESHOE AREA MEDICAL CENTER,708 S 1ST ST,MULESHOE,TX,79347,hpt-obf:v1:jbBpNY9j_P68Xrx7.fUEgT-NGUQFhERpapD5bQw.VnStbtCf97lB-4PUKNE,Critical Access Hospitals,muleshoehospital.com,html,exa-domain-lookup,pointer fetch failed (html); domain is likely wrong or stale,MULESHOE AREA MEDICAL CENTER hospital MULESHOE TX official website,
451386,MEMORIAL HOSPITAL,224 E SECOND STREET,DUMAS,TX,79029,hpt-obf:v1:oPe-hoj4GtWToehe.KouXwFKeG03YS1BJdfWa0w.3WFers_6jlmNDEauII4,Critical Access Hospitals,texashealthhuguley.org,blocked,unblocker,"domain returned 403/429; needs the unblocker, not a new domain",,
451389,PECOS COUNTY MEMORIAL HOSPITAL,387 WEST I 10,FORT STOCKTON,TX,79735,hpt-obf:v1:UcLoayUxxK7CldAS.5tYF6ZBINKpcvOlHpJ7m5Q.TUrOKyCioUuupAfHVnE,Critical Access Hospitals,,no-domain,exa-domain-lookup,no domain in the seed dataset,PECOS COUNTY MEMORIAL HOSPITAL hospital FORT STOCKTON TX official website,
451393,CROCKETT MEDICAL CENTER,1100 E LOOP 304,CROCKETT,TX,75835,hpt-obf:v1:blFlK7cKRTg41EVa.Mc194lyDDqcQ8uAHK5vZvw.IcdnUBmydx3yAcSpnxs,Critical Access Hospitals,,no-domain,exa-domain-lookup,no domain in the seed dataset,CROCKETT MEDICAL CENTER hospital CROCKETT TX official website,
451394,KNOX COUNTY HOSPITAL,701 SOUTHEAST 5TH STREET,KNOX CITY,TX,79529,hpt-obf:v1:F4auRLMZwV8SOCOf.MU36ILMGmadb2F5BgmgJew.p2_rILqTh93V47twW0E,Critical Access Hospitals,,no-domain,exa-domain-lookup,no domain in the seed dataset,KNOX COUNTY HOSPITAL hospital KNOX CITY TX official website,
451396,MID COAST MEDICAL CENTER - CENTRAL,200 W OLLIE,LLANO,TX,78643,hpt-obf:v1:a2Vj5VljhQGTr3XX.9AM-_7MGJC1z3uIjIT1sUg.UzTb3aWN-IpAH9zgD0U,Critical Access Hospitals,bswhealth.com,ok,name-match-review,pointer file works (30 entries) but none matched this hospital's name,,
451399,SEYMOUR HOSPITAL,200 STADIUM DRIVE,SEYMOUR,TX,76380,hpt-obf:v1:XRNOoui8IdNYDsTR.SM6CXt5tpQqkrYNUdiAP-w.yhfRLaVs_QGX8YtBDZQ,Critical Access Hospitals,,no-domain,exa-domain-lookup,no domain in the seed dataset,SEYMOUR HOSPITAL hospital SEYMOUR TX official website,
454000,BIG SPRING STATE HOSPITAL,1901 NORTH HIGHWAY 87,BIG SPRING,TX,79721,hpt-obf:v1:6E9AZCr7VEJMpfS-.7PezpBaPvc5nwS_hLfaRTA.trokXPktIlx4etvIqvU,Psychiatric,,no-domain,exa-domain-lookup,no domain in the seed dataset,BIG SPRING STATE HOSPITAL hospital BIG SPRING TX official website,
454006,TERRELL STATE HOSPITAL,1200 E BRIN STREET,TERRELL,TX,75160,hpt-obf:v1:lM9DlmmFHaseGs6t.X0mb5iuCkB-o7IX4if0qcA.50YZfRW175tCDmlQlWw,Psychiatric,,no-domain,exa-domain-lookup,no domain in the seed dataset,TERRELL STATE HOSPITAL hospital TERRELL TX official website,
454008,NORTH TEXAS STATE HOSPITAL,6515 KEMP BLVD,WICHITA FALLS,TX,76308,hpt-obf:v1:vgdWfWlOxOBy5O4h.tzoZEuX0Mg1ZAtOfvQBw8w.mc_LR3K2iRvqa6RqGqw,Psychiatric,,no-domain,exa-domain-lookup,no domain in the seed dataset,NORTH TEXAS STATE HOSPITAL hospital WICHITA FALLS TX official website,
454009,RUSK STATE HOSP,805 N DICKINSON DR,RUSK,TX,75785,hpt-obf:v1:AQhPHCCxtS6hVvaL.OlppWYbHKzslLPY_gLrFSg.7V7Y2iWR4WyxhBxd8Ms,Psychiatric,,no-domain,exa-domain-lookup,no domain in the seed dataset,RUSK STATE HOSP hospital RUSK TX official website,
454011,SAN ANTONIO STATE HOSP  STATE SCHOOL,6711 S NEW BRAUNFELS AVE,SAN ANTONIO,TX,78223,hpt-obf:v1:gm7VLfHb-BKZhmta.rfXsGwKqNs0c7A7XyCDI-w.EFc0G_3GHnlHzneny5I,Psychiatric,,no-domain,exa-domain-lookup,no domain in the seed dataset,SAN ANTONIO STATE HOSP  STATE SCHOOL hospital SAN ANTONIO TX official website,
454012,MILLWOOD HOSPITAL,1011 NORTH COOPER STREET,ARLINGTON,TX,76011,hpt-obf:v1:YYEyFyGnw0x1EVHx.QEdNOiFXWg9AxUrfKEIebA.7rS2fHWnxnTm5L3cjWU,Psychiatric,,no-domain,exa-domain-lookup,no domain in the seed dataset,MILLWOOD HOSPITAL hospital ARLINGTON TX official website,
454026,WEST OAKS HOSPITAL,6500 HORNWOOD,HOUSTON,TX,77074,hpt-obf:v1:FP2cFoAHlLXUiyH2.Bd0GX9KmtA8e_OO9drjIsg.C7VWyhjEHNdTV7r2lKA,Psychiatric,,no-domain,exa-domain-lookup,no domain in the seed dataset,WEST OAKS HOSPITAL hospital HOUSTON TX official website,
454050,GLEN OAKS HOSPITAL,301 E DIVISION STREET,GREENVILLE,TX,75401,hpt-obf:v1:NxY4zEppK5953kRO.0iKveqsgxmvs-COzRe95Hw.beAYNbS5RyVvZeamdxk,Psychiatric,,no-domain,exa-domain-lookup,no domain in the seed dataset,GLEN OAKS HOSPITAL hospital GREENVILLE TX official website,
454060,LAUREL RIDGE TREATMENT CENTER,17720 CORPORATE WOODS DRIVE,SAN ANTONIO,TX,78259,hpt-obf:v1:LL0ldspE_QPwOr3t.NhDPr_LL9JdeEsU2RQqaTQ.oRaywofvkL0VN0RKslU,Psychiatric,,no-domain,exa-domain-lookup,no domain in the seed dataset,LAUREL RIDGE TREATMENT CENTER hospital SAN ANTONIO TX official website,
454065,HICKORY TRAIL HOSPITAL,2000 N OLD HICKORY TRAIL,DESOTO,TX,75115,hpt-obf:v1:z7bPpRnWZwew6jNM.PuPAmNGo5iYUKT1-rp98yg.41ljxpbq22_3nwTXANU,Psychiatric,,no-domain,exa-domain-lookup,no domain in the seed dataset,HICKORY TRAIL HOSPITAL hospital DESOTO TX official website,
454076,HARRIS COUNTY PSYCHIATRIC CENTER,2800 MACGREGOR WAY,HOUSTON,TX,77021,hpt-obf:v1:q0_1Qes-ogvqGPzx.lpNMDOLeFJ56Ace8fpihlA.5Rf26Xh-X7vmltbbAAU,Psychiatric,hcpc.uth.edu,neterr,exa-domain-lookup,pointer fetch failed (neterr); domain is likely wrong or stale,HARRIS COUNTY PSYCHIATRIC CENTER hospital HOUSTON TX official website,
454084,AUSTIN STATE HOSPITAL,4110 GUADALUPE,AUSTIN,TX,78751,hpt-obf:v1:Jg1dGV8YSUuSnVq1.wAkEaRzuy6_zkaVyeOEuLQ.Xc3EuYEbWJsQYHSyHcs,Psychiatric,,no-domain,exa-domain-lookup,no domain in the seed dataset,AUSTIN STATE HOSPITAL hospital AUSTIN TX official website,
454088,RIO GRANDE STATE CENTER,1401 RANGERVILLE ROAD,HARLINGEN,TX,78552,hpt-obf:v1:wqOVh-RbTJhBwq1f.gV48RmzWmLUoWgbRKgt5Ng.SINANBLt-P8bmvcpGRk,Psychiatric,,no-domain,exa-domain-lookup,no domain in the seed dataset,RIO GRANDE STATE CENTER hospital HARLINGEN TX official website,
454093,STARCARE SPECIALTY HEALTH /SUNRISE CANYON HOSPITAL,1950 ASPEN AVENUE,LUBBOCK,TX,79408,hpt-obf:v1:jSJc6g6UOhGsinMj.IE_ESEPhybpp5iFjr1jn0w.OR6xz-_fY1KNF9BAJz8,Psychiatric,,no-domain,exa-domain-lookup,no domain in the seed dataset,STARCARE SPECIALTY HEALTH /SUNRISE CANYON HOSPITAL hospital LUBBOCK TX official website,
454100,EL PASO PSYCHIATRIC CENTER,4615 ALAMEDA AVENUE,EL PASO,TX,79905,hpt-obf:v1:6Twj2qDpRsKkJUrg.OoRSdxdgNliQuA3Gv0w5TQ.1BwYHyeChdpsAov6XGw,Psychiatric,,no-domain,exa-domain-lookup,no domain in the seed dataset,EL PASO PSYCHIATRIC CENTER hospital EL PASO TX official website,
454101,ALLEGIANCE BEHAVIORAL HEALTH CENTER OF PLAINVIEW,"2601 DIMMITT ROAD, SUITE 400",PLAINVIEW,TX,79072,hpt-obf:v1:MRLLqflCvpgZBzvc.H1XfJ2ZsZeMvlMm7-xzd1Q.UlMx3WfOGIV4ED0uw_k,Psychiatric,,no-domain,exa-domain-lookup,no domain in the seed dataset,ALLEGIANCE BEHAVIORAL HEALTH CENTER OF PLAINVIEW hospital PLAINVIEW TX official website,
454103,KINGWOOD PINES HOSPITAL,2001 LADBROOK,KINGWOOD,TX,77339,hpt-obf:v1:b2I8i6ugnI222Xi0.cBdO2qFQGnG5t5E5AgbC7A.rNllhwHJpiU814Zanm0,Psychiatric,,no-domain,exa-domain-lookup,no domain in the seed dataset,KINGWOOD PINES HOSPITAL hospital KINGWOOD TX official website,
454104,UNIVERSITY BEHAVIORAL HEALTH OF DENTON,2026 WEST UNIVERSITY DRIVE,DENTON,TX,76201,hpt-obf:v1:QC_1WhJgGEyVonKn.PDnzdBQcf4EuvajwlnCoCg.YuJJNyBXIa7lf96q-Lk,Psychiatric,,no-domain,exa-domain-lookup,no domain in the seed dataset,UNIVERSITY BEHAVIORAL HEALTH OF DENTON hospital DENTON TX official website,
454107,BEHAVIORAL HOSPITAL OF BELLAIRE,"5314 DASHWOOD, SUITE 200",HOUSTON,TX,77081,hpt-obf:v1:tBI-fhJFF4BI6a33.9nmP3K58j4sgaTjrpw435Q.bymZSovVu3yyOgL5_zY,Psychiatric,,no-domain,exa-domain-lookup,no domain in the seed dataset,BEHAVIORAL HOSPITAL OF BELLAIRE hospital HOUSTON TX official website,
454108,CYPRESS CREEK HOSPITAL,17750 CALI DRIVE,HOUSTON,TX,77090,hpt-obf:v1:MhAiqT-hqGRiuWQu.n7idUbteG-l2lsaFgR0ouA.sopHTLmW60O5vmyxM0E,Psychiatric,,no-domain,exa-domain-lookup,no domain in the seed dataset,CYPRESS CREEK HOSPITAL hospital HOUSTON TX official website,
454109,EL PASO BEHAVIORAL HEALTH SYSTEM,1900 DENVER AVE,EL PASO,TX,79902,hpt-obf:v1:S0L6P7n845l2kAe-.wsLdVHMqMbX4CcgiwNOj9g.Vy2I8D_b7eTnTdQH3YY,Psychiatric,,no-domain,exa-domain-lookup,no domain in the seed dataset,EL PASO BEHAVIORAL HEALTH SYSTEM hospital EL PASO TX official website,
454114,CEDAR CREST HOSPITAL & RTC,3500 SOUTH IH-35,BELTON,TX,76513,hpt-obf:v1:a3Hq3Hpf9wt3BfvO.Db_eGMUeqL9mlhPvZL3QyQ.SShBY0x9-4WuTBDbymM,Psychiatric,,no-domain,exa-domain-lookup,no domain in the seed dataset,CEDAR CREST HOSPITAL & RTC hospital BELTON TX official website,
454121,AUSTIN OAKS HOSPITAL,1407 WEST STASSNEY LANE,AUSTIN,TX,78745,hpt-obf:v1:tZsduOlZjk6c0Vac.cPyeXZGvLagGqmAtOwuouQ.EuBpOh1BtSnwvOWIblQ,Psychiatric,,no-domain,exa-domain-lookup,no domain in the seed dataset,AUSTIN OAKS HOSPITAL hospital AUSTIN TX official website,
454139,SUN BEHAVIORAL HOUSTON,7601 FANNIN STREET,HOUSTON,TX,77054,hpt-obf:v1:iEFK7MYJoAB-rx1I.7SFldRYJKbOJlOu9pb4H8g.NGnZ7b-CnLdbEfWt1S8,Psychiatric,,no-domain,exa-domain-lookup,no domain in the seed dataset,SUN BEHAVIORAL HOUSTON hospital HOUSTON TX official website,
454152,CANYON CREEK BEHAVIORAL HEALTH,1201 CANYON CREEK DR,TEMPLE,TX,76502,hpt-obf:v1:aH3CLELjpSIyn4Rs.JK2dpVQY7zYsDtgnZIk4Wg.WcSDgJ6JRiVuSMyyN10,Psychiatric,,no-domain,exa-domain-lookup,no domain in the seed dataset,CANYON CREEK BEHAVIORAL HEALTH hospital TEMPLE TX official website,
454159,CEDAR HILLS BEHAVIORAL,1975 BABCOCK RD,SAN ANTONIO,TX,78229,hpt-obf:v1:x-8jf1XKZY9CrBRl.utKDLglB1Ox0knLdOHjnrw.rdJ_b90qauTSAGNYQzY,Psychiatric,,no-domain,exa-domain-lookup,no domain in the seed dataset,CEDAR HILLS BEHAVIORAL hospital SAN ANTONIO TX official website,
460019,UINTAH BASIN MEDICAL CENTER,250 WEST 300 NORTH,ROOSEVELT,UT,84066,hpt-obf:v1:0_G5_MP530dXDqsi.p_PvWNOCkX1QZvI82MB4Tg.Nw1VDJvCqI7r_p_NkwQ,Acute Care Hospitals,ubh.org,html,exa-domain-lookup,pointer fetch failed (html); domain is likely wrong or stale,UINTAH BASIN MEDICAL CENTER hospital ROOSEVELT UT official website,
46002F,VA SALT LAKE CITY HEALTHCARE - GEORGE E. WAHLEN VA MEDICAL CENTER,500 FOOTHILL BLVD.,SALT LAKE CITY,UT,84148,hpt-obf:v1:qVFsKlv_k_6cGSE9.V5MiVawukEjm1_2LYAWFPQ.Z4xjPZx9D--nr2XYvqA,Acute Care - Veterans Administration,,no-domain,exempt-federal,federally owned; outside 45 CFR 180,,
460063,WESTERN PEAKS SPECIALTY HOSPITAL,485 EAST 500 SOUTH,BOUNTIFUL,UT,84010,hpt-obf:v1:s-N2-x7073lMtZOk.4GYEj2K044n6m7pzPykhCg.bEW1-4Rh75lW9tgM4Ws,Acute Care Hospitals,,no-domain,exa-domain-lookup,no domain in the seed dataset,WESTERN PEAKS SPECIALTY HOSPITAL hospital BOUNTIFUL UT official website,
461302,MOAB REGIONAL HOSPITAL,450 WEST WILLIAMS WAY,MOAB,UT,84532,hpt-obf:v1:PJf9fCDavML92Coi.rRSSkoh6j7kJ_mM4wv9eYQ.oSPbr5ezFiTSGfv19XQ,Critical Access Hospitals,mrhmoab.org,html,exa-domain-lookup,pointer fetch failed (html); domain is likely wrong or stale,MOAB REGIONAL HOSPITAL hospital MOAB UT official website,
461306,GUNNISON VALLEY HOSPITAL,64 EAST 100 NORTH,GUNNISON,UT,84634,hpt-obf:v1:l8FctB8kF-vD3-CB.u8itiu-c2vYLlplEKcsWlQ.xzA0nNBoAkPdtxqZle0,Critical Access Hospitals,gvhospital.org,html,exa-domain-lookup,pointer fetch failed (html); domain is likely wrong or stale,GUNNISON VALLEY HOSPITAL hospital GUNNISON UT official website,
461310,BLUE MOUNTAIN HOSPITAL,802 SOUTH 200 WEST,BLANDING,UT,84511,hpt-obf:v1:zAD7-7P8J08hyq2a.DC_JTuxn5OeHsW47lalhiw.MGCIvPjWd_MQH1-SPSs,Critical Access Hospitals,ezcost.info,notfound,exa-domain-lookup,pointer fetch failed (notfound); domain is likely wrong or stale,BLUE MOUNTAIN HOSPITAL hospital BLANDING UT official website,
464001,UTAH STATE HOSPITAL,1300 EAST CENTER STREET,PROVO,UT,84605,hpt-obf:v1:plRPvHxwrpdnbEHC.itkPzMycqikbZTd65NcYdQ.B3wZACP6Ob33OXSveNQ,Psychiatric,,no-domain,exa-domain-lookup,no domain in the seed dataset,UTAH STATE HOSPITAL hospital PROVO UT official website,
464012,MARIAN CENTER,451 EAST BISHOP FEDERAL LANE,SALT LAKE CITY,UT,84115,hpt-obf:v1:uGIH-b1hSlbFpkXr.nIavgZErfHdtlkL5VMrgqA.2RYfqYzQ-S_W21qdW6U,Psychiatric,,no-domain,exa-domain-lookup,no domain in the seed dataset,MARIAN CENTER hospital SALT LAKE CITY UT official website,
464013,SALT LAKE BEHAVIORAL HEALTH,3802 SOUTH 700 EAST,SALT LAKE CITY,UT,84106,hpt-obf:v1:Nv5Mpmof7fqvFqkM.KZOMcJwD0DmDo85uUnhZ-g.MTI70xwHHOKqMzbW3u0,Psychiatric,,no-domain,exa-domain-lookup,no domain in the seed dataset,SALT LAKE BEHAVIORAL HEALTH hospital SALT LAKE CITY UT official website,
464014,ASPEN GROVE BEHAVIORAL HOSPITAL,1350 EAST 750 NORTH,OREM,UT,84097,hpt-obf:v1:9IAOqH8DSi6bPB1k.KK9z5RzoMOr2UDgr5jziYQ.vmsHh2nwYUsedFNZwmU,Psychiatric,,no-domain,exa-domain-lookup,no domain in the seed dataset,ASPEN GROVE BEHAVIORAL HOSPITAL hospital OREM UT official website,
470001,CENTRAL VERMONT MEDICAL CENTER,BOX 547,BARRE,VT,05641,hpt-obf:v1:Rd-GVdjMdEoV-gFP.xjx-ITAa6q-80kSTMK1pmA.bPUaIJHgRicjVPUzi9Y,Acute Care Hospitals,cvmc.org,blocked,unblocker,"domain returned 403/429; needs the unblocker, not a new domain",,
470003,UNIV. OF VERMONT - FLETCHER ALLEN HEALTH CARE,111 COLCHESTER AVE,BURLINGTON,VT,05401,hpt-obf:v1:xsgZz-984KtwANKH.D5PuUN5GIGFtg-mWKX2k7g.prNEj524wul2YY8xXew,Acute Care Hospitals,,no-domain,exa-domain-lookup,no domain in the seed dataset,UNIV. OF VERMONT - FLETCHER ALLEN HEALTH CARE hospital BURLINGTON VT official website,
47001F,WHITE RIVER JCT VA MEDICAL CENTER,163 VETERANS DRIVE,WHITE RIVER JUNCTION,VT,05009,hpt-obf:v1:Mmwq8f5x7BKaQbxi.Y9RvixjVc2EJw-8rMjqqNg.Xu3BEnrjcybKmNW0hRI,Acute Care - Veterans Administration,,no-domain,exempt-federal,federally owned; outside 45 CFR 180,,
470024,NORTHWESTERN MEDICAL CENTER INC,133 FAIRFIELD STREET,SAINT ALBANS,VT,05478,hpt-obf:v1:7k-pPbgP472X3xEt.AT1aPq9pHOC-sCGcyftXXg.0dqDiz7D0lDpccDfEtQ,Acute Care Hospitals,,no-domain,exa-domain-lookup,no domain in the seed dataset,NORTHWESTERN MEDICAL CENTER INC hospital SAINT ALBANS VT official website,
471302,MT ASCUTNEY HOSPITAL,289 COUNTY ROAD,WINDSOR,VT,05089,hpt-obf:v1:5rhaS965Q2PHu9fq.icpPamMXoTqH-EeM0qxRKQ.B5SIGgzqQHJti7zMxAc,Critical Access Hospitals,,no-domain,exa-domain-lookup,no domain in the seed dataset,MT ASCUTNEY HOSPITAL hospital WINDSOR VT official website,
471307,PORTER HOSPITAL INC,115 PORTER DRIVE,MIDDLEBURY,VT,05753,hpt-obf:v1:xqi2xSuqT7VGHpQI.yFNl_0zvEvzgCo4dFkeIUQ.b7n6ujFEnsQcz1Wa0YU,Critical Access Hospitals,portermedical.org,blocked,unblocker,"domain returned 403/429; needs the unblocker, not a new domain",,
474004,VERMONT PSYCHIATRIC CARE HOSPITAL,350 FISHER ROAD,BERLIN,VT,05602,hpt-obf:v1:ic8EajWhkACGcQaR.8PxHQvBtFCyeuH-Zw3hJng.IU3kR_wmwi5kqYuP2Vo,Psychiatric,,no-domain,exa-domain-lookup,no domain in the seed dataset,VERMONT PSYCHIATRIC CARE HOSPITAL hospital BERLIN VT official website,
480001,"ROY LESTER SCHNEIDER HOSPITAL,THE",9048 SUGAR ESTATE,ST THOMAS,VI,00801,hpt-obf:v1:W-613cTm0fDc7awb.BpC1zzsSMg1vzwD8AzUjGw.CDMcOhL2HkXFFfUw9Bw,Acute Care Hospitals,,no-domain,exa-domain-lookup,no domain in the seed dataset,"ROY LESTER SCHNEIDER HOSPITAL,THE hospital ST THOMAS VI official website",
480002,GOV JUAN F LUIS HOSPITAL & MEDICAL CTR,"#4007 EST DIAMOND RUBY, CHRISTIANSTED",ST CROIX,VI,00820,hpt-obf:v1:3U7PeODVfL1BEELp.715VNJ09ORt2jSPaBBbbTg.7TIqbZBR295-FxDHvlo,Acute Care Hospitals,,no-domain,exa-domain-lookup,no domain in the seed dataset,GOV JUAN F LUIS HOSPITAL & MEDICAL CTR hospital ST CROIX VI official website,
49001F,Fort Belvoir Community Hospital,9300 DeWitt Loop,Fort Belvoir,VA,22060,hpt-obf:v1:jChzrtsslrmo22_Y.HEu_TWiHZIHn0qLEXrf08Q.2DVCIytwAXK-UCm0L9c,Acute Care - Department of Defense,,no-domain,exempt-federal,federally owned; outside 45 CFR 180,,
490020,JOHN RANDOLPH MEDICAL CENTER,411 WEST RANDOLPH ROAD,HOPEWELL,VA,23860,hpt-obf:v1:bKANAd5j2D28_kzF.fUex2DLIPEzEKqk3-GBD-A.7xeDI70geil8g5Odtx4,Acute Care Hospitals,hcavirginia.com,ok,name-match-review,pointer file works (20 entries) but none matched this hospital's name,,
490021,CENTRA HEALTH -  LYNCHBURG GEN HOSPITAL,1901 TATE SPRINGS ROAD,LYNCHBURG,VA,24501,hpt-obf:v1:Pmfiokqn9igOfO-l.q7XQfRvpz_Ru_7I8zmYa9w.MBQB4Ui5DQNFc2lNnnY,Acute Care Hospitals,centrahealth.com,ok,name-match-review,pointer file works (5 entries) but none matched this hospital's name,,
490032,MEDICAL COLLEGE OF VIRGINIA HOSPITALS,1250 EAST MARSHALL STREET,RICHMOND,VA,23298,hpt-obf:v1:QPjEEdiFGLQ1LpTl.495tbGVRs-m2xC364W-F5w.JD4Z65zxzL9oA3nCaWQ,Acute Care Hospitals,vcuhealth.org,neterr,exa-domain-lookup,pointer fetch failed (neterr); domain is likely wrong or stale,MEDICAL COLLEGE OF VIRGINIA HOSPITALS hospital RICHMOND VA official website,
490037,RIVERSIDE SHORE MEMORIAL HOSPITAL,20480 MARKET STREET,ONANCOCK,VA,23417,hpt-obf:v1:VOIQwc8ALmYPM-lG.X4zsCUssUny27Ylz2mlg8Q.vZNa8WolraEDyqWRIC4,Acute Care Hospitals,,no-domain,exa-domain-lookup,no domain in the seed dataset,RIVERSIDE SHORE MEMORIAL HOSPITAL hospital ONANCOCK VA official website,
490050,VIRGINIA HOSPITAL CENTER,1701 NORTH GEORGE MASON DRIVE,ARLINGTON,VA,22205,hpt-obf:v1:mC7gfb_IARX_qjZb.ccRcfk2kavLV8psoBa1YeA.-QGxjVbWaa3IlHR-KDg,Acute Care Hospitals,,no-domain,exa-domain-lookup,no domain in the seed dataset,VIRGINIA HOSPITAL CENTER hospital ARLINGTON VA official website,
490052,RIVERSIDE REGIONAL MEDICAL CENTER,500 J CLYDE MORRIS BLVD,NEWPORT NEWS,VA,23601,hpt-obf:v1:gTrUxyNnUnM3rFww.iDPQCsKvptdPCEqqdkNzPA.spk4QXOw3EI7qPYSOvI,Acute Care Hospitals,,no-domain,exa-domain-lookup,no domain in the seed dataset,RIVERSIDE REGIONAL MEDICAL CENTER hospital NEWPORT NEWS VA official website,
490060,CLINCH VALLEY MEDICAL CENTER,6801 Governor GC Perry Highway,RICHLANDS,VA,24641,hpt-obf:v1:6B1jHgpT1I_HNdRc.ymhvUmBB4AVDpsOkqvyacQ.h4gEEVuSyQaO0TsAhbM,Acute Care Hospitals,,no-domain,exa-domain-lookup,no domain in the seed dataset,CLINCH VALLEY MEDICAL CENTER hospital RICHLANDS VA official website,
49006F,HAMPTON VA MEDICAL CENTER,100 EMANCIPATION DRIVE,HAMPTON,VA,23667,hpt-obf:v1:D2ZdOnJAOe8LAcoD.QyT_f9WPrNVd1QF9cUc_dA.OGsHopX41fINJpSOjR8,Acute Care - Veterans Administration,,no-domain,exempt-federal,federally owned; outside 45 CFR 180,,
49008F,NMC Portsmouth,620 John Paul Jones Cir,Portsmouth,VA,23708,hpt-obf:v1:4yVPKD_mWakoGFYq.gujt9Ni1pb-oKI2zOA71GQ.kq4VcxMM2uYtEgRbXvo,Acute Care - Department of Defense,,no-domain,exempt-federal,federally owned; outside 45 CFR 180,,
49010F,RICHMOND VA MEDICAL CENTER,1201 BROAD ROCK BOULEVARD,RICHMOND,VA,23249,hpt-obf:v1:15aIaj3ifQ_4GcTs.xHGpYH7C9vkt2CvSajxtRA.LOjcYdCHno3jxGf2oaE,Acute Care - Veterans Administration,,no-domain,exempt-federal,federally owned; outside 45 CFR 180,,
490112,CJW MEDICAL CENTER,7101 JAHNKE ROAD,RICHMOND,VA,23225,hpt-obf:v1:9HGcSJEP7eczCdin.a2tN_rgi0TqvCJSN4-Vljg.D02FOB72ogUnKRls7xc,Acute Care Hospitals,hcavirginia.com,ok,name-match-review,pointer file works (20 entries) but none matched this hospital's name,,
49011F,SALEM VA MEDICAL CENTER,1970 ROANOKE BOULEVARD,SALEM,VA,24153,hpt-obf:v1:CPNl5TNzWcsgmzIS.6k_LGqOsOpaaeWCbUk_3Cw.aVEg7cpB6e8e7GhR5lQ,Acute Care - Veterans Administration,,no-domain,exempt-federal,federally owned; outside 45 CFR 180,,
490130,RIVERSIDE WALTER REED HOSPITAL,7519 HOSPITAL ROAD,GLOUCESTER,VA,23061,hpt-obf:v1:eHVKrk2BQURmEk4T.aEGa-jILGp06St-HaO8ckQ.E0Hc46JlUDNV4O_AWHU,Acute Care Hospitals,,no-domain,exa-domain-lookup,no domain in the seed dataset,RIVERSIDE WALTER REED HOSPITAL hospital GLOUCESTER VA official website,
491300,BATH COMMUNITY HOSPITAL,106 PARK DRIVE- PO DRAWER Z,HOT SPRINGS,VA,24445,hpt-obf:v1:AxkH17KsCHS8e21u.-HSMNCtXW-O5z-S3ftcToQ.m_ZoBsQSJPc8sie92k8,Critical Access Hospitals,bathhospital.org,html,exa-domain-lookup,pointer fetch failed (html); domain is likely wrong or stale,BATH COMMUNITY HOSPITAL hospital HOT SPRINGS VA official website,
491304,CARILION STONEWALL JACKSON HOSPITAL,1 HEALTH CIRCLE,LEXINGTON,VA,24450,hpt-obf:v1:_iBPLH1jmVHAZzyR.jKPSWVMLVYzNHoBCbgjCVw.i0oczQg8ROuk1F26VK4,Critical Access Hospitals,carilionclinic.org,ok,name-match-review,pointer file works (7 entries) but none matched this hospital's name,,
493300,CUMBERLAND HOSPITAL LLC,9407 CUMBERLAND ROAD,NEW KENT,VA,23124,hpt-obf:v1:_7bnSQ-RPo4_XWjE.f3zBtEBydjVgsrOE_tOMng.9nUxPN_HHA17itdpxtc,Childrens,,no-domain,exa-domain-lookup,no domain in the seed dataset,CUMBERLAND HOSPITAL LLC hospital NEW KENT VA official website,
494022,POPLAR SPRINGS HOSPITAL,350 POPLAR DRIVE  PO BOX 3060,PETERSBURG,VA,23805,hpt-obf:v1:aqoZuRr35m7khyWX.i94wPPE9Ok6kHFrdT-e2Qw.NhhoOlqa_um7etNTegA,Psychiatric,,no-domain,exa-domain-lookup,no domain in the seed dataset,POPLAR SPRINGS HOSPITAL hospital PETERSBURG VA official website,
494023,DOMINION HOSPITAL,2960 SLEEPY HOLLOW ROAD,FALLS CHURCH,VA,22044,hpt-obf:v1:dan1Dmpjk_fll28t.lznOeEg7VYYr6FjnXmupyg.2CYyws0p6DUPmO9xfMQ,Psychiatric,hcavirginia.com,ok,name-match-review,pointer file works (20 entries) but none matched this hospital's name,,
494025,VIRGINIA BEACH PSYCHIATRIC CENTER,1100 FIRST COLONIAL ROAD,VIRGINIA BEACH,VA,23454,hpt-obf:v1:DvGxMWJC2hX-oLxV.KpuTbG6g0nvNxTSVr--uew.WVxx4UWoPuqEm37iDrs,Psychiatric,,no-domain,exa-domain-lookup,no domain in the seed dataset,VIRGINIA BEACH PSYCHIATRIC CENTER hospital VIRGINIA BEACH VA official website,
500003,SKAGIT VALLEY HOSPITAL,1415 KINCAID STREET,MOUNT VERNON,WA,98274,hpt-obf:v1:edg7Zi6jfAKGyV9Z._BLaw1Y93aTyTUL80UFtNQ.dvSrtVnnnafHdbb_zes,Acute Care Hospitals,,no-domain,exa-domain-lookup,no domain in the seed dataset,SKAGIT VALLEY HOSPITAL hospital MOUNT VERNON WA official website,
500030,PEACEHEALTH ST JOSEPH MEDICAL CENTER,2901 SQUALICUM PARKWAY,BELLINGHAM,WA,98225,hpt-obf:v1:rTmcqXF9ZnZc1Lar.t1_3e4Nzz14oKF7bELeX4g.bZM-Bw6nH34GeoHdzHw,Acute Care Hospitals,peacehealth.org,blocked,unblocker,"domain returned 403/429; needs the unblocker, not a new domain",,
500041,PEACEHEALTH ST JOHN MEDICAL CENTER,1615 DELAWARE STREET,LONGVIEW,WA,98632,hpt-obf:v1:8GTRWWoGWd2voxAr.Bx2OGZhK8i70rBp00vQ6mA.KxcE5nQeIC_2NcWbn9A,Acute Care Hospitals,peacehealth.org,blocked,unblocker,"domain returned 403/429; needs the unblocker, not a new domain",,
500044,DEACONESS MEDICAL CENTER,W 800 FIFTH AVENUE,SPOKANE,WA,99210,hpt-obf:v1:3QUuTMykm1G1yndY.MawpsQ-nOUPRH6NzKMvq1Q.BPlsWZxEKM3NxGYcV_E,Acute Care Hospitals,multicare.org,ok,name-match-review,pointer file works (19 entries) but none matched this hospital's name,,
500050,PEACEHEALTH SOUTHWEST MEDICAL CENTE,400 NE MOTHER JOSEPH PLACE,VANCOUVER,WA,98664,hpt-obf:v1:YNJngEznXfRkvMYe.jUuMY3cEd7llOv_CKKjtPw.RhszDgJbpAInXnNkI0k,Acute Care Hospitals,peacehealth.org,blocked,unblocker,"domain returned 403/429; needs the unblocker, not a new domain",,
500054,PROV SACRED HRT MED CTR & CHILDS HOSP.,101 WEST 8TH AVENUE,SPOKANE,WA,99220,hpt-obf:v1:D_d55U2qxvGKgKEd.Ot4U7S5fsBLWxV6-O5_jDA.SiCW0oIHxN735dQAvHg,Acute Care Hospitals,providence.org,ok,name-match-review,pointer file works (61 entries) but none matched this hospital's name,,
50005F,Madigan AMC (FT Lewis),9040A Jackson Ave,Joint Base Lewis-McChord,WA,98431,hpt-obf:v1:vSdocgLSsLuUVSdR.tvJM3qmutsuto8LbtoUGRg.mrHsTadeAU4Tt5ORbTQ,Acute Care - Department of Defense,,no-domain,exempt-federal,federally owned; outside 45 CFR 180,,
500084,EVERGREENHEALTH MONROE,14701 179TH AVE SE,MONROE,WA,98272,hpt-obf:v1:ouCjE7_XUtOgkYXd.RoXsV93UWmmgUIV7dfVriA.Ra53vsIYgPnXctPsCoI,Acute Care Hospitals,,no-domain,exa-domain-lookup,no domain in the seed dataset,EVERGREENHEALTH MONROE hospital MONROE WA official website,
50011F,SPOKANE VA MEDICAL CENTER,4815 N. ASSEMBLY STREET,SPOKANE,WA,99205,hpt-obf:v1:qqhS5Kbz_cRkwECc.NpYt3Pg30YzHq9hlm4Ko9Q.b8knM_ayyaZfJCF1z-8,Acute Care - Veterans Administration,,no-domain,exempt-federal,federally owned; outside 45 CFR 180,,
500124,EVERGREENHEALTH MEDICAL CENTER,12040 NE 128TH STREET,KIRKLAND,WA,98034,hpt-obf:v1:XgUp29gUdVFsl-GC.iPRmR0o0-CD0sZHfKiT9Fg.sZOiNXLvkjOQ4KQdpnE,Acute Care Hospitals,,no-domain,exa-domain-lookup,no domain in the seed dataset,EVERGREENHEALTH MEDICAL CENTER hospital KIRKLAND WA official website,
50030F,SEATTLE VA MEDICAL CENTER (VA PUGET SOUND HEALTHCARE SYSTEM),1660 S. COLUMBIAN WAY,SEATTLE,WA,98108,hpt-obf:v1:waGpBLR4VriTgQGW.7avdhI7LTxzwa8zDstDYyw.dOaPsx7iCEK-YXhpHis,Acute Care - Veterans Administration,,no-domain,exempt-federal,federally owned; outside 45 CFR 180,,
501304,SUMMIT PACIFIC MEDICAL CENTER,600 EAST MAIN STREET,ELMA,WA,98541,hpt-obf:v1:VwaBqQVkdMz95VZA.1oUGSbbPDf8v2v0Pha-Rxw.27k5ef-QOaFIwacA958,Critical Access Hospitals,,no-domain,exa-domain-lookup,no domain in the seed dataset,SUMMIT PACIFIC MEDICAL CENTER hospital ELMA WA official website,
501307,ODESSA MEMORIAL HEALTHCARE CENTER,502 E AMENDE DRIVE,ODESSA,WA,99159,hpt-obf:v1:MgdwQVtFtSLcacbp.yhLmJ-tFdBWGQF6JuaUORQ.OuXuSsaT-p2WZochT4I,Critical Access Hospitals,,no-domain,exa-domain-lookup,no domain in the seed dataset,ODESSA MEMORIAL HEALTHCARE CENTER hospital ODESSA WA official website,
501314,OCEAN BEACH HOSPITAL,174 FIRST AVENUE NORTH,ILWACO,WA,98624,hpt-obf:v1:G44Xw3Ro9xKdjgF2.HEpCzUKdR9dLnu6MqhzBBw.56I_wcSCd4TgqfCqWRk,Critical Access Hospitals,,no-domain,exa-domain-lookup,no domain in the seed dataset,OCEAN BEACH HOSPITAL hospital ILWACO WA official website,
501315,SKYLINE HOSPITAL,211 SKYLINE DRIVE,WHITE SALMON,WA,98672,hpt-obf:v1:DCgaFtRti9zhMHW6.k0G2j_dEmjsZYlaY1reWlw.HjxTCVq9V8wiVSA7WUU,Critical Access Hospitals,,no-domain,exa-domain-lookup,no domain in the seed dataset,SKYLINE HOSPITAL hospital WHITE SALMON WA official website,
501320,QUINCY VALLEY MEDICAL CENTER,908 10TH AVENUE SOUTHWEST,QUINCY,WA,98848,hpt-obf:v1:oSGp6_mHBR9BquNd.lHkRP-XeQyEFJD2zY697VA.ZbUDFmkcG7vsYXPT4H4,Critical Access Hospitals,,no-domain,exa-domain-lookup,no domain in the seed dataset,QUINCY VALLEY MEDICAL CENTER hospital QUINCY WA official website,
501321,NORTH VALLEY HOSPITAL,203 SOUTH WESTERN,TONASKET,WA,98855,hpt-obf:v1:2TPq_eq1y05evAB2.dYnwcnYyhP-ACO0-XIkjRw.xjwVMlzmPXi5BbeMNRk,Critical Access Hospitals,,no-domain,exa-domain-lookup,no domain in the seed dataset,NORTH VALLEY HOSPITAL hospital TONASKET WA official website,
501322,FERRY COUNTY MEMORIAL HOSPITAL,36 KLONDIKE ROAD,REPUBLIC,WA,99166,hpt-obf:v1:p1PO1bzjIhD3NUbJ.3fmAazvxClsddfF-5QIySA.lv9y4wf9GdVGA3KpLV0,Critical Access Hospitals,,no-domain,exa-domain-lookup,no domain in the seed dataset,FERRY COUNTY MEMORIAL HOSPITAL hospital REPUBLIC WA official website,
501328,MID VALLEY HOSPITAL & CLINIC,810 JASMINE STREET,OMAK,WA,98841,hpt-obf:v1:5I86M_If0PVgFjZR.W4l6x7Tv15sDzQharHlZ3w.LrfExS3l23f21IOU65E,Critical Access Hospitals,,no-domain,exa-domain-lookup,no domain in the seed dataset,MID VALLEY HOSPITAL & CLINIC hospital OMAK WA official website,
501329,PEACEHEALTH UNITED GENERAL MEDICAL CENTER,2000 HOSPITAL DRIVE,SEDRO WOOLLEY,WA,98284,hpt-obf:v1:YRrENwTFf37GuDup.BeA3JflZwDrSEJXNQrua9Q.cxGbgSVPUBt6kNrnelc,Critical Access Hospitals,peacehealth.org,blocked,unblocker,"domain returned 403/429; needs the unblocker, not a new domain",,
501331,PULLMAN REGIONAL HOSPITAL,835 S BISHOP BLVD,PULLMAN,WA,99163,hpt-obf:v1:_J8fgulp7V053ItX.sUiQmPKMaDJvdYJOpheyYA.4_Fffw8dZGF970iXyL8,Critical Access Hospitals,,no-domain,exa-domain-lookup,no domain in the seed dataset,PULLMAN REGIONAL HOSPITAL hospital PULLMAN WA official website,
501336,MASON GENERAL HOSPITAL & FAMILY OF CLINICS,901 MT VIEW DRIVE,SHELTON,WA,98584,hpt-obf:v1:i4ifss_xkLIXEJ9W.PKhiL9quyC0YI0KBehrg5A.3IWi2LRrMEioGzQgMkI,Critical Access Hospitals,,no-domain,exa-domain-lookup,no domain in the seed dataset,MASON GENERAL HOSPITAL & FAMILY OF CLINICS hospital SHELTON WA official website,
501340,PEACEHEALTH PEACE ISLAND MEDICAL CENTER,1117 SPRING STREET,FRIDAY HARBOR,WA,98250,hpt-obf:v1:-8z7BRO_SI9TWnJK.Uhyt7Vb8lAEKKrYXDKjrrw.1TdCyynbT-aQwOjK9_I,Critical Access Hospitals,peacehealth.org,blocked,unblocker,"domain returned 403/429; needs the unblocker, not a new domain",,
504002,BHC FAIRFAX HOSPITAL,10200 NE 132ND ST,KIRKLAND,WA,98034,hpt-obf:v1:VAZ34WpPFFoXAHLt.G7T7tHHtJKpuTackt495MQ.T6hDNFGVnStBbQp_RaE,Psychiatric,fairfaxhospital.com,blocked,unblocker,"domain returned 403/429; needs the unblocker, not a new domain",,
504004,EASTERN STATE HOSPITAL,850 MAPLE STREET - P O BOX  A,MEDICAL LAKE,WA,99022,hpt-obf:v1:8qafk3BRTKtCtMW0.zdDsIGWUDT52HnymGt4HWw.OpdP8DaicgOD-o5mc-E,Psychiatric,,no-domain,exa-domain-lookup,no domain in the seed dataset,EASTERN STATE HOSPITAL hospital MEDICAL LAKE WA official website,
504014,INLAND NORTHWEST BEHAVIORAL HEALTH,104 W 5TH AVE,SPOKANE,WA,99204,hpt-obf:v1:PCEbXIj0i21VnSxB.kQZ9R9pQPYZLaRkqNfTzmg.IuQa-xmRuD1O4W9QNmE,Psychiatric,,no-domain,exa-domain-lookup,no domain in the seed dataset,INLAND NORTHWEST BEHAVIORAL HEALTH hospital SPOKANE WA official website,
51002F,BECKLEY VA MEDICAL CENTER,200 VETERANS AVENUE,BECKLEY,WV,25801,hpt-obf:v1:gDRUmKU7__BdQzoB.U36fWK7rLrdgdjc9sVXqiA.EHc6kgUJ-tX6IDp7BN8,Acute Care - Veterans Administration,,no-domain,exempt-federal,federally owned; outside 45 CFR 180,,
51003F,CLARKSBURG VA MEDICAL CENTER,1 MEDICAL CENTER DRIVE,CLARKSBURG,WV,26301,hpt-obf:v1:JfELeyLvXWhX_l0O.I2vlLpv7UftPvgXea3xV2Q.T8LqllnpGi-NvFfDATg,Acute Care - Veterans Administration,,no-domain,exempt-federal,federally owned; outside 45 CFR 180,,
510048,LOGAN REGIONAL MEDICAL CENTER,20 HOSPITAL DRIVE,LOGAN,WV,25601,hpt-obf:v1:fq2zWEnIW6uK5rmJ.zSaIQvlpyBSFbSk3Hx-jAg.YEkZfH1kJiHyGnVbnwU,Acute Care Hospitals,loganregionalmedicalcenter.com,failed,exa-domain-lookup,pointer fetch failed (failed); domain is likely wrong or stale,LOGAN REGIONAL MEDICAL CENTER hospital LOGAN WV official website,
51004F,HUNTINGTON VA MEDICAL CENTER,1540 SPRING VALLEY ROAD,HUNTINGTON,WV,25704,hpt-obf:v1:gPmr18b8x2I_4KlZ.RpW6jubAtrdZksXqZ_ffqQ.6HfOpEXze0nsLHS8-Dg,Acute Care - Veterans Administration,,no-domain,exempt-federal,federally owned; outside 45 CFR 180,,
51005F,MARTINSBURG VA MEDICAL CENTER,510 BUTLER AVE.,MARTINSBURG,WV,25405,hpt-obf:v1:amRhCKsXrPeEfske.Kt_x1RL6griMot4dba2J3w.pN_5yDI-AFt1ER8ta9s,Acute Care - Veterans Administration,,no-domain,exempt-federal,federally owned; outside 45 CFR 180,,
510086,WELCH COMMUNITY HOSPITAL,454 MCDOWELL STREET,WELCH,WV,24801,hpt-obf:v1:dOPdG5Mi9SIWEwqK.Qww9sJZTXWf4t3FriYTSjg.A75kXSFxwyW9rwcUZqI,Acute Care Hospitals,dhhr.wv.gov,neterr,exa-domain-lookup,pointer fetch failed (neterr); domain is likely wrong or stale,WELCH COMMUNITY HOSPITAL hospital WELCH WV official website,
510094,WILLIAMSON MEMORIAL INC,859 ALDERSON ST,WILLIAMSON,WV,25661,hpt-obf:v1:OoUt32_PZJSV2r1G.ZqP598wXUNwerTU2MM3sNA.8p8VUwuesCEDlt9NpmI,Acute Care Hospitals,,no-domain,exa-domain-lookup,no domain in the seed dataset,WILLIAMSON MEMORIAL INC hospital WILLIAMSON WV official website,
511306,ROANE GENERAL HOSPITAL,200 HOSPITAL DRIVE,SPENCER,WV,25276,hpt-obf:v1:q0rA03lSGsHno3US.D_zPn_xhF5Wze73knFVRcQ.adxD-UUkY5J412mvLvs,Critical Access Hospitals,roanegeneralhospital.com,html,exa-domain-lookup,pointer fetch failed (html); domain is likely wrong or stale,ROANE GENERAL HOSPITAL hospital SPENCER WV official website,
511314,POCAHONTAS MEMORIAL HOSPITAL,150 DUNCAN ROAD,BUCKEYE,WV,24924,hpt-obf:v1:zFKX6vbMFLhtZguC.vWVhZJ0o4ozDG1La18TgSA.9y6BMWlJJuiXRQSgZiQ,Critical Access Hospitals,,no-domain,exa-domain-lookup,no domain in the seed dataset,POCAHONTAS MEMORIAL HOSPITAL hospital BUCKEYE WV official website,
514008,RIVER PARK HOSPITAL,1230 SIXTH AVENUE,HUNTINGTON,WV,25701,hpt-obf:v1:kVx55JSmPUGsI_15.kItG6W2UN4ycGz_go3Uj7g.tRXSs2leS-XBW47OoZs,Psychiatric,,no-domain,exa-domain-lookup,no domain in the seed dataset,RIVER PARK HOSPITAL hospital HUNTINGTON WV official website,
514009,MILDRED MITCHELL-BATEMAN HOSPITAL,1530 NORWAY AVENUE,HUNTINGTON,WV,25705,hpt-obf:v1:4Cf3s7d1EZA60QWi.tUIxvhpyV5S2RtIap4znaA.8Aj4OhCzd5aNuIMdw9M,Psychiatric,batemanhospital.org,neterr,exa-domain-lookup,pointer fetch failed (neterr); domain is likely wrong or stale,MILDRED MITCHELL-BATEMAN HOSPITAL hospital HUNTINGTON WV official website,
514012,"WILLIAM R SHARPE, JR HOSPITAL",936 SHARPE HOSPITAL ROAD,WESTON,WV,26452,hpt-obf:v1:l0cJj2WYf10dQc8o.31LFmabVfMIRKkozDT9Akg.IAfnxQuT6jc0yH0TOB0,Psychiatric,dhhr.wv.gov,neterr,exa-domain-lookup,pointer fetch failed (neterr); domain is likely wrong or stale,"WILLIAM R SHARPE, JR HOSPITAL hospital WESTON WV official website",
520008,WAUKESHA MEMORIAL HOSPITAL,725 AMERICAN AVE,WAUKESHA,WI,53188,hpt-obf:v1:u-Pa-sLrmcwRXGhk.nhKTRZvwJ-FircETzvwoPA.bEJcU_7ZudadCiykntE,Acute Care Hospitals,,no-domain,exa-domain-lookup,no domain in the seed dataset,WAUKESHA MEMORIAL HOSPITAL hospital WAUKESHA WI official website,
520021,FROEDTERT SOUTH INC.,6308 EIGHTH AVE,KENOSHA,WI,53143,hpt-obf:v1:scOVOMiDWqrlGlt9.nubln4dfs_EtinahggAUQg.Npdbzslx3JrFD525WqU,Acute Care Hospitals,froedtert.com,ok,name-match-review,pointer file works (9 entries) but none matched this hospital's name,,
52002F,TOMAH VA MEDICAL CENTER,500 EAST VETERANS STREET,TOMAH,WI,54660,hpt-obf:v1:7m9G16TWmm-0Oyd4.tTDK7x9mEqL0hmnZzUxMNA.zDXoNkRZ1gJKa0nfbK0,Acute Care - Veterans Administration,,no-domain,exempt-federal,federally owned; outside 45 CFR 180,,
52003F,MILWAUKEE VA MEDICAL CENTER,5000 W. NATIONAL AVENUE,MILWAUKEE,WI,53295,hpt-obf:v1:gPqUqW_Dh0k8K0Wa.DIqaAGkgyXUGu-yjN06j2g.I9ENwQ2WTB3C1_3uebg,Acute Care - Veterans Administration,,no-domain,exempt-federal,federally owned; outside 45 CFR 180,,
52004F,MADISON VA MEDICAL CENTER,2500 OVERLOOK TERRACE,MADISON,WI,53705,hpt-obf:v1:qPbNyXjQ1ycLpIJB.ZQKYf6Izsubd2n9Z6ubt4w.pEnQggapGN3iuhdHFtU,Acute Care - Veterans Administration,,no-domain,exempt-federal,federally owned; outside 45 CFR 180,,
520103,COMMUNITY MEMORIAL HOSPITAL,W180 N8085 TOWN HALL RD,MENOMONEE FALLS,WI,53051,hpt-obf:v1:c2alEVAsoS7jHd_f.CHheCtK0jdchCihMJMxM3Q.O5Iy7EBolsx12YcbrEA,Acute Care Hospitals,froedtert.com,ok,name-match-review,pointer file works (9 entries) but none matched this hospital's name,,
520116,WATERTOWN MEMORIAL HOSPITAL,125 HOSPITAL DRIVE,WATERTOWN,WI,53098,hpt-obf:v1:96UQBZHSlkmIQSMo.XDUBXZd3kO-fb_EEU_updA.FhiPMQcy-ggVrBsDA0I,Acute Care Hospitals,watertownregional.com,failed,exa-domain-lookup,pointer fetch failed (failed); domain is likely wrong or stale,WATERTOWN MEMORIAL HOSPITAL hospital WATERTOWN WI official website,
521307,CHIPPEWA VALLEY HOSPITAL,1220 3RD AVE W,DURAND,WI,54736,hpt-obf:v1:wSBfsBYi5MoK2e8J.WdELGbeQ9MUnb5pPdiinLA.OSEK6HllO8WGjXqVT8c,Critical Access Hospitals,adventhealth.com,ok,name-match-review,pointer file works (87 entries) but none matched this hospital's name,,
521312,LAFAYETTE HOSPITAL AND CLINICS,211 BEV ANDERSON DR,DARLINGTON,WI,53530,hpt-obf:v1:r6lz5MdHCr1g0WFd.x04G08fePyvrnfTitHo7YQ.SMJl1kMtsFg5jN-8R4o,Critical Access Hospitals,,no-domain,exa-domain-lookup,no domain in the seed dataset,LAFAYETTE HOSPITAL AND CLINICS hospital DARLINGTON WI official website,
521318,LADD MEMORIAL HOSPITAL,2600 65TH AVENUE,OSCEOLA,WI,54020,hpt-obf:v1:bT8jnpof1HTtV6ve.J_9WQJotsGCRmBUArjIX9w.VaYzVCRiKgjLPD1j82g,Critical Access Hospitals,,no-domain,exa-domain-lookup,no domain in the seed dataset,LADD MEMORIAL HOSPITAL hospital OSCEOLA WI official website,
521329,ST MARYS HOSPITAL SUPERIOR,3500 TOWER AVE,SUPERIOR,WI,54880,hpt-obf:v1:SBvBrcRhpLDpUfj9.vMCFgiHecml65DrnQ7ZyWg.90hZ2jxlcacBYvtyEEk,Critical Access Hospitals,,no-domain,exa-domain-lookup,no domain in the seed dataset,ST MARYS HOSPITAL SUPERIOR hospital SUPERIOR WI official website,
521335,HUDSON HOSPITAL,405 STAGELINE ROAD,HUDSON,WI,54016,hpt-obf:v1:bTPyqeahZhEymcb2.wjGa8gh797As5lI7yFX-Kw.9VVzQzrlYxrsl6jsdCM,Critical Access Hospitals,healthpartners.com,ok,name-match-review,pointer file works (8 entries) but none matched this hospital's name,,
521341,RICHLAND HOSPITAL,333 E SECOND ST,RICHLAND CENTER,WI,53581,hpt-obf:v1:JYGDpcemxxXqgDQ1.VsnNM79pUodSbCFcO-BJFQ.BKZU0d1dlMGUT8EMI9Y,Critical Access Hospitals,,no-domain,exa-domain-lookup,no domain in the seed dataset,RICHLAND HOSPITAL hospital RICHLAND CENTER WI official website,
521342,INDIANHEAD MEDICAL CTR,113 4TH AVE,SHELL LAKE,WI,54871,hpt-obf:v1:DzNtQQyFZsGQ6zBX.QC5sBFH9rDd1owxzO-Ra6Q.ODKh1CUd0i9NDFyYWDs,Critical Access Hospitals,,no-domain,exa-domain-lookup,no domain in the seed dataset,INDIANHEAD MEDICAL CTR hospital SHELL LAKE WI official website,
521347,WESTERN WISCONSIN HEALTH,730 10TH AVE,BALDWIN,WI,54002,hpt-obf:v1:pMcF0BP8qyQE1jT0.BUVVugdj1bXmEuroWgEF9g.OzmsqrsmiLmBtd4l0AA,Critical Access Hospitals,,no-domain,exa-domain-lookup,no domain in the seed dataset,WESTERN WISCONSIN HEALTH hospital BALDWIN WI official website,
521348,VERNON MEMORIAL HOSPITAL,507 SOUTH MAIN ST,VIROQUA,WI,54665,hpt-obf:v1:HMIHYyTpdnDe5ngd.DDp2UhYsY2TJWrnXdA9dLw.wvLv2vBynCWohSSuhlI,Critical Access Hospitals,,no-domain,exa-domain-lookup,no domain in the seed dataset,VERNON MEMORIAL HOSPITAL hospital VIROQUA WI official website,
521351,REEDSBURG AREA MEDICAL CENTER,2000 N DEWEY AVE,REEDSBURG,WI,53959,hpt-obf:v1:gj5zsOcvHxvn3Z0Y.O1nzMziWBXE2ReBkmP-AVA.UeWbsZrIoaGfwE0s_YU,Critical Access Hospitals,,no-domain,exa-domain-lookup,no domain in the seed dataset,REEDSBURG AREA MEDICAL CENTER hospital REEDSBURG WI official website,
521352,UPLAND HILLS HEALTH,800 COMPASSION WAY,DODGEVILLE,WI,53533,hpt-obf:v1:Qy7AUal5wc0s-5vw.zvdChgmoTvet5tR0i0c0eA.W40-1imF4cE_nwn9o6M,Critical Access Hospitals,,no-domain,exa-domain-lookup,no domain in the seed dataset,UPLAND HILLS HEALTH hospital DODGEVILLE WI official website,
521354,SOUTHWEST HEALTH CENTER,1400 EAST SIDE RD,PLATTEVILLE,WI,53818,hpt-obf:v1:fxMwUKePp_CC2Byx.RIKok0kjtJh2D_BPiDs9Nw.C4UFghWQrAooa4LMblg,Critical Access Hospitals,,no-domain,exa-domain-lookup,no domain in the seed dataset,SOUTHWEST HEALTH CENTER hospital PLATTEVILLE WI official website,
524002,WINNEBAGO MENTAL HEALTH INSTITUTE,4100 TREFFERT DR,WINNEBAGO,WI,54985,hpt-obf:v1:pPqtAYjutwGMAZ6u.FpnNWO7ZRoHMt5jdvvVStw.TXaLrZ6mzPdV9eFVDt0,Psychiatric,,no-domain,exa-domain-lookup,no domain in the seed dataset,WINNEBAGO MENTAL HEALTH INSTITUTE hospital WINNEBAGO WI official website,
524008,MENDOTA MENTAL HEALTH INSTITUTE,301 TROY DR,MADISON,WI,53704,hpt-obf:v1:zO-LnKGZRo3CIoqZ.3crxv1GRKQD22slsyX_B9Q.TkRxZX_jK8OjcKCe62A,Psychiatric,,no-domain,exa-domain-lookup,no domain in the seed dataset,MENDOTA MENTAL HEALTH INSTITUTE hospital MADISON WI official website,
524014,BROWN COUNTY COMMUNITY TREATMENT CTR,3150 GERSHWIN DRIVE,GREEN BAY,WI,54311,hpt-obf:v1:_zZs9_igTRo7XA0w.etV1joesSATdp7e0sCtZWw.UKASk_9vVG3r4oQHqmU,Psychiatric,,no-domain,exa-domain-lookup,no domain in the seed dataset,BROWN COUNTY COMMUNITY TREATMENT CTR hospital GREEN BAY WI official website,
524025,FOND DU LAC COUNTY ACUTE PSYCH UNIT,459 E FIRST ST,FOND DU LAC,WI,54935,hpt-obf:v1:MWs74LqaXnVavcwE.s9JDDlB7VQB_VtMFPSWbyQ.3CT9nztfmglQ3S_nLj8,Psychiatric,,no-domain,exa-domain-lookup,no domain in the seed dataset,FOND DU LAC COUNTY ACUTE PSYCH UNIT hospital FOND DU LAC WI official website,
524026,WAUKESHA COUNTY MENTAL HEALTH CTR,1501 AIRPORT RD,WAUKESHA,WI,53188,hpt-obf:v1:JyiDvfzfW25Cbblv.LYSsTwnEjGMS_jg5wbWMXA.8LVf_CyfouAQ6EAiupo,Psychiatric,,no-domain,exa-domain-lookup,no domain in the seed dataset,WAUKESHA COUNTY MENTAL HEALTH CTR hospital WAUKESHA WI official website,
524042,MIRAMONT BEHAVIORAL HEALTH,3169 DEMING WAY,MIDDLETON,WI,53562,hpt-obf:v1:MTIN-vdNlbaEaxbt.U8h5xusev_lN0qcSRb-1Tg.0BPXspZ8A6GU-nmpky0,Psychiatric,,no-domain,exa-domain-lookup,no domain in the seed dataset,MIRAMONT BEHAVIORAL HEALTH hospital MIDDLETON WI official website,
524043,GRANITE HILLS HOSPITAL,1706 S 68TH ST,WEST ALLIS,WI,53214,hpt-obf:v1:RafTPEOM0zHASJ-b.wE5WAUnvuvinNs3aDgK8oQ.yS4Y4_eOY8Rqgl9om_o,Psychiatric,,no-domain,exa-domain-lookup,no domain in the seed dataset,GRANITE HILLS HOSPITAL hospital WEST ALLIS WI official website,
530002,CAMPBELL COUNTY HEALTH,501 SOUTH BURMA AVENUE,GILLETTE,WY,82716,hpt-obf:v1:03tWh9dRIKGWXapD.UjdG4R-0kzDYT47WCICSQg.Jh9tDwnqENnBImIpyUM,Acute Care Hospitals,,no-domain,exa-domain-lookup,no domain in the seed dataset,CAMPBELL COUNTY HEALTH hospital GILLETTE WY official website,
530008,SAGEWEST HEALTH CARE,2100 W SUNSET DR,RIVERTON,WY,82501,hpt-obf:v1:z0uFP8KzxQrBWqSR.e0xdRfHxhLQIhWOr9V4CIQ.4OTi7tzJiEVExH06HaM,Acute Care Hospitals,sagewesthealthcare.com,failed,exa-domain-lookup,pointer fetch failed (failed); domain is likely wrong or stale,SAGEWEST HEALTH CARE hospital RIVERTON WY official website,
530012,BANNER WYOMING MEDICAL CENTER,1233 EAST 2ND ST,CASPER,WY,82601,hpt-obf:v1:vylB8fJ5VBugqLZe.Yz9_8_tt6I9gGpn3-psogQ.dXuG1gCDFFVc62bMHvk,Acute Care Hospitals,wyomingmedicalcenter.org,neterr,exa-domain-lookup,pointer fetch failed (neterr); domain is likely wrong or stale,BANNER WYOMING MEDICAL CENTER hospital CASPER WY official website,
530034,SUMMIT MEDICAL CENTER,6350 E 2ND STREET,CASPER,WY,82609,hpt-obf:v1:f-thF5enIEcymvtC.wW2n0B8x4PeqaOsNd8DSqA._wULBdPDPYx-2tVe5_o,Acute Care Hospitals,hcamidwest.com,ok,name-match-review,pointer file works (11 entries) but none matched this hospital's name,,
53004F,CHEYENNE VA MEDICAL CENTER,2360 E. PERSHING BLVD.,CHEYENNE,WY,82001,hpt-obf:v1:ne5rRODM-fcm1L_X.EDqrPJB0Uae7qSidEV8ODQ._93m91Z3aBYedCpnXxE,Acute Care - Veterans Administration,,no-domain,exempt-federal,federally owned; outside 45 CFR 180,,
53005F,SHERIDAN VA MEDICAL CENTER,1898 FORT ROAD,SHERIDAN,WY,82801,hpt-obf:v1:t5u_P81i4Fc8etiw.8fymJm58ee7VJgLkrbeBGQ.hNyDR_VMywwGiFs0k1c,Acute Care - Veterans Administration,,no-domain,exempt-federal,federally owned; outside 45 CFR 180,,
531301,SOUTH BIG HORN COUNTY HOSPITAL,388 US HIGHWAY 20 SOUTH,BASIN,WY,82410,hpt-obf:v1:YfsTwMk2C5ytdEcN.pvKk-X-hQRcu6JW0i2i3YA.0uDaFU7BkpCqB500eNk,Critical Access Hospitals,,no-domain,exa-domain-lookup,no domain in the seed dataset,SOUTH BIG HORN COUNTY HOSPITAL hospital BASIN WY official website,
531305,PLATTE COUNTY HOSPITAL,201 14TH STREET,WHEATLAND,WY,82201,hpt-obf:v1:-9EYI_gR3MdXr9gB.Vrfo-WqOf344heJj2mSKIw.0KEFMUEVN0Qvlh5UhhY,Critical Access Hospitals,bannerhealth.com,blocked,unblocker,"domain returned 403/429; needs the unblocker, not a new domain",,
531306,WASHAKIE MEDICAL CENTER,400 SOUTH 15TH STREET,WORLAND,WY,82401,hpt-obf:v1:h346kiK4Dw_t8z4s.OhivoNk5HAMeRg1_joKplQ.NIVOZBPXP905VzBsh6s,Critical Access Hospitals,bannerhealth.com,blocked,unblocker,"domain returned 403/429; needs the unblocker, not a new domain",,
531307,COMMUNITY HOSPITAL,2000 CAMPBELL DRIVE,TORRINGTON,WY,82240,hpt-obf:v1:5eREdwvUeYNKafuj.gLm_Q-I-wMUnxZIxhiA7Og.AfOv0NORxTn2VQT6jT0,Critical Access Hospitals,,no-domain,exa-domain-lookup,no domain in the seed dataset,COMMUNITY HOSPITAL hospital TORRINGTON WY official website,
531308,JOHNSON COUNTY HEALTHCARE CENTER,497 WEST LOTT,BUFFALO,WY,82834,hpt-obf:v1:oHvFNj2ZKCssc63a.nki6IQI7ME9leOdcLMzGAA.2Z-ar0sC9oBKX3FIZ_g,Critical Access Hospitals,,no-domain,exa-domain-lookup,no domain in the seed dataset,JOHNSON COUNTY HEALTHCARE CENTER hospital BUFFALO WY official website,
531311,CROOK COUNTY HOSPITAL,713 OAK STREET,SUNDANCE,WY,82729,hpt-obf:v1:1hMmwSUZFfFGPvKf.aC4AEK8EI3JIuH_cgRJzbg.c-Ms3XHieqptSh-GWpU,Critical Access Hospitals,,no-domain,exa-domain-lookup,no domain in the seed dataset,CROOK COUNTY HOSPITAL hospital SUNDANCE WY official website,
531314,NIOBRARA COUNTY HOSPITAL DISTRICT,921 SOUTH BALLANCEE AVENUE,LUSK,WY,82225,hpt-obf:v1:wCK8r0NlUOrt1FEw.OjkC6q_3cC1sKnvo0ZBjIA.qlXkmZ9bhQ_twWmi2fk,Critical Access Hospitals,,no-domain,exa-domain-lookup,no domain in the seed dataset,NIOBRARA COUNTY HOSPITAL DISTRICT hospital LUSK WY official website,
531317,NORTH PLATTE VALLEY MEDICAL CENTER,1300 WEST BRIDGE AVE,SARATOGA,WY,82331,hpt-obf:v1:ha5oBiwbXQ2aLETh.iukf_lttqcozgNmnyS610A.TQshxgaWtAR7A6KCHng,Critical Access Hospitals,,no-domain,exa-domain-lookup,no domain in the seed dataset,NORTH PLATTE VALLEY MEDICAL CENTER hospital SARATOGA WY official website,
531318,MEMORIAL HOSPITAL SWEETWATER COUNTY,1200 COLLEGE DRIVE,ROCK SPRINGS,WY,82901,hpt-obf:v1:f8oqDlJ5MdQMt-JZ.dmdlGLeZot1Nu6kjtp6rwQ.MhJG7DAiCn5qh-aeA78,Critical Access Hospitals,,no-domain,exa-domain-lookup,no domain in the seed dataset,MEMORIAL HOSPITAL SWEETWATER COUNTY hospital ROCK SPRINGS WY official website,
534004,WYOMING BEHAVIORAL INSTITUTE,2521 EAST 15TH STREET,CASPER,WY,82609,hpt-obf:v1:uhS35O-FLLO5tXhE.dH2qw3YXCb3oo0NCj94qcw.yDLkLIg79DmcOx2zJek,Psychiatric,,no-domain,exa-domain-lookup,no domain in the seed dataset,WYOMING BEHAVIORAL INSTITUTE hospital CASPER WY official website,
650001,GUAM MEMORIAL  HOSPITAL AUTHORITY,85O GOV CARLOS G CAMACHO ROAD,TAMUNING,GU,96913,hpt-obf:v1:ojBdo-3iFROw_2qN.p_aj3ff4ICkfWCsOx-Urng.14Am70TOB2YB9L4navM,Acute Care Hospitals,gmha.org,notfound,exa-domain-lookup,pointer fetch failed (notfound); domain is likely wrong or stale,GUAM MEMORIAL  HOSPITAL AUTHORITY hospital TAMUNING GU official website,
650003,GUAM REGIONAL MEDICAL CITY,133 ROUTE 3,DEDEDO,GU,96929,hpt-obf:v1:CclnET5bGtvdoiDK.I5zyE8s8QrzZebKkz6TCAA.04tlTIBLePHSvH0atyc,Acute Care Hospitals,,no-domain,exa-domain-lookup,no domain in the seed dataset,GUAM REGIONAL MEDICAL CITY hospital DEDEDO GU official website,
660001,COMMONWEALTH HEALTH CENTER,1 LOWER NAVY HILL ROAD (PO BOX 409CK),GARAPAN,MP,96950,hpt-obf:v1:Q8OATFH--AD4Fyuo.WWydL5qjLrAjctp7tCUjZg.QorSrQAWNynZodt7t1g,Acute Care Hospitals,chcc.health,html,exa-domain-lookup,pointer fetch failed (html); domain is likely wrong or stale,COMMONWEALTH HEALTH CENTER hospital GARAPAN MP official website,
670005,MEMORIAL HERMANN SURGICAL HOSPITAL KINGWOOD,300 KINGWOOD MEDICAL DRIVE,KINGWOOD,TX,77339,hpt-obf:v1:-LicuLtzfQvebpPw.WvLoquRduanpPh1tl9ZX9Q.qHwOF56woFUxvQW8iCU,Acute Care Hospitals,,no-domain,exa-domain-lookup,no domain in the seed dataset,MEMORIAL HERMANN SURGICAL HOSPITAL KINGWOOD hospital KINGWOOD TX official website,
670008,MEMORIAL HERMANN HOUSTON PHYSICIANS HOSPITAL,"333 N TEXAS AVENUE, SUITE 1000",WEBSTER,TX,77598,hpt-obf:v1:n6gszuKyRXkKewQh.XFz6vntitihOlym8XQZ2fg.jUwtj1CTGj3gECbmiCA,Acute Care Hospitals,,no-domain,exa-domain-lookup,no domain in the seed dataset,MEMORIAL HERMANN HOUSTON PHYSICIANS HOSPITAL hospital WEBSTER TX official website,
670010,MAYHILL HOSPITAL,2809 SOUTH MAYHILL ROAD,DENTON,TX,76208,hpt-obf:v1:HRxwC3VGR3OB9n48.6U2DjcqamDoSoSE4Ozhj6g.xUh7nPMkWHxlguiikSM,Acute Care Hospitals,,no-domain,exa-domain-lookup,no domain in the seed dataset,MAYHILL HOSPITAL hospital DENTON TX official website,
670047,THE HOSPITALS OF PROVIDENCE - EAST CAMPUS,3280 JOE BATTLE BLVD,EL PASO,TX,79938,hpt-obf:v1:MM9jMMnTQFEN-hmr.t729w0RJzmw641FOBAHW7A.PJ_Z1ebj4hgy3RnbL0I,Acute Care Hospitals,,no-domain,exa-domain-lookup,no domain in the seed dataset,THE HOSPITALS OF PROVIDENCE - EAST CAMPUS hospital EL PASO TX official website,
670054,FOUNDATION SURGICAL HOSPITAL OF SAN ANTONIO,9522 HUEBNER ROAD,SAN ANTONIO,TX,78240,hpt-obf:v1:hNS2hqXJpNHKd2s0.1rr6KpcDnxyvqnwU85Mqcg.NWPKOuJjx720N7qsux4,Acute Care Hospitals,,no-domain,exa-domain-lookup,no domain in the seed dataset,FOUNDATION SURGICAL HOSPITAL OF SAN ANTONIO hospital SAN ANTONIO TX official website,
670093,ASPIRE HOSPITAL,"2006 SOUTH LOOP 336 WEST, SUITE 500",CONROE,TX,77304,hpt-obf:v1:FvcASREJj0LmOuOA.Myp54UJJNdZOU-Ym1uW4lg.IWqaMmjzOpUCRzhMSPg,Acute Care Hospitals,,no-domain,exa-domain-lookup,no domain in the seed dataset,ASPIRE HOSPITAL hospital CONROE TX official website,
670098,RESOLUTE HEALTH HOSPITAL,"555 CREEKSIDE XING,",NEW BRAUNFELS,TX,78130,hpt-obf:v1:GWzI0cG6RsJGYq6f.dvZ9DUYKm8et3c-2oaI8_Q.3QPA5m1taPPQFXb4mfk,Acute Care Hospitals,,no-domain,exa-domain-lookup,no domain in the seed dataset,RESOLUTE HEALTH HOSPITAL hospital NEW BRAUNFELS TX official website,
670109,BAYTOWN MEDICAL CENTER LP,1626 W BAKER ROAD,BAYTOWN,TX,77521,hpt-obf:v1:JrokarVUpxI5Vvys.uIJ65uf7JHXghMUt3JNB8g.g1okDXM1OmFAM3seBoE,Acute Care Hospitals,altushospitals.org,notfound,exa-domain-lookup,pointer fetch failed (notfound); domain is likely wrong or stale,BAYTOWN MEDICAL CENTER LP hospital BAYTOWN TX official website,
670115,CLEVELAND EMERGENCY HOSPITAL,"8901 FM 1960 BYPASS RD W, SUITE 105",HUMBLE,TX,77338,hpt-obf:v1:TIiz8LA0dPyepsje.VZz4wMhdOEPjCZarDg-gqA.Cc99wpRwb7pHhWCdJOM,Acute Care Hospitals,emergencyhospitals.care,html,exa-domain-lookup,pointer fetch failed (html); domain is likely wrong or stale,CLEVELAND EMERGENCY HOSPITAL hospital HUMBLE TX official website,
670120,THE HOSPITALS OF PROVIDENCE TRANSMOUNTAIN CAMPUS,2000 TRANSMOUNTAIN RD,EL PASO,TX,79911,hpt-obf:v1:7PxqiuE1K0hkKykB.zuFTNkwEeN50eU6GhSMjwQ.san3DlGJWQg3lNw8e8o,Acute Care Hospitals,,no-domain,exa-domain-lookup,no domain in the seed dataset,THE HOSPITALS OF PROVIDENCE TRANSMOUNTAIN CAMPUS hospital EL PASO TX official website,
670121,SAINT CAMILLUS MEDICAL CENTER,1612 HURST TOWN CENTER DRIVE,HURST,TX,76054,hpt-obf:v1:7H5vOpOOi3-GW6g4.VP9_aAMs-lA0pcHeg1BKKw.9YUblnJU15VwBIC5m1Q,Acute Care Hospitals,,no-domain,exa-domain-lookup,no domain in the seed dataset,SAINT CAMILLUS MEDICAL CENTER hospital HURST TX official website,
670125,TEXAS CENTER FOR INFECTIOUS DISEASE,2303 SE MILITARY DR P O BOX 23340,SAN ANTONIO,TX,78223,hpt-obf:v1:HQTeQGtdwJV8movM.uvicqL3OsRCE1kqz_PUWjw.5Je5vUCB6OtE03tWv0E,Acute Care Hospitals,,no-domain,exa-domain-lookup,no domain in the seed dataset,TEXAS CENTER FOR INFECTIOUS DISEASE hospital SAN ANTONIO TX official website,
670135,"ALTUS HOUSTON HOSPITAL, LP",6011 W SAM HOUSTON PKWY SOUTH,HOUSTON,TX,77072,hpt-obf:v1:o6VWjAjOgO8vBgXs.397BuAn8BHJkooxEATympA.PpAUs9dXlvIC9n2eCxk,Acute Care Hospitals,altushospitals.org,notfound,exa-domain-lookup,pointer fetch failed (notfound); domain is likely wrong or stale,"ALTUS HOUSTON HOSPITAL, LP hospital HOUSTON TX official website",
670265,LEGENT ORTHOPEDIC HOSPITAL,4201 WILLIAM D TATE AVENUE,GRAPEVINE,TX,76051,hpt-obf:v1:PS0rgMjM77E6XGzD.Yq6IrI1_LSaERVYPzHAMMA.A-wawv3OyXZjV0GjYwU,Acute Care Hospitals,,no-domain,exa-domain-lookup,no domain in the seed dataset,LEGENT ORTHOPEDIC HOSPITAL hospital GRAPEVINE TX official website,
670266,TOWNSEN MEMORIAL HOSPITAL,1475 FM 1960 BYPASS E,HUMBLE,TX,77338,hpt-obf:v1:pn9A3NBM_XrvUwdK.wyHgsMOfSq7KeGvbV7jecQ.WmYn9rTYtDWeUijVBFY,Acute Care Hospitals,,no-domain,exa-domain-lookup,no domain in the seed dataset,TOWNSEN MEMORIAL HOSPITAL hospital HUMBLE TX official website,
670267,THE WOODLANDS SPECIALTY HOSPITAL,25440 INTERSTATE 45 NORTH,SPRING,TX,77386,hpt-obf:v1:8xKd0cfqgBvoM1Bc.oTs0CN3xvTFv7IGiPHlOog.nWAUCByXS6r3zO7oiXM,Acute Care Hospitals,,no-domain,exa-domain-lookup,no domain in the seed dataset,THE WOODLANDS SPECIALTY HOSPITAL hospital SPRING TX official website,
670314,ST MICHAELS MEDICAL HOSPITAL LLC,"16000 SOUTHWEST FREEWAY, SUITE 100",SUGAR LAND,TX,77479,hpt-obf:v1:C1iqbrDLs-mJufcN.DXYgerdzqyp3AuArXZvSSQ.Wu48s1NODYmg6wujz3Y,Acute Care Hospitals,24hrer.com,notfound,exa-domain-lookup,pointer fetch failed (notfound); domain is likely wrong or stale,ST MICHAELS MEDICAL HOSPITAL LLC hospital SUGAR LAND TX official website,
670320,EAST HOUSTON MEDICAL CENTER,15149 WALLISVILLE ROAD,HOUSTON,TX,77049,hpt-obf:v1:7Om3LbbOVgDMugxG.LTarsV2anY0H7ylgtcekrA.E-bFJOu3GyQRZvDfddY,Acute Care Hospitals,,no-domain,exa-domain-lookup,no domain in the seed dataset,EAST HOUSTON MEDICAL CENTER hospital HOUSTON TX official website,
670331,MID COAST MEDICAL CENTER-TRINITY,317 PROSPECT DRIVE,TRINITY,TX,75862,hpt-obf:v1:rYLNsPGHh5tSLjit.IlkcMX-R82eHPwr6hco0tg.jVOejSoOXGc57Pv3szk,Acute Care Hospitals,,no-domain,exa-domain-lookup,no domain in the seed dataset,MID COAST MEDICAL CENTER-TRINITY hospital TRINITY TX official website,
670333,WESTOVER HILLS BAPTIST HOSPITAL,3011 W LOOP 1604 N,SAN ANTONIO,TX,78251,hpt-obf:v1:78I2CMU5-ouUkx0c.TuWh-BTWJfr5CaAiRaTLnw.qisv3YaP_p71zqatEZI,Acute Care Hospitals,,no-domain,exa-domain-lookup,no domain in the seed dataset,WESTOVER HILLS BAPTIST HOSPITAL hospital SAN ANTONIO TX official website,
670779,CROSBYTON CLINIC HOSPITAL,710 WEST MAIN STREET,CROSBYTON,TX,79322,hpt-obf:v1:5jx88B_eD9fIQ2J1.ZiN_BbbARDCQOhuaE8MzOA.pzoekbVJvnNGGT3MpX4,Rural Emergency Hospital,,no-domain,exa-domain-lookup,no domain in the seed dataset,CROSBYTON CLINIC HOSPITAL hospital CROSBYTON TX official website,
670781,ANSON GENERAL HOSPITAL,101 AVENUE J,ANSON,TX,79501,hpt-obf:v1:0N92Hzp2kHi5g7-y.ILBYVO_iubnm7d7G_9YQlQ.2qICYmSaVI752Q3GZ1Q,Rural Emergency Hospital,,no-domain,exa-domain-lookup,no domain in the seed dataset,ANSON GENERAL HOSPITAL hospital ANSON TX official website,
671301,HEMPHILL COUNTY HOSPITAL,1020 S 4TH ST,CANADIAN,TX,79014,hpt-obf:v1:Y7Vsd4cQ7cd4RZUE.22SWhNVmEAeqsw8CiFHjvA.RBoWChsnfJ5uG5CE97g,Critical Access Hospitals,,no-domain,exa-domain-lookup,no domain in the seed dataset,HEMPHILL COUNTY HOSPITAL hospital CANADIAN TX official website,
