hospital_name,last_updated_on,version,location_name,hospital_address,license_number|CO,type_2_npi,"To the best of its knowledge and belief, this hospital has included all applicable standard charge information in accordance with the requirements of 45 CFR 180.50, and the information encoded is true, accurate, and complete as of the date in the file. This hospital has included all payer-specific negotiated charges in dollars that can be expressed as a dollar amount. For payer-specific negotiated charges that cannot be expressed as a dollar amount in the machine-readable file or not knowable in advance, the hospital attests that the payer-specific negotiated charge is based on a contractual algorithm, percentage or formula that precludes the provision of a dollar amount and has provided all necessary information available to the hospital for the public to be able to derive the dollar amount, including, but not limited to, the specific fee schedule or components referenced in such percentage, algorithm or formula.",attester_name,general_contract_provisions,financial_aid_policy
"Parkview Medical Center, Inc",2025-11-01,3.0.0,UCHealth Parkview Pueblo West Hospital,"899 E. Industrial Boulevard, Pueblo West, CO 81007",01JR3E,1821720681,TRUE,Steve Hess,,
description,code|1,code|1|type,code|2,code|2|type,code|3,code|3|type,code|4,code|4|type,modifiers,setting,drug_unit_of_measurement,drug_type_of_measurement,standard_charge|gross,standard_charge|discounted_cash,payer_name,plan_name,standard_charge|negotiated_dollar,standard_charge|negotiated_percentage,standard_charge|negotiated_algorithm,median_amount,10th_percentile,90th_percentile,count,standard_charge|methodology,standard_charge|min,standard_charge|max,additional_generic_notes,additional_payer_notes,billing_class
MAGNESIUM SULFATE 20 GRAM/500 ML (4 %) IN WATER INTRAVENOUS SOLUTION,J3475,HCPCS,0636,RC,63323-0106-15,NDC,RX-131978,CDM,,inpatient,500,ML,44.35,17.74,Anthem,Medicare Advantage,,,Reimbursement bundled into MS-DRG rate where appropriate,,,,0,other,11.29,30.60,No services performed during 15-month lookback period.,,facility
MAGNESIUM SULFATE 20 GRAM/500 ML (4 %) IN WATER INTRAVENOUS SOLUTION,J3475,HCPCS,0636,RC,63323-0106-15,NDC,RX-131978,CDM,,inpatient,500,ML,44.35,17.74,Anthem Pathway,Commercial,,,Reimbursement bundled into per diem or MS-DRG where appropriate,,,,0,other,11.29,30.60,No services performed during 15-month lookback period.,,facility
MAGNESIUM SULFATE 20 GRAM/500 ML (4 %) IN WATER INTRAVENOUS SOLUTION,J3475,HCPCS,0636,RC,63323-0106-15,NDC,RX-131978,CDM,,inpatient,500,ML,44.35,17.74,First Health,Commercial,30.60,69.00,,,,,0,percent of total billed charges,11.29,30.60,No services performed during 15-month lookback period.,,facility
MAGNESIUM SULFATE 20 GRAM/500 ML (4 %) IN WATER INTRAVENOUS SOLUTION,J3475,HCPCS,0636,RC,63323-0106-15,NDC,RX-131978,CDM,,inpatient,500,ML,44.35,17.74,Multiplan/PHCS,Commercial,27.05,61.00,,,,,0,percent of total billed charges,11.29,30.60,No services performed during 15-month lookback period.,,facility
MAGNESIUM SULFATE 20 GRAM/500 ML (4 %) IN WATER INTRAVENOUS SOLUTION,J3475,HCPCS,0636,RC,63323-0106-15,NDC,RX-131978,CDM,,inpatient,500,ML,44.35,17.74,Simplified Benefits Administration,Narrow,11.53,26.00,,,,,0,percent of total billed charges,11.29,30.60,No services performed during 15-month lookback period.,,facility
HB VITAMIN D (25 HYDROXY),82306,CPT,0301,RC,582198,CDM,,,,inpatient,,,354.00,141.60,Simplified Benefits Administration,Narrow,92.04,26.00,,,,,0,percent of total billed charges,90.13,244.26,No services performed during 15-month lookback period.,,facility
HB VITAMIN D (25 HYDROXY),82306,CPT,0301,RC,582198,CDM,,,,inpatient,,,354.00,141.60,Multiplan/PHCS,Commercial,215.94,61.00,,,,,0,percent of total billed charges,90.13,244.26,No services performed during 15-month lookback period.,,facility
HB VITAMIN D (25 HYDROXY),82306,CPT,0301,RC,582198,CDM,,,,inpatient,,,354.00,141.60,First Health,Commercial,244.26,69.00,,,,,0,percent of total billed charges,90.13,244.26,No services performed during 15-month lookback period.,,facility
HB VITAMIN D (25 HYDROXY),82306,CPT,0301,RC,582198,CDM,,,,inpatient,,,354.00,141.60,Anthem Pathway,Commercial,,,Reimbursement bundled into per diem or MS-DRG where appropriate,,,,0,other,90.13,244.26,No services performed during 15-month lookback period.,,facility
HB VITAMIN D (25 HYDROXY),82306,CPT,0301,RC,582198,CDM,,,,inpatient,,,354.00,141.60,Anthem,Medicare Advantage,,,Reimbursement bundled into MS-DRG rate where appropriate,,,,0,other,90.13,244.26,No services performed during 15-month lookback period.,,facility
CLINDAMYCIN 150 MG/ML INJECTION SOLUTION,J0736,HCPCS,0636,RC,25021-0115-02,NDC,RX-1743,CDM,,inpatient,2,ML,58.04,23.22,Anthem,Medicare Advantage,,,Reimbursement bundled into MS-DRG rate where appropriate,,,,0,other,14.78,40.05,No services performed during 15-month lookback period.,,facility
CLINDAMYCIN 150 MG/ML INJECTION SOLUTION,J0736,HCPCS,0636,RC,25021-0115-02,NDC,RX-1743,CDM,,inpatient,2,ML,58.04,23.22,Anthem Pathway,Commercial,,,Reimbursement bundled into per diem or MS-DRG where appropriate,,,,0,other,14.78,40.05,No services performed during 15-month lookback period.,,facility
CLINDAMYCIN 150 MG/ML INJECTION SOLUTION,J0736,HCPCS,0636,RC,25021-0115-02,NDC,RX-1743,CDM,,inpatient,2,ML,58.04,23.22,First Health,Commercial,40.05,69.00,,,,,0,percent of total billed charges,14.78,40.05,No services performed during 15-month lookback period.,,facility
CLINDAMYCIN 150 MG/ML INJECTION SOLUTION,J0736,HCPCS,0636,RC,25021-0115-02,NDC,RX-1743,CDM,,inpatient,2,ML,58.04,23.22,Multiplan/PHCS,Commercial,35.40,61.00,,,,,0,percent of total billed charges,14.78,40.05,No services performed during 15-month lookback period.,,facility
CLINDAMYCIN 150 MG/ML INJECTION SOLUTION,J0736,HCPCS,0636,RC,25021-0115-02,NDC,RX-1743,CDM,,inpatient,2,ML,58.04,23.22,Simplified Benefits Administration,Narrow,15.09,26.00,,,,,0,percent of total billed charges,14.78,40.05,No services performed during 15-month lookback period.,,facility
HB RADIANT-NEONATAL BRAIN US,76506,CPT,0402,RC,011007,CDM,,,,inpatient,,,834.30,333.72,Simplified Benefits Administration,Narrow,216.92,26.00,,,,,0,percent of total billed charges,212.41,575.67,No services performed during 15-month lookback period.,,facility
HB RADIANT-NEONATAL BRAIN US,76506,CPT,0402,RC,011007,CDM,,,,inpatient,,,834.30,333.72,Multiplan/PHCS,Commercial,508.92,61.00,,,,,0,percent of total billed charges,212.41,575.67,No services performed during 15-month lookback period.,,facility
HB RADIANT-NEONATAL BRAIN US,76506,CPT,0402,RC,011007,CDM,,,,inpatient,,,834.30,333.72,First Health,Commercial,575.67,69.00,,,,,0,percent of total billed charges,212.41,575.67,No services performed during 15-month lookback period.,,facility
HB RADIANT-NEONATAL BRAIN US,76506,CPT,0402,RC,011007,CDM,,,,inpatient,,,834.30,333.72,Anthem Pathway,Commercial,,,Reimbursement bundled into per diem or MS-DRG where appropriate,,,,0,other,212.41,575.67,No services performed during 15-month lookback period.,,facility
HB RADIANT-NEONATAL BRAIN US,76506,CPT,0402,RC,011007,CDM,,,,inpatient,,,834.30,333.72,Anthem,Medicare Advantage,,,Reimbursement bundled into MS-DRG rate where appropriate,,,,0,other,212.41,575.67,No services performed during 15-month lookback period.,,facility
IOPAMIDOL 200 MG IODINE/ML (41 %) INJECTION SOLUTION,Q9966,HCPCS,0255,RC,70436-0211-37,NDC,RX-121433,CDM,,inpatient,50,ML,90.60,36.24,Anthem,Medicare Advantage,,,Reimbursement bundled into MS-DRG rate where appropriate,,,,0,other,23.07,62.51,No services performed during 15-month lookback period.,,facility
IOPAMIDOL 200 MG IODINE/ML (41 %) INJECTION SOLUTION,Q9966,HCPCS,0255,RC,70436-0211-37,NDC,RX-121433,CDM,,inpatient,50,ML,90.60,36.24,Anthem Pathway,Commercial,,,Reimbursement bundled into per diem or MS-DRG where appropriate,,,,0,other,23.07,62.51,No services performed during 15-month lookback period.,,facility
IOPAMIDOL 200 MG IODINE/ML (41 %) INJECTION SOLUTION,Q9966,HCPCS,0255,RC,70436-0211-37,NDC,RX-121433,CDM,,inpatient,50,ML,90.60,36.24,First Health,Commercial,62.51,69.00,,,,,0,percent of total billed charges,23.07,62.51,No services performed during 15-month lookback period.,,facility
IOPAMIDOL 200 MG IODINE/ML (41 %) INJECTION SOLUTION,Q9966,HCPCS,0255,RC,70436-0211-37,NDC,RX-121433,CDM,,inpatient,50,ML,90.60,36.24,Multiplan/PHCS,Commercial,55.27,61.00,,,,,0,percent of total billed charges,23.07,62.51,No services performed during 15-month lookback period.,,facility
IOPAMIDOL 200 MG IODINE/ML (41 %) INJECTION SOLUTION,Q9966,HCPCS,0255,RC,70436-0211-37,NDC,RX-121433,CDM,,inpatient,50,ML,90.60,36.24,Simplified Benefits Administration,Narrow,23.56,26.00,,,,,0,percent of total billed charges,23.07,62.51,No services performed during 15-month lookback period.,,facility
FERROUS SULFATE 325 MG (65 MG IRON) TABLET,0270,RC,00904-7591-61,NDC,RX-3074,CDM,,,,inpatient,1,UN,7.56,3.03,Simplified Benefits Administration,Narrow,1.97,26.00,,,,,0,percent of total billed charges,1.92,5.22,No services performed during 15-month lookback period.,,facility
FERROUS SULFATE 325 MG (65 MG IRON) TABLET,0270,RC,00904-7591-61,NDC,RX-3074,CDM,,,,inpatient,1,UN,7.56,3.03,Multiplan/PHCS,Commercial,4.61,61.00,,,,,0,percent of total billed charges,1.92,5.22,No services performed during 15-month lookback period.,,facility
FERROUS SULFATE 325 MG (65 MG IRON) TABLET,0270,RC,00904-7591-61,NDC,RX-3074,CDM,,,,inpatient,1,UN,7.56,3.03,First Health,Commercial,5.22,69.00,,,,,0,percent of total billed charges,1.92,5.22,No services performed during 15-month lookback period.,,facility
FERROUS SULFATE 325 MG (65 MG IRON) TABLET,0270,RC,00904-7591-61,NDC,RX-3074,CDM,,,,inpatient,1,UN,7.56,3.03,Anthem Pathway,Commercial,,,Reimbursement bundled into per diem or MS-DRG where appropriate,,,,0,other,1.92,5.22,No services performed during 15-month lookback period.,,facility
FERROUS SULFATE 325 MG (65 MG IRON) TABLET,0270,RC,00904-7591-61,NDC,RX-3074,CDM,,,,inpatient,1,UN,7.56,3.03,Anthem,Medicare Advantage,,,Reimbursement bundled into MS-DRG rate where appropriate,,,,0,other,1.92,5.22,No services performed during 15-month lookback period.,,facility
BANATROL PLUS POWDER PACKET,0250,RC,94688-0084-70,NDC,RX-415102,CDM,,,,inpatient,1,UN,9.15,3.66,Anthem,Medicare Advantage,,,Reimbursement bundled into MS-DRG rate where appropriate,,,,0,other,2.33,6.31,No services performed during 15-month lookback period.,,facility
BANATROL PLUS POWDER PACKET,0250,RC,94688-0084-70,NDC,RX-415102,CDM,,,,inpatient,1,UN,9.15,3.66,Anthem Pathway,Commercial,,,Reimbursement bundled into per diem or MS-DRG where appropriate,,,,0,other,2.33,6.31,No services performed during 15-month lookback period.,,facility
BANATROL PLUS POWDER PACKET,0250,RC,94688-0084-70,NDC,RX-415102,CDM,,,,inpatient,1,UN,9.15,3.66,First Health,Commercial,6.31,69.00,,,,,0,percent of total billed charges,2.33,6.31,No services performed during 15-month lookback period.,,facility
BANATROL PLUS POWDER PACKET,0250,RC,94688-0084-70,NDC,RX-415102,CDM,,,,inpatient,1,UN,9.15,3.66,Multiplan/PHCS,Commercial,5.58,61.00,,,,,0,percent of total billed charges,2.33,6.31,No services performed during 15-month lookback period.,,facility
BANATROL PLUS POWDER PACKET,0250,RC,94688-0084-70,NDC,RX-415102,CDM,,,,inpatient,1,UN,9.15,3.66,Simplified Benefits Administration,Narrow,2.38,26.00,,,,,0,percent of total billed charges,2.33,6.31,No services performed during 15-month lookback period.,,facility
PROBENECID 500 MG TABLET,0250,RC,00591-5347-01,NDC,RX-6561,CDM,,,,inpatient,1,UN,8.64,3.46,Simplified Benefits Administration,Narrow,2.25,26.00,,,,,0,percent of total billed charges,2.20,5.96,No services performed during 15-month lookback period.,,facility
PROBENECID 500 MG TABLET,0250,RC,00591-5347-01,NDC,RX-6561,CDM,,,,inpatient,1,UN,8.64,3.46,Multiplan/PHCS,Commercial,5.27,61.00,,,,,0,percent of total billed charges,2.20,5.96,No services performed during 15-month lookback period.,,facility
PROBENECID 500 MG TABLET,0250,RC,00591-5347-01,NDC,RX-6561,CDM,,,,inpatient,1,UN,8.64,3.46,First Health,Commercial,5.96,69.00,,,,,0,percent of total billed charges,2.20,5.96,No services performed during 15-month lookback period.,,facility
PROBENECID 500 MG TABLET,0250,RC,00591-5347-01,NDC,RX-6561,CDM,,,,inpatient,1,UN,8.64,3.46,Anthem Pathway,Commercial,,,Reimbursement bundled into per diem or MS-DRG where appropriate,,,,0,other,2.20,5.96,No services performed during 15-month lookback period.,,facility
PROBENECID 500 MG TABLET,0250,RC,00591-5347-01,NDC,RX-6561,CDM,,,,inpatient,1,UN,8.64,3.46,Anthem,Medicare Advantage,,,Reimbursement bundled into MS-DRG rate where appropriate,,,,0,other,2.20,5.96,No services performed during 15-month lookback period.,,facility
HB RADIANT-INS ENDOVAS VENA CAVA FILTR W/WO IMAGE,37191,CPT,0361,RC,013525,CDM,,,,inpatient,,,14251.00,5700.40,Anthem,Medicare Advantage,,,Reimbursement bundled into MS-DRG rate where appropriate,,,,0,other,3628.30,9833.19,No services performed during 15-month lookback period.,,facility
HB RADIANT-INS ENDOVAS VENA CAVA FILTR W/WO IMAGE,37191,CPT,0361,RC,013525,CDM,,,,inpatient,,,14251.00,5700.40,Anthem Pathway,Commercial,,,Reimbursement bundled into per diem or MS-DRG where appropriate,,,,0,other,3628.30,9833.19,No services performed during 15-month lookback period.,,facility
HB RADIANT-INS ENDOVAS VENA CAVA FILTR W/WO IMAGE,37191,CPT,0361,RC,013525,CDM,,,,inpatient,,,14251.00,5700.40,First Health,Commercial,9833.19,69.00,,,,,0,percent of total billed charges,3628.30,9833.19,No services performed during 15-month lookback period.,,facility
HB RADIANT-INS ENDOVAS VENA CAVA FILTR W/WO IMAGE,37191,CPT,0361,RC,013525,CDM,,,,inpatient,,,14251.00,5700.40,Multiplan/PHCS,Commercial,8693.11,61.00,,,,,0,percent of total billed charges,3628.30,9833.19,No services performed during 15-month lookback period.,,facility
HB RADIANT-INS ENDOVAS VENA CAVA FILTR W/WO IMAGE,37191,CPT,0361,RC,013525,CDM,,,,inpatient,,,14251.00,5700.40,Simplified Benefits Administration,Narrow,3705.26,26.00,,,,,0,percent of total billed charges,3628.30,9833.19,No services performed during 15-month lookback period.,,facility
HB CC BANDAGE PLST 3'''' RL,A4649,HCPCS,0270,RC,355007,CDM,,,,inpatient,,,26.50,10.60,Simplified Benefits Administration,Narrow,6.89,26.00,,,,,0,percent of total billed charges,6.75,18.29,No services performed during 15-month lookback period.,,facility
HB CC BANDAGE PLST 3'''' RL,A4649,HCPCS,0270,RC,355007,CDM,,,,inpatient,,,26.50,10.60,First Health,Commercial,18.29,69.00,,,,,0,percent of total billed charges,6.75,18.29,No services performed during 15-month lookback period.,,facility
HB CC BANDAGE PLST 3'''' RL,A4649,HCPCS,0270,RC,355007,CDM,,,,inpatient,,,26.50,10.60,Multiplan/PHCS,Commercial,16.17,61.00,,,,,0,percent of total billed charges,6.75,18.29,No services performed during 15-month lookback period.,,facility
HB CC BANDAGE PLST 3'''' RL,A4649,HCPCS,0270,RC,355007,CDM,,,,inpatient,,,26.50,10.60,Anthem Pathway,Commercial,,,Reimbursement bundled into per diem or MS-DRG where appropriate,,,,0,other,6.75,18.29,No services performed during 15-month lookback period.,,facility
HB CC BANDAGE PLST 3'''' RL,A4649,HCPCS,0270,RC,355007,CDM,,,,inpatient,,,26.50,10.60,Anthem,Medicare Advantage,,,Reimbursement bundled into MS-DRG rate where appropriate,,,,0,other,6.75,18.29,No services performed during 15-month lookback period.,,facility
HB HSV PCR QUALITATIVE,87529,CPT,0306,RC,779511,CDM,,,,inpatient,,,301.00,120.40,Anthem,Medicare Advantage,,,Reimbursement bundled into MS-DRG rate where appropriate,,,,0,other,76.63,207.69,No services performed during 15-month lookback period.,,facility
HB HSV PCR QUALITATIVE,87529,CPT,0306,RC,779511,CDM,,,,inpatient,,,301.00,120.40,Anthem Pathway,Commercial,,,Reimbursement bundled into per diem or MS-DRG where appropriate,,,,0,other,76.63,207.69,No services performed during 15-month lookback period.,,facility
HB HSV PCR QUALITATIVE,87529,CPT,0306,RC,779511,CDM,,,,inpatient,,,301.00,120.40,Multiplan/PHCS,Commercial,183.61,61.00,,,,,0,percent of total billed charges,76.63,207.69,No services performed during 15-month lookback period.,,facility
HB HSV PCR QUALITATIVE,87529,CPT,0306,RC,779511,CDM,,,,inpatient,,,301.00,120.40,First Health,Commercial,207.69,69.00,,,,,0,percent of total billed charges,76.63,207.69,No services performed during 15-month lookback period.,,facility
HB HSV PCR QUALITATIVE,87529,CPT,0306,RC,779511,CDM,,,,inpatient,,,301.00,120.40,Simplified Benefits Administration,Narrow,78.26,26.00,,,,,0,percent of total billed charges,76.63,207.69,No services performed during 15-month lookback period.,,facility
"DICLOFENAC SODIUM 50 MG TABLET,DELAYED RELEASE",0250,RC,16571-0202-10,NDC,RX-15340,CDM,,,,inpatient,1,UN,7.97,3.19,Multiplan/PHCS,Commercial,4.86,61.00,,,,,0,percent of total billed charges,2.03,5.50,No services performed during 15-month lookback period.,,facility
"DICLOFENAC SODIUM 50 MG TABLET,DELAYED RELEASE",0250,RC,16571-0202-10,NDC,RX-15340,CDM,,,,inpatient,1,UN,7.97,3.19,First Health,Commercial,5.50,69.00,,,,,0,percent of total billed charges,2.03,5.50,No services performed during 15-month lookback period.,,facility
"DICLOFENAC SODIUM 50 MG TABLET,DELAYED RELEASE",0250,RC,16571-0202-10,NDC,RX-15340,CDM,,,,inpatient,1,UN,7.97,3.19,Anthem Pathway,Commercial,,,Reimbursement bundled into per diem or MS-DRG where appropriate,,,,0,other,2.03,5.50,No services performed during 15-month lookback period.,,facility
"DICLOFENAC SODIUM 50 MG TABLET,DELAYED RELEASE",0250,RC,16571-0202-10,NDC,RX-15340,CDM,,,,inpatient,1,UN,7.97,3.19,Anthem,Medicare Advantage,,,Reimbursement bundled into MS-DRG rate where appropriate,,,,0,other,2.03,5.50,No services performed during 15-month lookback period.,,facility
"DICLOFENAC SODIUM 50 MG TABLET,DELAYED RELEASE",0250,RC,16571-0202-10,NDC,RX-15340,CDM,,,,inpatient,1,UN,7.97,3.19,Simplified Benefits Administration,Narrow,2.07,26.00,,,,,0,percent of total billed charges,2.03,5.50,No services performed during 15-month lookback period.,,facility
HB BREAST TOMO BILAT DIAG,77062,CPT,0401,RC,351242,CDM,,,,inpatient,,,294.70,117.88,Anthem,Medicare Advantage,,,Reimbursement bundled into MS-DRG rate where appropriate,,,,0,other,75.03,203.34,No services performed during 15-month lookback period.,,facility
HB BREAST TOMO BILAT DIAG,77062,CPT,0401,RC,351242,CDM,,,,inpatient,,,294.70,117.88,Anthem Pathway,Commercial,,,Reimbursement bundled into per diem or MS-DRG where appropriate,,,,0,other,75.03,203.34,No services performed during 15-month lookback period.,,facility
HB BREAST TOMO BILAT DIAG,77062,CPT,0401,RC,351242,CDM,,,,inpatient,,,294.70,117.88,First Health,Commercial,203.34,69.00,,,,,0,percent of total billed charges,75.03,203.34,No services performed during 15-month lookback period.,,facility
HB BREAST TOMO BILAT DIAG,77062,CPT,0401,RC,351242,CDM,,,,inpatient,,,294.70,117.88,Multiplan/PHCS,Commercial,179.77,61.00,,,,,0,percent of total billed charges,75.03,203.34,No services performed during 15-month lookback period.,,facility
HB BREAST TOMO BILAT DIAG,77062,CPT,0401,RC,351242,CDM,,,,inpatient,,,294.70,117.88,Simplified Benefits Administration,Narrow,76.62,26.00,,,,,0,percent of total billed charges,75.03,203.34,No services performed during 15-month lookback period.,,facility
POTASSIUM CHLORIDE 2 MEQ/ML INTRAVENOUS SOLUTION,J3480,HCPCS,0636,RC,00409-6635-18,NDC,RX-6429,CDM,,inpatient,5,ML,59.85,23.94,Simplified Benefits Administration,Narrow,15.56,26.00,,,,,0,percent of total billed charges,15.24,41.30,No services performed during 15-month lookback period.,,facility
POTASSIUM CHLORIDE 2 MEQ/ML INTRAVENOUS SOLUTION,J3480,HCPCS,0636,RC,00409-6635-18,NDC,RX-6429,CDM,,inpatient,5,ML,59.85,23.94,Multiplan/PHCS,Commercial,36.51,61.00,,,,,0,percent of total billed charges,15.24,41.30,No services performed during 15-month lookback period.,,facility
POTASSIUM CHLORIDE 2 MEQ/ML INTRAVENOUS SOLUTION,J3480,HCPCS,0636,RC,00409-6635-18,NDC,RX-6429,CDM,,inpatient,5,ML,59.85,23.94,First Health,Commercial,41.30,69.00,,,,,0,percent of total billed charges,15.24,41.30,No services performed during 15-month lookback period.,,facility
POTASSIUM CHLORIDE 2 MEQ/ML INTRAVENOUS SOLUTION,J3480,HCPCS,0636,RC,00409-6635-18,NDC,RX-6429,CDM,,inpatient,5,ML,59.85,23.94,Anthem Pathway,Commercial,,,Reimbursement bundled into per diem or MS-DRG where appropriate,,,,0,other,15.24,41.30,No services performed during 15-month lookback period.,,facility
POTASSIUM CHLORIDE 2 MEQ/ML INTRAVENOUS SOLUTION,J3480,HCPCS,0636,RC,00409-6635-18,NDC,RX-6429,CDM,,inpatient,5,ML,59.85,23.94,Anthem,Medicare Advantage,,,Reimbursement bundled into MS-DRG rate where appropriate,,,,0,other,15.24,41.30,No services performed during 15-month lookback period.,,facility
PRAMOXINE-CALAMINE 1 %-8 % LOTION,0250,RC,70000-0400-01,NDC,RX-121966,CDM,,,,inpatient,177,ML,5.20,2.08,Anthem,Medicare Advantage,,,Reimbursement bundled into MS-DRG rate where appropriate,,,,0,other,1.32,3.59,No services performed during 15-month lookback period.,,facility
PRAMOXINE-CALAMINE 1 %-8 % LOTION,0250,RC,70000-0400-01,NDC,RX-121966,CDM,,,,inpatient,177,ML,5.20,2.08,Anthem Pathway,Commercial,,,Reimbursement bundled into per diem or MS-DRG where appropriate,,,,0,other,1.32,3.59,No services performed during 15-month lookback period.,,facility
PRAMOXINE-CALAMINE 1 %-8 % LOTION,0250,RC,70000-0400-01,NDC,RX-121966,CDM,,,,inpatient,177,ML,5.20,2.08,First Health,Commercial,3.59,69.00,,,,,0,percent of total billed charges,1.32,3.59,No services performed during 15-month lookback period.,,facility
PRAMOXINE-CALAMINE 1 %-8 % LOTION,0250,RC,70000-0400-01,NDC,RX-121966,CDM,,,,inpatient,177,ML,5.20,2.08,Multiplan/PHCS,Commercial,3.17,61.00,,,,,0,percent of total billed charges,1.32,3.59,No services performed during 15-month lookback period.,,facility
PRAMOXINE-CALAMINE 1 %-8 % LOTION,0250,RC,70000-0400-01,NDC,RX-121966,CDM,,,,inpatient,177,ML,5.20,2.08,Simplified Benefits Administration,Narrow,1.35,26.00,,,,,0,percent of total billed charges,1.32,3.59,No services performed during 15-month lookback period.,,facility
OTHER O.R. PROCEDURES FOR MULTIPLE SIGNIFICANT TRAUMA WITHOUT CC/MCC,959,MS-DRG,,,,,,,,inpatient,,,,,Anthem Pathway,Commercial,57828.01,,,,,,,case rate,17140.00,65506.23,"If the length of stay is greater than (160% multiplied by the geometric length of stay), which is the trim point, then allow ($19,642 base rate multiplied by the DRG relative weight plus ((the length of stay minus the trim point) multiplied by $6,543 per diem rate)","If the length of stay is greater than (160% multiplied by the geometric length of stay), which is the trim point, then allow ($19,642 base rate multiplied by the DRG relative weight plus ((the length of stay minus the trim point) multiplied by $6,543 per diem rate)",facility
OTHER O.R. PROCEDURES FOR MULTIPLE SIGNIFICANT TRAUMA WITHOUT CC/MCC,959,MS-DRG,,,,,,,,inpatient,,,,,Anthem,Medicare Advantage,26387.66,,,,,,,case rate,17140.00,65506.23,,,facility
CLINDAMYCIN 75 MG/5 ML ORAL SOLUTION (BOTTLE DISPENSE),0250,RC,64980-0511-10,NDC,RX-708327,CDM,,,,inpatient,100,ML,53.30,21.32,Anthem,Medicare Advantage,,,Reimbursement bundled into MS-DRG rate where appropriate,,,,0,other,13.57,36.78,No services performed during 15-month lookback period.,,facility
CLINDAMYCIN 75 MG/5 ML ORAL SOLUTION (BOTTLE DISPENSE),0250,RC,64980-0511-10,NDC,RX-708327,CDM,,,,inpatient,100,ML,53.30,21.32,Anthem Pathway,Commercial,,,Reimbursement bundled into per diem or MS-DRG where appropriate,,,,0,other,13.57,36.78,No services performed during 15-month lookback period.,,facility
CLINDAMYCIN 75 MG/5 ML ORAL SOLUTION (BOTTLE DISPENSE),0250,RC,64980-0511-10,NDC,RX-708327,CDM,,,,inpatient,100,ML,53.30,21.32,Multiplan/PHCS,Commercial,32.51,61.00,,,,,0,percent of total billed charges,13.57,36.78,No services performed during 15-month lookback period.,,facility
CLINDAMYCIN 75 MG/5 ML ORAL SOLUTION (BOTTLE DISPENSE),0250,RC,64980-0511-10,NDC,RX-708327,CDM,,,,inpatient,100,ML,53.30,21.32,Simplified Benefits Administration,Narrow,13.86,26.00,,,,,0,percent of total billed charges,13.57,36.78,No services performed during 15-month lookback period.,,facility
CLINDAMYCIN 75 MG/5 ML ORAL SOLUTION (BOTTLE DISPENSE),0250,RC,64980-0511-10,NDC,RX-708327,CDM,,,,inpatient,100,ML,53.30,21.32,First Health,Commercial,36.78,69.00,,,,,0,percent of total billed charges,13.57,36.78,No services performed during 15-month lookback period.,,facility
TOLNAFTATE 1 % TOPICAL CREAM,0250,RC,00536-1315-43,NDC,RX-8020,CDM,,,,inpatient,14.18,GR,3.00,1.20,Multiplan/PHCS,Commercial,1.83,61.00,,,,,0,percent of total billed charges,0.76,2.07,No services performed during 15-month lookback period.,,facility
TOLNAFTATE 1 % TOPICAL CREAM,0250,RC,00536-1315-43,NDC,RX-8020,CDM,,,,inpatient,14.18,GR,3.00,1.20,Simplified Benefits Administration,Narrow,0.78,26.00,,,,,0,percent of total billed charges,0.76,2.07,No services performed during 15-month lookback period.,,facility
TOLNAFTATE 1 % TOPICAL CREAM,0250,RC,00536-1315-43,NDC,RX-8020,CDM,,,,inpatient,14.18,GR,3.00,1.20,Anthem Pathway,Commercial,,,Reimbursement bundled into per diem or MS-DRG where appropriate,,,,0,other,0.76,2.07,No services performed during 15-month lookback period.,,facility
TOLNAFTATE 1 % TOPICAL CREAM,0250,RC,00536-1315-43,NDC,RX-8020,CDM,,,,inpatient,14.18,GR,3.00,1.20,First Health,Commercial,2.07,69.00,,,,,0,percent of total billed charges,0.76,2.07,No services performed during 15-month lookback period.,,facility
TOLNAFTATE 1 % TOPICAL CREAM,0250,RC,00536-1315-43,NDC,RX-8020,CDM,,,,inpatient,14.18,GR,3.00,1.20,Anthem,Medicare Advantage,,,Reimbursement bundled into MS-DRG rate where appropriate,,,,0,other,0.76,2.07,No services performed during 15-month lookback period.,,facility
DEXMEDETOMIDINE 400 MCG/100 ML (4 MCG/ML) IN 0.9 % SODIUM CHLORIDE IV,0250,RC,00338-9557-12,NDC,RX-172068,CDM,,,,inpatient,100,ML,78.52,31.41,Anthem,Medicare Advantage,,,Reimbursement bundled into MS-DRG rate where appropriate,,,,0,other,19.99,54.18,No services performed during 15-month lookback period.,,facility
DEXMEDETOMIDINE 400 MCG/100 ML (4 MCG/ML) IN 0.9 % SODIUM CHLORIDE IV,0250,RC,00338-9557-12,NDC,RX-172068,CDM,,,,inpatient,100,ML,78.52,31.41,Anthem Pathway,Commercial,,,Reimbursement bundled into per diem or MS-DRG where appropriate,,,,0,other,19.99,54.18,No services performed during 15-month lookback period.,,facility
DEXMEDETOMIDINE 400 MCG/100 ML (4 MCG/ML) IN 0.9 % SODIUM CHLORIDE IV,0250,RC,00338-9557-12,NDC,RX-172068,CDM,,,,inpatient,100,ML,78.52,31.41,Multiplan/PHCS,Commercial,47.90,61.00,,,,,0,percent of total billed charges,19.99,54.18,No services performed during 15-month lookback period.,,facility
DEXMEDETOMIDINE 400 MCG/100 ML (4 MCG/ML) IN 0.9 % SODIUM CHLORIDE IV,0250,RC,00338-9557-12,NDC,RX-172068,CDM,,,,inpatient,100,ML,78.52,31.41,Simplified Benefits Administration,Narrow,20.42,26.00,,,,,0,percent of total billed charges,19.99,54.18,No services performed during 15-month lookback period.,,facility
DEXMEDETOMIDINE 400 MCG/100 ML (4 MCG/ML) IN 0.9 % SODIUM CHLORIDE IV,0250,RC,00338-9557-12,NDC,RX-172068,CDM,,,,inpatient,100,ML,78.52,31.41,First Health,Commercial,54.18,69.00,,,,,0,percent of total billed charges,19.99,54.18,No services performed during 15-month lookback period.,,facility
ESTRADIOL 0.01% (0.1 MG/GRAM) VAGINAL CREAM,0250,RC,66993-0002-10,NDC,RX-9969,CDM,,,,inpatient,42.5,GR,75.14,30.06,First Health,Commercial,51.85,69.00,,,,,0,percent of total billed charges,19.13,51.85,No services performed during 15-month lookback period.,,facility
ESTRADIOL 0.01% (0.1 MG/GRAM) VAGINAL CREAM,0250,RC,66993-0002-10,NDC,RX-9969,CDM,,,,inpatient,42.5,GR,75.14,30.06,Simplified Benefits Administration,Narrow,19.54,26.00,,,,,0,percent of total billed charges,19.13,51.85,No services performed during 15-month lookback period.,,facility
ESTRADIOL 0.01% (0.1 MG/GRAM) VAGINAL CREAM,0250,RC,66993-0002-10,NDC,RX-9969,CDM,,,,inpatient,42.5,GR,75.14,30.06,Multiplan/PHCS,Commercial,45.84,61.00,,,,,0,percent of total billed charges,19.13,51.85,No services performed during 15-month lookback period.,,facility
ESTRADIOL 0.01% (0.1 MG/GRAM) VAGINAL CREAM,0250,RC,66993-0002-10,NDC,RX-9969,CDM,,,,inpatient,42.5,GR,75.14,30.06,Anthem Pathway,Commercial,,,Reimbursement bundled into per diem or MS-DRG where appropriate,,,,0,other,19.13,51.85,No services performed during 15-month lookback period.,,facility
ESTRADIOL 0.01% (0.1 MG/GRAM) VAGINAL CREAM,0250,RC,66993-0002-10,NDC,RX-9969,CDM,,,,inpatient,42.5,GR,75.14,30.06,Anthem,Medicare Advantage,,,Reimbursement bundled into MS-DRG rate where appropriate,,,,0,other,19.13,51.85,No services performed during 15-month lookback period.,,facility
HB HIV P24 AG/AB SENDOUT,87389,CPT,0306,RC,771715,CDM,,,,inpatient,,,59.30,23.72,Anthem,Medicare Advantage,,,Reimbursement bundled into MS-DRG rate where appropriate,,,,0,other,15.10,40.92,No services performed during 15-month lookback period.,,facility
HB HIV P24 AG/AB SENDOUT,87389,CPT,0306,RC,771715,CDM,,,,inpatient,,,59.30,23.72,Anthem Pathway,Commercial,,,Reimbursement bundled into per diem or MS-DRG where appropriate,,,,0,other,15.10,40.92,No services performed during 15-month lookback period.,,facility
HB HIV P24 AG/AB SENDOUT,87389,CPT,0306,RC,771715,CDM,,,,inpatient,,,59.30,23.72,Multiplan/PHCS,Commercial,36.17,61.00,,,,,0,percent of total billed charges,15.10,40.92,No services performed during 15-month lookback period.,,facility
HB HIV P24 AG/AB SENDOUT,87389,CPT,0306,RC,771715,CDM,,,,inpatient,,,59.30,23.72,Simplified Benefits Administration,Narrow,15.42,26.00,,,,,0,percent of total billed charges,15.10,40.92,No services performed during 15-month lookback period.,,facility
HB HIV P24 AG/AB SENDOUT,87389,CPT,0306,RC,771715,CDM,,,,inpatient,,,59.30,23.72,First Health,Commercial,40.92,69.00,,,,,0,percent of total billed charges,15.10,40.92,No services performed during 15-month lookback period.,,facility
HB LIGATION OF EXTREMITY ARTERY,37618,CPT,0360,RC,041355,CDM,,,,inpatient,,,3925.00,1570.00,Multiplan/PHCS,Commercial,2394.25,61.00,,,,,0,percent of total billed charges,999.31,2708.25,No services performed during 15-month lookback period.,,facility
HB LIGATION OF EXTREMITY ARTERY,37618,CPT,0360,RC,041355,CDM,,,,inpatient,,,3925.00,1570.00,Simplified Benefits Administration,Narrow,1020.50,26.00,,,,,0,percent of total billed charges,999.31,2708.25,No services performed during 15-month lookback period.,,facility
HB LIGATION OF EXTREMITY ARTERY,37618,CPT,0360,RC,041355,CDM,,,,inpatient,,,3925.00,1570.00,First Health,Commercial,2708.25,69.00,,,,,0,percent of total billed charges,999.31,2708.25,No services performed during 15-month lookback period.,,facility
HB LIGATION OF EXTREMITY ARTERY,37618,CPT,0360,RC,041355,CDM,,,,inpatient,,,3925.00,1570.00,Anthem Pathway,Commercial,,,Reimbursement bundled into per diem or MS-DRG where appropriate,,,,0,other,999.31,2708.25,No services performed during 15-month lookback period.,,facility
HB LIGATION OF EXTREMITY ARTERY,37618,CPT,0360,RC,041355,CDM,,,,inpatient,,,3925.00,1570.00,Anthem,Medicare Advantage,,,Reimbursement bundled into MS-DRG rate where appropriate,,,,0,other,999.31,2708.25,No services performed during 15-month lookback period.,,facility
DOXEPIN 50 MG CAPSULE,0250,RC,51079-0438-20,NDC,RX-2612,CDM,,,,inpatient,1,UN,9.37,3.75,Anthem,Medicare Advantage,,,Reimbursement bundled into MS-DRG rate where appropriate,,,,0,other,2.39,6.47,No services performed during 15-month lookback period.,,facility
DOXEPIN 50 MG CAPSULE,0250,RC,51079-0438-20,NDC,RX-2612,CDM,,,,inpatient,1,UN,9.37,3.75,Anthem Pathway,Commercial,,,Reimbursement bundled into per diem or MS-DRG where appropriate,,,,0,other,2.39,6.47,No services performed during 15-month lookback period.,,facility
DOXEPIN 50 MG CAPSULE,0250,RC,51079-0438-20,NDC,RX-2612,CDM,,,,inpatient,1,UN,9.37,3.75,Simplified Benefits Administration,Narrow,2.44,26.00,,,,,0,percent of total billed charges,2.39,6.47,No services performed during 15-month lookback period.,,facility
DOXEPIN 50 MG CAPSULE,0250,RC,51079-0438-20,NDC,RX-2612,CDM,,,,inpatient,1,UN,9.37,3.75,Multiplan/PHCS,Commercial,5.72,61.00,,,,,0,percent of total billed charges,2.39,6.47,No services performed during 15-month lookback period.,,facility
DOXEPIN 50 MG CAPSULE,0250,RC,51079-0438-20,NDC,RX-2612,CDM,,,,inpatient,1,UN,9.37,3.75,First Health,Commercial,6.47,69.00,,,,,0,percent of total billed charges,2.39,6.47,No services performed during 15-month lookback period.,,facility
EMPAGLIFLOZIN 10 MG TABLET,0250,RC,00597-0152-37,NDC,RX-174658,CDM,,,,inpatient,1,UN,39.48,15.80,Multiplan/PHCS,Commercial,24.08,61.00,,,,,0,percent of total billed charges,10.05,27.24,No services performed during 15-month lookback period.,,facility
EMPAGLIFLOZIN 10 MG TABLET,0250,RC,00597-0152-37,NDC,RX-174658,CDM,,,,inpatient,1,UN,39.48,15.80,Simplified Benefits Administration,Narrow,10.26,26.00,,,,,0,percent of total billed charges,10.05,27.24,No services performed during 15-month lookback period.,,facility
EMPAGLIFLOZIN 10 MG TABLET,0250,RC,00597-0152-37,NDC,RX-174658,CDM,,,,inpatient,1,UN,39.48,15.80,Anthem Pathway,Commercial,,,Reimbursement bundled into per diem or MS-DRG where appropriate,,,,0,other,10.05,27.24,No services performed during 15-month lookback period.,,facility
EMPAGLIFLOZIN 10 MG TABLET,0250,RC,00597-0152-37,NDC,RX-174658,CDM,,,,inpatient,1,UN,39.48,15.80,First Health,Commercial,27.24,69.00,,,,,0,percent of total billed charges,10.05,27.24,No services performed during 15-month lookback period.,,facility
EMPAGLIFLOZIN 10 MG TABLET,0250,RC,00597-0152-37,NDC,RX-174658,CDM,,,,inpatient,1,UN,39.48,15.80,Anthem,Medicare Advantage,,,Reimbursement bundled into MS-DRG rate where appropriate,,,,0,other,10.05,27.24,No services performed during 15-month lookback period.,,facility
HB MRD FLOW 1ST MARKER,88184,CPT,0311,RC,771209,CDM,,,,inpatient,,,671.00,268.40,Anthem,Medicare Advantage,,,Reimbursement bundled into MS-DRG rate where appropriate,,,,0,other,170.84,462.99,No services performed during 15-month lookback period.,,facility
HB MRD FLOW 1ST MARKER,88184,CPT,0311,RC,771209,CDM,,,,inpatient,,,671.00,268.40,First Health,Commercial,462.99,69.00,,,,,0,percent of total billed charges,170.84,462.99,No services performed during 15-month lookback period.,,facility
HB MRD FLOW 1ST MARKER,88184,CPT,0311,RC,771209,CDM,,,,inpatient,,,671.00,268.40,Anthem Pathway,Commercial,,,Reimbursement bundled into per diem or MS-DRG where appropriate,,,,0,other,170.84,462.99,No services performed during 15-month lookback period.,,facility
HB MRD FLOW 1ST MARKER,88184,CPT,0311,RC,771209,CDM,,,,inpatient,,,671.00,268.40,Simplified Benefits Administration,Narrow,174.46,26.00,,,,,0,percent of total billed charges,170.84,462.99,No services performed during 15-month lookback period.,,facility
HB MRD FLOW 1ST MARKER,88184,CPT,0311,RC,771209,CDM,,,,inpatient,,,671.00,268.40,Multiplan/PHCS,Commercial,409.31,61.00,,,,,0,percent of total billed charges,170.84,462.99,No services performed during 15-month lookback period.,,facility
HB RADIANT-RADIOLOGIC EXAM ABDOMEN 2 VIEWS,74019,CPT,0320,RC,003935,CDM,,,,inpatient,,,647.00,258.80,First Health,Commercial,446.43,69.00,,,,,0,percent of total billed charges,164.73,446.43,No services performed during 15-month lookback period.,,facility
HB RADIANT-RADIOLOGIC EXAM ABDOMEN 2 VIEWS,74019,CPT,0320,RC,003935,CDM,,,,inpatient,,,647.00,258.80,Multiplan/PHCS,Commercial,394.67,61.00,,,,,0,percent of total billed charges,164.73,446.43,No services performed during 15-month lookback period.,,facility
HB RADIANT-RADIOLOGIC EXAM ABDOMEN 2 VIEWS,74019,CPT,0320,RC,003935,CDM,,,,inpatient,,,647.00,258.80,Anthem Pathway,Commercial,,,Reimbursement bundled into per diem or MS-DRG where appropriate,,,,0,other,164.73,446.43,No services performed during 15-month lookback period.,,facility
HB RADIANT-RADIOLOGIC EXAM ABDOMEN 2 VIEWS,74019,CPT,0320,RC,003935,CDM,,,,inpatient,,,647.00,258.80,Anthem,Medicare Advantage,,,Reimbursement bundled into MS-DRG rate where appropriate,,,,0,other,164.73,446.43,No services performed during 15-month lookback period.,,facility
HB RADIANT-RADIOLOGIC EXAM ABDOMEN 2 VIEWS,74019,CPT,0320,RC,003935,CDM,,,,inpatient,,,647.00,258.80,Simplified Benefits Administration,Narrow,168.22,26.00,,,,,0,percent of total billed charges,164.73,446.43,No services performed during 15-month lookback period.,,facility
OTHER RESPIRATORY SYSTEM DIAGNOSES WITHOUT MCC,206,MS-DRG,,,,,,,,inpatient,,,,,Anthem Pathway,Commercial,18485.09,,,,,,,case rate,8850.51,20939.48,"If the length of stay is greater than (160% multiplied by the geometric length of stay), which is the trim point, then allow ($19,642 base rate multiplied by the DRG relative weight plus ((the length of stay minus the trim point) multiplied by $6,543 per diem rate)","If the length of stay is greater than (160% multiplied by the geometric length of stay), which is the trim point, then allow ($19,642 base rate multiplied by the DRG relative weight plus ((the length of stay minus the trim point) multiplied by $6,543 per diem rate)",facility
OTHER RESPIRATORY SYSTEM DIAGNOSES WITHOUT MCC,206,MS-DRG,,,,,,,,inpatient,,,,,Anthem,Medicare Advantage,8850.51,,,,,,,case rate,8850.51,20939.48,,,facility
HB POTASSIUM,84132,CPT,0301,RC,778153,CDM,,,,inpatient,,,100.00,40.00,Anthem,Medicare Advantage,,,Reimbursement bundled into MS-DRG rate where appropriate,,,,0,other,25.46,69.00,No services performed during 15-month lookback period.,,facility
HB POTASSIUM,84132,CPT,0301,RC,778153,CDM,,,,inpatient,,,100.00,40.00,Anthem Pathway,Commercial,,,Reimbursement bundled into per diem or MS-DRG where appropriate,,,,0,other,25.46,69.00,No services performed during 15-month lookback period.,,facility
HB POTASSIUM,84132,CPT,0301,RC,778153,CDM,,,,inpatient,,,100.00,40.00,Multiplan/PHCS,Commercial,61.00,61.00,,,,,0,percent of total billed charges,25.46,69.00,No services performed during 15-month lookback period.,,facility
HB POTASSIUM,84132,CPT,0301,RC,778153,CDM,,,,inpatient,,,100.00,40.00,Simplified Benefits Administration,Narrow,26.00,26.00,,,,,0,percent of total billed charges,25.46,69.00,No services performed during 15-month lookback period.,,facility
HB POTASSIUM,84132,CPT,0301,RC,778153,CDM,,,,inpatient,,,100.00,40.00,First Health,Commercial,69.00,69.00,,,,,0,percent of total billed charges,25.46,69.00,No services performed during 15-month lookback period.,,facility
"BUPIVACAINE-EPINEPHRINE (PF) 0.5 %-1:200,000 INJECTION SOLUTION",0250,RC,00409-1749-70,NDC,RX-14984,CDM,,,,inpatient,10,ML,27.50,11.00,Multiplan/PHCS,Commercial,16.78,61.00,,,,,0,percent of total billed charges,7.00,18.98,No services performed during 15-month lookback period.,,facility
"BUPIVACAINE-EPINEPHRINE (PF) 0.5 %-1:200,000 INJECTION SOLUTION",0250,RC,00409-1749-70,NDC,RX-14984,CDM,,,,inpatient,10,ML,27.50,11.00,Simplified Benefits Administration,Narrow,7.15,26.00,,,,,0,percent of total billed charges,7.00,18.98,No services performed during 15-month lookback period.,,facility
"BUPIVACAINE-EPINEPHRINE (PF) 0.5 %-1:200,000 INJECTION SOLUTION",0250,RC,00409-1749-70,NDC,RX-14984,CDM,,,,inpatient,10,ML,27.50,11.00,First Health,Commercial,18.98,69.00,,,,,0,percent of total billed charges,7.00,18.98,No services performed during 15-month lookback period.,,facility
"BUPIVACAINE-EPINEPHRINE (PF) 0.5 %-1:200,000 INJECTION SOLUTION",0250,RC,00409-1749-70,NDC,RX-14984,CDM,,,,inpatient,10,ML,27.50,11.00,Anthem Pathway,Commercial,,,Reimbursement bundled into per diem or MS-DRG where appropriate,,,,0,other,7.00,18.98,No services performed during 15-month lookback period.,,facility
"BUPIVACAINE-EPINEPHRINE (PF) 0.5 %-1:200,000 INJECTION SOLUTION",0250,RC,00409-1749-70,NDC,RX-14984,CDM,,,,inpatient,10,ML,27.50,11.00,Anthem,Medicare Advantage,,,Reimbursement bundled into MS-DRG rate where appropriate,,,,0,other,7.00,18.98,No services performed during 15-month lookback period.,,facility
HB C-IBD SGI DIAGNOSTIC-IMMUNO QNT ADDN,83520,CPT,0301,RC,770562,CDM,,,,inpatient,,,549.00,219.60,Anthem,Medicare Advantage,,,Reimbursement bundled into MS-DRG rate where appropriate,,,,0,other,139.78,378.81,No services performed during 15-month lookback period.,,facility
HB C-IBD SGI DIAGNOSTIC-IMMUNO QNT ADDN,83520,CPT,0301,RC,770562,CDM,,,,inpatient,,,549.00,219.60,Anthem Pathway,Commercial,,,Reimbursement bundled into per diem or MS-DRG where appropriate,,,,0,other,139.78,378.81,No services performed during 15-month lookback period.,,facility
HB C-IBD SGI DIAGNOSTIC-IMMUNO QNT ADDN,83520,CPT,0301,RC,770562,CDM,,,,inpatient,,,549.00,219.60,Simplified Benefits Administration,Narrow,142.74,26.00,,,,,0,percent of total billed charges,139.78,378.81,No services performed during 15-month lookback period.,,facility
HB C-IBD SGI DIAGNOSTIC-IMMUNO QNT ADDN,83520,CPT,0301,RC,770562,CDM,,,,inpatient,,,549.00,219.60,Multiplan/PHCS,Commercial,334.89,61.00,,,,,0,percent of total billed charges,139.78,378.81,No services performed during 15-month lookback period.,,facility
HB C-IBD SGI DIAGNOSTIC-IMMUNO QNT ADDN,83520,CPT,0301,RC,770562,CDM,,,,inpatient,,,549.00,219.60,First Health,Commercial,378.81,69.00,,,,,0,percent of total billed charges,139.78,378.81,No services performed during 15-month lookback period.,,facility
FUROSEMIDE 20 MG TABLET,0250,RC,43547-0401-10,NDC,RX-3294,CDM,,,,inpatient,1,UN,7.56,3.03,Multiplan/PHCS,Commercial,4.61,61.00,,,,,0,percent of total billed charges,1.92,5.22,No services performed during 15-month lookback period.,,facility
FUROSEMIDE 20 MG TABLET,0250,RC,43547-0401-10,NDC,RX-3294,CDM,,,,inpatient,1,UN,7.56,3.03,Simplified Benefits Administration,Narrow,1.97,26.00,,,,,0,percent of total billed charges,1.92,5.22,No services performed during 15-month lookback period.,,facility
FUROSEMIDE 20 MG TABLET,0250,RC,43547-0401-10,NDC,RX-3294,CDM,,,,inpatient,1,UN,7.56,3.03,Anthem Pathway,Commercial,,,Reimbursement bundled into per diem or MS-DRG where appropriate,,,,0,other,1.92,5.22,No services performed during 15-month lookback period.,,facility
FUROSEMIDE 20 MG TABLET,0250,RC,43547-0401-10,NDC,RX-3294,CDM,,,,inpatient,1,UN,7.56,3.03,First Health,Commercial,5.22,69.00,,,,,0,percent of total billed charges,1.92,5.22,No services performed during 15-month lookback period.,,facility
FUROSEMIDE 20 MG TABLET,0250,RC,43547-0401-10,NDC,RX-3294,CDM,,,,inpatient,1,UN,7.56,3.03,Anthem,Medicare Advantage,,,Reimbursement bundled into MS-DRG rate where appropriate,,,,0,other,1.92,5.22,No services performed during 15-month lookback period.,,facility
IBUPROFEN 600 MG TABLET,0250,RC,67877-0320-01,NDC,RX-3844,CDM,,,,inpatient,1,UN,7.65,3.06,Anthem,Medicare Advantage,,,Reimbursement bundled into MS-DRG rate where appropriate,,,,0,other,1.95,5.28,No services performed during 15-month lookback period.,,facility
IBUPROFEN 600 MG TABLET,0250,RC,67877-0320-01,NDC,RX-3844,CDM,,,,inpatient,1,UN,7.65,3.06,First Health,Commercial,5.28,69.00,,,,,0,percent of total billed charges,1.95,5.28,No services performed during 15-month lookback period.,,facility
IBUPROFEN 600 MG TABLET,0250,RC,67877-0320-01,NDC,RX-3844,CDM,,,,inpatient,1,UN,7.65,3.06,Anthem Pathway,Commercial,,,Reimbursement bundled into per diem or MS-DRG where appropriate,,,,0,other,1.95,5.28,No services performed during 15-month lookback period.,,facility
IBUPROFEN 600 MG TABLET,0250,RC,67877-0320-01,NDC,RX-3844,CDM,,,,inpatient,1,UN,7.65,3.06,Simplified Benefits Administration,Narrow,1.99,26.00,,,,,0,percent of total billed charges,1.95,5.28,No services performed during 15-month lookback period.,,facility
IBUPROFEN 600 MG TABLET,0250,RC,67877-0320-01,NDC,RX-3844,CDM,,,,inpatient,1,UN,7.65,3.06,Multiplan/PHCS,Commercial,4.67,61.00,,,,,0,percent of total billed charges,1.95,5.28,No services performed during 15-month lookback period.,,facility
HB DILATION MALE URETHRA SOUND,53600,CPT,0761,RC,038126,CDM,,,,inpatient,,,608.03,243.22,First Health,Commercial,419.54,69.00,,,,,0,percent of total billed charges,154.80,419.54,No services performed during 15-month lookback period.,,facility
HB DILATION MALE URETHRA SOUND,53600,CPT,0761,RC,038126,CDM,,,,inpatient,,,608.03,243.22,Simplified Benefits Administration,Narrow,158.09,26.00,,,,,0,percent of total billed charges,154.80,419.54,No services performed during 15-month lookback period.,,facility
HB DILATION MALE URETHRA SOUND,53600,CPT,0761,RC,038126,CDM,,,,inpatient,,,608.03,243.22,Multiplan/PHCS,Commercial,370.90,61.00,,,,,0,percent of total billed charges,154.80,419.54,No services performed during 15-month lookback period.,,facility
HB DILATION MALE URETHRA SOUND,53600,CPT,0761,RC,038126,CDM,,,,inpatient,,,608.03,243.22,Anthem Pathway,Commercial,,,Reimbursement bundled into per diem or MS-DRG where appropriate,,,,0,other,154.80,419.54,No services performed during 15-month lookback period.,,facility
HB DILATION MALE URETHRA SOUND,53600,CPT,0761,RC,038126,CDM,,,,inpatient,,,608.03,243.22,Anthem,Medicare Advantage,,,Reimbursement bundled into MS-DRG rate where appropriate,,,,0,other,154.80,419.54,No services performed during 15-month lookback period.,,facility
HB XPER-MEDTRONIC LEAD,C1898,HCPCS,0278,RC,800310,CDM,,,,inpatient,,,515.00,206.00,Anthem,Medicare Advantage,,,Reimbursement bundled into MS-DRG rate where appropriate,,,,0,other,131.12,355.35,No services performed during 15-month lookback period.,,facility
HB XPER-MEDTRONIC LEAD,C1898,HCPCS,0278,RC,800310,CDM,,,,inpatient,,,515.00,206.00,Anthem Pathway,Commercial,,,Reimbursement bundled into per diem or MS-DRG where appropriate,,,,0,other,131.12,355.35,No services performed during 15-month lookback period.,,facility
HB XPER-MEDTRONIC LEAD,C1898,HCPCS,0278,RC,800310,CDM,,,,inpatient,,,515.00,206.00,Multiplan/PHCS,Commercial,314.15,61.00,,,,,0,percent of total billed charges,131.12,355.35,No services performed during 15-month lookback period.,,facility
HB XPER-MEDTRONIC LEAD,C1898,HCPCS,0278,RC,800310,CDM,,,,inpatient,,,515.00,206.00,Simplified Benefits Administration,Narrow,133.90,26.00,,,,,0,percent of total billed charges,131.12,355.35,No services performed during 15-month lookback period.,,facility
HB XPER-MEDTRONIC LEAD,C1898,HCPCS,0278,RC,800310,CDM,,,,inpatient,,,515.00,206.00,First Health,Commercial,355.35,69.00,,,,,0,percent of total billed charges,131.12,355.35,No services performed during 15-month lookback period.,,facility
SEIZURES WITHOUT MCC,101,MS-DRG,,,,,,,,inpatient,,,,,Anthem Pathway,Commercial,17728.87,,,,,,,case rate,8513.42,20082.85,"If the length of stay is greater than (160% multiplied by the geometric length of stay), which is the trim point, then allow ($19,642 base rate multiplied by the DRG relative weight plus ((the length of stay minus the trim point) multiplied by $6,543 per diem rate)","If the length of stay is greater than (160% multiplied by the geometric length of stay), which is the trim point, then allow ($19,642 base rate multiplied by the DRG relative weight plus ((the length of stay minus the trim point) multiplied by $6,543 per diem rate)",facility
SEIZURES WITHOUT MCC,101,MS-DRG,,,,,,,,inpatient,,,,,Anthem,Medicare Advantage,8513.42,,,,,,,case rate,8513.42,20082.85,,,facility
CALCIUM CHLORIDE 100 MG/ML (10 %) INTRAVENOUS SYRINGE,J0618,HCPCS,0636,RC,76329-3304-01,NDC,RX-1306,CDM,,inpatient,10,ML,43.15,17.26,Anthem,Medicare Advantage,,,Reimbursement bundled into MS-DRG rate where appropriate,,,,0,other,10.99,29.77,No services performed during 15-month lookback period.,,facility
CALCIUM CHLORIDE 100 MG/ML (10 %) INTRAVENOUS SYRINGE,J0618,HCPCS,0636,RC,76329-3304-01,NDC,RX-1306,CDM,,inpatient,10,ML,43.15,17.26,First Health,Commercial,29.77,69.00,,,,,0,percent of total billed charges,10.99,29.77,No services performed during 15-month lookback period.,,facility
CALCIUM CHLORIDE 100 MG/ML (10 %) INTRAVENOUS SYRINGE,J0618,HCPCS,0636,RC,76329-3304-01,NDC,RX-1306,CDM,,inpatient,10,ML,43.15,17.26,Anthem Pathway,Commercial,,,Reimbursement bundled into per diem or MS-DRG where appropriate,,,,0,other,10.99,29.77,No services performed during 15-month lookback period.,,facility
CALCIUM CHLORIDE 100 MG/ML (10 %) INTRAVENOUS SYRINGE,J0618,HCPCS,0636,RC,76329-3304-01,NDC,RX-1306,CDM,,inpatient,10,ML,43.15,17.26,Multiplan/PHCS,Commercial,26.32,61.00,,,,,0,percent of total billed charges,10.99,29.77,No services performed during 15-month lookback period.,,facility
CALCIUM CHLORIDE 100 MG/ML (10 %) INTRAVENOUS SYRINGE,J0618,HCPCS,0636,RC,76329-3304-01,NDC,RX-1306,CDM,,inpatient,10,ML,43.15,17.26,Simplified Benefits Administration,Narrow,11.22,26.00,,,,,0,percent of total billed charges,10.99,29.77,No services performed during 15-month lookback period.,,facility
TRIAMCINOLONE ACETONIDE 0.1 % DENTAL PASTE,0250,RC,00713-0655-40,NDC,RX-8121,CDM,,,,inpatient,5,GR,191.30,76.52,Simplified Benefits Administration,Narrow,49.74,26.00,,,,,0,percent of total billed charges,48.70,132.00,No services performed during 15-month lookback period.,,facility
TRIAMCINOLONE ACETONIDE 0.1 % DENTAL PASTE,0250,RC,00713-0655-40,NDC,RX-8121,CDM,,,,inpatient,5,GR,191.30,76.52,Multiplan/PHCS,Commercial,116.69,61.00,,,,,0,percent of total billed charges,48.70,132.00,No services performed during 15-month lookback period.,,facility
TRIAMCINOLONE ACETONIDE 0.1 % DENTAL PASTE,0250,RC,00713-0655-40,NDC,RX-8121,CDM,,,,inpatient,5,GR,191.30,76.52,First Health,Commercial,132.00,69.00,,,,,0,percent of total billed charges,48.70,132.00,No services performed during 15-month lookback period.,,facility
TRIAMCINOLONE ACETONIDE 0.1 % DENTAL PASTE,0250,RC,00713-0655-40,NDC,RX-8121,CDM,,,,inpatient,5,GR,191.30,76.52,Anthem Pathway,Commercial,,,Reimbursement bundled into per diem or MS-DRG where appropriate,,,,0,other,48.70,132.00,No services performed during 15-month lookback period.,,facility
TRIAMCINOLONE ACETONIDE 0.1 % DENTAL PASTE,0250,RC,00713-0655-40,NDC,RX-8121,CDM,,,,inpatient,5,GR,191.30,76.52,Anthem,Medicare Advantage,,,Reimbursement bundled into MS-DRG rate where appropriate,,,,0,other,48.70,132.00,No services performed during 15-month lookback period.,,facility
NABUMETONE 500 MG TABLET,0250,RC,50228-0465-01,NDC,RX-10676,CDM,,,,inpatient,1,UN,7.72,3.09,Anthem,Medicare Advantage,,,Reimbursement bundled into MS-DRG rate where appropriate,,,,0,other,1.97,5.33,No services performed during 15-month lookback period.,,facility
NABUMETONE 500 MG TABLET,0250,RC,50228-0465-01,NDC,RX-10676,CDM,,,,inpatient,1,UN,7.72,3.09,Anthem Pathway,Commercial,,,Reimbursement bundled into per diem or MS-DRG where appropriate,,,,0,other,1.97,5.33,No services performed during 15-month lookback period.,,facility
NABUMETONE 500 MG TABLET,0250,RC,50228-0465-01,NDC,RX-10676,CDM,,,,inpatient,1,UN,7.72,3.09,First Health,Commercial,5.33,69.00,,,,,0,percent of total billed charges,1.97,5.33,No services performed during 15-month lookback period.,,facility
NABUMETONE 500 MG TABLET,0250,RC,50228-0465-01,NDC,RX-10676,CDM,,,,inpatient,1,UN,7.72,3.09,Multiplan/PHCS,Commercial,4.71,61.00,,,,,0,percent of total billed charges,1.97,5.33,No services performed during 15-month lookback period.,,facility
NABUMETONE 500 MG TABLET,0250,RC,50228-0465-01,NDC,RX-10676,CDM,,,,inpatient,1,UN,7.72,3.09,Simplified Benefits Administration,Narrow,2.01,26.00,,,,,0,percent of total billed charges,1.97,5.33,No services performed during 15-month lookback period.,,facility
HB IGFBP-3 SENDOUT,83520,CPT,0301,RC,771638,CDM,,,,inpatient,,,95.60,38.24,Simplified Benefits Administration,Narrow,24.86,26.00,,,,,0,percent of total billed charges,24.34,65.96,No services performed during 15-month lookback period.,,facility
HB IGFBP-3 SENDOUT,83520,CPT,0301,RC,771638,CDM,,,,inpatient,,,95.60,38.24,First Health,Commercial,65.96,69.00,,,,,0,percent of total billed charges,24.34,65.96,No services performed during 15-month lookback period.,,facility
HB IGFBP-3 SENDOUT,83520,CPT,0301,RC,771638,CDM,,,,inpatient,,,95.60,38.24,Multiplan/PHCS,Commercial,58.32,61.00,,,,,0,percent of total billed charges,24.34,65.96,No services performed during 15-month lookback period.,,facility
HB IGFBP-3 SENDOUT,83520,CPT,0301,RC,771638,CDM,,,,inpatient,,,95.60,38.24,Anthem Pathway,Commercial,,,Reimbursement bundled into per diem or MS-DRG where appropriate,,,,0,other,24.34,65.96,No services performed during 15-month lookback period.,,facility
HB IGFBP-3 SENDOUT,83520,CPT,0301,RC,771638,CDM,,,,inpatient,,,95.60,38.24,Anthem,Medicare Advantage,,,Reimbursement bundled into MS-DRG rate where appropriate,,,,0,other,24.34,65.96,No services performed during 15-month lookback period.,,facility
BUPRENORPHINE 5 MCG/HOUR WEEKLY TRANSDERMAL PATCH,0250,RC,59011-0750-04,NDC,RX-159301,CDM,,,,inpatient,1,UN,108.05,43.22,Anthem,Medicare Advantage,,,Reimbursement bundled into MS-DRG rate where appropriate,,,,0,other,27.51,74.55,No services performed during 15-month lookback period.,,facility
BUPRENORPHINE 5 MCG/HOUR WEEKLY TRANSDERMAL PATCH,0250,RC,59011-0750-04,NDC,RX-159301,CDM,,,,inpatient,1,UN,108.05,43.22,Anthem Pathway,Commercial,,,Reimbursement bundled into per diem or MS-DRG where appropriate,,,,0,other,27.51,74.55,No services performed during 15-month lookback period.,,facility
BUPRENORPHINE 5 MCG/HOUR WEEKLY TRANSDERMAL PATCH,0250,RC,59011-0750-04,NDC,RX-159301,CDM,,,,inpatient,1,UN,108.05,43.22,First Health,Commercial,74.55,69.00,,,,,0,percent of total billed charges,27.51,74.55,No services performed during 15-month lookback period.,,facility
BUPRENORPHINE 5 MCG/HOUR WEEKLY TRANSDERMAL PATCH,0250,RC,59011-0750-04,NDC,RX-159301,CDM,,,,inpatient,1,UN,108.05,43.22,Simplified Benefits Administration,Narrow,28.09,26.00,,,,,0,percent of total billed charges,27.51,74.55,No services performed during 15-month lookback period.,,facility
BUPRENORPHINE 5 MCG/HOUR WEEKLY TRANSDERMAL PATCH,0250,RC,59011-0750-04,NDC,RX-159301,CDM,,,,inpatient,1,UN,108.05,43.22,Multiplan/PHCS,Commercial,65.91,61.00,,,,,0,percent of total billed charges,27.51,74.55,No services performed during 15-month lookback period.,,facility
VASOPRESSIN 0.2 UNIT/ML INTRAVENOUS SOLUTION,J2598,HCPCS,0636,RC,42023-0237-01,NDC,RX-208763,CDM,,inpatient,100,ML,229.91,91.97,Multiplan/PHCS,Commercial,140.25,61.00,,,,,0,percent of total billed charges,58.54,158.64,No services performed during 15-month lookback period.,,facility
VASOPRESSIN 0.2 UNIT/ML INTRAVENOUS SOLUTION,J2598,HCPCS,0636,RC,42023-0237-01,NDC,RX-208763,CDM,,inpatient,100,ML,229.91,91.97,Simplified Benefits Administration,Narrow,59.78,26.00,,,,,0,percent of total billed charges,58.54,158.64,No services performed during 15-month lookback period.,,facility
VASOPRESSIN 0.2 UNIT/ML INTRAVENOUS SOLUTION,J2598,HCPCS,0636,RC,42023-0237-01,NDC,RX-208763,CDM,,inpatient,100,ML,229.91,91.97,First Health,Commercial,158.64,69.00,,,,,0,percent of total billed charges,58.54,158.64,No services performed during 15-month lookback period.,,facility
VASOPRESSIN 0.2 UNIT/ML INTRAVENOUS SOLUTION,J2598,HCPCS,0636,RC,42023-0237-01,NDC,RX-208763,CDM,,inpatient,100,ML,229.91,91.97,Anthem Pathway,Commercial,,,Reimbursement bundled into per diem or MS-DRG where appropriate,,,,0,other,58.54,158.64,No services performed during 15-month lookback period.,,facility
VASOPRESSIN 0.2 UNIT/ML INTRAVENOUS SOLUTION,J2598,HCPCS,0636,RC,42023-0237-01,NDC,RX-208763,CDM,,inpatient,100,ML,229.91,91.97,Anthem,Medicare Advantage,,,Reimbursement bundled into MS-DRG rate where appropriate,,,,0,other,58.54,158.64,No services performed during 15-month lookback period.,,facility
FONDAPARINUX 5 MG/0.4 ML SUBCUTANEOUS SOLUTION SYRINGE,J1652,HCPCS,0636,RC,55111-0679-02,NDC,RX-128990,CDM,,inpatient,0.4,ML,69.97,27.99,Anthem,Medicare Advantage,,,Reimbursement bundled into MS-DRG rate where appropriate,,,,0,other,17.81,48.28,No services performed during 15-month lookback period.,,facility
FONDAPARINUX 5 MG/0.4 ML SUBCUTANEOUS SOLUTION SYRINGE,J1652,HCPCS,0636,RC,55111-0679-02,NDC,RX-128990,CDM,,inpatient,0.4,ML,69.97,27.99,Anthem Pathway,Commercial,,,Reimbursement bundled into per diem or MS-DRG where appropriate,,,,0,other,17.81,48.28,No services performed during 15-month lookback period.,,facility
FONDAPARINUX 5 MG/0.4 ML SUBCUTANEOUS SOLUTION SYRINGE,J1652,HCPCS,0636,RC,55111-0679-02,NDC,RX-128990,CDM,,inpatient,0.4,ML,69.97,27.99,First Health,Commercial,48.28,69.00,,,,,0,percent of total billed charges,17.81,48.28,No services performed during 15-month lookback period.,,facility
FONDAPARINUX 5 MG/0.4 ML SUBCUTANEOUS SOLUTION SYRINGE,J1652,HCPCS,0636,RC,55111-0679-02,NDC,RX-128990,CDM,,inpatient,0.4,ML,69.97,27.99,Multiplan/PHCS,Commercial,42.68,61.00,,,,,0,percent of total billed charges,17.81,48.28,No services performed during 15-month lookback period.,,facility
FONDAPARINUX 5 MG/0.4 ML SUBCUTANEOUS SOLUTION SYRINGE,J1652,HCPCS,0636,RC,55111-0679-02,NDC,RX-128990,CDM,,inpatient,0.4,ML,69.97,27.99,Simplified Benefits Administration,Narrow,18.19,26.00,,,,,0,percent of total billed charges,17.81,48.28,No services performed during 15-month lookback period.,,facility
"HEPARIN (PORCINE) 1,000 UNIT/ML INJECTION SOLUTION",J1644,HCPCS,0636,RC,25021-0400-10,NDC,RX-10176,CDM,,inpatient,10,ML,25.58,10.24,Simplified Benefits Administration,Narrow,6.65,26.00,,,,,0,percent of total billed charges,6.51,17.65,No services performed during 15-month lookback period.,,facility
"HEPARIN (PORCINE) 1,000 UNIT/ML INJECTION SOLUTION",J1644,HCPCS,0636,RC,25021-0400-10,NDC,RX-10176,CDM,,inpatient,10,ML,25.58,10.24,Multiplan/PHCS,Commercial,15.60,61.00,,,,,0,percent of total billed charges,6.51,17.65,No services performed during 15-month lookback period.,,facility
"HEPARIN (PORCINE) 1,000 UNIT/ML INJECTION SOLUTION",J1644,HCPCS,0636,RC,25021-0400-10,NDC,RX-10176,CDM,,inpatient,10,ML,25.58,10.24,First Health,Commercial,17.65,69.00,,,,,0,percent of total billed charges,6.51,17.65,No services performed during 15-month lookback period.,,facility
"HEPARIN (PORCINE) 1,000 UNIT/ML INJECTION SOLUTION",J1644,HCPCS,0636,RC,25021-0400-10,NDC,RX-10176,CDM,,inpatient,10,ML,25.58,10.24,Anthem Pathway,Commercial,,,Reimbursement bundled into per diem or MS-DRG where appropriate,,,,0,other,6.51,17.65,No services performed during 15-month lookback period.,,facility
"HEPARIN (PORCINE) 1,000 UNIT/ML INJECTION SOLUTION",J1644,HCPCS,0636,RC,25021-0400-10,NDC,RX-10176,CDM,,inpatient,10,ML,25.58,10.24,Anthem,Medicare Advantage,,,Reimbursement bundled into MS-DRG rate where appropriate,,,,0,other,6.51,17.65,No services performed during 15-month lookback period.,,facility
KIDNEY AND URETER PROCEDURES FOR NON-NEOPLASM WITH CC,660,MS-DRG,,,,,,,,inpatient,,,,,Anthem,Medicare Advantage,12182.82,,,,,,,case rate,12182.82,29407.83,,,facility
KIDNEY AND URETER PROCEDURES FOR NON-NEOPLASM WITH CC,660,MS-DRG,,,,,,,,inpatient,,,,,Anthem Pathway,Commercial,25960.83,,,,,,,case rate,12182.82,29407.83,"If the length of stay is greater than (160% multiplied by the geometric length of stay), which is the trim point, then allow ($19,642 base rate multiplied by the DRG relative weight plus ((the length of stay minus the trim point) multiplied by $6,543 per diem rate)","If the length of stay is greater than (160% multiplied by the geometric length of stay), which is the trim point, then allow ($19,642 base rate multiplied by the DRG relative weight plus ((the length of stay minus the trim point) multiplied by $6,543 per diem rate)",facility
DOSE 2: HYDRALAZINE 20 MG/ML INJECTION,J0360,HCPCS,0636,RC,63323-0614-01,NDC,RX-507305,CDM,,inpatient,1,ML,28.26,11.31,Anthem,Medicare Advantage,,,Reimbursement bundled into MS-DRG rate where appropriate,,,,0,other,7.19,19.50,No services performed during 15-month lookback period.,,facility
DOSE 2: HYDRALAZINE 20 MG/ML INJECTION,J0360,HCPCS,0636,RC,63323-0614-01,NDC,RX-507305,CDM,,inpatient,1,ML,28.26,11.31,First Health,Commercial,19.50,69.00,,,,,0,percent of total billed charges,7.19,19.50,No services performed during 15-month lookback period.,,facility
DOSE 2: HYDRALAZINE 20 MG/ML INJECTION,J0360,HCPCS,0636,RC,63323-0614-01,NDC,RX-507305,CDM,,inpatient,1,ML,28.26,11.31,Anthem Pathway,Commercial,,,Reimbursement bundled into per diem or MS-DRG where appropriate,,,,0,other,7.19,19.50,No services performed during 15-month lookback period.,,facility
DOSE 2: HYDRALAZINE 20 MG/ML INJECTION,J0360,HCPCS,0636,RC,63323-0614-01,NDC,RX-507305,CDM,,inpatient,1,ML,28.26,11.31,Multiplan/PHCS,Commercial,17.24,61.00,,,,,0,percent of total billed charges,7.19,19.50,No services performed during 15-month lookback period.,,facility
DOSE 2: HYDRALAZINE 20 MG/ML INJECTION,J0360,HCPCS,0636,RC,63323-0614-01,NDC,RX-507305,CDM,,inpatient,1,ML,28.26,11.31,Simplified Benefits Administration,Narrow,7.35,26.00,,,,,0,percent of total billed charges,7.19,19.50,No services performed during 15-month lookback period.,,facility
HB PROTEIN C CLOT ACT,85303,CPT,0305,RC,775874,CDM,,,,inpatient,,,274.80,109.92,Simplified Benefits Administration,Narrow,71.45,26.00,,,,,0,percent of total billed charges,69.96,189.61,No services performed during 15-month lookback period.,,facility
HB PROTEIN C CLOT ACT,85303,CPT,0305,RC,775874,CDM,,,,inpatient,,,274.80,109.92,Multiplan/PHCS,Commercial,167.63,61.00,,,,,0,percent of total billed charges,69.96,189.61,No services performed during 15-month lookback period.,,facility
HB PROTEIN C CLOT ACT,85303,CPT,0305,RC,775874,CDM,,,,inpatient,,,274.80,109.92,First Health,Commercial,189.61,69.00,,,,,0,percent of total billed charges,69.96,189.61,No services performed during 15-month lookback period.,,facility
HB PROTEIN C CLOT ACT,85303,CPT,0305,RC,775874,CDM,,,,inpatient,,,274.80,109.92,Anthem Pathway,Commercial,,,Reimbursement bundled into per diem or MS-DRG where appropriate,,,,0,other,69.96,189.61,No services performed during 15-month lookback period.,,facility
HB PROTEIN C CLOT ACT,85303,CPT,0305,RC,775874,CDM,,,,inpatient,,,274.80,109.92,Anthem,Medicare Advantage,,,Reimbursement bundled into MS-DRG rate where appropriate,,,,0,other,69.96,189.61,No services performed during 15-month lookback period.,,facility
ZONISAMIDE 100 MG CAPSULE,0250,RC,50268-0816-11,NDC,RX-27780,CDM,,,,inpatient,1,UN,8.38,3.36,Anthem,Medicare Advantage,,,Reimbursement bundled into MS-DRG rate where appropriate,,,,0,other,2.13,5.78,No services performed during 15-month lookback period.,,facility
ZONISAMIDE 100 MG CAPSULE,0250,RC,50268-0816-11,NDC,RX-27780,CDM,,,,inpatient,1,UN,8.38,3.36,Anthem Pathway,Commercial,,,Reimbursement bundled into per diem or MS-DRG where appropriate,,,,0,other,2.13,5.78,No services performed during 15-month lookback period.,,facility
ZONISAMIDE 100 MG CAPSULE,0250,RC,50268-0816-11,NDC,RX-27780,CDM,,,,inpatient,1,UN,8.38,3.36,First Health,Commercial,5.78,69.00,,,,,0,percent of total billed charges,2.13,5.78,No services performed during 15-month lookback period.,,facility
ZONISAMIDE 100 MG CAPSULE,0250,RC,50268-0816-11,NDC,RX-27780,CDM,,,,inpatient,1,UN,8.38,3.36,Simplified Benefits Administration,Narrow,2.18,26.00,,,,,0,percent of total billed charges,2.13,5.78,No services performed during 15-month lookback period.,,facility
ZONISAMIDE 100 MG CAPSULE,0250,RC,50268-0816-11,NDC,RX-27780,CDM,,,,inpatient,1,UN,8.38,3.36,Multiplan/PHCS,Commercial,5.11,61.00,,,,,0,percent of total billed charges,2.13,5.78,No services performed during 15-month lookback period.,,facility
TADALAFIL 20 MG TABLET,0250,RC,29300-0289-13,NDC,RX-36986,CDM,,,,inpatient,1,UN,8.19,3.28,Multiplan/PHCS,Commercial,5.00,61.00,,,,,0,percent of total billed charges,2.09,5.65,No services performed during 15-month lookback period.,,facility
TADALAFIL 20 MG TABLET,0250,RC,29300-0289-13,NDC,RX-36986,CDM,,,,inpatient,1,UN,8.19,3.28,First Health,Commercial,5.65,69.00,,,,,0,percent of total billed charges,2.09,5.65,No services performed during 15-month lookback period.,,facility
TADALAFIL 20 MG TABLET,0250,RC,29300-0289-13,NDC,RX-36986,CDM,,,,inpatient,1,UN,8.19,3.28,Anthem Pathway,Commercial,,,Reimbursement bundled into per diem or MS-DRG where appropriate,,,,0,other,2.09,5.65,No services performed during 15-month lookback period.,,facility
TADALAFIL 20 MG TABLET,0250,RC,29300-0289-13,NDC,RX-36986,CDM,,,,inpatient,1,UN,8.19,3.28,Anthem,Medicare Advantage,,,Reimbursement bundled into MS-DRG rate where appropriate,,,,0,other,2.09,5.65,No services performed during 15-month lookback period.,,facility
TADALAFIL 20 MG TABLET,0250,RC,29300-0289-13,NDC,RX-36986,CDM,,,,inpatient,1,UN,8.19,3.28,Simplified Benefits Administration,Narrow,2.13,26.00,,,,,0,percent of total billed charges,2.09,5.65,No services performed during 15-month lookback period.,,facility
CAROTID ARTERY STENT PROCEDURES WITH CC,035,MS-DRG,,,,,,,,inpatient,,,,,Anthem Pathway,Commercial,46954.20,,,,,,,case rate,4971.00,53188.63,"If the length of stay is greater than (160% multiplied by the geometric length of stay), which is the trim point, then allow ($19,642 base rate multiplied by the DRG relative weight plus ((the length of stay minus the trim point) multiplied by $6,543 per diem rate)","If the length of stay is greater than (160% multiplied by the geometric length of stay), which is the trim point, then allow ($19,642 base rate multiplied by the DRG relative weight plus ((the length of stay minus the trim point) multiplied by $6,543 per diem rate)",facility
CAROTID ARTERY STENT PROCEDURES WITH CC,035,MS-DRG,,,,,,,,inpatient,,,,,Anthem,Medicare Advantage,21540.65,,,,,,,case rate,4971.00,53188.63,,,facility
BENZTROPINE 1 MG TABLET,0250,RC,68084-0388-01,NDC,RX-999,CDM,,,,inpatient,1,UN,8.10,3.24,Anthem,Medicare Advantage,,,Reimbursement bundled into MS-DRG rate where appropriate,,,,0,other,2.06,5.59,No services performed during 15-month lookback period.,,facility
BENZTROPINE 1 MG TABLET,0250,RC,68084-0388-01,NDC,RX-999,CDM,,,,inpatient,1,UN,8.10,3.24,Anthem Pathway,Commercial,,,Reimbursement bundled into per diem or MS-DRG where appropriate,,,,0,other,2.06,5.59,No services performed during 15-month lookback period.,,facility
BENZTROPINE 1 MG TABLET,0250,RC,68084-0388-01,NDC,RX-999,CDM,,,,inpatient,1,UN,8.10,3.24,First Health,Commercial,5.59,69.00,,,,,0,percent of total billed charges,2.06,5.59,No services performed during 15-month lookback period.,,facility
BENZTROPINE 1 MG TABLET,0250,RC,68084-0388-01,NDC,RX-999,CDM,,,,inpatient,1,UN,8.10,3.24,Multiplan/PHCS,Commercial,4.94,61.00,,,,,0,percent of total billed charges,2.06,5.59,No services performed during 15-month lookback period.,,facility
BENZTROPINE 1 MG TABLET,0250,RC,68084-0388-01,NDC,RX-999,CDM,,,,inpatient,1,UN,8.10,3.24,Simplified Benefits Administration,Narrow,2.11,26.00,,,,,0,percent of total billed charges,2.06,5.59,No services performed during 15-month lookback period.,,facility
NONTRAUMATIC STUPOR AND COMA WITHOUT MCC,081,MS-DRG,,,,,,,,inpatient,,,,,Anthem Pathway,Commercial,17591.38,,,,,,,case rate,8452.12,19927.10,"If the length of stay is greater than (160% multiplied by the geometric length of stay), which is the trim point, then allow ($19,642 base rate multiplied by the DRG relative weight plus ((the length of stay minus the trim point) multiplied by $6,543 per diem rate)","If the length of stay is greater than (160% multiplied by the geometric length of stay), which is the trim point, then allow ($19,642 base rate multiplied by the DRG relative weight plus ((the length of stay minus the trim point) multiplied by $6,543 per diem rate)",facility
NONTRAUMATIC STUPOR AND COMA WITHOUT MCC,081,MS-DRG,,,,,,,,inpatient,,,,,Anthem,Medicare Advantage,8452.12,,,,,,,case rate,8452.12,19927.10,,,facility
TOLNAFTATE 1 % TOPICAL POWDER,0250,RC,00536-1329-26,NDC,RX-8021,CDM,,,,inpatient,45,GR,4.06,1.63,Anthem,Medicare Advantage,,,Reimbursement bundled into MS-DRG rate where appropriate,,,,0,other,1.03,2.80,No services performed during 15-month lookback period.,,facility
TOLNAFTATE 1 % TOPICAL POWDER,0250,RC,00536-1329-26,NDC,RX-8021,CDM,,,,inpatient,45,GR,4.06,1.63,Anthem Pathway,Commercial,,,Reimbursement bundled into per diem or MS-DRG where appropriate,,,,0,other,1.03,2.80,No services performed during 15-month lookback period.,,facility
TOLNAFTATE 1 % TOPICAL POWDER,0250,RC,00536-1329-26,NDC,RX-8021,CDM,,,,inpatient,45,GR,4.06,1.63,Simplified Benefits Administration,Narrow,1.06,26.00,,,,,0,percent of total billed charges,1.03,2.80,No services performed during 15-month lookback period.,,facility
TOLNAFTATE 1 % TOPICAL POWDER,0250,RC,00536-1329-26,NDC,RX-8021,CDM,,,,inpatient,45,GR,4.06,1.63,Multiplan/PHCS,Commercial,2.48,61.00,,,,,0,percent of total billed charges,1.03,2.80,No services performed during 15-month lookback period.,,facility
TOLNAFTATE 1 % TOPICAL POWDER,0250,RC,00536-1329-26,NDC,RX-8021,CDM,,,,inpatient,45,GR,4.06,1.63,First Health,Commercial,2.80,69.00,,,,,0,percent of total billed charges,1.03,2.80,No services performed during 15-month lookback period.,,facility
HB FOLATE RBC,82747,CPT,0301,RC,774528,CDM,,,,inpatient,,,55.25,22.10,First Health,Commercial,38.12,69.00,,,,,0,percent of total billed charges,14.07,38.12,No services performed during 15-month lookback period.,,facility
HB FOLATE RBC,82747,CPT,0301,RC,774528,CDM,,,,inpatient,,,55.25,22.10,Simplified Benefits Administration,Narrow,14.37,26.00,,,,,0,percent of total billed charges,14.07,38.12,No services performed during 15-month lookback period.,,facility
HB FOLATE RBC,82747,CPT,0301,RC,774528,CDM,,,,inpatient,,,55.25,22.10,Multiplan/PHCS,Commercial,33.70,61.00,,,,,0,percent of total billed charges,14.07,38.12,No services performed during 15-month lookback period.,,facility
HB FOLATE RBC,82747,CPT,0301,RC,774528,CDM,,,,inpatient,,,55.25,22.10,Anthem Pathway,Commercial,,,Reimbursement bundled into per diem or MS-DRG where appropriate,,,,0,other,14.07,38.12,No services performed during 15-month lookback period.,,facility
HB FOLATE RBC,82747,CPT,0301,RC,774528,CDM,,,,inpatient,,,55.25,22.10,Anthem,Medicare Advantage,,,Reimbursement bundled into MS-DRG rate where appropriate,,,,0,other,14.07,38.12,No services performed during 15-month lookback period.,,facility
HB CHROMOSOME ANALYSIS,88237,CPT,0311,RC,576108,CDM,,,,inpatient,,,1134.00,453.60,Anthem,Medicare Advantage,,,Reimbursement bundled into MS-DRG rate where appropriate,,,,0,other,288.72,782.46,No services performed during 15-month lookback period.,,facility
HB CHROMOSOME ANALYSIS,88237,CPT,0311,RC,576108,CDM,,,,inpatient,,,1134.00,453.60,Anthem Pathway,Commercial,,,Reimbursement bundled into per diem or MS-DRG where appropriate,,,,0,other,288.72,782.46,No services performed during 15-month lookback period.,,facility
HB CHROMOSOME ANALYSIS,88237,CPT,0311,RC,576108,CDM,,,,inpatient,,,1134.00,453.60,Simplified Benefits Administration,Narrow,294.84,26.00,,,,,0,percent of total billed charges,288.72,782.46,No services performed during 15-month lookback period.,,facility
HB CHROMOSOME ANALYSIS,88237,CPT,0311,RC,576108,CDM,,,,inpatient,,,1134.00,453.60,First Health,Commercial,782.46,69.00,,,,,0,percent of total billed charges,288.72,782.46,No services performed during 15-month lookback period.,,facility
HB CHROMOSOME ANALYSIS,88237,CPT,0311,RC,576108,CDM,,,,inpatient,,,1134.00,453.60,Multiplan/PHCS,Commercial,691.74,61.00,,,,,0,percent of total billed charges,288.72,782.46,No services performed during 15-month lookback period.,,facility
HB ANTI-(NATIVE) DNA,86225,CPT,0302,RC,770351,CDM,,,,inpatient,,,106.00,42.40,Multiplan/PHCS,Commercial,64.66,61.00,,,,,0,percent of total billed charges,26.99,73.14,No services performed during 15-month lookback period.,,facility
HB ANTI-(NATIVE) DNA,86225,CPT,0302,RC,770351,CDM,,,,inpatient,,,106.00,42.40,Simplified Benefits Administration,Narrow,27.56,26.00,,,,,0,percent of total billed charges,26.99,73.14,No services performed during 15-month lookback period.,,facility
HB ANTI-(NATIVE) DNA,86225,CPT,0302,RC,770351,CDM,,,,inpatient,,,106.00,42.40,Anthem Pathway,Commercial,,,Reimbursement bundled into per diem or MS-DRG where appropriate,,,,0,other,26.99,73.14,No services performed during 15-month lookback period.,,facility
HB ANTI-(NATIVE) DNA,86225,CPT,0302,RC,770351,CDM,,,,inpatient,,,106.00,42.40,First Health,Commercial,73.14,69.00,,,,,0,percent of total billed charges,26.99,73.14,No services performed during 15-month lookback period.,,facility
HB ANTI-(NATIVE) DNA,86225,CPT,0302,RC,770351,CDM,,,,inpatient,,,106.00,42.40,Anthem,Medicare Advantage,,,Reimbursement bundled into MS-DRG rate where appropriate,,,,0,other,26.99,73.14,No services performed during 15-month lookback period.,,facility
KETOROLAC 60 MG/2 ML INTRAMUSCULAR SOLUTION,J1885,HCPCS,0636,RC,63323-0162-02,NDC,RX-10370,CDM,,inpatient,2,ML,22.10,8.84,Anthem,Medicare Advantage,,,Reimbursement bundled into MS-DRG rate where appropriate,,,,0,other,5.63,15.25,No services performed during 15-month lookback period.,,facility
KETOROLAC 60 MG/2 ML INTRAMUSCULAR SOLUTION,J1885,HCPCS,0636,RC,63323-0162-02,NDC,RX-10370,CDM,,inpatient,2,ML,22.10,8.84,First Health,Commercial,15.25,69.00,,,,,0,percent of total billed charges,5.63,15.25,No services performed during 15-month lookback period.,,facility
KETOROLAC 60 MG/2 ML INTRAMUSCULAR SOLUTION,J1885,HCPCS,0636,RC,63323-0162-02,NDC,RX-10370,CDM,,inpatient,2,ML,22.10,8.84,Anthem Pathway,Commercial,,,Reimbursement bundled into per diem or MS-DRG where appropriate,,,,0,other,5.63,15.25,No services performed during 15-month lookback period.,,facility
KETOROLAC 60 MG/2 ML INTRAMUSCULAR SOLUTION,J1885,HCPCS,0636,RC,63323-0162-02,NDC,RX-10370,CDM,,inpatient,2,ML,22.10,8.84,Simplified Benefits Administration,Narrow,5.75,26.00,,,,,0,percent of total billed charges,5.63,15.25,No services performed during 15-month lookback period.,,facility
KETOROLAC 60 MG/2 ML INTRAMUSCULAR SOLUTION,J1885,HCPCS,0636,RC,63323-0162-02,NDC,RX-10370,CDM,,inpatient,2,ML,22.10,8.84,Multiplan/PHCS,Commercial,13.48,61.00,,,,,0,percent of total billed charges,5.63,15.25,No services performed during 15-month lookback period.,,facility
HB HUMAN EPIDIDYMUS PROTEIN-4 (HE4),86305,CPT,0302,RC,773579,CDM,,,,inpatient,,,473.00,189.20,Multiplan/PHCS,Commercial,288.53,61.00,,,,,0,percent of total billed charges,120.43,326.37,No services performed during 15-month lookback period.,,facility
HB HUMAN EPIDIDYMUS PROTEIN-4 (HE4),86305,CPT,0302,RC,773579,CDM,,,,inpatient,,,473.00,189.20,Simplified Benefits Administration,Narrow,122.98,26.00,,,,,0,percent of total billed charges,120.43,326.37,No services performed during 15-month lookback period.,,facility
HB HUMAN EPIDIDYMUS PROTEIN-4 (HE4),86305,CPT,0302,RC,773579,CDM,,,,inpatient,,,473.00,189.20,Anthem Pathway,Commercial,,,Reimbursement bundled into per diem or MS-DRG where appropriate,,,,0,other,120.43,326.37,No services performed during 15-month lookback period.,,facility
HB HUMAN EPIDIDYMUS PROTEIN-4 (HE4),86305,CPT,0302,RC,773579,CDM,,,,inpatient,,,473.00,189.20,First Health,Commercial,326.37,69.00,,,,,0,percent of total billed charges,120.43,326.37,No services performed during 15-month lookback period.,,facility
HB HUMAN EPIDIDYMUS PROTEIN-4 (HE4),86305,CPT,0302,RC,773579,CDM,,,,inpatient,,,473.00,189.20,Anthem,Medicare Advantage,,,Reimbursement bundled into MS-DRG rate where appropriate,,,,0,other,120.43,326.37,No services performed during 15-month lookback period.,,facility
HB RADIANT-LUNG VENTILAT&PERFUS IMAGING,78582,CPT,0341,RC,002206,CDM,,,,inpatient,,,4063.70,1625.48,Anthem,Medicare Advantage,,,Reimbursement bundled into MS-DRG rate where appropriate,,,,0,other,1034.62,2803.95,No services performed during 15-month lookback period.,,facility
HB RADIANT-LUNG VENTILAT&PERFUS IMAGING,78582,CPT,0341,RC,002206,CDM,,,,inpatient,,,4063.70,1625.48,First Health,Commercial,2803.95,69.00,,,,,0,percent of total billed charges,1034.62,2803.95,No services performed during 15-month lookback period.,,facility
HB RADIANT-LUNG VENTILAT&PERFUS IMAGING,78582,CPT,0341,RC,002206,CDM,,,,inpatient,,,4063.70,1625.48,Anthem Pathway,Commercial,,,Reimbursement bundled into per diem or MS-DRG where appropriate,,,,0,other,1034.62,2803.95,No services performed during 15-month lookback period.,,facility
HB RADIANT-LUNG VENTILAT&PERFUS IMAGING,78582,CPT,0341,RC,002206,CDM,,,,inpatient,,,4063.70,1625.48,Simplified Benefits Administration,Narrow,1056.56,26.00,,,,,0,percent of total billed charges,1034.62,2803.95,No services performed during 15-month lookback period.,,facility
HB RADIANT-LUNG VENTILAT&PERFUS IMAGING,78582,CPT,0341,RC,002206,CDM,,,,inpatient,,,4063.70,1625.48,Multiplan/PHCS,Commercial,2478.86,61.00,,,,,0,percent of total billed charges,1034.62,2803.95,No services performed during 15-month lookback period.,,facility
HB RADIANT-SWALLOW FUNCTION W CINE/VIDEO XRAY,74230,CPT,0320,RC,002358,CDM,,,,inpatient,,,1017.00,406.80,Multiplan/PHCS,Commercial,620.37,61.00,,,,,0,percent of total billed charges,258.93,701.73,No services performed during 15-month lookback period.,,facility
HB RADIANT-SWALLOW FUNCTION W CINE/VIDEO XRAY,74230,CPT,0320,RC,002358,CDM,,,,inpatient,,,1017.00,406.80,Simplified Benefits Administration,Narrow,264.42,26.00,,,,,0,percent of total billed charges,258.93,701.73,No services performed during 15-month lookback period.,,facility
HB RADIANT-SWALLOW FUNCTION W CINE/VIDEO XRAY,74230,CPT,0320,RC,002358,CDM,,,,inpatient,,,1017.00,406.80,Anthem Pathway,Commercial,,,Reimbursement bundled into per diem or MS-DRG where appropriate,,,,0,other,258.93,701.73,No services performed during 15-month lookback period.,,facility
HB RADIANT-SWALLOW FUNCTION W CINE/VIDEO XRAY,74230,CPT,0320,RC,002358,CDM,,,,inpatient,,,1017.00,406.80,First Health,Commercial,701.73,69.00,,,,,0,percent of total billed charges,258.93,701.73,No services performed during 15-month lookback period.,,facility
HB RADIANT-SWALLOW FUNCTION W CINE/VIDEO XRAY,74230,CPT,0320,RC,002358,CDM,,,,inpatient,,,1017.00,406.80,Anthem,Medicare Advantage,,,Reimbursement bundled into MS-DRG rate where appropriate,,,,0,other,258.93,701.73,No services performed during 15-month lookback period.,,facility
ERYTHROMYCIN ETHYLSUCCINATE 200 MG/5 ML ORAL POWDER FOR SUSPENSION,0250,RC,69238-1503-01,NDC,RX-2899,CDM,,,,inpatient,100,ML,390.65,156.26,Anthem,Medicare Advantage,,,Reimbursement bundled into MS-DRG rate where appropriate,,,,0,other,99.46,269.55,No services performed during 15-month lookback period.,,facility
ERYTHROMYCIN ETHYLSUCCINATE 200 MG/5 ML ORAL POWDER FOR SUSPENSION,0250,RC,69238-1503-01,NDC,RX-2899,CDM,,,,inpatient,100,ML,390.65,156.26,Anthem Pathway,Commercial,,,Reimbursement bundled into per diem or MS-DRG where appropriate,,,,0,other,99.46,269.55,No services performed during 15-month lookback period.,,facility
ERYTHROMYCIN ETHYLSUCCINATE 200 MG/5 ML ORAL POWDER FOR SUSPENSION,0250,RC,69238-1503-01,NDC,RX-2899,CDM,,,,inpatient,100,ML,390.65,156.26,Simplified Benefits Administration,Narrow,101.57,26.00,,,,,0,percent of total billed charges,99.46,269.55,No services performed during 15-month lookback period.,,facility
ERYTHROMYCIN ETHYLSUCCINATE 200 MG/5 ML ORAL POWDER FOR SUSPENSION,0250,RC,69238-1503-01,NDC,RX-2899,CDM,,,,inpatient,100,ML,390.65,156.26,Multiplan/PHCS,Commercial,238.30,61.00,,,,,0,percent of total billed charges,99.46,269.55,No services performed during 15-month lookback period.,,facility
ERYTHROMYCIN ETHYLSUCCINATE 200 MG/5 ML ORAL POWDER FOR SUSPENSION,0250,RC,69238-1503-01,NDC,RX-2899,CDM,,,,inpatient,100,ML,390.65,156.26,First Health,Commercial,269.55,69.00,,,,,0,percent of total billed charges,99.46,269.55,No services performed during 15-month lookback period.,,facility
AZITHROMYCIN 500 MG IN NS 250 ML VIAL ADAPTER IVPB,J0456,HCPCS,0636,RC,70860-0100-10,NDC,RX-808009,CDM,,inpatient,1,UN,57.12,22.85,Multiplan/PHCS,Commercial,34.84,61.00,,,,,0,percent of total billed charges,14.54,39.41,No services performed during 15-month lookback period.,,facility
AZITHROMYCIN 500 MG IN NS 250 ML VIAL ADAPTER IVPB,J0456,HCPCS,0636,RC,70860-0100-10,NDC,RX-808009,CDM,,inpatient,1,UN,57.12,22.85,Simplified Benefits Administration,Narrow,14.85,26.00,,,,,0,percent of total billed charges,14.54,39.41,No services performed during 15-month lookback period.,,facility
AZITHROMYCIN 500 MG IN NS 250 ML VIAL ADAPTER IVPB,J0456,HCPCS,0636,RC,70860-0100-10,NDC,RX-808009,CDM,,inpatient,1,UN,57.12,22.85,Anthem Pathway,Commercial,,,Reimbursement bundled into per diem or MS-DRG where appropriate,,,,0,other,14.54,39.41,No services performed during 15-month lookback period.,,facility
AZITHROMYCIN 500 MG IN NS 250 ML VIAL ADAPTER IVPB,J0456,HCPCS,0636,RC,70860-0100-10,NDC,RX-808009,CDM,,inpatient,1,UN,57.12,22.85,First Health,Commercial,39.41,69.00,,,,,0,percent of total billed charges,14.54,39.41,No services performed during 15-month lookback period.,,facility
AZITHROMYCIN 500 MG IN NS 250 ML VIAL ADAPTER IVPB,J0456,HCPCS,0636,RC,70860-0100-10,NDC,RX-808009,CDM,,inpatient,1,UN,57.12,22.85,Anthem,Medicare Advantage,,,Reimbursement bundled into MS-DRG rate where appropriate,,,,0,other,14.54,39.41,No services performed during 15-month lookback period.,,facility
CEFIXIME 100 MG/5 ML ORAL SUSPENSION (BOTTLE DISPENSE),0250,RC,68180-0405-01,NDC,RX-708322,CDM,,,,inpatient,50,ML,89.70,35.88,Anthem,Medicare Advantage,,,Reimbursement bundled into MS-DRG rate where appropriate,,,,0,other,22.84,61.89,No services performed during 15-month lookback period.,,facility
CEFIXIME 100 MG/5 ML ORAL SUSPENSION (BOTTLE DISPENSE),0250,RC,68180-0405-01,NDC,RX-708322,CDM,,,,inpatient,50,ML,89.70,35.88,Anthem Pathway,Commercial,,,Reimbursement bundled into per diem or MS-DRG where appropriate,,,,0,other,22.84,61.89,No services performed during 15-month lookback period.,,facility
CEFIXIME 100 MG/5 ML ORAL SUSPENSION (BOTTLE DISPENSE),0250,RC,68180-0405-01,NDC,RX-708322,CDM,,,,inpatient,50,ML,89.70,35.88,Multiplan/PHCS,Commercial,54.72,61.00,,,,,0,percent of total billed charges,22.84,61.89,No services performed during 15-month lookback period.,,facility
CEFIXIME 100 MG/5 ML ORAL SUSPENSION (BOTTLE DISPENSE),0250,RC,68180-0405-01,NDC,RX-708322,CDM,,,,inpatient,50,ML,89.70,35.88,Simplified Benefits Administration,Narrow,23.32,26.00,,,,,0,percent of total billed charges,22.84,61.89,No services performed during 15-month lookback period.,,facility
CEFIXIME 100 MG/5 ML ORAL SUSPENSION (BOTTLE DISPENSE),0250,RC,68180-0405-01,NDC,RX-708322,CDM,,,,inpatient,50,ML,89.70,35.88,First Health,Commercial,61.89,69.00,,,,,0,percent of total billed charges,22.84,61.89,No services performed during 15-month lookback period.,,facility
FILGRASTIM 480 MCG/0.8 ML INJECTION SYRINGE,J1442,HCPCS,0636,RC,55513-0209-01,NDC,RX-125015,CDM,,inpatient,0.8,ML,2132.55,853.02,First Health,Commercial,1471.46,69.00,,,,,0,percent of total billed charges,542.95,1471.46,No services performed during 15-month lookback period.,,facility
FILGRASTIM 480 MCG/0.8 ML INJECTION SYRINGE,J1442,HCPCS,0636,RC,55513-0209-01,NDC,RX-125015,CDM,,inpatient,0.8,ML,2132.55,853.02,Simplified Benefits Administration,Narrow,554.46,26.00,,,,,0,percent of total billed charges,542.95,1471.46,No services performed during 15-month lookback period.,,facility
FILGRASTIM 480 MCG/0.8 ML INJECTION SYRINGE,J1442,HCPCS,0636,RC,55513-0209-01,NDC,RX-125015,CDM,,inpatient,0.8,ML,2132.55,853.02,Multiplan/PHCS,Commercial,1300.86,61.00,,,,,0,percent of total billed charges,542.95,1471.46,No services performed during 15-month lookback period.,,facility
FILGRASTIM 480 MCG/0.8 ML INJECTION SYRINGE,J1442,HCPCS,0636,RC,55513-0209-01,NDC,RX-125015,CDM,,inpatient,0.8,ML,2132.55,853.02,Anthem Pathway,Commercial,,,Reimbursement bundled into per diem or MS-DRG where appropriate,,,,0,other,542.95,1471.46,No services performed during 15-month lookback period.,,facility
FILGRASTIM 480 MCG/0.8 ML INJECTION SYRINGE,J1442,HCPCS,0636,RC,55513-0209-01,NDC,RX-125015,CDM,,inpatient,0.8,ML,2132.55,853.02,Anthem,Medicare Advantage,,,Reimbursement bundled into MS-DRG rate where appropriate,,,,0,other,542.95,1471.46,No services performed during 15-month lookback period.,,facility
"POLYMYXIN B SULFATE 10,000 UNIT-TRIMETHOPRIM 1 MG/ML EYE DROPS",0250,RC,61314-0628-10,NDC,RX-121645,CDM,,,,inpatient,10,ML,19.96,7.99,Anthem,Medicare Advantage,,,Reimbursement bundled into MS-DRG rate where appropriate,,,,0,other,5.08,13.77,No services performed during 15-month lookback period.,,facility
"POLYMYXIN B SULFATE 10,000 UNIT-TRIMETHOPRIM 1 MG/ML EYE DROPS",0250,RC,61314-0628-10,NDC,RX-121645,CDM,,,,inpatient,10,ML,19.96,7.99,Anthem Pathway,Commercial,,,Reimbursement bundled into per diem or MS-DRG where appropriate,,,,0,other,5.08,13.77,No services performed during 15-month lookback period.,,facility
"POLYMYXIN B SULFATE 10,000 UNIT-TRIMETHOPRIM 1 MG/ML EYE DROPS",0250,RC,61314-0628-10,NDC,RX-121645,CDM,,,,inpatient,10,ML,19.96,7.99,Multiplan/PHCS,Commercial,12.18,61.00,,,,,0,percent of total billed charges,5.08,13.77,No services performed during 15-month lookback period.,,facility
"POLYMYXIN B SULFATE 10,000 UNIT-TRIMETHOPRIM 1 MG/ML EYE DROPS",0250,RC,61314-0628-10,NDC,RX-121645,CDM,,,,inpatient,10,ML,19.96,7.99,Simplified Benefits Administration,Narrow,5.19,26.00,,,,,0,percent of total billed charges,5.08,13.77,No services performed during 15-month lookback period.,,facility
"POLYMYXIN B SULFATE 10,000 UNIT-TRIMETHOPRIM 1 MG/ML EYE DROPS",0250,RC,61314-0628-10,NDC,RX-121645,CDM,,,,inpatient,10,ML,19.96,7.99,First Health,Commercial,13.77,69.00,,,,,0,percent of total billed charges,5.08,13.77,No services performed during 15-month lookback period.,,facility
"CALCIUM GLUCONATE 2 GRAM/100 ML IN SODIUM CHLORIDE,ISO-OSM IV SOLUTION",J0613,HCPCS,0636,RC,44567-0621-01,NDC,RX-200229,CDM,,inpatient,100,ML,64.06,25.63,Multiplan/PHCS,Commercial,39.08,61.00,,,,,0,percent of total billed charges,16.31,44.20,No services performed during 15-month lookback period.,,facility
"CALCIUM GLUCONATE 2 GRAM/100 ML IN SODIUM CHLORIDE,ISO-OSM IV SOLUTION",J0613,HCPCS,0636,RC,44567-0621-01,NDC,RX-200229,CDM,,inpatient,100,ML,64.06,25.63,Simplified Benefits Administration,Narrow,16.66,26.00,,,,,0,percent of total billed charges,16.31,44.20,No services performed during 15-month lookback period.,,facility
"CALCIUM GLUCONATE 2 GRAM/100 ML IN SODIUM CHLORIDE,ISO-OSM IV SOLUTION",J0613,HCPCS,0636,RC,44567-0621-01,NDC,RX-200229,CDM,,inpatient,100,ML,64.06,25.63,First Health,Commercial,44.20,69.00,,,,,0,percent of total billed charges,16.31,44.20,No services performed during 15-month lookback period.,,facility
"CALCIUM GLUCONATE 2 GRAM/100 ML IN SODIUM CHLORIDE,ISO-OSM IV SOLUTION",J0613,HCPCS,0636,RC,44567-0621-01,NDC,RX-200229,CDM,,inpatient,100,ML,64.06,25.63,Anthem Pathway,Commercial,,,Reimbursement bundled into per diem or MS-DRG where appropriate,,,,0,other,16.31,44.20,No services performed during 15-month lookback period.,,facility
"CALCIUM GLUCONATE 2 GRAM/100 ML IN SODIUM CHLORIDE,ISO-OSM IV SOLUTION",J0613,HCPCS,0636,RC,44567-0621-01,NDC,RX-200229,CDM,,inpatient,100,ML,64.06,25.63,Anthem,Medicare Advantage,,,Reimbursement bundled into MS-DRG rate where appropriate,,,,0,other,16.31,44.20,No services performed during 15-month lookback period.,,facility
"SODIUM CHLORIDE 1,000 MG SOLUBLE TABLET",0250,RC,69367-0220-01,NDC,RX-94158,CDM,,,,inpatient,1,UN,7.63,3.06,Anthem,Medicare Advantage,,,Reimbursement bundled into MS-DRG rate where appropriate,,,,0,other,1.94,5.26,No services performed during 15-month lookback period.,,facility
"SODIUM CHLORIDE 1,000 MG SOLUBLE TABLET",0250,RC,69367-0220-01,NDC,RX-94158,CDM,,,,inpatient,1,UN,7.63,3.06,Anthem Pathway,Commercial,,,Reimbursement bundled into per diem or MS-DRG where appropriate,,,,0,other,1.94,5.26,No services performed during 15-month lookback period.,,facility
"SODIUM CHLORIDE 1,000 MG SOLUBLE TABLET",0250,RC,69367-0220-01,NDC,RX-94158,CDM,,,,inpatient,1,UN,7.63,3.06,Simplified Benefits Administration,Narrow,1.98,26.00,,,,,0,percent of total billed charges,1.94,5.26,No services performed during 15-month lookback period.,,facility
"SODIUM CHLORIDE 1,000 MG SOLUBLE TABLET",0250,RC,69367-0220-01,NDC,RX-94158,CDM,,,,inpatient,1,UN,7.63,3.06,Multiplan/PHCS,Commercial,4.65,61.00,,,,,0,percent of total billed charges,1.94,5.26,No services performed during 15-month lookback period.,,facility
"SODIUM CHLORIDE 1,000 MG SOLUBLE TABLET",0250,RC,69367-0220-01,NDC,RX-94158,CDM,,,,inpatient,1,UN,7.63,3.06,First Health,Commercial,5.26,69.00,,,,,0,percent of total billed charges,1.94,5.26,No services performed during 15-month lookback period.,,facility
RAMELTEON 8 MG TABLET,0250,RC,70710-1344-03,NDC,RX-42064,CDM,,,,inpatient,1,UN,11.19,4.48,Multiplan/PHCS,Commercial,6.83,61.00,,,,,0,percent of total billed charges,2.85,7.72,No services performed during 15-month lookback period.,,facility
RAMELTEON 8 MG TABLET,0250,RC,70710-1344-03,NDC,RX-42064,CDM,,,,inpatient,1,UN,11.19,4.48,Simplified Benefits Administration,Narrow,2.91,26.00,,,,,0,percent of total billed charges,2.85,7.72,No services performed during 15-month lookback period.,,facility
RAMELTEON 8 MG TABLET,0250,RC,70710-1344-03,NDC,RX-42064,CDM,,,,inpatient,1,UN,11.19,4.48,Anthem Pathway,Commercial,,,Reimbursement bundled into per diem or MS-DRG where appropriate,,,,0,other,2.85,7.72,No services performed during 15-month lookback period.,,facility
RAMELTEON 8 MG TABLET,0250,RC,70710-1344-03,NDC,RX-42064,CDM,,,,inpatient,1,UN,11.19,4.48,First Health,Commercial,7.72,69.00,,,,,0,percent of total billed charges,2.85,7.72,No services performed during 15-month lookback period.,,facility
RAMELTEON 8 MG TABLET,0250,RC,70710-1344-03,NDC,RX-42064,CDM,,,,inpatient,1,UN,11.19,4.48,Anthem,Medicare Advantage,,,Reimbursement bundled into MS-DRG rate where appropriate,,,,0,other,2.85,7.72,No services performed during 15-month lookback period.,,facility
PERCUTANEOUS CORONARY ATHERECTOMY WITH INTRALUMINAL DEVICE WITHOUT MCC,360,MS-DRG,,,,,,,,inpatient,,,,,Anthem,Medicare Advantage,21749.03,,,,,,,case rate,17140.00,53718.18,,,facility
PERCUTANEOUS CORONARY ATHERECTOMY WITH INTRALUMINAL DEVICE WITHOUT MCC,360,MS-DRG,,,,,,,,inpatient,,,,,Anthem Pathway,Commercial,47421.68,,,,,,,case rate,17140.00,53718.18,"If the length of stay is greater than (160% multiplied by the geometric length of stay), which is the trim point, then allow ($19,642 base rate multiplied by the DRG relative weight plus ((the length of stay minus the trim point) multiplied by $6,543 per diem rate)","If the length of stay is greater than (160% multiplied by the geometric length of stay), which is the trim point, then allow ($19,642 base rate multiplied by the DRG relative weight plus ((the length of stay minus the trim point) multiplied by $6,543 per diem rate)",facility
HB XPER-BOSTON SCIENTIFIC ICD DUAL,C1721,HCPCS,0275,RC,810093,CDM,,,,inpatient,,,12500.00,5000.00,Anthem,Medicare Advantage,,,Reimbursement bundled into MS-DRG rate where appropriate,,,,0,other,3182.50,8625.00,No services performed during 15-month lookback period.,,facility
HB XPER-BOSTON SCIENTIFIC ICD DUAL,C1721,HCPCS,0275,RC,810093,CDM,,,,inpatient,,,12500.00,5000.00,Anthem Pathway,Commercial,,,Reimbursement bundled into per diem or MS-DRG where appropriate,,,,0,other,3182.50,8625.00,No services performed during 15-month lookback period.,,facility
HB XPER-BOSTON SCIENTIFIC ICD DUAL,C1721,HCPCS,0275,RC,810093,CDM,,,,inpatient,,,12500.00,5000.00,Multiplan/PHCS,Commercial,7625.00,61.00,,,,,0,percent of total billed charges,3182.50,8625.00,No services performed during 15-month lookback period.,,facility
HB XPER-BOSTON SCIENTIFIC ICD DUAL,C1721,HCPCS,0275,RC,810093,CDM,,,,inpatient,,,12500.00,5000.00,First Health,Commercial,8625.00,69.00,,,,,0,percent of total billed charges,3182.50,8625.00,No services performed during 15-month lookback period.,,facility
HB XPER-BOSTON SCIENTIFIC ICD DUAL,C1721,HCPCS,0275,RC,810093,CDM,,,,inpatient,,,12500.00,5000.00,Simplified Benefits Administration,Narrow,3250.00,26.00,,,,,0,percent of total billed charges,3182.50,8625.00,No services performed during 15-month lookback period.,,facility
HB BCR/ABL1 T(9;22) QUANT MAJOR BP-QUANT,81206,CPT,0310,RC,770584,CDM,,,,inpatient,,,143.00,57.20,Multiplan/PHCS,Commercial,87.23,61.00,,,,,0,percent of total billed charges,36.41,98.67,No services performed during 15-month lookback period.,,facility
HB BCR/ABL1 T(9;22) QUANT MAJOR BP-QUANT,81206,CPT,0310,RC,770584,CDM,,,,inpatient,,,143.00,57.20,Simplified Benefits Administration,Narrow,37.18,26.00,,,,,0,percent of total billed charges,36.41,98.67,No services performed during 15-month lookback period.,,facility
HB BCR/ABL1 T(9;22) QUANT MAJOR BP-QUANT,81206,CPT,0310,RC,770584,CDM,,,,inpatient,,,143.00,57.20,First Health,Commercial,98.67,69.00,,,,,0,percent of total billed charges,36.41,98.67,No services performed during 15-month lookback period.,,facility
HB BCR/ABL1 T(9;22) QUANT MAJOR BP-QUANT,81206,CPT,0310,RC,770584,CDM,,,,inpatient,,,143.00,57.20,Anthem Pathway,Commercial,,,Reimbursement bundled into per diem or MS-DRG where appropriate,,,,0,other,36.41,98.67,No services performed during 15-month lookback period.,,facility
HB BCR/ABL1 T(9;22) QUANT MAJOR BP-QUANT,81206,CPT,0310,RC,770584,CDM,,,,inpatient,,,143.00,57.20,Anthem,Medicare Advantage,,,Reimbursement bundled into MS-DRG rate where appropriate,,,,0,other,36.41,98.67,No services performed during 15-month lookback period.,,facility
"RANOLAZINE ER 500 MG TABLET,EXTENDED RELEASE,12 HR",0250,RC,70756-0703-60,NDC,RX-70434,CDM,,,,inpatient,1,UN,8.06,3.23,Anthem,Medicare Advantage,,,Reimbursement bundled into MS-DRG rate where appropriate,,,,0,other,2.05,5.56,No services performed during 15-month lookback period.,,facility
"RANOLAZINE ER 500 MG TABLET,EXTENDED RELEASE,12 HR",0250,RC,70756-0703-60,NDC,RX-70434,CDM,,,,inpatient,1,UN,8.06,3.23,Anthem Pathway,Commercial,,,Reimbursement bundled into per diem or MS-DRG where appropriate,,,,0,other,2.05,5.56,No services performed during 15-month lookback period.,,facility
"RANOLAZINE ER 500 MG TABLET,EXTENDED RELEASE,12 HR",0250,RC,70756-0703-60,NDC,RX-70434,CDM,,,,inpatient,1,UN,8.06,3.23,Multiplan/PHCS,Commercial,4.92,61.00,,,,,0,percent of total billed charges,2.05,5.56,No services performed during 15-month lookback period.,,facility
"RANOLAZINE ER 500 MG TABLET,EXTENDED RELEASE,12 HR",0250,RC,70756-0703-60,NDC,RX-70434,CDM,,,,inpatient,1,UN,8.06,3.23,Simplified Benefits Administration,Narrow,2.10,26.00,,,,,0,percent of total billed charges,2.05,5.56,No services performed during 15-month lookback period.,,facility
"RANOLAZINE ER 500 MG TABLET,EXTENDED RELEASE,12 HR",0250,RC,70756-0703-60,NDC,RX-70434,CDM,,,,inpatient,1,UN,8.06,3.23,First Health,Commercial,5.56,69.00,,,,,0,percent of total billed charges,2.05,5.56,No services performed during 15-month lookback period.,,facility
HB RADIANT-DIGITAL BREAST TOMOSYNTHESIS-UNILATERAL,G0279,HCPCS,0401,RC,578046,CDM,,,,inpatient,,,294.70,117.88,First Health,Commercial,203.34,69.00,,,,,0,percent of total billed charges,75.03,203.34,No services performed during 15-month lookback period.,,facility
HB RADIANT-DIGITAL BREAST TOMOSYNTHESIS-UNILATERAL,G0279,HCPCS,0401,RC,578046,CDM,,,,inpatient,,,294.70,117.88,Multiplan/PHCS,Commercial,179.77,61.00,,,,,0,percent of total billed charges,75.03,203.34,No services performed during 15-month lookback period.,,facility
HB RADIANT-DIGITAL BREAST TOMOSYNTHESIS-UNILATERAL,G0279,HCPCS,0401,RC,578046,CDM,,,,inpatient,,,294.70,117.88,Anthem Pathway,Commercial,,,Reimbursement bundled into per diem or MS-DRG where appropriate,,,,0,other,75.03,203.34,No services performed during 15-month lookback period.,,facility
HB RADIANT-DIGITAL BREAST TOMOSYNTHESIS-UNILATERAL,G0279,HCPCS,0401,RC,578046,CDM,,,,inpatient,,,294.70,117.88,Anthem,Medicare Advantage,,,Reimbursement bundled into MS-DRG rate where appropriate,,,,0,other,75.03,203.34,No services performed during 15-month lookback period.,,facility
HB RADIANT-DIGITAL BREAST TOMOSYNTHESIS-UNILATERAL,G0279,HCPCS,0401,RC,578046,CDM,,,,inpatient,,,294.70,117.88,Simplified Benefits Administration,Narrow,76.62,26.00,,,,,0,percent of total billed charges,75.03,203.34,No services performed during 15-month lookback period.,,facility
HB REMOVE FB EXTERNAL AUDITORY CANAL,69200,CPT,0761,RC,021844,CDM,,,,inpatient,,,393.00,157.20,Anthem,Medicare Advantage,,,Reimbursement bundled into MS-DRG rate where appropriate,,,,0,other,100.06,271.17,No services performed during 15-month lookback period.,,facility
HB REMOVE FB EXTERNAL AUDITORY CANAL,69200,CPT,0761,RC,021844,CDM,,,,inpatient,,,393.00,157.20,Anthem Pathway,Commercial,,,Reimbursement bundled into per diem or MS-DRG where appropriate,,,,0,other,100.06,271.17,No services performed during 15-month lookback period.,,facility
HB REMOVE FB EXTERNAL AUDITORY CANAL,69200,CPT,0761,RC,021844,CDM,,,,inpatient,,,393.00,157.20,Simplified Benefits Administration,Narrow,102.18,26.00,,,,,0,percent of total billed charges,100.06,271.17,No services performed during 15-month lookback period.,,facility
HB REMOVE FB EXTERNAL AUDITORY CANAL,69200,CPT,0761,RC,021844,CDM,,,,inpatient,,,393.00,157.20,First Health,Commercial,271.17,69.00,,,,,0,percent of total billed charges,100.06,271.17,No services performed during 15-month lookback period.,,facility
HB REMOVE FB EXTERNAL AUDITORY CANAL,69200,CPT,0761,RC,021844,CDM,,,,inpatient,,,393.00,157.20,Multiplan/PHCS,Commercial,239.73,61.00,,,,,0,percent of total billed charges,100.06,271.17,No services performed during 15-month lookback period.,,facility
VANCOMYCIN 750 MG/150 ML IN DILUENT COMBINATION IV PIGGYBACK,J3375,HCPCS,0636,RC,70594-0056-01,NDC,RX-204043,CDM,,inpatient,150,ML,59.83,23.94,Multiplan/PHCS,Commercial,36.50,61.00,,,,,0,percent of total billed charges,15.23,41.28,No services performed during 15-month lookback period.,,facility
VANCOMYCIN 750 MG/150 ML IN DILUENT COMBINATION IV PIGGYBACK,J3375,HCPCS,0636,RC,70594-0056-01,NDC,RX-204043,CDM,,inpatient,150,ML,59.83,23.94,Simplified Benefits Administration,Narrow,15.56,26.00,,,,,0,percent of total billed charges,15.23,41.28,No services performed during 15-month lookback period.,,facility
VANCOMYCIN 750 MG/150 ML IN DILUENT COMBINATION IV PIGGYBACK,J3375,HCPCS,0636,RC,70594-0056-01,NDC,RX-204043,CDM,,inpatient,150,ML,59.83,23.94,First Health,Commercial,41.28,69.00,,,,,0,percent of total billed charges,15.23,41.28,No services performed during 15-month lookback period.,,facility
VANCOMYCIN 750 MG/150 ML IN DILUENT COMBINATION IV PIGGYBACK,J3375,HCPCS,0636,RC,70594-0056-01,NDC,RX-204043,CDM,,inpatient,150,ML,59.83,23.94,Anthem Pathway,Commercial,,,Reimbursement bundled into per diem or MS-DRG where appropriate,,,,0,other,15.23,41.28,No services performed during 15-month lookback period.,,facility
VANCOMYCIN 750 MG/150 ML IN DILUENT COMBINATION IV PIGGYBACK,J3375,HCPCS,0636,RC,70594-0056-01,NDC,RX-204043,CDM,,inpatient,150,ML,59.83,23.94,Anthem,Medicare Advantage,,,Reimbursement bundled into MS-DRG rate where appropriate,,,,0,other,15.23,41.28,No services performed during 15-month lookback period.,,facility
DEXTROSE 5 % AND 0.9 % SODIUM CHLORIDE INTRAVENOUS SOLUTION,J7042,HCPCS,0636,RC,63323-0870-74,NDC,RX-15882,CDM,,inpatient,1000,ML,24.00,9.60,Anthem,Medicare Advantage,,,Reimbursement bundled into MS-DRG rate where appropriate,,,,0,other,6.11,16.56,No services performed during 15-month lookback period.,,facility
DEXTROSE 5 % AND 0.9 % SODIUM CHLORIDE INTRAVENOUS SOLUTION,J7042,HCPCS,0636,RC,63323-0870-74,NDC,RX-15882,CDM,,inpatient,1000,ML,24.00,9.60,Anthem Pathway,Commercial,,,Reimbursement bundled into per diem or MS-DRG where appropriate,,,,0,other,6.11,16.56,No services performed during 15-month lookback period.,,facility
DEXTROSE 5 % AND 0.9 % SODIUM CHLORIDE INTRAVENOUS SOLUTION,J7042,HCPCS,0636,RC,63323-0870-74,NDC,RX-15882,CDM,,inpatient,1000,ML,24.00,9.60,Multiplan/PHCS,Commercial,14.64,61.00,,,,,0,percent of total billed charges,6.11,16.56,No services performed during 15-month lookback period.,,facility
DEXTROSE 5 % AND 0.9 % SODIUM CHLORIDE INTRAVENOUS SOLUTION,J7042,HCPCS,0636,RC,63323-0870-74,NDC,RX-15882,CDM,,inpatient,1000,ML,24.00,9.60,Simplified Benefits Administration,Narrow,6.24,26.00,,,,,0,percent of total billed charges,6.11,16.56,No services performed during 15-month lookback period.,,facility
DEXTROSE 5 % AND 0.9 % SODIUM CHLORIDE INTRAVENOUS SOLUTION,J7042,HCPCS,0636,RC,63323-0870-74,NDC,RX-15882,CDM,,inpatient,1000,ML,24.00,9.60,First Health,Commercial,16.56,69.00,,,,,0,percent of total billed charges,6.11,16.56,No services performed during 15-month lookback period.,,facility
HB MERCURY URINE OR BLOOD,83825,CPT,0301,RC,774584,CDM,,,,inpatient,,,78.10,31.24,First Health,Commercial,53.89,69.00,,,,,0,percent of total billed charges,19.88,53.89,No services performed during 15-month lookback period.,,facility
HB MERCURY URINE OR BLOOD,83825,CPT,0301,RC,774584,CDM,,,,inpatient,,,78.10,31.24,Multiplan/PHCS,Commercial,47.64,61.00,,,,,0,percent of total billed charges,19.88,53.89,No services performed during 15-month lookback period.,,facility
HB MERCURY URINE OR BLOOD,83825,CPT,0301,RC,774584,CDM,,,,inpatient,,,78.10,31.24,Simplified Benefits Administration,Narrow,20.31,26.00,,,,,0,percent of total billed charges,19.88,53.89,No services performed during 15-month lookback period.,,facility
HB MERCURY URINE OR BLOOD,83825,CPT,0301,RC,774584,CDM,,,,inpatient,,,78.10,31.24,Anthem Pathway,Commercial,,,Reimbursement bundled into per diem or MS-DRG where appropriate,,,,0,other,19.88,53.89,No services performed during 15-month lookback period.,,facility
HB MERCURY URINE OR BLOOD,83825,CPT,0301,RC,774584,CDM,,,,inpatient,,,78.10,31.24,Anthem,Medicare Advantage,,,Reimbursement bundled into MS-DRG rate where appropriate,,,,0,other,19.88,53.89,No services performed during 15-month lookback period.,,facility
"LACTASE 9,000 UNIT CHEWABLE TABLET",0250,RC,00450-0930-60,NDC,RX-122337,CDM,,,,inpatient,1,UN,2.00,0.80,Anthem Pathway,Commercial,,,Reimbursement bundled into per diem or MS-DRG where appropriate,,,,0,other,0.51,1.38,No services performed during 15-month lookback period.,,facility
"LACTASE 9,000 UNIT CHEWABLE TABLET",0250,RC,00450-0930-60,NDC,RX-122337,CDM,,,,inpatient,1,UN,2.00,0.80,Anthem,Medicare Advantage,,,Reimbursement bundled into MS-DRG rate where appropriate,,,,0,other,0.51,1.38,No services performed during 15-month lookback period.,,facility
"LACTASE 9,000 UNIT CHEWABLE TABLET",0250,RC,00450-0930-60,NDC,RX-122337,CDM,,,,inpatient,1,UN,2.00,0.80,First Health,Commercial,1.38,69.00,,,,,0,percent of total billed charges,0.51,1.38,No services performed during 15-month lookback period.,,facility
"LACTASE 9,000 UNIT CHEWABLE TABLET",0250,RC,00450-0930-60,NDC,RX-122337,CDM,,,,inpatient,1,UN,2.00,0.80,Simplified Benefits Administration,Narrow,0.52,26.00,,,,,0,percent of total billed charges,0.51,1.38,No services performed during 15-month lookback period.,,facility
"LACTASE 9,000 UNIT CHEWABLE TABLET",0250,RC,00450-0930-60,NDC,RX-122337,CDM,,,,inpatient,1,UN,2.00,0.80,Multiplan/PHCS,Commercial,1.22,61.00,,,,,0,percent of total billed charges,0.51,1.38,No services performed during 15-month lookback period.,,facility
"WATER FOR IRRIGATION, STERILE SOLUTION",0250,RC,00338-0003-44,NDC,RX-7485,CDM,,,,inpatient,1000,ML,28.00,11.20,Multiplan/PHCS,Commercial,17.08,61.00,,,,,0,percent of total billed charges,7.13,19.32,No services performed during 15-month lookback period.,,facility
"WATER FOR IRRIGATION, STERILE SOLUTION",0250,RC,00338-0003-44,NDC,RX-7485,CDM,,,,inpatient,1000,ML,28.00,11.20,Simplified Benefits Administration,Narrow,7.28,26.00,,,,,0,percent of total billed charges,7.13,19.32,No services performed during 15-month lookback period.,,facility
"WATER FOR IRRIGATION, STERILE SOLUTION",0250,RC,00338-0003-44,NDC,RX-7485,CDM,,,,inpatient,1000,ML,28.00,11.20,First Health,Commercial,19.32,69.00,,,,,0,percent of total billed charges,7.13,19.32,No services performed during 15-month lookback period.,,facility
"WATER FOR IRRIGATION, STERILE SOLUTION",0250,RC,00338-0003-44,NDC,RX-7485,CDM,,,,inpatient,1000,ML,28.00,11.20,Anthem,Medicare Advantage,,,Reimbursement bundled into MS-DRG rate where appropriate,,,,0,other,7.13,19.32,No services performed during 15-month lookback period.,,facility
"WATER FOR IRRIGATION, STERILE SOLUTION",0250,RC,00338-0003-44,NDC,RX-7485,CDM,,,,inpatient,1000,ML,28.00,11.20,Anthem Pathway,Commercial,,,Reimbursement bundled into per diem or MS-DRG where appropriate,,,,0,other,7.13,19.32,No services performed during 15-month lookback period.,,facility
HB ANA ISOL DEFINITIVE ID,87076,CPT,0306,RC,773207,CDM,,,,inpatient,,,162.00,64.80,Anthem Pathway,Commercial,,,Reimbursement bundled into per diem or MS-DRG where appropriate,,,,0,other,41.25,111.78,No services performed during 15-month lookback period.,,facility
HB ANA ISOL DEFINITIVE ID,87076,CPT,0306,RC,773207,CDM,,,,inpatient,,,162.00,64.80,Anthem,Medicare Advantage,,,Reimbursement bundled into MS-DRG rate where appropriate,,,,0,other,41.25,111.78,No services performed during 15-month lookback period.,,facility
HB ANA ISOL DEFINITIVE ID,87076,CPT,0306,RC,773207,CDM,,,,inpatient,,,162.00,64.80,First Health,Commercial,111.78,69.00,,,,,0,percent of total billed charges,41.25,111.78,No services performed during 15-month lookback period.,,facility
HB ANA ISOL DEFINITIVE ID,87076,CPT,0306,RC,773207,CDM,,,,inpatient,,,162.00,64.80,Simplified Benefits Administration,Narrow,42.12,26.00,,,,,0,percent of total billed charges,41.25,111.78,No services performed during 15-month lookback period.,,facility
HB ANA ISOL DEFINITIVE ID,87076,CPT,0306,RC,773207,CDM,,,,inpatient,,,162.00,64.80,Multiplan/PHCS,Commercial,98.82,61.00,,,,,0,percent of total billed charges,41.25,111.78,No services performed during 15-month lookback period.,,facility
CARDIAC VALVE AND OTHER MAJOR CARDIOTHORACIC PROCEDURES WITHOUT CARDIAC CATHETERIZATION WITH MCC,219,MS-DRG,,,,,,,,inpatient,,,,,Anthem,Medicare Advantage,67837.66,,,,,,,case rate,17140.00,170842.18,,,facility
CARDIAC VALVE AND OTHER MAJOR CARDIOTHORACIC PROCEDURES WITHOUT CARDIAC CATHETERIZATION WITH MCC,219,MS-DRG,,,,,,,,inpatient,,,,,Anthem Pathway,Commercial,150817.17,,,,,,,case rate,17140.00,170842.18,"If the length of stay is greater than (160% multiplied by the geometric length of stay), which is the trim point, then allow ($19,642 base rate multiplied by the DRG relative weight plus ((the length of stay minus the trim point) multiplied by $6,543 per diem rate)","If the length of stay is greater than (160% multiplied by the geometric length of stay), which is the trim point, then allow ($19,642 base rate multiplied by the DRG relative weight plus ((the length of stay minus the trim point) multiplied by $6,543 per diem rate)",facility
HB RADIANT-RADIOLOGIC EXAMINATION FEMUR MINIMUM 2 VIEWS,73552,CPT,0320,RC,003082,CDM,,,,inpatient,,,513.00,205.20,Anthem,Medicare Advantage,,,Reimbursement bundled into MS-DRG rate where appropriate,,,,0,other,130.61,353.97,No services performed during 15-month lookback period.,,facility
HB RADIANT-RADIOLOGIC EXAMINATION FEMUR MINIMUM 2 VIEWS,73552,CPT,0320,RC,003082,CDM,,,,inpatient,,,513.00,205.20,Anthem Pathway,Commercial,,,Reimbursement bundled into per diem or MS-DRG where appropriate,,,,0,other,130.61,353.97,No services performed during 15-month lookback period.,,facility
HB RADIANT-RADIOLOGIC EXAMINATION FEMUR MINIMUM 2 VIEWS,73552,CPT,0320,RC,003082,CDM,,,,inpatient,,,513.00,205.20,First Health,Commercial,353.97,69.00,,,,,0,percent of total billed charges,130.61,353.97,No services performed during 15-month lookback period.,,facility
HB RADIANT-RADIOLOGIC EXAMINATION FEMUR MINIMUM 2 VIEWS,73552,CPT,0320,RC,003082,CDM,,,,inpatient,,,513.00,205.20,Multiplan/PHCS,Commercial,312.93,61.00,,,,,0,percent of total billed charges,130.61,353.97,No services performed during 15-month lookback period.,,facility
HB RADIANT-RADIOLOGIC EXAMINATION FEMUR MINIMUM 2 VIEWS,73552,CPT,0320,RC,003082,CDM,,,,inpatient,,,513.00,205.20,Simplified Benefits Administration,Narrow,133.38,26.00,,,,,0,percent of total billed charges,130.61,353.97,No services performed during 15-month lookback period.,,facility
NS IV BOLUS (NICU),J7040,HCPCS,0636,RC,00338-0049-03,NDC,RX-409504,CDM,,inpatient,500,ML,24.00,9.60,Multiplan/PHCS,Commercial,14.64,61.00,,,,,0,percent of total billed charges,6.11,16.56,No services performed during 15-month lookback period.,,facility
NS IV BOLUS (NICU),J7040,HCPCS,0636,RC,00338-0049-03,NDC,RX-409504,CDM,,inpatient,500,ML,24.00,9.60,First Health,Commercial,16.56,69.00,,,,,0,percent of total billed charges,6.11,16.56,No services performed during 15-month lookback period.,,facility
NS IV BOLUS (NICU),J7040,HCPCS,0636,RC,00338-0049-03,NDC,RX-409504,CDM,,inpatient,500,ML,24.00,9.60,Anthem Pathway,Commercial,,,Reimbursement bundled into per diem or MS-DRG where appropriate,,,,0,other,6.11,16.56,No services performed during 15-month lookback period.,,facility
NS IV BOLUS (NICU),J7040,HCPCS,0636,RC,00338-0049-03,NDC,RX-409504,CDM,,inpatient,500,ML,24.00,9.60,Anthem,Medicare Advantage,,,Reimbursement bundled into MS-DRG rate where appropriate,,,,0,other,6.11,16.56,No services performed during 15-month lookback period.,,facility
NS IV BOLUS (NICU),J7040,HCPCS,0636,RC,00338-0049-03,NDC,RX-409504,CDM,,inpatient,500,ML,24.00,9.60,Simplified Benefits Administration,Narrow,6.24,26.00,,,,,0,percent of total billed charges,6.11,16.56,No services performed during 15-month lookback period.,,facility
HB XPER-ST JUDE INTRODUCER ULTIMUM,C1894,HCPCS,0272,RC,801120,CDM,,,,inpatient,,,9.40,3.76,Anthem,Medicare Advantage,,,Reimbursement bundled into MS-DRG rate where appropriate,,,,0,other,2.39,6.49,No services performed during 15-month lookback period.,,facility
HB XPER-ST JUDE INTRODUCER ULTIMUM,C1894,HCPCS,0272,RC,801120,CDM,,,,inpatient,,,9.40,3.76,Anthem Pathway,Commercial,,,Reimbursement bundled into per diem or MS-DRG where appropriate,,,,0,other,2.39,6.49,No services performed during 15-month lookback period.,,facility
HB XPER-ST JUDE INTRODUCER ULTIMUM,C1894,HCPCS,0272,RC,801120,CDM,,,,inpatient,,,9.40,3.76,First Health,Commercial,6.49,69.00,,,,,0,percent of total billed charges,2.39,6.49,No services performed during 15-month lookback period.,,facility
HB XPER-ST JUDE INTRODUCER ULTIMUM,C1894,HCPCS,0272,RC,801120,CDM,,,,inpatient,,,9.40,3.76,Multiplan/PHCS,Commercial,5.73,61.00,,,,,0,percent of total billed charges,2.39,6.49,No services performed during 15-month lookback period.,,facility
HB XPER-ST JUDE INTRODUCER ULTIMUM,C1894,HCPCS,0272,RC,801120,CDM,,,,inpatient,,,9.40,3.76,Simplified Benefits Administration,Narrow,2.44,26.00,,,,,0,percent of total billed charges,2.39,6.49,No services performed during 15-month lookback period.,,facility
BENZOCAINE 20 % MUCOSAL GEL,0250,RC,50024-0432-03,NDC,RX-510,CDM,,,,inpatient,9,GR,12.59,5.04,Simplified Benefits Administration,Narrow,3.27,26.00,,,,,0,percent of total billed charges,3.21,8.69,No services performed during 15-month lookback period.,,facility
BENZOCAINE 20 % MUCOSAL GEL,0250,RC,50024-0432-03,NDC,RX-510,CDM,,,,inpatient,9,GR,12.59,5.04,Multiplan/PHCS,Commercial,7.68,61.00,,,,,0,percent of total billed charges,3.21,8.69,No services performed during 15-month lookback period.,,facility
BENZOCAINE 20 % MUCOSAL GEL,0250,RC,50024-0432-03,NDC,RX-510,CDM,,,,inpatient,9,GR,12.59,5.04,First Health,Commercial,8.69,69.00,,,,,0,percent of total billed charges,3.21,8.69,No services performed during 15-month lookback period.,,facility
BENZOCAINE 20 % MUCOSAL GEL,0250,RC,50024-0432-03,NDC,RX-510,CDM,,,,inpatient,9,GR,12.59,5.04,Anthem Pathway,Commercial,,,Reimbursement bundled into per diem or MS-DRG where appropriate,,,,0,other,3.21,8.69,No services performed during 15-month lookback period.,,facility
BENZOCAINE 20 % MUCOSAL GEL,0250,RC,50024-0432-03,NDC,RX-510,CDM,,,,inpatient,9,GR,12.59,5.04,Anthem,Medicare Advantage,,,Reimbursement bundled into MS-DRG rate where appropriate,,,,0,other,3.21,8.69,No services performed during 15-month lookback period.,,facility
HB NJX DX/THER SBST INTRLMNR LMBR/SAC W/IMG GDN,62327,CPT,0761,RC,039787,CDM,,,,inpatient,,,225.73,90.30,Anthem,Medicare Advantage,,,Reimbursement bundled into MS-DRG rate where appropriate,,,,0,other,57.47,155.75,No services performed during 15-month lookback period.,,facility
HB NJX DX/THER SBST INTRLMNR LMBR/SAC W/IMG GDN,62327,CPT,0761,RC,039787,CDM,,,,inpatient,,,225.73,90.30,Anthem Pathway,Commercial,,,Reimbursement bundled into per diem or MS-DRG where appropriate,,,,0,other,57.47,155.75,No services performed during 15-month lookback period.,,facility
HB NJX DX/THER SBST INTRLMNR LMBR/SAC W/IMG GDN,62327,CPT,0761,RC,039787,CDM,,,,inpatient,,,225.73,90.30,First Health,Commercial,155.75,69.00,,,,,0,percent of total billed charges,57.47,155.75,No services performed during 15-month lookback period.,,facility
HB NJX DX/THER SBST INTRLMNR LMBR/SAC W/IMG GDN,62327,CPT,0761,RC,039787,CDM,,,,inpatient,,,225.73,90.30,Multiplan/PHCS,Commercial,137.70,61.00,,,,,0,percent of total billed charges,57.47,155.75,No services performed during 15-month lookback period.,,facility
HB NJX DX/THER SBST INTRLMNR LMBR/SAC W/IMG GDN,62327,CPT,0761,RC,039787,CDM,,,,inpatient,,,225.73,90.30,Simplified Benefits Administration,Narrow,58.69,26.00,,,,,0,percent of total billed charges,57.47,155.75,No services performed during 15-month lookback period.,,facility
CEFAZOLIN 100 GRAM SOLUTION FOR INJECTION,J0690,HCPCS,0636,RC,66288-1100-01,NDC,RX-31086,CDM,,inpatient,1,UN,276.95,110.78,Simplified Benefits Administration,Narrow,72.01,26.00,,,,,0,percent of total billed charges,70.51,191.10,No services performed during 15-month lookback period.,,facility
CEFAZOLIN 100 GRAM SOLUTION FOR INJECTION,J0690,HCPCS,0636,RC,66288-1100-01,NDC,RX-31086,CDM,,inpatient,1,UN,276.95,110.78,Multiplan/PHCS,Commercial,168.94,61.00,,,,,0,percent of total billed charges,70.51,191.10,No services performed during 15-month lookback period.,,facility
CEFAZOLIN 100 GRAM SOLUTION FOR INJECTION,J0690,HCPCS,0636,RC,66288-1100-01,NDC,RX-31086,CDM,,inpatient,1,UN,276.95,110.78,First Health,Commercial,191.10,69.00,,,,,0,percent of total billed charges,70.51,191.10,No services performed during 15-month lookback period.,,facility
CEFAZOLIN 100 GRAM SOLUTION FOR INJECTION,J0690,HCPCS,0636,RC,66288-1100-01,NDC,RX-31086,CDM,,inpatient,1,UN,276.95,110.78,Anthem Pathway,Commercial,,,Reimbursement bundled into per diem or MS-DRG where appropriate,,,,0,other,70.51,191.10,No services performed during 15-month lookback period.,,facility
CEFAZOLIN 100 GRAM SOLUTION FOR INJECTION,J0690,HCPCS,0636,RC,66288-1100-01,NDC,RX-31086,CDM,,inpatient,1,UN,276.95,110.78,Anthem,Medicare Advantage,,,Reimbursement bundled into MS-DRG rate where appropriate,,,,0,other,70.51,191.10,No services performed during 15-month lookback period.,,facility
FOSPHENYTOIN 100 MG PE/2 ML INJECTION SOLUTION,Q2009,HCPCS,0636,RC,00641-6136-01,NDC,RX-88011,CDM,,inpatient,2,ML,44.55,17.82,Anthem,Medicare Advantage,,,Reimbursement bundled into MS-DRG rate where appropriate,,,,0,other,11.34,30.74,No services performed during 15-month lookback period.,,facility
FOSPHENYTOIN 100 MG PE/2 ML INJECTION SOLUTION,Q2009,HCPCS,0636,RC,00641-6136-01,NDC,RX-88011,CDM,,inpatient,2,ML,44.55,17.82,Anthem Pathway,Commercial,,,Reimbursement bundled into per diem or MS-DRG where appropriate,,,,0,other,11.34,30.74,No services performed during 15-month lookback period.,,facility
FOSPHENYTOIN 100 MG PE/2 ML INJECTION SOLUTION,Q2009,HCPCS,0636,RC,00641-6136-01,NDC,RX-88011,CDM,,inpatient,2,ML,44.55,17.82,First Health,Commercial,30.74,69.00,,,,,0,percent of total billed charges,11.34,30.74,No services performed during 15-month lookback period.,,facility
FOSPHENYTOIN 100 MG PE/2 ML INJECTION SOLUTION,Q2009,HCPCS,0636,RC,00641-6136-01,NDC,RX-88011,CDM,,inpatient,2,ML,44.55,17.82,Multiplan/PHCS,Commercial,27.18,61.00,,,,,0,percent of total billed charges,11.34,30.74,No services performed during 15-month lookback period.,,facility
FOSPHENYTOIN 100 MG PE/2 ML INJECTION SOLUTION,Q2009,HCPCS,0636,RC,00641-6136-01,NDC,RX-88011,CDM,,inpatient,2,ML,44.55,17.82,Simplified Benefits Administration,Narrow,11.58,26.00,,,,,0,percent of total billed charges,11.34,30.74,No services performed during 15-month lookback period.,,facility
MICONAZOLE NITRATE 2 % TOPICAL CREAM,0250,RC,00536-1375-75,NDC,RX-5039,CDM,,,,inpatient,30,GR,5.73,2.30,Simplified Benefits Administration,Narrow,1.49,26.00,,,,,0,percent of total billed charges,1.46,3.95,No services performed during 15-month lookback period.,,facility
MICONAZOLE NITRATE 2 % TOPICAL CREAM,0250,RC,00536-1375-75,NDC,RX-5039,CDM,,,,inpatient,30,GR,5.73,2.30,Multiplan/PHCS,Commercial,3.50,61.00,,,,,0,percent of total billed charges,1.46,3.95,No services performed during 15-month lookback period.,,facility
MICONAZOLE NITRATE 2 % TOPICAL CREAM,0250,RC,00536-1375-75,NDC,RX-5039,CDM,,,,inpatient,30,GR,5.73,2.30,First Health,Commercial,3.95,69.00,,,,,0,percent of total billed charges,1.46,3.95,No services performed during 15-month lookback period.,,facility
MICONAZOLE NITRATE 2 % TOPICAL CREAM,0250,RC,00536-1375-75,NDC,RX-5039,CDM,,,,inpatient,30,GR,5.73,2.30,Anthem Pathway,Commercial,,,Reimbursement bundled into per diem or MS-DRG where appropriate,,,,0,other,1.46,3.95,No services performed during 15-month lookback period.,,facility
MICONAZOLE NITRATE 2 % TOPICAL CREAM,0250,RC,00536-1375-75,NDC,RX-5039,CDM,,,,inpatient,30,GR,5.73,2.30,Anthem,Medicare Advantage,,,Reimbursement bundled into MS-DRG rate where appropriate,,,,0,other,1.46,3.95,No services performed during 15-month lookback period.,,facility
CEFACLOR 250 MG CAPSULE,0250,RC,61442-0171-30,NDC,RX-9430,CDM,,,,inpatient,1,UN,10.91,4.37,Anthem,Medicare Advantage,,,Reimbursement bundled into MS-DRG rate where appropriate,,,,0,other,2.78,7.53,No services performed during 15-month lookback period.,,facility
CEFACLOR 250 MG CAPSULE,0250,RC,61442-0171-30,NDC,RX-9430,CDM,,,,inpatient,1,UN,10.91,4.37,Anthem Pathway,Commercial,,,Reimbursement bundled into per diem or MS-DRG where appropriate,,,,0,other,2.78,7.53,No services performed during 15-month lookback period.,,facility
CEFACLOR 250 MG CAPSULE,0250,RC,61442-0171-30,NDC,RX-9430,CDM,,,,inpatient,1,UN,10.91,4.37,First Health,Commercial,7.53,69.00,,,,,0,percent of total billed charges,2.78,7.53,No services performed during 15-month lookback period.,,facility
CEFACLOR 250 MG CAPSULE,0250,RC,61442-0171-30,NDC,RX-9430,CDM,,,,inpatient,1,UN,10.91,4.37,Multiplan/PHCS,Commercial,6.66,61.00,,,,,0,percent of total billed charges,2.78,7.53,No services performed during 15-month lookback period.,,facility
CEFACLOR 250 MG CAPSULE,0250,RC,61442-0171-30,NDC,RX-9430,CDM,,,,inpatient,1,UN,10.91,4.37,Simplified Benefits Administration,Narrow,2.84,26.00,,,,,0,percent of total billed charges,2.78,7.53,No services performed during 15-month lookback period.,,facility
HB XPER-COOK GUIDEWIRE,C1769,HCPCS,0272,RC,810450,CDM,,,,inpatient,,,18.99,7.60,Simplified Benefits Administration,Narrow,4.94,26.00,,,,,0,percent of total billed charges,4.83,13.10,No services performed during 15-month lookback period.,,facility
HB XPER-COOK GUIDEWIRE,C1769,HCPCS,0272,RC,810450,CDM,,,,inpatient,,,18.99,7.60,First Health,Commercial,13.10,69.00,,,,,0,percent of total billed charges,4.83,13.10,No services performed during 15-month lookback period.,,facility
HB XPER-COOK GUIDEWIRE,C1769,HCPCS,0272,RC,810450,CDM,,,,inpatient,,,18.99,7.60,Multiplan/PHCS,Commercial,11.58,61.00,,,,,0,percent of total billed charges,4.83,13.10,No services performed during 15-month lookback period.,,facility
HB XPER-COOK GUIDEWIRE,C1769,HCPCS,0272,RC,810450,CDM,,,,inpatient,,,18.99,7.60,Anthem Pathway,Commercial,,,Reimbursement bundled into per diem or MS-DRG where appropriate,,,,0,other,4.83,13.10,No services performed during 15-month lookback period.,,facility
HB XPER-COOK GUIDEWIRE,C1769,HCPCS,0272,RC,810450,CDM,,,,inpatient,,,18.99,7.60,Anthem,Medicare Advantage,,,Reimbursement bundled into MS-DRG rate where appropriate,,,,0,other,4.83,13.10,No services performed during 15-month lookback period.,,facility
PROPARACAINE 0.5 % EYE DROPS,0250,RC,24208-0730-06,NDC,RX-6644,CDM,,,,inpatient,15,ML,104.13,41.66,Anthem,Medicare Advantage,,,Reimbursement bundled into MS-DRG rate where appropriate,,,,0,other,26.51,71.85,No services performed during 15-month lookback period.,,facility
PROPARACAINE 0.5 % EYE DROPS,0250,RC,24208-0730-06,NDC,RX-6644,CDM,,,,inpatient,15,ML,104.13,41.66,Anthem Pathway,Commercial,,,Reimbursement bundled into per diem or MS-DRG where appropriate,,,,0,other,26.51,71.85,No services performed during 15-month lookback period.,,facility
PROPARACAINE 0.5 % EYE DROPS,0250,RC,24208-0730-06,NDC,RX-6644,CDM,,,,inpatient,15,ML,104.13,41.66,First Health,Commercial,71.85,69.00,,,,,0,percent of total billed charges,26.51,71.85,No services performed during 15-month lookback period.,,facility
PROPARACAINE 0.5 % EYE DROPS,0250,RC,24208-0730-06,NDC,RX-6644,CDM,,,,inpatient,15,ML,104.13,41.66,Multiplan/PHCS,Commercial,63.52,61.00,,,,,0,percent of total billed charges,26.51,71.85,No services performed during 15-month lookback period.,,facility
PROPARACAINE 0.5 % EYE DROPS,0250,RC,24208-0730-06,NDC,RX-6644,CDM,,,,inpatient,15,ML,104.13,41.66,Simplified Benefits Administration,Narrow,27.07,26.00,,,,,0,percent of total billed charges,26.51,71.85,No services performed during 15-month lookback period.,,facility
HB Q FEVER PHASE I OR II ANTIBODIES,86638,CPT,0302,RC,775064,CDM,,,,inpatient,,,308.00,123.20,Simplified Benefits Administration,Narrow,80.08,26.00,,,,,0,percent of total billed charges,78.42,212.52,No services performed during 15-month lookback period.,,facility
HB Q FEVER PHASE I OR II ANTIBODIES,86638,CPT,0302,RC,775064,CDM,,,,inpatient,,,308.00,123.20,Multiplan/PHCS,Commercial,187.88,61.00,,,,,0,percent of total billed charges,78.42,212.52,No services performed during 15-month lookback period.,,facility
HB Q FEVER PHASE I OR II ANTIBODIES,86638,CPT,0302,RC,775064,CDM,,,,inpatient,,,308.00,123.20,First Health,Commercial,212.52,69.00,,,,,0,percent of total billed charges,78.42,212.52,No services performed during 15-month lookback period.,,facility
HB Q FEVER PHASE I OR II ANTIBODIES,86638,CPT,0302,RC,775064,CDM,,,,inpatient,,,308.00,123.20,Anthem Pathway,Commercial,,,Reimbursement bundled into per diem or MS-DRG where appropriate,,,,0,other,78.42,212.52,No services performed during 15-month lookback period.,,facility
HB Q FEVER PHASE I OR II ANTIBODIES,86638,CPT,0302,RC,775064,CDM,,,,inpatient,,,308.00,123.20,Anthem,Medicare Advantage,,,Reimbursement bundled into MS-DRG rate where appropriate,,,,0,other,78.42,212.52,No services performed during 15-month lookback period.,,facility
HB CC TUBE TRACH 6.0 60XLTCP,A4649,HCPCS,0272,RC,355044,CDM,,,,inpatient,,,269.70,107.88,Anthem,Medicare Advantage,,,Reimbursement bundled into MS-DRG rate where appropriate,,,,0,other,68.67,186.09,No services performed during 15-month lookback period.,,facility
HB CC TUBE TRACH 6.0 60XLTCP,A4649,HCPCS,0272,RC,355044,CDM,,,,inpatient,,,269.70,107.88,Anthem Pathway,Commercial,,,Reimbursement bundled into per diem or MS-DRG where appropriate,,,,0,other,68.67,186.09,No services performed during 15-month lookback period.,,facility
HB CC TUBE TRACH 6.0 60XLTCP,A4649,HCPCS,0272,RC,355044,CDM,,,,inpatient,,,269.70,107.88,First Health,Commercial,186.09,69.00,,,,,0,percent of total billed charges,68.67,186.09,No services performed during 15-month lookback period.,,facility
HB CC TUBE TRACH 6.0 60XLTCP,A4649,HCPCS,0272,RC,355044,CDM,,,,inpatient,,,269.70,107.88,Multiplan/PHCS,Commercial,164.52,61.00,,,,,0,percent of total billed charges,68.67,186.09,No services performed during 15-month lookback period.,,facility
HB CC TUBE TRACH 6.0 60XLTCP,A4649,HCPCS,0272,RC,355044,CDM,,,,inpatient,,,269.70,107.88,Simplified Benefits Administration,Narrow,70.12,26.00,,,,,0,percent of total billed charges,68.67,186.09,No services performed during 15-month lookback period.,,facility
"MISCELLANEOUS DISORDERS OF NUTRITION, METABOLISM, FLUIDS AND ELECTROLYTES WITHOUT MCC",641,MS-DRG,,,,,,,,inpatient,,,,,Anthem,Medicare Advantage,7424.25,,,,,,,case rate,7424.25,17314.95,,,facility
"MISCELLANEOUS DISORDERS OF NUTRITION, METABOLISM, FLUIDS AND ELECTROLYTES WITHOUT MCC",641,MS-DRG,,,,,,,,inpatient,,,,,Anthem Pathway,Commercial,15285.40,,,,,,,case rate,7424.25,17314.95,"If the length of stay is greater than (160% multiplied by the geometric length of stay), which is the trim point, then allow ($19,642 base rate multiplied by the DRG relative weight plus ((the length of stay minus the trim point) multiplied by $6,543 per diem rate)","If the length of stay is greater than (160% multiplied by the geometric length of stay), which is the trim point, then allow ($19,642 base rate multiplied by the DRG relative weight plus ((the length of stay minus the trim point) multiplied by $6,543 per diem rate)",facility
NALOXONE 1 MG/ML INJECTION SYRINGE,J2312,HCPCS,0636,RC,76329-1469-01,NDC,RX-5374,CDM,,inpatient,2,ML,100.45,40.18,Anthem,Medicare Advantage,,,Reimbursement bundled into MS-DRG rate where appropriate,,,,0,other,25.57,69.31,No services performed during 15-month lookback period.,,facility
NALOXONE 1 MG/ML INJECTION SYRINGE,J2312,HCPCS,0636,RC,76329-1469-01,NDC,RX-5374,CDM,,inpatient,2,ML,100.45,40.18,Anthem Pathway,Commercial,,,Reimbursement bundled into per diem or MS-DRG where appropriate,,,,0,other,25.57,69.31,No services performed during 15-month lookback period.,,facility
NALOXONE 1 MG/ML INJECTION SYRINGE,J2312,HCPCS,0636,RC,76329-1469-01,NDC,RX-5374,CDM,,inpatient,2,ML,100.45,40.18,Multiplan/PHCS,Commercial,61.27,61.00,,,,,0,percent of total billed charges,25.57,69.31,No services performed during 15-month lookback period.,,facility
NALOXONE 1 MG/ML INJECTION SYRINGE,J2312,HCPCS,0636,RC,76329-1469-01,NDC,RX-5374,CDM,,inpatient,2,ML,100.45,40.18,First Health,Commercial,69.31,69.00,,,,,0,percent of total billed charges,25.57,69.31,No services performed during 15-month lookback period.,,facility
NALOXONE 1 MG/ML INJECTION SYRINGE,J2312,HCPCS,0636,RC,76329-1469-01,NDC,RX-5374,CDM,,inpatient,2,ML,100.45,40.18,Simplified Benefits Administration,Narrow,26.12,26.00,,,,,0,percent of total billed charges,25.57,69.31,No services performed during 15-month lookback period.,,facility
HB XPER-ANGIOSCORE BALN ANGIOSCULPT,C1725,HCPCS,0278,RC,801137,CDM,,,,inpatient,,,3326.70,1330.68,Multiplan/PHCS,Commercial,2029.29,61.00,,,,,0,percent of total billed charges,846.98,2295.42,No services performed during 15-month lookback period.,,facility
HB XPER-ANGIOSCORE BALN ANGIOSCULPT,C1725,HCPCS,0278,RC,801137,CDM,,,,inpatient,,,3326.70,1330.68,Simplified Benefits Administration,Narrow,864.94,26.00,,,,,0,percent of total billed charges,846.98,2295.42,No services performed during 15-month lookback period.,,facility
HB XPER-ANGIOSCORE BALN ANGIOSCULPT,C1725,HCPCS,0278,RC,801137,CDM,,,,inpatient,,,3326.70,1330.68,First Health,Commercial,2295.42,69.00,,,,,0,percent of total billed charges,846.98,2295.42,No services performed during 15-month lookback period.,,facility
HB XPER-ANGIOSCORE BALN ANGIOSCULPT,C1725,HCPCS,0278,RC,801137,CDM,,,,inpatient,,,3326.70,1330.68,Anthem Pathway,Commercial,,,Reimbursement bundled into per diem or MS-DRG where appropriate,,,,0,other,846.98,2295.42,No services performed during 15-month lookback period.,,facility
HB XPER-ANGIOSCORE BALN ANGIOSCULPT,C1725,HCPCS,0278,RC,801137,CDM,,,,inpatient,,,3326.70,1330.68,Anthem,Medicare Advantage,,,Reimbursement bundled into MS-DRG rate where appropriate,,,,0,other,846.98,2295.42,No services performed during 15-month lookback period.,,facility
CYCLOPHOSPHAMIDE 200 MG/ML INTRAVENOUS SOLUTION,J9073,HCPCS,0636,RC,50742-0519-02,NDC,RX-203914,CDM,,inpatient,2.5,ML,456.75,182.70,Anthem,Medicare Advantage,,,Reimbursement bundled into MS-DRG rate where appropriate,,,,0,other,116.29,315.16,No services performed during 15-month lookback period.,,facility
CYCLOPHOSPHAMIDE 200 MG/ML INTRAVENOUS SOLUTION,J9073,HCPCS,0636,RC,50742-0519-02,NDC,RX-203914,CDM,,inpatient,2.5,ML,456.75,182.70,Anthem Pathway,Commercial,,,Reimbursement bundled into per diem or MS-DRG where appropriate,,,,0,other,116.29,315.16,No services performed during 15-month lookback period.,,facility
CYCLOPHOSPHAMIDE 200 MG/ML INTRAVENOUS SOLUTION,J9073,HCPCS,0636,RC,50742-0519-02,NDC,RX-203914,CDM,,inpatient,2.5,ML,456.75,182.70,Multiplan/PHCS,Commercial,278.62,61.00,,,,,0,percent of total billed charges,116.29,315.16,No services performed during 15-month lookback period.,,facility
CYCLOPHOSPHAMIDE 200 MG/ML INTRAVENOUS SOLUTION,J9073,HCPCS,0636,RC,50742-0519-02,NDC,RX-203914,CDM,,inpatient,2.5,ML,456.75,182.70,Simplified Benefits Administration,Narrow,118.76,26.00,,,,,0,percent of total billed charges,116.29,315.16,No services performed during 15-month lookback period.,,facility
CYCLOPHOSPHAMIDE 200 MG/ML INTRAVENOUS SOLUTION,J9073,HCPCS,0636,RC,50742-0519-02,NDC,RX-203914,CDM,,inpatient,2.5,ML,456.75,182.70,First Health,Commercial,315.16,69.00,,,,,0,percent of total billed charges,116.29,315.16,No services performed during 15-month lookback period.,,facility
HB CC CATH INTRO PERC 6FR SHEATH KIT AK 09601,C1751,HCPCS,0272,RC,355101,CDM,,,,inpatient,,,449.30,179.72,First Health,Commercial,310.02,69.00,,,,,0,percent of total billed charges,114.39,310.02,No services performed during 15-month lookback period.,,facility
HB CC CATH INTRO PERC 6FR SHEATH KIT AK 09601,C1751,HCPCS,0272,RC,355101,CDM,,,,inpatient,,,449.30,179.72,Multiplan/PHCS,Commercial,274.07,61.00,,,,,0,percent of total billed charges,114.39,310.02,No services performed during 15-month lookback period.,,facility
HB CC CATH INTRO PERC 6FR SHEATH KIT AK 09601,C1751,HCPCS,0272,RC,355101,CDM,,,,inpatient,,,449.30,179.72,Simplified Benefits Administration,Narrow,116.82,26.00,,,,,0,percent of total billed charges,114.39,310.02,No services performed during 15-month lookback period.,,facility
HB CC CATH INTRO PERC 6FR SHEATH KIT AK 09601,C1751,HCPCS,0272,RC,355101,CDM,,,,inpatient,,,449.30,179.72,Anthem Pathway,Commercial,,,Reimbursement bundled into per diem or MS-DRG where appropriate,,,,0,other,114.39,310.02,No services performed during 15-month lookback period.,,facility
HB CC CATH INTRO PERC 6FR SHEATH KIT AK 09601,C1751,HCPCS,0272,RC,355101,CDM,,,,inpatient,,,449.30,179.72,Anthem,Medicare Advantage,,,Reimbursement bundled into MS-DRG rate where appropriate,,,,0,other,114.39,310.02,No services performed during 15-month lookback period.,,facility
PYRIDOXINE (VITAMIN B6) 50 MG TABLET,0250,RC,77333-0940-25,NDC,RX-6748,CDM,,,,inpatient,1,UN,7.72,3.09,Anthem,Medicare Advantage,,,Reimbursement bundled into MS-DRG rate where appropriate,,,,0,other,1.97,5.33,No services performed during 15-month lookback period.,,facility
PYRIDOXINE (VITAMIN B6) 50 MG TABLET,0250,RC,77333-0940-25,NDC,RX-6748,CDM,,,,inpatient,1,UN,7.72,3.09,Anthem Pathway,Commercial,,,Reimbursement bundled into per diem or MS-DRG where appropriate,,,,0,other,1.97,5.33,No services performed during 15-month lookback period.,,facility
PYRIDOXINE (VITAMIN B6) 50 MG TABLET,0250,RC,77333-0940-25,NDC,RX-6748,CDM,,,,inpatient,1,UN,7.72,3.09,First Health,Commercial,5.33,69.00,,,,,0,percent of total billed charges,1.97,5.33,No services performed during 15-month lookback period.,,facility
PYRIDOXINE (VITAMIN B6) 50 MG TABLET,0250,RC,77333-0940-25,NDC,RX-6748,CDM,,,,inpatient,1,UN,7.72,3.09,Simplified Benefits Administration,Narrow,2.01,26.00,,,,,0,percent of total billed charges,1.97,5.33,No services performed during 15-month lookback period.,,facility
PYRIDOXINE (VITAMIN B6) 50 MG TABLET,0250,RC,77333-0940-25,NDC,RX-6748,CDM,,,,inpatient,1,UN,7.72,3.09,Multiplan/PHCS,Commercial,4.71,61.00,,,,,0,percent of total billed charges,1.97,5.33,No services performed during 15-month lookback period.,,facility
HB CALCULUS ANALYSIS,82365,CPT,0301,RC,774467,CDM,,,,inpatient,,,434.75,173.90,First Health,Commercial,299.98,69.00,,,,,0,percent of total billed charges,110.69,299.98,No services performed during 15-month lookback period.,,facility
HB CALCULUS ANALYSIS,82365,CPT,0301,RC,774467,CDM,,,,inpatient,,,434.75,173.90,Multiplan/PHCS,Commercial,265.20,61.00,,,,,0,percent of total billed charges,110.69,299.98,No services performed during 15-month lookback period.,,facility
HB CALCULUS ANALYSIS,82365,CPT,0301,RC,774467,CDM,,,,inpatient,,,434.75,173.90,Simplified Benefits Administration,Narrow,113.04,26.00,,,,,0,percent of total billed charges,110.69,299.98,No services performed during 15-month lookback period.,,facility
HB CALCULUS ANALYSIS,82365,CPT,0301,RC,774467,CDM,,,,inpatient,,,434.75,173.90,Anthem Pathway,Commercial,,,Reimbursement bundled into per diem or MS-DRG where appropriate,,,,0,other,110.69,299.98,No services performed during 15-month lookback period.,,facility
HB CALCULUS ANALYSIS,82365,CPT,0301,RC,774467,CDM,,,,inpatient,,,434.75,173.90,Anthem,Medicare Advantage,,,Reimbursement bundled into MS-DRG rate where appropriate,,,,0,other,110.69,299.98,No services performed during 15-month lookback period.,,facility
VANCOMYCIN 1 G/20 ML IV (WET SOLR VIAL) (ROUND TO 250 MG),J3373,HCPCS,0636,RC,00409-6533-59,NDC,RX-406374,CDM,,inpatient,1,UN,56.26,22.51,Anthem,Medicare Advantage,,,Reimbursement bundled into MS-DRG rate where appropriate,,,,0,other,14.32,38.82,No services performed during 15-month lookback period.,,facility
VANCOMYCIN 1 G/20 ML IV (WET SOLR VIAL) (ROUND TO 250 MG),J3373,HCPCS,0636,RC,00409-6533-59,NDC,RX-406374,CDM,,inpatient,1,UN,56.26,22.51,First Health,Commercial,38.82,69.00,,,,,0,percent of total billed charges,14.32,38.82,No services performed during 15-month lookback period.,,facility
VANCOMYCIN 1 G/20 ML IV (WET SOLR VIAL) (ROUND TO 250 MG),J3373,HCPCS,0636,RC,00409-6533-59,NDC,RX-406374,CDM,,inpatient,1,UN,56.26,22.51,Anthem Pathway,Commercial,,,Reimbursement bundled into per diem or MS-DRG where appropriate,,,,0,other,14.32,38.82,No services performed during 15-month lookback period.,,facility
VANCOMYCIN 1 G/20 ML IV (WET SOLR VIAL) (ROUND TO 250 MG),J3373,HCPCS,0636,RC,00409-6533-59,NDC,RX-406374,CDM,,inpatient,1,UN,56.26,22.51,Simplified Benefits Administration,Narrow,14.63,26.00,,,,,0,percent of total billed charges,14.32,38.82,No services performed during 15-month lookback period.,,facility
VANCOMYCIN 1 G/20 ML IV (WET SOLR VIAL) (ROUND TO 250 MG),J3373,HCPCS,0636,RC,00409-6533-59,NDC,RX-406374,CDM,,inpatient,1,UN,56.26,22.51,Multiplan/PHCS,Commercial,34.32,61.00,,,,,0,percent of total billed charges,14.32,38.82,No services performed during 15-month lookback period.,,facility
HB MEM-B CELL TOTAL COUNT,86355,CPT,0302,RC,575157,CDM,,,,inpatient,,,1240.80,496.32,Multiplan/PHCS,Commercial,756.89,61.00,,,,,0,percent of total billed charges,315.91,856.15,No services performed during 15-month lookback period.,,facility
HB MEM-B CELL TOTAL COUNT,86355,CPT,0302,RC,575157,CDM,,,,inpatient,,,1240.80,496.32,First Health,Commercial,856.15,69.00,,,,,0,percent of total billed charges,315.91,856.15,No services performed during 15-month lookback period.,,facility
HB MEM-B CELL TOTAL COUNT,86355,CPT,0302,RC,575157,CDM,,,,inpatient,,,1240.80,496.32,Simplified Benefits Administration,Narrow,322.61,26.00,,,,,0,percent of total billed charges,315.91,856.15,No services performed during 15-month lookback period.,,facility
HB MEM-B CELL TOTAL COUNT,86355,CPT,0302,RC,575157,CDM,,,,inpatient,,,1240.80,496.32,Anthem Pathway,Commercial,,,Reimbursement bundled into per diem or MS-DRG where appropriate,,,,0,other,315.91,856.15,No services performed during 15-month lookback period.,,facility
HB MEM-B CELL TOTAL COUNT,86355,CPT,0302,RC,575157,CDM,,,,inpatient,,,1240.80,496.32,Anthem,Medicare Advantage,,,Reimbursement bundled into MS-DRG rate where appropriate,,,,0,other,315.91,856.15,No services performed during 15-month lookback period.,,facility
BACLOFEN 20 MG TABLET,0250,RC,63739-0480-10,NDC,RX-861,CDM,,,,inpatient,1,UN,8.65,3.46,Anthem,Medicare Advantage,,,Reimbursement bundled into MS-DRG rate where appropriate,,,,0,other,2.20,5.97,No services performed during 15-month lookback period.,,facility
BACLOFEN 20 MG TABLET,0250,RC,63739-0480-10,NDC,RX-861,CDM,,,,inpatient,1,UN,8.65,3.46,Anthem Pathway,Commercial,,,Reimbursement bundled into per diem or MS-DRG where appropriate,,,,0,other,2.20,5.97,No services performed during 15-month lookback period.,,facility
BACLOFEN 20 MG TABLET,0250,RC,63739-0480-10,NDC,RX-861,CDM,,,,inpatient,1,UN,8.65,3.46,First Health,Commercial,5.97,69.00,,,,,0,percent of total billed charges,2.20,5.97,No services performed during 15-month lookback period.,,facility
BACLOFEN 20 MG TABLET,0250,RC,63739-0480-10,NDC,RX-861,CDM,,,,inpatient,1,UN,8.65,3.46,Simplified Benefits Administration,Narrow,2.25,26.00,,,,,0,percent of total billed charges,2.20,5.97,No services performed during 15-month lookback period.,,facility
BACLOFEN 20 MG TABLET,0250,RC,63739-0480-10,NDC,RX-861,CDM,,,,inpatient,1,UN,8.65,3.46,Multiplan/PHCS,Commercial,5.28,61.00,,,,,0,percent of total billed charges,2.20,5.97,No services performed during 15-month lookback period.,,facility
CLOBETASOL 0.05 % TOPICAL OINTMENT,0250,RC,21922-0017-05,NDC,RX-9631,CDM,,,,inpatient,30,GR,29.64,11.86,First Health,Commercial,20.45,69.00,,,,,0,percent of total billed charges,7.55,20.45,No services performed during 15-month lookback period.,,facility
CLOBETASOL 0.05 % TOPICAL OINTMENT,0250,RC,21922-0017-05,NDC,RX-9631,CDM,,,,inpatient,30,GR,29.64,11.86,Multiplan/PHCS,Commercial,18.08,61.00,,,,,0,percent of total billed charges,7.55,20.45,No services performed during 15-month lookback period.,,facility
CLOBETASOL 0.05 % TOPICAL OINTMENT,0250,RC,21922-0017-05,NDC,RX-9631,CDM,,,,inpatient,30,GR,29.64,11.86,Simplified Benefits Administration,Narrow,7.71,26.00,,,,,0,percent of total billed charges,7.55,20.45,No services performed during 15-month lookback period.,,facility
CLOBETASOL 0.05 % TOPICAL OINTMENT,0250,RC,21922-0017-05,NDC,RX-9631,CDM,,,,inpatient,30,GR,29.64,11.86,Anthem Pathway,Commercial,,,Reimbursement bundled into per diem or MS-DRG where appropriate,,,,0,other,7.55,20.45,No services performed during 15-month lookback period.,,facility
CLOBETASOL 0.05 % TOPICAL OINTMENT,0250,RC,21922-0017-05,NDC,RX-9631,CDM,,,,inpatient,30,GR,29.64,11.86,Anthem,Medicare Advantage,,,Reimbursement bundled into MS-DRG rate where appropriate,,,,0,other,7.55,20.45,No services performed during 15-month lookback period.,,facility
HB XPER-EV3  WIRE NITREX .014/80CM,C1769,HCPCS,0272,RC,800984,CDM,,,,inpatient,,,235.00,94.00,Anthem,Medicare Advantage,,,Reimbursement bundled into MS-DRG rate where appropriate,,,,0,other,59.83,162.15,No services performed during 15-month lookback period.,,facility
HB XPER-EV3  WIRE NITREX .014/80CM,C1769,HCPCS,0272,RC,800984,CDM,,,,inpatient,,,235.00,94.00,Anthem Pathway,Commercial,,,Reimbursement bundled into per diem or MS-DRG where appropriate,,,,0,other,59.83,162.15,No services performed during 15-month lookback period.,,facility
HB XPER-EV3  WIRE NITREX .014/80CM,C1769,HCPCS,0272,RC,800984,CDM,,,,inpatient,,,235.00,94.00,Simplified Benefits Administration,Narrow,61.10,26.00,,,,,0,percent of total billed charges,59.83,162.15,No services performed during 15-month lookback period.,,facility
HB XPER-EV3  WIRE NITREX .014/80CM,C1769,HCPCS,0272,RC,800984,CDM,,,,inpatient,,,235.00,94.00,First Health,Commercial,162.15,69.00,,,,,0,percent of total billed charges,59.83,162.15,No services performed during 15-month lookback period.,,facility
HB XPER-EV3  WIRE NITREX .014/80CM,C1769,HCPCS,0272,RC,800984,CDM,,,,inpatient,,,235.00,94.00,Multiplan/PHCS,Commercial,143.35,61.00,,,,,0,percent of total billed charges,59.83,162.15,No services performed during 15-month lookback period.,,facility
SERTRALINE 100 MG TABLET,0250,RC,16729-0217-15,NDC,RX-11350,CDM,,,,inpatient,1,UN,7.57,3.03,First Health,Commercial,5.22,69.00,,,,,0,percent of total billed charges,1.93,5.22,No services performed during 15-month lookback period.,,facility
SERTRALINE 100 MG TABLET,0250,RC,16729-0217-15,NDC,RX-11350,CDM,,,,inpatient,1,UN,7.57,3.03,Simplified Benefits Administration,Narrow,1.97,26.00,,,,,0,percent of total billed charges,1.93,5.22,No services performed during 15-month lookback period.,,facility
SERTRALINE 100 MG TABLET,0250,RC,16729-0217-15,NDC,RX-11350,CDM,,,,inpatient,1,UN,7.57,3.03,Multiplan/PHCS,Commercial,4.62,61.00,,,,,0,percent of total billed charges,1.93,5.22,No services performed during 15-month lookback period.,,facility
SERTRALINE 100 MG TABLET,0250,RC,16729-0217-15,NDC,RX-11350,CDM,,,,inpatient,1,UN,7.57,3.03,Anthem Pathway,Commercial,,,Reimbursement bundled into per diem or MS-DRG where appropriate,,,,0,other,1.93,5.22,No services performed during 15-month lookback period.,,facility
SERTRALINE 100 MG TABLET,0250,RC,16729-0217-15,NDC,RX-11350,CDM,,,,inpatient,1,UN,7.57,3.03,Anthem,Medicare Advantage,,,Reimbursement bundled into MS-DRG rate where appropriate,,,,0,other,1.93,5.22,No services performed during 15-month lookback period.,,facility
METFORMIN 850 MG TABLET,0250,RC,65862-0009-01,NDC,RX-14719,CDM,,,,inpatient,1,UN,7.57,3.03,Anthem,Medicare Advantage,,,Reimbursement bundled into MS-DRG rate where appropriate,,,,0,other,1.93,5.22,No services performed during 15-month lookback period.,,facility
METFORMIN 850 MG TABLET,0250,RC,65862-0009-01,NDC,RX-14719,CDM,,,,inpatient,1,UN,7.57,3.03,First Health,Commercial,5.22,69.00,,,,,0,percent of total billed charges,1.93,5.22,No services performed during 15-month lookback period.,,facility
METFORMIN 850 MG TABLET,0250,RC,65862-0009-01,NDC,RX-14719,CDM,,,,inpatient,1,UN,7.57,3.03,Anthem Pathway,Commercial,,,Reimbursement bundled into per diem or MS-DRG where appropriate,,,,0,other,1.93,5.22,No services performed during 15-month lookback period.,,facility
METFORMIN 850 MG TABLET,0250,RC,65862-0009-01,NDC,RX-14719,CDM,,,,inpatient,1,UN,7.57,3.03,Simplified Benefits Administration,Narrow,1.97,26.00,,,,,0,percent of total billed charges,1.93,5.22,No services performed during 15-month lookback period.,,facility
METFORMIN 850 MG TABLET,0250,RC,65862-0009-01,NDC,RX-14719,CDM,,,,inpatient,1,UN,7.57,3.03,Multiplan/PHCS,Commercial,4.62,61.00,,,,,0,percent of total billed charges,1.93,5.22,No services performed during 15-month lookback period.,,facility
HB XPER-VSORUM CLOSURE CELT,C1760,HCPCS,0278,RC,801234,CDM,,,,inpatient,,,500.00,200.00,Multiplan/PHCS,Commercial,305.00,61.00,,,,,0,percent of total billed charges,127.30,345.00,No services performed during 15-month lookback period.,,facility
HB XPER-VSORUM CLOSURE CELT,C1760,HCPCS,0278,RC,801234,CDM,,,,inpatient,,,500.00,200.00,Simplified Benefits Administration,Narrow,130.00,26.00,,,,,0,percent of total billed charges,127.30,345.00,No services performed during 15-month lookback period.,,facility
HB XPER-VSORUM CLOSURE CELT,C1760,HCPCS,0278,RC,801234,CDM,,,,inpatient,,,500.00,200.00,First Health,Commercial,345.00,69.00,,,,,0,percent of total billed charges,127.30,345.00,No services performed during 15-month lookback period.,,facility
HB XPER-VSORUM CLOSURE CELT,C1760,HCPCS,0278,RC,801234,CDM,,,,inpatient,,,500.00,200.00,Anthem,Medicare Advantage,,,Reimbursement bundled into MS-DRG rate where appropriate,,,,0,other,127.30,345.00,No services performed during 15-month lookback period.,,facility
HB XPER-VSORUM CLOSURE CELT,C1760,HCPCS,0278,RC,801234,CDM,,,,inpatient,,,500.00,200.00,Anthem Pathway,Commercial,,,Reimbursement bundled into per diem or MS-DRG where appropriate,,,,0,other,127.30,345.00,No services performed during 15-month lookback period.,,facility
"NEOMYCIN 3.5 MG/G-POLYMYXIN B 10,000 UNIT/G-DEXAMETH 0.1 % EYE OINT",0250,RC,61314-0631-36,NDC,RX-19495,CDM,,,,inpatient,3.5,GR,53.40,21.36,Anthem,Medicare Advantage,,,Reimbursement bundled into MS-DRG rate where appropriate,,,,0,other,13.60,36.85,No services performed during 15-month lookback period.,,facility
"NEOMYCIN 3.5 MG/G-POLYMYXIN B 10,000 UNIT/G-DEXAMETH 0.1 % EYE OINT",0250,RC,61314-0631-36,NDC,RX-19495,CDM,,,,inpatient,3.5,GR,53.40,21.36,Anthem Pathway,Commercial,,,Reimbursement bundled into per diem or MS-DRG where appropriate,,,,0,other,13.60,36.85,No services performed during 15-month lookback period.,,facility
"NEOMYCIN 3.5 MG/G-POLYMYXIN B 10,000 UNIT/G-DEXAMETH 0.1 % EYE OINT",0250,RC,61314-0631-36,NDC,RX-19495,CDM,,,,inpatient,3.5,GR,53.40,21.36,Simplified Benefits Administration,Narrow,13.88,26.00,,,,,0,percent of total billed charges,13.60,36.85,No services performed during 15-month lookback period.,,facility
"NEOMYCIN 3.5 MG/G-POLYMYXIN B 10,000 UNIT/G-DEXAMETH 0.1 % EYE OINT",0250,RC,61314-0631-36,NDC,RX-19495,CDM,,,,inpatient,3.5,GR,53.40,21.36,Multiplan/PHCS,Commercial,32.57,61.00,,,,,0,percent of total billed charges,13.60,36.85,No services performed during 15-month lookback period.,,facility
"NEOMYCIN 3.5 MG/G-POLYMYXIN B 10,000 UNIT/G-DEXAMETH 0.1 % EYE OINT",0250,RC,61314-0631-36,NDC,RX-19495,CDM,,,,inpatient,3.5,GR,53.40,21.36,First Health,Commercial,36.85,69.00,,,,,0,percent of total billed charges,13.60,36.85,No services performed during 15-month lookback period.,,facility
WARFARIN 1 MG TABLET,0250,RC,00832-1211-89,NDC,RX-11664,CDM,,,,inpatient,1,UN,7.82,3.13,Multiplan/PHCS,Commercial,4.77,61.00,,,,,0,percent of total billed charges,1.99,5.40,No services performed during 15-month lookback period.,,facility
WARFARIN 1 MG TABLET,0250,RC,00832-1211-89,NDC,RX-11664,CDM,,,,inpatient,1,UN,7.82,3.13,Simplified Benefits Administration,Narrow,2.03,26.00,,,,,0,percent of total billed charges,1.99,5.40,No services performed during 15-month lookback period.,,facility
WARFARIN 1 MG TABLET,0250,RC,00832-1211-89,NDC,RX-11664,CDM,,,,inpatient,1,UN,7.82,3.13,Anthem Pathway,Commercial,,,Reimbursement bundled into per diem or MS-DRG where appropriate,,,,0,other,1.99,5.40,No services performed during 15-month lookback period.,,facility
WARFARIN 1 MG TABLET,0250,RC,00832-1211-89,NDC,RX-11664,CDM,,,,inpatient,1,UN,7.82,3.13,First Health,Commercial,5.40,69.00,,,,,0,percent of total billed charges,1.99,5.40,No services performed during 15-month lookback period.,,facility
WARFARIN 1 MG TABLET,0250,RC,00832-1211-89,NDC,RX-11664,CDM,,,,inpatient,1,UN,7.82,3.13,Anthem,Medicare Advantage,,,Reimbursement bundled into MS-DRG rate where appropriate,,,,0,other,1.99,5.40,No services performed during 15-month lookback period.,,facility
HB STOOL CULTURE SENDOUT,87045,CPT,0306,RC,771479,CDM,,,,inpatient,,,203.00,81.20,Anthem,Medicare Advantage,,,Reimbursement bundled into MS-DRG rate where appropriate,,,,0,other,51.68,140.07,No services performed during 15-month lookback period.,,facility
HB STOOL CULTURE SENDOUT,87045,CPT,0306,RC,771479,CDM,,,,inpatient,,,203.00,81.20,Anthem Pathway,Commercial,,,Reimbursement bundled into per diem or MS-DRG where appropriate,,,,0,other,51.68,140.07,No services performed during 15-month lookback period.,,facility
HB STOOL CULTURE SENDOUT,87045,CPT,0306,RC,771479,CDM,,,,inpatient,,,203.00,81.20,Simplified Benefits Administration,Narrow,52.78,26.00,,,,,0,percent of total billed charges,51.68,140.07,No services performed during 15-month lookback period.,,facility
HB STOOL CULTURE SENDOUT,87045,CPT,0306,RC,771479,CDM,,,,inpatient,,,203.00,81.20,Multiplan/PHCS,Commercial,123.83,61.00,,,,,0,percent of total billed charges,51.68,140.07,No services performed during 15-month lookback period.,,facility
HB STOOL CULTURE SENDOUT,87045,CPT,0306,RC,771479,CDM,,,,inpatient,,,203.00,81.20,First Health,Commercial,140.07,69.00,,,,,0,percent of total billed charges,51.68,140.07,No services performed during 15-month lookback period.,,facility
BISACODYL 10 MG RECTAL SUPPOSITORY,0250,RC,57896-0443-01,NDC,RX-1080,CDM,,,,inpatient,1,UN,2.00,0.80,Multiplan/PHCS,Commercial,1.22,61.00,,,,,0,percent of total billed charges,0.51,1.38,No services performed during 15-month lookback period.,,facility
BISACODYL 10 MG RECTAL SUPPOSITORY,0250,RC,57896-0443-01,NDC,RX-1080,CDM,,,,inpatient,1,UN,2.00,0.80,Simplified Benefits Administration,Narrow,0.52,26.00,,,,,0,percent of total billed charges,0.51,1.38,No services performed during 15-month lookback period.,,facility
BISACODYL 10 MG RECTAL SUPPOSITORY,0250,RC,57896-0443-01,NDC,RX-1080,CDM,,,,inpatient,1,UN,2.00,0.80,First Health,Commercial,1.38,69.00,,,,,0,percent of total billed charges,0.51,1.38,No services performed during 15-month lookback period.,,facility
BISACODYL 10 MG RECTAL SUPPOSITORY,0250,RC,57896-0443-01,NDC,RX-1080,CDM,,,,inpatient,1,UN,2.00,0.80,Anthem Pathway,Commercial,,,Reimbursement bundled into per diem or MS-DRG where appropriate,,,,0,other,0.51,1.38,No services performed during 15-month lookback period.,,facility
BISACODYL 10 MG RECTAL SUPPOSITORY,0250,RC,57896-0443-01,NDC,RX-1080,CDM,,,,inpatient,1,UN,2.00,0.80,Anthem,Medicare Advantage,,,Reimbursement bundled into MS-DRG rate where appropriate,,,,0,other,0.51,1.38,No services performed during 15-month lookback period.,,facility
MASTECTOMY FOR MALIGNANCY WITH CC/MCC,582,MS-DRG,,,,,,,,inpatient,,,,,Anthem,Medicare Advantage,17478.99,,,,,,,case rate,17140.00,42866.85,,,facility
MASTECTOMY FOR MALIGNANCY WITH CC/MCC,582,MS-DRG,,,,,,,,inpatient,,,,,Anthem Pathway,Commercial,37842.28,,,,,,,case rate,17140.00,42866.85,"If the length of stay is greater than (160% multiplied by the geometric length of stay), which is the trim point, then allow ($19,642 base rate multiplied by the DRG relative weight plus ((the length of stay minus the trim point) multiplied by $6,543 per diem rate)","If the length of stay is greater than (160% multiplied by the geometric length of stay), which is the trim point, then allow ($19,642 base rate multiplied by the DRG relative weight plus ((the length of stay minus the trim point) multiplied by $6,543 per diem rate)",facility
CARDIAC CONGENITAL AND VALVULAR DISORDERS WITH MCC,306,MS-DRG,,,,,,,,inpatient,,,,,Anthem Pathway,Commercial,30951.86,,,,,,,case rate,14407.57,35061.55,"If the length of stay is greater than (160% multiplied by the geometric length of stay), which is the trim point, then allow ($19,642 base rate multiplied by the DRG relative weight plus ((the length of stay minus the trim point) multiplied by $6,543 per diem rate)","If the length of stay is greater than (160% multiplied by the geometric length of stay), which is the trim point, then allow ($19,642 base rate multiplied by the DRG relative weight plus ((the length of stay minus the trim point) multiplied by $6,543 per diem rate)",facility
CARDIAC CONGENITAL AND VALVULAR DISORDERS WITH MCC,306,MS-DRG,,,,,,,,inpatient,,,,,Anthem,Medicare Advantage,14407.57,,,,,,,case rate,14407.57,35061.55,,,facility
HB RADIANT-BREAST SURGERY PROCEDURE UNLISTED,19499,CPT,0361,RC,029397,CDM,,,,inpatient,,,4050.60,1620.24,Anthem,Medicare Advantage,,,Reimbursement bundled into MS-DRG rate where appropriate,,,,0,other,1031.28,2794.91,No services performed during 15-month lookback period.,,facility
HB RADIANT-BREAST SURGERY PROCEDURE UNLISTED,19499,CPT,0361,RC,029397,CDM,,,,inpatient,,,4050.60,1620.24,Anthem Pathway,Commercial,,,Reimbursement bundled into per diem or MS-DRG where appropriate,,,,0,other,1031.28,2794.91,No services performed during 15-month lookback period.,,facility
HB RADIANT-BREAST SURGERY PROCEDURE UNLISTED,19499,CPT,0361,RC,029397,CDM,,,,inpatient,,,4050.60,1620.24,Simplified Benefits Administration,Narrow,1053.16,26.00,,,,,0,percent of total billed charges,1031.28,2794.91,No services performed during 15-month lookback period.,,facility
HB RADIANT-BREAST SURGERY PROCEDURE UNLISTED,19499,CPT,0361,RC,029397,CDM,,,,inpatient,,,4050.60,1620.24,Multiplan/PHCS,Commercial,2470.87,61.00,,,,,0,percent of total billed charges,1031.28,2794.91,No services performed during 15-month lookback period.,,facility
HB RADIANT-BREAST SURGERY PROCEDURE UNLISTED,19499,CPT,0361,RC,029397,CDM,,,,inpatient,,,4050.60,1620.24,First Health,Commercial,2794.91,69.00,,,,,0,percent of total billed charges,1031.28,2794.91,No services performed during 15-month lookback period.,,facility
HB INCISION FRENUM,41010,CPT,0361,RC,576920,CDM,,,,inpatient,,,3995.89,1598.36,First Health,Commercial,2757.16,69.00,,,,,0,percent of total billed charges,1017.35,2757.16,No services performed during 15-month lookback period.,,facility
HB INCISION FRENUM,41010,CPT,0361,RC,576920,CDM,,,,inpatient,,,3995.89,1598.36,Simplified Benefits Administration,Narrow,1038.93,26.00,,,,,0,percent of total billed charges,1017.35,2757.16,No services performed during 15-month lookback period.,,facility
HB INCISION FRENUM,41010,CPT,0361,RC,576920,CDM,,,,inpatient,,,3995.89,1598.36,Multiplan/PHCS,Commercial,2437.49,61.00,,,,,0,percent of total billed charges,1017.35,2757.16,No services performed during 15-month lookback period.,,facility
HB INCISION FRENUM,41010,CPT,0361,RC,576920,CDM,,,,inpatient,,,3995.89,1598.36,Anthem Pathway,Commercial,,,Reimbursement bundled into per diem or MS-DRG where appropriate,,,,0,other,1017.35,2757.16,No services performed during 15-month lookback period.,,facility
HB INCISION FRENUM,41010,CPT,0361,RC,576920,CDM,,,,inpatient,,,3995.89,1598.36,Anthem,Medicare Advantage,,,Reimbursement bundled into MS-DRG rate where appropriate,,,,0,other,1017.35,2757.16,No services performed during 15-month lookback period.,,facility
HB XPER-BOSTON SCIENTIFIC BALN STERLING 1,C1725,HCPCS,0272,RC,800941,CDM,,,,inpatient,,,430.00,172.00,Anthem,Medicare Advantage,,,Reimbursement bundled into MS-DRG rate where appropriate,,,,0,other,109.48,296.70,No services performed during 15-month lookback period.,,facility
HB XPER-BOSTON SCIENTIFIC BALN STERLING 1,C1725,HCPCS,0272,RC,800941,CDM,,,,inpatient,,,430.00,172.00,First Health,Commercial,296.70,69.00,,,,,0,percent of total billed charges,109.48,296.70,No services performed during 15-month lookback period.,,facility
HB XPER-BOSTON SCIENTIFIC BALN STERLING 1,C1725,HCPCS,0272,RC,800941,CDM,,,,inpatient,,,430.00,172.00,Anthem Pathway,Commercial,,,Reimbursement bundled into per diem or MS-DRG where appropriate,,,,0,other,109.48,296.70,No services performed during 15-month lookback period.,,facility
HB XPER-BOSTON SCIENTIFIC BALN STERLING 1,C1725,HCPCS,0272,RC,800941,CDM,,,,inpatient,,,430.00,172.00,Simplified Benefits Administration,Narrow,111.80,26.00,,,,,0,percent of total billed charges,109.48,296.70,No services performed during 15-month lookback period.,,facility
HB XPER-BOSTON SCIENTIFIC BALN STERLING 1,C1725,HCPCS,0272,RC,800941,CDM,,,,inpatient,,,430.00,172.00,Multiplan/PHCS,Commercial,262.30,61.00,,,,,0,percent of total billed charges,109.48,296.70,No services performed during 15-month lookback period.,,facility
ZOLPIDEM 5 MG TABLET,0250,RC,51079-0724-20,NDC,RX-11701,CDM,,,,inpatient,1,UN,10.16,4.07,Multiplan/PHCS,Commercial,6.20,61.00,,,,,0,percent of total billed charges,2.59,7.01,No services performed during 15-month lookback period.,,facility
ZOLPIDEM 5 MG TABLET,0250,RC,51079-0724-20,NDC,RX-11701,CDM,,,,inpatient,1,UN,10.16,4.07,First Health,Commercial,7.01,69.00,,,,,0,percent of total billed charges,2.59,7.01,No services performed during 15-month lookback period.,,facility
ZOLPIDEM 5 MG TABLET,0250,RC,51079-0724-20,NDC,RX-11701,CDM,,,,inpatient,1,UN,10.16,4.07,Simplified Benefits Administration,Narrow,2.64,26.00,,,,,0,percent of total billed charges,2.59,7.01,No services performed during 15-month lookback period.,,facility
ZOLPIDEM 5 MG TABLET,0250,RC,51079-0724-20,NDC,RX-11701,CDM,,,,inpatient,1,UN,10.16,4.07,Anthem Pathway,Commercial,,,Reimbursement bundled into per diem or MS-DRG where appropriate,,,,0,other,2.59,7.01,No services performed during 15-month lookback period.,,facility
ZOLPIDEM 5 MG TABLET,0250,RC,51079-0724-20,NDC,RX-11701,CDM,,,,inpatient,1,UN,10.16,4.07,Anthem,Medicare Advantage,,,Reimbursement bundled into MS-DRG rate where appropriate,,,,0,other,2.59,7.01,No services performed during 15-month lookback period.,,facility
HB RADIANT-ABD AORTA S&I,75625,CPT,0323,RC,013182,CDM,,,,inpatient,,,6198.00,2479.20,Anthem,Medicare Advantage,,,Reimbursement bundled into MS-DRG rate where appropriate,,,,0,other,1578.01,4276.62,No services performed during 15-month lookback period.,,facility
HB RADIANT-ABD AORTA S&I,75625,CPT,0323,RC,013182,CDM,,,,inpatient,,,6198.00,2479.20,Anthem Pathway,Commercial,,,Reimbursement bundled into per diem or MS-DRG where appropriate,,,,0,other,1578.01,4276.62,No services performed during 15-month lookback period.,,facility
HB RADIANT-ABD AORTA S&I,75625,CPT,0323,RC,013182,CDM,,,,inpatient,,,6198.00,2479.20,Simplified Benefits Administration,Narrow,1611.48,26.00,,,,,0,percent of total billed charges,1578.01,4276.62,No services performed during 15-month lookback period.,,facility
HB RADIANT-ABD AORTA S&I,75625,CPT,0323,RC,013182,CDM,,,,inpatient,,,6198.00,2479.20,Multiplan/PHCS,Commercial,3780.78,61.00,,,,,0,percent of total billed charges,1578.01,4276.62,No services performed during 15-month lookback period.,,facility
HB RADIANT-ABD AORTA S&I,75625,CPT,0323,RC,013182,CDM,,,,inpatient,,,6198.00,2479.20,First Health,Commercial,4276.62,69.00,,,,,0,percent of total billed charges,1578.01,4276.62,No services performed during 15-month lookback period.,,facility
HB XPER-ARROW NDL BONE MARROW BX 15CM,C1830,HCPCS,0272,RC,800996,CDM,,,,inpatient,,,585.20,234.08,First Health,Commercial,403.79,69.00,,,,,0,percent of total billed charges,148.99,403.79,No services performed during 15-month lookback period.,,facility
HB XPER-ARROW NDL BONE MARROW BX 15CM,C1830,HCPCS,0272,RC,800996,CDM,,,,inpatient,,,585.20,234.08,Multiplan/PHCS,Commercial,356.97,61.00,,,,,0,percent of total billed charges,148.99,403.79,No services performed during 15-month lookback period.,,facility
HB XPER-ARROW NDL BONE MARROW BX 15CM,C1830,HCPCS,0272,RC,800996,CDM,,,,inpatient,,,585.20,234.08,Simplified Benefits Administration,Narrow,152.15,26.00,,,,,0,percent of total billed charges,148.99,403.79,No services performed during 15-month lookback period.,,facility
HB XPER-ARROW NDL BONE MARROW BX 15CM,C1830,HCPCS,0272,RC,800996,CDM,,,,inpatient,,,585.20,234.08,Anthem Pathway,Commercial,,,Reimbursement bundled into per diem or MS-DRG where appropriate,,,,0,other,148.99,403.79,No services performed during 15-month lookback period.,,facility
HB XPER-ARROW NDL BONE MARROW BX 15CM,C1830,HCPCS,0272,RC,800996,CDM,,,,inpatient,,,585.20,234.08,Anthem,Medicare Advantage,,,Reimbursement bundled into MS-DRG rate where appropriate,,,,0,other,148.99,403.79,No services performed during 15-month lookback period.,,facility
SKIN GRAFT EXCEPT FOR SKIN ULCER OR CELLULITIS WITH MCC,576,MS-DRG,,,,,,,,inpatient,,,,,Anthem Pathway,Commercial,96269.37,,,,,,,case rate,17140.00,109051.70,"If the length of stay is greater than (160% multiplied by the geometric length of stay), which is the trim point, then allow ($19,642 base rate multiplied by the DRG relative weight plus ((the length of stay minus the trim point) multiplied by $6,543 per diem rate)","If the length of stay is greater than (160% multiplied by the geometric length of stay), which is the trim point, then allow ($19,642 base rate multiplied by the DRG relative weight plus ((the length of stay minus the trim point) multiplied by $6,543 per diem rate)",facility
SKIN GRAFT EXCEPT FOR SKIN ULCER OR CELLULITIS WITH MCC,576,MS-DRG,,,,,,,,inpatient,,,,,Anthem,Medicare Advantage,43522.93,,,,,,,case rate,17140.00,109051.70,,,facility
"ACUTE MYOCARDIAL INFARCTION, EXPIRED WITHOUT CC/MCC",285,MS-DRG,,,,,,,,inpatient,,,,,Anthem,Medicare Advantage,5854.39,,,,,,,case rate,5854.39,17140.00,,,facility
"ACUTE MYOCARDIAL INFARCTION, EXPIRED WITHOUT CC/MCC",285,MS-DRG,,,,,,,,inpatient,,,,,Anthem Pathway,Commercial,11763.59,,,,,,,case rate,5854.39,17140.00,"If the length of stay is greater than (160% multiplied by the geometric length of stay), which is the trim point, then allow ($19,642 base rate multiplied by the DRG relative weight plus ((the length of stay minus the trim point) multiplied by $6,543 per diem rate)","If the length of stay is greater than (160% multiplied by the geometric length of stay), which is the trim point, then allow ($19,642 base rate multiplied by the DRG relative weight plus ((the length of stay minus the trim point) multiplied by $6,543 per diem rate)",facility
ZIPRASIDONE 20 MG CAPSULE,0250,RC,50268-0811-11,NDC,RX-29778,CDM,,,,inpatient,1,UN,12.04,4.82,Anthem,Medicare Advantage,,,Reimbursement bundled into MS-DRG rate where appropriate,,,,0,other,3.07,8.31,No services performed during 15-month lookback period.,,facility
ZIPRASIDONE 20 MG CAPSULE,0250,RC,50268-0811-11,NDC,RX-29778,CDM,,,,inpatient,1,UN,12.04,4.82,Anthem Pathway,Commercial,,,Reimbursement bundled into per diem or MS-DRG where appropriate,,,,0,other,3.07,8.31,No services performed during 15-month lookback period.,,facility
ZIPRASIDONE 20 MG CAPSULE,0250,RC,50268-0811-11,NDC,RX-29778,CDM,,,,inpatient,1,UN,12.04,4.82,Multiplan/PHCS,Commercial,7.34,61.00,,,,,0,percent of total billed charges,3.07,8.31,No services performed during 15-month lookback period.,,facility
ZIPRASIDONE 20 MG CAPSULE,0250,RC,50268-0811-11,NDC,RX-29778,CDM,,,,inpatient,1,UN,12.04,4.82,First Health,Commercial,8.31,69.00,,,,,0,percent of total billed charges,3.07,8.31,No services performed during 15-month lookback period.,,facility
ZIPRASIDONE 20 MG CAPSULE,0250,RC,50268-0811-11,NDC,RX-29778,CDM,,,,inpatient,1,UN,12.04,4.82,Simplified Benefits Administration,Narrow,3.13,26.00,,,,,0,percent of total billed charges,3.07,8.31,No services performed during 15-month lookback period.,,facility
HB MOD SED SAME PHYS/QHP INITIAL 15 MINS 5/> YRS,99152,CPT,0379,RC,031628,CDM,,,,inpatient,,,397.00,158.80,First Health,Commercial,273.93,69.00,,,,,0,percent of total billed charges,101.08,273.93,No services performed during 15-month lookback period.,,facility
HB MOD SED SAME PHYS/QHP INITIAL 15 MINS 5/> YRS,99152,CPT,0379,RC,031628,CDM,,,,inpatient,,,397.00,158.80,Multiplan/PHCS,Commercial,242.17,61.00,,,,,0,percent of total billed charges,101.08,273.93,No services performed during 15-month lookback period.,,facility
HB MOD SED SAME PHYS/QHP INITIAL 15 MINS 5/> YRS,99152,CPT,0379,RC,031628,CDM,,,,inpatient,,,397.00,158.80,Simplified Benefits Administration,Narrow,103.22,26.00,,,,,0,percent of total billed charges,101.08,273.93,No services performed during 15-month lookback period.,,facility
HB MOD SED SAME PHYS/QHP INITIAL 15 MINS 5/> YRS,99152,CPT,0379,RC,031628,CDM,,,,inpatient,,,397.00,158.80,Anthem Pathway,Commercial,,,Reimbursement bundled into per diem or MS-DRG where appropriate,,,,0,other,101.08,273.93,No services performed during 15-month lookback period.,,facility
HB MOD SED SAME PHYS/QHP INITIAL 15 MINS 5/> YRS,99152,CPT,0379,RC,031628,CDM,,,,inpatient,,,397.00,158.80,Anthem,Medicare Advantage,,,Reimbursement bundled into MS-DRG rate where appropriate,,,,0,other,101.08,273.93,No services performed during 15-month lookback period.,,facility
CIPROFLOXACIN 0.3 % EYE DROPS,0250,RC,61314-0656-25,NDC,RX-9610,CDM,,,,inpatient,2.5,ML,31.17,12.47,Anthem,Medicare Advantage,,,Reimbursement bundled into MS-DRG rate where appropriate,,,,0,other,7.94,21.51,No services performed during 15-month lookback period.,,facility
CIPROFLOXACIN 0.3 % EYE DROPS,0250,RC,61314-0656-25,NDC,RX-9610,CDM,,,,inpatient,2.5,ML,31.17,12.47,Anthem Pathway,Commercial,,,Reimbursement bundled into per diem or MS-DRG where appropriate,,,,0,other,7.94,21.51,No services performed during 15-month lookback period.,,facility
CIPROFLOXACIN 0.3 % EYE DROPS,0250,RC,61314-0656-25,NDC,RX-9610,CDM,,,,inpatient,2.5,ML,31.17,12.47,Simplified Benefits Administration,Narrow,8.10,26.00,,,,,0,percent of total billed charges,7.94,21.51,No services performed during 15-month lookback period.,,facility
CIPROFLOXACIN 0.3 % EYE DROPS,0250,RC,61314-0656-25,NDC,RX-9610,CDM,,,,inpatient,2.5,ML,31.17,12.47,Multiplan/PHCS,Commercial,19.01,61.00,,,,,0,percent of total billed charges,7.94,21.51,No services performed during 15-month lookback period.,,facility
CIPROFLOXACIN 0.3 % EYE DROPS,0250,RC,61314-0656-25,NDC,RX-9610,CDM,,,,inpatient,2.5,ML,31.17,12.47,First Health,Commercial,21.51,69.00,,,,,0,percent of total billed charges,7.94,21.51,No services performed during 15-month lookback period.,,facility
HB OBSTETRIC PANEL,80055,CPT,0301,RC,575651,CDM,,,,inpatient,,,330.00,132.00,First Health,Commercial,227.70,69.00,,,,,0,percent of total billed charges,84.02,227.70,No services performed during 15-month lookback period.,,facility
HB OBSTETRIC PANEL,80055,CPT,0301,RC,575651,CDM,,,,inpatient,,,330.00,132.00,Multiplan/PHCS,Commercial,201.30,61.00,,,,,0,percent of total billed charges,84.02,227.70,No services performed during 15-month lookback period.,,facility
HB OBSTETRIC PANEL,80055,CPT,0301,RC,575651,CDM,,,,inpatient,,,330.00,132.00,Simplified Benefits Administration,Narrow,85.80,26.00,,,,,0,percent of total billed charges,84.02,227.70,No services performed during 15-month lookback period.,,facility
HB OBSTETRIC PANEL,80055,CPT,0301,RC,575651,CDM,,,,inpatient,,,330.00,132.00,Anthem Pathway,Commercial,,,Reimbursement bundled into per diem or MS-DRG where appropriate,,,,0,other,84.02,227.70,No services performed during 15-month lookback period.,,facility
HB OBSTETRIC PANEL,80055,CPT,0301,RC,575651,CDM,,,,inpatient,,,330.00,132.00,Anthem,Medicare Advantage,,,Reimbursement bundled into MS-DRG rate where appropriate,,,,0,other,84.02,227.70,No services performed during 15-month lookback period.,,facility
HB OBS DIRECT ADMIT,G0379,HCPCS,0762,RC,014911,CDM,,,,inpatient,,,1300.00,520.00,Anthem,Medicare Advantage,,,Reimbursement bundled into MS-DRG rate where appropriate,,,,0,other,330.98,897.00,No services performed during 15-month lookback period.,,facility
HB OBS DIRECT ADMIT,G0379,HCPCS,0762,RC,014911,CDM,,,,inpatient,,,1300.00,520.00,Anthem Pathway,Commercial,,,Reimbursement bundled into per diem or MS-DRG where appropriate,,,,0,other,330.98,897.00,No services performed during 15-month lookback period.,,facility
HB OBS DIRECT ADMIT,G0379,HCPCS,0762,RC,014911,CDM,,,,inpatient,,,1300.00,520.00,Simplified Benefits Administration,Narrow,338.00,26.00,,,,,0,percent of total billed charges,330.98,897.00,No services performed during 15-month lookback period.,,facility
HB OBS DIRECT ADMIT,G0379,HCPCS,0762,RC,014911,CDM,,,,inpatient,,,1300.00,520.00,First Health,Commercial,897.00,69.00,,,,,0,percent of total billed charges,330.98,897.00,No services performed during 15-month lookback period.,,facility
HB OBS DIRECT ADMIT,G0379,HCPCS,0762,RC,014911,CDM,,,,inpatient,,,1300.00,520.00,Multiplan/PHCS,Commercial,793.00,61.00,,,,,0,percent of total billed charges,330.98,897.00,No services performed during 15-month lookback period.,,facility
INFLAMMATORY BOWEL DISEASE WITH CC,386,MS-DRG,,,,,,,,inpatient,,,,,Anthem Pathway,Commercial,19176.48,,,,,,,case rate,9158.68,21722.68,"If the length of stay is greater than (160% multiplied by the geometric length of stay), which is the trim point, then allow ($19,642 base rate multiplied by the DRG relative weight plus ((the length of stay minus the trim point) multiplied by $6,543 per diem rate)","If the length of stay is greater than (160% multiplied by the geometric length of stay), which is the trim point, then allow ($19,642 base rate multiplied by the DRG relative weight plus ((the length of stay minus the trim point) multiplied by $6,543 per diem rate)",facility
INFLAMMATORY BOWEL DISEASE WITH CC,386,MS-DRG,,,,,,,,inpatient,,,,,Anthem,Medicare Advantage,9158.68,,,,,,,case rate,9158.68,21722.68,,,facility
MIDAZOLAM 5 MG/ML INJECTION SOLUTION,J2250,HCPCS,0636,RC,63323-0412-25,NDC,RX-10608,CDM,,inpatient,1,ML,32.92,13.17,Anthem,Medicare Advantage,,,Reimbursement bundled into MS-DRG rate where appropriate,,,,0,other,8.38,22.71,No services performed during 15-month lookback period.,,facility
MIDAZOLAM 5 MG/ML INJECTION SOLUTION,J2250,HCPCS,0636,RC,63323-0412-25,NDC,RX-10608,CDM,,inpatient,1,ML,32.92,13.17,Anthem Pathway,Commercial,,,Reimbursement bundled into per diem or MS-DRG where appropriate,,,,0,other,8.38,22.71,No services performed during 15-month lookback period.,,facility
MIDAZOLAM 5 MG/ML INJECTION SOLUTION,J2250,HCPCS,0636,RC,63323-0412-25,NDC,RX-10608,CDM,,inpatient,1,ML,32.92,13.17,First Health,Commercial,22.71,69.00,,,,,0,percent of total billed charges,8.38,22.71,No services performed during 15-month lookback period.,,facility
MIDAZOLAM 5 MG/ML INJECTION SOLUTION,J2250,HCPCS,0636,RC,63323-0412-25,NDC,RX-10608,CDM,,inpatient,1,ML,32.92,13.17,Simplified Benefits Administration,Narrow,8.56,26.00,,,,,0,percent of total billed charges,8.38,22.71,No services performed during 15-month lookback period.,,facility
MIDAZOLAM 5 MG/ML INJECTION SOLUTION,J2250,HCPCS,0636,RC,63323-0412-25,NDC,RX-10608,CDM,,inpatient,1,ML,32.92,13.17,Multiplan/PHCS,Commercial,20.08,61.00,,,,,0,percent of total billed charges,8.38,22.71,No services performed during 15-month lookback period.,,facility
NITROPRUSSIDE 20 MG/100 ML (0.2 MG/ML) IN 0.9% SODIUM CHLORIDE IV SOLN,0250,RC,51754-1029-01,NDC,RX-196904,CDM,,,,inpatient,100,ML,120.44,48.18,Simplified Benefits Administration,Narrow,31.31,26.00,,,,,0,percent of total billed charges,30.66,83.10,No services performed during 15-month lookback period.,,facility
NITROPRUSSIDE 20 MG/100 ML (0.2 MG/ML) IN 0.9% SODIUM CHLORIDE IV SOLN,0250,RC,51754-1029-01,NDC,RX-196904,CDM,,,,inpatient,100,ML,120.44,48.18,First Health,Commercial,83.10,69.00,,,,,0,percent of total billed charges,30.66,83.10,No services performed during 15-month lookback period.,,facility
NITROPRUSSIDE 20 MG/100 ML (0.2 MG/ML) IN 0.9% SODIUM CHLORIDE IV SOLN,0250,RC,51754-1029-01,NDC,RX-196904,CDM,,,,inpatient,100,ML,120.44,48.18,Multiplan/PHCS,Commercial,73.47,61.00,,,,,0,percent of total billed charges,30.66,83.10,No services performed during 15-month lookback period.,,facility
NITROPRUSSIDE 20 MG/100 ML (0.2 MG/ML) IN 0.9% SODIUM CHLORIDE IV SOLN,0250,RC,51754-1029-01,NDC,RX-196904,CDM,,,,inpatient,100,ML,120.44,48.18,Anthem Pathway,Commercial,,,Reimbursement bundled into per diem or MS-DRG where appropriate,,,,0,other,30.66,83.10,No services performed during 15-month lookback period.,,facility
NITROPRUSSIDE 20 MG/100 ML (0.2 MG/ML) IN 0.9% SODIUM CHLORIDE IV SOLN,0250,RC,51754-1029-01,NDC,RX-196904,CDM,,,,inpatient,100,ML,120.44,48.18,Anthem,Medicare Advantage,,,Reimbursement bundled into MS-DRG rate where appropriate,,,,0,other,30.66,83.10,No services performed during 15-month lookback period.,,facility
BENZOCAINE 6 MG-MENTHOL 10 MG LOZENGES (BOX DISPENSE),0250,RC,78112-0012-66,NDC,RX-708347,CDM,,,,inpatient,1,UN,6.35,2.54,Anthem,Medicare Advantage,,,Reimbursement bundled into MS-DRG rate where appropriate,,,,0,other,1.62,4.38,No services performed during 15-month lookback period.,,facility
BENZOCAINE 6 MG-MENTHOL 10 MG LOZENGES (BOX DISPENSE),0250,RC,78112-0012-66,NDC,RX-708347,CDM,,,,inpatient,1,UN,6.35,2.54,Anthem Pathway,Commercial,,,Reimbursement bundled into per diem or MS-DRG where appropriate,,,,0,other,1.62,4.38,No services performed during 15-month lookback period.,,facility
BENZOCAINE 6 MG-MENTHOL 10 MG LOZENGES (BOX DISPENSE),0250,RC,78112-0012-66,NDC,RX-708347,CDM,,,,inpatient,1,UN,6.35,2.54,Multiplan/PHCS,Commercial,3.87,61.00,,,,,0,percent of total billed charges,1.62,4.38,No services performed during 15-month lookback period.,,facility
BENZOCAINE 6 MG-MENTHOL 10 MG LOZENGES (BOX DISPENSE),0250,RC,78112-0012-66,NDC,RX-708347,CDM,,,,inpatient,1,UN,6.35,2.54,First Health,Commercial,4.38,69.00,,,,,0,percent of total billed charges,1.62,4.38,No services performed during 15-month lookback period.,,facility
BENZOCAINE 6 MG-MENTHOL 10 MG LOZENGES (BOX DISPENSE),0250,RC,78112-0012-66,NDC,RX-708347,CDM,,,,inpatient,1,UN,6.35,2.54,Simplified Benefits Administration,Narrow,1.65,26.00,,,,,0,percent of total billed charges,1.62,4.38,No services performed during 15-month lookback period.,,facility
HB VITEK ID YEAST,87106,CPT,0306,RC,771500,CDM,,,,inpatient,,,198.00,79.20,Simplified Benefits Administration,Narrow,51.48,26.00,,,,,0,percent of total billed charges,50.41,136.62,No services performed during 15-month lookback period.,,facility
HB VITEK ID YEAST,87106,CPT,0306,RC,771500,CDM,,,,inpatient,,,198.00,79.20,First Health,Commercial,136.62,69.00,,,,,0,percent of total billed charges,50.41,136.62,No services performed during 15-month lookback period.,,facility
HB VITEK ID YEAST,87106,CPT,0306,RC,771500,CDM,,,,inpatient,,,198.00,79.20,Multiplan/PHCS,Commercial,120.78,61.00,,,,,0,percent of total billed charges,50.41,136.62,No services performed during 15-month lookback period.,,facility
HB VITEK ID YEAST,87106,CPT,0306,RC,771500,CDM,,,,inpatient,,,198.00,79.20,Anthem Pathway,Commercial,,,Reimbursement bundled into per diem or MS-DRG where appropriate,,,,0,other,50.41,136.62,No services performed during 15-month lookback period.,,facility
HB VITEK ID YEAST,87106,CPT,0306,RC,771500,CDM,,,,inpatient,,,198.00,79.20,Anthem,Medicare Advantage,,,Reimbursement bundled into MS-DRG rate where appropriate,,,,0,other,50.41,136.62,No services performed during 15-month lookback period.,,facility
INDOCYANINE GREEN 25 MG SOLUTION FOR INJECTION,0250,RC,70100-0424-02,NDC,RX-10266,CDM,,,,inpatient,1,UN,406.88,162.76,Anthem,Medicare Advantage,,,Reimbursement bundled into MS-DRG rate where appropriate,,,,0,other,103.59,280.75,No services performed during 15-month lookback period.,,facility
INDOCYANINE GREEN 25 MG SOLUTION FOR INJECTION,0250,RC,70100-0424-02,NDC,RX-10266,CDM,,,,inpatient,1,UN,406.88,162.76,Anthem Pathway,Commercial,,,Reimbursement bundled into per diem or MS-DRG where appropriate,,,,0,other,103.59,280.75,No services performed during 15-month lookback period.,,facility
INDOCYANINE GREEN 25 MG SOLUTION FOR INJECTION,0250,RC,70100-0424-02,NDC,RX-10266,CDM,,,,inpatient,1,UN,406.88,162.76,Multiplan/PHCS,Commercial,248.20,61.00,,,,,0,percent of total billed charges,103.59,280.75,No services performed during 15-month lookback period.,,facility
INDOCYANINE GREEN 25 MG SOLUTION FOR INJECTION,0250,RC,70100-0424-02,NDC,RX-10266,CDM,,,,inpatient,1,UN,406.88,162.76,First Health,Commercial,280.75,69.00,,,,,0,percent of total billed charges,103.59,280.75,No services performed during 15-month lookback period.,,facility
INDOCYANINE GREEN 25 MG SOLUTION FOR INJECTION,0250,RC,70100-0424-02,NDC,RX-10266,CDM,,,,inpatient,1,UN,406.88,162.76,Simplified Benefits Administration,Narrow,105.79,26.00,,,,,0,percent of total billed charges,103.59,280.75,No services performed during 15-month lookback period.,,facility
IBUPROFEN 400 MG TABLET,0250,RC,00904-5853-61,NDC,RX-3843,CDM,,,,inpatient,1,UN,7.63,3.06,Simplified Benefits Administration,Narrow,1.98,26.00,,,,,0,percent of total billed charges,1.94,5.26,No services performed during 15-month lookback period.,,facility
IBUPROFEN 400 MG TABLET,0250,RC,00904-5853-61,NDC,RX-3843,CDM,,,,inpatient,1,UN,7.63,3.06,Multiplan/PHCS,Commercial,4.65,61.00,,,,,0,percent of total billed charges,1.94,5.26,No services performed during 15-month lookback period.,,facility
IBUPROFEN 400 MG TABLET,0250,RC,00904-5853-61,NDC,RX-3843,CDM,,,,inpatient,1,UN,7.63,3.06,First Health,Commercial,5.26,69.00,,,,,0,percent of total billed charges,1.94,5.26,No services performed during 15-month lookback period.,,facility
IBUPROFEN 400 MG TABLET,0250,RC,00904-5853-61,NDC,RX-3843,CDM,,,,inpatient,1,UN,7.63,3.06,Anthem Pathway,Commercial,,,Reimbursement bundled into per diem or MS-DRG where appropriate,,,,0,other,1.94,5.26,No services performed during 15-month lookback period.,,facility
IBUPROFEN 400 MG TABLET,0250,RC,00904-5853-61,NDC,RX-3843,CDM,,,,inpatient,1,UN,7.63,3.06,Anthem,Medicare Advantage,,,Reimbursement bundled into MS-DRG rate where appropriate,,,,0,other,1.94,5.26,No services performed during 15-month lookback period.,,facility
HB ANTINUCLEAR ANTIBODY,86039,CPT,0302,RC,581703,CDM,,,,inpatient,,,91.00,36.40,Anthem,Medicare Advantage,,,Reimbursement bundled into MS-DRG rate where appropriate,,,,0,other,23.17,62.79,No services performed during 15-month lookback period.,,facility
HB ANTINUCLEAR ANTIBODY,86039,CPT,0302,RC,581703,CDM,,,,inpatient,,,91.00,36.40,Anthem Pathway,Commercial,,,Reimbursement bundled into per diem or MS-DRG where appropriate,,,,0,other,23.17,62.79,No services performed during 15-month lookback period.,,facility
HB ANTINUCLEAR ANTIBODY,86039,CPT,0302,RC,581703,CDM,,,,inpatient,,,91.00,36.40,Multiplan/PHCS,Commercial,55.51,61.00,,,,,0,percent of total billed charges,23.17,62.79,No services performed during 15-month lookback period.,,facility
HB ANTINUCLEAR ANTIBODY,86039,CPT,0302,RC,581703,CDM,,,,inpatient,,,91.00,36.40,First Health,Commercial,62.79,69.00,,,,,0,percent of total billed charges,23.17,62.79,No services performed during 15-month lookback period.,,facility
HB ANTINUCLEAR ANTIBODY,86039,CPT,0302,RC,581703,CDM,,,,inpatient,,,91.00,36.40,Simplified Benefits Administration,Narrow,23.66,26.00,,,,,0,percent of total billed charges,23.17,62.79,No services performed during 15-month lookback period.,,facility
HB AFB SMEAR,87206,CPT,0306,RC,773001,CDM,,,,inpatient,,,167.00,66.80,Simplified Benefits Administration,Narrow,43.42,26.00,,,,,0,percent of total billed charges,42.52,115.23,No services performed during 15-month lookback period.,,facility
HB AFB SMEAR,87206,CPT,0306,RC,773001,CDM,,,,inpatient,,,167.00,66.80,Multiplan/PHCS,Commercial,101.87,61.00,,,,,0,percent of total billed charges,42.52,115.23,No services performed during 15-month lookback period.,,facility
HB AFB SMEAR,87206,CPT,0306,RC,773001,CDM,,,,inpatient,,,167.00,66.80,First Health,Commercial,115.23,69.00,,,,,0,percent of total billed charges,42.52,115.23,No services performed during 15-month lookback period.,,facility
HB AFB SMEAR,87206,CPT,0306,RC,773001,CDM,,,,inpatient,,,167.00,66.80,Anthem Pathway,Commercial,,,Reimbursement bundled into per diem or MS-DRG where appropriate,,,,0,other,42.52,115.23,No services performed during 15-month lookback period.,,facility
HB AFB SMEAR,87206,CPT,0306,RC,773001,CDM,,,,inpatient,,,167.00,66.80,Anthem,Medicare Advantage,,,Reimbursement bundled into MS-DRG rate where appropriate,,,,0,other,42.52,115.23,No services performed during 15-month lookback period.,,facility
HB STIFF-PERSON SPECTRUM DISORDER EVAL ICA SENDOUT,86341,CPT,0302,RC,771654,CDM,,,,inpatient,,,2124.10,849.64,Anthem,Medicare Advantage,,,Reimbursement bundled into MS-DRG rate where appropriate,,,,0,other,540.80,1465.63,No services performed during 15-month lookback period.,,facility
HB STIFF-PERSON SPECTRUM DISORDER EVAL ICA SENDOUT,86341,CPT,0302,RC,771654,CDM,,,,inpatient,,,2124.10,849.64,Anthem Pathway,Commercial,,,Reimbursement bundled into per diem or MS-DRG where appropriate,,,,0,other,540.80,1465.63,No services performed during 15-month lookback period.,,facility
HB STIFF-PERSON SPECTRUM DISORDER EVAL ICA SENDOUT,86341,CPT,0302,RC,771654,CDM,,,,inpatient,,,2124.10,849.64,First Health,Commercial,1465.63,69.00,,,,,0,percent of total billed charges,540.80,1465.63,No services performed during 15-month lookback period.,,facility
HB STIFF-PERSON SPECTRUM DISORDER EVAL ICA SENDOUT,86341,CPT,0302,RC,771654,CDM,,,,inpatient,,,2124.10,849.64,Multiplan/PHCS,Commercial,1295.70,61.00,,,,,0,percent of total billed charges,540.80,1465.63,No services performed during 15-month lookback period.,,facility
HB STIFF-PERSON SPECTRUM DISORDER EVAL ICA SENDOUT,86341,CPT,0302,RC,771654,CDM,,,,inpatient,,,2124.10,849.64,Simplified Benefits Administration,Narrow,552.27,26.00,,,,,0,percent of total billed charges,540.80,1465.63,No services performed during 15-month lookback period.,,facility
PROTAMINE 10 MG/ML INTRAVENOUS SOLUTION,J2720,HCPCS,0636,RC,63323-0229-30,NDC,RX-6677,CDM,,inpatient,25,ML,129.77,51.91,Simplified Benefits Administration,Narrow,33.74,26.00,,,,,0,percent of total billed charges,33.04,89.54,No services performed during 15-month lookback period.,,facility
PROTAMINE 10 MG/ML INTRAVENOUS SOLUTION,J2720,HCPCS,0636,RC,63323-0229-30,NDC,RX-6677,CDM,,inpatient,25,ML,129.77,51.91,Multiplan/PHCS,Commercial,79.16,61.00,,,,,0,percent of total billed charges,33.04,89.54,No services performed during 15-month lookback period.,,facility
PROTAMINE 10 MG/ML INTRAVENOUS SOLUTION,J2720,HCPCS,0636,RC,63323-0229-30,NDC,RX-6677,CDM,,inpatient,25,ML,129.77,51.91,Anthem Pathway,Commercial,,,Reimbursement bundled into per diem or MS-DRG where appropriate,,,,0,other,33.04,89.54,No services performed during 15-month lookback period.,,facility
PROTAMINE 10 MG/ML INTRAVENOUS SOLUTION,J2720,HCPCS,0636,RC,63323-0229-30,NDC,RX-6677,CDM,,inpatient,25,ML,129.77,51.91,First Health,Commercial,89.54,69.00,,,,,0,percent of total billed charges,33.04,89.54,No services performed during 15-month lookback period.,,facility
PROTAMINE 10 MG/ML INTRAVENOUS SOLUTION,J2720,HCPCS,0636,RC,63323-0229-30,NDC,RX-6677,CDM,,inpatient,25,ML,129.77,51.91,Anthem,Medicare Advantage,,,Reimbursement bundled into MS-DRG rate where appropriate,,,,0,other,33.04,89.54,No services performed during 15-month lookback period.,,facility
HB CONTROL NASAL HEM ANTERIOR; SIMPLE,30901,CPT,0761,RC,028208,CDM,,,,inpatient,,,594.00,237.60,Anthem,Medicare Advantage,,,Reimbursement bundled into MS-DRG rate where appropriate,,,,0,other,151.23,409.86,No services performed during 15-month lookback period.,,facility
HB CONTROL NASAL HEM ANTERIOR; SIMPLE,30901,CPT,0761,RC,028208,CDM,,,,inpatient,,,594.00,237.60,First Health,Commercial,409.86,69.00,,,,,0,percent of total billed charges,151.23,409.86,No services performed during 15-month lookback period.,,facility
HB CONTROL NASAL HEM ANTERIOR; SIMPLE,30901,CPT,0761,RC,028208,CDM,,,,inpatient,,,594.00,237.60,Anthem Pathway,Commercial,,,Reimbursement bundled into per diem or MS-DRG where appropriate,,,,0,other,151.23,409.86,No services performed during 15-month lookback period.,,facility
HB CONTROL NASAL HEM ANTERIOR; SIMPLE,30901,CPT,0761,RC,028208,CDM,,,,inpatient,,,594.00,237.60,Multiplan/PHCS,Commercial,362.34,61.00,,,,,0,percent of total billed charges,151.23,409.86,No services performed during 15-month lookback period.,,facility
HB CONTROL NASAL HEM ANTERIOR; SIMPLE,30901,CPT,0761,RC,028208,CDM,,,,inpatient,,,594.00,237.60,Simplified Benefits Administration,Narrow,154.44,26.00,,,,,0,percent of total billed charges,151.23,409.86,No services performed during 15-month lookback period.,,facility
HB CF FUNGAL SCREEN,87102,CPT,0306,RC,582599,CDM,,,,inpatient,,,156.00,62.40,Multiplan/PHCS,Commercial,95.16,61.00,,,,,0,percent of total billed charges,39.72,107.64,No services performed during 15-month lookback period.,,facility
HB CF FUNGAL SCREEN,87102,CPT,0306,RC,582599,CDM,,,,inpatient,,,156.00,62.40,First Health,Commercial,107.64,69.00,,,,,0,percent of total billed charges,39.72,107.64,No services performed during 15-month lookback period.,,facility
HB CF FUNGAL SCREEN,87102,CPT,0306,RC,582599,CDM,,,,inpatient,,,156.00,62.40,Anthem Pathway,Commercial,,,Reimbursement bundled into per diem or MS-DRG where appropriate,,,,0,other,39.72,107.64,No services performed during 15-month lookback period.,,facility
HB CF FUNGAL SCREEN,87102,CPT,0306,RC,582599,CDM,,,,inpatient,,,156.00,62.40,Anthem,Medicare Advantage,,,Reimbursement bundled into MS-DRG rate where appropriate,,,,0,other,39.72,107.64,No services performed during 15-month lookback period.,,facility
HB CF FUNGAL SCREEN,87102,CPT,0306,RC,582599,CDM,,,,inpatient,,,156.00,62.40,Simplified Benefits Administration,Narrow,40.56,26.00,,,,,0,percent of total billed charges,39.72,107.64,No services performed during 15-month lookback period.,,facility
HB NORMAL SALINE 1000 ML,J7030,HCPCS,0250,RC,570280,CDM,,,,inpatient,,,326.25,130.50,Anthem,Medicare Advantage,,,Reimbursement bundled into MS-DRG rate where appropriate,,,,0,other,83.06,225.11,No services performed during 15-month lookback period.,,facility
HB NORMAL SALINE 1000 ML,J7030,HCPCS,0250,RC,570280,CDM,,,,inpatient,,,326.25,130.50,Anthem Pathway,Commercial,,,Reimbursement bundled into per diem or MS-DRG where appropriate,,,,0,other,83.06,225.11,No services performed during 15-month lookback period.,,facility
HB NORMAL SALINE 1000 ML,J7030,HCPCS,0250,RC,570280,CDM,,,,inpatient,,,326.25,130.50,First Health,Commercial,225.11,69.00,,,,,0,percent of total billed charges,83.06,225.11,No services performed during 15-month lookback period.,,facility
HB NORMAL SALINE 1000 ML,J7030,HCPCS,0250,RC,570280,CDM,,,,inpatient,,,326.25,130.50,Multiplan/PHCS,Commercial,199.01,61.00,,,,,0,percent of total billed charges,83.06,225.11,No services performed during 15-month lookback period.,,facility
HB NORMAL SALINE 1000 ML,J7030,HCPCS,0250,RC,570280,CDM,,,,inpatient,,,326.25,130.50,Simplified Benefits Administration,Narrow,84.83,26.00,,,,,0,percent of total billed charges,83.06,225.11,No services performed during 15-month lookback period.,,facility
HB RADIANT-HAND 2 VIEWS,73120,CPT,0320,RC,002487,CDM,,,,inpatient,,,485.00,194.00,Simplified Benefits Administration,Narrow,126.10,26.00,,,,,0,percent of total billed charges,123.48,334.65,No services performed during 15-month lookback period.,,facility
HB RADIANT-HAND 2 VIEWS,73120,CPT,0320,RC,002487,CDM,,,,inpatient,,,485.00,194.00,Multiplan/PHCS,Commercial,295.85,61.00,,,,,0,percent of total billed charges,123.48,334.65,No services performed during 15-month lookback period.,,facility
HB RADIANT-HAND 2 VIEWS,73120,CPT,0320,RC,002487,CDM,,,,inpatient,,,485.00,194.00,Anthem Pathway,Commercial,,,Reimbursement bundled into per diem or MS-DRG where appropriate,,,,0,other,123.48,334.65,No services performed during 15-month lookback period.,,facility
HB RADIANT-HAND 2 VIEWS,73120,CPT,0320,RC,002487,CDM,,,,inpatient,,,485.00,194.00,First Health,Commercial,334.65,69.00,,,,,0,percent of total billed charges,123.48,334.65,No services performed during 15-month lookback period.,,facility
HB RADIANT-HAND 2 VIEWS,73120,CPT,0320,RC,002487,CDM,,,,inpatient,,,485.00,194.00,Anthem,Medicare Advantage,,,Reimbursement bundled into MS-DRG rate where appropriate,,,,0,other,123.48,334.65,No services performed during 15-month lookback period.,,facility
CARBOPROST TROMETHAMINE 250 MCG/ML INTRAMUSCULAR SOLUTION,0250,RC,43598-0698-58,NDC,RX-9413,CDM,,,,inpatient,1,ML,162.83,65.14,Anthem,Medicare Advantage,,,Reimbursement bundled into MS-DRG rate where appropriate,,,,0,other,41.46,112.35,No services performed during 15-month lookback period.,,facility
CARBOPROST TROMETHAMINE 250 MCG/ML INTRAMUSCULAR SOLUTION,0250,RC,43598-0698-58,NDC,RX-9413,CDM,,,,inpatient,1,ML,162.83,65.14,Anthem Pathway,Commercial,,,Reimbursement bundled into per diem or MS-DRG where appropriate,,,,0,other,41.46,112.35,No services performed during 15-month lookback period.,,facility
CARBOPROST TROMETHAMINE 250 MCG/ML INTRAMUSCULAR SOLUTION,0250,RC,43598-0698-58,NDC,RX-9413,CDM,,,,inpatient,1,ML,162.83,65.14,First Health,Commercial,112.35,69.00,,,,,0,percent of total billed charges,41.46,112.35,No services performed during 15-month lookback period.,,facility
CARBOPROST TROMETHAMINE 250 MCG/ML INTRAMUSCULAR SOLUTION,0250,RC,43598-0698-58,NDC,RX-9413,CDM,,,,inpatient,1,ML,162.83,65.14,Multiplan/PHCS,Commercial,99.33,61.00,,,,,0,percent of total billed charges,41.46,112.35,No services performed during 15-month lookback period.,,facility
CARBOPROST TROMETHAMINE 250 MCG/ML INTRAMUSCULAR SOLUTION,0250,RC,43598-0698-58,NDC,RX-9413,CDM,,,,inpatient,1,ML,162.83,65.14,Simplified Benefits Administration,Narrow,42.34,26.00,,,,,0,percent of total billed charges,41.46,112.35,No services performed during 15-month lookback period.,,facility
HB IRON,83540,CPT,0301,RC,778120,CDM,,,,inpatient,,,126.00,50.40,Simplified Benefits Administration,Narrow,32.76,26.00,,,,,0,percent of total billed charges,32.08,86.94,No services performed during 15-month lookback period.,,facility
HB IRON,83540,CPT,0301,RC,778120,CDM,,,,inpatient,,,126.00,50.40,Multiplan/PHCS,Commercial,76.86,61.00,,,,,0,percent of total billed charges,32.08,86.94,No services performed during 15-month lookback period.,,facility
HB IRON,83540,CPT,0301,RC,778120,CDM,,,,inpatient,,,126.00,50.40,First Health,Commercial,86.94,69.00,,,,,0,percent of total billed charges,32.08,86.94,No services performed during 15-month lookback period.,,facility
HB IRON,83540,CPT,0301,RC,778120,CDM,,,,inpatient,,,126.00,50.40,Anthem Pathway,Commercial,,,Reimbursement bundled into per diem or MS-DRG where appropriate,,,,0,other,32.08,86.94,No services performed during 15-month lookback period.,,facility
HB IRON,83540,CPT,0301,RC,778120,CDM,,,,inpatient,,,126.00,50.40,Anthem,Medicare Advantage,,,Reimbursement bundled into MS-DRG rate where appropriate,,,,0,other,32.08,86.94,No services performed during 15-month lookback period.,,facility
HB XPER-COOK NDL CHIBA,A4649,HCPCS,0270,RC,800890,CDM,,,,inpatient,,,12.20,4.88,Anthem,Medicare Advantage,,,Reimbursement bundled into MS-DRG rate where appropriate,,,,0,other,3.11,8.42,No services performed during 15-month lookback period.,,facility
HB XPER-COOK NDL CHIBA,A4649,HCPCS,0270,RC,800890,CDM,,,,inpatient,,,12.20,4.88,First Health,Commercial,8.42,69.00,,,,,0,percent of total billed charges,3.11,8.42,No services performed during 15-month lookback period.,,facility
HB XPER-COOK NDL CHIBA,A4649,HCPCS,0270,RC,800890,CDM,,,,inpatient,,,12.20,4.88,Anthem Pathway,Commercial,,,Reimbursement bundled into per diem or MS-DRG where appropriate,,,,0,other,3.11,8.42,No services performed during 15-month lookback period.,,facility
HB XPER-COOK NDL CHIBA,A4649,HCPCS,0270,RC,800890,CDM,,,,inpatient,,,12.20,4.88,Multiplan/PHCS,Commercial,7.44,61.00,,,,,0,percent of total billed charges,3.11,8.42,No services performed during 15-month lookback period.,,facility
HB XPER-COOK NDL CHIBA,A4649,HCPCS,0270,RC,800890,CDM,,,,inpatient,,,12.20,4.88,Simplified Benefits Administration,Narrow,3.17,26.00,,,,,0,percent of total billed charges,3.11,8.42,No services performed during 15-month lookback period.,,facility
HB AHG DIRECT NEGATIVE ANTISERA EACH,86880,CPT,0300,RC,770214,CDM,,,,inpatient,,,872.85,349.14,Simplified Benefits Administration,Narrow,226.94,26.00,,,,,0,percent of total billed charges,222.23,602.27,No services performed during 15-month lookback period.,,facility
HB AHG DIRECT NEGATIVE ANTISERA EACH,86880,CPT,0300,RC,770214,CDM,,,,inpatient,,,872.85,349.14,Multiplan/PHCS,Commercial,532.44,61.00,,,,,0,percent of total billed charges,222.23,602.27,No services performed during 15-month lookback period.,,facility
HB AHG DIRECT NEGATIVE ANTISERA EACH,86880,CPT,0300,RC,770214,CDM,,,,inpatient,,,872.85,349.14,Anthem Pathway,Commercial,,,Reimbursement bundled into per diem or MS-DRG where appropriate,,,,0,other,222.23,602.27,No services performed during 15-month lookback period.,,facility
HB AHG DIRECT NEGATIVE ANTISERA EACH,86880,CPT,0300,RC,770214,CDM,,,,inpatient,,,872.85,349.14,First Health,Commercial,602.27,69.00,,,,,0,percent of total billed charges,222.23,602.27,No services performed during 15-month lookback period.,,facility
HB AHG DIRECT NEGATIVE ANTISERA EACH,86880,CPT,0300,RC,770214,CDM,,,,inpatient,,,872.85,349.14,Anthem,Medicare Advantage,,,Reimbursement bundled into MS-DRG rate where appropriate,,,,0,other,222.23,602.27,No services performed during 15-month lookback period.,,facility
HB RADIANT-MRI UP EXTREM NOT JT W/O&W/CONT,73220,CPT,0614,RC,011294,CDM,,,,inpatient,,,5965.00,2386.00,Anthem,Medicare Advantage,,,Reimbursement bundled into MS-DRG rate where appropriate,,,,0,other,1518.69,4115.85,No services performed during 15-month lookback period.,,facility
HB RADIANT-MRI UP EXTREM NOT JT W/O&W/CONT,73220,CPT,0614,RC,011294,CDM,,,,inpatient,,,5965.00,2386.00,Anthem Pathway,Commercial,,,Reimbursement bundled into per diem or MS-DRG where appropriate,,,,0,other,1518.69,4115.85,No services performed during 15-month lookback period.,,facility
HB RADIANT-MRI UP EXTREM NOT JT W/O&W/CONT,73220,CPT,0614,RC,011294,CDM,,,,inpatient,,,5965.00,2386.00,Multiplan/PHCS,Commercial,3638.65,61.00,,,,,0,percent of total billed charges,1518.69,4115.85,No services performed during 15-month lookback period.,,facility
HB RADIANT-MRI UP EXTREM NOT JT W/O&W/CONT,73220,CPT,0614,RC,011294,CDM,,,,inpatient,,,5965.00,2386.00,First Health,Commercial,4115.85,69.00,,,,,0,percent of total billed charges,1518.69,4115.85,No services performed during 15-month lookback period.,,facility
HB RADIANT-MRI UP EXTREM NOT JT W/O&W/CONT,73220,CPT,0614,RC,011294,CDM,,,,inpatient,,,5965.00,2386.00,Simplified Benefits Administration,Narrow,1550.90,26.00,,,,,0,percent of total billed charges,1518.69,4115.85,No services performed during 15-month lookback period.,,facility
LEVOTHYROXINE 50 MCG TABLET,0250,RC,00904-6950-61,NDC,RX-4421,CDM,,,,inpatient,1,UN,8.20,3.28,Simplified Benefits Administration,Narrow,2.13,26.00,,,,,0,percent of total billed charges,2.09,5.66,No services performed during 15-month lookback period.,,facility
LEVOTHYROXINE 50 MCG TABLET,0250,RC,00904-6950-61,NDC,RX-4421,CDM,,,,inpatient,1,UN,8.20,3.28,Multiplan/PHCS,Commercial,5.00,61.00,,,,,0,percent of total billed charges,2.09,5.66,No services performed during 15-month lookback period.,,facility
LEVOTHYROXINE 50 MCG TABLET,0250,RC,00904-6950-61,NDC,RX-4421,CDM,,,,inpatient,1,UN,8.20,3.28,First Health,Commercial,5.66,69.00,,,,,0,percent of total billed charges,2.09,5.66,No services performed during 15-month lookback period.,,facility
LEVOTHYROXINE 50 MCG TABLET,0250,RC,00904-6950-61,NDC,RX-4421,CDM,,,,inpatient,1,UN,8.20,3.28,Anthem,Medicare Advantage,,,Reimbursement bundled into MS-DRG rate where appropriate,,,,0,other,2.09,5.66,No services performed during 15-month lookback period.,,facility
LEVOTHYROXINE 50 MCG TABLET,0250,RC,00904-6950-61,NDC,RX-4421,CDM,,,,inpatient,1,UN,8.20,3.28,Anthem Pathway,Commercial,,,Reimbursement bundled into per diem or MS-DRG where appropriate,,,,0,other,2.09,5.66,No services performed during 15-month lookback period.,,facility
HYDROMORPHONE (PF) 2 MG/ML INJECTION SOLUTION,J1171,HCPCS,0636,RC,00641-6151-01,NDC,RX-130929,CDM,,inpatient,1,ML,26.67,10.67,Anthem,Medicare Advantage,,,Reimbursement bundled into MS-DRG rate where appropriate,,,,0,other,6.79,18.40,No services performed during 15-month lookback period.,,facility
HYDROMORPHONE (PF) 2 MG/ML INJECTION SOLUTION,J1171,HCPCS,0636,RC,00641-6151-01,NDC,RX-130929,CDM,,inpatient,1,ML,26.67,10.67,Anthem Pathway,Commercial,,,Reimbursement bundled into per diem or MS-DRG where appropriate,,,,0,other,6.79,18.40,No services performed during 15-month lookback period.,,facility
HYDROMORPHONE (PF) 2 MG/ML INJECTION SOLUTION,J1171,HCPCS,0636,RC,00641-6151-01,NDC,RX-130929,CDM,,inpatient,1,ML,26.67,10.67,Multiplan/PHCS,Commercial,16.27,61.00,,,,,0,percent of total billed charges,6.79,18.40,No services performed during 15-month lookback period.,,facility
HYDROMORPHONE (PF) 2 MG/ML INJECTION SOLUTION,J1171,HCPCS,0636,RC,00641-6151-01,NDC,RX-130929,CDM,,inpatient,1,ML,26.67,10.67,First Health,Commercial,18.40,69.00,,,,,0,percent of total billed charges,6.79,18.40,No services performed during 15-month lookback period.,,facility
HYDROMORPHONE (PF) 2 MG/ML INJECTION SOLUTION,J1171,HCPCS,0636,RC,00641-6151-01,NDC,RX-130929,CDM,,inpatient,1,ML,26.67,10.67,Simplified Benefits Administration,Narrow,6.93,26.00,,,,,0,percent of total billed charges,6.79,18.40,No services performed during 15-month lookback period.,,facility
HB RADIANT-DUPLEX LOWER EXTREM ARTERIES UNILAT,93926,CPT,0921,RC,011069,CDM,,,,inpatient,,,1230.60,492.24,Simplified Benefits Administration,Narrow,319.96,26.00,,,,,0,percent of total billed charges,313.31,849.11,No services performed during 15-month lookback period.,,facility
HB RADIANT-DUPLEX LOWER EXTREM ARTERIES UNILAT,93926,CPT,0921,RC,011069,CDM,,,,inpatient,,,1230.60,492.24,Multiplan/PHCS,Commercial,750.67,61.00,,,,,0,percent of total billed charges,313.31,849.11,No services performed during 15-month lookback period.,,facility
HB RADIANT-DUPLEX LOWER EXTREM ARTERIES UNILAT,93926,CPT,0921,RC,011069,CDM,,,,inpatient,,,1230.60,492.24,Anthem Pathway,Commercial,,,Reimbursement bundled into per diem or MS-DRG where appropriate,,,,0,other,313.31,849.11,No services performed during 15-month lookback period.,,facility
HB RADIANT-DUPLEX LOWER EXTREM ARTERIES UNILAT,93926,CPT,0921,RC,011069,CDM,,,,inpatient,,,1230.60,492.24,First Health,Commercial,849.11,69.00,,,,,0,percent of total billed charges,313.31,849.11,No services performed during 15-month lookback period.,,facility
HB RADIANT-DUPLEX LOWER EXTREM ARTERIES UNILAT,93926,CPT,0921,RC,011069,CDM,,,,inpatient,,,1230.60,492.24,Anthem,Medicare Advantage,,,Reimbursement bundled into MS-DRG rate where appropriate,,,,0,other,313.31,849.11,No services performed during 15-month lookback period.,,facility
"BUDESONIDE DR - ER 3 MG CAPSULE,DELAYED,EXTENDED RELEASE",0250,RC,00574-9855-10,NDC,RX-31576,CDM,,,,inpatient,1,UN,9.39,3.76,Anthem,Medicare Advantage,,,Reimbursement bundled into MS-DRG rate where appropriate,,,,0,other,2.39,6.48,No services performed during 15-month lookback period.,,facility
"BUDESONIDE DR - ER 3 MG CAPSULE,DELAYED,EXTENDED RELEASE",0250,RC,00574-9855-10,NDC,RX-31576,CDM,,,,inpatient,1,UN,9.39,3.76,Anthem Pathway,Commercial,,,Reimbursement bundled into per diem or MS-DRG where appropriate,,,,0,other,2.39,6.48,No services performed during 15-month lookback period.,,facility
"BUDESONIDE DR - ER 3 MG CAPSULE,DELAYED,EXTENDED RELEASE",0250,RC,00574-9855-10,NDC,RX-31576,CDM,,,,inpatient,1,UN,9.39,3.76,First Health,Commercial,6.48,69.00,,,,,0,percent of total billed charges,2.39,6.48,No services performed during 15-month lookback period.,,facility
"BUDESONIDE DR - ER 3 MG CAPSULE,DELAYED,EXTENDED RELEASE",0250,RC,00574-9855-10,NDC,RX-31576,CDM,,,,inpatient,1,UN,9.39,3.76,Simplified Benefits Administration,Narrow,2.44,26.00,,,,,0,percent of total billed charges,2.39,6.48,No services performed during 15-month lookback period.,,facility
"BUDESONIDE DR - ER 3 MG CAPSULE,DELAYED,EXTENDED RELEASE",0250,RC,00574-9855-10,NDC,RX-31576,CDM,,,,inpatient,1,UN,9.39,3.76,Multiplan/PHCS,Commercial,5.73,61.00,,,,,0,percent of total billed charges,2.39,6.48,No services performed during 15-month lookback period.,,facility
VANCOMYCIN 1.75 GRAM/350 ML IN DILUENT COMBINATION IV PIGGYBACK,J3375,HCPCS,0636,RC,70594-0058-02,NDC,RX-204053,CDM,,inpatient,350,ML,92.94,37.18,Multiplan/PHCS,Commercial,56.69,61.00,,,,,0,percent of total billed charges,23.66,64.13,No services performed during 15-month lookback period.,,facility
VANCOMYCIN 1.75 GRAM/350 ML IN DILUENT COMBINATION IV PIGGYBACK,J3375,HCPCS,0636,RC,70594-0058-02,NDC,RX-204053,CDM,,inpatient,350,ML,92.94,37.18,Simplified Benefits Administration,Narrow,24.16,26.00,,,,,0,percent of total billed charges,23.66,64.13,No services performed during 15-month lookback period.,,facility
VANCOMYCIN 1.75 GRAM/350 ML IN DILUENT COMBINATION IV PIGGYBACK,J3375,HCPCS,0636,RC,70594-0058-02,NDC,RX-204053,CDM,,inpatient,350,ML,92.94,37.18,First Health,Commercial,64.13,69.00,,,,,0,percent of total billed charges,23.66,64.13,No services performed during 15-month lookback period.,,facility
VANCOMYCIN 1.75 GRAM/350 ML IN DILUENT COMBINATION IV PIGGYBACK,J3375,HCPCS,0636,RC,70594-0058-02,NDC,RX-204053,CDM,,inpatient,350,ML,92.94,37.18,Anthem Pathway,Commercial,,,Reimbursement bundled into per diem or MS-DRG where appropriate,,,,0,other,23.66,64.13,No services performed during 15-month lookback period.,,facility
VANCOMYCIN 1.75 GRAM/350 ML IN DILUENT COMBINATION IV PIGGYBACK,J3375,HCPCS,0636,RC,70594-0058-02,NDC,RX-204053,CDM,,inpatient,350,ML,92.94,37.18,Anthem,Medicare Advantage,,,Reimbursement bundled into MS-DRG rate where appropriate,,,,0,other,23.66,64.13,No services performed during 15-month lookback period.,,facility
HB CULT FUNGAL SKIN/HAIR/NAILS,87101,CPT,0306,RC,773049,CDM,,,,inpatient,,,64.70,25.88,Anthem Pathway,Commercial,,,Reimbursement bundled into per diem or MS-DRG where appropriate,,,,0,other,16.47,44.64,No services performed during 15-month lookback period.,,facility
HB CULT FUNGAL SKIN/HAIR/NAILS,87101,CPT,0306,RC,773049,CDM,,,,inpatient,,,64.70,25.88,Anthem,Medicare Advantage,,,Reimbursement bundled into MS-DRG rate where appropriate,,,,0,other,16.47,44.64,No services performed during 15-month lookback period.,,facility
HB CULT FUNGAL SKIN/HAIR/NAILS,87101,CPT,0306,RC,773049,CDM,,,,inpatient,,,64.70,25.88,First Health,Commercial,44.64,69.00,,,,,0,percent of total billed charges,16.47,44.64,No services performed during 15-month lookback period.,,facility
HB CULT FUNGAL SKIN/HAIR/NAILS,87101,CPT,0306,RC,773049,CDM,,,,inpatient,,,64.70,25.88,Multiplan/PHCS,Commercial,39.47,61.00,,,,,0,percent of total billed charges,16.47,44.64,No services performed during 15-month lookback period.,,facility
HB CULT FUNGAL SKIN/HAIR/NAILS,87101,CPT,0306,RC,773049,CDM,,,,inpatient,,,64.70,25.88,Simplified Benefits Administration,Narrow,16.82,26.00,,,,,0,percent of total billed charges,16.47,44.64,No services performed during 15-month lookback period.,,facility
OTHER KIDNEY AND URINARY TRACT PROCEDURES WITH CC,674,MS-DRG,,,,,,,,inpatient,,,,,Anthem,Medicare Advantage,21086.23,,,,,,,case rate,17140.00,52033.85,,,facility
OTHER KIDNEY AND URINARY TRACT PROCEDURES WITH CC,674,MS-DRG,,,,,,,,inpatient,,,,,Anthem Pathway,Commercial,45934.78,,,,,,,case rate,17140.00,52033.85,"If the length of stay is greater than (160% multiplied by the geometric length of stay), which is the trim point, then allow ($19,642 base rate multiplied by the DRG relative weight plus ((the length of stay minus the trim point) multiplied by $6,543 per diem rate)","If the length of stay is greater than (160% multiplied by the geometric length of stay), which is the trim point, then allow ($19,642 base rate multiplied by the DRG relative weight plus ((the length of stay minus the trim point) multiplied by $6,543 per diem rate)",facility
MIDAZOLAM (PF) 1 MG/ML IN 0.9 % SODIUM CHLORIDE INTRAVENOUS SOLUTION,J2251,HCPCS,0636,RC,00143-9380-01,NDC,RX-185855,CDM,,inpatient,100,ML,62.50,25.00,Anthem,Medicare Advantage,,,Reimbursement bundled into MS-DRG rate where appropriate,,,,0,other,15.91,43.13,No services performed during 15-month lookback period.,,facility
MIDAZOLAM (PF) 1 MG/ML IN 0.9 % SODIUM CHLORIDE INTRAVENOUS SOLUTION,J2251,HCPCS,0636,RC,00143-9380-01,NDC,RX-185855,CDM,,inpatient,100,ML,62.50,25.00,Anthem Pathway,Commercial,,,Reimbursement bundled into per diem or MS-DRG where appropriate,,,,0,other,15.91,43.13,No services performed during 15-month lookback period.,,facility
MIDAZOLAM (PF) 1 MG/ML IN 0.9 % SODIUM CHLORIDE INTRAVENOUS SOLUTION,J2251,HCPCS,0636,RC,00143-9380-01,NDC,RX-185855,CDM,,inpatient,100,ML,62.50,25.00,Simplified Benefits Administration,Narrow,16.25,26.00,,,,,0,percent of total billed charges,15.91,43.13,No services performed during 15-month lookback period.,,facility
MIDAZOLAM (PF) 1 MG/ML IN 0.9 % SODIUM CHLORIDE INTRAVENOUS SOLUTION,J2251,HCPCS,0636,RC,00143-9380-01,NDC,RX-185855,CDM,,inpatient,100,ML,62.50,25.00,Multiplan/PHCS,Commercial,38.13,61.00,,,,,0,percent of total billed charges,15.91,43.13,No services performed during 15-month lookback period.,,facility
MIDAZOLAM (PF) 1 MG/ML IN 0.9 % SODIUM CHLORIDE INTRAVENOUS SOLUTION,J2251,HCPCS,0636,RC,00143-9380-01,NDC,RX-185855,CDM,,inpatient,100,ML,62.50,25.00,First Health,Commercial,43.13,69.00,,,,,0,percent of total billed charges,15.91,43.13,No services performed during 15-month lookback period.,,facility
BARICITINIB 2 MG TABLET,0250,RC,00002-4182-30,NDC,RX-196584,CDM,,,,inpatient,1,UN,181.71,72.69,First Health,Commercial,125.38,69.00,,,,,0,percent of total billed charges,46.26,125.38,No services performed during 15-month lookback period.,,facility
BARICITINIB 2 MG TABLET,0250,RC,00002-4182-30,NDC,RX-196584,CDM,,,,inpatient,1,UN,181.71,72.69,Simplified Benefits Administration,Narrow,47.24,26.00,,,,,0,percent of total billed charges,46.26,125.38,No services performed during 15-month lookback period.,,facility
BARICITINIB 2 MG TABLET,0250,RC,00002-4182-30,NDC,RX-196584,CDM,,,,inpatient,1,UN,181.71,72.69,Multiplan/PHCS,Commercial,110.84,61.00,,,,,0,percent of total billed charges,46.26,125.38,No services performed during 15-month lookback period.,,facility
BARICITINIB 2 MG TABLET,0250,RC,00002-4182-30,NDC,RX-196584,CDM,,,,inpatient,1,UN,181.71,72.69,Anthem Pathway,Commercial,,,Reimbursement bundled into per diem or MS-DRG where appropriate,,,,0,other,46.26,125.38,No services performed during 15-month lookback period.,,facility
BARICITINIB 2 MG TABLET,0250,RC,00002-4182-30,NDC,RX-196584,CDM,,,,inpatient,1,UN,181.71,72.69,Anthem,Medicare Advantage,,,Reimbursement bundled into MS-DRG rate where appropriate,,,,0,other,46.26,125.38,No services performed during 15-month lookback period.,,facility
HB RADIANT-MYELOGRAPHY VIA LUMBAR INJECTION INCLUDE RS&I-LUMB/SAC,62304,CPT,0320,RC,578086,CDM,,,,inpatient,,,3814.40,1525.76,Anthem Pathway,Commercial,,,Reimbursement bundled into per diem or MS-DRG where appropriate,,,,0,other,971.15,2631.94,No services performed during 15-month lookback period.,,facility
HB RADIANT-MYELOGRAPHY VIA LUMBAR INJECTION INCLUDE RS&I-LUMB/SAC,62304,CPT,0320,RC,578086,CDM,,,,inpatient,,,3814.40,1525.76,Anthem,Medicare Advantage,,,Reimbursement bundled into MS-DRG rate where appropriate,,,,0,other,971.15,2631.94,No services performed during 15-month lookback period.,,facility
HB RADIANT-MYELOGRAPHY VIA LUMBAR INJECTION INCLUDE RS&I-LUMB/SAC,62304,CPT,0320,RC,578086,CDM,,,,inpatient,,,3814.40,1525.76,First Health,Commercial,2631.94,69.00,,,,,0,percent of total billed charges,971.15,2631.94,No services performed during 15-month lookback period.,,facility
HB RADIANT-MYELOGRAPHY VIA LUMBAR INJECTION INCLUDE RS&I-LUMB/SAC,62304,CPT,0320,RC,578086,CDM,,,,inpatient,,,3814.40,1525.76,Simplified Benefits Administration,Narrow,991.74,26.00,,,,,0,percent of total billed charges,971.15,2631.94,No services performed during 15-month lookback period.,,facility
HB RADIANT-MYELOGRAPHY VIA LUMBAR INJECTION INCLUDE RS&I-LUMB/SAC,62304,CPT,0320,RC,578086,CDM,,,,inpatient,,,3814.40,1525.76,Multiplan/PHCS,Commercial,2326.78,61.00,,,,,0,percent of total billed charges,971.15,2631.94,No services performed during 15-month lookback period.,,facility
BUDESONIDE-FORMOTEROL HFA 80 MCG-4.5 MCG/ACTUATION AEROSOL INHALER,J3535,HCPCS,0250,RC,00186-0372-28,NDC,RX-81453,CDM,,inpatient,6.9,GR,124.70,49.88,First Health,Commercial,86.04,69.00,,,,,0,percent of total billed charges,31.75,86.04,No services performed during 15-month lookback period.,,facility
BUDESONIDE-FORMOTEROL HFA 80 MCG-4.5 MCG/ACTUATION AEROSOL INHALER,J3535,HCPCS,0250,RC,00186-0372-28,NDC,RX-81453,CDM,,inpatient,6.9,GR,124.70,49.88,Multiplan/PHCS,Commercial,76.07,61.00,,,,,0,percent of total billed charges,31.75,86.04,No services performed during 15-month lookback period.,,facility
BUDESONIDE-FORMOTEROL HFA 80 MCG-4.5 MCG/ACTUATION AEROSOL INHALER,J3535,HCPCS,0250,RC,00186-0372-28,NDC,RX-81453,CDM,,inpatient,6.9,GR,124.70,49.88,Simplified Benefits Administration,Narrow,32.42,26.00,,,,,0,percent of total billed charges,31.75,86.04,No services performed during 15-month lookback period.,,facility
BUDESONIDE-FORMOTEROL HFA 80 MCG-4.5 MCG/ACTUATION AEROSOL INHALER,J3535,HCPCS,0250,RC,00186-0372-28,NDC,RX-81453,CDM,,inpatient,6.9,GR,124.70,49.88,Anthem Pathway,Commercial,,,Reimbursement bundled into per diem or MS-DRG where appropriate,,,,0,other,31.75,86.04,No services performed during 15-month lookback period.,,facility
BUDESONIDE-FORMOTEROL HFA 80 MCG-4.5 MCG/ACTUATION AEROSOL INHALER,J3535,HCPCS,0250,RC,00186-0372-28,NDC,RX-81453,CDM,,inpatient,6.9,GR,124.70,49.88,Anthem,Medicare Advantage,,,Reimbursement bundled into MS-DRG rate where appropriate,,,,0,other,31.75,86.04,No services performed during 15-month lookback period.,,facility
OXACILLIN 10 GRAM SOLUTION FOR INJECTION,J2700,HCPCS,0636,RC,64679-0700-03,NDC,RX-5925,CDM,,inpatient,1,UN,189.72,75.89,Anthem,Medicare Advantage,,,Reimbursement bundled into MS-DRG rate where appropriate,,,,0,other,48.30,130.91,No services performed during 15-month lookback period.,,facility
OXACILLIN 10 GRAM SOLUTION FOR INJECTION,J2700,HCPCS,0636,RC,64679-0700-03,NDC,RX-5925,CDM,,inpatient,1,UN,189.72,75.89,Anthem Pathway,Commercial,,,Reimbursement bundled into per diem or MS-DRG where appropriate,,,,0,other,48.30,130.91,No services performed during 15-month lookback period.,,facility
OXACILLIN 10 GRAM SOLUTION FOR INJECTION,J2700,HCPCS,0636,RC,64679-0700-03,NDC,RX-5925,CDM,,inpatient,1,UN,189.72,75.89,Simplified Benefits Administration,Narrow,49.33,26.00,,,,,0,percent of total billed charges,48.30,130.91,No services performed during 15-month lookback period.,,facility
OXACILLIN 10 GRAM SOLUTION FOR INJECTION,J2700,HCPCS,0636,RC,64679-0700-03,NDC,RX-5925,CDM,,inpatient,1,UN,189.72,75.89,First Health,Commercial,130.91,69.00,,,,,0,percent of total billed charges,48.30,130.91,No services performed during 15-month lookback period.,,facility
OXACILLIN 10 GRAM SOLUTION FOR INJECTION,J2700,HCPCS,0636,RC,64679-0700-03,NDC,RX-5925,CDM,,inpatient,1,UN,189.72,75.89,Multiplan/PHCS,Commercial,115.73,61.00,,,,,0,percent of total billed charges,48.30,130.91,No services performed during 15-month lookback period.,,facility
HB RADIANT-KNEE 4+VWS,73564,CPT,0320,RC,002499,CDM,,,,inpatient,,,650.00,260.00,First Health,Commercial,448.50,69.00,,,,,0,percent of total billed charges,165.49,448.50,No services performed during 15-month lookback period.,,facility
HB RADIANT-KNEE 4+VWS,73564,CPT,0320,RC,002499,CDM,,,,inpatient,,,650.00,260.00,Simplified Benefits Administration,Narrow,169.00,26.00,,,,,0,percent of total billed charges,165.49,448.50,No services performed during 15-month lookback period.,,facility
HB RADIANT-KNEE 4+VWS,73564,CPT,0320,RC,002499,CDM,,,,inpatient,,,650.00,260.00,Multiplan/PHCS,Commercial,396.50,61.00,,,,,0,percent of total billed charges,165.49,448.50,No services performed during 15-month lookback period.,,facility
HB RADIANT-KNEE 4+VWS,73564,CPT,0320,RC,002499,CDM,,,,inpatient,,,650.00,260.00,Anthem Pathway,Commercial,,,Reimbursement bundled into per diem or MS-DRG where appropriate,,,,0,other,165.49,448.50,No services performed during 15-month lookback period.,,facility
HB RADIANT-KNEE 4+VWS,73564,CPT,0320,RC,002499,CDM,,,,inpatient,,,650.00,260.00,Anthem,Medicare Advantage,,,Reimbursement bundled into MS-DRG rate where appropriate,,,,0,other,165.49,448.50,No services performed during 15-month lookback period.,,facility
FOSPHENYTOIN 100 MG PE/2 ML INJECTION SOLUTION,Q2009,HCPCS,0636,RC,00069-6001-02,NDC,RX-88011,CDM,,inpatient,2,ML,25.58,10.24,Anthem,Medicare Advantage,,,Reimbursement bundled into MS-DRG rate where appropriate,,,,0,other,6.51,17.65,No services performed during 15-month lookback period.,,facility
FOSPHENYTOIN 100 MG PE/2 ML INJECTION SOLUTION,Q2009,HCPCS,0636,RC,00069-6001-02,NDC,RX-88011,CDM,,inpatient,2,ML,25.58,10.24,Anthem Pathway,Commercial,,,Reimbursement bundled into per diem or MS-DRG where appropriate,,,,0,other,6.51,17.65,No services performed during 15-month lookback period.,,facility
FOSPHENYTOIN 100 MG PE/2 ML INJECTION SOLUTION,Q2009,HCPCS,0636,RC,00069-6001-02,NDC,RX-88011,CDM,,inpatient,2,ML,25.58,10.24,Simplified Benefits Administration,Narrow,6.65,26.00,,,,,0,percent of total billed charges,6.51,17.65,No services performed during 15-month lookback period.,,facility
FOSPHENYTOIN 100 MG PE/2 ML INJECTION SOLUTION,Q2009,HCPCS,0636,RC,00069-6001-02,NDC,RX-88011,CDM,,inpatient,2,ML,25.58,10.24,First Health,Commercial,17.65,69.00,,,,,0,percent of total billed charges,6.51,17.65,No services performed during 15-month lookback period.,,facility
FOSPHENYTOIN 100 MG PE/2 ML INJECTION SOLUTION,Q2009,HCPCS,0636,RC,00069-6001-02,NDC,RX-88011,CDM,,inpatient,2,ML,25.58,10.24,Multiplan/PHCS,Commercial,15.60,61.00,,,,,0,percent of total billed charges,6.51,17.65,No services performed during 15-month lookback period.,,facility
NICOTINE 7 MG/24 HR DAILY TRANSDERMAL PATCH,0250,RC,60505-7061-00,NDC,RX-27860,CDM,,,,inpatient,1,UN,3.62,1.45,Multiplan/PHCS,Commercial,2.21,61.00,,,,,0,percent of total billed charges,0.92,2.50,No services performed during 15-month lookback period.,,facility
NICOTINE 7 MG/24 HR DAILY TRANSDERMAL PATCH,0250,RC,60505-7061-00,NDC,RX-27860,CDM,,,,inpatient,1,UN,3.62,1.45,First Health,Commercial,2.50,69.00,,,,,0,percent of total billed charges,0.92,2.50,No services performed during 15-month lookback period.,,facility
NICOTINE 7 MG/24 HR DAILY TRANSDERMAL PATCH,0250,RC,60505-7061-00,NDC,RX-27860,CDM,,,,inpatient,1,UN,3.62,1.45,Simplified Benefits Administration,Narrow,0.94,26.00,,,,,0,percent of total billed charges,0.92,2.50,No services performed during 15-month lookback period.,,facility
NICOTINE 7 MG/24 HR DAILY TRANSDERMAL PATCH,0250,RC,60505-7061-00,NDC,RX-27860,CDM,,,,inpatient,1,UN,3.62,1.45,Anthem Pathway,Commercial,,,Reimbursement bundled into per diem or MS-DRG where appropriate,,,,0,other,0.92,2.50,No services performed during 15-month lookback period.,,facility
NICOTINE 7 MG/24 HR DAILY TRANSDERMAL PATCH,0250,RC,60505-7061-00,NDC,RX-27860,CDM,,,,inpatient,1,UN,3.62,1.45,Anthem,Medicare Advantage,,,Reimbursement bundled into MS-DRG rate where appropriate,,,,0,other,0.92,2.50,No services performed during 15-month lookback period.,,facility
IFOSFAMIDE 3 GRAM/60 ML INTRAVENOUS SOLUTION,J9208,HCPCS,0636,RC,00143-9530-01,NDC,RX-87926,CDM,,inpatient,60,ML,376.62,150.65,Anthem,Medicare Advantage,,,Reimbursement bundled into MS-DRG rate where appropriate,,,,0,other,95.89,259.87,No services performed during 15-month lookback period.,,facility
IFOSFAMIDE 3 GRAM/60 ML INTRAVENOUS SOLUTION,J9208,HCPCS,0636,RC,00143-9530-01,NDC,RX-87926,CDM,,inpatient,60,ML,376.62,150.65,Anthem Pathway,Commercial,,,Reimbursement bundled into per diem or MS-DRG where appropriate,,,,0,other,95.89,259.87,No services performed during 15-month lookback period.,,facility
IFOSFAMIDE 3 GRAM/60 ML INTRAVENOUS SOLUTION,J9208,HCPCS,0636,RC,00143-9530-01,NDC,RX-87926,CDM,,inpatient,60,ML,376.62,150.65,Simplified Benefits Administration,Narrow,97.92,26.00,,,,,0,percent of total billed charges,95.89,259.87,No services performed during 15-month lookback period.,,facility
IFOSFAMIDE 3 GRAM/60 ML INTRAVENOUS SOLUTION,J9208,HCPCS,0636,RC,00143-9530-01,NDC,RX-87926,CDM,,inpatient,60,ML,376.62,150.65,First Health,Commercial,259.87,69.00,,,,,0,percent of total billed charges,95.89,259.87,No services performed during 15-month lookback period.,,facility
IFOSFAMIDE 3 GRAM/60 ML INTRAVENOUS SOLUTION,J9208,HCPCS,0636,RC,00143-9530-01,NDC,RX-87926,CDM,,inpatient,60,ML,376.62,150.65,Multiplan/PHCS,Commercial,229.74,61.00,,,,,0,percent of total billed charges,95.89,259.87,No services performed during 15-month lookback period.,,facility
HB RADIANT CCL ECHO TTE 2-D +/-M MODE CMPLT W DOPPLER,93306,CPT,0483,RC,581031,CDM,,,,inpatient,,,3638.30,1455.32,Multiplan/PHCS,Commercial,2219.36,61.00,,,,,0,percent of total billed charges,926.31,2510.43,No services performed during 15-month lookback period.,,facility
HB RADIANT CCL ECHO TTE 2-D +/-M MODE CMPLT W DOPPLER,93306,CPT,0483,RC,581031,CDM,,,,inpatient,,,3638.30,1455.32,First Health,Commercial,2510.43,69.00,,,,,0,percent of total billed charges,926.31,2510.43,No services performed during 15-month lookback period.,,facility
HB RADIANT CCL ECHO TTE 2-D +/-M MODE CMPLT W DOPPLER,93306,CPT,0483,RC,581031,CDM,,,,inpatient,,,3638.30,1455.32,Simplified Benefits Administration,Narrow,945.96,26.00,,,,,0,percent of total billed charges,926.31,2510.43,No services performed during 15-month lookback period.,,facility
HB RADIANT CCL ECHO TTE 2-D +/-M MODE CMPLT W DOPPLER,93306,CPT,0483,RC,581031,CDM,,,,inpatient,,,3638.30,1455.32,Anthem Pathway,Commercial,,,Reimbursement bundled into per diem or MS-DRG where appropriate,,,,0,other,926.31,2510.43,No services performed during 15-month lookback period.,,facility
HB RADIANT CCL ECHO TTE 2-D +/-M MODE CMPLT W DOPPLER,93306,CPT,0483,RC,581031,CDM,,,,inpatient,,,3638.30,1455.32,Anthem,Medicare Advantage,,,Reimbursement bundled into MS-DRG rate where appropriate,,,,0,other,926.31,2510.43,No services performed during 15-month lookback period.,,facility
HYDROXYZINE HCL 10 MG TABLET,0250,RC,60687-0664-11,NDC,RX-3772,CDM,,,,inpatient,1,UN,7.82,3.13,Anthem,Medicare Advantage,,,Reimbursement bundled into MS-DRG rate where appropriate,,,,0,other,1.99,5.40,No services performed during 15-month lookback period.,,facility
HYDROXYZINE HCL 10 MG TABLET,0250,RC,60687-0664-11,NDC,RX-3772,CDM,,,,inpatient,1,UN,7.82,3.13,Anthem Pathway,Commercial,,,Reimbursement bundled into per diem or MS-DRG where appropriate,,,,0,other,1.99,5.40,No services performed during 15-month lookback period.,,facility
HYDROXYZINE HCL 10 MG TABLET,0250,RC,60687-0664-11,NDC,RX-3772,CDM,,,,inpatient,1,UN,7.82,3.13,Simplified Benefits Administration,Narrow,2.03,26.00,,,,,0,percent of total billed charges,1.99,5.40,No services performed during 15-month lookback period.,,facility
HYDROXYZINE HCL 10 MG TABLET,0250,RC,60687-0664-11,NDC,RX-3772,CDM,,,,inpatient,1,UN,7.82,3.13,Multiplan/PHCS,Commercial,4.77,61.00,,,,,0,percent of total billed charges,1.99,5.40,No services performed during 15-month lookback period.,,facility
HYDROXYZINE HCL 10 MG TABLET,0250,RC,60687-0664-11,NDC,RX-3772,CDM,,,,inpatient,1,UN,7.82,3.13,First Health,Commercial,5.40,69.00,,,,,0,percent of total billed charges,1.99,5.40,No services performed during 15-month lookback period.,,facility
HB REVASC INTRA LITHOTRIP STENT,C9765,HCPCS,0481,RC,014567,CDM,,,,inpatient,,,44891.80,17956.72,Multiplan/PHCS,Commercial,27384.00,61.00,,,,,0,percent of total billed charges,11429.45,30975.34,No services performed during 15-month lookback period.,,facility
HB REVASC INTRA LITHOTRIP STENT,C9765,HCPCS,0481,RC,014567,CDM,,,,inpatient,,,44891.80,17956.72,Simplified Benefits Administration,Narrow,11671.87,26.00,,,,,0,percent of total billed charges,11429.45,30975.34,No services performed during 15-month lookback period.,,facility
HB REVASC INTRA LITHOTRIP STENT,C9765,HCPCS,0481,RC,014567,CDM,,,,inpatient,,,44891.80,17956.72,First Health,Commercial,30975.34,69.00,,,,,0,percent of total billed charges,11429.45,30975.34,No services performed during 15-month lookback period.,,facility
HB REVASC INTRA LITHOTRIP STENT,C9765,HCPCS,0481,RC,014567,CDM,,,,inpatient,,,44891.80,17956.72,Anthem Pathway,Commercial,,,Reimbursement bundled into per diem or MS-DRG where appropriate,,,,0,other,11429.45,30975.34,No services performed during 15-month lookback period.,,facility
HB REVASC INTRA LITHOTRIP STENT,C9765,HCPCS,0481,RC,014567,CDM,,,,inpatient,,,44891.80,17956.72,Anthem,Medicare Advantage,,,Reimbursement bundled into MS-DRG rate where appropriate,,,,0,other,11429.45,30975.34,No services performed during 15-month lookback period.,,facility
METHYLENE BLUE (ANTIDOTE) 5 MG/ML INTRAVENOUS SOLUTION,Q9968,HCPCS,0636,RC,00517-0374-05,NDC,RX-190305,CDM,,inpatient,10,ML,397.16,158.87,Anthem,Medicare Advantage,,,Reimbursement bundled into MS-DRG rate where appropriate,,,,0,other,101.12,274.04,No services performed during 15-month lookback period.,,facility
METHYLENE BLUE (ANTIDOTE) 5 MG/ML INTRAVENOUS SOLUTION,Q9968,HCPCS,0636,RC,00517-0374-05,NDC,RX-190305,CDM,,inpatient,10,ML,397.16,158.87,Anthem Pathway,Commercial,,,Reimbursement bundled into per diem or MS-DRG where appropriate,,,,0,other,101.12,274.04,No services performed during 15-month lookback period.,,facility
METHYLENE BLUE (ANTIDOTE) 5 MG/ML INTRAVENOUS SOLUTION,Q9968,HCPCS,0636,RC,00517-0374-05,NDC,RX-190305,CDM,,inpatient,10,ML,397.16,158.87,First Health,Commercial,274.04,69.00,,,,,0,percent of total billed charges,101.12,274.04,No services performed during 15-month lookback period.,,facility
METHYLENE BLUE (ANTIDOTE) 5 MG/ML INTRAVENOUS SOLUTION,Q9968,HCPCS,0636,RC,00517-0374-05,NDC,RX-190305,CDM,,inpatient,10,ML,397.16,158.87,Simplified Benefits Administration,Narrow,103.26,26.00,,,,,0,percent of total billed charges,101.12,274.04,No services performed during 15-month lookback period.,,facility
METHYLENE BLUE (ANTIDOTE) 5 MG/ML INTRAVENOUS SOLUTION,Q9968,HCPCS,0636,RC,00517-0374-05,NDC,RX-190305,CDM,,inpatient,10,ML,397.16,158.87,Multiplan/PHCS,Commercial,242.27,61.00,,,,,0,percent of total billed charges,101.12,274.04,No services performed during 15-month lookback period.,,facility
CALCIUM 500 MG (AS CARBONATE)-VITAMIN D3 5 MCG (200 UNIT) TABLET,0250,RC,10006-0700-38,NDC,RX-19483,CDM,,,,inpatient,1,UN,2.00,0.80,Multiplan/PHCS,Commercial,1.22,61.00,,,,,0,percent of total billed charges,0.51,1.38,No services performed during 15-month lookback period.,,facility
CALCIUM 500 MG (AS CARBONATE)-VITAMIN D3 5 MCG (200 UNIT) TABLET,0250,RC,10006-0700-38,NDC,RX-19483,CDM,,,,inpatient,1,UN,2.00,0.80,First Health,Commercial,1.38,69.00,,,,,0,percent of total billed charges,0.51,1.38,No services performed during 15-month lookback period.,,facility
CALCIUM 500 MG (AS CARBONATE)-VITAMIN D3 5 MCG (200 UNIT) TABLET,0250,RC,10006-0700-38,NDC,RX-19483,CDM,,,,inpatient,1,UN,2.00,0.80,Simplified Benefits Administration,Narrow,0.52,26.00,,,,,0,percent of total billed charges,0.51,1.38,No services performed during 15-month lookback period.,,facility
CALCIUM 500 MG (AS CARBONATE)-VITAMIN D3 5 MCG (200 UNIT) TABLET,0250,RC,10006-0700-38,NDC,RX-19483,CDM,,,,inpatient,1,UN,2.00,0.80,Anthem Pathway,Commercial,,,Reimbursement bundled into per diem or MS-DRG where appropriate,,,,0,other,0.51,1.38,No services performed during 15-month lookback period.,,facility
CALCIUM 500 MG (AS CARBONATE)-VITAMIN D3 5 MCG (200 UNIT) TABLET,0250,RC,10006-0700-38,NDC,RX-19483,CDM,,,,inpatient,1,UN,2.00,0.80,Anthem,Medicare Advantage,,,Reimbursement bundled into MS-DRG rate where appropriate,,,,0,other,0.51,1.38,No services performed during 15-month lookback period.,,facility
HB CALCITONIN,82308,CPT,0301,RC,774466,CDM,,,,inpatient,,,61.60,24.64,Anthem,Medicare Advantage,,,Reimbursement bundled into MS-DRG rate where appropriate,,,,0,other,15.68,42.50,No services performed during 15-month lookback period.,,facility
HB CALCITONIN,82308,CPT,0301,RC,774466,CDM,,,,inpatient,,,61.60,24.64,Anthem Pathway,Commercial,,,Reimbursement bundled into per diem or MS-DRG where appropriate,,,,0,other,15.68,42.50,No services performed during 15-month lookback period.,,facility
HB CALCITONIN,82308,CPT,0301,RC,774466,CDM,,,,inpatient,,,61.60,24.64,Simplified Benefits Administration,Narrow,16.02,26.00,,,,,0,percent of total billed charges,15.68,42.50,No services performed during 15-month lookback period.,,facility
HB CALCITONIN,82308,CPT,0301,RC,774466,CDM,,,,inpatient,,,61.60,24.64,First Health,Commercial,42.50,69.00,,,,,0,percent of total billed charges,15.68,42.50,No services performed during 15-month lookback period.,,facility
HB CALCITONIN,82308,CPT,0301,RC,774466,CDM,,,,inpatient,,,61.60,24.64,Multiplan/PHCS,Commercial,37.58,61.00,,,,,0,percent of total billed charges,15.68,42.50,No services performed during 15-month lookback period.,,facility
FENTANYL 12 MCG/HR TRANSDERMAL PATCH,0250,RC,47781-0423-11,NDC,RX-41382,CDM,,,,inpatient,1,UN,41.14,16.46,Multiplan/PHCS,Commercial,25.10,61.00,,,,,0,percent of total billed charges,10.47,28.39,No services performed during 15-month lookback period.,,facility
FENTANYL 12 MCG/HR TRANSDERMAL PATCH,0250,RC,47781-0423-11,NDC,RX-41382,CDM,,,,inpatient,1,UN,41.14,16.46,Simplified Benefits Administration,Narrow,10.70,26.00,,,,,0,percent of total billed charges,10.47,28.39,No services performed during 15-month lookback period.,,facility
FENTANYL 12 MCG/HR TRANSDERMAL PATCH,0250,RC,47781-0423-11,NDC,RX-41382,CDM,,,,inpatient,1,UN,41.14,16.46,Anthem Pathway,Commercial,,,Reimbursement bundled into per diem or MS-DRG where appropriate,,,,0,other,10.47,28.39,No services performed during 15-month lookback period.,,facility
FENTANYL 12 MCG/HR TRANSDERMAL PATCH,0250,RC,47781-0423-11,NDC,RX-41382,CDM,,,,inpatient,1,UN,41.14,16.46,First Health,Commercial,28.39,69.00,,,,,0,percent of total billed charges,10.47,28.39,No services performed during 15-month lookback period.,,facility
FENTANYL 12 MCG/HR TRANSDERMAL PATCH,0250,RC,47781-0423-11,NDC,RX-41382,CDM,,,,inpatient,1,UN,41.14,16.46,Anthem,Medicare Advantage,,,Reimbursement bundled into MS-DRG rate where appropriate,,,,0,other,10.47,28.39,No services performed during 15-month lookback period.,,facility
CEFOXITIN 1 GRAM INTRAVENOUS SOLUTION,J0694,HCPCS,0636,RC,25021-0109-10,NDC,RX-9461,CDM,,inpatient,1,UN,59.51,23.81,Anthem,Medicare Advantage,,,Reimbursement bundled into MS-DRG rate where appropriate,,,,0,other,15.15,41.06,No services performed during 15-month lookback period.,,facility
CEFOXITIN 1 GRAM INTRAVENOUS SOLUTION,J0694,HCPCS,0636,RC,25021-0109-10,NDC,RX-9461,CDM,,inpatient,1,UN,59.51,23.81,Anthem Pathway,Commercial,,,Reimbursement bundled into per diem or MS-DRG where appropriate,,,,0,other,15.15,41.06,No services performed during 15-month lookback period.,,facility
CEFOXITIN 1 GRAM INTRAVENOUS SOLUTION,J0694,HCPCS,0636,RC,25021-0109-10,NDC,RX-9461,CDM,,inpatient,1,UN,59.51,23.81,Simplified Benefits Administration,Narrow,15.47,26.00,,,,,0,percent of total billed charges,15.15,41.06,No services performed during 15-month lookback period.,,facility
CEFOXITIN 1 GRAM INTRAVENOUS SOLUTION,J0694,HCPCS,0636,RC,25021-0109-10,NDC,RX-9461,CDM,,inpatient,1,UN,59.51,23.81,Multiplan/PHCS,Commercial,36.30,61.00,,,,,0,percent of total billed charges,15.15,41.06,No services performed during 15-month lookback period.,,facility
CEFOXITIN 1 GRAM INTRAVENOUS SOLUTION,J0694,HCPCS,0636,RC,25021-0109-10,NDC,RX-9461,CDM,,inpatient,1,UN,59.51,23.81,First Health,Commercial,41.06,69.00,,,,,0,percent of total billed charges,15.15,41.06,No services performed during 15-month lookback period.,,facility
"CIRCULATORY DISORDERS EXCEPT AMI, WITH CARDIAC CATHETERIZATION WITH MCC",286,MS-DRG,,,,,,,,inpatient,,,,,Anthem Pathway,Commercial,43463.82,,,,,,,case rate,4374.00,49234.80,"If the length of stay is greater than (160% multiplied by the geometric length of stay), which is the trim point, then allow ($19,642 base rate multiplied by the DRG relative weight plus ((the length of stay minus the trim point) multiplied by $6,543 per diem rate)","If the length of stay is greater than (160% multiplied by the geometric length of stay), which is the trim point, then allow ($19,642 base rate multiplied by the DRG relative weight plus ((the length of stay minus the trim point) multiplied by $6,543 per diem rate)",facility
"CIRCULATORY DISORDERS EXCEPT AMI, WITH CARDIAC CATHETERIZATION WITH MCC",286,MS-DRG,,,,,,,,inpatient,,,,,Anthem,Medicare Advantage,19984.79,,,,,,,case rate,4374.00,49234.80,,,facility
HYDROXYZINE HCL 25 MG TABLET,0250,RC,16714-0082-10,NDC,RX-3774,CDM,,,,inpatient,1,UN,7.61,3.05,Anthem,Medicare Advantage,,,Reimbursement bundled into MS-DRG rate where appropriate,,,,0,other,1.94,5.25,No services performed during 15-month lookback period.,,facility
HYDROXYZINE HCL 25 MG TABLET,0250,RC,16714-0082-10,NDC,RX-3774,CDM,,,,inpatient,1,UN,7.61,3.05,Anthem Pathway,Commercial,,,Reimbursement bundled into per diem or MS-DRG where appropriate,,,,0,other,1.94,5.25,No services performed during 15-month lookback period.,,facility
HYDROXYZINE HCL 25 MG TABLET,0250,RC,16714-0082-10,NDC,RX-3774,CDM,,,,inpatient,1,UN,7.61,3.05,First Health,Commercial,5.25,69.00,,,,,0,percent of total billed charges,1.94,5.25,No services performed during 15-month lookback period.,,facility
HYDROXYZINE HCL 25 MG TABLET,0250,RC,16714-0082-10,NDC,RX-3774,CDM,,,,inpatient,1,UN,7.61,3.05,Simplified Benefits Administration,Narrow,1.98,26.00,,,,,0,percent of total billed charges,1.94,5.25,No services performed during 15-month lookback period.,,facility
HYDROXYZINE HCL 25 MG TABLET,0250,RC,16714-0082-10,NDC,RX-3774,CDM,,,,inpatient,1,UN,7.61,3.05,Multiplan/PHCS,Commercial,4.64,61.00,,,,,0,percent of total billed charges,1.94,5.25,No services performed during 15-month lookback period.,,facility
PILOCARPINE 4 % EYE DROPS,0250,RC,69238-1747-08,NDC,RX-6282,CDM,,,,inpatient,15,ML,200.66,80.27,Multiplan/PHCS,Commercial,122.40,61.00,,,,,0,percent of total billed charges,51.09,138.46,No services performed during 15-month lookback period.,,facility
PILOCARPINE 4 % EYE DROPS,0250,RC,69238-1747-08,NDC,RX-6282,CDM,,,,inpatient,15,ML,200.66,80.27,Simplified Benefits Administration,Narrow,52.17,26.00,,,,,0,percent of total billed charges,51.09,138.46,No services performed during 15-month lookback period.,,facility
PILOCARPINE 4 % EYE DROPS,0250,RC,69238-1747-08,NDC,RX-6282,CDM,,,,inpatient,15,ML,200.66,80.27,First Health,Commercial,138.46,69.00,,,,,0,percent of total billed charges,51.09,138.46,No services performed during 15-month lookback period.,,facility
PILOCARPINE 4 % EYE DROPS,0250,RC,69238-1747-08,NDC,RX-6282,CDM,,,,inpatient,15,ML,200.66,80.27,Anthem Pathway,Commercial,,,Reimbursement bundled into per diem or MS-DRG where appropriate,,,,0,other,51.09,138.46,No services performed during 15-month lookback period.,,facility
PILOCARPINE 4 % EYE DROPS,0250,RC,69238-1747-08,NDC,RX-6282,CDM,,,,inpatient,15,ML,200.66,80.27,Anthem,Medicare Advantage,,,Reimbursement bundled into MS-DRG rate where appropriate,,,,0,other,51.09,138.46,No services performed during 15-month lookback period.,,facility
MAJOR HIP AND KNEE JOINT REPLACEMENT OR REATTACHMENT OF LOWER EXTREMITY WITHOUT MCC,470,MS-DRG,,,,,,,,inpatient,,,,,Anthem Pathway,Commercial,37887.45,,,,,,,case rate,6267.00,42918.03,"If the length of stay is greater than (160% multiplied by the geometric length of stay), which is the trim point, then allow ($19,642 base rate multiplied by the DRG relative weight plus ((the length of stay minus the trim point) multiplied by $6,543 per diem rate)","If the length of stay is greater than (160% multiplied by the geometric length of stay), which is the trim point, then allow ($19,642 base rate multiplied by the DRG relative weight plus ((the length of stay minus the trim point) multiplied by $6,543 per diem rate)",facility
MAJOR HIP AND KNEE JOINT REPLACEMENT OR REATTACHMENT OF LOWER EXTREMITY WITHOUT MCC,470,MS-DRG,,,,,,,,inpatient,,,,,Anthem,Medicare Advantage,17499.12,,,,,,,case rate,6267.00,42918.03,,,facility
HB RADIANT-RADIOLOGIC EXAM CHEST SINGLE VIEW,71045,CPT,0324,RC,003936,CDM,,,,inpatient,,,320.00,128.00,Anthem,Medicare Advantage,,,Reimbursement bundled into MS-DRG rate where appropriate,,,,0,other,81.47,220.80,No services performed during 15-month lookback period.,,facility
HB RADIANT-RADIOLOGIC EXAM CHEST SINGLE VIEW,71045,CPT,0324,RC,003936,CDM,,,,inpatient,,,320.00,128.00,Anthem Pathway,Commercial,,,Reimbursement bundled into per diem or MS-DRG where appropriate,,,,0,other,81.47,220.80,No services performed during 15-month lookback period.,,facility
HB RADIANT-RADIOLOGIC EXAM CHEST SINGLE VIEW,71045,CPT,0324,RC,003936,CDM,,,,inpatient,,,320.00,128.00,First Health,Commercial,220.80,69.00,,,,,0,percent of total billed charges,81.47,220.80,No services performed during 15-month lookback period.,,facility
HB RADIANT-RADIOLOGIC EXAM CHEST SINGLE VIEW,71045,CPT,0324,RC,003936,CDM,,,,inpatient,,,320.00,128.00,Multiplan/PHCS,Commercial,195.20,61.00,,,,,0,percent of total billed charges,81.47,220.80,No services performed during 15-month lookback period.,,facility
HB RADIANT-RADIOLOGIC EXAM CHEST SINGLE VIEW,71045,CPT,0324,RC,003936,CDM,,,,inpatient,,,320.00,128.00,Simplified Benefits Administration,Narrow,83.20,26.00,,,,,0,percent of total billed charges,81.47,220.80,No services performed during 15-month lookback period.,,facility
NORTRIPTYLINE 25 MG CAPSULE,0250,RC,51672-4002-01,NDC,RX-5675,CDM,,,,inpatient,1,UN,7.68,3.08,Simplified Benefits Administration,Narrow,2.00,26.00,,,,,0,percent of total billed charges,1.96,5.30,No services performed during 15-month lookback period.,,facility
NORTRIPTYLINE 25 MG CAPSULE,0250,RC,51672-4002-01,NDC,RX-5675,CDM,,,,inpatient,1,UN,7.68,3.08,Multiplan/PHCS,Commercial,4.68,61.00,,,,,0,percent of total billed charges,1.96,5.30,No services performed during 15-month lookback period.,,facility
NORTRIPTYLINE 25 MG CAPSULE,0250,RC,51672-4002-01,NDC,RX-5675,CDM,,,,inpatient,1,UN,7.68,3.08,First Health,Commercial,5.30,69.00,,,,,0,percent of total billed charges,1.96,5.30,No services performed during 15-month lookback period.,,facility
NORTRIPTYLINE 25 MG CAPSULE,0250,RC,51672-4002-01,NDC,RX-5675,CDM,,,,inpatient,1,UN,7.68,3.08,Anthem Pathway,Commercial,,,Reimbursement bundled into per diem or MS-DRG where appropriate,,,,0,other,1.96,5.30,No services performed during 15-month lookback period.,,facility
NORTRIPTYLINE 25 MG CAPSULE,0250,RC,51672-4002-01,NDC,RX-5675,CDM,,,,inpatient,1,UN,7.68,3.08,Anthem,Medicare Advantage,,,Reimbursement bundled into MS-DRG rate where appropriate,,,,0,other,1.96,5.30,No services performed during 15-month lookback period.,,facility
LACTULOSE 10 GRAM/15 ML ORAL SOLUTION,0250,RC,00116-4005-30,NDC,RX-38245,CDM,,,,inpatient,30,ML,9.96,3.99,Anthem,Medicare Advantage,,,Reimbursement bundled into MS-DRG rate where appropriate,,,,0,other,2.54,6.87,No services performed during 15-month lookback period.,,facility
LACTULOSE 10 GRAM/15 ML ORAL SOLUTION,0250,RC,00116-4005-30,NDC,RX-38245,CDM,,,,inpatient,30,ML,9.96,3.99,Anthem Pathway,Commercial,,,Reimbursement bundled into per diem or MS-DRG where appropriate,,,,0,other,2.54,6.87,No services performed during 15-month lookback period.,,facility
LACTULOSE 10 GRAM/15 ML ORAL SOLUTION,0250,RC,00116-4005-30,NDC,RX-38245,CDM,,,,inpatient,30,ML,9.96,3.99,First Health,Commercial,6.87,69.00,,,,,0,percent of total billed charges,2.54,6.87,No services performed during 15-month lookback period.,,facility
LACTULOSE 10 GRAM/15 ML ORAL SOLUTION,0250,RC,00116-4005-30,NDC,RX-38245,CDM,,,,inpatient,30,ML,9.96,3.99,Multiplan/PHCS,Commercial,6.08,61.00,,,,,0,percent of total billed charges,2.54,6.87,No services performed during 15-month lookback period.,,facility
LACTULOSE 10 GRAM/15 ML ORAL SOLUTION,0250,RC,00116-4005-30,NDC,RX-38245,CDM,,,,inpatient,30,ML,9.96,3.99,Simplified Benefits Administration,Narrow,2.59,26.00,,,,,0,percent of total billed charges,2.54,6.87,No services performed during 15-month lookback period.,,facility
CHOLECYSTECTOMY WITH C.D.E. WITH MCC,411,MS-DRG,,,,,,,,inpatient,,,,,Anthem Pathway,Commercial,64883.42,,,,,,,case rate,17140.00,73498.43,"If the length of stay is greater than (160% multiplied by the geometric length of stay), which is the trim point, then allow ($19,642 base rate multiplied by the DRG relative weight plus ((the length of stay minus the trim point) multiplied by $6,543 per diem rate)","If the length of stay is greater than (160% multiplied by the geometric length of stay), which is the trim point, then allow ($19,642 base rate multiplied by the DRG relative weight plus ((the length of stay minus the trim point) multiplied by $6,543 per diem rate)",facility
CHOLECYSTECTOMY WITH C.D.E. WITH MCC,411,MS-DRG,,,,,,,,inpatient,,,,,Anthem,Medicare Advantage,29532.61,,,,,,,case rate,17140.00,73498.43,,,facility
CHLORPROMAZINE 25 MG TABLET,J8597,HCPCS,0250,RC,69238-1056-01,NDC,RX-1656,CDM,,inpatient,1,UN,9.13,3.66,Anthem,Medicare Advantage,,,Reimbursement bundled into MS-DRG rate where appropriate,,,,0,other,2.32,6.30,No services performed during 15-month lookback period.,,facility
CHLORPROMAZINE 25 MG TABLET,J8597,HCPCS,0250,RC,69238-1056-01,NDC,RX-1656,CDM,,inpatient,1,UN,9.13,3.66,Anthem Pathway,Commercial,,,Reimbursement bundled into per diem or MS-DRG where appropriate,,,,0,other,2.32,6.30,No services performed during 15-month lookback period.,,facility
CHLORPROMAZINE 25 MG TABLET,J8597,HCPCS,0250,RC,69238-1056-01,NDC,RX-1656,CDM,,inpatient,1,UN,9.13,3.66,First Health,Commercial,6.30,69.00,,,,,0,percent of total billed charges,2.32,6.30,No services performed during 15-month lookback period.,,facility
CHLORPROMAZINE 25 MG TABLET,J8597,HCPCS,0250,RC,69238-1056-01,NDC,RX-1656,CDM,,inpatient,1,UN,9.13,3.66,Simplified Benefits Administration,Narrow,2.37,26.00,,,,,0,percent of total billed charges,2.32,6.30,No services performed during 15-month lookback period.,,facility
CHLORPROMAZINE 25 MG TABLET,J8597,HCPCS,0250,RC,69238-1056-01,NDC,RX-1656,CDM,,inpatient,1,UN,9.13,3.66,Multiplan/PHCS,Commercial,5.57,61.00,,,,,0,percent of total billed charges,2.32,6.30,No services performed during 15-month lookback period.,,facility
HB STREP PNEUMO ANTIGEN,87899,CPT,0306,RC,773559,CDM,,,,inpatient,,,174.00,69.60,First Health,Commercial,120.06,69.00,,,,,0,percent of total billed charges,44.30,120.06,No services performed during 15-month lookback period.,,facility
HB STREP PNEUMO ANTIGEN,87899,CPT,0306,RC,773559,CDM,,,,inpatient,,,174.00,69.60,Multiplan/PHCS,Commercial,106.14,61.00,,,,,0,percent of total billed charges,44.30,120.06,No services performed during 15-month lookback period.,,facility
HB STREP PNEUMO ANTIGEN,87899,CPT,0306,RC,773559,CDM,,,,inpatient,,,174.00,69.60,Simplified Benefits Administration,Narrow,45.24,26.00,,,,,0,percent of total billed charges,44.30,120.06,No services performed during 15-month lookback period.,,facility
HB STREP PNEUMO ANTIGEN,87899,CPT,0306,RC,773559,CDM,,,,inpatient,,,174.00,69.60,Anthem Pathway,Commercial,,,Reimbursement bundled into per diem or MS-DRG where appropriate,,,,0,other,44.30,120.06,No services performed during 15-month lookback period.,,facility
HB STREP PNEUMO ANTIGEN,87899,CPT,0306,RC,773559,CDM,,,,inpatient,,,174.00,69.60,Anthem,Medicare Advantage,,,Reimbursement bundled into MS-DRG rate where appropriate,,,,0,other,44.30,120.06,No services performed during 15-month lookback period.,,facility
"NIFEDIPINE ER 30 MG TABLET,EXTENDED RELEASE 24 HR",0250,RC,50742-0260-01,NDC,RX-28643,CDM,,,,inpatient,1,UN,7.81,3.13,Anthem,Medicare Advantage,,,Reimbursement bundled into MS-DRG rate where appropriate,,,,0,other,1.99,5.39,No services performed during 15-month lookback period.,,facility
"NIFEDIPINE ER 30 MG TABLET,EXTENDED RELEASE 24 HR",0250,RC,50742-0260-01,NDC,RX-28643,CDM,,,,inpatient,1,UN,7.81,3.13,Anthem Pathway,Commercial,,,Reimbursement bundled into per diem or MS-DRG where appropriate,,,,0,other,1.99,5.39,No services performed during 15-month lookback period.,,facility
"NIFEDIPINE ER 30 MG TABLET,EXTENDED RELEASE 24 HR",0250,RC,50742-0260-01,NDC,RX-28643,CDM,,,,inpatient,1,UN,7.81,3.13,Simplified Benefits Administration,Narrow,2.03,26.00,,,,,0,percent of total billed charges,1.99,5.39,No services performed during 15-month lookback period.,,facility
"NIFEDIPINE ER 30 MG TABLET,EXTENDED RELEASE 24 HR",0250,RC,50742-0260-01,NDC,RX-28643,CDM,,,,inpatient,1,UN,7.81,3.13,Multiplan/PHCS,Commercial,4.76,61.00,,,,,0,percent of total billed charges,1.99,5.39,No services performed during 15-month lookback period.,,facility
"NIFEDIPINE ER 30 MG TABLET,EXTENDED RELEASE 24 HR",0250,RC,50742-0260-01,NDC,RX-28643,CDM,,,,inpatient,1,UN,7.81,3.13,First Health,Commercial,5.39,69.00,,,,,0,percent of total billed charges,1.99,5.39,No services performed during 15-month lookback period.,,facility
PATIROMER CALCIUM SORBITEX 8.4 GRAM ORAL POWDER PACKET,0250,RC,53436-0084-30,NDC,RX-185599,CDM,,,,inpatient,1,UN,73.53,29.42,Multiplan/PHCS,Commercial,44.85,61.00,,,,,0,percent of total billed charges,18.72,50.74,No services performed during 15-month lookback period.,,facility
PATIROMER CALCIUM SORBITEX 8.4 GRAM ORAL POWDER PACKET,0250,RC,53436-0084-30,NDC,RX-185599,CDM,,,,inpatient,1,UN,73.53,29.42,Simplified Benefits Administration,Narrow,19.12,26.00,,,,,0,percent of total billed charges,18.72,50.74,No services performed during 15-month lookback period.,,facility
PATIROMER CALCIUM SORBITEX 8.4 GRAM ORAL POWDER PACKET,0250,RC,53436-0084-30,NDC,RX-185599,CDM,,,,inpatient,1,UN,73.53,29.42,First Health,Commercial,50.74,69.00,,,,,0,percent of total billed charges,18.72,50.74,No services performed during 15-month lookback period.,,facility
PATIROMER CALCIUM SORBITEX 8.4 GRAM ORAL POWDER PACKET,0250,RC,53436-0084-30,NDC,RX-185599,CDM,,,,inpatient,1,UN,73.53,29.42,Anthem Pathway,Commercial,,,Reimbursement bundled into per diem or MS-DRG where appropriate,,,,0,other,18.72,50.74,No services performed during 15-month lookback period.,,facility
PATIROMER CALCIUM SORBITEX 8.4 GRAM ORAL POWDER PACKET,0250,RC,53436-0084-30,NDC,RX-185599,CDM,,,,inpatient,1,UN,73.53,29.42,Anthem,Medicare Advantage,,,Reimbursement bundled into MS-DRG rate where appropriate,,,,0,other,18.72,50.74,No services performed during 15-month lookback period.,,facility
ISAVUCONAZONIUM SULFATE 372 MG INTRAVENOUS SOLUTION,J1833,HCPCS,0636,RC,00469-0420-01,NDC,RX-180292,CDM,,inpatient,1,UN,1564.30,625.72,Anthem,Medicare Advantage,,,Reimbursement bundled into MS-DRG rate where appropriate,,,,0,other,398.27,1079.37,No services performed during 15-month lookback period.,,facility
ISAVUCONAZONIUM SULFATE 372 MG INTRAVENOUS SOLUTION,J1833,HCPCS,0636,RC,00469-0420-01,NDC,RX-180292,CDM,,inpatient,1,UN,1564.30,625.72,Anthem Pathway,Commercial,,,Reimbursement bundled into per diem or MS-DRG where appropriate,,,,0,other,398.27,1079.37,No services performed during 15-month lookback period.,,facility
ISAVUCONAZONIUM SULFATE 372 MG INTRAVENOUS SOLUTION,J1833,HCPCS,0636,RC,00469-0420-01,NDC,RX-180292,CDM,,inpatient,1,UN,1564.30,625.72,Multiplan/PHCS,Commercial,954.22,61.00,,,,,0,percent of total billed charges,398.27,1079.37,No services performed during 15-month lookback period.,,facility
ISAVUCONAZONIUM SULFATE 372 MG INTRAVENOUS SOLUTION,J1833,HCPCS,0636,RC,00469-0420-01,NDC,RX-180292,CDM,,inpatient,1,UN,1564.30,625.72,Simplified Benefits Administration,Narrow,406.72,26.00,,,,,0,percent of total billed charges,398.27,1079.37,No services performed during 15-month lookback period.,,facility
ISAVUCONAZONIUM SULFATE 372 MG INTRAVENOUS SOLUTION,J1833,HCPCS,0636,RC,00469-0420-01,NDC,RX-180292,CDM,,inpatient,1,UN,1564.30,625.72,First Health,Commercial,1079.37,69.00,,,,,0,percent of total billed charges,398.27,1079.37,No services performed during 15-month lookback period.,,facility
"HB COOMBS TEST, AB TITER",86886,CPT,0300,RC,575643,CDM,,,,inpatient,,,180.00,72.00,Multiplan/PHCS,Commercial,109.80,61.00,,,,,0,percent of total billed charges,45.83,124.20,No services performed during 15-month lookback period.,,facility
"HB COOMBS TEST, AB TITER",86886,CPT,0300,RC,575643,CDM,,,,inpatient,,,180.00,72.00,Simplified Benefits Administration,Narrow,46.80,26.00,,,,,0,percent of total billed charges,45.83,124.20,No services performed during 15-month lookback period.,,facility
"HB COOMBS TEST, AB TITER",86886,CPT,0300,RC,575643,CDM,,,,inpatient,,,180.00,72.00,First Health,Commercial,124.20,69.00,,,,,0,percent of total billed charges,45.83,124.20,No services performed during 15-month lookback period.,,facility
"HB COOMBS TEST, AB TITER",86886,CPT,0300,RC,575643,CDM,,,,inpatient,,,180.00,72.00,Anthem Pathway,Commercial,,,Reimbursement bundled into per diem or MS-DRG where appropriate,,,,0,other,45.83,124.20,No services performed during 15-month lookback period.,,facility
"HB COOMBS TEST, AB TITER",86886,CPT,0300,RC,575643,CDM,,,,inpatient,,,180.00,72.00,Anthem,Medicare Advantage,,,Reimbursement bundled into MS-DRG rate where appropriate,,,,0,other,45.83,124.20,No services performed during 15-month lookback period.,,facility
BUTORPHANOL 2 MG/ML INJECTION SOLUTION,J0595,HCPCS,0636,RC,00409-1626-21,NDC,RX-9334,CDM,,inpatient,1,ML,44.06,17.63,Anthem,Medicare Advantage,,,Reimbursement bundled into MS-DRG rate where appropriate,,,,0,other,11.22,30.40,No services performed during 15-month lookback period.,,facility
BUTORPHANOL 2 MG/ML INJECTION SOLUTION,J0595,HCPCS,0636,RC,00409-1626-21,NDC,RX-9334,CDM,,inpatient,1,ML,44.06,17.63,Anthem Pathway,Commercial,,,Reimbursement bundled into per diem or MS-DRG where appropriate,,,,0,other,11.22,30.40,No services performed during 15-month lookback period.,,facility
BUTORPHANOL 2 MG/ML INJECTION SOLUTION,J0595,HCPCS,0636,RC,00409-1626-21,NDC,RX-9334,CDM,,inpatient,1,ML,44.06,17.63,First Health,Commercial,30.40,69.00,,,,,0,percent of total billed charges,11.22,30.40,No services performed during 15-month lookback period.,,facility
BUTORPHANOL 2 MG/ML INJECTION SOLUTION,J0595,HCPCS,0636,RC,00409-1626-21,NDC,RX-9334,CDM,,inpatient,1,ML,44.06,17.63,Simplified Benefits Administration,Narrow,11.46,26.00,,,,,0,percent of total billed charges,11.22,30.40,No services performed during 15-month lookback period.,,facility
BUTORPHANOL 2 MG/ML INJECTION SOLUTION,J0595,HCPCS,0636,RC,00409-1626-21,NDC,RX-9334,CDM,,inpatient,1,ML,44.06,17.63,Multiplan/PHCS,Commercial,26.88,61.00,,,,,0,percent of total billed charges,11.22,30.40,No services performed during 15-month lookback period.,,facility
IOPAMIDOL 370 MG IODINE/ML (76 %) INTRAVENOUS SOLUTION,Q9967,HCPCS,0255,RC,00270-1316-45,NDC,RX-23201,CDM,,inpatient,200,ML,1231.20,492.48,Multiplan/PHCS,Commercial,751.03,61.00,,,,,0,percent of total billed charges,313.46,849.53,No services performed during 15-month lookback period.,,facility
IOPAMIDOL 370 MG IODINE/ML (76 %) INTRAVENOUS SOLUTION,Q9967,HCPCS,0255,RC,00270-1316-45,NDC,RX-23201,CDM,,inpatient,200,ML,1231.20,492.48,Simplified Benefits Administration,Narrow,320.11,26.00,,,,,0,percent of total billed charges,313.46,849.53,No services performed during 15-month lookback period.,,facility
IOPAMIDOL 370 MG IODINE/ML (76 %) INTRAVENOUS SOLUTION,Q9967,HCPCS,0255,RC,00270-1316-45,NDC,RX-23201,CDM,,inpatient,200,ML,1231.20,492.48,First Health,Commercial,849.53,69.00,,,,,0,percent of total billed charges,313.46,849.53,No services performed during 15-month lookback period.,,facility
IOPAMIDOL 370 MG IODINE/ML (76 %) INTRAVENOUS SOLUTION,Q9967,HCPCS,0255,RC,00270-1316-45,NDC,RX-23201,CDM,,inpatient,200,ML,1231.20,492.48,Anthem Pathway,Commercial,,,Reimbursement bundled into per diem or MS-DRG where appropriate,,,,0,other,313.46,849.53,No services performed during 15-month lookback period.,,facility
IOPAMIDOL 370 MG IODINE/ML (76 %) INTRAVENOUS SOLUTION,Q9967,HCPCS,0255,RC,00270-1316-45,NDC,RX-23201,CDM,,inpatient,200,ML,1231.20,492.48,Anthem,Medicare Advantage,,,Reimbursement bundled into MS-DRG rate where appropriate,,,,0,other,313.46,849.53,No services performed during 15-month lookback period.,,facility
INSULIN REGULAR 100 UNIT/100 ML (1 UNIT/ML) IN 0.9 % NACL IV SOLUTION,J3590,HCPCS,0250,RC,00338-0126-12,NDC,RX-200642,CDM,,inpatient,100,ML,36.70,14.68,Anthem,Medicare Advantage,,,Reimbursement bundled into MS-DRG rate where appropriate,,,,0,other,9.34,25.32,No services performed during 15-month lookback period.,,facility
INSULIN REGULAR 100 UNIT/100 ML (1 UNIT/ML) IN 0.9 % NACL IV SOLUTION,J3590,HCPCS,0250,RC,00338-0126-12,NDC,RX-200642,CDM,,inpatient,100,ML,36.70,14.68,Anthem Pathway,Commercial,,,Reimbursement bundled into per diem or MS-DRG where appropriate,,,,0,other,9.34,25.32,No services performed during 15-month lookback period.,,facility
INSULIN REGULAR 100 UNIT/100 ML (1 UNIT/ML) IN 0.9 % NACL IV SOLUTION,J3590,HCPCS,0250,RC,00338-0126-12,NDC,RX-200642,CDM,,inpatient,100,ML,36.70,14.68,Simplified Benefits Administration,Narrow,9.54,26.00,,,,,0,percent of total billed charges,9.34,25.32,No services performed during 15-month lookback period.,,facility
INSULIN REGULAR 100 UNIT/100 ML (1 UNIT/ML) IN 0.9 % NACL IV SOLUTION,J3590,HCPCS,0250,RC,00338-0126-12,NDC,RX-200642,CDM,,inpatient,100,ML,36.70,14.68,Multiplan/PHCS,Commercial,22.39,61.00,,,,,0,percent of total billed charges,9.34,25.32,No services performed during 15-month lookback period.,,facility
INSULIN REGULAR 100 UNIT/100 ML (1 UNIT/ML) IN 0.9 % NACL IV SOLUTION,J3590,HCPCS,0250,RC,00338-0126-12,NDC,RX-200642,CDM,,inpatient,100,ML,36.70,14.68,First Health,Commercial,25.32,69.00,,,,,0,percent of total billed charges,9.34,25.32,No services performed during 15-month lookback period.,,facility
ETOPOSIDE 20 MG/ML INTRAVENOUS SOLUTION,J9181,HCPCS,0636,RC,63323-0104-25,NDC,RX-10000,CDM,,inpatient,25,ML,99.53,39.82,First Health,Commercial,68.68,69.00,,,,,0,percent of total billed charges,25.34,68.68,No services performed during 15-month lookback period.,,facility
ETOPOSIDE 20 MG/ML INTRAVENOUS SOLUTION,J9181,HCPCS,0636,RC,63323-0104-25,NDC,RX-10000,CDM,,inpatient,25,ML,99.53,39.82,Multiplan/PHCS,Commercial,60.71,61.00,,,,,0,percent of total billed charges,25.34,68.68,No services performed during 15-month lookback period.,,facility
ETOPOSIDE 20 MG/ML INTRAVENOUS SOLUTION,J9181,HCPCS,0636,RC,63323-0104-25,NDC,RX-10000,CDM,,inpatient,25,ML,99.53,39.82,Simplified Benefits Administration,Narrow,25.88,26.00,,,,,0,percent of total billed charges,25.34,68.68,No services performed during 15-month lookback period.,,facility
ETOPOSIDE 20 MG/ML INTRAVENOUS SOLUTION,J9181,HCPCS,0636,RC,63323-0104-25,NDC,RX-10000,CDM,,inpatient,25,ML,99.53,39.82,Anthem Pathway,Commercial,,,Reimbursement bundled into per diem or MS-DRG where appropriate,,,,0,other,25.34,68.68,No services performed during 15-month lookback period.,,facility
ETOPOSIDE 20 MG/ML INTRAVENOUS SOLUTION,J9181,HCPCS,0636,RC,63323-0104-25,NDC,RX-10000,CDM,,inpatient,25,ML,99.53,39.82,Anthem,Medicare Advantage,,,Reimbursement bundled into MS-DRG rate where appropriate,,,,0,other,25.34,68.68,No services performed during 15-month lookback period.,,facility
HB XPER-BOSTON SCIENTIFIC DRAIN CATH FLEX,C1729,HCPCS,0272,RC,800951,CDM,,,,inpatient,,,296.00,118.40,Anthem,Medicare Advantage,,,Reimbursement bundled into MS-DRG rate where appropriate,,,,0,other,75.36,204.24,No services performed during 15-month lookback period.,,facility
HB XPER-BOSTON SCIENTIFIC DRAIN CATH FLEX,C1729,HCPCS,0272,RC,800951,CDM,,,,inpatient,,,296.00,118.40,Anthem Pathway,Commercial,,,Reimbursement bundled into per diem or MS-DRG where appropriate,,,,0,other,75.36,204.24,No services performed during 15-month lookback period.,,facility
HB XPER-BOSTON SCIENTIFIC DRAIN CATH FLEX,C1729,HCPCS,0272,RC,800951,CDM,,,,inpatient,,,296.00,118.40,Simplified Benefits Administration,Narrow,76.96,26.00,,,,,0,percent of total billed charges,75.36,204.24,No services performed during 15-month lookback period.,,facility
HB XPER-BOSTON SCIENTIFIC DRAIN CATH FLEX,C1729,HCPCS,0272,RC,800951,CDM,,,,inpatient,,,296.00,118.40,First Health,Commercial,204.24,69.00,,,,,0,percent of total billed charges,75.36,204.24,No services performed during 15-month lookback period.,,facility
HB XPER-BOSTON SCIENTIFIC DRAIN CATH FLEX,C1729,HCPCS,0272,RC,800951,CDM,,,,inpatient,,,296.00,118.40,Multiplan/PHCS,Commercial,180.56,61.00,,,,,0,percent of total billed charges,75.36,204.24,No services performed during 15-month lookback period.,,facility
HB XPER-BOSTON SCIENTIFIC CRT-P,C2621,HCPCS,0275,RC,810092,CDM,,,,inpatient,,,8550.00,3420.00,Multiplan/PHCS,Commercial,5215.50,61.00,,,,,0,percent of total billed charges,2176.83,5899.50,No services performed during 15-month lookback period.,,facility
HB XPER-BOSTON SCIENTIFIC CRT-P,C2621,HCPCS,0275,RC,810092,CDM,,,,inpatient,,,8550.00,3420.00,First Health,Commercial,5899.50,69.00,,,,,0,percent of total billed charges,2176.83,5899.50,No services performed during 15-month lookback period.,,facility
HB XPER-BOSTON SCIENTIFIC CRT-P,C2621,HCPCS,0275,RC,810092,CDM,,,,inpatient,,,8550.00,3420.00,Simplified Benefits Administration,Narrow,2223.00,26.00,,,,,0,percent of total billed charges,2176.83,5899.50,No services performed during 15-month lookback period.,,facility
HB XPER-BOSTON SCIENTIFIC CRT-P,C2621,HCPCS,0275,RC,810092,CDM,,,,inpatient,,,8550.00,3420.00,Anthem Pathway,Commercial,,,Reimbursement bundled into per diem or MS-DRG where appropriate,,,,0,other,2176.83,5899.50,No services performed during 15-month lookback period.,,facility
HB XPER-BOSTON SCIENTIFIC CRT-P,C2621,HCPCS,0275,RC,810092,CDM,,,,inpatient,,,8550.00,3420.00,Anthem,Medicare Advantage,,,Reimbursement bundled into MS-DRG rate where appropriate,,,,0,other,2176.83,5899.50,No services performed during 15-month lookback period.,,facility
HB RADIANT MRI LOW EXTREM NOT JT W/CONT,73719,CPT,0614,RC,011352,CDM,,,,inpatient,,,5063.40,2025.36,Anthem,Medicare Advantage,,,Reimbursement bundled into MS-DRG rate where appropriate,,,,0,other,1289.14,3493.75,No services performed during 15-month lookback period.,,facility
HB RADIANT MRI LOW EXTREM NOT JT W/CONT,73719,CPT,0614,RC,011352,CDM,,,,inpatient,,,5063.40,2025.36,Anthem Pathway,Commercial,,,Reimbursement bundled into per diem or MS-DRG where appropriate,,,,0,other,1289.14,3493.75,No services performed during 15-month lookback period.,,facility
HB RADIANT MRI LOW EXTREM NOT JT W/CONT,73719,CPT,0614,RC,011352,CDM,,,,inpatient,,,5063.40,2025.36,Simplified Benefits Administration,Narrow,1316.48,26.00,,,,,0,percent of total billed charges,1289.14,3493.75,No services performed during 15-month lookback period.,,facility
HB RADIANT MRI LOW EXTREM NOT JT W/CONT,73719,CPT,0614,RC,011352,CDM,,,,inpatient,,,5063.40,2025.36,Multiplan/PHCS,Commercial,3088.67,61.00,,,,,0,percent of total billed charges,1289.14,3493.75,No services performed during 15-month lookback period.,,facility
HB RADIANT MRI LOW EXTREM NOT JT W/CONT,73719,CPT,0614,RC,011352,CDM,,,,inpatient,,,5063.40,2025.36,First Health,Commercial,3493.75,69.00,,,,,0,percent of total billed charges,1289.14,3493.75,No services performed during 15-month lookback period.,,facility
HB COMPLEMENT FUNCTION EACH,86161,CPT,0302,RC,774977,CDM,,,,inpatient,,,198.00,79.20,Multiplan/PHCS,Commercial,120.78,61.00,,,,,0,percent of total billed charges,50.41,136.62,No services performed during 15-month lookback period.,,facility
HB COMPLEMENT FUNCTION EACH,86161,CPT,0302,RC,774977,CDM,,,,inpatient,,,198.00,79.20,Simplified Benefits Administration,Narrow,51.48,26.00,,,,,0,percent of total billed charges,50.41,136.62,No services performed during 15-month lookback period.,,facility
HB COMPLEMENT FUNCTION EACH,86161,CPT,0302,RC,774977,CDM,,,,inpatient,,,198.00,79.20,First Health,Commercial,136.62,69.00,,,,,0,percent of total billed charges,50.41,136.62,No services performed during 15-month lookback period.,,facility
HB COMPLEMENT FUNCTION EACH,86161,CPT,0302,RC,774977,CDM,,,,inpatient,,,198.00,79.20,Anthem Pathway,Commercial,,,Reimbursement bundled into per diem or MS-DRG where appropriate,,,,0,other,50.41,136.62,No services performed during 15-month lookback period.,,facility
HB COMPLEMENT FUNCTION EACH,86161,CPT,0302,RC,774977,CDM,,,,inpatient,,,198.00,79.20,Anthem,Medicare Advantage,,,Reimbursement bundled into MS-DRG rate where appropriate,,,,0,other,50.41,136.62,No services performed during 15-month lookback period.,,facility
HB FACTOR ASSAY II,85210,CPT,0305,RC,775819,CDM,,,,inpatient,,,328.90,131.56,Anthem,Medicare Advantage,,,Reimbursement bundled into MS-DRG rate where appropriate,,,,0,other,83.74,226.94,No services performed during 15-month lookback period.,,facility
HB FACTOR ASSAY II,85210,CPT,0305,RC,775819,CDM,,,,inpatient,,,328.90,131.56,Anthem Pathway,Commercial,,,Reimbursement bundled into per diem or MS-DRG where appropriate,,,,0,other,83.74,226.94,No services performed during 15-month lookback period.,,facility
HB FACTOR ASSAY II,85210,CPT,0305,RC,775819,CDM,,,,inpatient,,,328.90,131.56,Multiplan/PHCS,Commercial,200.63,61.00,,,,,0,percent of total billed charges,83.74,226.94,No services performed during 15-month lookback period.,,facility
HB FACTOR ASSAY II,85210,CPT,0305,RC,775819,CDM,,,,inpatient,,,328.90,131.56,Simplified Benefits Administration,Narrow,85.51,26.00,,,,,0,percent of total billed charges,83.74,226.94,No services performed during 15-month lookback period.,,facility
HB FACTOR ASSAY II,85210,CPT,0305,RC,775819,CDM,,,,inpatient,,,328.90,131.56,First Health,Commercial,226.94,69.00,,,,,0,percent of total billed charges,83.74,226.94,No services performed during 15-month lookback period.,,facility
MEDROXYPROGESTERONE 2.5 MG TABLET,0250,RC,00555-0872-02,NDC,RX-4855,CDM,,,,inpatient,1,UN,7.75,3.10,First Health,Commercial,5.35,69.00,,,,,0,percent of total billed charges,1.97,5.35,No services performed during 15-month lookback period.,,facility
MEDROXYPROGESTERONE 2.5 MG TABLET,0250,RC,00555-0872-02,NDC,RX-4855,CDM,,,,inpatient,1,UN,7.75,3.10,Multiplan/PHCS,Commercial,4.73,61.00,,,,,0,percent of total billed charges,1.97,5.35,No services performed during 15-month lookback period.,,facility
MEDROXYPROGESTERONE 2.5 MG TABLET,0250,RC,00555-0872-02,NDC,RX-4855,CDM,,,,inpatient,1,UN,7.75,3.10,Simplified Benefits Administration,Narrow,2.02,26.00,,,,,0,percent of total billed charges,1.97,5.35,No services performed during 15-month lookback period.,,facility
MEDROXYPROGESTERONE 2.5 MG TABLET,0250,RC,00555-0872-02,NDC,RX-4855,CDM,,,,inpatient,1,UN,7.75,3.10,Anthem Pathway,Commercial,,,Reimbursement bundled into per diem or MS-DRG where appropriate,,,,0,other,1.97,5.35,No services performed during 15-month lookback period.,,facility
MEDROXYPROGESTERONE 2.5 MG TABLET,0250,RC,00555-0872-02,NDC,RX-4855,CDM,,,,inpatient,1,UN,7.75,3.10,Anthem,Medicare Advantage,,,Reimbursement bundled into MS-DRG rate where appropriate,,,,0,other,1.97,5.35,No services performed during 15-month lookback period.,,facility
HB RADIANT-L-SPINE 2 OR 3 VIEWS,72100,CPT,0320,RC,002462,CDM,,,,inpatient,,,693.40,277.36,Anthem,Medicare Advantage,,,Reimbursement bundled into MS-DRG rate where appropriate,,,,0,other,176.54,478.45,No services performed during 15-month lookback period.,,facility
HB RADIANT-L-SPINE 2 OR 3 VIEWS,72100,CPT,0320,RC,002462,CDM,,,,inpatient,,,693.40,277.36,Anthem Pathway,Commercial,,,Reimbursement bundled into per diem or MS-DRG where appropriate,,,,0,other,176.54,478.45,No services performed during 15-month lookback period.,,facility
HB RADIANT-L-SPINE 2 OR 3 VIEWS,72100,CPT,0320,RC,002462,CDM,,,,inpatient,,,693.40,277.36,Simplified Benefits Administration,Narrow,180.28,26.00,,,,,0,percent of total billed charges,176.54,478.45,No services performed during 15-month lookback period.,,facility
HB RADIANT-L-SPINE 2 OR 3 VIEWS,72100,CPT,0320,RC,002462,CDM,,,,inpatient,,,693.40,277.36,Multiplan/PHCS,Commercial,422.97,61.00,,,,,0,percent of total billed charges,176.54,478.45,No services performed during 15-month lookback period.,,facility
HB RADIANT-L-SPINE 2 OR 3 VIEWS,72100,CPT,0320,RC,002462,CDM,,,,inpatient,,,693.40,277.36,First Health,Commercial,478.45,69.00,,,,,0,percent of total billed charges,176.54,478.45,No services performed during 15-month lookback period.,,facility
PERMANENT CARDIAC PACEMAKER IMPLANT WITH CC,243,MS-DRG,,,,,,,,inpatient,,,,,Anthem Pathway,Commercial,41855.14,,,,,,,case rate,17140.00,47412.53,"If the length of stay is greater than (160% multiplied by the geometric length of stay), which is the trim point, then allow ($19,642 base rate multiplied by the DRG relative weight plus ((the length of stay minus the trim point) multiplied by $6,543 per diem rate)","If the length of stay is greater than (160% multiplied by the geometric length of stay), which is the trim point, then allow ($19,642 base rate multiplied by the DRG relative weight plus ((the length of stay minus the trim point) multiplied by $6,543 per diem rate)",facility
PERMANENT CARDIAC PACEMAKER IMPLANT WITH CC,243,MS-DRG,,,,,,,,inpatient,,,,,Anthem,Medicare Advantage,19267.72,,,,,,,case rate,17140.00,47412.53,,,facility
"HB CC PROBE, 7 GAUGE VAC ASSIST",A4215,HCPCS,0272,RC,355112,CDM,,,,inpatient,,,966.00,386.40,Anthem,Medicare Advantage,,,Reimbursement bundled into MS-DRG rate where appropriate,,,,0,other,245.94,666.54,No services performed during 15-month lookback period.,,facility
"HB CC PROBE, 7 GAUGE VAC ASSIST",A4215,HCPCS,0272,RC,355112,CDM,,,,inpatient,,,966.00,386.40,Anthem Pathway,Commercial,,,Reimbursement bundled into per diem or MS-DRG where appropriate,,,,0,other,245.94,666.54,No services performed during 15-month lookback period.,,facility
"HB CC PROBE, 7 GAUGE VAC ASSIST",A4215,HCPCS,0272,RC,355112,CDM,,,,inpatient,,,966.00,386.40,First Health,Commercial,666.54,69.00,,,,,0,percent of total billed charges,245.94,666.54,No services performed during 15-month lookback period.,,facility
"HB CC PROBE, 7 GAUGE VAC ASSIST",A4215,HCPCS,0272,RC,355112,CDM,,,,inpatient,,,966.00,386.40,Multiplan/PHCS,Commercial,589.26,61.00,,,,,0,percent of total billed charges,245.94,666.54,No services performed during 15-month lookback period.,,facility
"HB CC PROBE, 7 GAUGE VAC ASSIST",A4215,HCPCS,0272,RC,355112,CDM,,,,inpatient,,,966.00,386.40,Simplified Benefits Administration,Narrow,251.16,26.00,,,,,0,percent of total billed charges,245.94,666.54,No services performed during 15-month lookback period.,,facility
"PANCREAS, LIVER AND SHUNT PROCEDURES WITH CC",406,MS-DRG,,,,,,,,inpatient,,,,,Anthem Pathway,Commercial,56965.73,,,,,,,case rate,17140.00,64529.45,"If the length of stay is greater than (160% multiplied by the geometric length of stay), which is the trim point, then allow ($19,642 base rate multiplied by the DRG relative weight plus ((the length of stay minus the trim point) multiplied by $6,543 per diem rate)","If the length of stay is greater than (160% multiplied by the geometric length of stay), which is the trim point, then allow ($19,642 base rate multiplied by the DRG relative weight plus ((the length of stay minus the trim point) multiplied by $6,543 per diem rate)",facility
"PANCREAS, LIVER AND SHUNT PROCEDURES WITH CC",406,MS-DRG,,,,,,,,inpatient,,,,,Anthem,Medicare Advantage,26003.30,,,,,,,case rate,17140.00,64529.45,,,facility
HB OXYGEN CONTINUOUS-DAILY,0270,RC,012549,CDM,,,,,,inpatient,,,508.50,203.40,Anthem,Medicare Advantage,,,Reimbursement bundled into MS-DRG rate where appropriate,,,,0,other,129.46,350.87,No services performed during 15-month lookback period.,,facility
HB OXYGEN CONTINUOUS-DAILY,0270,RC,012549,CDM,,,,,,inpatient,,,508.50,203.40,Anthem Pathway,Commercial,,,Reimbursement bundled into per diem or MS-DRG where appropriate,,,,0,other,129.46,350.87,No services performed during 15-month lookback period.,,facility
HB OXYGEN CONTINUOUS-DAILY,0270,RC,012