ccn,hospital_name,state,finding,url,dns,final_status,redirect_hops,server,cf_ray,cf_mitigated,waf_action,edge,body_hint,error,ms,transcript
021311,PEACEHEALTH KETCHIKAN MEDICAL CENTER,AK,pointer-blocked-to-automation,https://peacehealth.org/cms-hpt.txt,ok,,2,,,,,,,fetch failed (cause: UND_ERR_CONNECT_TIMEOUT),39862,transcripts\peacehealth.org--a3aae4db.txt
021311,PEACEHEALTH KETCHIKAN MEDICAL CENTER,AK,pointer-blocked-to-automation,https://peacehealth.org/,ok,403,1,cloudflare | cloudflare,a371f558e8fb2bd4-IAD | a371f55a0eeea6be-IAD,challenge,,cloudflare,Just a moment,,3452,transcripts\peacehealth.org--c1ce36b3.txt
021312,SAMUEL SIMMONDS MEMORIAL HOSPITAL,AK,not-assessed-site-unreachable,https://arcticslope.org/cms-hpt.txt,ok,404,1,cloudflare,a371f5030b0d2c58-IAD,,,cloudflare,,fetch failed (cause: UND_ERR_CONNECT_TIMEOUT),30109,transcripts\arcticslope.org--100c53bb.txt
021312,SAMUEL SIMMONDS MEMORIAL HOSPITAL,AK,not-assessed-site-unreachable,https://arcticslope.org/,ok,200,0,cloudflare,a371f5588fa29cc0-IAD,,,cloudflare,,,13088,transcripts\arcticslope.org--cd4cd826.txt
021305,SEARHC WRANGELL MEDICAL CENTER & LTC,AK,no-cms-hpt-txt-published,https://searhc.org/,ok,200,0,cloudflare,a371f4d6593222ef-IAD,,,cloudflare,,fetch failed (cause: UND_ERR_CONNECT_TIMEOUT),22334,transcripts\searhc.org--8ca06500.txt
021305,SEARHC WRANGELL MEDICAL CENTER & LTC,AK,no-cms-hpt-txt-published,https://searhc.org/cms-hpt.txt,ok,404,0,cloudflare,a371f5037b406fda-IAD,,,cloudflare,,,7301,transcripts\searhc.org--47a2110b.txt
021305,SEARHC WRANGELL MEDICAL CENTER & LTC,AK,no-cms-hpt-txt-published,https://searhc.org/.well-known/cms-hpt.txt,ok,404,0,cloudflare,a371f558ae221e81-IAD,,,cloudflare,,,13593,transcripts\searhc.org--baf6cfea.txt
010036,ANDALUSIA HEALTH,AL,not-assessed-site-unreachable,https://andalusiahealth.com/cms-hpt.txt,ok,406,0,,,,,,,fetch failed (cause: UND_ERR_CONNECT_TIMEOUT),22226,transcripts\andalusiahealth.com--c9e8f554.txt
010036,ANDALUSIA HEALTH,AL,not-assessed-site-unreachable,https://andalusiahealth.com/,ok,406,0,,,,,,,,7181,transcripts\andalusiahealth.com--7075c383.txt
010079,ATHENS LIMESTONE HOSPITAL,AL,not-assessed-site-unreachable,https://huntsvillehospital.org/cms-hpt.txt,failed,,0,,,,,,,fetch failed (cause: EAI_AGAIN),29323,transcripts\huntsvillehospital.org--0bfde50e.txt
010079,ATHENS LIMESTONE HOSPITAL,AL,not-assessed-site-unreachable,https://huntsvillehospital.org/,failed,,0,,,,,,,fetch failed (cause: EAI_AGAIN),10522,transcripts\huntsvillehospital.org--b0b2ddcd.txt
010083,BALDWIN HEALTH,AL,no-cms-hpt-txt-published,https://southbaldwinrmc.com/,ok,200,1,cloudflare,a371f5033f5a5d13-IAD,,,cloudflare,,fetch failed (cause: UND_ERR_CONNECT_TIMEOUT),29524,transcripts\southbaldwinrmc.com--203d11fe.txt
010083,BALDWIN HEALTH,AL,no-cms-hpt-txt-published,https://southbaldwinrmc.com/cms-hpt.txt,ok,404,0,cloudflare,a371f558ce13c48c-IAD,,,cloudflare,,,13711,transcripts\southbaldwinrmc.com--e188a71e.txt
010083,BALDWIN HEALTH,AL,no-cms-hpt-txt-published,https://southbaldwinrmc.com/.well-known/cms-hpt.txt,ok,404,0,cloudflare,a371f55a1aa7c48c-IAD,,,cloudflare,,,177,transcripts\southbaldwinrmc.com--3b52f0d0.txt
010034,COMMUNITY HOSPITAL INC,AL,no-cms-hpt-txt-published,https://chal.org/,ok,200,0,Apache,,,,,,fetch failed (cause: UND_ERR_CONNECT_TIMEOUT),22414,transcripts\chal.org--9f5d02bb.txt
010034,COMMUNITY HOSPITAL INC,AL,no-cms-hpt-txt-published,https://chal.org/cms-hpt.txt,ok,200,0,Apache,,,,,,,7296,transcripts\chal.org--c640583b.txt
010034,COMMUNITY HOSPITAL INC,AL,no-cms-hpt-txt-published,https://chal.org/.well-known/cms-hpt.txt,ok,200,0,Apache,,,,,,,13691,transcripts\chal.org--a08213aa.txt
010131,CRESTWOOD MEDICAL CENTER,AL,not-assessed-site-unreachable,https://crestwoodmedcenter.com/cms-hpt.txt,failed,,0,,,,,,,fetch failed (cause: EAI_AGAIN),29363,transcripts\crestwoodmedcenter.com--af1e9cc7.txt
010131,CRESTWOOD MEDICAL CENTER,AL,not-assessed-site-unreachable,https://crestwoodmedcenter.com/,failed,,0,,,,,,,fetch failed (cause: UND_ERR_CONNECT_TIMEOUT),13544,transcripts\crestwoodmedcenter.com--cb776263.txt
010085,DECATUR MORGAN HOSPITAL - DECATUR CAMPUS,AL,not-assessed-site-unreachable,https://huntsvillehospital.org/cms-hpt.txt,failed,,0,,,,,,,fetch failed (cause: EAI_AGAIN),29323,transcripts\huntsvillehospital.org--0bfde50e.txt
010085,DECATUR MORGAN HOSPITAL - DECATUR CAMPUS,AL,not-assessed-site-unreachable,https://huntsvillehospital.org/,failed,,0,,,,,,,fetch failed (cause: EAI_AGAIN),10522,transcripts\huntsvillehospital.org--b0b2ddcd.txt
010012,DEKALB REGIONAL MEDICAL CENTER,AL,not-assessed-not-named-in-file,https://dekalbregional.com/,ok,,2,Apache,,,,,,fetch failed (cause: UND_ERR_CONNECT_TIMEOUT),35640,transcripts\dekalbregional.com--f1f6a5c3.txt
010148,EVERGREEN MEDICAL CENTER,AL,mrf-blocked-to-automation,https://irp.cdn-website.com/1a9867e2/files/uploaded/208057151_evergreenmedicalcenter_standardcharges.csv,ok,403,0,AmazonS3,,,,cloudfront,Access Denied,,3372,transcripts\irp.cdn-website.com--9acd8e60.txt
010019,HELEN KELLER HOSPITAL,AL,not-assessed-site-unreachable,https://huntsvillehospital.org/cms-hpt.txt,failed,,0,,,,,,,fetch failed (cause: EAI_AGAIN),29323,transcripts\huntsvillehospital.org--0bfde50e.txt
010019,HELEN KELLER HOSPITAL,AL,not-assessed-site-unreachable,https://huntsvillehospital.org/,failed,,0,,,,,,,fetch failed (cause: EAI_AGAIN),10522,transcripts\huntsvillehospital.org--b0b2ddcd.txt
010061,HIGHLANDS MEDICAL CENTER,AL,not-assessed-site-unreachable,https://highlandsmedcenter.com/cms-hpt.txt,failed,,0,,,,,,,fetch failed (cause: UND_ERR_CONNECT_TIMEOUT),22240,transcripts\highlandsmedcenter.com--88ab628b.txt
010061,HIGHLANDS MEDICAL CENTER,AL,not-assessed-site-unreachable,https://highlandsmedcenter.com/,failed,,0,,,,,,,fetch failed (cause: EAI_AGAIN),281,transcripts\highlandsmedcenter.com--c1805797.txt
014000,HILL CREST BEHAVIORAL HEALTH SERVICES,AL,pointer-blocked-to-automation,https://hillcrestbhs.com/cms-hpt.txt,ok,403,0,cloudflare,a371f55a4dba8aaa-IAD,challenge,,cloudflare,Just a moment,,137,transcripts\hillcrestbhs.com--bf215e0e.txt
014000,HILL CREST BEHAVIORAL HEALTH SERVICES,AL,pointer-blocked-to-automation,https://hillcrestbhs.com/,ok,403,0,cloudflare,a371f55a8e788aaa-IAD,challenge,,cloudflare,Just a moment,,37,transcripts\hillcrestbhs.com--21dff39e.txt
010168,JACK HUGHSTON MEMORIAL HOSPITAL,AL,mrf-url-unreachable,https://al.hughston.com/wp-content/uploads/sites/8/2024/02/331058243_jack-hughston-memorial-hospital_standardcharges.json,ok,404,0,nginx,,,,,,,312,transcripts\al.hughston.com--966fe488.txt
011311,LAKELAND COMMUNITY HOSPITAL,AL,no-cms-hpt-txt-published,https://lakelandcommunityhospital.com/,ok,200,0,Apache/2.4.58 (Ubuntu),,,,,,,874,transcripts\lakelandcommunityhospital.com--0ec02013.txt
011311,LAKELAND COMMUNITY HOSPITAL,AL,no-cms-hpt-txt-published,https://lakelandcommunityhospital.com/cms-hpt.txt,ok,404,1,Apache/2.4.58 (Ubuntu),,,,,,fetch failed (cause: UND_ERR_CONNECT_TIMEOUT),22083,transcripts\lakelandcommunityhospital.com--19602a7b.txt
011311,LAKELAND COMMUNITY HOSPITAL,AL,no-cms-hpt-txt-published,https://lakelandcommunityhospital.com/.well-known/cms-hpt.txt,ok,404,0,Apache/2.4.58 (Ubuntu),,,,,,,771,transcripts\lakelandcommunityhospital.com--bd7290cb.txt
011304,OCHSNER CHOCTAW GENERAL,AL,not-assessed-not-named-in-file,https://ochsnerrush.org/,ok,200,1,BigIP | volt-adc,,,,,,,421,transcripts\ochsnerrush.org--330c819a.txt
011302,RED BAY HOSPITAL,AL,not-assessed-not-named-in-file,https://healthy.kaiserpermanente.org/,ok,,18,BigIP | BigIP | BigIP | BigIP | BigIP | BigIP | BigIP | BigIP,,,,,,too many redirects,23205,transcripts\healthy.kaiserpermanente.org--1179036c.txt
010065,RUSSELL MEDICAL CENTER,AL,no-cms-hpt-txt-published,https://russellcares.com/,ok,200,0,,,,,cloudfront,,,786,transcripts\russellcares.com--fdb36769.txt
010065,RUSSELL MEDICAL CENTER,AL,no-cms-hpt-txt-published,https://russellcares.com/cms-hpt.txt,ok,404,1,,,,,cloudfront,,fetch failed (cause: UND_ERR_CONNECT_TIMEOUT),21742,transcripts\russellcares.com--2d011f8b.txt
010065,RUSSELL MEDICAL CENTER,AL,no-cms-hpt-txt-published,https://russellcares.com/.well-known/cms-hpt.txt,ok,404,0,,,,,cloudfront,,,198,transcripts\russellcares.com--d8d31b92.txt
010118,VAUGHAN REGIONAL MEDICAL CENTER PARKWAY CAMPUS,AL,not-assessed-site-unreachable,https://vaughanregional.com/cms-hpt.txt,ok,406,0,,,,,,,,146,transcripts\vaughanregional.com--1b53b9fe.txt
010118,VAUGHAN REGIONAL MEDICAL CENTER PARKWAY CAMPUS,AL,not-assessed-site-unreachable,https://vaughanregional.com/,ok,406,0,,,,,,,,68,transcripts\vaughanregional.com--2f676c85.txt
010112,WHITFIELD REGIONAL HOSPITAL,AL,no-cms-hpt-txt-published,https://bwwmh.com/,ok,200,1,ip-10-123-125-226.ec2.internal | nginx/1.29.8,,,,,,,3795,transcripts\bwwmh.com--e9641645.txt
010112,WHITFIELD REGIONAL HOSPITAL,AL,no-cms-hpt-txt-published,https://bwwmh.com/cms-hpt.txt,ok,404,0,awselb/2.0,,,,,,fetch failed (cause: UND_ERR_CONNECT_TIMEOUT),17869,transcripts\bwwmh.com--f9f2512f.txt
010112,WHITFIELD REGIONAL HOSPITAL,AL,no-cms-hpt-txt-published,https://bwwmh.com/.well-known/cms-hpt.txt,ok,404,0,,,,,,,,298,transcripts\bwwmh.com--2f20cac2.txt
044011,ARKANSAS STATE HOSPITAL,AR,no-cms-hpt-txt-published,https://humanservices.arkansas.gov/,ok,200,0,cloudflare,a371f55d18e5c502-IAD,,,cloudflare,,,219,transcripts\humanservices.arkansas.gov--5c28bb7d.txt
044011,ARKANSAS STATE HOSPITAL,AR,no-cms-hpt-txt-published,https://humanservices.arkansas.gov/cms-hpt.txt,ok,,0,,,,,,,fetch failed (cause: UND_ERR_CONNECT_TIMEOUT),33310,transcripts\humanservices.arkansas.gov--d78b3829.txt
044011,ARKANSAS STATE HOSPITAL,AR,no-cms-hpt-txt-published,https://humanservices.arkansas.gov/.well-known/cms-hpt.txt,ok,404,0,cloudflare,a371f67f0887389c-IAD,,,cloudflare,,,13063,transcripts\humanservices.arkansas.gov--a9d590c0.txt
040147,ARKANSAS SURGICAL HOSPITAL,AR,no-cms-hpt-txt-published,https://clariti-health.com/,ok,,1,Yes,,,,,,fetch failed (cause: UND_ERR_CONNECT_TIMEOUT),21336,transcripts\clariti-health.com--d4d07f3e.txt
040147,ARKANSAS SURGICAL HOSPITAL,AR,no-cms-hpt-txt-published,https://clariti-health.com/cms-hpt.txt,ok,200,0,Microsoft-IIS/10.0,,,,,,,590,transcripts\clariti-health.com--201560d8.txt
040147,ARKANSAS SURGICAL HOSPITAL,AR,no-cms-hpt-txt-published,https://clariti-health.com/.well-known/cms-hpt.txt,ok,200,0,Microsoft-IIS/10.0,,,,,,,142,transcripts\clariti-health.com--c5633c55.txt
041309,LAWRENCE MEMORIAL HOSPITAL,AR,mrf-url-unreachable,https://www.lawrencegeneral.org/LawrenceGeneral/media/PDF-Docs/042103586_LawerenceGeneralHospital_standardcharges.csv,ok,404,1,Microsoft-IIS/10.0 | Microsoft-IIS/10.0,,,,,,,795,transcripts\lawrencegeneral.org--436d7647.txt
040022,NORTHWEST MEDICAL CENTER-SPRINGDALE,AR,not-assessed-site-unreachable,https://northwesthealth.com/cms-hpt.txt,ok,,2,Apache/2.4,,,,,,fetch failed (cause: ENOTFOUND),652,transcripts\northwesthealth.com--026db188.txt
040022,NORTHWEST MEDICAL CENTER-SPRINGDALE,AR,not-assessed-site-unreachable,https://northwesthealth.com/,ok,200,1,Apache/2.4 | Vercel,,,,,,,266,transcripts\northwesthealth.com--fd9b4f86.txt
041313,OZARK HEALTH,AR,not-assessed-not-named-in-file,https://ozarkhealth.net/,ok,200,0,Apache,,,,,,,418,transcripts\ozarkhealth.net--7f5be8e2.txt
044021,PERIMETER BEHAVIORAL HOSPITAL OF WEST MEMPHIS,AR,not-assessed-not-named-in-file,https://perimeterhealthcare.com/,ok,200,1,nginx,,,,,,,521,transcripts\perimeterhealthcare.com--307188d1.txt
041330,PIGGOTT COMMUNITY HOSPITAL,AR,pointer-blocked-to-automation,https://piggotthealthsystem.com/cms-hpt.txt,ok,403,0,cloudflare,a371f5e84cd79167-IAD,challenge,,cloudflare,Just a moment,,173,transcripts\piggotthealthsystem.com--d24cea04.txt
041330,PIGGOTT COMMUNITY HOSPITAL,AR,pointer-blocked-to-automation,https://piggotthealthsystem.com/,ok,403,0,cloudflare,a371f5e87d569167-IAD,challenge,,cloudflare,Just a moment,,26,transcripts\piggotthealthsystem.com--2d4e5482.txt
040001,SILOAM SPRINGS REGIONAL HOSPITAL,AR,not-assessed-site-unreachable,https://northwesthealth.com/cms-hpt.txt,ok,,2,Apache/2.4,,,,,,fetch failed (cause: ENOTFOUND),652,transcripts\northwesthealth.com--026db188.txt
040001,SILOAM SPRINGS REGIONAL HOSPITAL,AR,not-assessed-site-unreachable,https://northwesthealth.com/,ok,200,1,Apache/2.4 | Vercel,,,,,,,266,transcripts\northwesthealth.com--fd9b4f86.txt
030002,BANNER - UNIVERSITY MEDICAL CENTER PHOENIX,AZ,pointer-blocked-to-automation,https://bannerhealth.com/cms-hpt.txt,ok,403,0,cloudflare,a371f5e86b0278b1-IAD,,,cloudflare,Attention Required,,130,transcripts\bannerhealth.com--fbc99cf8.txt
030002,BANNER - UNIVERSITY MEDICAL CENTER PHOENIX,AZ,pointer-blocked-to-automation,https://bannerhealth.com/,ok,403,0,cloudflare,a371f5e89b6978b1-IAD,,,cloudflare,Attention Required,,24,transcripts\bannerhealth.com--7294dd9d.txt
030064,BANNER - UNIVERSITY MEDICAL CENTER TUCSON CAMPUS,AZ,pointer-blocked-to-automation,https://bannerhealth.com/cms-hpt.txt,ok,403,0,cloudflare,a371f5e86b0278b1-IAD,,,cloudflare,Attention Required,,130,transcripts\bannerhealth.com--fbc99cf8.txt
030064,BANNER - UNIVERSITY MEDICAL CENTER TUCSON CAMPUS,AZ,pointer-blocked-to-automation,https://bannerhealth.com/,ok,403,0,cloudflare,a371f5e89b6978b1-IAD,,,cloudflare,Attention Required,,24,transcripts\bannerhealth.com--7294dd9d.txt
030088,BANNER BAYWOOD MEDICAL CENTER,AZ,pointer-blocked-to-automation,https://bannerhealth.com/cms-hpt.txt,ok,403,0,cloudflare,a371f5e86b0278b1-IAD,,,cloudflare,Attention Required,,130,transcripts\bannerhealth.com--fbc99cf8.txt
030088,BANNER BAYWOOD MEDICAL CENTER,AZ,pointer-blocked-to-automation,https://bannerhealth.com/,ok,403,0,cloudflare,a371f5e89b6978b1-IAD,,,cloudflare,Attention Required,,24,transcripts\bannerhealth.com--7294dd9d.txt
034004,BANNER BEHAVIORAL HEALTH HOSPITAL,AZ,pointer-blocked-to-automation,https://bannerhealth.com/cms-hpt.txt,ok,403,0,cloudflare,a371f5e86b0278b1-IAD,,,cloudflare,Attention Required,,130,transcripts\bannerhealth.com--fbc99cf8.txt
034004,BANNER BEHAVIORAL HEALTH HOSPITAL,AZ,pointer-blocked-to-automation,https://bannerhealth.com/,ok,403,0,cloudflare,a371f5e89b6978b1-IAD,,,cloudflare,Attention Required,,24,transcripts\bannerhealth.com--7294dd9d.txt
030061,BANNER BOSWELL MEDICAL CENTER,AZ,pointer-blocked-to-automation,https://bannerhealth.com/cms-hpt.txt,ok,403,0,cloudflare,a371f5e86b0278b1-IAD,,,cloudflare,Attention Required,,130,transcripts\bannerhealth.com--fbc99cf8.txt
030061,BANNER BOSWELL MEDICAL CENTER,AZ,pointer-blocked-to-automation,https://bannerhealth.com/,ok,403,0,cloudflare,a371f5e89b6978b1-IAD,,,cloudflare,Attention Required,,24,transcripts\bannerhealth.com--7294dd9d.txt
030016,BANNER CASA GRANDE MEDICAL CENTER,AZ,pointer-blocked-to-automation,https://bannerhealth.com/cms-hpt.txt,ok,403,0,cloudflare,a371f5e86b0278b1-IAD,,,cloudflare,Attention Required,,130,transcripts\bannerhealth.com--fbc99cf8.txt
030016,BANNER CASA GRANDE MEDICAL CENTER,AZ,pointer-blocked-to-automation,https://bannerhealth.com/,ok,403,0,cloudflare,a371f5e89b6978b1-IAD,,,cloudflare,Attention Required,,24,transcripts\bannerhealth.com--7294dd9d.txt
030093,BANNER DEL E. WEBB MEDICAL CENTER,AZ,pointer-blocked-to-automation,https://bannerhealth.com/cms-hpt.txt,ok,403,0,cloudflare,a371f5e86b0278b1-IAD,,,cloudflare,Attention Required,,130,transcripts\bannerhealth.com--fbc99cf8.txt
030093,BANNER DEL E. WEBB MEDICAL CENTER,AZ,pointer-blocked-to-automation,https://bannerhealth.com/,ok,403,0,cloudflare,a371f5e89b6978b1-IAD,,,cloudflare,Attention Required,,24,transcripts\bannerhealth.com--7294dd9d.txt
030065,BANNER DESERT MEDICAL CENTER,AZ,pointer-blocked-to-automation,https://bannerhealth.com/cms-hpt.txt,ok,403,0,cloudflare,a371f5e86b0278b1-IAD,,,cloudflare,Attention Required,,130,transcripts\bannerhealth.com--fbc99cf8.txt
030065,BANNER DESERT MEDICAL CENTER,AZ,pointer-blocked-to-automation,https://bannerhealth.com/,ok,403,0,cloudflare,a371f5e89b6978b1-IAD,,,cloudflare,Attention Required,,24,transcripts\bannerhealth.com--7294dd9d.txt
030115,BANNER ESTRELLA MEDICAL CENTER,AZ,pointer-blocked-to-automation,https://bannerhealth.com/cms-hpt.txt,ok,403,0,cloudflare,a371f5e86b0278b1-IAD,,,cloudflare,Attention Required,,130,transcripts\bannerhealth.com--fbc99cf8.txt
030115,BANNER ESTRELLA MEDICAL CENTER,AZ,pointer-blocked-to-automation,https://bannerhealth.com/,ok,403,0,cloudflare,a371f5e89b6978b1-IAD,,,cloudflare,Attention Required,,24,transcripts\bannerhealth.com--7294dd9d.txt
030122,BANNER GATEWAY MEDICAL CENTER,AZ,pointer-blocked-to-automation,https://bannerhealth.com/cms-hpt.txt,ok,403,0,cloudflare,a371f5e86b0278b1-IAD,,,cloudflare,Attention Required,,130,transcripts\bannerhealth.com--fbc99cf8.txt
030122,BANNER GATEWAY MEDICAL CENTER,AZ,pointer-blocked-to-automation,https://bannerhealth.com/,ok,403,0,cloudflare,a371f5e89b6978b1-IAD,,,cloudflare,Attention Required,,24,transcripts\bannerhealth.com--7294dd9d.txt
030134,BANNER GOLDFIELD MEDICAL CENTER,AZ,pointer-blocked-to-automation,https://bannerhealth.com/cms-hpt.txt,ok,403,0,cloudflare,a371f5e86b0278b1-IAD,,,cloudflare,Attention Required,,130,transcripts\bannerhealth.com--fbc99cf8.txt
030134,BANNER GOLDFIELD MEDICAL CENTER,AZ,pointer-blocked-to-automation,https://bannerhealth.com/,ok,403,0,cloudflare,a371f5e89b6978b1-IAD,,,cloudflare,Attention Required,,24,transcripts\bannerhealth.com--7294dd9d.txt
030105,BANNER HEART HOSPITAL,AZ,pointer-blocked-to-automation,https://bannerhealth.com/cms-hpt.txt,ok,403,0,cloudflare,a371f5e86b0278b1-IAD,,,cloudflare,Attention Required,,130,transcripts\bannerhealth.com--fbc99cf8.txt
030105,BANNER HEART HOSPITAL,AZ,pointer-blocked-to-automation,https://bannerhealth.com/,ok,403,0,cloudflare,a371f5e89b6978b1-IAD,,,cloudflare,Attention Required,,24,transcripts\bannerhealth.com--7294dd9d.txt
030130,BANNER IRONWOOD MEDICAL CENTER,AZ,pointer-blocked-to-automation,https://bannerhealth.com/cms-hpt.txt,ok,403,0,cloudflare,a371f5e86b0278b1-IAD,,,cloudflare,Attention Required,,130,transcripts\bannerhealth.com--fbc99cf8.txt
030130,BANNER IRONWOOD MEDICAL CENTER,AZ,pointer-blocked-to-automation,https://bannerhealth.com/,ok,403,0,cloudflare,a371f5e89b6978b1-IAD,,,cloudflare,Attention Required,,24,transcripts\bannerhealth.com--7294dd9d.txt
030147,BANNER OCOTILLO MEDICAL CENTER,AZ,pointer-blocked-to-automation,https://bannerhealth.com/cms-hpt.txt,ok,403,0,cloudflare,a371f5e86b0278b1-IAD,,,cloudflare,Attention Required,,130,transcripts\bannerhealth.com--fbc99cf8.txt
030147,BANNER OCOTILLO MEDICAL CENTER,AZ,pointer-blocked-to-automation,https://bannerhealth.com/,ok,403,0,cloudflare,a371f5e89b6978b1-IAD,,,cloudflare,Attention Required,,24,transcripts\bannerhealth.com--7294dd9d.txt
031318,BANNER PAYSON MEDICAL CENTER,AZ,pointer-blocked-to-automation,https://bannerhealth.com/cms-hpt.txt,ok,403,0,cloudflare,a371f5e86b0278b1-IAD,,,cloudflare,Attention Required,,130,transcripts\bannerhealth.com--fbc99cf8.txt
031318,BANNER PAYSON MEDICAL CENTER,AZ,pointer-blocked-to-automation,https://bannerhealth.com/,ok,403,0,cloudflare,a371f5e89b6978b1-IAD,,,cloudflare,Attention Required,,24,transcripts\bannerhealth.com--7294dd9d.txt
030089,BANNER THUNDERBIRD MEDICAL CENTER,AZ,pointer-blocked-to-automation,https://bannerhealth.com/cms-hpt.txt,ok,403,0,cloudflare,a371f5e86b0278b1-IAD,,,cloudflare,Attention Required,,130,transcripts\bannerhealth.com--fbc99cf8.txt
030089,BANNER THUNDERBIRD MEDICAL CENTER,AZ,pointer-blocked-to-automation,https://bannerhealth.com/,ok,403,0,cloudflare,a371f5e89b6978b1-IAD,,,cloudflare,Attention Required,,24,transcripts\bannerhealth.com--7294dd9d.txt
030111,BANNER-UNIVERSITY MEDICAL CENTER SOUTH CAMPUS,AZ,pointer-blocked-to-automation,https://bannerhealth.com/cms-hpt.txt,ok,403,0,cloudflare,a371f5e86b0278b1-IAD,,,cloudflare,Attention Required,,130,transcripts\bannerhealth.com--fbc99cf8.txt
030111,BANNER-UNIVERSITY MEDICAL CENTER SOUTH CAMPUS,AZ,pointer-blocked-to-automation,https://bannerhealth.com/,ok,403,0,cloudflare,a371f5e89b6978b1-IAD,,,cloudflare,Attention Required,,24,transcripts\bannerhealth.com--7294dd9d.txt
030138,CITY OF HOPE CANCER CENTER PHOENIX,AZ,pointer-blocked-to-automation,https://cancercenter.com/cms-hpt.txt,ok,403,1,cloudflare | cloudflare,a371f5e93ed38907-IAD | a371f5e9efca74db-IAD,,,cloudflare,,,334,transcripts\cancercenter.com--cb9e5a35.txt
030138,CITY OF HOPE CANCER CENTER PHOENIX,AZ,pointer-blocked-to-automation,https://cancercenter.com/,ok,403,1,cloudflare | cloudflare,a371f5eacb198907-IAD | a371f5eb0a8674db-IAD,,,cloudflare,,,137,transcripts\cancercenter.com--48202ef4.txt
034034,DESTINY SPRINGS HEALTHCARE,AZ,mrf-url-unreachable,https://www.destinyspringshealthcare.com/files/81-4160201_Destiny-Springs-Healthcare_standardcharges.csv,ok,404,0,Pepyaka,,,,,,,168,transcripts\destinyspringshealthcare.com--20e69442.txt
031313,HOLY CROSS HOSPITAL,AZ,not-assessed-not-named-in-file,https://holycrosshealth.org/,ok,200,0,webserver,,,,,,,158,transcripts\holycrosshealth.org--48999e32.txt
031304,PAGE HOSPITAL,AZ,pointer-blocked-to-automation,https://bannerhealth.com/cms-hpt.txt,ok,403,0,cloudflare,a371f5e86b0278b1-IAD,,,cloudflare,Attention Required,,130,transcripts\bannerhealth.com--fbc99cf8.txt
031304,PAGE HOSPITAL,AZ,pointer-blocked-to-automation,https://bannerhealth.com/,ok,403,0,cloudflare,a371f5e89b6978b1-IAD,,,cloudflare,Attention Required,,24,transcripts\bannerhealth.com--7294dd9d.txt
031309,SAGE MEMORIAL HOSPITAL,AZ,no-cms-hpt-txt-published,https://sagememorial.com/,ok,200,0,nginx/1.29.8,,,,,,,817,transcripts\sagememorial.com--9e01604e.txt
031309,SAGE MEMORIAL HOSPITAL,AZ,no-cms-hpt-txt-published,https://sagememorial.com/cms-hpt.txt,ok,404,0,nginx/1.29.8,,,,,,,447,transcripts\sagememorial.com--66dda212.txt
031309,SAGE MEMORIAL HOSPITAL,AZ,no-cms-hpt-txt-published,https://sagememorial.com/.well-known/cms-hpt.txt,ok,404,0,nginx/1.29.8,,,,,,,515,transcripts\sagememorial.com--2559a70f.txt
030108,THE CORE INSTITUTE SPECIALTY HOSP,AZ,no-cms-hpt-txt-published,https://thecoreinstitutehospital.com/,ok,200,0,,,,,,,,999,transcripts\thecoreinstitutehospital.com--a6f472d9.txt
030108,THE CORE INSTITUTE SPECIALTY HOSP,AZ,no-cms-hpt-txt-published,https://thecoreinstitutehospital.com/cms-hpt.txt,ok,404,0,,,,,,,,812,transcripts\thecoreinstitutehospital.com--05864a62.txt
030108,THE CORE INSTITUTE SPECIALTY HOSP,AZ,no-cms-hpt-txt-published,https://thecoreinstitutehospital.com/.well-known/cms-hpt.txt,ok,404,0,,,,,,,,951,transcripts\thecoreinstitutehospital.com--63a5f3b1.txt
034023,THE GUIDANCE CENTER,AZ,no-cms-hpt-txt-published,https://tgcaz.org/,ok,200,0,Apache,,,,,,,391,transcripts\tgcaz.org--0abcb6f5.txt
034023,THE GUIDANCE CENTER,AZ,no-cms-hpt-txt-published,https://tgcaz.org/cms-hpt.txt,ok,404,0,Apache,,,,,,,94,transcripts\tgcaz.org--3081295b.txt
034023,THE GUIDANCE CENTER,AZ,no-cms-hpt-txt-published,https://tgcaz.org/.well-known/cms-hpt.txt,ok,404,0,Apache,,,,,,,93,transcripts\tgcaz.org--b893b63e.txt
050455,ADVENTIST HEALTH BAKERSFIELD,CA,not-assessed-not-named-in-file,https://adventisthealth.org/,ok,200,1,awselb/2.0 | Apache/2.4.52 (Ubuntu),,,,,,,1217,transcripts\adventisthealth.org--fed3aa75.txt
050236,ADVENTIST HEALTH SIMI VALLEY,CA,not-assessed-not-named-in-file,https://adventisthealth.org/,ok,200,1,awselb/2.0 | Apache/2.4.52 (Ubuntu),,,,,,,1217,transcripts\adventisthealth.org--fed3aa75.txt
050211,ALAMEDA HOSPITAL,CA,not-assessed-site-unreachable,https://alamedahealthsystem.org/cms-hpt.txt,ok,200,0,nginx,,,,,,fetch failed (cause: UNABLE_TO_VERIFY_LEAF_SIGNATURE),395,transcripts\alamedahealthsystem.org--b5c089f1.txt
050211,ALAMEDA HOSPITAL,CA,not-assessed-site-unreachable,https://alamedahealthsystem.org/,ok,200,0,nginx,,,,,,fetch failed (cause: UNABLE_TO_VERIFY_LEAF_SIGNATURE),702,transcripts\alamedahealthsystem.org--e81ace75.txt
050043,ALTA BATES SUMMIT MEDICAL CENTER,CA,not-assessed-site-unreachable,https://sutterhealth.org/cms-hpt.txt,ok,200,1,Vercel | Vercel,a371f5ed7a99c979-IAD,,,cloudflare,,,397,transcripts\sutterhealth.org--5141d7cb.txt
050043,ALTA BATES SUMMIT MEDICAL CENTER,CA,not-assessed-site-unreachable,https://sutterhealth.org/,ok,200,1,Vercel | Vercel,,,,,,,139,transcripts\sutterhealth.org--42ff368a.txt
050305,ALTA BATES SUMMIT MEDICAL CENTER - ALTA BATES CAMP,CA,not-assessed-site-unreachable,https://sutterhealth.org/cms-hpt.txt,ok,200,1,Vercel | Vercel,a371f5ed7a99c979-IAD,,,cloudflare,,,397,transcripts\sutterhealth.org--5141d7cb.txt
050305,ALTA BATES SUMMIT MEDICAL CENTER - ALTA BATES CAMP,CA,not-assessed-site-unreachable,https://sutterhealth.org/,ok,200,1,Vercel | Vercel,,,,,,,139,transcripts\sutterhealth.org--42ff368a.txt
054078,AURORA LAS ENCINAS,CA,mrf-url-unreachable,https://www.lasencinashospital.com/sites/default/files/320039155_Aurora%20Las%20Encinas%20LLC_standardcharges.csv,ok,404,0,cloudflare,a371f5eecd03d6ac-IAD,,,cloudflare,,,312,transcripts\lasencinashospital.com--264d5ec6.txt
051320,BANNER LASSEN MEDICAL CENTER,CA,pointer-blocked-to-automation,https://bannerhealth.com/cms-hpt.txt,ok,403,0,cloudflare,a371f5e86b0278b1-IAD,,,cloudflare,Attention Required,,130,transcripts\bannerhealth.com--fbc99cf8.txt
051320,BANNER LASSEN MEDICAL CENTER,CA,pointer-blocked-to-automation,https://bannerhealth.com/,ok,403,0,cloudflare,a371f5e89b6978b1-IAD,,,cloudflare,Attention Required,,24,transcripts\bannerhealth.com--7294dd9d.txt
050055,CALIFORNIA PACIFIC MEDICAL CENTER - MISSION BERNAL,CA,not-assessed-site-unreachable,https://sutterhealth.org/cms-hpt.txt,ok,200,1,Vercel | Vercel,a371f5ed7a99c979-IAD,,,cloudflare,,,397,transcripts\sutterhealth.org--5141d7cb.txt
050055,CALIFORNIA PACIFIC MEDICAL CENTER - MISSION BERNAL,CA,not-assessed-site-unreachable,https://sutterhealth.org/,ok,200,1,Vercel | Vercel,,,,,,,139,transcripts\sutterhealth.org--42ff368a.txt
050047,CALIFORNIA PACIFIC MEDICAL CENTER- VAN NESS CAMPUS,CA,not-assessed-site-unreachable,https://sutterhealth.org/cms-hpt.txt,ok,200,1,Vercel | Vercel,a371f5ed7a99c979-IAD,,,cloudflare,,,397,transcripts\sutterhealth.org--5141d7cb.txt
050047,CALIFORNIA PACIFIC MEDICAL CENTER- VAN NESS CAMPUS,CA,not-assessed-site-unreachable,https://sutterhealth.org/,ok,200,1,Vercel | Vercel,,,,,,,139,transcripts\sutterhealth.org--42ff368a.txt
050008,CALIFORNIA PACIFIC MEDICAL CTR-DAVIES CAMPUS HOSP,CA,not-assessed-site-unreachable,https://sutterhealth.org/cms-hpt.txt,ok,200,1,Vercel | Vercel,a371f5ed7a99c979-IAD,,,cloudflare,,,397,transcripts\sutterhealth.org--5141d7cb.txt
050008,CALIFORNIA PACIFIC MEDICAL CTR-DAVIES CAMPUS HOSP,CA,not-assessed-site-unreachable,https://sutterhealth.org/,ok,200,1,Vercel | Vercel,,,,,,,139,transcripts\sutterhealth.org--42ff368a.txt
053302,CHILDREN'S HOSP OF LOS ANGELES,CA,mrf-blocked-to-automation,https://www.chla.org/hpt/1,ok,403,0,cloudflare,a371f5ef1f50d6b7-IAD,challenge,,cloudflare,Just a moment,,151,transcripts\chla.org--a26fb00f.txt
050543,COLLEGE HOSPITAL COSTA MESA,CA,no-cms-hpt-txt-published,https://chc.la/,ok,202,0,nginx,,,,,,,229,transcripts\chc.la--65d082fa.txt
050543,COLLEGE HOSPITAL COSTA MESA,CA,no-cms-hpt-txt-published,https://chc.la/cms-hpt.txt,ok,202,0,nginx,,,,,,,47,transcripts\chc.la--2ccf02a7.txt
050543,COLLEGE HOSPITAL COSTA MESA,CA,no-cms-hpt-txt-published,https://chc.la/.well-known/cms-hpt.txt,ok,202,0,nginx,,,,,,,46,transcripts\chc.la--9bc21d41.txt
050785,DOCS SURGICAL HOSPITAL,CA,pointer-blocked-to-automation,https://docshealth.com/cms-hpt.txt,ok,404,1,nginx | nginx,,,,,,,2241,transcripts\docshealth.com--09a9834c.txt
050785,DOCS SURGICAL HOSPITAL,CA,pointer-blocked-to-automation,https://docshealth.com/,ok,200,1,nginx | nginx,,,,,,,700,transcripts\docshealth.com--d1bcad3f.txt
050488,EDEN MEDICAL CENTER,CA,not-assessed-site-unreachable,https://sutterhealth.org/cms-hpt.txt,ok,200,1,Vercel | Vercel,a371f5ed7a99c979-IAD,,,cloudflare,,,397,transcripts\sutterhealth.org--5141d7cb.txt
050488,EDEN MEDICAL CENTER,CA,not-assessed-site-unreachable,https://sutterhealth.org/,ok,200,1,Vercel | Vercel,,,,,,,139,transcripts\sutterhealth.org--42ff368a.txt
050708,FRESNO SURGICAL HOSPITAL,CA,pointer-blocked-to-automation,https://fresnosurgicalhospital.com/cms-hpt.txt,ok,403,0,cloudflare,a371f5f08f14f322-IAD,challenge,,cloudflare,Just a moment,,105,transcripts\fresnosurgicalhospital.com--c5b5b7f8.txt
050708,FRESNO SURGICAL HOSPITAL,CA,pointer-blocked-to-automation,https://fresnosurgicalhospital.com/,ok,403,0,cloudflare,a371f5f0bfa3f322-IAD,challenge,,cloudflare,Just a moment,,33,transcripts\fresnosurgicalhospital.com--04781857.txt
050320,HIGHLAND HOSPITAL,CA,not-assessed-site-unreachable,https://alamedahealthsystem.org/cms-hpt.txt,ok,200,0,nginx,,,,,,fetch failed (cause: UNABLE_TO_VERIFY_LEAF_SIGNATURE),395,transcripts\alamedahealthsystem.org--b5c089f1.txt
050320,HIGHLAND HOSPITAL,CA,not-assessed-site-unreachable,https://alamedahealthsystem.org/,ok,200,0,nginx,,,,,,fetch failed (cause: UNABLE_TO_VERIFY_LEAF_SIGNATURE),702,transcripts\alamedahealthsystem.org--e81ace75.txt
050438,HUNTINGTON HOSPITAL,CA,pointer-blocked-to-automation,https://huntingtonhealth.org/cms-hpt.txt,ok,403,1,cloudflare | cloudflare,a371f5f1987a70c5-IAD | a371f5f33e5970c5-IAD,challenge,,cloudflare,Just a moment,,402,transcripts\huntingtonhealth.org--f42d9010.txt
050438,HUNTINGTON HOSPITAL,CA,pointer-blocked-to-automation,https://huntingtonhealth.org/,ok,403,0,cloudflare,a371f5f38f5770c5-IAD,challenge,,cloudflare,Just a moment,,29,transcripts\huntingtonhealth.org--8c58796b.txt
050028,MAD RIVER COMMUNITY HOSPITAL,CA,no-cms-hpt-txt-published,https://madriverhospital.com/,ok,202,0,nginx,,,,,,,362,transcripts\madriverhospital.com--8daabe22.txt
050028,MAD RIVER COMMUNITY HOSPITAL,CA,no-cms-hpt-txt-published,https://madriverhospital.com/cms-hpt.txt,ok,202,0,nginx,,,,,,,109,transcripts\madriverhospital.com--04b5a248.txt
050028,MAD RIVER COMMUNITY HOSPITAL,CA,no-cms-hpt-txt-published,https://madriverhospital.com/.well-known/cms-hpt.txt,ok,202,0,nginx,,,,,,,174,transcripts\madriverhospital.com--070a662d.txt
050528,MEMORIAL HOSPITAL LOS BANOS,CA,not-assessed-site-unreachable,https://sutterhealth.org/cms-hpt.txt,ok,200,1,Vercel | Vercel,a371f5ed7a99c979-IAD,,,cloudflare,,,397,transcripts\sutterhealth.org--5141d7cb.txt
050528,MEMORIAL HOSPITAL LOS BANOS,CA,not-assessed-site-unreachable,https://sutterhealth.org/,ok,200,1,Vercel | Vercel,,,,,,,139,transcripts\sutterhealth.org--42ff368a.txt
050557,MEMORIAL MEDICAL CENTER,CA,not-assessed-site-unreachable,https://sutterhealth.org/cms-hpt.txt,ok,200,1,Vercel | Vercel,a371f5ed7a99c979-IAD,,,cloudflare,,,397,transcripts\sutterhealth.org--5141d7cb.txt
050557,MEMORIAL MEDICAL CENTER,CA,not-assessed-site-unreachable,https://sutterhealth.org/,ok,200,1,Vercel | Vercel,,,,,,,139,transcripts\sutterhealth.org--42ff368a.txt
050704,MISSION COMMUNITY HOSPITAL,CA,not-assessed-not-named-in-file,https://missionhealth.org/,ok,200,1,Vercel,,,,,,,412,transcripts\missionhealth.org--c8de3b11.txt
050131,NOVATO COMMUNITY HOSPITAL,CA,not-assessed-site-unreachable,https://sutterhealth.org/cms-hpt.txt,ok,200,1,Vercel | Vercel,a371f5ed7a99c979-IAD,,,cloudflare,,,397,transcripts\sutterhealth.org--5141d7cb.txt
050131,NOVATO COMMUNITY HOSPITAL,CA,not-assessed-site-unreachable,https://sutterhealth.org/,ok,200,1,Vercel | Vercel,,,,,,,139,transcripts\sutterhealth.org--42ff368a.txt
050115,PALOMAR HEALTH DOWNTOWN CAMPUS,CA,no-cms-hpt-txt-published,https://palomarhealth.org/,ok,200,2,Microsoft-Azure-Application-Gateway/v2 | Apache | Apache,,,,,,,1178,transcripts\palomarhealth.org--eeb85e51.txt
050115,PALOMAR HEALTH DOWNTOWN CAMPUS,CA,no-cms-hpt-txt-published,https://palomarhealth.org/cms-hpt.txt,ok,404,2,Microsoft-Azure-Application-Gateway/v2 | Apache | Apache,,,,,,,1568,transcripts\palomarhealth.org--26fe8d50.txt
050115,PALOMAR HEALTH DOWNTOWN CAMPUS,CA,no-cms-hpt-txt-published,https://palomarhealth.org/.well-known/cms-hpt.txt,ok,404,2,Microsoft-Azure-Application-Gateway/v2 | Apache | Apache,,,,,,,1273,transcripts\palomarhealth.org--1f244823.txt
050636,PALOMAR MEDICAL CENTER POWAY,CA,no-cms-hpt-txt-published,https://palomarhealth.org/,ok,200,2,Microsoft-Azure-Application-Gateway/v2 | Apache | Apache,,,,,,,1178,transcripts\palomarhealth.org--eeb85e51.txt
050636,PALOMAR MEDICAL CENTER POWAY,CA,no-cms-hpt-txt-published,https://palomarhealth.org/cms-hpt.txt,ok,404,2,Microsoft-Azure-Application-Gateway/v2 | Apache | Apache,,,,,,,1568,transcripts\palomarhealth.org--26fe8d50.txt
050636,PALOMAR MEDICAL CENTER POWAY,CA,no-cms-hpt-txt-published,https://palomarhealth.org/.well-known/cms-hpt.txt,ok,404,2,Microsoft-Azure-Application-Gateway/v2 | Apache | Apache,,,,,,,1273,transcripts\palomarhealth.org--1f244823.txt
050007,PENINSULA MEDICAL CENTER,CA,not-assessed-site-unreachable,https://sutterhealth.org/cms-hpt.txt,ok,200,1,Vercel | Vercel,a371f5ed7a99c979-IAD,,,cloudflare,,,397,transcripts\sutterhealth.org--5141d7cb.txt
050007,PENINSULA MEDICAL CENTER,CA,not-assessed-site-unreachable,https://sutterhealth.org/,ok,200,1,Vercel | Vercel,,,,,,,139,transcripts\sutterhealth.org--42ff368a.txt
050726,STANISLAUS SURGICAL HOSPITAL,CA,not-assessed-site-unreachable,https://stanislaussurgical.com/cms-hpt.txt,failed,,0,,,,,,,fetch failed (cause: ENOTFOUND),28,transcripts\stanislaussurgical.com--ca8ffcdd.txt
050726,STANISLAUS SURGICAL HOSPITAL,CA,not-assessed-site-unreachable,https://stanislaussurgical.com/,failed,,0,,,,,,,fetch failed (cause: ENOTFOUND),4,transcripts\stanislaussurgical.com--726c21e6.txt
050014,SUTTER AMADOR HOSPITAL,CA,not-assessed-site-unreachable,https://sutterhealth.org/cms-hpt.txt,ok,200,1,Vercel | Vercel,a371f5ed7a99c979-IAD,,,cloudflare,,,397,transcripts\sutterhealth.org--5141d7cb.txt
050014,SUTTER AMADOR HOSPITAL,CA,not-assessed-site-unreachable,https://sutterhealth.org/,ok,200,1,Vercel | Vercel,,,,,,,139,transcripts\sutterhealth.org--42ff368a.txt
050498,SUTTER AUBURN FAITH HOSPITAL,CA,not-assessed-site-unreachable,https://sutterhealth.org/cms-hpt.txt,ok,200,1,Vercel | Vercel,a371f5ed7a99c979-IAD,,,cloudflare,,,397,transcripts\sutterhealth.org--5141d7cb.txt
050498,SUTTER AUBURN FAITH HOSPITAL,CA,not-assessed-site-unreachable,https://sutterhealth.org/,ok,200,1,Vercel | Vercel,,,,,,,139,transcripts\sutterhealth.org--42ff368a.txt
054096,SUTTER CENTER FOR PSYCHIATRY,CA,not-assessed-site-unreachable,https://sutterhealth.org/cms-hpt.txt,ok,200,1,Vercel | Vercel,a371f5ed7a99c979-IAD,,,cloudflare,,,397,transcripts\sutterhealth.org--5141d7cb.txt
054096,SUTTER CENTER FOR PSYCHIATRY,CA,not-assessed-site-unreachable,https://sutterhealth.org/,ok,200,1,Vercel | Vercel,,,,,,,139,transcripts\sutterhealth.org--42ff368a.txt
050417,SUTTER COAST HOSPITAL,CA,not-assessed-site-unreachable,https://sutterhealth.org/cms-hpt.txt,ok,200,1,Vercel | Vercel,a371f5ed7a99c979-IAD,,,cloudflare,,,397,transcripts\sutterhealth.org--5141d7cb.txt
050417,SUTTER COAST HOSPITAL,CA,not-assessed-site-unreachable,https://sutterhealth.org/,ok,200,1,Vercel | Vercel,,,,,,,139,transcripts\sutterhealth.org--42ff368a.txt
050537,SUTTER DAVIS HOSPITAL,CA,not-assessed-site-unreachable,https://sutterhealth.org/cms-hpt.txt,ok,200,1,Vercel | Vercel,a371f5ed7a99c979-IAD,,,cloudflare,,,397,transcripts\sutterhealth.org--5141d7cb.txt
050537,SUTTER DAVIS HOSPITAL,CA,not-assessed-site-unreachable,https://sutterhealth.org/,ok,200,1,Vercel | Vercel,,,,,,,139,transcripts\sutterhealth.org--42ff368a.txt
050523,SUTTER DELTA MEDICAL CENTER,CA,not-assessed-site-unreachable,https://sutterhealth.org/cms-hpt.txt,ok,200,1,Vercel | Vercel,a371f5ed7a99c979-IAD,,,cloudflare,,,397,transcripts\sutterhealth.org--5141d7cb.txt
050523,SUTTER DELTA MEDICAL CENTER,CA,not-assessed-site-unreachable,https://sutterhealth.org/,ok,200,1,Vercel | Vercel,,,,,,,139,transcripts\sutterhealth.org--42ff368a.txt
051329,SUTTER LAKESIDE HOSPITAL,CA,not-assessed-site-unreachable,https://sutterhealth.org/cms-hpt.txt,ok,200,1,Vercel | Vercel,a371f5ed7a99c979-IAD,,,cloudflare,,,397,transcripts\sutterhealth.org--5141d7cb.txt
051329,SUTTER LAKESIDE HOSPITAL,CA,not-assessed-site-unreachable,https://sutterhealth.org/,ok,200,1,Vercel | Vercel,,,,,,,139,transcripts\sutterhealth.org--42ff368a.txt
050714,SUTTER MATERNITY & SURGERY CENTER OF SANTA CRUZ,CA,not-assessed-site-unreachable,https://sutterhealth.org/cms-hpt.txt,ok,200,1,Vercel | Vercel,a371f5ed7a99c979-IAD,,,cloudflare,,,397,transcripts\sutterhealth.org--5141d7cb.txt
050714,SUTTER MATERNITY & SURGERY CENTER OF SANTA CRUZ,CA,not-assessed-site-unreachable,https://sutterhealth.org/,ok,200,1,Vercel | Vercel,,,,,,,139,transcripts\sutterhealth.org--42ff368a.txt
050108,"SUTTER MEDICAL CENTER, SACRAMENTO",CA,not-assessed-site-unreachable,https://sutterhealth.org/cms-hpt.txt,ok,200,1,Vercel | Vercel,a371f5ed7a99c979-IAD,,,cloudflare,,,397,transcripts\sutterhealth.org--5141d7cb.txt
050108,"SUTTER MEDICAL CENTER, SACRAMENTO",CA,not-assessed-site-unreachable,https://sutterhealth.org/,ok,200,1,Vercel | Vercel,,,,,,,139,transcripts\sutterhealth.org--42ff368a.txt
050309,SUTTER ROSEVILLE MEDICAL CENTER,CA,not-assessed-site-unreachable,https://sutterhealth.org/cms-hpt.txt,ok,200,1,Vercel | Vercel,a371f5ed7a99c979-IAD,,,cloudflare,,,397,transcripts\sutterhealth.org--5141d7cb.txt
050309,SUTTER ROSEVILLE MEDICAL CENTER,CA,not-assessed-site-unreachable,https://sutterhealth.org/,ok,200,1,Vercel | Vercel,,,,,,,139,transcripts\sutterhealth.org--42ff368a.txt
050291,SUTTER SANTA ROSA REGIONAL HOSPITAL,CA,not-assessed-site-unreachable,https://sutterhealth.org/cms-hpt.txt,ok,200,1,Vercel | Vercel,a371f5ed7a99c979-IAD,,,cloudflare,,,397,transcripts\sutterhealth.org--5141d7cb.txt
050291,SUTTER SANTA ROSA REGIONAL HOSPITAL,CA,not-assessed-site-unreachable,https://sutterhealth.org/,ok,200,1,Vercel | Vercel,,,,,,,139,transcripts\sutterhealth.org--42ff368a.txt
050101,SUTTER SOLANO MEDICAL CENTER,CA,not-assessed-site-unreachable,https://sutterhealth.org/cms-hpt.txt,ok,200,1,Vercel | Vercel,a371f5ed7a99c979-IAD,,,cloudflare,,,397,transcripts\sutterhealth.org--5141d7cb.txt
050101,SUTTER SOLANO MEDICAL CENTER,CA,not-assessed-site-unreachable,https://sutterhealth.org/,ok,200,1,Vercel | Vercel,,,,,,,139,transcripts\sutterhealth.org--42ff368a.txt
050766,SUTTER SURGICAL HOSPITAL - NORTH VALLEY,CA,not-assessed-site-unreachable,https://sutterhealth.org/cms-hpt.txt,ok,200,1,Vercel | Vercel,a371f5ed7a99c979-IAD,,,cloudflare,,,397,transcripts\sutterhealth.org--5141d7cb.txt
050766,SUTTER SURGICAL HOSPITAL - NORTH VALLEY,CA,not-assessed-site-unreachable,https://sutterhealth.org/,ok,200,1,Vercel | Vercel,,,,,,,139,transcripts\sutterhealth.org--42ff368a.txt
050313,SUTTER TRACY COMMUNITY HOSPITAL,CA,not-assessed-site-unreachable,https://sutterhealth.org/cms-hpt.txt,ok,200,1,Vercel | Vercel,a371f5ed7a99c979-IAD,,,cloudflare,,,397,transcripts\sutterhealth.org--5141d7cb.txt
050313,SUTTER TRACY COMMUNITY HOSPITAL,CA,not-assessed-site-unreachable,https://sutterhealth.org/,ok,200,1,Vercel | Vercel,,,,,,,139,transcripts\sutterhealth.org--42ff368a.txt
050025,UC SAN DIEGO HEALTH HILLCREST - HILLCREST MED CTR,CA,not-assessed-site-unreachable,https://health.ucsd.edu/cms-hpt.txt,failed,,0,,,,,,,fetch failed (cause: UND_ERR_CONNECT_TIMEOUT),25775,transcripts\health.ucsd.edu--e364d729.txt
050025,UC SAN DIEGO HEALTH HILLCREST - HILLCREST MED CTR,CA,not-assessed-site-unreachable,https://health.ucsd.edu/,failed,,0,,,,,,,fetch failed (cause: EAI_AGAIN),193,transcripts\health.ucsd.edu--70db8cba.txt
050152,UCSF HEALTH SAINT FRANCIS HOSPITAL,CA,not-assessed-not-named-in-file,https://dignityhealth.org/,ok,200,4,cloudflare | cloudflare | cloudflare | cloudflare | cloudflare,a371f5f6482b7112-IAD | a371f5f73a76bba5-IAD | a371f5f8281df283-IAD | a371f5f87996f283-IAD | a371f5f8aa49f283-IAD,,,cloudflare,,,684,transcripts\dignityhealth.org--9343fbaa.txt
050457,UCSF HEALTH ST. MARY'S HOSPITAL,CA,not-assessed-not-named-in-file,https://dignityhealth.org/,ok,200,4,cloudflare | cloudflare | cloudflare | cloudflare | cloudflare,a371f5f6482b7112-IAD | a371f5f73a76bba5-IAD | a371f5f8281df283-IAD | a371f5f87996f283-IAD | a371f5f8aa49f283-IAD,,,cloudflare,,,684,transcripts\dignityhealth.org--9343fbaa.txt
060126,BANNER FORT COLLINS MEDICAL CENTER,CO,pointer-blocked-to-automation,https://bannerhealth.com/cms-hpt.txt,ok,403,0,cloudflare,a371f5e86b0278b1-IAD,,,cloudflare,Attention Required,,130,transcripts\bannerhealth.com--fbc99cf8.txt
060126,BANNER FORT COLLINS MEDICAL CENTER,CO,pointer-blocked-to-automation,https://bannerhealth.com/,ok,403,0,cloudflare,a371f5e89b6978b1-IAD,,,cloudflare,Attention Required,,24,transcripts\bannerhealth.com--7294dd9d.txt
060030,BANNER NORTH CO MEDICAL CENTER - LOVELAND CAMPUS,CO,pointer-blocked-to-automation,https://bannerhealth.com/cms-hpt.txt,ok,403,0,cloudflare,a371f5e86b0278b1-IAD,,,cloudflare,Attention Required,,130,transcripts\bannerhealth.com--fbc99cf8.txt
060030,BANNER NORTH CO MEDICAL CENTER - LOVELAND CAMPUS,CO,pointer-blocked-to-automation,https://bannerhealth.com/,ok,403,0,cloudflare,a371f5e89b6978b1-IAD,,,cloudflare,Attention Required,,24,transcripts\bannerhealth.com--7294dd9d.txt
060001,BANNER NORTH COLORADO MEDICAL CENTER,CO,pointer-blocked-to-automation,https://bannerhealth.com/cms-hpt.txt,ok,403,0,cloudflare,a371f5e86b0278b1-IAD,,,cloudflare,Attention Required,,130,transcripts\bannerhealth.com--fbc99cf8.txt
060001,BANNER NORTH COLORADO MEDICAL CENTER,CO,pointer-blocked-to-automation,https://bannerhealth.com/,ok,403,0,cloudflare,a371f5e89b6978b1-IAD,,,cloudflare,Attention Required,,24,transcripts\bannerhealth.com--7294dd9d.txt
063303,CHILDREN'S HOSPITAL COLORADO - COLORADO SPRINGS,CO,not-assessed-not-named-in-file,https://childrenscolorado.org/,ok,200,1,cloudflare | cloudflare,a371f5f63cb62440-IAD | a371f5f71de6c6f7-IAD,,,cloudflare,,,494,transcripts\childrenscolorado.org--be7a15a7.txt
061303,EAST MORGAN COUNTY HOSPITAL,CO,pointer-blocked-to-automation,https://bannerhealth.com/cms-hpt.txt,ok,403,0,cloudflare,a371f5e86b0278b1-IAD,,,cloudflare,Attention Required,,130,transcripts\bannerhealth.com--fbc99cf8.txt
061303,EAST MORGAN COUNTY HOSPITAL,CO,pointer-blocked-to-automation,https://bannerhealth.com/,ok,403,0,cloudflare,a371f5e89b6978b1-IAD,,,cloudflare,Attention Required,,24,transcripts\bannerhealth.com--7294dd9d.txt
061312,ESTES PARK MEDICAL CENTER,CO,no-cms-hpt-txt-published,https://search.hospitalpriceindex.com/,ok,200,0,,,,,,,,349,transcripts\search.hospitalpriceindex.com--9448a9b3.txt
061312,ESTES PARK MEDICAL CENTER,CO,no-cms-hpt-txt-published,https://search.hospitalpriceindex.com/cms-hpt.txt,ok,200,0,,,,,,,,85,transcripts\search.hospitalpriceindex.com--abd9cb91.txt
061312,ESTES PARK MEDICAL CENTER,CO,no-cms-hpt-txt-published,https://search.hospitalpriceindex.com/.well-known/cms-hpt.txt,ok,200,0,,,,,,,,92,transcripts\search.hospitalpriceindex.com--76a130a8.txt
061306,LINCOLN HEALTH HOSPITAL,CO,no-cms-hpt-txt-published,https://hugohospital.com/,ok,202,0,nginx,,,,,,,121,transcripts\hugohospital.com--d5b6143a.txt
061306,LINCOLN HEALTH HOSPITAL,CO,no-cms-hpt-txt-published,https://hugohospital.com/cms-hpt.txt,ok,202,0,nginx,,,,,,,48,transcripts\hugohospital.com--aef93a48.txt
061306,LINCOLN HEALTH HOSPITAL,CO,no-cms-hpt-txt-published,https://hugohospital.com/.well-known/cms-hpt.txt,ok,202,0,nginx,,,,,,,32,transcripts\hugohospital.com--0d57a9a3.txt
060020,"PARKVIEW MEDICAL CENTER, INC",CO,mrf-url-unreachable,https://sthpiprd.blob.core.windows.net/machine-readable-files/9152/841033516_uchealth-parkview-medical-center_standardcharges.csv,ok,404,0,Windows-Azure-Blob/1.0 Microsoft-HTTPAPI/2.0,,,,,,,262,transcripts\sthpiprd.blob.core.windows.net--84272fb0.txt
061308,SAN LUIS VALLEY HEALTH CONEJOS COUNTY HOSPITAL,CO,not-assessed-not-named-in-file,https://sanluisvalleyhealth.org/,ok,200,1,nginx,,,,,,,911,transcripts\sanluisvalleyhealth.org--b347f472.txt
060076,STERLING REGIONAL MEDCENTER,CO,pointer-blocked-to-automation,https://bannerhealth.com/cms-hpt.txt,ok,403,0,cloudflare,a371f5e86b0278b1-IAD,,,cloudflare,Attention Required,,130,transcripts\bannerhealth.com--fbc99cf8.txt
060076,STERLING REGIONAL MEDCENTER,CO,pointer-blocked-to-automation,https://bannerhealth.com/,ok,403,0,cloudflare,a371f5e89b6978b1-IAD,,,cloudflare,Attention Required,,24,transcripts\bannerhealth.com--7294dd9d.txt
060022,UCH-MEMORIAL HEALTH SYSTEM,CO,not-assessed-not-named-in-file,https://uchealth.org/,ok,200,1,nginx-rc | cloudflare,a371f5fb890f609d-IAD,,,cloudflare,,,1042,transcripts\uchealth.org--446614ca.txt
061309,WRAY COMMUNITY DISTRICT HOSPITAL,CO,no-cms-hpt-txt-published,https://wrayhospital.org/,ok,202,1,ip-10-123-124-131.ec2.internal | nginx,,,,,,,385,transcripts\wrayhospital.org--6fc491bf.txt
061309,WRAY COMMUNITY DISTRICT HOSPITAL,CO,no-cms-hpt-txt-published,https://wrayhospital.org/cms-hpt.txt,ok,404,0,awselb/2.0,,,,,,,154,transcripts\wrayhospital.org--ddd76a83.txt
061309,WRAY COMMUNITY DISTRICT HOSPITAL,CO,no-cms-hpt-txt-published,https://wrayhospital.org/.well-known/cms-hpt.txt,ok,404,0,,,,,,,,104,transcripts\wrayhospital.org--1ca513c4.txt
070010,BRIDGEPORT HOSPITAL,CT,mrf-url-unreachable,https://www.bridgeporthospital.org/-/media/Files/YNHHS/sc/06-0646554-Bridgeport-Hospital_standard_charges-1.ashx,ok,404,1,cloudflare | cloudflare,a371f5fcbf4fe601-IAD | a371f5fdcb4ce601-IAD,,,cloudflare,,,530,transcripts\bridgeporthospital.org--60c7041f.txt
070025,HARTFORD HOSPITAL,CT,no-cms-hpt-txt-published,https://hartfordhealthcare.org/,ok,200,0,Microsoft-IIS/8.5,,,,,,,719,transcripts\hartfordhealthcare.org--c4f8a0bd.txt
070025,HARTFORD HOSPITAL,CT,no-cms-hpt-txt-published,https://hartfordhealthcare.org/cms-hpt.txt,ok,404,0,Microsoft-IIS/8.5,,,,,,,287,transcripts\hartfordhealthcare.org--9371ac98.txt
070025,HARTFORD HOSPITAL,CT,no-cms-hpt-txt-published,https://hartfordhealthcare.org/.well-known/cms-hpt.txt,ok,404,0,Microsoft-IIS/8.5,,,,,,,225,transcripts\hartfordhealthcare.org--273cfd3f.txt
070022,YALE-NEW HAVEN HOSPITAL,CT,mrf-url-unreachable,https://www.ynhh.org/-/media/Files/YNHHS/sc/06-0646652-Yale_New_Haven_Hospital_Standard_Charges011025.ashx,ok,404,1,cloudflare | cloudflare,a371f6003da7af8c-IAD | a371f60138cdaf8c-IAD,,,cloudflare,,,562,transcripts\ynhh.org--81260ad6.txt
094004,PSYCHIATRIC INSTITUTE OF WASHINGTON,DC,pointer-blocked-to-automation,https://psychinstitute.com/cms-hpt.txt,ok,403,0,cloudflare,a371f6002fbba6c0-IAD,challenge,,cloudflare,Just a moment,,241,transcripts\psychinstitute.com--813a8aea.txt
094004,PSYCHIATRIC INSTITUTE OF WASHINGTON,DC,pointer-blocked-to-automation,https://psychinstitute.com/,ok,403,0,cloudflare,a371f6005814a6c0-IAD,challenge,,cloudflare,Just a moment,,33,transcripts\psychinstitute.com--8f23a616.txt
090005,SIBLEY MEMORIAL HOSPITAL,DC,pointer-blocked-to-automation,https://hopkinsmedicine.org/cms-hpt.txt,ok,403,0,cloudflare,a371f60098bb910b-IAD,,,cloudflare,Attention Required,,123,transcripts\hopkinsmedicine.org--73d5fa53.txt
090005,SIBLEY MEMORIAL HOSPITAL,DC,pointer-blocked-to-automation,https://hopkinsmedicine.org/,ok,403,0,cloudflare,a371f600d992910b-IAD,,,cloudflare,Attention Required,,35,transcripts\hopkinsmedicine.org--9f3213b4.txt
090008,UNITED MEDICAL CENTER,DC,not-assessed-site-unreachable,https://unitedmedicaldc.com/cms-hpt.txt,ok,404,0,awselb/2.0,,,,,,,119,transcripts\unitedmedicaldc.com--da7f1415.txt
090008,UNITED MEDICAL CENTER,DC,not-assessed-site-unreachable,https://unitedmedicaldc.com/,ok,200,2,ip-10-123-124-131.ec2.internal | cloudflare | cloudflare,a371f602a8e27048-IAD | a371f6033b187048-IAD,,,cloudflare,,,375,transcripts\unitedmedicaldc.com--dc4d2e2b.txt
084004,DOVER BEHAVIORAL HEALTH SYSTEM,DE,pointer-blocked-to-automation,https://doverbehavioral.com/cms-hpt.txt,ok,403,0,cloudflare,a371f601bb78fe57-IAD,challenge,,cloudflare,Just a moment,,142,transcripts\doverbehavioral.com--7ac56b60.txt
084004,DOVER BEHAVIORAL HEALTH SYSTEM,DE,pointer-blocked-to-automation,https://doverbehavioral.com/,ok,403,0,cloudflare,a371f6020ca2fe57-IAD,challenge,,cloudflare,Just a moment,,39,transcripts\doverbehavioral.com--6258457b.txt
084005,SUN BEHAVIORAL DELAWARE LLC,DE,no-cms-hpt-txt-published,https://sundelaware.com/,ok,202,0,nginx,,,,,,,267,transcripts\sundelaware.com--e26caefd.txt
084005,SUN BEHAVIORAL DELAWARE LLC,DE,no-cms-hpt-txt-published,https://sundelaware.com/cms-hpt.txt,ok,202,0,nginx,,,,,,,69,transcripts\sundelaware.com--0552aa50.txt
084005,SUN BEHAVIORAL DELAWARE LLC,DE,no-cms-hpt-txt-published,https://sundelaware.com/.well-known/cms-hpt.txt,ok,202,0,nginx,,,,,,,51,transcripts\sundelaware.com--b08effa4.txt
100244,CAPE CORAL HOSPITAL,FL,mrf-blocked-to-automation,https://www.leehealth.org/machine-readable-files-lh-2026/99-2646504_CAPE-CORAL-HOSPITAL_standardcharges_20260401.zip,ok,403,0,cloudflare,a371f6033cd280b1-IAD,challenge,,cloudflare,Just a moment,,198,transcripts\leehealth.org--7a09e576.txt
100161,CENTRAL FLORIDA LAKE MONROE HOSPITAL,FL,mrf-blocked-to-automation,https://stctrprodsnsvc00455826e6.blob.core.windows.net/pt-final-posting-files/59-1978725_HCA-FLORIDA-LAKE-MONROE-HOSPITAL_standardcharges.json?si=pt-json-access-policy&spr=https&sv=2024-11-04&sr=c&sig=o5IofreS%2F7ETlsnhPakPWCwHVVUZRobywQ5wUKGjVuQ%3D,ok,403,0,Microsoft-HTTPAPI/2.0,,,,,,,258,transcripts\stctrprodsnsvc00455826e6.blob.core.windows.net--5d2f17f9.txt
100277,DOUGLAS GARDENS HOSPITAL,FL,no-cms-hpt-txt-published,https://miamijewishhealth.org/,ok,202,0,nginx,,,,,,,255,transcripts\miamijewishhealth.org--37ee57a9.txt
100277,DOUGLAS GARDENS HOSPITAL,FL,no-cms-hpt-txt-published,https://miamijewishhealth.org/cms-hpt.txt,ok,202,0,nginx,,,,,,,48,transcripts\miamijewishhealth.org--623a3d2f.txt
100277,DOUGLAS GARDENS HOSPITAL,FL,no-cms-hpt-txt-published,https://miamijewishhealth.org/.well-known/cms-hpt.txt,ok,202,0,nginx,,,,,,,46,transcripts\miamijewishhealth.org--e20eaca9.txt
100134,ED FRASER MEMORIAL HOSPITAL,FL,mrf-url-unreachable,https://machine-readable-files.com/ed-fraser-memorial-hospital/593202547_Ed-Fraser-Memorial-Hospital_standardcharges.csv,ok,404,0,Apache,,,,,,,201,transcripts\machine-readable-files.com--17c32c62.txt
100090,FLAGLER HOSPITAL,FL,not-assessed-site-unreachable,https://flaglerhealth.org/cms-hpt.txt,ok,404,1,nginx,,,,,,,1357,transcripts\flaglerhealth.org--7ec3abec.txt
100090,FLAGLER HOSPITAL,FL,not-assessed-site-unreachable,https://flaglerhealth.org/,ok,404,1,nginx,,,,,,,243,transcripts\flaglerhealth.org--e5b0f963.txt
100298,FLORIDA STATE HOSPITAL UNIT 31 MED,FL,no-cms-hpt-txt-published,https://myflfamilies.com/,ok,200,0,,,,,,,,203,transcripts\myflfamilies.com--ef65f145.txt
100298,FLORIDA STATE HOSPITAL UNIT 31 MED,FL,no-cms-hpt-txt-published,https://myflfamilies.com/cms-hpt.txt,ok,404,0,,,,,,,,29,transcripts\myflfamilies.com--92e8bb8e.txt
100298,FLORIDA STATE HOSPITAL UNIT 31 MED,FL,no-cms-hpt-txt-published,https://myflfamilies.com/.well-known/cms-hpt.txt,ok,404,0,,,,,,,,53,transcripts\myflfamilies.com--fbf7b216.txt
100220,GULF COAST MEDICAL CENTER LEE HEALTH,FL,mrf-blocked-to-automation,https://www.leehealth.org/machine-readable-files-lh-2026/99-2646504_GULF-COAST-MEDICAL-CENTER_standardcharges_20260401.zip,ok,403,0,cloudflare,a371f6050a9880b1-IAD,challenge,,cloudflare,Just a moment,,26,transcripts\leehealth.org--e77029c9.txt
100131,HCA FLORIDA AVENTURA HOSPITAL,FL,mrf-blocked-to-automation,https://stctrprodsnsvc00455826e6.blob.core.windows.net/pt-final-posting-files/75-2379007_HCA-FLORIDA-AVENTURA-HOSPITAL_standardcharges.json?si=pt-json-access-policy&spr=https&sv=2024-11-04&sr=c&sig=o5IofreS%2F7ETlsnhPakPWCwHVVUZRobywQ5wUKGjVuQ%3D,ok,403,0,Microsoft-HTTPAPI/2.0,,,,,,,41,transcripts\stctrprodsnsvc00455826e6.blob.core.windows.net--196313fa.txt
100256,HCA FLORIDA BAYONET POINT HOSPITAL,FL,mrf-blocked-to-automation,https://stctrprodsnsvc00455826e6.blob.core.windows.net/pt-final-posting-files/62-1113740_HCA-FLORIDA-BAYONET-POINT-HOSPITAL_standardcharges.json?si=pt-json-access-policy&spr=https&sv=2024-11-04&sr=c&sig=o5IofreS%2F7ETlsnhPakPWCwHVVUZRobywQ5wUKGjVuQ%3D,ok,403,0,Microsoft-HTTPAPI/2.0,,,,,,,29,transcripts\stctrprodsnsvc00455826e6.blob.core.windows.net--3de018b9.txt
100213,HCA FLORIDA BLAKE HOSPITAL,FL,mrf-blocked-to-automation,https://stctrprodsnsvc00455826e6.blob.core.windows.net/pt-final-posting-files/62-1113740_HCA-FLORIDA-BLAKE-HOSPITAL_standardcharges.json?si=pt-json-access-policy&spr=https&sv=2024-11-04&sr=c&sig=o5IofreS%2F7ETlsnhPakPWCwHVVUZRobywQ5wUKGjVuQ%3D,ok,403,0,Microsoft-HTTPAPI/2.0,,,,,,,37,transcripts\stctrprodsnsvc00455826e6.blob.core.windows.net--cbabb369.txt
100243,HCA FLORIDA BRANDON HOSPITAL,FL,mrf-blocked-to-automation,https://stctrprodsnsvc00455826e6.blob.core.windows.net/pt-final-posting-files/61-0947837_HCA-FLORIDA-BRANDON-HOSPITAL_standardcharges.json?si=pt-json-access-policy&spr=https&sv=2024-11-04&sr=c&sig=o5IofreS%2F7ETlsnhPakPWCwHVVUZRobywQ5wUKGjVuQ%3D,ok,403,0,Microsoft-HTTPAPI/2.0,,,,,,,24,transcripts\stctrprodsnsvc00455826e6.blob.core.windows.net--ad686d56.txt
100254,HCA FLORIDA CAPITAL HOSPITAL,FL,mrf-blocked-to-automation,https://stctrprodsnsvc00455826e6.blob.core.windows.net/pt-final-posting-files/62-1091430_HCA-FLORIDA-CAPITAL-HOSPITAL_standardcharges.json?si=pt-json-access-policy&spr=https&sv=2024-11-04&sr=c&sig=o5IofreS%2F7ETlsnhPakPWCwHVVUZRobywQ5wUKGjVuQ%3D,ok,403,0,Microsoft-HTTPAPI/2.0,,,,,,,53,transcripts\stctrprodsnsvc00455826e6.blob.core.windows.net--dcde8783.txt
100023,HCA FLORIDA CITRUS HOSPITAL,FL,mrf-blocked-to-automation,https://stctrprodsnsvc00455826e6.blob.core.windows.net/pt-final-posting-files/47-1455535_HCA-FLORIDA-CITRUS-HOSPITAL_standardcharges.json?si=pt-json-access-policy&spr=https&sv=2024-11-04&sr=c&sig=o5IofreS%2F7ETlsnhPakPWCwHVVUZRobywQ5wUKGjVuQ%3D,ok,403,0,Microsoft-HTTPAPI/2.0,,,,,,,33,transcripts\stctrprodsnsvc00455826e6.blob.core.windows.net--55cebf73.txt
100267,HCA FLORIDA ENGLEWOOD HOSPITAL,FL,mrf-blocked-to-automation,https://stctrprodsnsvc00455826e6.blob.core.windows.net/pt-final-posting-files/35-1611050_HCA-FLORIDA-ENGLEWOOD-HOSPITAL_standardcharges.json?si=pt-json-access-policy&spr=https&sv=2024-11-04&sr=c&sig=o5IofreS%2F7ETlsnhPakPWCwHVVUZRobywQ5wUKGjVuQ%3D,ok,403,0,Microsoft-HTTPAPI/2.0,,,,,,,36,transcripts\stctrprodsnsvc00455826e6.blob.core.windows.net--8fd75cc3.txt
100236,HCA FLORIDA FAWCETT HOSPITAL,FL,mrf-blocked-to-automation,https://stctrprodsnsvc00455826e6.blob.core.windows.net/pt-final-posting-files/65-0252846_HCA-FLORIDA-FAWCETT-HOSPITAL_standardcharges.json?si=pt-json-access-policy&spr=https&sv=2024-11-04&sr=c&sig=o5IofreS%2F7ETlsnhPakPWCwHVVUZRobywQ5wUKGjVuQ%3D,ok,403,0,Microsoft-HTTPAPI/2.0,,,,,,,31,transcripts\stctrprodsnsvc00455826e6.blob.core.windows.net--8c147084.txt
100223,HCA FLORIDA FORT WALTON-DESTIN HOSPITAL,FL,mrf-blocked-to-automation,https://stctrprodsnsvc00455826e6.blob.core.windows.net/pt-final-posting-files/61-1259833_HCA-FLORIDA-FORT-WALTON-DESTIN-HOSPITAL_standardcharges.json?si=pt-json-access-policy&spr=https&sv=2024-11-04&sr=c&sig=o5IofreS%2F7ETlsnhPakPWCwHVVUZRobywQ5wUKGjVuQ%3D,ok,403,0,Microsoft-HTTPAPI/2.0,,,,,,,30,transcripts\stctrprodsnsvc00455826e6.blob.core.windows.net--bb9e4201.txt
100242,HCA FLORIDA GULF COAST HOSPITAL,FL,mrf-blocked-to-automation,https://stctrprodsnsvc00455826e6.blob.core.windows.net/pt-final-posting-files/62-0976863_HCA-FLORIDA-GULF-COAST-HOSPITAL_standardcharges.json?si=pt-json-access-policy&spr=https&sv=2024-11-04&sr=c&sig=o5IofreS%2F7ETlsnhPakPWCwHVVUZRobywQ5wUKGjVuQ%3D,ok,403,0,Microsoft-HTTPAPI/2.0,,,,,,,46,transcripts\stctrprodsnsvc00455826e6.blob.core.windows.net--cf98184f.txt
100049,HCA FLORIDA HIGHLANDS HOSPITAL,FL,mrf-blocked-to-automation,https://stctrprodsnsvc00455826e6.blob.core.windows.net/pt-final-posting-files/82-2084329_HCA-FLORIDA-HIGHLANDS-HOSPITAL_standardcharges.json?si=pt-json-access-policy&spr=https&sv=2024-11-04&sr=c&sig=o5IofreS%2F7ETlsnhPakPWCwHVVUZRobywQ5wUKGjVuQ%3D,ok,403,0,Microsoft-HTTPAPI/2.0,,,,,,,52,transcripts\stctrprodsnsvc00455826e6.blob.core.windows.net--a9bb5cf8.txt
100080,HCA FLORIDA JFK HOSPITAL,FL,mrf-blocked-to-automation,https://stctrprodsnsvc00455826e6.blob.core.windows.net/pt-final-posting-files/62-1694180_HCA-FLORIDA-JFK-HOSPITAL_standardcharges.json?si=pt-json-access-policy&spr=https&sv=2024-11-04&sr=c&sig=o5IofreS%2F7ETlsnhPakPWCwHVVUZRobywQ5wUKGjVuQ%3D,ok,403,0,Microsoft-HTTPAPI/2.0,,,,,,,36,transcripts\stctrprodsnsvc00455826e6.blob.core.windows.net--34193057.txt
100209,HCA FLORIDA KENDALL HOSPITAL,FL,mrf-blocked-to-automation,https://stctrprodsnsvc00455826e6.blob.core.windows.net/pt-final-posting-files/65-0260078_HCA-FLORIDA-KENDALL-HOSPITAL_standardcharges.json?si=pt-json-access-policy&spr=https&sv=2024-11-04&sr=c&sig=o5IofreS%2F7ETlsnhPakPWCwHVVUZRobywQ5wUKGjVuQ%3D,ok,403,0,Microsoft-HTTPAPI/2.0,,,,,,,47,transcripts\stctrprodsnsvc00455826e6.blob.core.windows.net--bdd36982.txt
100156,HCA FLORIDA LAKE CITY HOSPITAL,FL,mrf-blocked-to-automation,https://stctrprodsnsvc00455826e6.blob.core.windows.net/pt-final-posting-files/95-4176924_HCA-FLORIDA-LAKE-CITY-HOSPITAL_standardcharges.json?si=pt-json-access-policy&spr=https&sv=2024-11-04&sr=c&sig=o5IofreS%2F7ETlsnhPakPWCwHVVUZRobywQ5wUKGjVuQ%3D,ok,403,0,Microsoft-HTTPAPI/2.0,,,,,,,48,transcripts\stctrprodsnsvc00455826e6.blob.core.windows.net--1f3b175c.txt
100248,HCA FLORIDA LARGO HOSPITAL,FL,mrf-blocked-to-automation,https://stctrprodsnsvc00455826e6.blob.core.windows.net/pt-final-posting-files/62-1026428_HCA-FLORIDA-LARGO-HOSPITAL_standardcharges.json?si=pt-json-access-policy&spr=https&sv=2024-11-04&sr=c&sig=o5IofreS%2F7ETlsnhPakPWCwHVVUZRobywQ5wUKGjVuQ%3D,ok,403,0,Microsoft-HTTPAPI/2.0,,,,,,,29,transcripts\stctrprodsnsvc00455826e6.blob.core.windows.net--b6ade91c.txt
100246,HCA FLORIDA LAWNWOOD HOSPITAL,FL,mrf-blocked-to-automation,https://stctrprodsnsvc00455826e6.blob.core.windows.net/pt-final-posting-files/59-1764486_HCA-FLORIDA-LAWNWOOD-HOSPITAL_standardcharges.json?si=pt-json-access-policy&spr=https&sv=2024-11-04&sr=c&sig=o5IofreS%2F7ETlsnhPakPWCwHVVUZRobywQ5wUKGjVuQ%3D,ok,403,0,Microsoft-HTTPAPI/2.0,,,,,,,58,transcripts\stctrprodsnsvc00455826e6.blob.core.windows.net--f2cb79d0.txt
100179,HCA FLORIDA MEMORIAL HOSPITAL,FL,mrf-blocked-to-automation,https://stctrprodsnsvc00455826e6.blob.core.windows.net/pt-final-posting-files/59-3283127_HCA-FLORIDA-MEMoriaL-HOSPITAL_standardcharges.json?si=pt-json-access-policy&spr=https&sv=2024-11-04&sr=c&sig=o5IofreS%2F7ETlsnhPakPWCwHVVUZRobywQ5wUKGjVuQ%3D,ok,403,0,Microsoft-HTTPAPI/2.0,,,,,,,53,transcripts\stctrprodsnsvc00455826e6.blob.core.windows.net--8f33626b.txt
100167,HCA FLORIDA MERCY HOSPITAL,FL,mrf-blocked-to-automation,https://stctrprodsnsvc00455826e6.blob.core.windows.net/pt-final-posting-files/62-1372389_HCA-FLORIDA-MERCY-HOSPITAL_standardcharges.json?si=pt-json-access-policy&spr=https&sv=2024-11-04&sr=c&sig=o5IofreS%2F7ETlsnhPakPWCwHVVUZRobywQ5wUKGjVuQ%3D,ok,403,0,Microsoft-HTTPAPI/2.0,,,,,,,88,transcripts\stctrprodsnsvc00455826e6.blob.core.windows.net--6a2c71d6.txt
100204,HCA FLORIDA NORTH FLORIDA HOSPITAL,FL,mrf-blocked-to-automation,https://stctrprodsnsvc00455826e6.blob.core.windows.net/pt-final-posting-files/61-1269294_HCA-FLORIDA-NORTH-FLORIDA-HOSPITAL_standardcharges.json?si=pt-json-access-policy&spr=https&sv=2024-11-04&sr=c&sig=o5IofreS%2F7ETlsnhPakPWCwHVVUZRobywQ5wUKGjVuQ%3D,ok,403,0,Microsoft-HTTPAPI/2.0,,,,,,,126,transcripts\stctrprodsnsvc00455826e6.blob.core.windows.net--34ea518c.txt
100238,HCA FLORIDA NORTHSIDE HOSPITAL,FL,mrf-blocked-to-automation,https://stctrprodsnsvc00455826e6.blob.core.windows.net/pt-final-posting-files/61-0947837_HCA-FLORIDA-NORTHSIDE-HOSPITAL_standardcharges.json?si=pt-json-access-policy&spr=https&sv=2024-11-04&sr=c&sig=o5IofreS%2F7ETlsnhPakPWCwHVVUZRobywQ5wUKGjVuQ%3D,ok,403,0,Microsoft-HTTPAPI/2.0,,,,,,,46,transcripts\stctrprodsnsvc00455826e6.blob.core.windows.net--1256f4f4.txt
100189,HCA FLORIDA NORTHWEST HOSPITAL,FL,mrf-blocked-to-automation,https://stctrprodsnsvc00455826e6.blob.core.windows.net/pt-final-posting-files/61-1259843_HCA-FLORIDA-NORTHWEST-HOSPITAL_standardcharges.json?si=pt-json-access-policy&spr=https&sv=2024-11-04&sr=c&sig=o5IofreS%2F7ETlsnhPakPWCwHVVUZRobywQ5wUKGjVuQ%3D,ok,403,0,Microsoft-HTTPAPI/2.0,,,,,,,44,transcripts\stctrprodsnsvc00455826e6.blob.core.windows.net--35a7891b.txt
100264,HCA FLORIDA OAK HILL HOSPITAL,FL,mrf-blocked-to-automation,https://stctrprodsnsvc00455826e6.blob.core.windows.net/pt-final-posting-files/62-1113740_HCA-FLORIDA-OAK-HILL-HOSPITAL_standardcharges.json?si=pt-json-access-policy&spr=https&sv=2024-11-04&sr=c&sig=o5IofreS%2F7ETlsnhPakPWCwHVVUZRobywQ5wUKGjVuQ%3D,ok,403,0,Microsoft-HTTPAPI/2.0,,,,,,,35,transcripts\stctrprodsnsvc00455826e6.blob.core.windows.net--d9e35230.txt
100226,HCA FLORIDA ORANGE PARK HOSPITAL,FL,mrf-blocked-to-automation,https://stctrprodsnsvc00455826e6.blob.core.windows.net/pt-final-posting-files/61-1269295_HCA-FLORIDA-ORANGE-PARK-HOSPITAL_standardcharges.json?si=pt-json-access-policy&spr=https&sv=2024-11-04&sr=c&sig=o5IofreS%2F7ETlsnhPakPWCwHVVUZRobywQ5wUKGjVuQ%3D,ok,403,0,Microsoft-HTTPAPI/2.0,,,,,,,26,transcripts\stctrprodsnsvc00455826e6.blob.core.windows.net--c5c4a71c.txt
100110,HCA FLORIDA OSCEOLA HOSPITAL,FL,mrf-blocked-to-automation,https://stctrprodsnsvc00455826e6.blob.core.windows.net/pt-final-posting-files/61-1257509_HCA-FLORIDA-OSCEOLA-HOSPITAL_standardcharges.json?si=pt-json-access-policy&spr=https&sv=2024-11-04&sr=c&sig=o5IofreS%2F7ETlsnhPakPWCwHVVUZRobywQ5wUKGjVuQ%3D,ok,403,0,Microsoft-HTTPAPI/2.0,,,,,,,38,transcripts\stctrprodsnsvc00455826e6.blob.core.windows.net--ce567edd.txt
100269,HCA FLORIDA PALMS WEST HOSPITAL,FL,mrf-blocked-to-automation,https://stctrprodsnsvc00455826e6.blob.core.windows.net/pt-final-posting-files/62-1694178_HCA-FLORIDA-PALMS-WEST-HOSPITAL_standardcharges.json?si=pt-json-access-policy&spr=https&sv=2024-11-04&sr=c&sig=o5IofreS%2F7ETlsnhPakPWCwHVVUZRobywQ5wUKGjVuQ%3D,ok,403,0,Microsoft-HTTPAPI/2.0,,,,,,,40,transcripts\stctrprodsnsvc00455826e6.blob.core.windows.net--9b1bf115.txt
100126,HCA FLORIDA PASADENA HOSPITAL A PART OF HCA FLORID,FL,mrf-blocked-to-automation,https://stctrprodsnsvc00455826e6.blob.core.windows.net/pt-final-posting-files/80-0935610_HCA-FLORIDA-PASADENA-HOSPITAL_standardcharges.json?si=pt-json-access-policy&spr=https&sv=2024-11-04&sr=c&sig=o5IofreS%2F7ETlsnhPakPWCwHVVUZRobywQ5wUKGjVuQ%3D,ok,403,0,Microsoft-HTTPAPI/2.0,,,,,,,41,transcripts\stctrprodsnsvc00455826e6.blob.core.windows.net--d02f3afe.txt
100320,HCA FLORIDA POINCIANA HOSPITAL,FL,mrf-blocked-to-automation,https://stctrprodsnsvc00455826e6.blob.core.windows.net/pt-final-posting-files/90-0811360_HCA-FLORIDA-POINCIANA-HOSPITAL_standardcharges.json?si=pt-json-access-policy&spr=https&sv=2024-11-04&sr=c&sig=o5IofreS%2F7ETlsnhPakPWCwHVVUZRobywQ5wUKGjVuQ%3D,ok,403,0,Microsoft-HTTPAPI/2.0,,,,,,,84,transcripts\stctrprodsnsvc00455826e6.blob.core.windows.net--0d55375c.txt
100232,HCA FLORIDA PUTNAM HOSPITAL,FL,mrf-blocked-to-automation,https://stctrprodsnsvc00455826e6.blob.core.windows.net/pt-final-posting-files/47-2762362_HCA-FLORIDA-PUTNAM-HOSPITAL_standardcharges.json?si=pt-json-access-policy&spr=https&sv=2024-11-04&sr=c&sig=o5IofreS%2F7ETlsnhPakPWCwHVVUZRobywQ5wUKGjVuQ%3D,ok,403,0,Microsoft-HTTPAPI/2.0,,,,,,,44,transcripts\stctrprodsnsvc00455826e6.blob.core.windows.net--0fede038.txt
100252,HCA FLORIDA RAULERSON HOSPITAL,FL,mrf-blocked-to-automation,https://stctrprodsnsvc00455826e6.blob.core.windows.net/pt-final-posting-files/59-1833934_HCA-FLORIDA-RAULERSON-HOSPITAL_standardcharges.json?si=pt-json-access-policy&spr=https&sv=2024-11-04&sr=c&sig=o5IofreS%2F7ETlsnhPakPWCwHVVUZRobywQ5wUKGjVuQ%3D,ok,403,0,Microsoft-HTTPAPI/2.0,,,,,,,67,transcripts\stctrprodsnsvc00455826e6.blob.core.windows.net--124e29af.txt
100166,HCA FLORIDA SARASOTA DOCTORS HOSPITAL,FL,mrf-blocked-to-automation,https://stctrprodsnsvc00455826e6.blob.core.windows.net/pt-final-posting-files/61-1258724_HCA-FLORIDA-SARASOTA-DOCTORS-HOSPITAL_standardcharges.json?si=pt-json-access-policy&spr=https&sv=2024-11-04&sr=c&sig=o5IofreS%2F7ETlsnhPakPWCwHVVUZRobywQ5wUKGjVuQ%3D,ok,403,0,Microsoft-HTTPAPI/2.0,,,,,,,47,transcripts\stctrprodsnsvc00455826e6.blob.core.windows.net--bb1a1247.txt
100259,HCA FLORIDA SOUTH SHORE HOSPITAL,FL,mrf-blocked-to-automation,https://stctrprodsnsvc00455826e6.blob.core.windows.net/pt-final-posting-files/59-2822337_HCA-FLORIDA-SOUTH-SHORE-HOSPITAL_standardcharges.json?si=pt-json-access-policy&spr=https&sv=2024-11-04&sr=c&sig=o5IofreS%2F7ETlsnhPakPWCwHVVUZRobywQ5wUKGjVuQ%3D,ok,403,0,Microsoft-HTTPAPI/2.0,,,,,,,30,transcripts\stctrprodsnsvc00455826e6.blob.core.windows.net--b8cd4b9a.txt
100206,HCA FLORIDA SOUTH TAMPA HOSPITAL,FL,mrf-blocked-to-automation,https://stctrprodsnsvc00455826e6.blob.core.windows.net/pt-final-posting-files/36-4764806_HCA-FLORIDA-SOUTH-TAMPA-HOSPITAL_standardcharges.json?si=pt-json-access-policy&spr=https&sv=2024-11-04&sr=c&sig=o5IofreS%2F7ETlsnhPakPWCwHVVUZRobywQ5wUKGjVuQ%3D,ok,403,0,Microsoft-HTTPAPI/2.0,,,,,,,32,transcripts\stctrprodsnsvc00455826e6.blob.core.windows.net--3454a618.txt
100180,HCA FLORIDA ST PETERSBURG HOSPITAL,FL,mrf-blocked-to-automation,https://stctrprodsnsvc00455826e6.blob.core.windows.net/pt-final-posting-files/59-1174716_HCA-FLORIDA-ST.-PETERSBURG-HOSPITAL_standardcharges.json?si=pt-json-access-policy&spr=https&sv=2024-11-04&sr=c&sig=o5IofreS%2F7ETlsnhPakPWCwHVVUZRobywQ5wUKGjVuQ%3D,ok,403,0,Microsoft-HTTPAPI/2.0,,,,,,,40,transcripts\stctrprodsnsvc00455826e6.blob.core.windows.net--9f87cfbe.txt
100191,HCA FLORIDA TRINITY HOSPITAL,FL,mrf-blocked-to-automation,https://stctrprodsnsvc00455826e6.blob.core.windows.net/pt-final-posting-files/59-2047041_HCA-FLORIDA-TRINITY-HOSPITAL_standardcharges.json?si=pt-json-access-policy&spr=https&sv=2024-11-04&sr=c&sig=o5IofreS%2F7ETlsnhPakPWCwHVVUZRobywQ5wUKGjVuQ%3D,ok,403,0,Microsoft-HTTPAPI/2.0,,,,,,,30,transcripts\stctrprodsnsvc00455826e6.blob.core.windows.net--5bfd6667.txt
100054,HCA FLORIDA TWIN CITIES HOSPITAL,FL,mrf-blocked-to-automation,https://stctrprodsnsvc00455826e6.blob.core.windows.net/pt-final-posting-files/59-1836808_HCA-FLORIDA-TWIN-CITIES-HOSPITAL_standardcharges.json?si=pt-json-access-policy&spr=https&sv=2024-11-04&sr=c&sig=o5IofreS%2F7ETlsnhPakPWCwHVVUZRobywQ5wUKGjVuQ%3D,ok,403,0,Microsoft-HTTPAPI/2.0,,,,,,,60,transcripts\stctrprodsnsvc00455826e6.blob.core.windows.net--4ab67f2f.txt
100360,HCA FLORIDA UNIVERSITY HOSPITAL,FL,mrf-blocked-to-automation,https://stctrprodsnsvc00455826e6.blob.core.windows.net/pt-final-posting-files/32-0583104_HCA-FLORIDA-UNIVERSITY-HOSPITAL_standardcharges.json?si=pt-json-access-policy&spr=https&sv=2024-11-04&sr=c&sig=o5IofreS%2F7ETlsnhPakPWCwHVVUZRobywQ5wUKGjVuQ%3D,ok,403,0,Microsoft-HTTPAPI/2.0,,,,,,,40,transcripts\stctrprodsnsvc00455826e6.blob.core.windows.net--852621d4.txt
100231,HCA FLORIDA WEST HOSPITAL,FL,mrf-blocked-to-automation,https://stctrprodsnsvc00455826e6.blob.core.windows.net/pt-final-posting-files/59-1525468_HCA-FLORIDA-WEST-HOSPITAL_standardcharges.json?si=pt-json-access-policy&spr=https&sv=2024-11-04&sr=c&sig=o5IofreS%2F7ETlsnhPakPWCwHVVUZRobywQ5wUKGjVuQ%3D,ok,403,0,Microsoft-HTTPAPI/2.0,,,,,,,48,transcripts\stctrprodsnsvc00455826e6.blob.core.windows.net--f76f500d.txt
103300,JOHNS HOPKINS ALL CHILDREN'S HOSPITAL,FL,pointer-blocked-to-automation,https://hopkinsallchildrens.org/cms-hpt.txt,ok,403,0,cloudflare,a371f6063f083ebd-IAD,,,cloudflare,Attention Required,,121,transcripts\hopkinsallchildrens.org--1ffa239d.txt
103300,JOHNS HOPKINS ALL CHILDREN'S HOSPITAL,FL,pointer-blocked-to-automation,https://hopkinsallchildrens.org/,ok,403,0,cloudflare,a371f6068ff83ebd-IAD,,,cloudflare,Attention Required,,35,transcripts\hopkinsallchildrens.org--285b45eb.txt
101303,LAKE BUTLER HOSPITAL,FL,no-cms-hpt-txt-published,https://lakebutlerhospital.com/,ok,202,0,cloudflare,a371f6069e51d6fc-IAD,,,cloudflare,,,233,transcripts\lakebutlerhospital.com--069311c7.txt
101303,LAKE BUTLER HOSPITAL,FL,no-cms-hpt-txt-published,https://lakebutlerhospital.com/cms-hpt.txt,ok,202,0,cloudflare,a371f607b9ced6fc-IAD,,,cloudflare,,,92,transcripts\lakebutlerhospital.com--cdf61ccb.txt
101303,LAKE BUTLER HOSPITAL,FL,no-cms-hpt-txt-published,https://lakebutlerhospital.com/.well-known/cms-hpt.txt,ok,202,0,cloudflare,a371f6083b40d6fc-IAD,,,cloudflare,,,130,transcripts\lakebutlerhospital.com--09b61de6.txt
100299,LAKEWOOD RANCH MEDICAL CENTER,FL,pointer-blocked-to-automation,https://lakewoodranchmedicalcenter.com/cms-hpt.txt,ok,403,0,cloudflare,a371f606de82e617-IAD,,,cloudflare,Access denied,,117,transcripts\lakewoodranchmedicalcenter.com--5be6aedb.txt
100299,LAKEWOOD RANCH MEDICAL CENTER,FL,pointer-blocked-to-automation,https://lakewoodranchmedicalcenter.com/,ok,403,0,cloudflare,a371f6070f21e617-IAD,,,cloudflare,Access denied,,36,transcripts\lakewoodranchmedicalcenter.com--4dd35193.txt
100012,LEE MEMORIAL HOSPITAL,FL,mrf-blocked-to-automation,https://www.leehealth.org/machine-readable-files-lh-2026/99-2646504_LEE-MEMoriaL-HOSPITAL_standardcharges_20260401.zip,ok,403,0,cloudflare,a371f606b83a80b1-IAD,challenge,,cloudflare,Just a moment,,37,transcripts\leehealth.org--7ca07abd.txt
104007,NORTHEAST FLORIDA STATE HOSPITAL,FL,no-cms-hpt-txt-published,https://myflfamilies.com/,ok,200,0,,,,,,,,203,transcripts\myflfamilies.com--ef65f145.txt
104007,NORTHEAST FLORIDA STATE HOSPITAL,FL,no-cms-hpt-txt-published,https://myflfamilies.com/cms-hpt.txt,ok,404,0,,,,,,,,29,transcripts\myflfamilies.com--92e8bb8e.txt
104007,NORTHEAST FLORIDA STATE HOSPITAL,FL,no-cms-hpt-txt-published,https://myflfamilies.com/.well-known/cms-hpt.txt,ok,404,0,,,,,,,,53,transcripts\myflfamilies.com--fbf7b216.txt
100329,OVIEDO MEDICAL CENTER,FL,mrf-blocked-to-automation,https://stctrprodsnsvc00455826e6.blob.core.windows.net/pt-final-posting-files/46-4660005_OVIEDO-MEDICAL-CENTER_standardcharges.json?si=pt-json-access-policy&spr=https&sv=2024-11-04&sr=c&sig=o5IofreS%2F7ETlsnhPakPWCwHVVUZRobywQ5wUKGjVuQ%3D,ok,403,0,Microsoft-HTTPAPI/2.0,,,,,,,37,transcripts\stctrprodsnsvc00455826e6.blob.core.windows.net--58ab608a.txt
100067,ST ANTHONYS HOSPITAL,FL,mrf-url-unreachable,https://baycare.org/-/media/project/baycare/consumer-portal/billing-and-insurance/pricing-files-compressed/592043026_StAnthonysHospital_standardcharges.zip,ok,404,1,volt-adc | volt-adc,,,,,,,267,transcripts\baycare.org--34d99a39.txt
100071,TAMPA GENERAL HOSPITAL BROOKSVILLE,FL,mrf-url-unreachable,https://www.tghnorth.org/-/media/files/tgh-north-files/933040761_tampa-general-hospital-brooksville_standardcharges_excel.csv?rev=3e4c475cf0c946f28c90b4c5e6173db8&hash=09854218AE8DB2F1ECDAB2A90969CC06,ok,404,0,,,,,,,,301,transcripts\tghnorth.org--4a538464.txt
100249,TAMPA GENERAL HOSPITAL CRYSTAL RIVER,FL,mrf-url-unreachable,https://www.tghnorth.org/-/media/files/tgh-north-files/93-3085834_tampa-general-hospital-crystal-river_standardcharges_excel.csv?rev=707784c8944a446c94601457bea65319&hash=A8E4902F0337A7A83FB17BF07844A443,ok,404,0,,,,,,,,140,transcripts\tghnorth.org--8b7253e3.txt
100350,UCF LAKE NONA HOSPITAL,FL,mrf-blocked-to-automation,https://stctrprodsnsvc00455826e6.blob.core.windows.net/pt-final-posting-files/85-4247323_UCF-LAKE-NONA-HOSPITAL_standardcharges.json?si=pt-json-access-policy&spr=https&sv=2024-11-04&sr=c&sig=o5IofreS%2F7ETlsnhPakPWCwHVVUZRobywQ5wUKGjVuQ%3D,ok,403,0,Microsoft-HTTPAPI/2.0,,,,,,,103,transcripts\stctrprodsnsvc00455826e6.blob.core.windows.net--868d7b9b.txt
100275,WELLINGTON REGIONAL MEDICAL CENTER,FL,pointer-blocked-to-automation,https://wellingtonregional.com/cms-hpt.txt,ok,403,0,cloudflare,a371f6095afb3ad9-IAD,,,cloudflare,Access denied,,129,transcripts\wellingtonregional.com--eed06b85.txt
100275,WELLINGTON REGIONAL MEDICAL CENTER,FL,pointer-blocked-to-automation,https://wellingtonregional.com/,ok,403,0,cloudflare,a371f609bc353ad9-IAD,,,cloudflare,Access denied,,51,transcripts\wellingtonregional.com--2a605341.txt
113300,ATHUR M BLANK HOSPITAL,GA,not-assessed-site-unreachable,https://choaassets.choa.org/cms-hpt.txt,failed,,0,,,,,,,fetch failed (cause: ENOTFOUND),110,transcripts\choaassets.choa.org--e7651275.txt
113300,ATHUR M BLANK HOSPITAL,GA,not-assessed-site-unreachable,https://choaassets.choa.org/,failed,,0,,,,,,,fetch failed (cause: ENOTFOUND),211,transcripts\choaassets.choa.org--571b47b0.txt
113301,CHILDREN'S HEALTHCARE OF ATLANTA AT SCOTTISH RITE,GA,not-assessed-site-unreachable,https://choaassets.choa.org/cms-hpt.txt,failed,,0,,,,,,,fetch failed (cause: ENOTFOUND),110,transcripts\choaassets.choa.org--e7651275.txt
113301,CHILDREN'S HEALTHCARE OF ATLANTA AT SCOTTISH RITE,GA,not-assessed-site-unreachable,https://choaassets.choa.org/,failed,,0,,,,,,,fetch failed (cause: ENOTFOUND),211,transcripts\choaassets.choa.org--571b47b0.txt
110236,COMMONSPIRIT-MEMORIAL HOSPITAL-NORTH GEORGIA,GA,not-assessed-not-named-in-file,https://memorial.org/,ok,200,4,cloudflare | cloudflare | cloudflare | cloudflare | cloudflare,a371f60b4c147bbc-IAD | a371f60bfa8429bb-IAD | a371f60c2a5af283-IAD | a371f60c8ba7f283-IAD | a371f60d0dbdf283-IAD,,,cloudflare,,,1631,transcripts\memorial.org--148b614f.txt
110194,DONALSONVILLE HOSPITAL INC,GA,no-cms-hpt-txt-published,https://donalsonvillehospital.org/,ok,202,0,nginx,,,,,,,374,transcripts\donalsonvillehospital.org--eda6dea5.txt
110194,DONALSONVILLE HOSPITAL INC,GA,no-cms-hpt-txt-published,https://donalsonvillehospital.org/cms-hpt.txt,ok,202,0,nginx,,,,,,,56,transcripts\donalsonvillehospital.org--9d873d3b.txt
110194,DONALSONVILLE HOSPITAL INC,GA,no-cms-hpt-txt-published,https://donalsonvillehospital.org/.well-known/cms-hpt.txt,ok,202,0,nginx,,,,,,,64,transcripts\donalsonvillehospital.org--0ab25218.txt
111337,ELBERT MEMORIAL HOSPITAL,GA,no-cms-hpt-txt-published,https://emhcare.net/,ok,202,0,nginx,,,,,,,276,transcripts\emhcare.net--806434dc.txt
111337,ELBERT MEMORIAL HOSPITAL,GA,no-cms-hpt-txt-published,https://emhcare.net/cms-hpt.txt,ok,202,0,nginx,,,,,,,56,transcripts\emhcare.net--de7e466e.txt
111337,ELBERT MEMORIAL HOSPITAL,GA,no-cms-hpt-txt-published,https://emhcare.net/.well-known/cms-hpt.txt,ok,202,0,nginx,,,,,,,110,transcripts\emhcare.net--5c6c8119.txt
111314,LIFEBRITE COMMUNITY HOSPITAL OF EARLY,GA,not-assessed-not-named-in-file,https://lifebriteearly.com/,ok,200,2,ip-10-123-124-158.ec2.internal | cloudflare | cloudflare,a371f61648a4c3cb-IAD | a371f6174b4db4a5-IAD,,,cloudflare,,,2436,transcripts\lifebriteearly.com--42fe8e3f.txt
110128,MEMORIAL HEALTH MEADOWS HOSPITAL,GA,mrf-url-unreachable,https://stctrprodsnsvc00455826e6.blob.core.windows.net/pt-final-posting-files/85-2556972_MEMoriaL-HEALTH-MEADOWS-HOSPITAL_standardcharges.json?si=dpx-pt-json-access-policy&spr=https&sv=2026-02-06&sr=c&sig=ks%2BgfAjyEHlZmeP2PYJ%2f9NpMuCoRStjTb2bhIy9Y6LM%3D,ok,404,0,Windows-Azure-Blob/1.0 Microsoft-HTTPAPI/2.0,,,,,,,42,transcripts\stctrprodsnsvc00455826e6.blob.core.windows.net--652cde4a.txt
111318,MONROE COUNTY HOSPITAL,GA,no-cms-hpt-txt-published,https://monroehospital.org/,ok,202,0,nginx,,,,,,,285,transcripts\monroehospital.org--08dc1218.txt
111318,MONROE COUNTY HOSPITAL,GA,no-cms-hpt-txt-published,https://monroehospital.org/cms-hpt.txt,ok,202,0,nginx,,,,,,,52,transcripts\monroehospital.org--6de3fa82.txt
111318,MONROE COUNTY HOSPITAL,GA,no-cms-hpt-txt-published,https://monroehospital.org/.well-known/cms-hpt.txt,ok,202,0,nginx,,,,,,,52,transcripts\monroehospital.org--2672c721.txt
110161,NORTHSIDE HOSPITAL,GA,mrf-blocked-to-automation,https://assets.northside.com/price-transparency/581954432-1457396079_northside-hospital-inc_standardcharges.json,ok,403,0,cloudflare,a371f60eba52d2f9-IAD,,,cloudflare,Attention Required,,151,transcripts\assets.northside.com--944e9641.txt
110008,NORTHSIDE HOSPITAL CHEROKEE,GA,mrf-blocked-to-automation,https://assets.northside.com/price-transparency/581954432-1225050396_northside-hospital-inc_standardcharges.json,ok,403,0,cloudflare,a371f60efb34d2f9-IAD,,,cloudflare,Attention Required,,36,transcripts\assets.northside.com--9763439b.txt
110252,NORTHSIDE HOSPITAL DULUTH,GA,mrf-blocked-to-automation,https://assets.northside.com/price-transparency/581954432-1790715381_northside-hospital-inc_standardcharges.json,ok,403,0,cloudflare,a371f60f3be0d2f9-IAD,,,cloudflare,Attention Required,,36,transcripts\assets.northside.com--baf654d8.txt
110005,NORTHSIDE HOSPITAL FORSYTH,GA,mrf-blocked-to-automation,https://assets.northside.com/price-transparency/581954432-1376574277_northside-hospital-inc_standardcharges.json,ok,403,0,cloudflare,a371f60f8cb1d2f9-IAD,,,cloudflare,Attention Required,,34,transcripts\assets.northside.com--56be0fa1.txt
110087,NORTHSIDE HOSPITAL GWINNETT,GA,mrf-blocked-to-automation,https://assets.northside.com/price-transparency/581954432-1952340994_northside-hospital-inc_standardcharges.json,ok,403,0,cloudflare,a371f60fedadd2f9-IAD,,,cloudflare,Attention Required,,44,transcripts\assets.northside.com--a32e0f2c.txt
110233,"SOUTHEASTERN REGIONAL MEDICAL CENTER, INC",GA,pointer-blocked-to-automation,https://cancercenter.com/cms-hpt.txt,ok,403,1,cloudflare | cloudflare,a371f5e93ed38907-IAD | a371f5e9efca74db-IAD,,,cloudflare,,,334,transcripts\cancercenter.com--cb9e5a35.txt
110233,"SOUTHEASTERN REGIONAL MEDICAL CENTER, INC",GA,pointer-blocked-to-automation,https://cancercenter.com/,ok,403,1,cloudflare | cloudflare,a371f5eacb198907-IAD | a371f5eb0a8674db-IAD,,,cloudflare,,,137,transcripts\cancercenter.com--48202ef4.txt
110101,"SOUTHWELL MEDICAL, A CAMPUS OF TRMC",GA,no-cms-hpt-txt-published,https://mysouthwell.com/,ok,200,0,Pressidium,,,,,,,156,transcripts\mysouthwell.com--ba9cc266.txt
110101,"SOUTHWELL MEDICAL, A CAMPUS OF TRMC",GA,no-cms-hpt-txt-published,https://mysouthwell.com/cms-hpt.txt,ok,404,0,Pressidium,,,,,,,37,transcripts\mysouthwell.com--f5be7b15.txt
110101,"SOUTHWELL MEDICAL, A CAMPUS OF TRMC",GA,no-cms-hpt-txt-published,https://mysouthwell.com/.well-known/cms-hpt.txt,ok,404,0,Pressidium,,,,,,,1752,transcripts\mysouthwell.com--0837fa66.txt
110129,ST FRANCIS HOSPITAL- EMORY HEALTHCARE,GA,not-assessed-site-unreachable,https://mystfrancis.com/cms-hpt.txt,ok,406,0,,,,,,,,119,transcripts\mystfrancis.com--98ddaab7.txt
110129,ST FRANCIS HOSPITAL- EMORY HEALTHCARE,GA,not-assessed-site-unreachable,https://mystfrancis.com/,ok,406,0,,,,,,,,46,transcripts\mystfrancis.com--93f34b3e.txt
114004,SUMMITRIDGE CENTER- PSYCHIATRY & ADDICTIVE MED,GA,pointer-blocked-to-automation,https://summitridgehospital.net/cms-hpt.txt,ok,403,0,cloudflare,a371f610af9092a0-IAD,challenge,,cloudflare,Just a moment,,121,transcripts\summitridgehospital.net--ad02d2ba.txt
114004,SUMMITRIDGE CENTER- PSYCHIATRY & ADDICTIVE MED,GA,pointer-blocked-to-automation,https://summitridgehospital.net/,ok,403,0,cloudflare,a371f610d83692a0-IAD,challenge,,cloudflare,Just a moment,,24,transcripts\summitridgehospital.net--e656b6d4.txt
110002,UPSON REGIONAL MEDICAL CENTER,GA,not-assessed-site-unreachable,https://urmc.org/cms-hpt.txt,ok,,0,,,,,,,fetch failed (cause: UND_ERR_CONNECT_TIMEOUT),25501,transcripts\urmc.org--925c700b.txt
110002,UPSON REGIONAL MEDICAL CENTER,GA,not-assessed-site-unreachable,https://urmc.org/,ok,,0,,,,,,,fetch failed (cause: UND_ERR_CONNECT_TIMEOUT),29397,transcripts\urmc.org--241f588e.txt
650001,GUAM MEMORIAL  HOSPITAL AUTHORITY,GU,no-cms-hpt-txt-published,https://gmha.org/,ok,200,1,Apache | Apache,,,,,,,2547,transcripts\gmha.org--32e81cc2.txt
650001,GUAM MEMORIAL  HOSPITAL AUTHORITY,GU,no-cms-hpt-txt-published,https://gmha.org/cms-hpt.txt,ok,404,1,Apache | Apache,,,,,,,12697,transcripts\gmha.org--1f58afc9.txt
650001,GUAM MEMORIAL  HOSPITAL AUTHORITY,GU,no-cms-hpt-txt-published,https://gmha.org/.well-known/cms-hpt.txt,ok,404,1,Apache | Apache,,,,,,,8080,transcripts\gmha.org--f74f8422.txt
161359,BURGESS HEALTH CENTER,IA,mrf-url-unreachable,https://www.burgesshc.org/wp-content/uploads/2025/01/420859940_Burgess_StandardCharges.csv,ok,404,0,Apache,,,,,,,1520,transcripts\burgesshc.org--b92acbd2.txt
161348,CLARKE COUNTY HOSPITAL,IA,pointer-blocked-to-automation,https://clarkehosp.org/cms-hpt.txt,ok,403,1,awselb/2.0,,,,,,,333,transcripts\clarkehosp.org--bf6e6baf.txt
161348,CLARKE COUNTY HOSPITAL,IA,pointer-blocked-to-automation,https://clarkehosp.org/,ok,403,1,awselb/2.0,,,,,,,54,transcripts\clarkehosp.org--2e9e45d2.txt
161380,HANSEN FAMILY HOSPITAL,IA,not-assessed-not-named-in-file,https://mercyone.org/,ok,200,1,Varnish | webserver,,,,,,,604,transcripts\mercyone.org--64a3f572.txt
161329,JACKSON COUNTY REGIONAL HEALTH CENTER,IA,pointer-lists-no-mrf-url,https://jcrhc.org/cms-hpt.txt,ok,200,0,Apache,,,,,,,516,transcripts\jcrhc.org--f4adcbd5.txt
160153,MERCYONE SIOUXLAND MEDICAL CENTER,IA,not-assessed-not-named-in-file,https://mercyone.org/,ok,200,1,Varnish | webserver,,,,,,,604,transcripts\mercyone.org--64a3f572.txt
131327,GRITMAN MEDICAL CENTER,ID,no-cms-hpt-txt-published,https://gritman.org/,ok,202,0,nginx,,,,,,,600,transcripts\gritman.org--97fb5a73.txt
131327,GRITMAN MEDICAL CENTER,ID,no-cms-hpt-txt-published,https://gritman.org/cms-hpt.txt,ok,202,0,nginx,,,,,,,97,transcripts\gritman.org--84225a96.txt
131327,GRITMAN MEDICAL CENTER,ID,no-cms-hpt-txt-published,https://gritman.org/.well-known/cms-hpt.txt,ok,202,0,nginx,,,,,,,103,transcripts\gritman.org--e1212318.txt
131319,MINIDOKA MEMORIAL HOSPITAL,ID,mrf-url-unreachable,https://minidokamemorial.org/wp-content/uploads/2024/09/820291854_minidoka-memorial-hospital_standardcharges.csv,ok,404,0,cloudflare,a371f61c4bc1d5ea-IAD,,,cloudflare,,,940,transcripts\minidokamemorial.org--d3a731cd.txt
130003,ST JOSEPH REGIONAL MEDICAL CENTER,ID,not-assessed-site-unreachable,https://sjrmc.org/cms-hpt.txt,ok,406,0,,,,,,,,185,transcripts\sjrmc.org--34256533.txt
130003,ST JOSEPH REGIONAL MEDICAL CENTER,ID,not-assessed-site-unreachable,https://sjrmc.org/,ok,406,0,,,,,,,,47,transcripts\sjrmc.org--c07a932d.txt
140289,ANDERSON HOSPITAL,IL,not-assessed-site-unreachable,https://andersonhospital.org/cms-hpt.txt,ok,202,0,cloudflare,a371f61da9bdd6bc-IAD,,,cloudflare,,,268,transcripts\andersonhospital.org--c1fe9dce.txt
140289,ANDERSON HOSPITAL,IL,not-assessed-site-unreachable,https://andersonhospital.org/,ok,202,0,cloudflare,a371f61ebd8fd6bc-IAD,,,cloudflare,,,66,transcripts\andersonhospital.org--d6c14666.txt
141306,COMMUNITY HOSPITAL OF STAUNTON,IL,no-cms-hpt-txt-published,https://stauntonhospital.org/,ok,202,0,cloudflare,a371f61e3d4b5a4c-IAD,,,cloudflare,,,272,transcripts\stauntonhospital.org--9bc15279.txt
141306,COMMUNITY HOSPITAL OF STAUNTON,IL,no-cms-hpt-txt-published,https://stauntonhospital.org/cms-hpt.txt,ok,202,0,cloudflare,a371f61f7e2d5a4c-IAD,,,cloudflare,,,118,transcripts\stauntonhospital.org--1d5698de.txt
141306,COMMUNITY HOSPITAL OF STAUNTON,IL,no-cms-hpt-txt-published,https://stauntonhospital.org/.well-known/cms-hpt.txt,ok,202,0,cloudflare,a371f61fee6e5a4c-IAD,,,cloudflare,,,61,transcripts\stauntonhospital.org--5d9754e0.txt
140172,FRANCISCAN HEALTH OLYMPIA & CHICAGO HEIGHTS,IL,not-assessed-not-named-in-file,https://franciscanhealth.org/,ok,200,1,Microsoft-Azure-Application-Gateway/v2,,,,,,,796,transcripts\franciscanhealth.org--c16082c1.txt
140184,HEARTLAND REGIONAL MEDICAL CENTER,IL,not-assessed-not-named-in-file,https://heartlandregional.com/,ok,200,5,cloudflare | Microsoft-IIS/10.0 | Microsoft-IIS/10.0,a371f6201a46ca5f-IAD,,,cloudflare,,fetch failed (cause: UND_ERR_CONNECT_TIMEOUT),19584,transcripts\heartlandregional.com--cf2306af.txt
141332,HILLSBORO AREA HOSPITAL,IL,not-assessed-site-unreachable,https://hillsboroareahospital.org/cms-hpt.txt,ok,404,1,Apache,,,,,,fetch failed (cause: ERR_TLS_CERT_ALTNAME_INVALID),4297,transcripts\hillsboroareahospital.org--93ee0fec.txt
141332,HILLSBORO AREA HOSPITAL,IL,not-assessed-site-unreachable,https://hillsboroareahospital.org/,ok,200,1,Apache,,,,,,fetch failed (cause: ERR_TLS_CERT_ALTNAME_INVALID),15210,transcripts\hillsboroareahospital.org--a6b38941.txt
141330,HOPEDALE HOSPITAL,IL,no-cms-hpt-txt-published,https://hopedalemc.com/,ok,200,0,Apache/2.4.52 (Ubuntu),,,,,,,299,transcripts\hopedalemc.com--8518cb9f.txt
141330,HOPEDALE HOSPITAL,IL,no-cms-hpt-txt-published,https://hopedalemc.com/cms-hpt.txt,ok,200,0,Apache/2.4.52 (Ubuntu),,,,,,,85,transcripts\hopedalemc.com--7c6defcf.txt
141330,HOPEDALE HOSPITAL,IL,no-cms-hpt-txt-published,https://hopedalemc.com/.well-known/cms-hpt.txt,ok,200,1,Apache/2.4.52 (Ubuntu),,,,,,fetch failed (cause: UND_ERR_CONNECT_TIMEOUT),18425,transcripts\hopedalemc.com--3952546f.txt
140148,MEMORIAL MEDICAL CENTER,IL,not-assessed-not-named-in-file,https://memorial.health/,ok,200,0,Microsoft-IIS/10.0,,,,,,,18708,transcripts\memorial.health--8c1a8793.txt
141335,MERCY HARVARD HOSPITAL,IL,not-assessed-not-named-in-file,https://mercyhealthsystem.org/,ok,200,1,Microsoft-IIS/10.0,,,,,,,4564,transcripts\mercyhealthsystem.org--3833cca0.txt
140100,"MIDWESTERN REGION MED CENTER, INC",IL,pointer-blocked-to-automation,https://cancercenter.com/cms-hpt.txt,ok,403,1,cloudflare | cloudflare,a371f5e93ed38907-IAD | a371f5e9efca74db-IAD,,,cloudflare,,,334,transcripts\cancercenter.com--cb9e5a35.txt
140100,"MIDWESTERN REGION MED CENTER, INC",IL,pointer-blocked-to-automation,https://cancercenter.com/,ok,403,1,cloudflare | cloudflare,a371f5eacb198907-IAD | a371f5eb0a8674db-IAD,,,cloudflare,,,137,transcripts\cancercenter.com--48202ef4.txt
140010,NORTHSHORE UNIVERSITY HEALTHSYSTEM - EVANSTON HOSPITAL,IL,not-assessed-site-unreachable,https://nch.org/cms-hpt.txt,ok,,1,,,,,,,fetch failed (cause: UNABLE_TO_VERIFY_LEAF_SIGNATURE),553,transcripts\nch.org--674de65f.txt
140010,NORTHSHORE UNIVERSITY HEALTHSYSTEM - EVANSTON HOSPITAL,IL,not-assessed-site-unreachable,https://nch.org/,ok,,1,,,,,,,fetch failed (cause: UNABLE_TO_VERIFY_LEAF_SIGNATURE),311,transcripts\nch.org--5eac8b1c.txt
140180,PRESENCE SAINTS MARY AND ELIZABETH MEDICAL CENTER,IL,not-assessed-not-named-in-file,https://healthcare.ascension.org/,ok,200,0,,,,,,,,210,transcripts\healthcare.ascension.org--cc693586.txt
140095,SAINT ANTHONY HOSPITAL,IL,not-assessed-not-named-in-file,https://mercy.net/,ok,200,1,BigIP | cloudflare,a371f69a9d5081e1-IAD,,,cloudflare,,,576,transcripts\mercy.net--2d679abd.txt
140114,SWEDISH HOSPITAL,IL,pointer-blocked-to-automation,https://swedishcovenant.org/cms-hpt.txt,ok,403,0,awselb/2.0,,,,,,,174,transcripts\swedishcovenant.org--5c0eec79.txt
140114,SWEDISH HOSPITAL,IL,pointer-blocked-to-automation,https://swedishcovenant.org/,ok,403,0,awselb/2.0,,,,,,,22,transcripts\swedishcovenant.org--da42e3fc.txt
140228,UW HEALTH,IL,not-assessed-not-named-in-file,https://uwhealth.org/,ok,200,1,Netlify | Netlify,,,,,,,329,transcripts\uwhealth.org--d94e1273.txt
150179,FAIRBANKS,IN,not-assessed-not-named-in-file,https://ecommunity.com/,ok,200,2,nginx,,,,,,,357,transcripts\ecommunity.com--13cbe789.txt
150051,INDIANA UNIVERSITY HEALTH BLOOMINGTON HOSPITAL,IN,not-assessed-not-named-in-file,https://iuhealth.org/,ok,200,0,,,,,,,,348,transcripts\iuhealth.org--a267c28f.txt
151329,MARGARET MARY COMMUNITY HOSPITAL INC,IN,no-cms-hpt-txt-published,https://mmhealth.org/,ok,200,1,,,,,,,,538,transcripts\mmhealth.org--3c058582.txt
151329,MARGARET MARY COMMUNITY HOSPITAL INC,IN,no-cms-hpt-txt-published,https://mmhealth.org/cms-hpt.txt,ok,404,1,,,,,,,,12954,transcripts\mmhealth.org--59ae186d.txt
151329,MARGARET MARY COMMUNITY HOSPITAL INC,IN,no-cms-hpt-txt-published,https://mmhealth.org/.well-known/cms-hpt.txt,ok,404,1,,,,,,,,1459,transcripts\mmhealth.org--884d4f50.txt
154060,"PARK CENTER, INC",IN,not-assessed-not-named-in-file,https://parkview.com/,ok,200,1,Microsoft-IIS/10.0 | Microsoft-IIS/10.0,,,,,,,601,transcripts\parkview.com--1cb66c65.txt
151322,PERRY COUNTY MEMORIAL HOSPITAL,IN,mrf-blocked-to-automation,https://s3.amazonaws.com/ycubaa-production-marlin-1-charge-management-public/facilities/24038e54-d9a2-4236-9081-ad3af29792c7/351121699_PERRY-COUNTY-MEMoriaL-HOSPITAL_standardcharges.zip,ok,403,0,AmazonS3,,,,,Access Denied,,152,transcripts\s3.amazonaws.com--a2d0504b.txt
150046,TERRE HAUTE REGIONAL HOSPITAL,IN,not-assessed-site-unreachable,https://regionalhospital.com/cms-hpt.txt,ok,,1,,,,,,,fetch failed (cause: ERR_TLS_CERT_ALTNAME_INVALID),397,transcripts\regionalhospital.com--accdb753.txt
150046,TERRE HAUTE REGIONAL HOSPITAL,IN,not-assessed-site-unreachable,https://regionalhospital.com/,ok,,1,,,,,,,fetch failed (cause: UND_ERR_CONNECT_TIMEOUT),11378,transcripts\regionalhospital.com--c24f8d6a.txt
173300,CHILDREN'S MERCY SOUTH,KS,not-assessed-not-named-in-file,https://childrensmercy.org/,ok,200,1,cloudflare | cloudflare,a371f69d1e28f8be-IAD | a371f69db945d697-IAD,,,cloudflare,,,361,transcripts\childrensmercy.org--e3abe8e7.txt
171359,GREELEY COUNTY HEALTH SERVICES,KS,no-cms-hpt-txt-published,https://greeley.health/,ok,200,0,cloudflare,a371f69d3d3a56cd-IAD,,,cloudflare,,,136,transcripts\greeley.health--bd688980.txt
171359,GREELEY COUNTY HEALTH SERVICES,KS,no-cms-hpt-txt-published,https://greeley.health/cms-hpt.txt,ok,404,0,cloudflare,a371f69d9e8456cd-IAD,,,cloudflare,,,951,transcripts\greeley.health--8af19323.txt
171359,GREELEY COUNTY HEALTH SERVICES,KS,no-cms-hpt-txt-published,https://greeley.health/.well-known/cms-hpt.txt,ok,404,0,cloudflare,a371f6e4dbbe2d76-IAD,,,cloudflare,,,11497,transcripts\greeley.health--894db005.txt
171341,HIAWATHA COMMUNITY HOSPITAL,KS,pointer-blocked-to-automation,https://amberwellhealth.org/cms-hpt.txt,ok,403,0,LiteSpeed,,,,,,,127,transcripts\amberwellhealth.org--77f01fbc.txt
171341,HIAWATHA COMMUNITY HOSPITAL,KS,pointer-blocked-to-automation,https://amberwellhealth.org/,ok,403,0,LiteSpeed,,,,,,,42,transcripts\amberwellhealth.org--224821db.txt
170006,"MERCY HOSPITAL PITTSBURG, INC",KS,not-assessed-not-named-in-file,https://healthcare.ascension.org/,ok,200,0,,,,,,,,210,transcripts\healthcare.ascension.org--cc693586.txt
170204,"ROCK REGIONAL HOSPITAL, LLC",KS,not-assessed-site-unreachable,https://rockregionalhospitalderby.com/cms-hpt.txt,ok,,2,cloudflare,a371f6e4ce5a8185-IAD,,,cloudflare,,fetch failed (cause: ENOTFOUND),11481,transcripts\rockregionalhospitalderby.com--ee73c275.txt
170204,"ROCK REGIONAL HOSPITAL, LLC",KS,not-assessed-site-unreachable,https://rockregionalhospitalderby.com/,ok,,2,cloudflare,a371f6e5ea5e8185-IAD,,,cloudflare,,fetch failed (cause: ENOTFOUND),155,transcripts\rockregionalhospitalderby.com--6fc01ccf.txt
180043,AdventHealthManchester,KY,not-assessed-not-named-in-file,https://adventhealth.com/,ok,200,1,,,,,,,,11694,transcripts\adventhealth.com--88fa5c52.txt
181314,CAVERNA MEMORIAL HOSPITAL,KY,mrf-blocked-to-automation,https://medcenterhealth.org/charges/mcc/,ok,403,0,cloudflare,a371f6e4e9aad6e1-IAD,,,cloudflare,cdn-cgi/challenge-platform,,11238,transcripts\medcenterhealth.org--e6bb897b.txt
180092,CLARK REGIONAL MEDICAL CENTER,KY,not-assessed-not-named-in-file,https://clarkregional.org/,ok,200,1,ip-10-123-124-223.ec2.internal,,,,,,,10954,transcripts\clarkregional.org--8d5022b3.txt
181317,CUMBERLAND COUNTY HOSPITAL,KY,pointer-blocked-to-automation,https://cchospital.org/cms-hpt.txt,ok,403,0,openresty/1.25.3.1,,,,,,,234,transcripts\cchospital.org--3a7ca19a.txt
181317,CUMBERLAND COUNTY HOSPITAL,KY,pointer-blocked-to-automation,https://cchospital.org/,ok,403,0,openresty/1.25.3.1,,,,,,,69,transcripts\cchospital.org--5115100c.txt
180009,KING'S DAUGHTERS' MEDICAL CENTER,KY,no-cms-hpt-txt-published,https://kingsdaughtershealth.com/,ok,200,1,cloudflare | cloudflare,a371f6e69f8ac7c1-IAD | a371f6e7f9312bd4-IAD,,,cloudflare,,,520,transcripts\kingsdaughtershealth.com--d710b5a4.txt
180009,KING'S DAUGHTERS' MEDICAL CENTER,KY,no-cms-hpt-txt-published,https://kingsdaughtershealth.com/cms-hpt.txt,ok,404,1,cloudflare | cloudflare,a371f6e93e23c7c1-IAD | a371f6e96cad2bd4-IAD,,,cloudflare,,,141,transcripts\kingsdaughtershealth.com--e85d26d6.txt
180009,KING'S DAUGHTERS' MEDICAL CENTER,KY,no-cms-hpt-txt-published,https://kingsdaughtershealth.com/.well-known/cms-hpt.txt,ok,404,1,cloudflare | cloudflare,a371f6ea2812c7c1-IAD | a371f6ea8f702bd4-IAD,,,cloudflare,,,115,transcripts\kingsdaughtershealth.com--5a315875.txt
181328,KNOX COUNTY HOSPITAL,KY,not-assessed-not-named-in-file,https://arh.org/,ok,200,1,nginx | nginx,,,,,,,341,transcripts\arh.org--7addad7f.txt
180013,THE MEDICAL CENTER (BOWLING GREEN),KY,not-assessed-not-named-in-file,https://medcenterhealth.org/,ok,200,0,cloudflare,a371f6e76b3bd6e1-IAD,,,cloudflare,,,77,transcripts\medcenterhealth.org--a2940663.txt
181333,THE MEDICAL CENTER AT ALBANY,KY,mrf-blocked-to-automation,https://medcenterhealth.org/charges/mca/,ok,403,0,cloudflare,a371f6e7ed4ad6e1-IAD,,,cloudflare,cdn-cgi/challenge-platform,,75,transcripts\medcenterhealth.org--47926f0b.txt
181318,THE MEDICAL CENTER AT FRANKLIN,KY,mrf-blocked-to-automation,https://medcenterhealth.org/charges/mcf/,ok,403,0,cloudflare,a371f6e86ef2d6e1-IAD,,,cloudflare,cdn-cgi/challenge-platform,,157,transcripts\medcenterhealth.org--ce0b0b29.txt
180066,The Medical Center at Russellville,KY,pointer-blocked-to-automation,https://loganmemorial.com/cms-hpt.txt,ok,403,0,cloudflare,a371f6e889a1d6b7-IAD,,,cloudflare,,,286,transcripts\loganmemorial.com--9727c058.txt
180066,The Medical Center at Russellville,KY,pointer-blocked-to-automation,https://loganmemorial.com/,ok,403,0,cloudflare,a371f6e9bdd5d6b7-IAD,,,cloudflare,cdn-cgi/challenge-platform,,150,transcripts\loganmemorial.com--9ebe1224.txt
181324,THE MEDICAL CENTER AT SCOTTSVILLE,KY,mrf-blocked-to-automation,https://medcenterhealth.org/charges/mcs/,ok,403,0,cloudflare,a371f6e96aaad6e1-IAD,,,cloudflare,cdn-cgi/challenge-platform,,145,transcripts\medcenterhealth.org--05a8bd77.txt
190034,ABBEVILLE GENERAL HOSPITAL,LA,not-assessed-site-unreachable,https://carepricer.nthrive.com/cms-hpt.txt,ok,404,0,,,,,,,,287,transcripts\carepricer.nthrive.com--c9f9dc66.txt
190034,ABBEVILLE GENERAL HOSPITAL,LA,not-assessed-site-unreachable,https://carepricer.nthrive.com/,ok,200,0,,,,,,,,73,transcripts\carepricer.nthrive.com--5cd07b61.txt
190044,ACADIA GENERAL HOSPITAL,LA,not-assessed-site-unreachable,https://ochsnerlg.org/cms-hpt.txt,ok,,0,,,,,,,fetch failed (cause: UND_ERR_CONNECT_TIMEOUT),20850,transcripts\ochsnerlg.org--eda7ef7e.txt
190044,ACADIA GENERAL HOSPITAL,LA,not-assessed-site-unreachable,https://ochsnerlg.org/,ok,,0,,,,,,,fetch failed (cause: UND_ERR_CONNECT_TIMEOUT),39253,transcripts\ochsnerlg.org--fe7c6d0e.txt
194105,"APOLLO BEHAVIORAL HEALTH HOSPITAL, L L C",LA,not-assessed-site-unreachable,https://apollo-bhh.com/cms-hpt.txt,ok,,0,,,,,,,fetch failed (cause: UND_ERR_CONNECT_TIMEOUT),21151,transcripts\apollo-bhh.com--4a8a129c.txt
194105,"APOLLO BEHAVIORAL HEALTH HOSPITAL, L L C",LA,not-assessed-site-unreachable,https://apollo-bhh.com/,ok,,0,,,,,,,fetch failed (cause: UND_ERR_CONNECT_TIMEOUT),38745,transcripts\apollo-bhh.com--54fdba9b.txt
190114,CLAIBORNE MEMORIAL MEDICAL CENTER,LA,mrf-blocked-to-automation,https://s3.amazonaws.com/ycubaa-production-marlin-1-charge-management-public/facilities/1b76b953-2b0b-45ad-849c-3b844c4b4c1d/720396868_CLAIBORNE-MEMoriaL-MEDICAL-CENTER_standardcharges.csv,ok,403,0,AmazonS3,,,,,Access Denied,,136,transcripts\s3.amazonaws.com--f37d50b3.txt
191307,DEQUINCY MEMORIAL HOSPITAL,LA,mrf-url-unreachable,https://dequincymemorial.com/36-4911029_DEQUINCY-MEMoriaL-HOSPITAL_standardcharges.csv,ok,404,0,nginx,,,,,,,1101,transcripts\dequincymemorial.com--94795433.txt
190054,IBERIA MEDICAL CENTER,LA,pointer-lists-no-mrf-url,https://iberiamedicalcenter.com/cms-hpt.txt,ok,200,1,Pepyaka | openresty/1.27.1.2,,,,cloudfront,,,283,transcripts\iberiamedicalcenter.com--4ddbc0ce.txt
192010,INTENSIVE SPECIALTY HOSPITAL,LA,no-cms-hpt-txt-published,https://intensivespecialty.com/,ok,202,0,nginx,,,,,,,281,transcripts\intensivespecialty.com--b04e3d56.txt
192010,INTENSIVE SPECIALTY HOSPITAL,LA,no-cms-hpt-txt-published,https://intensivespecialty.com/cms-hpt.txt,ok,202,0,nginx,,,,,,,79,transcripts\intensivespecialty.com--027f3302.txt
192010,INTENSIVE SPECIALTY HOSPITAL,LA,no-cms-hpt-txt-published,https://intensivespecialty.com/.well-known/cms-hpt.txt,ok,202,0,nginx,,,,,,,65,transcripts\intensivespecialty.com--3b83f886.txt
190007,NATCHITOCHES REGIONAL MEDICAL CENTER,LA,no-cms-hpt-txt-published,https://nrmchospital.org/,ok,202,0,nginx,,,,,,,267,transcripts\nrmchospital.org--bec01cc3.txt
190007,NATCHITOCHES REGIONAL MEDICAL CENTER,LA,no-cms-hpt-txt-published,https://nrmchospital.org/cms-hpt.txt,ok,202,0,nginx,,,,,,,62,transcripts\nrmchospital.org--aed45764.txt
190007,NATCHITOCHES REGIONAL MEDICAL CENTER,LA,no-cms-hpt-txt-published,https://nrmchospital.org/.well-known/cms-hpt.txt,ok,202,0,nginx,,,,,,,67,transcripts\nrmchospital.org--a5c5ebe2.txt
191304,NORTH CADDO MEDICAL CENTER,LA,no-cms-hpt-txt-published,https://ncmcla.com/,ok,202,0,nginx,,,,,,,702,transcripts\ncmcla.com--4a993dc3.txt
191304,NORTH CADDO MEDICAL CENTER,LA,no-cms-hpt-txt-published,https://ncmcla.com/cms-hpt.txt,ok,202,0,nginx,,,,,,,262,transcripts\ncmcla.com--68f66be8.txt
191304,NORTH CADDO MEDICAL CENTER,LA,no-cms-hpt-txt-published,https://ncmcla.com/.well-known/cms-hpt.txt,ok,202,0,nginx,,,,,,,56,transcripts\ncmcla.com--e0ee8e8c.txt
194073,OCEANS HOSPITAL OF BROUSSARD,LA,not-assessed-not-named-in-file,https://oceanshealthcare.com/,ok,200,0,cloudflare,a371f6ee8b88cb4a-IAD,,,cloudflare,,,299,transcripts\oceanshealthcare.com--14bdbf26.txt
194113,PERIMETER BEHAVIORAL HOSPITAL OF NEW ORLEANS,LA,not-assessed-not-named-in-file,https://perimeterhealthcare.com/,ok,200,1,nginx,,,,,,,521,transcripts\perimeterhealthcare.com--307188d1.txt
190241,PHYSICIANS MEDICAL CENTER,LA,not-assessed-not-named-in-file,https://physicianshouma.com/,ok,200,3,nginx | nginx,,,,,,,1667,transcripts\physicianshouma.com--86b6e10c.txt
190300,ST CHARLES SURGICAL HOSPITAL,LA,no-cms-hpt-txt-published,https://scsh.com/,ok,202,0,nginx,,,,,,,325,transcripts\scsh.com--50cbf82f.txt
190300,ST CHARLES SURGICAL HOSPITAL,LA,no-cms-hpt-txt-published,https://scsh.com/cms-hpt.txt,ok,202,0,nginx,,,,,,,58,transcripts\scsh.com--66818b0a.txt
190300,ST CHARLES SURGICAL HOSPITAL,LA,no-cms-hpt-txt-published,https://scsh.com/.well-known/cms-hpt.txt,ok,202,0,nginx,,,,,,,61,transcripts\scsh.com--618d0027.txt
190316,THE GENERAL,LA,not-assessed-not-named-in-file,https://brgeneral.org/,ok,200,1,Pantheon | webserver,,,,,,,796,transcripts\brgeneral.org--98992696.txt
191301,UNION GENERAL HOSPITAL,LA,not-assessed-site-unreachable,https://uniongen.org/cms-hpt.txt,ok,,0,,,,,,,fetch failed (cause: UND_ERR_CONNECT_TIMEOUT),20793,transcripts\uniongen.org--b7f25f06.txt
191301,UNION GENERAL HOSPITAL,LA,not-assessed-site-unreachable,https://uniongen.org/,ok,,0,,,,,,,fetch failed (cause: UND_ERR_CONNECT_TIMEOUT),37748,transcripts\uniongen.org--10723671.txt
220029,ANNA JAQUES HOSPITAL,MA,not-assessed-site-unreachable,https://ajh.org/cms-hpt.txt,failed,,0,,,,,,,fetch failed (cause: UND_ERR_CONNECT_TIMEOUT),31826,transcripts\ajh.org--e51a51f7.txt
220029,ANNA JAQUES HOSPITAL,MA,not-assessed-site-unreachable,https://ajh.org/,failed,,0,,,,,,,fetch failed (cause: EAI_AGAIN),8982,transcripts\ajh.org--f231aa7a.txt
220108,BETH ISRAEL DEACONESS HOSPITAL - MILTON,MA,not-assessed-site-unreachable,https://bidmilton.org/cms-hpt.txt,failed,,0,,,,,,,fetch failed (cause: UND_ERR_CONNECT_TIMEOUT),32279,transcripts\bidmilton.org--9a9ab213.txt
220108,BETH ISRAEL DEACONESS HOSPITAL - MILTON,MA,not-assessed-site-unreachable,https://bidmilton.org/,failed,,0,,,,,,,fetch failed (cause: EAI_AGAIN),8138,transcripts\bidmilton.org--9a630a92.txt
220083,BETH ISRAEL DEACONESS HOSPITAL - NEEDHAM,MA,not-assessed-site-unreachable,https://bidneedham.org/cms-hpt.txt,failed,,0,,,,,,,fetch failed (cause: UND_ERR_CONNECT_TIMEOUT),39692,transcripts\bidneedham.org--bf34b122.txt
220083,BETH ISRAEL DEACONESS HOSPITAL - NEEDHAM,MA,not-assessed-site-unreachable,https://bidneedham.org/,failed,,0,,,,,,,fetch failed (cause: EAI_AGAIN),502,transcripts\bidneedham.org--3032b4b9.txt
220086,BETH ISRAEL DEACONESS MEDICAL CENTER,MA,not-assessed-site-unreachable,https://bidmc.org/cms-hpt.txt,failed,,0,,,,,,,fetch failed (cause: UND_ERR_CONNECT_TIMEOUT),39642,transcripts\bidmc.org--d400d260.txt
220086,BETH ISRAEL DEACONESS MEDICAL CENTER,MA,not-assessed-site-unreachable,https://bidmc.org/,failed,,0,,,,,,,fetch failed (cause: EAI_AGAIN),483,transcripts\bidmc.org--7aa85d46.txt
220073,BROWN UNIVERSITY HEALTH MORTON HOSPITAL,MA,not-assessed-not-named-in-file,https://mortonhospital.org/,ok,200,1,cloudflare | cloudflare,a371f7f17e645187-IAD | a371f7f3ac52f72b-IAD,,,cloudflare,,,22436,transcripts\mortonhospital.org--0ed6564d.txt
220017,CARNEY HOSPITAL,MA,not-assessed-site-unreachable,https://carneyhospital.org/cms-hpt.txt,failed,,0,,,,,,,fetch failed (cause: ENOTFOUND),271,transcripts\carneyhospital.org--95a5bc57.txt
220017,CARNEY HOSPITAL,MA,not-assessed-site-unreachable,https://carneyhospital.org/,failed,,0,,,,,,,fetch failed (cause: ENOTFOUND),25,transcripts\carneyhospital.org--b1015d07.txt
223300,FRANCISCAN CHILDREN'S HOSPITAL & REHAB CENTER,MA,not-assessed-site-unreachable,https://franciscanchildrens.org/cms-hpt.txt,ok,,1,,,,,,,fetch failed (cause: UNABLE_TO_VERIFY_LEAF_SIGNATURE),317,transcripts\franciscanchildrens.org--9c2717c7.txt
223300,FRANCISCAN CHILDREN'S HOSPITAL & REHAB CENTER,MA,not-assessed-site-unreachable,https://franciscanchildrens.org/,ok,,1,,,,,,,fetch failed (cause: UNABLE_TO_VERIFY_LEAF_SIGNATURE),251,transcripts\franciscanchildrens.org--f09c0854.txt
220111,GOOD SAMARITAN MEDICAL CENTER,MA,not-assessed-not-named-in-file,https://goodsamaritanmedical.org/,ok,200,3,Varnish | Varnish | nginx | nginx,,,,,,,1289,transcripts\goodsamaritanmedical.org--f323af7b.txt
220080,HOLY FAMILY HOSPITAL,MA,no-cms-hpt-txt-published,https://holyfamilyhospital.org/,ok,200,1,ip-10-123-124-157.ec2.internal | Apache,,,,,,,476,transcripts\holyfamilyhospital.org--54db4dd7.txt
220080,HOLY FAMILY HOSPITAL,MA,no-cms-hpt-txt-published,https://holyfamilyhospital.org/cms-hpt.txt,ok,404,0,awselb/2.0,,,,,,,128,transcripts\holyfamilyhospital.org--36862ef6.txt
220080,HOLY FAMILY HOSPITAL,MA,no-cms-hpt-txt-published,https://holyfamilyhospital.org/.well-known/cms-hpt.txt,ok,404,0,,,,,,,,127,transcripts\holyfamilyhospital.org--aaec72fb.txt
224007,MCLEAN HOSPITAL CORPORATION,MA,mrf-url-unreachable,https://www.massgeneralbrigham.org/content/dam/mgb-global/en/price-transparency/042697981_McLean-Hospital_StandardCharges.zip,ok,404,0,,,,,,,,238,transcripts\massgeneralbrigham.org--448a0385.txt
220098,NASHOBA VALLEY MEDICAL CENTER,MA,not-assessed-site-unreachable,https://nashobamed.org/cms-hpt.txt,ok,,0,,,,,,,fetch failed (cause: ECONNRESET),18173,transcripts\nashobamed.org--1f508e24.txt
220098,NASHOBA VALLEY MEDICAL CENTER,MA,not-assessed-site-unreachable,https://nashobamed.org/,ok,,0,,,,,,,fetch failed (cause: UND_ERR_CONNECT_TIMEOUT),29942,transcripts\nashobamed.org--2028d4e4.txt
220088,NEW ENGLAND BAPTIST HOSPITAL,MA,not-assessed-site-unreachable,https://onlinepatientestimation.com/cms-hpt.txt,failed,,0,,,,,,,fetch failed (cause: UND_ERR_CONNECT_TIMEOUT),22780,transcripts\onlinepatientestimation.com--46fc1be4.txt
220088,NEW ENGLAND BAPTIST HOSPITAL,MA,not-assessed-site-unreachable,https://onlinepatientestimation.com/,failed,,0,,,,,,,fetch failed (cause: EAI_AGAIN),18851,transcripts\onlinepatientestimation.com--f1c4b68a.txt
220035,NORTH SHORE MEDICAL CENTER -,MA,not-assessed-not-named-in-file,https://northshoremc.org/,ok,200,0,cloudflare,a371f7f7bb7bcb4a-IAD,,,cloudflare,,,174,transcripts\northshoremc.org--df215dbd.txt
220033,NORTHEAST HOSPITAL CORPORATION,MA,not-assessed-site-unreachable,https://beverlyhospital.org/cms-hpt.txt,failed,,0,,,,,,,fetch failed (cause: UND_ERR_CONNECT_TIMEOUT),28889,transcripts\beverlyhospital.org--ed40b49c.txt
220033,NORTHEAST HOSPITAL CORPORATION,MA,not-assessed-site-unreachable,https://beverlyhospital.org/,failed,,0,,,,,,,fetch failed (cause: EAI_AGAIN),12349,transcripts\beverlyhospital.org--11d1f53f.txt
220100,SOUTH SHORE HOSPITAL,MA,pointer-blocked-to-automation,https://southshorehealth.org/cms-hpt.txt,ok,403,0,awselb/2.0,,,,,,,28952,transcripts\southshorehealth.org--424da10d.txt
220100,SOUTH SHORE HOSPITAL,MA,pointer-blocked-to-automation,https://southshorehealth.org/,ok,403,0,awselb/2.0,,,,,,,12212,transcripts\southshorehealth.org--b2363dae.txt
210065,HOLY CROSS GERMANTOWN HOSPITAL,MD,pointer-lists-no-mrf-url,https://www.holycrosshealth.org/cms-hpt.txt,ok,,1,,,,,,,fetch failed (cause: UND_ERR_CONNECT_TIMEOUT),32414,transcripts\holycrosshealth.org--b3feae9c.txt
210004,HOLY CROSS HOSPITAL,MD,not-assessed-not-named-in-file,https://holycrosshealth.org/,ok,200,0,webserver,,,,,,,158,transcripts\holycrosshealth.org--48999e32.txt
213300,MOUNT WASHINGTON PEDIATRIC HOSPITAL,MD,pointer-blocked-to-automation,https://mwph.org/cms-hpt.txt,ok,403,0,cloudflare,a371f8ad6f035186-IAD,,,cloudflare,Attention Required,,12303,transcripts\mwph.org--ac77c21a.txt
213300,MOUNT WASHINGTON PEDIATRIC HOSPITAL,MD,pointer-blocked-to-automation,https://mwph.org/,ok,403,0,cloudflare,a371f8f98ed5e5e7-IAD,,,cloudflare,Attention Required,,12199,transcripts\mwph.org--959baeac.txt
210058,UMD REHABILITATION &  ORTHOPAEDIC INSTITUTE,MD,pointer-blocked-to-automation,https://umms.org/cms-hpt.txt,ok,403,0,cloudflare,a371f8ad6e31b8b1-IAD,,,cloudflare,Attention Required,,12319,transcripts\umms.org--ec1a25ba.txt
210058,UMD REHABILITATION &  ORTHOPAEDIC INSTITUTE,MD,pointer-blocked-to-automation,https://umms.org/,ok,403,0,cloudflare,a371f8f9ce1a1320-IAD,,,cloudflare,Attention Required,,12236,transcripts\umms.org--397c934f.txt
210049,UMD UPPER CHESAPEAKE MEDICAL CENTER,MD,pointer-blocked-to-automation,https://umms.org/cms-hpt.txt,ok,403,0,cloudflare,a371f8ad6e31b8b1-IAD,,,cloudflare,Attention Required,,12319,transcripts\umms.org--ec1a25ba.txt
210049,UMD UPPER CHESAPEAKE MEDICAL CENTER,MD,pointer-blocked-to-automation,https://umms.org/,ok,403,0,cloudflare,a371f8f9ce1a1320-IAD,,,cloudflare,Attention Required,,12236,transcripts\umms.org--397c934f.txt
210002,UNIVERSITY OF MARYLAND MEDICAL CENTER,MD,pointer-blocked-to-automation,https://umms.org/cms-hpt.txt,ok,403,0,cloudflare,a371f8ad6e31b8b1-IAD,,,cloudflare,Attention Required,,12319,transcripts\umms.org--ec1a25ba.txt
210002,UNIVERSITY OF MARYLAND MEDICAL CENTER,MD,pointer-blocked-to-automation,https://umms.org/,ok,403,0,cloudflare,a371f8f9ce1a1320-IAD,,,cloudflare,Attention Required,,12236,transcripts\umms.org--397c934f.txt
210043,UNIVERSITY OF MD BALTIMORE WASHINGTON MEDICAL CENTER,MD,pointer-blocked-to-automation,https://umms.org/cms-hpt.txt,ok,403,0,cloudflare,a371f8ad6e31b8b1-IAD,,,cloudflare,Attention Required,,12319,transcripts\umms.org--ec1a25ba.txt
210043,UNIVERSITY OF MD BALTIMORE WASHINGTON MEDICAL CENTER,MD,pointer-blocked-to-automation,https://umms.org/,ok,403,0,cloudflare,a371f8f9ce1a1320-IAD,,,cloudflare,Attention Required,,12236,transcripts\umms.org--397c934f.txt
210003,UNIVERSITY OF MD CAPITAL REGION MEDICAL CENTER,MD,pointer-blocked-to-automation,https://umms.org/cms-hpt.txt,ok,403,0,cloudflare,a371f8ad6e31b8b1-IAD,,,cloudflare,Attention Required,,12319,transcripts\umms.org--ec1a25ba.txt
210003,UNIVERSITY OF MD CAPITAL REGION MEDICAL CENTER,MD,pointer-blocked-to-automation,https://umms.org/,ok,403,0,cloudflare,a371f8f9ce1a1320-IAD,,,cloudflare,Attention Required,,12236,transcripts\umms.org--397c934f.txt
210035,UNIVERSITY OF MD CHARLES REGIONAL  MEDICAL CENTER,MD,pointer-blocked-to-automation,https://umms.org/cms-hpt.txt,ok,403,0,cloudflare,a371f8ad6e31b8b1-IAD,,,cloudflare,Attention Required,,12319,transcripts\umms.org--ec1a25ba.txt
210035,UNIVERSITY OF MD CHARLES REGIONAL  MEDICAL CENTER,MD,pointer-blocked-to-automation,https://umms.org/,ok,403,0,cloudflare,a371f8f9ce1a1320-IAD,,,cloudflare,Attention Required,,12236,transcripts\umms.org--397c934f.txt
210038,UNIVERSITY OF MD MEDICAL CENTER MIDTOWN CAMPUS,MD,pointer-blocked-to-automation,https://umms.org/cms-hpt.txt,ok,403,0,cloudflare,a371f8ad6e31b8b1-IAD,,,cloudflare,Attention Required,,12319,transcripts\umms.org--ec1a25ba.txt
210038,UNIVERSITY OF MD MEDICAL CENTER MIDTOWN CAMPUS,MD,pointer-blocked-to-automation,https://umms.org/,ok,403,0,cloudflare,a371f8f9ce1a1320-IAD,,,cloudflare,Attention Required,,12236,transcripts\umms.org--397c934f.txt
210037,UNIVERSITY OF MD SHORE MEDICAL CENTER AT EASTON,MD,pointer-blocked-to-automation,https://umms.org/cms-hpt.txt,ok,403,0,cloudflare,a371f8ad6e31b8b1-IAD,,,cloudflare,Attention Required,,12319,transcripts\umms.org--ec1a25ba.txt
210037,UNIVERSITY OF MD SHORE MEDICAL CENTER AT EASTON,MD,pointer-blocked-to-automation,https://umms.org/,ok,403,0,cloudflare,a371f8f9ce1a1320-IAD,,,cloudflare,Attention Required,,12236,transcripts\umms.org--397c934f.txt
210030,UNIVERSITY OF MD SHORE MEDICAL CTR AT CHESTERTOWN,MD,pointer-blocked-to-automation,https://umms.org/cms-hpt.txt,ok,403,0,cloudflare,a371f8ad6e31b8b1-IAD,,,cloudflare,Attention Required,,12319,transcripts\umms.org--ec1a25ba.txt
210030,UNIVERSITY OF MD SHORE MEDICAL CTR AT CHESTERTOWN,MD,pointer-blocked-to-automation,https://umms.org/,ok,403,0,cloudflare,a371f8f9ce1a1320-IAD,,,cloudflare,Attention Required,,12236,transcripts\umms.org--397c934f.txt
210063,UNIVERSITY OF MD ST JOSEPH MEDICAL CENTER,MD,pointer-blocked-to-automation,https://umms.org/cms-hpt.txt,ok,403,0,cloudflare,a371f8ad6e31b8b1-IAD,,,cloudflare,Attention Required,,12319,transcripts\umms.org--ec1a25ba.txt
210063,UNIVERSITY OF MD ST JOSEPH MEDICAL CENTER,MD,pointer-blocked-to-automation,https://umms.org/,ok,403,0,cloudflare,a371f8f9ce1a1320-IAD,,,cloudflare,Attention Required,,12236,transcripts\umms.org--397c934f.txt
204005,MAINEHEALTH BEHAVIORAL HEALTH AT SPRING HARBOR,ME,not-assessed-not-named-in-file,https://mainehealth.org/,ok,200,2,awselb/2.0 | nginx/1.31.5,,,,cloudfront,,fetch failed (cause: UND_ERR_CONNECT_TIMEOUT),24547,transcripts\mainehealth.org--0b0a931d.txt
231315,ASCENSION BORGESS LEE HOSPITAL,MI,not-assessed-not-named-in-file,https://healthcare.ascension.org/,ok,200,0,,,,,,,,210,transcripts\healthcare.ascension.org--cc693586.txt
230197,ASCENSION GENESYS HOSPITAL,MI,not-assessed-not-named-in-file,https://healthcare.ascension.org/,ok,200,0,,,,,,,,210,transcripts\healthcare.ascension.org--cc693586.txt
230019,"ASCENSION PROVIDENCE HOSPITAL, SOUTHFIELD AND NOVI",MI,not-assessed-not-named-in-file,https://healthcare.ascension.org/,ok,200,0,,,,,,,,210,transcripts\healthcare.ascension.org--cc693586.txt
230254,ASCENSION PROVIDENCE ROCHESTER HOSPITAL,MI,not-assessed-not-named-in-file,https://healthcare.ascension.org/,ok,200,0,,,,,,,,210,transcripts\healthcare.ascension.org--cc693586.txt
230241,ASCENSION RIVER DISTRICT HOSPITAL,MI,not-assessed-not-named-in-file,https://healthcare.ascension.org/,ok,200,0,,,,,,,,210,transcripts\healthcare.ascension.org--cc693586.txt
230020,BEAUMONT HOSPITAL - DEARBORN,MI,not-assessed-not-named-in-file,https://beaumont.org/,ok,403,0,CloudFront,,,,cloudfront,,,8262,transcripts\beaumont.org--092dad51.txt
230151,BEAUMONT HOSPITAL - FARMINGTON HILLS,MI,pointer-lists-no-mrf-url,https://corewellhealth.org/cms-hpt.txt,ok,200,0,AmazonS3,,,,cloudfront,,,301,transcripts\corewellhealth.org--3eb06be2.txt
230089,BEAUMONT HOSPITAL - GROSSE POINTE,MI,not-assessed-not-named-in-file,https://beaumont.org/,ok,403,0,CloudFront,,,,cloudfront,,,8262,transcripts\beaumont.org--092dad51.txt
230270,BEAUMONT HOSPITAL - TAYLOR,MI,not-assessed-not-named-in-file,https://beaumont.org/,ok,403,0,CloudFront,,,,cloudfront,,,8262,transcripts\beaumont.org--092dad51.txt
230269,"BEAUMONT HOSPITAL, TROY",MI,not-assessed-not-named-in-file,https://beaumont.org/,ok,403,0,CloudFront,,,,cloudfront,,,8262,transcripts\beaumont.org--092dad51.txt
230117,BORGESS MEDICAL CENTER,MI,not-assessed-not-named-in-file,https://healthcare.ascension.org/,ok,200,0,,,,,,,,210,transcripts\healthcare.ascension.org--cc693586.txt
231339,COREWELL HEALTH PENNOCK HOSPITAL,MI,mrf-url-unreachable,https://assets.contentstack.io/v3/assets/blt3055f692fe7bf193/blt5ac32ebe9fbd7f5f/381360562_corewell-health-pennock-hospital_standardcharges.csv                             contact-name: Corewell Health Price Transparency Team,ok,422,0,cloudflare,a371f8fb3cdfd6f9-IAD,,,cloudflare,,,430,transcripts\assets.contentstack.io--5179300f.txt
230055,DICKINSON COUNTY MEMORIAL HOSPITAL,MI,not-assessed-not-named-in-file,https://dchs.org/,ok,200,4,Apache,,,,,,,1541,transcripts\dchs.org--da9053bc.txt
230230,EDWARD W SPARROW HOSPITAL,MI,not-assessed-not-named-in-file,https://sparrow.org/,ok,200,3,nginx | nginx | nginx | cloudflare,a371f8fdef0dda52-IAD,,,cloudflare,,,733,transcripts\sparrow.org--dfccb7cb.txt
230077,MYMICHIGAN MEDICAL CENTER SAGINAW,MI,not-assessed-not-named-in-file,https://healthcare.ascension.org/,ok,200,0,,,,,,,,210,transcripts\healthcare.ascension.org--cc693586.txt
230217,OAKLAWN HOSPITAL,MI,mrf-url-unreachable,https://oaklawnhospital.org/381368347_ella-em-brown-charitable-circle-dba-oaklawn-hospital_standardcharges.csv.zip,ok,404,0,nginx,,,,,,,589,transcripts\oaklawnhospital.org--10c6e2af.txt
231305,SAINT MARY'S STANDISH COMMUNITY HOSPITAL,MI,not-assessed-not-named-in-file,https://healthcare.ascension.org/,ok,200,0,,,,,,,,210,transcripts\healthcare.ascension.org--cc693586.txt
231331,SPARROW IONIA HOSPITAL,MI,not-assessed-not-named-in-file,https://sparrow.org/,ok,200,3,nginx | nginx | nginx | cloudflare,a371f8fdef0dda52-IAD,,,cloudflare,,,733,transcripts\sparrow.org--dfccb7cb.txt
230038,SPECTRUM HEALTH,MI,not-assessed-not-named-in-file,https://spectrumhealth.org/,ok,403,1,BigIP | CloudFront,,,,cloudfront,,,529,transcripts\spectrumhealth.org--4ef30c4b.txt
230035,SPECTRUM HEALTH UNITED HOSPITAL,MI,not-assessed-not-named-in-file,https://spectrumhealth.org/,ok,403,1,BigIP | CloudFront,,,,cloudfront,,,529,transcripts\spectrumhealth.org--4ef30c4b.txt
230002,ST JOE MERCY HOSPITAL SYSTEM LIVONIA,MI,not-assessed-not-named-in-file,https://stjoeshealth.org/,ok,200,1,Varnish | webserver,,,,,,,453,transcripts\stjoeshealth.org--6be5e9bd.txt
230100,TAWAS ST JOSEPH HOSPITAL,MI,not-assessed-not-named-in-file,https://healthcare.ascension.org/,ok,200,0,,,,,,,,210,transcripts\healthcare.ascension.org--cc693586.txt
231327,UNIVERSITY OF MICHIGAN HEALTH - SPARROW EATON,MI,not-assessed-not-named-in-file,https://sparrow.org/,ok,200,3,nginx | nginx | nginx | cloudflare,a371f8fdef0dda52-IAD,,,cloudflare,,,733,transcripts\sparrow.org--dfccb7cb.txt
231326,UNIVERSITY OF MICHIGAN HEALTH- SPARROW CLINTON,MI,not-assessed-not-named-in-file,https://sparrow.org/,ok,200,3,nginx | nginx | nginx | cloudflare,a371f8fdef0dda52-IAD,,,cloudflare,,,733,transcripts\sparrow.org--dfccb7cb.txt
230208,UNIVERSITY OF MICHIGAN HEALTH-SPARROW CARSON,MI,not-assessed-not-named-in-file,https://sparrow.org/,ok,200,3,nginx | nginx | nginx | cloudflare,a371f8fdef0dda52-IAD,,,cloudflare,,,733,transcripts\sparrow.org--dfccb7cb.txt
230146,WYANDOTTE HOSPITAL AND MEDICAL CENTER,MI,not-assessed-not-named-in-file,https://henryford.com/,ok,200,1,Kestrel,,,,,,,682,transcripts\henryford.com--c3608ec8.txt
244015,COMMUNITY BEHAVIORAL HEALTH HOSPITAL - BAXTER,MN,not-assessed-not-named-in-file,https://ecommunity.com/,ok,200,2,nginx,,,,,,,357,transcripts\ecommunity.com--13cbe789.txt
241301,LAKEWOOD HEALTH CENTER,MN,not-assessed-site-unreachable,https://lakewoodhealthcenter.org/cms-hpt.txt,failed,,0,,,,,,,fetch failed (cause: EAI_AGAIN),6511,transcripts\lakewoodhealthcenter.org--175040c3.txt
241301,LAKEWOOD HEALTH CENTER,MN,not-assessed-site-unreachable,https://lakewoodhealthcenter.org/,failed,,0,,,,,,,fetch failed (cause: EAI_AGAIN),13405,transcripts\lakewoodhealthcenter.org--2e07d7e3.txt
241319,MURRAY COUNTY MEMORIAL HOSPITAL,MN,not-assessed-not-named-in-file,https://pushmatahahospital.com/,ok,200,0,Apache,,,,,,,1700,transcripts\pushmatahahospital.com--47e909de.txt
240053,PARK NICOLLET METHODIST HOSPITAL,MN,not-assessed-not-named-in-file,https://healthpartners.com/,ok,200,1,BigIP,,,,,,,555,transcripts\healthpartners.com--d49e6700.txt
241320,RIVERVIEW HOSPITAL,MN,mrf-url-unreachable,https://sthpiprd.blob.core.windows.net/machine-readable-files/7983/410724029_riverview-health-association_standardcharges.csv,ok,404,0,Windows-Azure-Blob/1.0 Microsoft-HTTPAPI/2.0,,,,,,,296,transcripts\sthpiprd.blob.core.windows.net--dcbbe9f0.txt
241377,ST FRANCIS MEDICAL CENTER,MN,mrf-url-unreachable,https://www.allinahealth.org/-/media/allina-health/files/customer-service/billing-and-insurance/price-transparency/363261413_st-francis-regional-medical-center_standardcharges.csv,ok,404,1,Microsoft-IIS/10.0 | Microsoft-IIS/10.0,,,,,,,566,transcripts\allinahealth.org--e2d3a42b.txt
261303,COMMUNITY HOSPITAL ASSOCIATION,MO,mrf-url-unreachable,https://fairfaxmed.com/wp-content/uploads/2024/11/Standard-Charges-Download-2026-01-01.csv,ok,404,0,Apache,,,,,,,1571,transcripts\fairfaxmed.com--1367af09.txt
260175,GOLDEN VALLEY MEMORIAL HOSPITAL,MO,no-cms-hpt-txt-published,https://health-improve.org/,ok,200,1,cloudflare | cloudflare,a371f900be85eb48-IAD | a371f9049aaed6db-IAD,,,cloudflare,,,2205,transcripts\health-improve.org--9ea8d1f0.txt
260175,GOLDEN VALLEY MEMORIAL HOSPITAL,MO,no-cms-hpt-txt-published,https://health-improve.org/cms-hpt.txt,ok,200,2,cloudflare | cloudflare | cloudflare,a371f90dfb0aeb48-IAD | a371f90fbeffd6db-IAD | a371f9118d81d6db-IAD,,,cloudflare,,,1099,transcripts\health-improve.org--31f4fc23.txt
260175,GOLDEN VALLEY MEMORIAL HOSPITAL,MO,no-cms-hpt-txt-published,https://health-improve.org/.well-known/cms-hpt.txt,ok,200,2,cloudflare | cloudflare | cloudflare,a371f95a3a2cf009-IAD | a371f96bcc16f674-IAD | a371f96fc848f674-IAD,,,cloudflare,,,15232,transcripts\health-improve.org--c8155907.txt
260025,HANNIBAL REGIONAL HOSPITAL,MO,mrf-url-unreachable,https://sthpiprd.blob.core.windows.net/machine-readable-files/8042/430662495_hannibal-regional-hospital_standardcharges.csv,ok,404,0,Windows-Azure-Blob/1.0 Microsoft-HTTPAPI/2.0,,,,,,,97,transcripts\sthpiprd.blob.core.windows.net--96f73246.txt
260110,MERCY HOSPITAL SOUTHEAST,MO,not-assessed-not-named-in-file,https://sehealth.org/,ok,200,1,BigIP | cloudflare,a371f9039b020625-IAD,,,cloudflare,,,473,transcripts\sehealth.org--b9b925a0.txt
260017,PHELPS COUNTY REGIONAL MEDICAL CENTER,MO,not-assessed-site-unreachable,https://cdmpricing.com/cms-hpt.txt,ok,404,0,,,,,,,fetch failed (cause: ERR_TLS_CERT_ALTNAME_INVALID),258,transcripts\cdmpricing.com--c04b2eb7.txt
260017,PHELPS COUNTY REGIONAL MEDICAL CENTER,MO,not-assessed-site-unreachable,https://cdmpricing.com/,ok,404,0,,,,,,,fetch failed (cause: ERR_TLS_CERT_ALTNAME_INVALID),289,transcripts\cdmpricing.com--9fde51fb.txt
261305,PUTNAM COUNTY MEMORIAL HOSPITAL,MO,not-assessed-site-unreachable,https://pcmhosp.com/cms-hpt.txt,ok,200,1,Pepyaka | openresty/1.27.1.2,,,,cloudfront,,,397,transcripts\pcmhosp.com--8fef1db6.txt
261305,PUTNAM COUNTY MEMORIAL HOSPITAL,MO,not-assessed-site-unreachable,https://pcmhosp.com/,ok,200,1,Pepyaka | cloudflare,a371f9078e276108-IAD,,,cloudflare,,,325,transcripts\pcmhosp.com--da86a621.txt
660001,COMMONWEALTH HEALTH CENTER,MP,not-assessed-site-unreachable,https://chcc.health/cms-hpt.txt,ok,404,1,Microsoft-IIS/10.0,,,,,,fetch failed (cause: ERR_TLS_CERT_ALTNAME_INVALID),495,transcripts\chcc.health--458dec76.txt
660001,COMMONWEALTH HEALTH CENTER,MP,not-assessed-site-unreachable,https://chcc.health/,ok,200,1,Microsoft-IIS/10.0,,,,,,fetch failed (cause: ERR_TLS_CERT_ALTNAME_INVALID),207,transcripts\chcc.health--2680806d.txt
250093,BOLIVAR MEDICAL CENTER,MS,not-assessed-site-unreachable,https://bolivarmedical.com/cms-hpt.txt,ok,406,0,,,,,,,,206,transcripts\bolivarmedical.com--9c884da9.txt
250093,BOLIVAR MEDICAL CENTER,MS,not-assessed-site-unreachable,https://bolivarmedical.com/,ok,406,0,,,,,,,,63,transcripts\bolivarmedical.com--9756efe4.txt
251334,CHOCTAW REGIONAL MEDICAL CENTER,MS,no-cms-hpt-txt-published,https://choctawregional.com/,ok,200,1,Apache | Apache,,,,,,,1245,transcripts\choctawregional.com--3c20c89f.txt
251334,CHOCTAW REGIONAL MEDICAL CENTER,MS,no-cms-hpt-txt-published,https://choctawregional.com/cms-hpt.txt,ok,404,1,Apache | Apache,,,,,,,725,transcripts\choctawregional.com--de1a72ea.txt
251334,CHOCTAW REGIONAL MEDICAL CENTER,MS,no-cms-hpt-txt-published,https://choctawregional.com/.well-known/cms-hpt.txt,ok,404,1,Apache | Apache,,,,,,,14787,transcripts\choctawregional.com--f9d0dc47.txt
251325,COVINGTON COUNTY HOSPITAL CAH,MS,pointer-blocked-to-automation,https://irp.cdn-website.com/cms-hpt.txt,ok,403,0,AmazonS3,,,,cloudfront,Access Denied,,160,transcripts\irp.cdn-website.com--57cbbebb.txt
251325,COVINGTON COUNTY HOSPITAL CAH,MS,pointer-blocked-to-automation,https://irp.cdn-website.com/,ok,200,0,AmazonS3,,,,cloudfront,,,35,transcripts\irp.cdn-website.com--100ffe56.txt
250036,GEORGE REGIONAL HEALTH SYSTEM,MS,no-cms-hpt-txt-published,https://georgeregional.com/,ok,202,0,nginx,,,,,,,241,transcripts\georgeregional.com--84f1f3d6.txt
250036,GEORGE REGIONAL HEALTH SYSTEM,MS,no-cms-hpt-txt-published,https://georgeregional.com/cms-hpt.txt,ok,202,0,nginx,,,,,,,108,transcripts\georgeregional.com--89c65464.txt
250036,GEORGE REGIONAL HEALTH SYSTEM,MS,no-cms-hpt-txt-published,https://georgeregional.com/.well-known/cms-hpt.txt,ok,202,0,nginx,,,,,,,56,transcripts\georgeregional.com--68976718.txt
250099,GREENWOOD LEFLORE HOSPITAL,MS,not-assessed-not-named-in-file,https://glh.org/,ok,200,2,Microsoft-IIS/10.0,,,,,,fetch failed (cause: ERR_TLS_CERT_ALTNAME_INVALID),734,transcripts\glh.org--115750b7.txt
250172,HIGHLAND HILLS MEDICAL CENTER,MS,not-assessed-not-named-in-file,https://deltahealthsystem.org/,ok,200,1,nginx,,,,,,,1342,transcripts\deltahealthsystem.org--77d17d30.txt
250038,MERIT HEALTH MADISON,MS,not-assessed-not-named-in-file,https://merithealthmadison.com/,ok,200,2,cloudflare | Microsoft-IIS/10.0 | Microsoft-IIS/10.0,a371f90a6e499951-IAD,,,cloudflare,,,673,transcripts\merithealthmadison.com--8c59f53c.txt
254010,MS STATE HOSPITAL-WHITFIELD,MS,not-assessed-site-unreachable,https://msh.state.ms.us/cms-hpt.txt,ok,,1,,,,,,,fetch failed (cause: ERR_TLS_CERT_ALTNAME_INVALID),459,transcripts\msh.state.ms.us--4d846040.txt
254010,MS STATE HOSPITAL-WHITFIELD,MS,not-assessed-site-unreachable,https://msh.state.ms.us/,ok,,1,,,,,,,fetch failed (cause: ERR_TLS_CERT_ALTNAME_INVALID),360,transcripts\msh.state.ms.us--2c173705.txt
250004,NORTH MISSISSIPPI MEDICAL CENTER,MS,mrf-url-unreachable,https://apps.nmhs.net/files/pt_mrf/640662976_north-mississippi-medical-center-inc_standardcharges.json,ok,404,0,,,,,,,,212,transcripts\apps.nmhs.net--8d5b9c3c.txt
250042,NORTHWEST MISSISSISSIPPI REGIONAL MEDICAL CENTER,MS,not-assessed-not-named-in-file,https://deltahealthsystem.org/,ok,200,1,nginx,,,,,,,1342,transcripts\deltahealthsystem.org--77d17d30.txt
251322,OCHSNER LAIRD HOSPITAL,MS,not-assessed-not-named-in-file,https://ochsnerrush.org/,ok,200,1,BigIP | volt-adc,,,,,,,421,transcripts\ochsnerrush.org--330c819a.txt
250162,OCHSNER MEDICAL CENTER-HANCOCK,MS,not-assessed-not-named-in-file,https://ochsner.org/,ok,200,1,volt-adc | volt-adc,,,,,,,327,transcripts\ochsner.org--9b62f252.txt
251323,OCHSNER SCOTT REGIONAL,MS,not-assessed-not-named-in-file,https://ochsnerrush.org/,ok,200,1,BigIP | volt-adc,,,,,,,421,transcripts\ochsnerrush.org--330c819a.txt
251335,OCHSNER STENNIS MEMORIAL HOSPITAL,MS,not-assessed-not-named-in-file,https://ochsnerrush.org/,ok,200,1,BigIP | volt-adc,,,,,,,421,transcripts\ochsnerrush.org--330c819a.txt
251316,OCHSNER WATKINS HOSPITAL,MS,not-assessed-not-named-in-file,https://ochsnerrush.org/,ok,200,1,BigIP | volt-adc,,,,,,,421,transcripts\ochsnerrush.org--330c819a.txt
250017,PROGRESSIVE HEALTH GROUP OF HOUSTON,MS,no-cms-hpt-txt-published,https://traceregional.com/,ok,200,0,,,,,,,,108,transcripts\traceregional.com--7c03fd0f.txt
250017,PROGRESSIVE HEALTH GROUP OF HOUSTON,MS,no-cms-hpt-txt-published,https://traceregional.com/cms-hpt.txt,ok,200,0,,,,,,,,35,transcripts\traceregional.com--32fc2b59.txt
250017,PROGRESSIVE HEALTH GROUP OF HOUSTON,MS,no-cms-hpt-txt-published,https://traceregional.com/.well-known/cms-hpt.txt,ok,200,0,,,,,,,,25,transcripts\traceregional.com--79b9905d.txt
250002,TISHOMINGO HEALTH SERVICES INC,MS,mrf-url-unreachable,https://apps.nmhs.net/files/pt_mrf/640741047_tishomingo-health-services-inc_standardcharges.json,ok,404,0,,,,,,,,68,transcripts\apps.nmhs.net--72439b42.txt
270012,BENEFIS HOSPITALS INC,MT,not-assessed-not-named-in-file,https://benefis.org/,ok,200,1,,,,,,,,675,transcripts\benefis.org--d8f7eb08.txt
271332,GLENDIVE MEDICAL CENTER,MT,mrf-blocked-to-automation,https://pricetransparency.blob.core.windows.net/glendive/81-6016016_Glendive-Medical-Center_standardcharges.csv?sv=2022-11-02&ss=bfqt&srt=sco&sp=rwdlacupiytfx&se=2099-04-26T22:40:35Z&st=2024-04-11T14:40:35Z&spr=https&sig=V53UDZpYxrVMzk1BKj4Dvm45q%2FAztzKKQCADbpBONqo%3D,ok,403,0,Microsoft-HTTPAPI/2.0,,,,,,,352,transcripts\pricetransparency.blob.core.windows.net--1e9bda10.txt
271329,MADISON VALLEY MEDICAL CENTER,MT,no-cms-hpt-txt-published,https://mvmedcenter.org/,ok,202,0,nginx,,,,,,,284,transcripts\mvmedcenter.org--8e2fdb58.txt
271329,MADISON VALLEY MEDICAL CENTER,MT,no-cms-hpt-txt-published,https://mvmedcenter.org/cms-hpt.txt,ok,202,0,nginx,,,,,,,3127,transcripts\mvmedcenter.org--cb6ad967.txt
271329,MADISON VALLEY MEDICAL CENTER,MT,no-cms-hpt-txt-published,https://mvmedcenter.org/.well-known/cms-hpt.txt,ok,202,0,nginx,,,,,,,11307,transcripts\mvmedcenter.org--fdddd600.txt
271324,PONDERA MEDICAL CENTER,MT,not-assessed-not-named-in-file,https://logan.org/,ok,200,1,cloudflare | cloudflare,a371f95a2ce724a2-IAD | a371f96b9ab33e97-IAD,,,cloudflare,,,14808,transcripts\logan.org--7f7b47b5.txt
341322,ADVENT HEALTH POLK,NC,not-assessed-not-named-in-file,https://stlukesnc.org/,ok,403,2,,,,,,,fetch failed (cause: UNABLE_TO_VERIFY_LEAF_SIGNATURE),14990,transcripts\stlukesnc.org--dcb8e08a.txt
341320,ALLEGHANY  MEMORIAL HOSPITAL,NC,not-assessed-site-unreachable,https://alleghanyhealth.org/cms-hpt.txt,ok,202,0,nginx,,,,,,,11289,transcripts\alleghanyhealth.org--367145fc.txt
341320,ALLEGHANY  MEMORIAL HOSPITAL,NC,not-assessed-site-unreachable,https://alleghanyhealth.org/,ok,202,0,nginx,,,,,,,2570,transcripts\alleghanyhealth.org--e31f720c.txt
341325,ASHE MEMORIAL HOSPITAL,NC,mrf-url-unreachable,https://machine-readable-files.com/ashe-memorial-hospital/560603900_Ashe_Memorial-Hospital_standardcharges.csv,ok,404,0,Apache,,,,,,,9258,transcripts\machine-readable-files.com--661bdd2f.txt
344025,BROUGHTON HOSPITAL,NC,no-cms-hpt-txt-published,https://ncdhhs.gov/,ok,200,1,Apache | Apache,,,,cloudfront,,,3056,transcripts\ncdhhs.gov--03dc857c.txt
344025,BROUGHTON HOSPITAL,NC,no-cms-hpt-txt-published,https://ncdhhs.gov/cms-hpt.txt,ok,404,1,Apache | Apache,,,,cloudfront,,,169,transcripts\ncdhhs.gov--9805ed6b.txt
344025,BROUGHTON HOSPITAL,NC,no-cms-hpt-txt-published,https://ncdhhs.gov/.well-known/cms-hpt.txt,ok,404,0,Apache,,,,,,,121,transcripts\ncdhhs.gov--79791a73.txt
344004,CENTRAL REGIONAL HOSPITAL,NC,no-cms-hpt-txt-published,https://ncdhhs.gov/,ok,200,1,Apache | Apache,,,,cloudfront,,,3056,transcripts\ncdhhs.gov--03dc857c.txt
344004,CENTRAL REGIONAL HOSPITAL,NC,no-cms-hpt-txt-published,https://ncdhhs.gov/cms-hpt.txt,ok,404,1,Apache | Apache,,,,cloudfront,,,169,transcripts\ncdhhs.gov--9805ed6b.txt
344004,CENTRAL REGIONAL HOSPITAL,NC,no-cms-hpt-txt-published,https://ncdhhs.gov/.well-known/cms-hpt.txt,ok,404,0,Apache,,,,,,,121,transcripts\ncdhhs.gov--79791a73.txt
344026,CHERRY HOSPITAL,NC,no-cms-hpt-txt-published,https://ncdhhs.gov/,ok,200,1,Apache | Apache,,,,cloudfront,,,3056,transcripts\ncdhhs.gov--03dc857c.txt
344026,CHERRY HOSPITAL,NC,no-cms-hpt-txt-published,https://ncdhhs.gov/cms-hpt.txt,ok,404,1,Apache | Apache,,,,cloudfront,,,169,transcripts\ncdhhs.gov--9805ed6b.txt
344026,CHERRY HOSPITAL,NC,no-cms-hpt-txt-published,https://ncdhhs.gov/.well-known/cms-hpt.txt,ok,404,0,Apache,,,,,,,121,transcripts\ncdhhs.gov--79791a73.txt
344023,JULIAN F KEITH ALCOHOL & DRUG ABUSE TX,NC,no-cms-hpt-txt-published,https://ncdhhs.gov/,ok,200,1,Apache | Apache,,,,cloudfront,,,3056,transcripts\ncdhhs.gov--03dc857c.txt
344023,JULIAN F KEITH ALCOHOL & DRUG ABUSE TX,NC,no-cms-hpt-txt-published,https://ncdhhs.gov/cms-hpt.txt,ok,404,1,Apache | Apache,,,,cloudfront,,,169,transcripts\ncdhhs.gov--9805ed6b.txt
344023,JULIAN F KEITH ALCOHOL & DRUG ABUSE TX,NC,no-cms-hpt-txt-published,https://ncdhhs.gov/.well-known/cms-hpt.txt,ok,404,0,Apache,,,,,,,121,transcripts\ncdhhs.gov--79791a73.txt
340096,LEXINGTON MEMORIAL HOSPITAL INC,NC,not-assessed-not-named-in-file,https://wakehealth.edu/,ok,200,1,,,,,,,,933,transcripts\wakehealth.edu--f2aea471.txt
340047,NORTH CAROLINA BAPTIST HOSPITAL,NC,not-assessed-not-named-in-file,https://wakehealth.edu/,ok,200,1,,,,,,,,933,transcripts\wakehealth.edu--f2aea471.txt
344033,WALTER B JONES CENTER LAKESIDE PSYCHIATRIC HOSPITA,NC,no-cms-hpt-txt-published,https://ncdhhs.gov/,ok,200,1,Apache | Apache,,,,cloudfront,,,3056,transcripts\ncdhhs.gov--03dc857c.txt
344033,WALTER B JONES CENTER LAKESIDE PSYCHIATRIC HOSPITA,NC,no-cms-hpt-txt-published,https://ncdhhs.gov/cms-hpt.txt,ok,404,1,Apache | Apache,,,,cloudfront,,,169,transcripts\ncdhhs.gov--9805ed6b.txt
344033,WALTER B JONES CENTER LAKESIDE PSYCHIATRIC HOSPITA,NC,no-cms-hpt-txt-published,https://ncdhhs.gov/.well-known/cms-hpt.txt,ok,404,0,Apache,,,,,,,121,transcripts\ncdhhs.gov--79791a73.txt
351316,PRESENTATION MEDICAL CENTER,ND,not-assessed-not-named-in-file,https://smphealth.org/,ok,200,0,LiteSpeed,,,,,,,300,transcripts\smphealth.org--ca181476.txt
351321,SOUTH CENTRAL HEALTH,ND,no-cms-hpt-txt-published,https://schealthnd.com/,ok,202,0,nginx,,,,,,,427,transcripts\schealthnd.com--df5d1e45.txt
351321,SOUTH CENTRAL HEALTH,ND,no-cms-hpt-txt-published,https://schealthnd.com/cms-hpt.txt,ok,202,0,nginx,,,,,,,180,transcripts\schealthnd.com--8233ae14.txt
351321,SOUTH CENTRAL HEALTH,ND,no-cms-hpt-txt-published,https://schealthnd.com/.well-known/cms-hpt.txt,ok,202,0,nginx,,,,,,,47,transcripts\schealthnd.com--f8cfc9df.txt
281314,ANNIE JEFFREY MEMORIAL COUNTY HEALTH CENTER,NE,not-assessed-site-unreachable,https://ajhc.org/cms-hpt.txt,ok,,1,,,,,,,fetch failed (cause: UND_ERR_CONNECT_TIMEOUT),23560,transcripts\ajhc.org--564891cd.txt
281314,ANNIE JEFFREY MEMORIAL COUNTY HEALTH CENTER,NE,not-assessed-site-unreachable,https://ajhc.org/,ok,200,1,,,,,,,fetch failed (cause: UND_ERR_CONNECT_TIMEOUT),10798,transcripts\ajhc.org--3e69839d.txt
281326,ANTELOPE MEMORIAL HOSPITAL,NE,mrf-blocked-to-automation,https://s3.amazonaws.com/ycubaa-production-marlin-1-charge-management-public/facilities/0ddc7794-d4a3-4d17-a674-9187af28aea6/470393176_ANTELOPE%20MEMoriaL%20HOSPITAL_standardcharges.zip,ok,403,0,AmazonS3,,,,,Access Denied,,212,transcripts\s3.amazonaws.com--b0415a52.txt
281352,"COMMUNITY MEDICAL CENTER, INC",NE,not-assessed-site-unreachable,https://hospitalcharges.cmcfc.org/cms-hpt.txt,ok,,0,,,,,,,fetch failed (cause: UND_ERR_CONNECT_TIMEOUT),24604,transcripts\hospitalcharges.cmcfc.org--9894246e.txt
281352,"COMMUNITY MEDICAL CENTER, INC",NE,not-assessed-site-unreachable,https://hospitalcharges.cmcfc.org/,ok,,0,,,,,,,fetch failed (cause: UND_ERR_CONNECT_TIMEOUT),31748,transcripts\hospitalcharges.cmcfc.org--b2a8bcd5.txt
284009,DOUGLAS COUNTY COMMUNITY MENTAL HEALTH CENTER,NE,mrf-blocked-to-automation,https://cmhc.douglascounty-ne.gov/wp-content/uploads/2026/08/476006455_douglas-county-community-mental-health-center_standardcharges.csv,ok,200,0,AkamaiGHost,,,,akamai,,,364,transcripts\cmhc.douglascounty-ne.gov--3582830b.txt
281338,HOWARD COUNTY MEDICAL CENTER,NE,no-cms-hpt-txt-published,https://search.hospitalpriceindex.com/,ok,200,0,,,,,,,,349,transcripts\search.hospitalpriceindex.com--9448a9b3.txt
281338,HOWARD COUNTY MEDICAL CENTER,NE,no-cms-hpt-txt-published,https://search.hospitalpriceindex.com/cms-hpt.txt,ok,200,0,,,,,,,,85,transcripts\search.hospitalpriceindex.com--abd9cb91.txt
281338,HOWARD COUNTY MEDICAL CENTER,NE,no-cms-hpt-txt-published,https://search.hospitalpriceindex.com/.well-known/cms-hpt.txt,ok,200,0,,,,,,,,92,transcripts\search.hospitalpriceindex.com--76a130a8.txt
281320,MEMORIAL HOSPITAL,NE,not-assessed-not-named-in-file,https://upmc.com/,ok,200,1,,,,,,,,1844,transcripts\upmc.com--ed83d132.txt
281355,OGALLALA COMMUNITY HOSPITAL,NE,pointer-blocked-to-automation,https://bannerhealth.com/cms-hpt.txt,ok,403,0,cloudflare,a371f5e86b0278b1-IAD,,,cloudflare,Attention Required,,130,transcripts\bannerhealth.com--fbc99cf8.txt
281355,OGALLALA COMMUNITY HOSPITAL,NE,pointer-blocked-to-automation,https://bannerhealth.com/,ok,403,0,cloudflare,a371f5e89b6978b1-IAD,,,cloudflare,Attention Required,,24,transcripts\bannerhealth.com--7294dd9d.txt
281357,SIDNEY REGIONAL MEDICAL CENTER,NE,mrf-url-unreachable,https://sthpiprd.blob.core.windows.net/machine-readable-files/8186/470408242_sidney-regional-medical-center_standardcharges.csv,ok,404,0,Windows-Azure-Blob/1.0 Microsoft-HTTPAPI/2.0,,,,,,,271,transcripts\sthpiprd.blob.core.windows.net--fb98e6c8.txt
281353,VALLEY COUNTY HEALTH SYSTEM,NE,not-assessed-site-unreachable,https://shop.valleycountyhealthsystem.org/cms-hpt.txt,ok,,0,,,,,,,fetch failed (cause: UND_ERR_CONNECT_TIMEOUT),24282,transcripts\shop.valleycountyhealthsystem.org--fa0bb13b.txt
281353,VALLEY COUNTY HEALTH SYSTEM,NE,not-assessed-site-unreachable,https://shop.valleycountyhealthsystem.org/,ok,,0,,,,,,,fetch failed (cause: UND_ERR_CONNECT_TIMEOUT),31746,transcripts\shop.valleycountyhealthsystem.org--d703b90b.txt
301305,ALICE PECK DAY MEMORIAL HOSPITAL,NH,not-assessed-site-unreachable,https://alicepeckday.org/cms-hpt.txt,failed,,0,,,,,,,fetch failed (cause: UND_ERR_CONNECT_TIMEOUT),23172,transcripts\alicepeckday.org--ca20d11e.txt
301305,ALICE PECK DAY MEMORIAL HOSPITAL,NH,not-assessed-site-unreachable,https://alicepeckday.org/,failed,,0,,,,,,,fetch failed (cause: EAI_AGAIN),459,transcripts\alicepeckday.org--c023ffd0.txt
300019,CHESHIRE MEDICAL CENTER,NH,not-assessed-site-unreachable,https://cheshiremed.org/cms-hpt.txt,failed,,0,,,,,,,fetch failed (cause: UND_ERR_CONNECT_TIMEOUT),23167,transcripts\cheshiremed.org--5da609af.txt
300019,CHESHIRE MEDICAL CENTER,NH,not-assessed-site-unreachable,https://cheshiremed.org/,failed,,0,,,,,,,fetch failed (cause: EAI_AGAIN),421,transcripts\cheshiremed.org--31aba105.txt
301301,COTTAGE HOSPITAL,NH,pointer-blocked-to-automation,https://cottagehospital.org/cms-hpt.txt,ok,403,1,cloudflare,a371fa04ed95e643-IAD,challenge,,cloudflare,,fetch failed (cause: UND_ERR_CONNECT_TIMEOUT),23209,transcripts\cottagehospital.org--2daa039e.txt
301301,COTTAGE HOSPITAL,NH,pointer-blocked-to-automation,https://cottagehospital.org/,ok,403,0,cloudflare,a371fa05d91de643-IAD,challenge,,cloudflare,Just a moment,,141,transcripts\cottagehospital.org--5ce68804.txt
300023,EXETER HOSPITAL INC,NH,not-assessed-site-unreachable,https://exeterhospital.com/cms-hpt.txt,ok,,0,,,,,,,fetch failed (cause: UND_ERR_CONNECT_TIMEOUT),34120,transcripts\exeterhospital.com--10e37980.txt
300023,EXETER HOSPITAL INC,NH,not-assessed-site-unreachable,https://exeterhospital.com/,ok,,0,,,,,,,fetch failed (cause: UND_ERR_CONNECT_TIMEOUT),22950,transcripts\exeterhospital.com--f5cce654.txt
300003,MARY HITCHCOCK MEMORIAL HOSPITAL,NH,not-assessed-site-unreachable,https://dartmouth-hitchcock.org/cms-hpt.txt,failed,,0,,,,,,,fetch failed (cause: EAI_AGAIN),29045,transcripts\dartmouth-hitchcock.org--ac5aac2d.txt
300003,MARY HITCHCOCK MEMORIAL HOSPITAL,NH,not-assessed-site-unreachable,https://dartmouth-hitchcock.org/,failed,,0,,,,,,,fetch failed (cause: EAI_AGAIN),238,transcripts\dartmouth-hitchcock.org--922ad909.txt
301308,VALLEY REGIONAL HOSPITAL,NH,not-assessed-site-unreachable,https://vrh.org/cms-hpt.txt,failed,,0,,,,,,,fetch failed (cause: UND_ERR_CONNECT_TIMEOUT),22364,transcripts\vrh.org--63c559eb.txt
301308,VALLEY REGIONAL HOSPITAL,NH,not-assessed-site-unreachable,https://vrh.org/,failed,,0,,,,,,,fetch failed (cause: EAI_AGAIN),233,transcripts\vrh.org--bb5ee1fd.txt
310115,AHS HOSPITAL CORP,NJ,not-assessed-not-named-in-file,https://atlantichealth.org/,ok,200,2,Apache | Apache,,,,,,,7919,transcripts\atlantichealth.org--9cc53874.txt
310064,ATLANTICARE REGIONAL MEDICAL CENTER - CITY CAMPUS,NJ,not-assessed-not-named-in-file,https://atlanticare.org/,ok,200,1,cloudflare | cloudflare,a371fa323ea00fbe-IAD | a371fa3349abc9bc-IAD,,,cloudflare,,,7196,transcripts\atlanticare.org--89139fd7.txt
310011,CAPE REGIONAL MEDICAL CENTER INC,NJ,not-assessed-site-unreachable,https://caperegional.com/cms-hpt.txt,ok,,3,,,,,,,fetch failed (cause: ENOTFOUND),801,transcripts\caperegional.com--6d654972.txt
310011,CAPE REGIONAL MEDICAL CENTER INC,NJ,not-assessed-site-unreachable,https://caperegional.com/,ok,,3,,,,,,,fetch failed (cause: ENOTFOUND),483,transcripts\caperegional.com--75962da9.txt
310025,CAREPOINT HEALTH - BAYONNE MEDICAL CENTER,NJ,not-assessed-not-named-in-file,https://carepointhealth.org/,ok,200,1,Apache | Apache,,,,,,,1467,transcripts\carepointhealth.org--5aca092f.txt
310083,CAREWELL HEALTH MEDICAL CENTER,NJ,no-cms-hpt-txt-published,https://carewellhealth.org/,ok,200,0,cloudflare,a371fa38a8d1e19f-IAD,,,cloudflare,,,288,transcripts\carewellhealth.org--74e93e7b.txt
310083,CAREWELL HEALTH MEDICAL CENTER,NJ,no-cms-hpt-txt-published,https://carewellhealth.org/cms-hpt.txt,ok,404,0,cloudflare,a371fa39ac72e19f-IAD,,,cloudflare,,,150,transcripts\carewellhealth.org--8e2e0a4c.txt
310083,CAREWELL HEALTH MEDICAL CENTER,NJ,no-cms-hpt-txt-published,https://carewellhealth.org/.well-known/cms-hpt.txt,ok,404,0,cloudflare,a371fa3a9fe9e19f-IAD,,,cloudflare,,,450,transcripts\carewellhealth.org--0ab8a92d.txt
310016,HEIGHTS UNIVERSITY HOSPITAL,NJ,not-assessed-not-named-in-file,https://carepointhealth.org/,ok,200,1,Apache | Apache,,,,,,,1467,transcripts\carepointhealth.org--5aca092f.txt
310118,HUDSON REGIONAL HOSPITAL,NJ,not-assessed-not-named-in-file,https://hudsonregionalhospital.com/,ok,200,1,Apache/2.4.48 (Ubuntu) | Apache/2.4.48 (Ubuntu),,,,,,,903,transcripts\hudsonregionalhospital.com--ddef8a7d.txt
313302,WEISMAN CHILDRENS REHABILITATION HOSPITAL,NJ,pointer-blocked-to-automation,https://weismanchildrens.com/cms-hpt.txt,ok,403,0,nginx,,,,,,,401,transcripts\weismanchildrens.com--a9088774.txt
313302,WEISMAN CHILDRENS REHABILITATION HOSPITAL,NJ,pointer-blocked-to-automation,https://weismanchildrens.com/,ok,403,0,nginx,,,,,,,56,transcripts\weismanchildrens.com--2b953233.txt
310022,WEST JERSEY HOSPITAL,NJ,not-assessed-not-named-in-file,https://virtua.org/,ok,200,1,Microsoft-Azure-Application-Gateway/v2,,,,,,,2314,transcripts\virtua.org--c23bf7d7.txt
320001,UNM HOSPITAL,NM,not-assessed-not-named-in-file,https://unmhealth.org/,ok,200,0,Microsoft-IIS/10.0,,,,,,,460,transcripts\unmhealth.org--a9cd9bc3.txt
291313,BANNER CHURCHILL COMMUNITY HOSPITAL,NV,pointer-blocked-to-automation,https://bannerhealth.com/cms-hpt.txt,ok,403,0,cloudflare,a371f5e86b0278b1-IAD,,,cloudflare,Attention Required,,130,transcripts\bannerhealth.com--fbc99cf8.txt
291313,BANNER CHURCHILL COMMUNITY HOSPITAL,NV,pointer-blocked-to-automation,https://bannerhealth.com/,ok,403,0,cloudflare,a371f5e89b6978b1-IAD,,,cloudflare,Attention Required,,24,transcripts\bannerhealth.com--7294dd9d.txt
290019,CARSON TAHOE REGIONAL MEDICAL CENTER,NV,pointer-blocked-to-automation,https://carsontahoe.com/cms-hpt.txt,ok,403,1,nginx | cloudflare,a371fa437abf1fd1-IAD,challenge,,cloudflare,Just a moment,,441,transcripts\carsontahoe.com--f5c288aa.txt
290019,CARSON TAHOE REGIONAL MEDICAL CENTER,NV,pointer-blocked-to-automation,https://carsontahoe.com/,ok,403,1,nginx | cloudflare,a371fa43ec371fd1-IAD,challenge,,cloudflare,Just a moment,,63,transcripts\carsontahoe.com--fe6d353e.txt
291300,MOUNT GRANT GENERAL HOSPITAL,NV,mrf-url-unreachable,https://raw.githubusercontent.com/Mt-Grant-General-Hospital/Pricing-Transparency/refs/heads/main/820299396_MtGrantGeneralHospital_standardcharges.JSON,ok,404,0,,,,,,,,210,transcripts\raw.githubusercontent.com--45f4c90c.txt
294015,"RENO BEHAVIORAL HEALTHCARE HOSPITAL, LLC",NV,not-assessed-not-named-in-file,https://renobehavioral.com/,ok,200,1,LiteSpeed | LiteSpeed,,,,,,,790,transcripts\renobehavioral.com--7c9c86d9.txt
290001,RENOWN REGIONAL MEDICAL CENTER,NV,pointer-blocked-to-automation,https://renown.org/cms-hpt.txt,ok,429,0,Vercel,,,,,,,194,transcripts\renown.org--aa5f81df.txt
290001,RENOWN REGIONAL MEDICAL CENTER,NV,pointer-blocked-to-automation,https://renown.org/,ok,429,0,Vercel,,,,,,,51,transcripts\renown.org--b32ca59e.txt
290049,RENOWN SOUTH MEADOWS MEDICAL CENTER,NV,pointer-blocked-to-automation,https://renown.org/cms-hpt.txt,ok,429,0,Vercel,,,,,,,194,transcripts\renown.org--aa5f81df.txt
290049,RENOWN SOUTH MEADOWS MEDICAL CENTER,NV,pointer-blocked-to-automation,https://renown.org/,ok,429,0,Vercel,,,,,,,51,transcripts\renown.org--b32ca59e.txt
290046,SPRING VALLEY HOSPITAL MEDICAL CENTER,NV,pointer-blocked-to-automation,https://springvalleyhospital.com/cms-hpt.txt,ok,403,1,Apache/2.4.59 (Amazon Linux) OpenSSL/3.0.8 | CloudFront,,,,cloudfront,,,209,transcripts\springvalleyhospital.com--5c490d35.txt
290046,SPRING VALLEY HOSPITAL MEDICAL CENTER,NV,pointer-blocked-to-automation,https://springvalleyhospital.com/,ok,403,1,Apache/2.4.59 (Amazon Linux) OpenSSL/3.0.8 | CloudFront,,,,cloudfront,,,96,transcripts\springvalleyhospital.com--8359598b.txt
333301,BLYTHEDALE CHILDREN'S HOSPITAL,NY,mrf-url-unreachable,https://www.blythedale.org/documents/13-1739922blythedale-childrens-hospitalstandardchargescsv,ok,404,0,nginx,,,,,,,217,transcripts\blythedale.org--d57280be.txt
330009,BRONXCARE HOSPITAL CENTER,NY,not-assessed-not-named-in-file,https://bronxcare.org/,ok,200,1,Apache | Apache,,,,,,,386,transcripts\bronxcare.org--197fef2e.txt
331302,ELIZABETHTOWN COMMUNITY HOSPITAL,NY,pointer-blocked-to-automation,https://ech.org/cms-hpt.txt,ok,403,0,awselb/2.0,,,,,,,165,transcripts\ech.org--756eb593.txt
331302,ELIZABETHTOWN COMMUNITY HOSPITAL,NY,pointer-blocked-to-automation,https://ech.org/,ok,403,0,awselb/2.0,,,,,,,45,transcripts\ech.org--a099aed3.txt
330270,HOSPITAL FOR SPECIAL SURGERY,NY,mrf-blocked-to-automation,https://d2cg6hcwj0g0z0.cloudfront.net/131624135-1598703019_ny-society-for-the-relief-of-ruptured-and-crippled-maintaing-the-hospital-for-special-surgery_standardcharges.json,ok,403,0,CloudFront,,,,cloudfront,,,252,transcripts\d2cg6hcwj0g0z0.cloudfront.net--ba47edf0.txt
330080,LINCOLN MEDICAL & MENTAL HEALTH CENTER,NY,not-assessed-not-named-in-file,https://nychealthandhospitals.org/,ok,200,1,BigIP,,,,,,,1517,transcripts\nychealthandhospitals.org--1511d13f.txt
330101,NEW YORK-PRESBYTERIAN HOSPITAL,NY,not-assessed-not-named-in-file,https://nyp.org/,ok,200,1,BigIP | cloudflare,a371fa4bbca320d0-IAD,,,cloudflare,,,448,transcripts\nyp.org--694630ec.txt
330043,NS/LIJ HS SOUTHSIDE HOSPITAL,NY,not-assessed-not-named-in-file,https://northwell.edu/,ok,200,1,nginx | cloudflare,a371fa4c0c7ad629-IAD,,,cloudflare,,,556,transcripts\northwell.edu--8bd73c08.txt
330011,"OUR LADY OF LOURDES MEMORIAL HOSPITAL, INC",NY,not-assessed-not-named-in-file,https://healthcare.ascension.org/,ok,200,0,,,,,,,,210,transcripts\healthcare.ascension.org--cc693586.txt
330157,SAMARITAN MEDICAL CENTER,NY,no-cms-hpt-txt-published,https://search.hospitalpriceindex.com/,ok,200,0,,,,,,,,349,transcripts\search.hospitalpriceindex.com--9448a9b3.txt
330157,SAMARITAN MEDICAL CENTER,NY,no-cms-hpt-txt-published,https://search.hospitalpriceindex.com/cms-hpt.txt,ok,200,0,,,,,,,,85,transcripts\search.hospitalpriceindex.com--abd9cb91.txt
330157,SAMARITAN MEDICAL CENTER,NY,no-cms-hpt-txt-published,https://search.hospitalpriceindex.com/.well-known/cms-hpt.txt,ok,200,0,,,,,,,,92,transcripts\search.hospitalpriceindex.com--76a130a8.txt
334027,SOUTH OAKS HOSP,NY,not-assessed-not-named-in-file,https://northwell.edu/,ok,200,1,nginx | cloudflare,a371fa4c0c7ad629-IAD,,,cloudflare,,,556,transcripts\northwell.edu--8bd73c08.txt
330395,ST JOHN'S EPISCOPAL HOSPITAL AT SOUTH SHORE,NY,not-assessed-not-named-in-file,https://northwell.edu/,ok,200,1,nginx | cloudflare,a371fa4c0c7ad629-IAD,,,cloudflare,,,556,transcripts\northwell.edu--8bd73c08.txt
330006,ST JOSEPH'S MEDICAL CENTER,NY,mrf-url-unreachable,"https://sthpiprd.blob.core.windows.net/machine-readable-files/100287/131740127_st-joseph's-hospital,-yonkers_standardcharges.csv",ok,404,0,Windows-Azure-Blob/1.0 Microsoft-HTTPAPI/2.0,,,,,,,368,transcripts\sthpiprd.blob.core.windows.net--d5971c75.txt
360025,FIRELANDS REGIONAL MEDICAL CENTER,OH,mrf-blocked-to-automation,https://www.firelands.com/app/files/public/f431cc81-07d8-4f2b-a027-dab8621d088d/341401659%20_firelands-regional-medical-center_standardcharges.csv,ok,200,0,,,,,,,,594,transcripts\firelands.com--22738cc5.txt
361333,FULTON COUNTY HEALTH CENTER,OH,no-cms-hpt-txt-published,https://fultoncountyhealthcenter.org/,ok,202,0,nginx,,,,,,,272,transcripts\fultoncountyhealthcenter.org--e0690ba9.txt
361333,FULTON COUNTY HEALTH CENTER,OH,no-cms-hpt-txt-published,https://fultoncountyhealthcenter.org/cms-hpt.txt,ok,202,0,nginx,,,,,,,132,transcripts\fultoncountyhealthcenter.org--a15a3b3e.txt
361333,FULTON COUNTY HEALTH CENTER,OH,no-cms-hpt-txt-published,https://fultoncountyhealthcenter.org/.well-known/cms-hpt.txt,ok,202,0,nginx,,,,,,,158,transcripts\fultoncountyhealthcenter.org--2e431826.txt
361311,HARRISON COMMUNITY HOSPITAL,OH,pointer-lists-no-mrf-url,https://wvumedicine.org/cms-hpt.txt,ok,200,0,cloudflare,a371fa4efc3b7c7a-IAD,,,cloudflare,,,140,transcripts\wvumedicine.org--6eb9a163.txt
364048,HAVEN BEHAVIORAL HOSPITAL OF DAYTON,OH,mrf-url-unreachable,https://oceanshealthcare.com/wp-content/uploads/2026/07/352429122_Haven-Behavioral-Hospital-of-Dayton_standardcharges.csv,ok,404,0,cloudflare,a371fa502a2e356c-IAD,,,cloudflare,,,960,transcripts\oceanshealthcare.com--3e3eef48.txt
360361,KINGS DAUGHTERS MEDICAL CENTER OHIO,OH,no-cms-hpt-txt-published,https://kingsdaughtershealth.com/,ok,200,1,cloudflare | cloudflare,a371f6e69f8ac7c1-IAD | a371f6e7f9312bd4-IAD,,,cloudflare,,,520,transcripts\kingsdaughtershealth.com--d710b5a4.txt
360361,KINGS DAUGHTERS MEDICAL CENTER OHIO,OH,no-cms-hpt-txt-published,https://kingsdaughtershealth.com/cms-hpt.txt,ok,404,1,cloudflare | cloudflare,a371f6e93e23c7c1-IAD | a371f6e96cad2bd4-IAD,,,cloudflare,,,141,transcripts\kingsdaughtershealth.com--e85d26d6.txt
360361,KINGS DAUGHTERS MEDICAL CENTER OHIO,OH,no-cms-hpt-txt-published,https://kingsdaughtershealth.com/.well-known/cms-hpt.txt,ok,404,1,cloudflare | cloudflare,a371f6ea2812c7c1-IAD | a371f6ea8f702bd4-IAD,,,cloudflare,,,115,transcripts\kingsdaughtershealth.com--5a315875.txt
360098,LAKE HEALTH,OH,not-assessed-not-named-in-file,https://lakehealth.org/,ok,200,2,,,,,,,,865,transcripts\lakehealth.org--666a4970.txt
360189,MADISON HEALTH,OH,no-cms-hpt-txt-published,https://madison-health.com/,ok,200,1,nginx | nginx,,,,,,,698,transcripts\madison-health.com--9477a847.txt
360189,MADISON HEALTH,OH,no-cms-hpt-txt-published,https://madison-health.com/cms-hpt.txt,ok,404,1,nginx | nginx,,,,,,,316,transcripts\madison-health.com--ce30b300.txt
360189,MADISON HEALTH,OH,no-cms-hpt-txt-published,https://madison-health.com/.well-known/cms-hpt.txt,ok,404,1,nginx | nginx,,,,,,,262,transcripts\madison-health.com--cc27b125.txt
360041,PARMA COMMUNITY GENERAL HOSPITAL,OH,not-assessed-not-named-in-file,https://uhhospitals.org/,ok,200,1,,,,,,,,465,transcripts\uhhospitals.org--f45a04c5.txt
360008,SOUTHERN OHIO MEDICAL CENTER,OH,mrf-url-unreachable,https://pricetransparency.healthcare/southern-ohio-medical-center/charges/export,ok,404,0,cloudflare,a371fa566bc49c1f-IAD,,,cloudflare,,,328,transcripts\pricetransparency.healthcare--7c02762f.txt
360075,UH REGIONAL HOSPITALS,OH,not-assessed-not-named-in-file,https://uhhospitals.org/,ok,200,1,,,,,,,,465,transcripts\uhhospitals.org--f45a04c5.txt
361307,UHHS MEMORIAL HOSPITAL OF GENEVA,OH,not-assessed-not-named-in-file,https://uhhospitals.org/,ok,200,1,,,,,,,,465,transcripts\uhhospitals.org--f45a04c5.txt
371322,BEAVER COUNTY MEMORIAL HOSPITAL,OK,not-assessed-site-unreachable,https://beavercountyhospitalauthority.com/cms-hpt.txt,ok,202,0,nginx,,,,,,,464,transcripts\beavercountyhospitalauthority.com--5e19e79d.txt
371322,BEAVER COUNTY MEMORIAL HOSPITAL,OK,not-assessed-site-unreachable,https://beavercountyhospitalauthority.com/,ok,202,0,nginx,,,,,,,145,transcripts\beavercountyhospitalauthority.com--d13fea3c.txt
370203,"COMMUNITY HOSPITAL, LLC",OK,pointer-blocked-to-automation,https://communityhospitalokc.com/cms-hpt.txt,ok,403,0,cloudflare,a371fa564d7fadb7-IAD,challenge,,cloudflare,Just a moment,,167,transcripts\communityhospitalokc.com--ab649e79.txt
370203,"COMMUNITY HOSPITAL, LLC",OK,pointer-blocked-to-automation,https://communityhospitalokc.com/,ok,403,0,cloudflare,a371fa567e1fadb7-IAD,challenge,,cloudflare,Just a moment,,36,transcripts\communityhospitalokc.com--9ee4026c.txt
370006,INTEGRIS HEALTH PONCA CITY,OK,pointer-blocked-to-automation,https://alliancehealthponcacity.com/cms-hpt.txt,ok,404,0,awselb/2.0,,,,,,,110,transcripts\alliancehealthponcacity.com--634de88e.txt
370006,INTEGRIS HEALTH PONCA CITY,OK,pointer-blocked-to-automation,https://alliancehealthponcacity.com/,ok,403,1,ip-10-123-125-82.ec2.internal | cloudflare,a371fa58ee43c105-IAD,,,cloudflare,Attention Required,,279,transcripts\alliancehealthponcacity.com--f31a2d4e.txt
370002,Integris Health Woodward Hospital,OK,pointer-blocked-to-automation,https://alliancehealthwoodward.com/cms-hpt.txt,ok,404,0,awselb/2.0,,,,,,,115,transcripts\alliancehealthwoodward.com--9ca80397.txt
370002,Integris Health Woodward Hospital,OK,pointer-blocked-to-automation,https://alliancehealthwoodward.com/,ok,403,1,ip-10-123-124-11.ec2.internal | cloudflare,a371fa594c23f42c-IAD,,,cloudflare,Attention Required,,216,transcripts\alliancehealthwoodward.com--0cd84834.txt
370199,"LAKESIDE WOMEN'S HOSPITAL, A MEMBER OF INTEGRIS HE",OK,pointer-blocked-to-automation,https://lakeside-wh.com/cms-hpt.txt,ok,403,0,cloudflare,a371fa5a18041342-IAD,,,cloudflare,Attention Required,,181,transcripts\lakeside-wh.com--c33f9f3b.txt
370199,"LAKESIDE WOMEN'S HOSPITAL, A MEMBER OF INTEGRIS HE",OK,pointer-blocked-to-automation,https://lakeside-wh.com/,ok,403,0,cloudflare,a371fa5a48a71342-IAD,,,cloudflare,Attention Required,,37,transcripts\lakeside-wh.com--5a8c1bb1.txt
370093,O U MEDICAL CENTER,OK,not-assessed-not-named-in-file,https://ouhealth.com/,ok,200,1,nginx,,,,,,,1536,transcripts\ouhealth.com--2901107f.txt
370097,SOUTHWESTERN MEDICAL CENTER,OK,not-assessed-site-unreachable,https://swmconline.com/cms-hpt.txt,ok,500,0,Varnish,,,,,,fetch failed (cause: ERR_TLS_CERT_ALTNAME_INVALID),243,transcripts\swmconline.com--7625574e.txt
370097,SOUTHWESTERN MEDICAL CENTER,OK,not-assessed-site-unreachable,https://swmconline.com/,ok,500,0,Varnish,,,,,,fetch failed (cause: ERR_TLS_CERT_ALTNAME_INVALID),104,transcripts\swmconline.com--950b081e.txt
370201,SURGICAL HOSPITAL OF OKLAHOMA,OK,not-assessed-not-named-in-file,https://surgicalhospitalok.net/,ok,200,0,Apache/2.4.6 (CentOS) OpenSSL/1.0.2k-fips,,,,,,,2277,transcripts\surgicalhospitalok.net--798e7255.txt
371314,THE PHYSICIANS' HOSPITAL IN ANADARKO,OK,not-assessed-site-unreachable,https://anadarkohospital.com/cms-hpt.txt,failed,,0,,,,,,,fetch failed (cause: ENOTFOUND),34,transcripts\anadarkohospital.com--85f33035.txt
371314,THE PHYSICIANS' HOSPITAL IN ANADARKO,OK,not-assessed-site-unreachable,https://anadarkohospital.com/,failed,,0,,,,,,,fetch failed (cause: ENOTFOUND),3,transcripts\anadarkohospital.com--88049aff.txt
381317,ADVENTIST HEALTH TILLAMOOK,OR,not-assessed-not-named-in-file,https://adventisthealth.org/,ok,200,1,awselb/2.0 | Apache/2.4.52 (Ubuntu),,,,,,,1217,transcripts\adventisthealth.org--fed3aa75.txt
380005,ASANTE ASHLAND COMMUNITY HOSPITAL,OR,mrf-blocked-to-automation,https://www.asante.org/app/files/public/6ced7477-8c3f-45bc-b59e-cbc0ca8270f4/AsanteAshlandCommunityHospital_StandardCharges.zip,ok,404,0,,,,,,,,1005,transcripts\asante.org--c04ab484.txt
381321,GRANDE RONDE HOSPITAL,OR,mrf-url-unreachable,https://www.grh.org/clientfiles/GetFile/930505325_grande-ronde-hospital_standardcharges.csv,ok,404,0,Microsoft-IIS/10.0,,,,,,,535,transcripts\grh.org--5c626706.txt
384008,OREGON STATE HOSPITAL DISTINCT PART,OR,not-assessed-site-unreachable,https://oregon.gov/cms-hpt.txt,ok,404,1,BigIP | Microsoft-IIS/10.0,,,,cloudfront,,,775,transcripts\oregon.gov--d49cf57d.txt
384008,OREGON STATE HOSPITAL DISTINCT PART,OR,not-assessed-site-unreachable,https://oregon.gov/,ok,200,2,BigIP | Microsoft-IIS/10.0 | Microsoft-IIS/10.0,,,,cloudfront,,,8016,transcripts\oregon.gov--9b1a6162.txt
381316,PEACE HARBOR MEDICAL CENTER,OR,pointer-blocked-to-automation,https://peacehealth.org/cms-hpt.txt,ok,,2,,,,,,,fetch failed (cause: UND_ERR_CONNECT_TIMEOUT),39862,transcripts\peacehealth.org--a3aae4db.txt
381316,PEACE HARBOR MEDICAL CENTER,OR,pointer-blocked-to-automation,https://peacehealth.org/,ok,403,1,cloudflare | cloudflare,a371f558e8fb2bd4-IAD | a371f55a0eeea6be-IAD,challenge,,cloudflare,Just a moment,,3452,transcripts\peacehealth.org--c1ce36b3.txt
381301,PEACEHEALTH COTTAGE GROVE COMMUNITY MEDICAL CENTER,OR,pointer-blocked-to-automation,https://peacehealth.org/cms-hpt.txt,ok,,2,,,,,,,fetch failed (cause: UND_ERR_CONNECT_TIMEOUT),39862,transcripts\peacehealth.org--a3aae4db.txt
381301,PEACEHEALTH COTTAGE GROVE COMMUNITY MEDICAL CENTER,OR,pointer-blocked-to-automation,https://peacehealth.org/,ok,403,1,cloudflare | cloudflare,a371f558e8fb2bd4-IAD | a371f55a0eeea6be-IAD,challenge,,cloudflare,Just a moment,,3452,transcripts\peacehealth.org--c1ce36b3.txt
380102,SACRED HEART MEDICAL CENTER - RIVERBEND,OR,pointer-blocked-to-automation,https://peacehealth.org/cms-hpt.txt,ok,,2,,,,,,,fetch failed (cause: UND_ERR_CONNECT_TIMEOUT),39862,transcripts\peacehealth.org--a3aae4db.txt
380102,SACRED HEART MEDICAL CENTER - RIVERBEND,OR,pointer-blocked-to-automation,https://peacehealth.org/,ok,403,1,cloudflare | cloudflare,a371f558e8fb2bd4-IAD | a371f55a0eeea6be-IAD,challenge,,cloudflare,Just a moment,,3452,transcripts\peacehealth.org--c1ce36b3.txt
391309,BARNES-KASSON COUNTY HOSPITAL,PA,not-assessed-site-unreachable,https://barnes-kasson.org/cms-hpt.txt,ok,200,0,Microsoft-IIS/10.0,,,,,,fetch failed (cause: UND_ERR_CONNECT_TIMEOUT),10424,transcripts\barnes-kasson.org--ff97a407.txt
391309,BARNES-KASSON COUNTY HOSPITAL,PA,not-assessed-site-unreachable,https://barnes-kasson.org/,ok,200,0,Microsoft-IIS/10.0,,,,,,fetch failed (cause: UND_ERR_CONNECT_TIMEOUT),12395,transcripts\barnes-kasson.org--8c1d70f6.txt
394049,BROOKE GLEN BEHAVIORAL HOSPITAL,PA,pointer-blocked-to-automation,https://brookeglenhospital.com/cms-hpt.txt,ok,403,0,cloudflare,a371faa8b9af8982-IAD,challenge,,cloudflare,Just a moment,,11225,transcripts\brookeglenhospital.com--b8275681.txt
394049,BROOKE GLEN BEHAVIORAL HOSPITAL,PA,pointer-blocked-to-automation,https://brookeglenhospital.com/,ok,403,0,cloudflare,a371faa90ab18982-IAD,challenge,,cloudflare,Just a moment,,39,transcripts\brookeglenhospital.com--ee3d10bd.txt
394043,CLARION PSYCHIATRIC CENTER,PA,pointer-blocked-to-automation,https://clarioncenter.com/cms-hpt.txt,ok,403,0,cloudflare,a371fa92cb63180d-IAD,challenge,,cloudflare,Just a moment,,6924,transcripts\clarioncenter.com--37eb9e60.txt
394043,CLARION PSYCHIATRIC CENTER,PA,pointer-blocked-to-automation,https://clarioncenter.com/,ok,403,0,cloudflare,a371fa935d59180d-IAD,challenge,,cloudflare,Just a moment,,75,transcripts\clarioncenter.com--6c9efc06.txt
390180,CROZER CHESTER MEDICAL CENTER,PA,no-cms-hpt-txt-published,https://crozerhealth.org/,ok,200,0,cloudflare,a371fa93ebffa62c-IAD,,,cloudflare,,,174,transcripts\crozerhealth.org--fc5dc667.txt
390180,CROZER CHESTER MEDICAL CENTER,PA,no-cms-hpt-txt-published,https://crozerhealth.org/cms-hpt.txt,ok,404,0,cloudflare,a371fa947cf9a62c-IAD,,,cloudflare,,,123,transcripts\crozerhealth.org--90ce9373.txt
390180,CROZER CHESTER MEDICAL CENTER,PA,no-cms-hpt-txt-published,https://crozerhealth.org/.well-known/cms-hpt.txt,ok,404,0,cloudflare,a371fa954e87a62c-IAD,,,cloudflare,,,107,transcripts\crozerhealth.org--686e4511.txt
390278,EAGLEVILLE HOSPITAL,PA,no-cms-hpt-txt-published,https://eagleville.org/,ok,200,0,cloudflare,a371fa940af85d16-IAD,,,cloudflare,,,192,transcripts\eagleville.org--486d07ee.txt
390278,EAGLEVILLE HOSPITAL,PA,no-cms-hpt-txt-published,https://eagleville.org/cms-hpt.txt,ok,404,0,cloudflare,a371fa94ddf55d16-IAD,,,cloudflare,,,186,transcripts\eagleville.org--32b44811.txt
390278,EAGLEVILLE HOSPITAL,PA,no-cms-hpt-txt-published,https://eagleville.org/.well-known/cms-hpt.txt,ok,404,0,cloudflare,a371fa962bbd5d16-IAD,,,cloudflare,,,243,transcripts\eagleville.org--274856ac.txt
390307,EDGEWOOD SURGICAL HOSPITAL,PA,no-cms-hpt-txt-published,https://edgewoodsurgical.com/,ok,200,0,cloudflare,a371fa96ce63c5e9-IAD,,,cloudflare,,,213,transcripts\edgewoodsurgical.com--10f7a29a.txt
390307,EDGEWOOD SURGICAL HOSPITAL,PA,no-cms-hpt-txt-published,https://edgewoodsurgical.com/cms-hpt.txt,ok,404,0,cloudflare,a371fa972f78c5e9-IAD,,,cloudflare,,,883,transcripts\edgewoodsurgical.com--58c3f86e.txt
390307,EDGEWOOD SURGICAL HOSPITAL,PA,no-cms-hpt-txt-published,https://edgewoodsurgical.com/.well-known/cms-hpt.txt,ok,404,0,cloudflare,a371fa9cb8c6c5e9-IAD,,,cloudflare,,,651,transcripts\edgewoodsurgical.com--46bc7179.txt
391306,ENDLESS MOUNTAINS HEALTH SYSTEMS,PA,no-cms-hpt-txt-published,https://endlesscare.org/,ok,200,1,Squarespace | Squarespace,,,,,,,359,transcripts\endlesscare.org--368ee2d3.txt
391306,ENDLESS MOUNTAINS HEALTH SYSTEMS,PA,no-cms-hpt-txt-published,https://endlesscare.org/cms-hpt.txt,ok,404,1,Squarespace | Squarespace,,,,,,,186,transcripts\endlesscare.org--dd1f5c8d.txt
391306,ENDLESS MOUNTAINS HEALTH SYSTEMS,PA,no-cms-hpt-txt-published,https://endlesscare.org/.well-known/cms-hpt.txt,ok,404,1,Squarespace | Squarespace,,,,,,,154,transcripts\endlesscare.org--25e2ce0d.txt
390219,EXCELA HEALTH LATROBE HOSPITAL,PA,not-assessed-not-named-in-file,https://excelahealth.org/,ok,200,2,nginx,,,,,,,1230,transcripts\excelahealth.org--fb512507.txt
394027,FAIRMOUNT BEHAVIORAL HEALTH SYSTEM,PA,pointer-blocked-to-automation,https://fairmountbhs.com/cms-hpt.txt,ok,403,0,cloudflare,a371fa9b189f7ce6-IAD,challenge,,cloudflare,Just a moment,,127,transcripts\fairmountbhs.com--a6228a7c.txt
394027,FAIRMOUNT BEHAVIORAL HEALTH SYSTEM,PA,pointer-blocked-to-automation,https://fairmountbhs.com/,ok,403,0,cloudflare,a371fa9bbb3d7ce6-IAD,challenge,,cloudflare,Just a moment,,79,transcripts\fairmountbhs.com--9cd7e70d.txt
394034,HORSHAM CLINIC,PA,pointer-blocked-to-automation,https://horshamclinic.com/cms-hpt.txt,ok,403,0,cloudflare,a371fa9cdda278b1-IAD,challenge,,cloudflare,Just a moment,,173,transcripts\horshamclinic.com--8e9c10d4.txt
394034,HORSHAM CLINIC,PA,pointer-blocked-to-automation,https://horshamclinic.com/,ok,403,0,cloudflare,a371fa9d0e2978b1-IAD,challenge,,cloudflare,Just a moment,,28,transcripts\horshamclinic.com--f111b6f1.txt
390168,INDEPENDENCE HEALTH SYSTEM BUTLER MEMORIAL HOSPITA,PA,not-assessed-not-named-in-file,https://butlerhealthsystem.org/,ok,200,2,nginx,,,,,,,1258,transcripts\butlerhealthsystem.org--d2794c38.txt
390093,INDEPENDENCE HEALTH SYSTEM CLARION HOSPITAL,PA,not-assessed-not-named-in-file,https://butlerhealthsystem.org/,ok,200,2,nginx,,,,,,,1258,transcripts\butlerhealthsystem.org--d2794c38.txt
394057,MALVERN BEHAVIORAL HEALTH,PA,no-cms-hpt-txt-published,https://malvernbh.com/,ok,200,1,cloudflare | cloudflare,a371faa0accb12ce-IAD | a371faa23b958f22-IAD,,,cloudflare,,,660,transcripts\malvernbh.com--6a39bdaa.txt
394057,MALVERN BEHAVIORAL HEALTH,PA,no-cms-hpt-txt-published,https://malvernbh.com/cms-hpt.txt,ok,404,1,cloudflare | cloudflare,a371faa36d8112ce-IAD | a371faa3a81d8f22-IAD,,,cloudflare,,,379,transcripts\malvernbh.com--dbdef8d5.txt
394057,MALVERN BEHAVIORAL HEALTH,PA,no-cms-hpt-txt-published,https://malvernbh.com/.well-known/cms-hpt.txt,ok,404,1,cloudflare | cloudflare,a371faa5dd2a12ce-IAD | a371faa62fdf8f22-IAD,,,cloudflare,,,340,transcripts\malvernbh.com--d063c395.txt
394040,MEADOWS PSYCHIATRIC CENTER,PA,pointer-blocked-to-automation,https://themeadows.net/cms-hpt.txt,ok,403,0,cloudflare,a371faa1892a2434-IAD,challenge,,cloudflare,Just a moment,,155,transcripts\themeadows.net--5cf38f2d.txt
394040,MEADOWS PSYCHIATRIC CENTER,PA,pointer-blocked-to-automation,https://themeadows.net/,ok,403,0,cloudflare,a371faa1da8e2434-IAD,challenge,,cloudflare,Just a moment,,46,transcripts\themeadows.net--a872c01f.txt
391312,PENN HIGHLANDS BROOKVILLE,PA,mrf-blocked-to-automation,https://www.phhealthcare.org/download/?id=15368,ok,403,0,cloudflare,a371faa32c37e5fc-IAD,challenge,,cloudflare,Just a moment,,222,transcripts\phhealthcare.org--ab6935d8.txt
390184,PENN HIGHLANDS CONNELLSVILLE,PA,mrf-blocked-to-automation,https://www.phhealthcare.org/download/?id=14597,ok,403,0,cloudflare,a371faa38daae5fc-IAD,challenge,,cloudflare,Just a moment,,25,transcripts\phhealthcare.org--a5da78a4.txt
390086,PENN HIGHLANDS DUBOIS,PA,mrf-blocked-to-automation,https://www.phhealthcare.org/download/?id=15371,ok,403,0,cloudflare,a371faa3be4de5fc-IAD,challenge,,cloudflare,Just a moment,,28,transcripts\phhealthcare.org--86689666.txt
391315,PENN HIGHLANDS ELK,PA,mrf-blocked-to-automation,https://www.phhealthcare.org/download/?id=15372,ok,403,0,cloudflare,a371faa3ef07e5fc-IAD,challenge,,cloudflare,Just a moment,,25,transcripts\phhealthcare.org--a200b361.txt
390056,PENN HIGHLANDS HUNTINGDON,PA,mrf-blocked-to-automation,https://www.phhealthcare.org/download/?id=15373,ok,403,0,cloudflare,a371faa41face5fc-IAD,challenge,,cloudflare,Just a moment,,34,transcripts\phhealthcare.org--974648bc.txt
390147,PENN HIGHLANDS MON VALLEY,PA,mrf-blocked-to-automation,https://www.phhealthcare.org/download/?id=14847,ok,403,0,cloudflare,a371faa44898e5fc-IAD,challenge,,cloudflare,Just a moment,,24,transcripts\phhealthcare.org--a861f284.txt
391307,PENN HIGHLANDS TYRONE,PA,mrf-blocked-to-automation,https://www.phhealthcare.org/download/?id=15375,ok,403,0,cloudflare,a371faa47942e5fc-IAD,challenge,,cloudflare,Just a moment,,36,transcripts\phhealthcare.org--ef2b58e1.txt
390237,REGIONAL HOSPITAL OF SCRANTON,PA,no-cms-hpt-txt-published,https://commonwealthhealth.net/,ok,200,0,nginx,,,,,,,151,transcripts\commonwealthhealth.net--0d554533.txt
390237,REGIONAL HOSPITAL OF SCRANTON,PA,no-cms-hpt-txt-published,https://commonwealthhealth.net/cms-hpt.txt,ok,404,0,nginx,,,,,,,1154,transcripts\commonwealthhealth.net--9434f17c.txt
390237,REGIONAL HOSPITAL OF SCRANTON,PA,no-cms-hpt-txt-published,https://commonwealthhealth.net/.well-known/cms-hpt.txt,ok,404,0,nginx,,,,,,,1276,transcripts\commonwealthhealth.net--3ff54b6b.txt
394050,ROXBURY TREATMENT CENTER,PA,pointer-blocked-to-automation,https://roxburyhospital.com/cms-hpt.txt,ok,403,0,cloudflare,a371faa5ef2dd67c-IAD,challenge,,cloudflare,Just a moment,,173,transcripts\roxburyhospital.com--75f55eff.txt
394050,ROXBURY TREATMENT CENTER,PA,pointer-blocked-to-automation,https://roxburyhospital.com/,ok,403,0,cloudflare,a371faa64ff4d67c-IAD,challenge,,cloudflare,Just a moment,,40,transcripts\roxburyhospital.com--ef3cdfe2.txt
390030,SCHUYLKILL MEDICAL CENTER - SOUTH JACKSON STREET,PA,not-assessed-not-named-in-file,https://lvhn.org/,ok,200,3,nginx | nginx,,,,,,fetch failed (cause: UND_ERR_CONNECT_TIMEOUT),11935,transcripts\lvhn.org--79ad3adb.txt
390211,SHARON REGIONAL MEDICAL CENTER,PA,no-cms-hpt-txt-published,https://sharonregionalmedical.org/,ok,200,1,nginx,,,,,,fetch failed (cause: ERR_SSL_TLSV1_ALERT_INTERNAL_ERROR),408,transcripts\sharonregionalmedical.org--171e6d6b.txt
390211,SHARON REGIONAL MEDICAL CENTER,PA,no-cms-hpt-txt-published,https://sharonregionalmedical.org/cms-hpt.txt,ok,404,0,awselb/2.0,,,,,,,140,transcripts\sharonregionalmedical.org--5024ede7.txt
390211,SHARON REGIONAL MEDICAL CENTER,PA,no-cms-hpt-txt-published,https://sharonregionalmedical.org/.well-known/cms-hpt.txt,ok,404,0,,,,,,,,146,transcripts\sharonregionalmedical.org--bf35224f.txt
390116,SUBURBAN COMMUNITY HOSPITAL,PA,not-assessed-not-named-in-file,https://suburbanhosp.org/,ok,200,1,Sucuri/Cloudproxy | Sucuri/Cloudproxy,,,,,,,349,transcripts\suburbanhosp.org--bcb58a76.txt
390316,SURGICAL INSTITUTE OF READING,PA,pointer-blocked-to-automation,https://sireading.com/cms-hpt.txt,ok,403,0,cloudflare,a371faac2bd3f45a-IAD,challenge,,cloudflare,Just a moment,,129,transcripts\sireading.com--de961710.txt
390316,SURGICAL INSTITUTE OF READING,PA,pointer-blocked-to-automation,https://sireading.com/,ok,403,0,cloudflare,a371faac5c59f45a-IAD,challenge,,cloudflare,Just a moment,,27,transcripts\sireading.com--9d2e4c00.txt
390146,WARREN GENERAL HOSPITAL,PA,mrf-url-unreachable,https://www.wgh.org/s/250965598_warren-general-hospital_standardcharges-8tly.csv,ok,404,0,Squarespace,,,,,,,317,transcripts\wgh.org--af67d8d8.txt
390137,WILKES-BARRE GENERAL HOSPITAL,PA,no-cms-hpt-txt-published,https://commonwealthhealth.net/,ok,200,0,nginx,,,,,,,151,transcripts\commonwealthhealth.net--0d554533.txt
390137,WILKES-BARRE GENERAL HOSPITAL,PA,no-cms-hpt-txt-published,https://commonwealthhealth.net/cms-hpt.txt,ok,404,0,nginx,,,,,,,1154,transcripts\commonwealthhealth.net--9434f17c.txt
390137,WILKES-BARRE GENERAL HOSPITAL,PA,no-cms-hpt-txt-published,https://commonwealthhealth.net/.well-known/cms-hpt.txt,ok,404,0,nginx,,,,,,,1276,transcripts\commonwealthhealth.net--3ff54b6b.txt
400102,DOCTORS' CENTER BAYAMON,PR,not-assessed-not-named-in-file,https://doctorscenterhospital.com/,ok,200,1,Vercel | Vercel,,,,,,,434,transcripts\doctorscenterhospital.com--46e5440e.txt
400117,HOSPITAL METROPOLITANO  DR SUSONI,PR,no-cms-hpt-txt-published,https://hospitaldrsusoni.com/,ok,202,0,nginx,,,,,,,278,transcripts\hospitaldrsusoni.com--26606038.txt
400117,HOSPITAL METROPOLITANO  DR SUSONI,PR,no-cms-hpt-txt-published,https://hospitaldrsusoni.com/cms-hpt.txt,ok,202,0,nginx,,,,,,,65,transcripts\hospitaldrsusoni.com--b25ed102.txt
400117,HOSPITAL METROPOLITANO  DR SUSONI,PR,no-cms-hpt-txt-published,https://hospitaldrsusoni.com/.well-known/cms-hpt.txt,ok,202,0,nginx,,,,,,,63,transcripts\hospitaldrsusoni.com--1fce5589.txt
404007,HOSPITAL METROPOLITANO  PSIQUIATRICO DE CABO ROJO,PR,no-cms-hpt-txt-published,https://hospitalmetrocaborojo.com/,ok,202,0,nginx,,,,,,,271,transcripts\hospitalmetrocaborojo.com--26bd5c16.txt
404007,HOSPITAL METROPOLITANO  PSIQUIATRICO DE CABO ROJO,PR,no-cms-hpt-txt-published,https://hospitalmetrocaborojo.com/cms-hpt.txt,ok,202,0,nginx,,,,,,,72,transcripts\hospitalmetrocaborojo.com--aedb8a01.txt
404007,HOSPITAL METROPOLITANO  PSIQUIATRICO DE CABO ROJO,PR,no-cms-hpt-txt-published,https://hospitalmetrocaborojo.com/.well-known/cms-hpt.txt,ok,202,0,nginx,,,,,,,65,transcripts\hospitalmetrocaborojo.com--1200c7fe.txt
400130,HOSPITAL METROPOLITANO DE LA MONTANA,PR,no-cms-hpt-txt-published,https://hospitalmetroutuado.com/,ok,202,0,nginx,,,,,,,308,transcripts\hospitalmetroutuado.com--2367d52c.txt
400130,HOSPITAL METROPOLITANO DE LA MONTANA,PR,no-cms-hpt-txt-published,https://hospitalmetroutuado.com/cms-hpt.txt,ok,202,0,nginx,,,,,,,54,transcripts\hospitalmetroutuado.com--817da82c.txt
400130,HOSPITAL METROPOLITANO DE LA MONTANA,PR,no-cms-hpt-txt-published,https://hospitalmetroutuado.com/.well-known/cms-hpt.txt,ok,202,0,nginx,,,,,,,61,transcripts\hospitalmetroutuado.com--2c2c36ff.txt
400003,HOSPITAL METROPOLITANO DR PILA,PR,no-cms-hpt-txt-published,https://hmdrpila.com/,ok,202,0,nginx,,,,,,,323,transcripts\hmdrpila.com--96ec132c.txt
400003,HOSPITAL METROPOLITANO DR PILA,PR,no-cms-hpt-txt-published,https://hmdrpila.com/cms-hpt.txt,ok,202,0,nginx,,,,,,,66,transcripts\hmdrpila.com--c3668214.txt
400003,HOSPITAL METROPOLITANO DR PILA,PR,no-cms-hpt-txt-published,https://hmdrpila.com/.well-known/cms-hpt.txt,ok,202,0,nginx,,,,,,,186,transcripts\hmdrpila.com--dacc4f30.txt
400128,"HOSPITAL PAVIA HATO REY, INC",PR,no-cms-hpt-txt-published,https://hospitalpaviapr.com/,ok,202,0,nginx,,,,,,,485,transcripts\hospitalpaviapr.com--a6cc9083.txt
400128,"HOSPITAL PAVIA HATO REY, INC",PR,no-cms-hpt-txt-published,https://hospitalpaviapr.com/cms-hpt.txt,ok,202,0,nginx,,,,,,,60,transcripts\hospitalpaviapr.com--7d666039.txt
400128,"HOSPITAL PAVIA HATO REY, INC",PR,no-cms-hpt-txt-published,https://hospitalpaviapr.com/.well-known/cms-hpt.txt,ok,202,0,nginx,,,,,,,66,transcripts\hospitalpaviapr.com--5d2ae8eb.txt
400019,HOSPITAL PAVIA SANTURCE,PR,no-cms-hpt-txt-published,https://hospitalpaviapr.com/,ok,202,0,nginx,,,,,,,485,transcripts\hospitalpaviapr.com--a6cc9083.txt
400019,HOSPITAL PAVIA SANTURCE,PR,no-cms-hpt-txt-published,https://hospitalpaviapr.com/cms-hpt.txt,ok,202,0,nginx,,,,,,,60,transcripts\hospitalpaviapr.com--7d666039.txt
400019,HOSPITAL PAVIA SANTURCE,PR,no-cms-hpt-txt-published,https://hospitalpaviapr.com/.well-known/cms-hpt.txt,ok,202,0,nginx,,,,,,,66,transcripts\hospitalpaviapr.com--5d2ae8eb.txt
400110,HOSPITAL PAVIA YAUCO,PR,no-cms-hpt-txt-published,https://hospitalpaviayauco.com/,ok,202,0,nginx,,,,,,,505,transcripts\hospitalpaviayauco.com--f2b9e4ca.txt
400110,HOSPITAL PAVIA YAUCO,PR,no-cms-hpt-txt-published,https://hospitalpaviayauco.com/cms-hpt.txt,ok,202,0,nginx,,,,,,,95,transcripts\hospitalpaviayauco.com--d4cb4f88.txt
400110,HOSPITAL PAVIA YAUCO,PR,no-cms-hpt-txt-published,https://hospitalpaviayauco.com/.well-known/cms-hpt.txt,ok,202,0,nginx,,,,,,,84,transcripts\hospitalpaviayauco.com--639ff57b.txt
400123,HOSPITAL PEREA,PR,no-cms-hpt-txt-published,https://hospitalperea.com/,ok,202,0,nginx,,,,,,,416,transcripts\hospitalperea.com--d697f3d9.txt
400123,HOSPITAL PEREA,PR,no-cms-hpt-txt-published,https://hospitalperea.com/cms-hpt.txt,ok,202,0,nginx,,,,,,,96,transcripts\hospitalperea.com--3db60f6d.txt
400123,HOSPITAL PEREA,PR,no-cms-hpt-txt-published,https://hospitalperea.com/.well-known/cms-hpt.txt,ok,202,0,nginx,,,,,,,85,transcripts\hospitalperea.com--61ead776.txt
400106,METROPOLITAN HOSPITAL,PR,no-cms-hpt-txt-published,https://hospitalmetropolitanopr.com/,ok,202,0,nginx,,,,,,,342,transcripts\hospitalmetropolitanopr.com--ad47da6d.txt
400106,METROPOLITAN HOSPITAL,PR,no-cms-hpt-txt-published,https://hospitalmetropolitanopr.com/cms-hpt.txt,ok,202,0,nginx,,,,,,,85,transcripts\hospitalmetropolitanopr.com--5037959d.txt
400106,METROPOLITAN HOSPITAL,PR,no-cms-hpt-txt-published,https://hospitalmetropolitanopr.com/.well-known/cms-hpt.txt,ok,202,0,nginx,,,,,,,70,transcripts\hospitalmetropolitanopr.com--fc173064.txt
400122,PROFESSIONAL HOSPITAL GUAYNABO INC,PR,mrf-url-unreachable,https://professionalhospital.net/wp-content/uploads/2023/10/660714964_PROFESSIONAL-HOSPITAL-GUAYNABO_standardcharges.csv,ok,404,0,cloudflare,a371faba6c759c55-IAD,,,cloudflare,,,1058,transcripts\professionalhospital.net--39a92cc6.txt
420082,AIKEN REGIONAL MEDICAL CENTER,SC,pointer-blocked-to-automation,https://aikenregional.com/cms-hpt.txt,ok,403,0,cloudflare,a371faba4b3f4709-IAD,,,cloudflare,Access denied,,196,transcripts\aikenregional.com--e4e78fb8.txt
420082,AIKEN REGIONAL MEDICAL CENTER,SC,pointer-blocked-to-automation,https://aikenregional.com/,ok,403,0,cloudflare,a371faba9c724709-IAD,,,cloudflare,Access denied,,34,transcripts\aikenregional.com--24d97afa.txt
420010,CAROLINA PINES REGIONAL MEDICAL CENTER,SC,not-assessed-site-unreachable,https://cprmc.com/cms-hpt.txt,ok,406,0,,,,,,,,203,transcripts\cprmc.com--1dddf626.txt
420010,CAROLINA PINES REGIONAL MEDICAL CENTER,SC,not-assessed-site-unreachable,https://cprmc.com/,ok,406,0,,,,,,,,50,transcripts\cprmc.com--4e1efb5a.txt
420072,HAMPTON REGIONAL MEDICAL CENTER,SC,mrf-url-unreachable,https://hospitalpricetransparencyfiles.com/hampton-regional-hospital/571017988_Hampton-Regional-Hospital_standardcharges.csv,ok,404,0,cloudflare,a371fabbcc83c9bf-IAD,,,cloudflare,,,299,transcripts\hospitalpricetransparencyfiles.com--eb0a4d3a.txt
420073,LEXINGTON MEDICAL CENTER,SC,no-cms-hpt-txt-published,https://lexmed.com/,ok,200,1,Microsoft-IIS/10.0 | Microsoft-IIS/10.0,,,,,,,799,transcripts\lexmed.com--52e1b407.txt
420073,LEXINGTON MEDICAL CENTER,SC,no-cms-hpt-txt-published,https://lexmed.com/cms-hpt.txt,ok,200,2,Microsoft-IIS/10.0 | Microsoft-IIS/10.0 | Microsoft-IIS/10.0,,,,,,,215,transcripts\lexmed.com--5b79d07c.txt
420073,LEXINGTON MEDICAL CENTER,SC,no-cms-hpt-txt-published,https://lexmed.com/.well-known/cms-hpt.txt,ok,200,2,Microsoft-IIS/10.0 | Microsoft-IIS/10.0 | Microsoft-IIS/10.0,,,,,,,202,transcripts\lexmed.com--ae9590b2.txt
420051,MCLEOD REGIONAL MEDICAL CENTER-PEE DEE,SC,not-assessed-not-named-in-file,https://mcleodhealth.org/,ok,200,1,cloudflare | cloudflare,a371fabdea2c6589-IAD | a371fabfdffce610-IAD,,,cloudflare,,,683,transcripts\mcleodhealth.org--784fe1ad.txt
420104,MOUNT PLEASANT HOSPITAL,SC,not-assessed-not-named-in-file,https://rsfh.com/,ok,200,1,cloudflare | cloudflare,a371fac18c6420a6-IAD | a371fac33a40c988-IAD,,,cloudflare,,,640,transcripts\rsfh.com--ec3d679b.txt
431318,BOWDLE HOSPITAL - CAH,SD,not-assessed-not-named-in-file,https://avera.org/,ok,200,2,,,,,,,,1014,transcripts\avera.org--93b89a21.txt
431316,COMMUNITY MEMORIAL HOSPITAL,SD,mrf-blocked-to-automation,https://www.avera.org/app/files/public/ab83b4b4-beb0-4a03-897d-6ce6983a71c5/466000400_redfield-community-memorial_standardcharges.csv,ok,200,0,,,,,,,,282,transcripts\avera.org--c9aa73e1.txt
431308,EUREKA COMMUNITY HEALTH SERVICES - CAH,SD,not-assessed-not-named-in-file,https://avera.org/,ok,200,2,,,,,,,,1014,transcripts\avera.org--93b89a21.txt
431313,FREEMAN MEDICAL CENTER - CAH,SD,not-assessed-not-named-in-file,https://avera.org/,ok,200,2,,,,,,,,1014,transcripts\avera.org--93b89a21.txt
431300,MADISON REGIONAL HEALTH SYSTEM,SD,no-cms-hpt-txt-published,https://madisonregionalhealth.org/,ok,200,0,LiteSpeed,,,,,,,342,transcripts\madisonregionalhealth.org--39d1dcc2.txt
431300,MADISON REGIONAL HEALTH SYSTEM,SD,no-cms-hpt-txt-published,https://madisonregionalhealth.org/cms-hpt.txt,ok,,18,LiteSpeed | LiteSpeed | LiteSpeed | LiteSpeed | LiteSpeed | LiteSpeed | LiteSpeed | LiteSpeed | LiteSpeed,,,,,,too many redirects,20159,transcripts\madisonregionalhealth.org--7ea6314e.txt
431300,MADISON REGIONAL HEALTH SYSTEM,SD,no-cms-hpt-txt-published,https://madisonregionalhealth.org/.well-known/cms-hpt.txt,ok,200,1,LiteSpeed | LiteSpeed,,,,,,,1003,transcripts\madisonregionalhealth.org--bfc42c0a.txt
440072,DYERSBURG REGIONAL MEDICAL CENTER,TN,no-cms-hpt-txt-published,https://wth.org/,ok,200,1,cloudflare | cloudflare,a371fac4b93eef60-IAD | a371fac7ae04787b-IAD,,,cloudflare,,,605,transcripts\wth.org--db4cc468.txt
440072,DYERSBURG REGIONAL MEDICAL CENTER,TN,no-cms-hpt-txt-published,https://wth.org/cms-hpt.txt,ok,404,0,cloudflare,a371fac81d0bef60-IAD,,,cloudflare,,,132,transcripts\wth.org--8424510b.txt
440072,DYERSBURG REGIONAL MEDICAL CENTER,TN,no-cms-hpt-txt-published,https://wth.org/.well-known/cms-hpt.txt,ok,404,0,cloudflare,a371fac8e81bef60-IAD,,,cloudflare,,,329,transcripts\wth.org--ea499fe0.txt
443303,EAST TENNESSEE CHILDRENS HOSPITAL,TN,mrf-blocked-to-automation,https://www.etch.com/app/files/public/23fd56f6-43f8-45b4-974b-e7d2a20a228c/Documents/626002604_east-tennessee-childrens-hospital_standardcharges.xml,ok,404,2,,,,,,,,12623,transcripts\etch.com--a289cf02.txt
440104,ERLANGER MEDICAL CENTER,TN,not-assessed-not-named-in-file,https://erlanger.org/,ok,200,1,cloudflare | cloudflare,a371faee9e639acd-IAD | a371faef9a2e5f67-IAD,,,cloudflare,,,5939,transcripts\erlanger.org--857f804a.txt
441322,HOUSTON COUNTY COMMUNITY HOSPITAL,TN,not-assessed-not-named-in-file,https://shamrock.health/,ok,200,0,nginx/1.24.0 (Ubuntu),,,,,,,4956,transcripts\shamrock.health--232bb0d2.txt
440002,JACKSON-MADISON COUNTY GENERAL HOSPITAL,TN,no-cms-hpt-txt-published,https://wth.org/,ok,200,1,cloudflare | cloudflare,a371fac4b93eef60-IAD | a371fac7ae04787b-IAD,,,cloudflare,,,605,transcripts\wth.org--db4cc468.txt
440002,JACKSON-MADISON COUNTY GENERAL HOSPITAL,TN,no-cms-hpt-txt-published,https://wth.org/cms-hpt.txt,ok,404,0,cloudflare,a371fac81d0bef60-IAD,,,cloudflare,,,132,transcripts\wth.org--8424510b.txt
440002,JACKSON-MADISON COUNTY GENERAL HOSPITAL,TN,no-cms-hpt-txt-published,https://wth.org/.well-known/cms-hpt.txt,ok,404,0,cloudflare,a371fac8e81bef60-IAD,,,cloudflare,,,329,transcripts\wth.org--ea499fe0.txt
440102,LINCOLN MEDICAL CENTER,TN,not-assessed-not-named-in-file,https://lincolnhealthsystem.com/,ok,,3,Apache,,,,,,fetch failed (cause: UND_ERR_CONNECT_TIMEOUT),27760,transcripts\lincolnhealthsystem.com--06048fbd.txt
440187,LIVINGSTON REGIONAL HOSPITAL,TN,not-assessed-site-unreachable,https://mylivingstonhospital.com/cms-hpt.txt,ok,406,0,,,,,,,,2748,transcripts\mylivingstonhospital.com--d88047c5.txt
440187,LIVINGSTON REGIONAL HOSPITAL,TN,not-assessed-site-unreachable,https://mylivingstonhospital.com/,ok,406,0,,,,,,,,51,transcripts\mylivingstonhospital.com--269d08b5.txt
440091,"MEMORIAL HEALTHCARE SYSTEM, INC",TN,not-assessed-not-named-in-file,https://memorial.org/,ok,200,4,cloudflare | cloudflare | cloudflare | cloudflare | cloudflare,a371f60b4c147bbc-IAD | a371f60bfa8429bb-IAD | a371f60c2a5af283-IAD | a371f60c8ba7f283-IAD | a371f60d0dbdf283-IAD,,,cloudflare,,,1631,transcripts\memorial.org--148b614f.txt
444014,MIDDLE TN MENTAL HEALTH INSTITUTE,TN,not-assessed-site-unreachable,https://tn.gov/cms-hpt.txt,ok,404,1,Apache | Apache,,,,,,,364,transcripts\tn.gov--9d8f2366.txt
444014,MIDDLE TN MENTAL HEALTH INSTITUTE,TN,not-assessed-site-unreachable,https://tn.gov/,ok,200,1,Apache | Apache,,,,,,,93,transcripts\tn.gov--d632430b.txt
444010,"PATHWAYS OF TENNESSEE, INC",TN,no-cms-hpt-txt-published,https://wth.org/,ok,200,1,cloudflare | cloudflare,a371fac4b93eef60-IAD | a371fac7ae04787b-IAD,,,cloudflare,,,605,transcripts\wth.org--db4cc468.txt
444010,"PATHWAYS OF TENNESSEE, INC",TN,no-cms-hpt-txt-published,https://wth.org/cms-hpt.txt,ok,404,0,cloudflare,a371fac81d0bef60-IAD,,,cloudflare,,,132,transcripts\wth.org--8424510b.txt
444010,"PATHWAYS OF TENNESSEE, INC",TN,no-cms-hpt-txt-published,https://wth.org/.well-known/cms-hpt.txt,ok,404,0,cloudflare,a371fac8e81bef60-IAD,,,cloudflare,,,329,transcripts\wth.org--ea499fe0.txt
444023,PERIMETER BEHAVIORAL CENTER OF JACKSON,TN,not-assessed-not-named-in-file,https://perimeterhealthcare.com/,ok,200,1,nginx,,,,,,,521,transcripts\perimeterhealthcare.com--307188d1.txt
440058,SOUTHERN TENNESSEE REGIONAL HEALTH SYSTEM WINCHEST,TN,not-assessed-not-named-in-file,https://southerntnwinchester.com/,ok,200,1,ip-10-123-124-174.ec2.internal,,,,,,,585,transcripts\southerntnwinchester.com--1fbf2ec6.txt
440200,STONES RIVER HOSPITAL,TN,not-assessed-not-named-in-file,https://healthcare.ascension.org/,ok,200,0,,,,,,,,210,transcripts\healthcare.ascension.org--cc693586.txt
440161,TRISTAR CENTENNIAL MEDICAL CENTER,TN,mrf-blocked-to-automation,https://stctrprodsnsvc00455826e6.blob.core.windows.net/pt-final-posting-files/62-1113737_TRISTAR-CENTENNIAL-MEDICAL-CENTER_standardcharges.json?si=dpx-pt-json-access-policy&spr=https&sv=2024-11-04&sr=c&sig=vdmkLz8lCE1qb%2BnsaFfL8tcI7Gg6B%2B3s%2Fny3TPZ1kqs%3D,ok,403,0,Microsoft-HTTPAPI/2.0,,,,,,,252,transcripts\stctrprodsnsvc00455826e6.blob.core.windows.net--b41b8c70.txt
440061,VOLUNTEER COMMUNITY HOSPITAL,TN,no-cms-hpt-txt-published,https://wth.org/,ok,200,1,cloudflare | cloudflare,a371fac4b93eef60-IAD | a371fac7ae04787b-IAD,,,cloudflare,,,605,transcripts\wth.org--db4cc468.txt
440061,VOLUNTEER COMMUNITY HOSPITAL,TN,no-cms-hpt-txt-published,https://wth.org/cms-hpt.txt,ok,404,0,cloudflare,a371fac81d0bef60-IAD,,,cloudflare,,,132,transcripts\wth.org--8424510b.txt
440061,VOLUNTEER COMMUNITY HOSPITAL,TN,no-cms-hpt-txt-published,https://wth.org/.well-known/cms-hpt.txt,ok,404,0,cloudflare,a371fac8e81bef60-IAD,,,cloudflare,,,329,transcripts\wth.org--ea499fe0.txt
441320,WEST TENNESSEE HEALTHCARE BOLIVAR HOSPITAL,TN,no-cms-hpt-txt-published,https://wth.org/,ok,200,1,cloudflare | cloudflare,a371fac4b93eef60-IAD | a371fac7ae04787b-IAD,,,cloudflare,,,605,transcripts\wth.org--db4cc468.txt
441320,WEST TENNESSEE HEALTHCARE BOLIVAR HOSPITAL,TN,no-cms-hpt-txt-published,https://wth.org/cms-hpt.txt,ok,404,0,cloudflare,a371fac81d0bef60-IAD,,,cloudflare,,,132,transcripts\wth.org--8424510b.txt
441320,WEST TENNESSEE HEALTHCARE BOLIVAR HOSPITAL,TN,no-cms-hpt-txt-published,https://wth.org/.well-known/cms-hpt.txt,ok,404,0,cloudflare,a371fac8e81bef60-IAD,,,cloudflare,,,329,transcripts\wth.org--ea499fe0.txt
441316,WEST TENNESSEE HEALTHCARE CAMDEN HOSPITAL,TN,no-cms-hpt-txt-published,https://wth.org/,ok,200,1,cloudflare | cloudflare,a371fac4b93eef60-IAD | a371fac7ae04787b-IAD,,,cloudflare,,,605,transcripts\wth.org--db4cc468.txt
441316,WEST TENNESSEE HEALTHCARE CAMDEN HOSPITAL,TN,no-cms-hpt-txt-published,https://wth.org/cms-hpt.txt,ok,404,0,cloudflare,a371fac81d0bef60-IAD,,,cloudflare,,,132,transcripts\wth.org--8424510b.txt
441316,WEST TENNESSEE HEALTHCARE CAMDEN HOSPITAL,TN,no-cms-hpt-txt-published,https://wth.org/.well-known/cms-hpt.txt,ok,404,0,cloudflare,a371fac8e81bef60-IAD,,,cloudflare,,,329,transcripts\wth.org--ea499fe0.txt
440060,WEST TENNESSEE HEALTHCARE MILAN HOSPITAL,TN,no-cms-hpt-txt-published,https://wth.org/,ok,200,1,cloudflare | cloudflare,a371fac4b93eef60-IAD | a371fac7ae04787b-IAD,,,cloudflare,,,605,transcripts\wth.org--db4cc468.txt
440060,WEST TENNESSEE HEALTHCARE MILAN HOSPITAL,TN,no-cms-hpt-txt-published,https://wth.org/cms-hpt.txt,ok,404,0,cloudflare,a371fac81d0bef60-IAD,,,cloudflare,,,132,transcripts\wth.org--8424510b.txt
440060,WEST TENNESSEE HEALTHCARE MILAN HOSPITAL,TN,no-cms-hpt-txt-published,https://wth.org/.well-known/cms-hpt.txt,ok,404,0,cloudflare,a371fac8e81bef60-IAD,,,cloudflare,,,329,transcripts\wth.org--ea499fe0.txt
440029,WILLIAMSON MEDICAL CENTER,TN,mrf-url-unreachable,https://williamsonhealth.org/content/uploads/2026/04/621501534_williamson-medical-center_standardcharges.csv,ok,404,0,nginx,,,,,,,714,transcripts\williamsonhealth.org--ae2b67c9.txt
670135,"ALTUS HOUSTON HOSPITAL, LP",TX,not-assessed-site-unreachable,https://altushospitals.org/cms-hpt.txt,ok,404,0,awselb/2.0,,,,,,,147,transcripts\altushospitals.org--3c0f0c02.txt
670135,"ALTUS HOUSTON HOSPITAL, LP",TX,not-assessed-site-unreachable,https://altushospitals.org/,ok,200,1,ip-10-123-124-53.ec2.internal | cloudflare,a371faf37e79099e-IAD,,,cloudflare,,,365,transcripts\altushospitals.org--0fa499c8.txt
670109,BAYTOWN MEDICAL CENTER LP,TX,not-assessed-site-unreachable,https://altushospitals.org/cms-hpt.txt,ok,404,0,awselb/2.0,,,,,,,147,transcripts\altushospitals.org--3c0f0c02.txt
670109,BAYTOWN MEDICAL CENTER LP,TX,not-assessed-site-unreachable,https://altushospitals.org/,ok,200,1,ip-10-123-124-53.ec2.internal | cloudflare,a371faf37e79099e-IAD,,,cloudflare,,,365,transcripts\altushospitals.org--0fa499c8.txt
450253,BELLVILLE MEDICAL CENTER,TX,not-assessed-not-named-in-file,https://sjhsyr.org/,ok,200,0,webserver,,,,,,,164,transcripts\sjhsyr.org--535d64f0.txt
450237,CHRISTUS SANTA ROSA MEDICAL CENTER,TX,mrf-url-unreachable,https://www.christushealth.org/-/media/christus-health/plan-care/files/bill-pay/machine-readable-files/741109665_santarosahospitalmedicalcenter_standardcharges.json,ok,404,1,,,,,,,,867,transcripts\christushealth.org--7073274b.txt
450046,CHRISTUS SPOHN HOSPITAL CORPUS CHRISTI,TX,mrf-url-unreachable,https://www.christushealth.org/-/media/christus-health/plan-care/files/bill-pay/machine-readable-files/741109836_spohnhospitalcorpuschristimemorial_standardcharges.json,ok,404,1,,,,,,,,3860,transcripts\christushealth.org--22e32a02.txt
670115,CLEVELAND EMERGENCY HOSPITAL,TX,no-cms-hpt-txt-published,https://emergencyhospitals.care/,ok,200,0,,,,,,,,267,transcripts\emergencyhospitals.care--2bf08a25.txt
670115,CLEVELAND EMERGENCY HOSPITAL,TX,no-cms-hpt-txt-published,https://emergencyhospitals.care/cms-hpt.txt,ok,200,0,,,,,,,,144,transcripts\emergencyhospitals.care--5cdd4529.txt
670115,CLEVELAND EMERGENCY HOSPITAL,TX,no-cms-hpt-txt-published,https://emergencyhospitals.care/.well-known/cms-hpt.txt,ok,200,0,,,,,,,,150,transcripts\emergencyhospitals.care--5b94908a.txt
451347,COLEMAN COUNTY MEDICAL CENTER COMPANY,TX,no-cms-hpt-txt-published,https://colemancountymc.com/,ok,202,0,nginx,,,,,,,480,transcripts\colemancountymc.com--439278f6.txt
451347,COLEMAN COUNTY MEDICAL CENTER COMPANY,TX,no-cms-hpt-txt-published,https://colemancountymc.com/cms-hpt.txt,ok,202,0,nginx,,,,,,,90,transcripts\colemancountymc.com--ef430564.txt
451347,COLEMAN COUNTY MEDICAL CENTER COMPANY,TX,no-cms-hpt-txt-published,https://colemancountymc.com/.well-known/cms-hpt.txt,ok,202,0,nginx,,,,,,,73,transcripts\colemancountymc.com--7b227970.txt
451355,COLLINGSWORTH GENERAL HOSPITAL,TX,no-cms-hpt-txt-published,https://collingsworthgeneral.net/,ok,202,0,nginx,,,,,,,390,transcripts\collingsworthgeneral.net--d2b3e622.txt
451355,COLLINGSWORTH GENERAL HOSPITAL,TX,no-cms-hpt-txt-published,https://collingsworthgeneral.net/cms-hpt.txt,ok,202,0,nginx,,,,,,,71,transcripts\collingsworthgeneral.net--75cdbccf.txt
451355,COLLINGSWORTH GENERAL HOSPITAL,TX,no-cms-hpt-txt-published,https://collingsworthgeneral.net/.well-known/cms-hpt.txt,ok,202,0,nginx,,,,,,,81,transcripts\collingsworthgeneral.net--7dac8518.txt
451338,CULBERSON HOSPITAL,TX,no-cms-hpt-txt-published,https://culbersonhospital.org/,ok,202,0,nginx,,,,,,,359,transcripts\culbersonhospital.org--422142e1.txt
451338,CULBERSON HOSPITAL,TX,no-cms-hpt-txt-published,https://culbersonhospital.org/cms-hpt.txt,ok,202,0,nginx,,,,,,,68,transcripts\culbersonhospital.org--2c5f60a0.txt
451338,CULBERSON HOSPITAL,TX,no-cms-hpt-txt-published,https://culbersonhospital.org/.well-known/cms-hpt.txt,ok,202,0,nginx,,,,,,,91,transcripts\culbersonhospital.org--50ad6dcc.txt
450833,ENNIS REGIONAL MEDICAL CENTER,TX,not-assessed-site-unreachable,https://ennisregional.com/cms-hpt.txt,ok,406,0,,,,,,,,181,transcripts\ennisregional.com--dc64fa12.txt
450833,ENNIS REGIONAL MEDICAL CENTER,TX,not-assessed-site-unreachable,https://ennisregional.com/,ok,406,0,,,,,,,,41,transcripts\ennisregional.com--49f26fe7.txt
454076,HARRIS COUNTY PSYCHIATRIC CENTER,TX,not-assessed-site-unreachable,https://hcpc.uth.edu/cms-hpt.txt,ok,404,0,cloudflare,a371fb0f3e266147-IAD,,,cloudflare,,,4018,transcripts\hcpc.uth.edu--4e345ae1.txt
454076,HARRIS COUNTY PSYCHIATRIC CENTER,TX,not-assessed-site-unreachable,https://hcpc.uth.edu/,ok,200,0,cloudflare,a371fb10baf96147-IAD,,,cloudflare,,,123,transcripts\hcpc.uth.edu--b15f7278.txt
450155,HEREFORD REGIONAL MEDICAL CENTER,TX,pointer-lists-no-mrf-url,https://dschd.org/cms-hpt.txt,ok,200,0,Sucuri/Cloudproxy,a371732bc8dfb9cf-IAD,,,cloudflare,,,3853,transcripts\dschd.org--5c4e2db8.txt
450347,HUNTSVILLE MEMORIAL HOSPITAL,TX,no-cms-hpt-txt-published,https://huntsvillememorial.com/,ok,202,0,nginx,,,,,,,3820,transcripts\huntsvillememorial.com--8b289591.txt
450347,HUNTSVILLE MEMORIAL HOSPITAL,TX,no-cms-hpt-txt-published,https://huntsvillememorial.com/cms-hpt.txt,ok,202,0,nginx,,,,,,,27,transcripts\huntsvillememorial.com--55c9e7b2.txt
450347,HUNTSVILLE MEMORIAL HOSPITAL,TX,no-cms-hpt-txt-published,https://huntsvillememorial.com/.well-known/cms-hpt.txt,ok,202,0,nginx,,,,,,,68,transcripts\huntsvillememorial.com--da026a30.txt
450698,LAMB HEALTHCARE CENTER,TX,pointer-blocked-to-automation,https://irp.cdn-website.com/cms-hpt.txt,ok,403,0,AmazonS3,,,,cloudfront,Access Denied,,160,transcripts\irp.cdn-website.com--57cbbebb.txt
450698,LAMB HEALTHCARE CENTER,TX,pointer-blocked-to-automation,https://irp.cdn-website.com/,ok,200,0,AmazonS3,,,,cloudfront,,,35,transcripts\irp.cdn-website.com--100ffe56.txt
450107,LAS PALMAS MEDICAL CENTER A CAMPUS OF LPDS HEALTHC,TX,not-assessed-not-named-in-file,https://laspalmasdelsolhealthcare.com/,ok,200,1,Vercel,,,,,,,4144,transcripts\laspalmasdelsolhealthcare.com--83085268.txt
450235,MEMORIAL HOSPITAL,TX,pointer-blocked-to-automation,https://texashealthhuguley.org/cms-hpt.txt,ok,403,0,nginx,,,,,,,133,transcripts\texashealthhuguley.org--e6130a18.txt
450235,MEMORIAL HOSPITAL,TX,pointer-blocked-to-automation,https://texashealthhuguley.org/,ok,403,1,nginx,,,,,Access Denied,,191,transcripts\texashealthhuguley.org--a619ae50.txt
451358,MEMORIAL HOSPITAL,TX,pointer-blocked-to-automation,https://texashealthhuguley.org/cms-hpt.txt,ok,403,0,nginx,,,,,,,133,transcripts\texashealthhuguley.org--e6130a18.txt
451358,MEMORIAL HOSPITAL,TX,pointer-blocked-to-automation,https://texashealthhuguley.org/,ok,403,1,nginx,,,,,Access Denied,,191,transcripts\texashealthhuguley.org--a619ae50.txt
451386,MEMORIAL HOSPITAL,TX,pointer-blocked-to-automation,https://texashealthhuguley.org/cms-hpt.txt,ok,403,0,nginx,,,,,,,133,transcripts\texashealthhuguley.org--e6130a18.txt
451386,MEMORIAL HOSPITAL,TX,pointer-blocked-to-automation,https://texashealthhuguley.org/,ok,403,1,nginx,,,,,Access Denied,,191,transcripts\texashealthhuguley.org--a619ae50.txt
451396,MID COAST MEDICAL CENTER - CENTRAL,TX,not-assessed-not-named-in-file,https://bswhealth.com/,ok,200,1,Vercel | Vercel,,,,,,,421,transcripts\bswhealth.com--6c0a74e8.txt
450133,MIDLAND MEMORIAL HOSPITAL,TX,mrf-url-unreachable,https://www.midlandhealth.org/Uploads/Public/Documents/Price Transparency/751584559_midland-health_standardcharges.csv,ok,404,0,Microsoft-IIS/10.0,,,,,,,305,transcripts\midlandhealth.org--03aba490.txt
451372,MULESHOE AREA MEDICAL CENTER,TX,no-cms-hpt-txt-published,https://muleshoehospital.com/,ok,202,0,nginx,,,,,,,330,transcripts\muleshoehospital.com--2374c6d9.txt
451372,MULESHOE AREA MEDICAL CENTER,TX,no-cms-hpt-txt-published,https://muleshoehospital.com/cms-hpt.txt,ok,202,0,nginx,,,,,,,89,transcripts\muleshoehospital.com--03b8d28f.txt
451372,MULESHOE AREA MEDICAL CENTER,TX,no-cms-hpt-txt-published,https://muleshoehospital.com/.well-known/cms-hpt.txt,ok,202,0,nginx,,,,,,,85,transcripts\muleshoehospital.com--3eff28d4.txt
450090,NORTH TEXAS MEDICAL CENTER,TX,no-cms-hpt-txt-published,https://ntmconline.net/,ok,202,0,nginx,,,,,,,228,transcripts\ntmconline.net--66412813.txt
450090,NORTH TEXAS MEDICAL CENTER,TX,no-cms-hpt-txt-published,https://ntmconline.net/cms-hpt.txt,ok,202,0,nginx,,,,,,,67,transcripts\ntmconline.net--b14db3ad.txt
450090,NORTH TEXAS MEDICAL CENTER,TX,no-cms-hpt-txt-published,https://ntmconline.net/.well-known/cms-hpt.txt,ok,202,0,nginx,,,,,,,58,transcripts\ntmconline.net--ba158691.txt
450209,NORTHWEST TEXAS HOSPITAL,TX,pointer-blocked-to-automation,https://nwths.com/cms-hpt.txt,ok,403,0,cloudflare,a371fb12dd620cef-IAD,,,cloudflare,Access denied,,211,transcripts\nwths.com--7a2dce2e.txt
450209,NORTHWEST TEXAS HOSPITAL,TX,pointer-blocked-to-automation,https://nwths.com/,ok,403,0,cloudflare,a371fb134ed30cef-IAD,,,cloudflare,Access denied,,68,transcripts\nwths.com--29ca47c7.txt
450747,PALESTINE REGIONAL MEDICAL CENTER,TX,not-assessed-site-unreachable,https://palestineregional.com/cms-hpt.txt,ok,406,0,,,,,,,,201,transcripts\palestineregional.com--72433a7c.txt
450747,PALESTINE REGIONAL MEDICAL CENTER,TX,not-assessed-site-unreachable,https://palestineregional.com/,ok,406,0,,,,,,,,62,transcripts\palestineregional.com--719f6023.txt
450400,PARKVIEW REGIONAL HOSPITAL,TX,not-assessed-site-unreachable,https://parkviewregional.com/cms-hpt.txt,ok,406,0,,,,,,,,225,transcripts\parkviewregional.com--38da0160.txt
450400,PARKVIEW REGIONAL HOSPITAL,TX,not-assessed-site-unreachable,https://parkviewregional.com/,ok,406,0,,,,,,,,37,transcripts\parkviewregional.com--18e8ca7f.txt
450834,"PHYSICIANS CENTRE,THE",TX,not-assessed-site-unreachable,https://thephysicianscentre.com/cms-hpt.txt,ok,200,0,Apache,,,,,,fetch failed (cause: CERT_HAS_EXPIRED),583,transcripts\thephysicianscentre.com--fe77e706.txt
450834,"PHYSICIANS CENTRE,THE",TX,not-assessed-site-unreachable,https://thephysicianscentre.com/,ok,200,0,Apache,,,,,,fetch failed (cause: CERT_HAS_EXPIRED),795,transcripts\thephysicianscentre.com--a0db334c.txt
451350,PLAINS MEMORIAL HOSPITAL,TX,not-assessed-site-unreachable,https://plainsmemorial.com/cms-hpt.txt,ok,500,0,Apache,,,,,,,152,transcripts\plainsmemorial.com--97eed1e7.txt
451350,PLAINS MEMORIAL HOSPITAL,TX,not-assessed-site-unreachable,https://plainsmemorial.com/,ok,200,0,Apache,,,,,,,330,transcripts\plainsmemorial.com--cdfb4baa.txt
451361,SABINE COUNTY HOSPITAL,TX,pointer-blocked-to-automation,https://sabinecountyhospital.com/cms-hpt.txt,ok,202,0,nginx,,,,,,,545,transcripts\sabinecountyhospital.com--f21c3a89.txt
451361,SABINE COUNTY HOSPITAL,TX,pointer-blocked-to-automation,https://sabinecountyhospital.com/,ok,202,0,nginx,,,,,,,55,transcripts\sabinecountyhospital.com--4fa0ed95.txt
450653,SCENIC MOUNTAIN MEDICAL CENTER,TX,not-assessed-not-named-in-file,https://scenicmountainmedical.org/,ok,,1,,,,,,,fetch failed (cause: UND_ERR_CONNECT_TIMEOUT),20964,transcripts\scenicmountainmedical.org--8f28740f.txt
670314,ST MICHAELS MEDICAL HOSPITAL LLC,TX,no-cms-hpt-txt-published,https://24hrer.com/,ok,200,0,Apache,,,,,,,344,transcripts\24hrer.com--3db124e5.txt
670314,ST MICHAELS MEDICAL HOSPITAL LLC,TX,no-cms-hpt-txt-published,https://24hrer.com/cms-hpt.txt,ok,404,0,Apache,,,,,,,731,transcripts\24hrer.com--755040b6.txt
670314,ST MICHAELS MEDICAL HOSPITAL LLC,TX,no-cms-hpt-txt-published,https://24hrer.com/.well-known/cms-hpt.txt,ok,404,0,Apache,,,,,,,597,transcripts\24hrer.com--36e463cb.txt
450860,SUGAR LAND SURGICAL HOSPITAL LLP,TX,not-assessed-not-named-in-file,https://memorialhermann.org/,ok,200,0,CDHH03-ProdCD-SC104,,,,,,,648,transcripts\memorialhermann.org--96f389c3.txt
450831,SURGERY SPECIALTY HOSPITALS OF AMERICA SE HOUSTON,TX,mrf-url-unreachable,https://machine-readable-files.com/ssha-pasadena-tx/760600805_Surgery-Specialty-Hospitals-of-America_standardcharges.csv,ok,404,0,Apache,,,,,,,331,transcripts\machine-readable-files.com--fac4c927.txt
450804,TEXAS ORTHOPEDIC HOSPITAL,TX,mrf-blocked-to-automation,https://stctrprodsnsvc00455826e6.blob.core.windows.net/pt-final-posting-files/76-0418502_TEXAS-ORTHOPEDIC-HOSPITAL_standardcharges.json?si=pt-json-access-policy&spr=https&sv=2024-11-04&sr=c&sig=o5IofreS/7ETlsnhPakPWCwHVVUZRobywQ5wUKGjVuQ=,ok,403,0,Microsoft-HTTPAPI/2.0,,,,,,,318,transcripts\stctrprodsnsvc00455826e6.blob.core.windows.net--47bfba40.txt
451370,TMC- BONHAM HOSPITAL,TX,pointer-blocked-to-automation,https://tmcbonham.com/cms-hpt.txt,ok,403,0,cloudflare,a371fb1bb8e7c995-IAD,,,cloudflare,Access denied,,309,transcripts\tmcbonham.com--8847dfd1.txt
451370,TMC- BONHAM HOSPITAL,TX,pointer-blocked-to-automation,https://tmcbonham.com/,ok,403,0,cloudflare,a371fb1bf98ec995-IAD,,,cloudflare,Access denied,,28,transcripts\tmcbonham.com--3729eb82.txt
450774,TOPS SURGICAL SPECIALTY HOSPITAL,TX,pointer-blocked-to-automation,https://tops-hospital.com/cms-hpt.txt,ok,403,0,cloudflare,a371fb1bec4ed6d5-IAD,challenge,,cloudflare,Just a moment,,303,transcripts\tops-hospital.com--a51d8d8f.txt
450774,TOPS SURGICAL SPECIALTY HOSPITAL,TX,pointer-blocked-to-automation,https://tops-hospital.com/,ok,403,0,cloudflare,a371fb1c3d6dd6d5-IAD,challenge,,cloudflare,Just a moment,,36,transcripts\tops-hospital.com--30343fb8.txt
450200,WADLEY REGIONAL MEDICAL CENTER,TX,not-assessed-not-named-in-file,https://wadleyhealth.org/,ok,200,1,,,,,,,fetch failed (cause: CERT_HAS_EXPIRED),715,transcripts\wadleyhealth.org--ec3cb6d4.txt
450674,"WOMANS HOSPITAL OF TEXAS,THE",TX,mrf-blocked-to-automation,https://stctrprodsnsvc00455826e6.blob.core.windows.net/pt-final-posting-files/62-1810381_THE-WOMANS-HOSPITAL-OF-TEXAS_standardcharges.json?si=pt-json-access-policy&spr=https&sv=2024-11-04&sr=c&sig=o5IofreS/7ETlsnhPakPWCwHVVUZRobywQ5wUKGjVuQ=,ok,403,0,Microsoft-HTTPAPI/2.0,,,,,,,33,transcripts\stctrprodsnsvc00455826e6.blob.core.windows.net--0fd919ac.txt
461310,BLUE MOUNTAIN HOSPITAL,UT,no-cms-hpt-txt-published,https://ezcost.info/,ok,200,0,Apache/2.4.58 (Amazon Linux),,,,,,,853,transcripts\ezcost.info--2b82314f.txt
461310,BLUE MOUNTAIN HOSPITAL,UT,no-cms-hpt-txt-published,https://ezcost.info/cms-hpt.txt,ok,404,0,Apache/2.4.58 (Amazon Linux),,,,,,,458,transcripts\ezcost.info--8a7e33d5.txt
461310,BLUE MOUNTAIN HOSPITAL,UT,no-cms-hpt-txt-published,https://ezcost.info/.well-known/cms-hpt.txt,ok,404,0,Apache/2.4.58 (Amazon Linux),,,,,,,522,transcripts\ezcost.info--2761fc35.txt
461306,GUNNISON VALLEY HOSPITAL,UT,no-cms-hpt-txt-published,https://gvhospital.org/,ok,200,0,LiteSpeed,,,,,,,3137,transcripts\gvhospital.org--79fc5d7f.txt
461306,GUNNISON VALLEY HOSPITAL,UT,no-cms-hpt-txt-published,https://gvhospital.org/cms-hpt.txt,ok,200,1,LiteSpeed | LiteSpeed,,,,,,,2045,transcripts\gvhospital.org--b40d9542.txt
461306,GUNNISON VALLEY HOSPITAL,UT,no-cms-hpt-txt-published,https://gvhospital.org/.well-known/cms-hpt.txt,ok,200,1,LiteSpeed | LiteSpeed,,,,,,,1957,transcripts\gvhospital.org--37767b35.txt
461302,MOAB REGIONAL HOSPITAL,UT,no-cms-hpt-txt-published,https://mrhmoab.org/,ok,202,0,nginx,,,,,,,265,transcripts\mrhmoab.org--bff699a6.txt
461302,MOAB REGIONAL HOSPITAL,UT,no-cms-hpt-txt-published,https://mrhmoab.org/cms-hpt.txt,ok,202,0,nginx,,,,,,,83,transcripts\mrhmoab.org--03e4eb2f.txt
461302,MOAB REGIONAL HOSPITAL,UT,no-cms-hpt-txt-published,https://mrhmoab.org/.well-known/cms-hpt.txt,ok,202,0,nginx,,,,,,,84,transcripts\mrhmoab.org--6fe045a5.txt
460019,UINTAH BASIN MEDICAL CENTER,UT,no-cms-hpt-txt-published,https://ubh.org/,ok,200,0,Pagely-ARES/1.22.28,,,,,,,433,transcripts\ubh.org--70e32d6d.txt
460019,UINTAH BASIN MEDICAL CENTER,UT,no-cms-hpt-txt-published,https://ubh.org/cms-hpt.txt,ok,200,1,Pagely-ARES/1.22.28 | Pagely-ARES/1.22.28,,,,,,,269,transcripts\ubh.org--cb07f5a6.txt
460019,UINTAH BASIN MEDICAL CENTER,UT,no-cms-hpt-txt-published,https://ubh.org/.well-known/cms-hpt.txt,ok,200,1,Pagely-ARES/1.22.28 | Pagely-ARES/1.22.28,,,,,,,250,transcripts\ubh.org--57741d4d.txt
491300,BATH COMMUNITY HOSPITAL,VA,not-assessed-site-unreachable,https://bathhospital.org/cms-hpt.txt,ok,202,0,nginx,,,,,,,408,transcripts\bathhospital.org--11993f61.txt
491300,BATH COMMUNITY HOSPITAL,VA,not-assessed-site-unreachable,https://bathhospital.org/,ok,202,0,nginx,,,,,,,187,transcripts\bathhospital.org--f8dfc872.txt
491304,CARILION STONEWALL JACKSON HOSPITAL,VA,not-assessed-not-named-in-file,https://carilionclinic.org/,ok,200,1,BigIP | Apache/2.4.62 (Red Hat Enterprise Linux) OpenSSL/3.5.5,,,,,,,676,transcripts\carilionclinic.org--f00ca925.txt
490021,CENTRA HEALTH -  LYNCHBURG GEN HOSPITAL,VA,not-assessed-not-named-in-file,https://centrahealth.com/,ok,200,2,nginx,,,,,,,569,transcripts\centrahealth.com--ac5120fc.txt
490112,CJW MEDICAL CENTER,VA,not-assessed-not-named-in-file,https://hcavirginia.com/,ok,200,1,Vercel,,,,,,,601,transcripts\hcavirginia.com--f1854f14.txt
494023,DOMINION HOSPITAL,VA,not-assessed-not-named-in-file,https://hcavirginia.com/,ok,200,1,Vercel,,,,,,,601,transcripts\hcavirginia.com--f1854f14.txt
490020,JOHN RANDOLPH MEDICAL CENTER,VA,not-assessed-not-named-in-file,https://hcavirginia.com/,ok,200,1,Vercel,,,,,,,601,transcripts\hcavirginia.com--f1854f14.txt
490032,MEDICAL COLLEGE OF VIRGINIA HOSPITALS,VA,not-assessed-site-unreachable,https://vcuhealth.org/cms-hpt.txt,ok,,0,,,,,,,fetch failed (cause: UND_ERR_CONNECT_TIMEOUT),25183,transcripts\vcuhealth.org--7d776ef5.txt
490032,MEDICAL COLLEGE OF VIRGINIA HOSPITALS,VA,not-assessed-site-unreachable,https://vcuhealth.org/,ok,,0,,,,,,,fetch failed (cause: UND_ERR_CONNECT_TIMEOUT),20755,transcripts\vcuhealth.org--e0b8433b.txt
470001,CENTRAL VERMONT MEDICAL CENTER,VT,pointer-blocked-to-automation,https://cvmc.org/cms-hpt.txt,ok,403,0,awselb/2.0,,,,,,,154,transcripts\cvmc.org--6db40bec.txt
470001,CENTRAL VERMONT MEDICAL CENTER,VT,pointer-blocked-to-automation,https://cvmc.org/,ok,403,0,awselb/2.0,,,,,,,52,transcripts\cvmc.org--5a69baf5.txt
471305,COPLEY HOSPITAL,VT,mrf-url-unreachable,https://www.copleyvt.org/030179423_Copley-Hospital_standardcharges.csv,ok,404,0,cloudflare,a371fb295e624836-IAD,,,cloudflare,,,456,transcripts\copleyvt.org--4b6e6bd7.txt
471307,PORTER HOSPITAL INC,VT,pointer-blocked-to-automation,https://portermedical.org/cms-hpt.txt,ok,403,0,awselb/2.0,,,,,,,252,transcripts\portermedical.org--ac1e82c6.txt
471307,PORTER HOSPITAL INC,VT,pointer-blocked-to-automation,https://portermedical.org/,ok,403,0,awselb/2.0,,,,,,,25,transcripts\portermedical.org--b13b3c0a.txt
504002,BHC FAIRFAX HOSPITAL,WA,pointer-blocked-to-automation,https://fairfaxhospital.com/cms-hpt.txt,ok,403,0,cloudflare,a371fb294a54f28b-IAD,challenge,,cloudflare,Just a moment,,236,transcripts\fairfaxhospital.com--0f07e622.txt
504002,BHC FAIRFAX HOSPITAL,WA,pointer-blocked-to-automation,https://fairfaxhospital.com/,ok,403,0,cloudflare,a371fb298b48f28b-IAD,challenge,,cloudflare,Just a moment,,35,transcripts\fairfaxhospital.com--97f8be7b.txt
500044,DEACONESS MEDICAL CENTER,WA,not-assessed-not-named-in-file,https://multicare.org/,ok,403,1,nginx | cloudflare,a371fb2cf831198a-IAD,,,cloudflare,Attention Required,,554,transcripts\multicare.org--6ca19785.txt
500031,GRAYS HARBOR COMMUNITY HOSPITAL,WA,mrf-url-unreachable,http://machine-readable-files.com/harbor-regional-health/910568304_Harbor-Regional-Health_standardcharges.csv,ok,404,0,Apache,,,,,,,211,transcripts\machine-readable-files.com--94672867.txt
500007,ISLAND HOSPITAL,WA,mrf-url-unreachable,https://mrfs.hyvehealthcare.com/IslandHealthSystem/910729255_island-health_standardcharges.csv,ok,404,0,,,,,,,,323,transcripts\mrfs.hyvehealthcare.com--8c481b2f.txt
501340,PEACEHEALTH PEACE ISLAND MEDICAL CENTER,WA,pointer-blocked-to-automation,https://peacehealth.org/cms-hpt.txt,ok,,2,,,,,,,fetch failed (cause: UND_ERR_CONNECT_TIMEOUT),39862,transcripts\peacehealth.org--a3aae4db.txt
501340,PEACEHEALTH PEACE ISLAND MEDICAL CENTER,WA,pointer-blocked-to-automation,https://peacehealth.org/,ok,403,1,cloudflare | cloudflare,a371f558e8fb2bd4-IAD | a371f55a0eeea6be-IAD,challenge,,cloudflare,Just a moment,,3452,transcripts\peacehealth.org--c1ce36b3.txt
500050,PEACEHEALTH SOUTHWEST MEDICAL CENTE,WA,pointer-blocked-to-automation,https://peacehealth.org/cms-hpt.txt,ok,,2,,,,,,,fetch failed (cause: UND_ERR_CONNECT_TIMEOUT),39862,transcripts\peacehealth.org--a3aae4db.txt
500050,PEACEHEALTH SOUTHWEST MEDICAL CENTE,WA,pointer-blocked-to-automation,https://peacehealth.org/,ok,403,1,cloudflare | cloudflare,a371f558e8fb2bd4-IAD | a371f55a0eeea6be-IAD,challenge,,cloudflare,Just a moment,,3452,transcripts\peacehealth.org--c1ce36b3.txt
500041,PEACEHEALTH ST JOHN MEDICAL CENTER,WA,pointer-blocked-to-automation,https://peacehealth.org/cms-hpt.txt,ok,,2,,,,,,,fetch failed (cause: UND_ERR_CONNECT_TIMEOUT),39862,transcripts\peacehealth.org--a3aae4db.txt
500041,PEACEHEALTH ST JOHN MEDICAL CENTER,WA,pointer-blocked-to-automation,https://peacehealth.org/,ok,403,1,cloudflare | cloudflare,a371f558e8fb2bd4-IAD | a371f55a0eeea6be-IAD,challenge,,cloudflare,Just a moment,,3452,transcripts\peacehealth.org--c1ce36b3.txt
500030,PEACEHEALTH ST JOSEPH MEDICAL CENTER,WA,pointer-blocked-to-automation,https://peacehealth.org/cms-hpt.txt,ok,,2,,,,,,,fetch failed (cause: UND_ERR_CONNECT_TIMEOUT),39862,transcripts\peacehealth.org--a3aae4db.txt
500030,PEACEHEALTH ST JOSEPH MEDICAL CENTER,WA,pointer-blocked-to-automation,https://peacehealth.org/,ok,403,1,cloudflare | cloudflare,a371f558e8fb2bd4-IAD | a371f55a0eeea6be-IAD,challenge,,cloudflare,Just a moment,,3452,transcripts\peacehealth.org--c1ce36b3.txt
501329,PEACEHEALTH UNITED GENERAL MEDICAL CENTER,WA,pointer-blocked-to-automation,https://peacehealth.org/cms-hpt.txt,ok,,2,,,,,,,fetch failed (cause: UND_ERR_CONNECT_TIMEOUT),39862,transcripts\peacehealth.org--a3aae4db.txt
501329,PEACEHEALTH UNITED GENERAL MEDICAL CENTER,WA,pointer-blocked-to-automation,https://peacehealth.org/,ok,403,1,cloudflare | cloudflare,a371f558e8fb2bd4-IAD | a371f55a0eeea6be-IAD,challenge,,cloudflare,Just a moment,,3452,transcripts\peacehealth.org--c1ce36b3.txt
500054,PROV SACRED HRT MED CTR & CHILDS HOSP.,WA,not-assessed-not-named-in-file,https://providence.org/,ok,200,1,Microsoft-Azure-Application-Gateway/v2,,,,,,,1670,transcripts\providence.org--7376bc0f.txt
521307,CHIPPEWA VALLEY HOSPITAL,WI,not-assessed-not-named-in-file,https://adventhealth.com/,ok,200,1,,,,,,,,11694,transcripts\adventhealth.com--88fa5c52.txt
520103,COMMUNITY MEMORIAL HOSPITAL,WI,not-assessed-not-named-in-file,https://froedtert.com/,ok,200,1,cloudflare | cloudflare,a371fb2d4c2f81b2-IAD | a371fb2ee88f0a91-IAD,,,cloudflare,,,422,transcripts\froedtert.com--94e5d9d4.txt
520021,FROEDTERT SOUTH INC.,WI,not-assessed-not-named-in-file,https://froedtert.com/,ok,200,1,cloudflare | cloudflare,a371fb2d4c2f81b2-IAD | a371fb2ee88f0a91-IAD,,,cloudflare,,,422,transcripts\froedtert.com--94e5d9d4.txt
521335,HUDSON HOSPITAL,WI,not-assessed-not-named-in-file,https://healthpartners.com/,ok,200,1,BigIP,,,,,,,555,transcripts\healthpartners.com--d49e6700.txt
520116,WATERTOWN MEMORIAL HOSPITAL,WI,not-assessed-site-unreachable,https://watertownregional.com/cms-hpt.txt,ok,406,0,,,,,,,,112,transcripts\watertownregional.com--c48fdda2.txt
520116,WATERTOWN MEMORIAL HOSPITAL,WI,not-assessed-site-unreachable,https://watertownregional.com/,ok,406,0,,,,,,,,172,transcripts\watertownregional.com--698853d9.txt
510091,CAMC CHARLESTON SURGICAL HOSPITAL,WV,mrf-url-unreachable,https://www.camc.org/sites/default/files/CSH/550526191_Charleston-Surgical-Hospital%2C-LLC_standardcharges.csv,ok,404,0,nginx,,,,,,,443,transcripts\camc.org--77f283f9.txt
510002,"CAMC GREENBRIER VALLEY MEDICAL CENTER, INC",WV,mrf-url-unreachable,https://app.box.com/shared/static/aidlfax3cyzn902r713m3ofochu48bev.csv,ok,404,1,,,,,,,,435,transcripts\app.box.com--da7b11ac.txt
510030,DAVIS MEDICAL CENTER,WV,mrf-url-unreachable,https://sthpiprd.blob.core.windows.net/machine-readable-files/8555/550375433_davis-memorial-hospital_standardcharges.csv,ok,404,0,Windows-Azure-Blob/1.0 Microsoft-HTTPAPI/2.0,,,,,,,227,transcripts\sthpiprd.blob.core.windows.net--9314c0f3.txt
510048,LOGAN REGIONAL MEDICAL CENTER,WV,not-assessed-site-unreachable,https://loganregionalmedicalcenter.com/cms-hpt.txt,ok,406,0,,,,,,,,186,transcripts\loganregionalmedicalcenter.com--6fcb1afd.txt
510048,LOGAN REGIONAL MEDICAL CENTER,WV,not-assessed-site-unreachable,https://loganregionalmedicalcenter.com/,ok,406,0,,,,,,,,35,transcripts\loganregionalmedicalcenter.com--0a32e9fe.txt
514009,MILDRED MITCHELL-BATEMAN HOSPITAL,WV,not-assessed-site-unreachable,https://batemanhospital.org/cms-hpt.txt,ok,404,0,Microsoft-HTTPAPI/2.0,,,,,,fetch failed (cause: ECONNRESET),3439,transcripts\batemanhospital.org--567774ac.txt
514009,MILDRED MITCHELL-BATEMAN HOSPITAL,WV,not-assessed-site-unreachable,https://batemanhospital.org/,ok,404,0,Microsoft-HTTPAPI/2.0,,,,,,fetch failed (cause: ECONNRESET),9508,transcripts\batemanhospital.org--8d3301e3.txt
511306,ROANE GENERAL HOSPITAL,WV,no-cms-hpt-txt-published,https://roanegeneralhospital.com/,ok,202,0,nginx,,,,,,,136,transcripts\roanegeneralhospital.com--e0848f34.txt
511306,ROANE GENERAL HOSPITAL,WV,no-cms-hpt-txt-published,https://roanegeneralhospital.com/cms-hpt.txt,ok,202,0,nginx,,,,,,,35,transcripts\roanegeneralhospital.com--e0951224.txt
511306,ROANE GENERAL HOSPITAL,WV,no-cms-hpt-txt-published,https://roanegeneralhospital.com/.well-known/cms-hpt.txt,ok,202,0,nginx,,,,,,,26,transcripts\roanegeneralhospital.com--ff5a2c78.txt
510086,WELCH COMMUNITY HOSPITAL,WV,not-assessed-site-unreachable,https://dhhr.wv.gov/cms-hpt.txt,ok,404,0,Microsoft-IIS/10.0,,,,,,,213,transcripts\dhhr.wv.gov--aedb38c2.txt
510086,WELCH COMMUNITY HOSPITAL,WV,not-assessed-site-unreachable,https://dhhr.wv.gov/,ok,200,1,Microsoft-IIS/10.0 | Microsoft-IIS/10.0,,,,,,,195,transcripts\dhhr.wv.gov--aed3dc01.txt
514012,"WILLIAM R SHARPE, JR HOSPITAL",WV,not-assessed-site-unreachable,https://dhhr.wv.gov/cms-hpt.txt,ok,404,0,Microsoft-IIS/10.0,,,,,,,213,transcripts\dhhr.wv.gov--aedb38c2.txt
514012,"WILLIAM R SHARPE, JR HOSPITAL",WV,not-assessed-site-unreachable,https://dhhr.wv.gov/,ok,200,1,Microsoft-IIS/10.0 | Microsoft-IIS/10.0,,,,,,,195,transcripts\dhhr.wv.gov--aed3dc01.txt
530012,BANNER WYOMING MEDICAL CENTER,WY,not-assessed-site-unreachable,https://wyomingmedicalcenter.org/cms-hpt.txt,ok,,0,,,,,,,fetch failed (cause: UND_ERR_CONNECT_TIMEOUT),24522,transcripts\wyomingmedicalcenter.org--06234051.txt
530012,BANNER WYOMING MEDICAL CENTER,WY,not-assessed-site-unreachable,https://wyomingmedicalcenter.org/,ok,,0,,,,,,,fetch failed (cause: UND_ERR_CONNECT_TIMEOUT),20838,transcripts\wyomingmedicalcenter.org--c05b97c6.txt
531305,PLATTE COUNTY HOSPITAL,WY,pointer-blocked-to-automation,https://bannerhealth.com/cms-hpt.txt,ok,403,0,cloudflare,a371f5e86b0278b1-IAD,,,cloudflare,Attention Required,,130,transcripts\bannerhealth.com--fbc99cf8.txt
531305,PLATTE COUNTY HOSPITAL,WY,pointer-blocked-to-automation,https://bannerhealth.com/,ok,403,0,cloudflare,a371f5e89b6978b1-IAD,,,cloudflare,Attention Required,,24,transcripts\bannerhealth.com--7294dd9d.txt
530008,SAGEWEST HEALTH CARE,WY,not-assessed-site-unreachable,https://sagewesthealthcare.com/cms-hpt.txt,ok,406,0,,,,,,,,194,transcripts\sagewesthealthcare.com--8a316f01.txt
530008,SAGEWEST HEALTH CARE,WY,not-assessed-site-unreachable,https://sagewesthealthcare.com/,ok,406,0,,,,,,,,36,transcripts\sagewesthealthcare.com--b047703b.txt
530034,SUMMIT MEDICAL CENTER,WY,not-assessed-not-named-in-file,https://hcamidwest.com/,ok,200,1,Vercel,,,,,,,603,transcripts\hcamidwest.com--adf9680e.txt
531306,WASHAKIE MEDICAL CENTER,WY,pointer-blocked-to-automation,https://bannerhealth.com/cms-hpt.txt,ok,403,0,cloudflare,a371f5e86b0278b1-IAD,,,cloudflare,Attention Required,,130,transcripts\bannerhealth.com--fbc99cf8.txt
531306,WASHAKIE MEDICAL CENTER,WY,pointer-blocked-to-automation,https://bannerhealth.com/,ok,403,0,cloudflare,a371f5e89b6978b1-IAD,,,cloudflare,Attention Required,,24,transcripts\bannerhealth.com--7294dd9d.txt
