ccn,category,decision_question,roster_name,roster_address,header_name,header_location,header_state,declared_date,declared_version,pointer_url,file_url,blocker,options
010045,alias-rename,Is the file header below the same facility as the CMS roster row? (rename/moved/other),FAYETTE MEDICAL CENTER,"1653 TEMPLE AVENUE NORTH, FAYETTE AL 35555",Fayette Medical Center,Fayette Medical Center,AL,2026-03-26,3.0.0,https://dchsystem.com/cms-hpt.txt,https://dch.pt.panaceainc.com/MRFDownload/dch/fayette,mrf-header-name-without-location,same-facility-rename | moved-facility | different-facility | need-publisher
010112,alias-rename,Is the file header below the same facility as the CMS roster row? (rename/moved/other),WHITFIELD REGIONAL HOSPITAL,"105 HIGHWAY 80 EAST, DEMOPOLIS AL 36732",TOMBIGBEE HEALTHCARE AUTHORITY,Whitfield Regional Hospital | Fitz-Gerald Clinic | Linden Clinic,AL,2026-04-01,3.0.0,,https://whitfield.pt.panaceainc.com/MRFDownload/whitfield/whitfield,corroborated,same-facility-rename | moved-facility | different-facility | need-publisher
010126,alias-rename,Is the file header below the same facility as the CMS roster row? (rename/moved/other),TROY REGIONAL MEDICAL CENTER,"1330 HIGHWAY 231 SOUTH, TROY AL 36081",Troy Regional Medical Center,Troy Regional Medical Center,AL,2025-12-31,3.0.0,https://troymedicalcenter.com/cms-hpt.txt,https://troymedicalcenter.com/wp-content/uploads/2026/03/271534178_Troy-Regional-Medical-Center_standardcharges.csv,corroborated,same-facility-rename | moved-facility | different-facility | need-publisher
010150,alias-rename,Is the file header below the same facility as the CMS roster row? (rename/moved/other),THE HEALTH CARE AUTHORITY OF THE CITY OF GREENVILLE- LV STABLER HOSPITAL,"29 L V STABLER DRIVE, GREENVILLE AL 36037",The Health Care Authority Of The City Of Greenville - LV Sta,Regional Medical Center of Central Alabama,AL,2025-08-22,2.0.0,https://www.rmcca.com/cms-hpt.txt,https://www.rmcca.com/Uploads/Public/Documents/822445000_the-health-care-authority-of-city-of-greenville---lv-stabler_standardcharges.csv,mrf-header-name-without-location,same-facility-rename | moved-facility | different-facility | need-publisher
011302,alias-rename,Is the file header below the same facility as the CMS roster row? (rename/moved/other),RED BAY HOSPITAL,"211 HOSPITAL ROAD, RED BAY AL 35582",KAISER FOUNDATION HOSPITAL - SOUTH BAY,SOUTH BAY MEDICAL CENTER ,CA,2026-04-01,3.0.1,https://healthy.kaiserpermanente.org/cms-hpt.txt,https://healthy.kaiserpermanente.org/content/dam/kporg/final/documents/health-plan-documents/coverage-information/machine-readable/941105628-south-bay-medical-center-standard-charges-scal-en.csv,mrf-header-name-without-location,same-facility-rename | moved-facility | different-facility | need-publisher
011304,alias-rename,Is the file header below the same facility as the CMS roster row? (rename/moved/other),OCHSNER CHOCTAW GENERAL,"401 VANITY FAIR LANE, PO BOX 618, BUTLER AL 36904","Rush Hospital/Butler, Inc.",Ochsner Choctaw General Hospital,LA,2026-04-01,3.0.0,https://www.ochsner.org/cms-hpt.txt,https://ochsner-craft.s3.amazonaws.com/core/640655993_rush-hospitalbutler-inc._standardcharges.csv_2026-03-26-185915_vatb.csv,mrf-header-does-not-match-unresolved-roster,same-facility-rename | moved-facility | different-facility | need-publisher
014006,alias-rename,Is the file header below the same facility as the CMS roster row? (rename/moved/other),MOUNTAIN VIEW HOSPITAL,"3201 SCENIC HIGHWAY, GADSDEN AL 35902",MountainView Hospital,MountainView Hospital,AL,2024-12-04,2.0.0,https://www.mtnviewhospital.com/cms-hpt.txt,https://www.mtnviewhospital.com/transparency/631050236_mountain-view-hospital_standardcharges.csv,mrf-header-does-not-match-unresolved-roster,same-facility-rename | moved-facility | different-facility | need-publisher
014015,alias-rename,Is the file header below the same facility as the CMS roster row? (rename/moved/other),BEACON CHILDREN'S HOSPITAL,"150 HOSPITAL DRIVE, LUVERNE AL 36049","Professional Resources Management Psychiatric Services, LLC",Luverne AL,AL,2025-11-20,2.0.0,https://www.perimeterhealthcare.com/cms-hpt.txt,https://www.perimeterhealthcare.com/beacon/201643917_Professional-Resources-Management-Psychiatric-Services_standardcharges.csv,mrf-header-does-not-match-unresolved-roster,same-facility-rename | moved-facility | different-facility | need-publisher
021310,alias-rename,Is the file header below the same facility as the CMS roster row? (rename/moved/other),MANIILAQ HEALTH CENTER,"PO BOX 43, KOTZEBUE AK 99752",,,,,,https://maniilaq.mdsave.com/cms-hpt.txt,https://mdsave-system.s3.amazonaws.com/master/temp/TransparencyMandate/maniilaq_2025_chargemaster.csv,mrf-header-has-no-license-state,same-facility-rename | moved-facility | different-facility | need-publisher
030061,alias-rename,Is the file header below the same facility as the CMS roster row? (rename/moved/other),BANNER BOSWELL MEDICAL CENTER,"13632 N 99TH AVE, SUN CITY AZ 85351",Banner Boswell Medical Center,Banner Boswell Medical Center,AZ,2026-03-02,3.0.0,https://www.bannerhealth.com/cms-hpt.txt,https://images.pricetransparency.healthcare/public-mrfs/banner/900389314_banner-boswell-medical-center_standardcharges.csv,mrf-header-name-without-location,same-facility-rename | moved-facility | different-facility | need-publisher
030064,alias-rename,Is the file header below the same facility as the CMS roster row? (rename/moved/other),BANNER - UNIVERSITY MEDICAL CENTER TUCSON CAMPUS,"1625 NORTH CAMPBELL AVENUE, TUCSON AZ 85719",Banner University Medical Center Tucson,Banner University Medical Center Tucson|Banner University Medical Center Tucson Campus Cancer Center|Banner University Medical Center Tucson University of Arizona Cancer Center,AZ,2026-03-02,3.0.0,https://www.bannerhealth.com/cms-hpt.txt,https://images.pricetransparency.healthcare/public-mrfs/banner/901074557_banner-university-medical-center-tucson_standardcharges.csv,mrf-header-name-without-location,same-facility-rename | moved-facility | different-facility | need-publisher
030108,alias-rename,Is the file header below the same facility as the CMS roster row? (rename/moved/other),THE CORE INSTITUTE SPECIALTY HOSP,"6501 NORTH 19TH AVENUE, PHOENIX AZ 85015",The CORE Institute Specialty Hospital,The CORE Institute Specialty Hospital,AZ,2026-04-27,3.0.0,,https://thecoreinstitutehospital.com/wp-content/uploads/2026/09/2026-THE-CORE-INSTITUTE-SPECIALTY-HOSPITAL-MRF-INPATIENT.csv,corroborated,same-facility-rename | moved-facility | different-facility | need-publisher
031313,alias-rename,Is the file header below the same facility as the CMS roster row? (rename/moved/other),HOLY CROSS HOSPITAL,"1171 WEST TARGET RANGE ROAD, NOGALES AZ 85621",Holy Cross Hospital-Silver Spring,Holy Cross Hospital-Silver Spring,MD,2026-03-31,3.0.0,https://www.holycrosshealth.org/sites/default/files/price-transparency/cms-hpt.txt,https://hpt.trinity-health.org/520738041-1669417838_holy-cross-hospital-silver-spring_standardcharges.zip,mrf-header-does-not-match-unresolved-roster,same-facility-rename | moved-facility | different-facility | need-publisher
040002,alias-rename,Is the file header below the same facility as the CMS roster row? (rename/moved/other),JOHNSON REGIONAL MEDICAL CENTER,"1100 EAST POPLAR STREET, CLARKSVILLE AR 72830",Johnson Regional Medical Center,Johnson Regional Medical Center,AR,2025-11-25,2.0.0,https://www.jrmc.com/cms-hpt.txt,https://www.jrmc.com/wp-content/uploads/2025/12/710403278_johnson-regional-medical-center_standardcharges.csv,mrf-header-name-without-location,same-facility-rename | moved-facility | different-facility | need-publisher
040011,alias-rename,Is the file header below the same facility as the CMS roster row? (rename/moved/other),CHAMBERS MEMORIAL HOSPITAL,"719 DETROIT STREET, DANVILLE AR 72833",Chambers Health,,,,,https://chambershealth.org/cms-hpt.txt,https://secure.claraprice.net/price-transparency/OHL3996173618/machine-readable/760153629_chambers-health_standardcharges.json,mrf-header-has-no-license-state,same-facility-rename | moved-facility | different-facility | need-publisher
040069,alias-rename,Is the file header below the same facility as the CMS roster row? (rename/moved/other),GREAT RIVER MEDICAL CENTER,"1520 N DIVISION STREET, BLYTHEVILLE AR 72315",,,,,,https://mchsys.org/cms-hpt.txt,https://s3.amazonaws.com/ycubaa-production-marlin-1-charge-management-public/facilities/3da9ca85-20c5-41a0-bdcd-1c72cbc6cce2/716042625_MCHS-GREAT%20RIVER%20MEDICAL%20CENTER_standardcharges.zip,mrf-header-has-no-license-state,same-facility-rename | moved-facility | different-facility | need-publisher
040782,alias-rename,Is the file header below the same facility as the CMS roster row? (rename/moved/other),SOUTH MISSISSIPPI COUNTY REGIONAL MEDICAL CENTER,"611 WEST LEE AVENUE, OSCEOLA AR 72370",,,,,,https://mchsys.org/cms-hpt.txt,https://s3.amazonaws.com/ycubaa-production-marlin-1-charge-management-public/facilities/340cba5b-23f2-476f-bd9f-b97e6c9f7afa/800370789_MCHS-SMC%20REGIONAL%20MEDICAL%20CENTER_standardcharges.zip,mrf-header-has-no-license-state,same-facility-rename | moved-facility | different-facility | need-publisher
041313,alias-rename,Is the file header below the same facility as the CMS roster row? (rename/moved/other),OZARK HEALTH,"2500 HIGHWAY 65 SOUTH, CLINTON AR 72031",Ozark Health Inc.,Ozark Health,AR,2026-04-01,3.0.0,https://ozarkhealth.net/cms-hpt.txt,https://ozarkhealth.net/sites/default/files/pdf/710407683_ozark-health-inc_standardcharges.csv,corroborated,same-facility-rename | moved-facility | different-facility | need-publisher
050236,alias-rename,Is the file header below the same facility as the CMS roster row? (rename/moved/other),ADVENTIST HEALTH SIMI VALLEY,"2975 N SYCAMORE DR, SIMI VALLEY CA 93065",SIMI VALLEY HOSPITAL AND HEALTH CARE SERVICES,SIMI VALLEY HOSPITAL AND HEALTH CARE SERVICES,CA,2026-05-21,3.0.0,https://www.adventisthealth.org/cms-hpt.txt,https://apps.para-hcfs.com/PTT/FinalLinks/Reports.aspx?dbName=dbAHSVSIMIVALLEYCA&type=CDMWithoutLabel&fileType=CSV,mrf-header-does-not-match-unresolved-roster,same-facility-rename | moved-facility | different-facility | need-publisher
050309,alias-rename,Is the file header below the same facility as the CMS roster row? (rename/moved/other),SUTTER ROSEVILLE MEDICAL CENTER,"ONE MEDICAL PLAZA, ROSEVILLE CA 95661",Sutter Roseville Medical Center,Sutter Roseville Medical Center,CA,2026-04-01,3.0.0,https://www.sutterhealth.org/cms-hpt.txt,https://edge.sitecorecloud.io/sutterhealt962c-sutterhealt8fce-production57cc-4860/media/Project/SutterHealth/SutterHealth/Files/billing-insurance/costs-and-charges/941156621-1356390264_sutter-roseville-medical-center_standardcharges.csv,mrf-header-name-without-location,same-facility-rename | moved-facility | different-facility | need-publisher
050704,alias-rename,Is the file header below the same facility as the CMS roster row? (rename/moved/other),MISSION COMMUNITY HOSPITAL,"14850 ROSCOE BLVD, PANORAMA CITY CA 91402",MISSION HOSPITAL,MISSION MAMA|SOUTH ASHEVILLE ER|MISSION HOSPITAL,NC,2026-03-01,3.0.0,https://www.missionhealth.org/cms-hpt.txt,https://stctrprodsnsvc00455826e6.blob.core.windows.net/pt-final-posting-files/83-2048706_MISSION-HOSPITAL_standardcharges.json?si=dpx-pt-json-access-policy&spr=https&sv=2026-02-06&sr=c&sig=ks%2BgfAjyEHlZmeP2PYJ%2f9NpMuCoRStjTb2bhIy9Y6LM%3D,mrf-header-does-not-match-unresolved-roster,same-facility-rename | moved-facility | different-facility | need-publisher
050763,alias-rename,Is the file header below the same facility as the CMS roster row? (rename/moved/other),L A DOWNTOWN MEDICAL CENTER,"1711 WEST TEMPLE STREET, LOS ANGELES CA 90026",LA Downtown Medical Center,Los Angeles,CA,2024-07-01,3.0.0,https://ladowntownmc.com/cms-hpt.txt,https://ladowntownmc.com/downloads/841913047_LA-DOWNTOWN-MEDICAL-CENTER_standardcharges.csv,mrf-header-does-not-match-unresolved-roster,same-facility-rename | moved-facility | different-facility | need-publisher
060022,alias-rename,Is the file header below the same facility as the CMS roster row? (rename/moved/other),UCH-MEMORIAL HEALTH SYSTEM,"1400 E BOULDER ST, COLORADO SPRINGS CO 80909",UCHMHS,UCHealth Memorial Hospital Central,CO,2025-11-01,3.0.0,https://www.uchealth.org/cms-hpt.txt,https://sthpiprd.blob.core.windows.net/machine-readable-files/8076/460796114-1144397134_uchmhs_standardcharges.csv,corroborated-adjudicated,same-facility-rename | moved-facility | different-facility | need-publisher
060030,alias-rename,Is the file header below the same facility as the CMS roster row? (rename/moved/other),BANNER NORTH CO MEDICAL CENTER - LOVELAND CAMPUS,"2000 BOISE AVE, LOVELAND CO 80538",Banner North Colorado Medical Center - Loveland Campus,Banner North Colorado Medical Center - Loveland Campus|Banner North Colorado Medical Center - Loveland Campus,CO,2026-03-02,3.0.0,https://www.bannerhealth.com/cms-hpt.txt,https://images.pricetransparency.healthcare/public-mrfs/banner/841287638_banner-north-colorado-medical-center--loveland-campus_standardcharges.csv,mrf-header-name-without-location,same-facility-rename | moved-facility | different-facility | need-publisher
061303,alias-rename,Is the file header below the same facility as the CMS roster row? (rename/moved/other),EAST MORGAN COUNTY HOSPITAL,"2400 W EDISON ST, BRUSH CO 80723",East Morgan County Hospital,East Morgan County Hospital,CO,2026-02-12,3.0.0,https://www.bannerhealth.com/cms-hpt.txt,https://images.pricetransparency.healthcare/public-mrfs/banner/840826336_east-morgan-county-hospital_standardcharges.csv,mrf-header-name-without-location,same-facility-rename | moved-facility | different-facility | need-publisher
061325,alias-rename,Is the file header below the same facility as the CMS roster row? (rename/moved/other),EASTERN RIO BLANCO COUNTY HEALTH SERVICE DISTRICT,"100 PIONEERS MEDICAL CENTER DR, MEEKER CO 81641",,,,,,https://www.pioneershospital.org/cms-hpt.txt,https://www.pioneershospital.org/wp-content/uploads/2025/10/870788731_pioneers-medical-center_shoppable.csv.csv,mrf-header-has-no-license-state,same-facility-rename | moved-facility | different-facility | need-publisher
070025,alias-rename,Is the file header below the same facility as the CMS roster row? (rename/moved/other),HARTFORD HOSPITAL,"80 SEYMOUR STREET, HARTFORD CT 06102",HARTFORD HOSPITAL,HARTFORD HOSPITAL,CT,2026-04-01,3.0.0,,https://hartfordhealthcare.org/file%20library/price%20data/060646668_hartford_hospital_standardcharges.csv,corroborated,same-facility-rename | moved-facility | different-facility | need-publisher
070036,alias-rename,Is the file header below the same facility as the CMS roster row? (rename/moved/other),JOHN DEMPSEY HOSPITAL OF THE UNIVERSITY OF CONNECT,"263 FARMINGTON AVE, FARMINGTON CT 06032",State of Connecticut,John Dempsey Hospital,CT,2026-07-01,3.0.0,https://health.uconn.edu/cms-hpt.txt,https://uconnhealth.pt.panaceainc.com/MRFDownload/uconnhealth/uconnhealth,mrf-header-does-not-match-unresolved-roster,same-facility-rename | moved-facility | different-facility | need-publisher
074016,alias-rename,Is the file header below the same facility as the CMS roster row? (rename/moved/other),MASONICARE HEALTH CENTER,"22 MASONIC AVE BLDG STURGES, WALLINGFORD CT 06492",Masonicare Health Center,Masonicare Health Center ,CT,2025-01-01,2.0.0,https://www.masonicare.org/cms-hpt.txt,https://www.masonicare.org/download_file/view/1743/1,mrf-header-name-without-location,same-facility-rename | moved-facility | different-facility | need-publisher
100204,alias-rename,Is the file header below the same facility as the CMS roster row? (rename/moved/other),HCA FLORIDA NORTH FLORIDA HOSPITAL,"6500 W NEWBERRY RD, GAINESVILLE FL 32605",HCA FLORIDA NORTH FLORIDA HOSPITAL,HCA FLORIDA WEST END EMERGENCY|HCA FLORIDA GAINESVILLE FSER|HCA FLORIDA MILLHOPPER EMERGENCY|HCA FLORIDA STARKE EMERGENCY|HCA FLORIDA NORTH FLORIDA HOSPITAL,FL,2026-05-05,3.0.0,https://www.hcafloridahealthcare.com/cms-hpt.txt,https://stctrprodsnsvc00455826e6.blob.core.windows.net/pt-final-posting-files/61-1269294_HCA-FLORIDA-NORTH-FLORIDA-HOSPITAL_standardcharges.json?si=dpx-pt-json-access-policy&spr=https&sv=2026-02-06&sr=c&sig=ks%2BgfAjyEHlZmeP2PYJ%2f9NpMuCoRStjTb2bhIy9Y6LM%3D,mrf-header-name-without-location,same-facility-rename | moved-facility | different-facility | need-publisher
100330,alias-rename,Is the file header below the same facility as the CMS roster row? (rename/moved/other),HALIFAX HEALTH /UF HEALTH MEDICAL CENTER OF DELTON,"3300 HALIFAX CROSSINGS BLVD, DELTONA FL 32725",medical center of deltona inc,Medical Center of Deltona,FL,2026-08-05,3.0.0,https://halifaxhealth.org/cms-hpt.txt,https://halifax.pt.panaceainc.com/MRFDownload/halifax/deltona,mrf-header-does-not-match-unresolved-roster,same-facility-rename | moved-facility | different-facility | need-publisher
110128,alias-rename,Is the file header below the same facility as the CMS roster row? (rename/moved/other),MEMORIAL HEALTH MEADOWS HOSPITAL,"ONE MEADOWS PARKWAY, VIDALIA GA 30474",MEMORIAL HEALTH MEADOWS HOSPITAL,MEMORIAL HEALTH MEADOWS HOSPITAL,GA,2026-03-01,3.0.0,https://www.memorialhealth.com/cms-hpt.txt,https://stctrprodsnsvc00455826e6.blob.core.windows.net/pt-final-posting-files/85-2556972_MEMORIAL-HEALTH-MEADOWS-HOSPITAL_standardcharges.json?si=dpx-pt-json-access-policy&spr=https&sv=2026-02-06&sr=c&sig=ks%2BgfAjyEHlZmeP2PYJ%2f9NpMuCoRStjTb2bhIy9Y6LM%3D,mrf-header-name-without-location,same-facility-rename | moved-facility | different-facility | need-publisher
110236,alias-rename,Is the file header below the same facility as the CMS roster row? (rename/moved/other),COMMONSPIRIT-MEMORIAL HOSPITAL-NORTH GEORGIA,"4710 BATTLEFIELD PARKWAY, RINGGOLD GA 30736",CHI MEMORIAL HOSPITAL - GEORGIA,CHI Memorial Hospital - Georgia,GA,2026-02-28,3.0.0,https://www.commonspirit.org/cms-hpt.txt,https://www.commonspirit.org/content/dam/commonspiritorg/en/chime/sotg/finance/price-transparency/822748395-1356860621_chi-memorial-hospital-georgia_standardcharges.json,corroborated-adjudicated,same-facility-rename | moved-facility | different-facility | need-publisher
110253,alias-rename,Is the file header below the same facility as the CMS roster row? (rename/moved/other),SOUTH GEORGIA SPECIALTY HOSPITAL,"2000 PALMYRA RD 3RD FLOOR, ALBANY GA 31701",South Georgia Specialty Hospital,South Georgia Specialty Hospital,GA,2025-01-01,2.0.0,https://southgeorgiaspecialtyhospital.com/cms-hpt.txt,https://southgeorgiaspecialtyhospital.com/wp-content/uploads/2025/05/844617179_affabilis-ii-llc-dba-south-georgia-specialty-hospital_standardcharges.csv,mrf-header-name-without-location,same-facility-rename | moved-facility | different-facility | need-publisher
140119,alias-rename,Is the file header below the same facility as the CMS roster row? (rename/moved/other),RUSH UNIVERSITY MEDICAL CENTER,"1653 WEST CONGRESS PARKWAY, CHICAGO IL 60612",RUSH University Medical Center,RUSH University Medical Center,IL,2026-07-22,3.0.0,https://www.rush.edu/cms-hpt.txt,https://apps.para-hcfs.com/PTT/FinalLinks/Reports.aspx?dbName=dbRUMCCHICAGOIL&type=CDMWithoutLabel&fileType=CSV,mrf-header-name-without-location,same-facility-rename | moved-facility | different-facility | need-publisher
140148,alias-rename,Is the file header below the same facility as the CMS roster row? (rename/moved/other),MEMORIAL MEDICAL CENTER,"701 N FIRST ST, SPRINGFIELD IL 62702",Memorial Medical Center dba Springfield Memorial Hospital,"Springfield, IL",IL,2026-02-10,3.0.0,https://memorial.health/cms-hpt.txt,https://memorial.health/Resources/452b1df1-ad01-4063-a729-31a091660635/370661220_Springfield_Memorial_Hospital_standardcharges.csv?v=2,mrf-header-does-not-match-unresolved-roster,same-facility-rename | moved-facility | different-facility | need-publisher
140172,alias-rename,Is the file header below the same facility as the CMS roster row? (rename/moved/other),FRANCISCAN HEALTH OLYMPIA & CHICAGO HEIGHTS,"20201 S CRAWFORD AVENUE, OLYMPIA FIELDS IL 60461","FRANCISCAN ALLIANCE, INC. dba FRANCISCAN HEALTH OLYMPIA FIELDS",FRANCISCAN HEALTH OLYMPIA FIELDS,IL,2026-01-01,3.0.0,https://www.franciscanhealth.org/cms-hpt.txt,https://images.franciscanhealth.org/pdfs/enterprise/price_transparency/362167869_franciscan-health-olympia-fields_standardcharges.zip,mrf-header-does-not-match-unresolved-roster,same-facility-rename | moved-facility | different-facility | need-publisher
140180,alias-rename,Is the file header below the same facility as the CMS roster row? (rename/moved/other),PRESENCE SAINTS MARY AND ELIZABETH MEDICAL CENTER,"2233 W DIVISION ST, CHICAGO IL 60622",St. Alexius Medical Center,Ascension St. Alexius| Ascension Saint Alexius Women and Children's Hospital,IL,2026-01-01,3.0.0,https://healthcare.ascension.org/-/media/Healthcare/cms-hpt.txt,https://healthcare.ascension.org/-/media/project/ascension/healthcare/price-transparency-files/il-csv/364251846_st-alexius-medical-center_standardcharges.csv,mrf-header-name-without-location,same-facility-rename | moved-facility | different-facility | need-publisher
140184,alias-rename,Is the file header below the same facility as the CMS roster row? (rename/moved/other),HEARTLAND REGIONAL MEDICAL CENTER,"3333 W DEYOUNG, MARION IL 62959",Deaconess Regional Healthcare Services Illinois Inc,Deaconess Illinois Medical Center,IL,2026-02-03,3.0.0,https://deaconess.com/cms-hpt.txt,https://sthpiprd.blob.core.windows.net/machine-readable-files/10475/810693478_deaconess-regional-healthcare-services-illinois-inc_standardcharges.csv,corroborated-adjudicated,same-facility-rename | moved-facility | different-facility | need-publisher
141330,alias-rename,Is the file header below the same facility as the CMS roster row? (rename/moved/other),HOPEDALE HOSPITAL,"107 TREMONT STREET, HOPEDALE IL 61747",Hopedale Medical Complex,Hopedale Medical Complex,IL,2026-04-06,3.0.0,,https://hopedalemc.com/docs/370808925_hopedale-medical-foundation_standardcharges.csv,mrf-header-does-not-match-unresolved-roster,same-facility-rename | moved-facility | different-facility | need-publisher
141335,alias-rename,Is the file header below the same facility as the CMS roster row? (rename/moved/other),MERCY HARVARD HOSPITAL,"901 S GRANT STREET, HARVARD IL 60033",Mercyhealth Hospital & Medical Center - Harvard,Mercyhealth Hospital & Medical Center - Harvard|Harvard Care Center,IL,2026-03-01,3.0.0,https://res.cloudinary.com/dpmykpsih/raw/upload/mercyhealth-site-398/media/18f42ccebb5847e98aa8a810d0c7b763/cms-hpt.txt,https://res.cloudinary.com/dpmykpsih/raw/upload/fl_attachment/mercyhealth-site-398/media/2d1cbb17b353441aab7c37d9b22f6c99/311551871-mercyharvardhospital-standardchargers.json,mrf-header-does-not-match-unresolved-roster,same-facility-rename | moved-facility | different-facility | need-publisher
141353,alias-rename,Is the file header below the same facility as the CMS roster row? (rename/moved/other),IROQUOIS MEMORIAL HOSPITAL,"200 FAIRMAN STREET, WATSEKA IL 60970",Iroquois Memorial Hospital,IroquoisMemorialHospital|Iroquois Memorial Hospital,IL,,2,https://iroquoismemorial.com/cms-hpt.txt,https://iroquois.slicedhealth.io/pricer/37-0673512_IroquoisMemorialHospital_standardcharges.CSV,corroborated,same-facility-rename | moved-facility | different-facility | need-publisher
150051,alias-rename,Is the file header below the same facility as the CMS roster row? (rename/moved/other),INDIANA UNIVERSITY HEALTH BLOOMINGTON HOSPITAL,"601 W SECOND ST, BLOOMINGTON IN 47403",Indiana University Health Bloomington Inc.,IU Health Bloomington Hospital,IN,2026-03-25,3.0,https://cdn.iuhealth.org/global/cms-hpt.txt,https://cdn.iuhealth.org/resources/351720796_indiana-university-health-bloomington-inc._standardcharges.zip,mrf-header-name-without-location,same-facility-rename | moved-facility | different-facility | need-publisher
150193,alias-rename,Is the file header below the same facility as the CMS roster row? (rename/moved/other),FRANCISCAN HEALTH ORTHOPEDIC HOSPITAL CARMEL,"10777 N ILLINOIS ST, CARMEL IN 46032","FRANCISCAN ALLIANCE, INC. dba FRANCISCAN HEALTH ORTHOPEDIC HOSPITAL - CARMEL",FRANCISCAN HEALTH ORTHOPEDIC HOSPITAL - CARMEL,IN,2025-07-01,2.0.0,https://www.franciscanhealth.org/cms-hpt.txt,https://images.franciscanhealth.org/pdfs/enterprise/price_transparency/350913537_franciscan-health-orthopedic-carmel_standardcharges.zip,mrf-header-name-without-location,same-facility-rename | moved-facility | different-facility | need-publisher
151322,alias-rename,Is the file header below the same facility as the CMS roster row? (rename/moved/other),PERRY COUNTY MEMORIAL HOSPITAL,"8885 SR 237, TELL CITY IN 47586",PERRY COUNTY MEMORIAL HOSPITAL,PERRY COUNTY MEMORIAL HOSPITAL,IN,2026-06-08,3.0.0,https://www.pchospital.org/cms-hpt.txt,https://s3.amazonaws.com/ycubaa-production-marlin-1-charge-management-public/facilities/24038e54-d9a2-4236-9081-ad3af29792c7/351121699_PERRY-COUNTY-MEMORIAL-HOSPITAL_standardcharges.zip,mrf-header-name-without-location,same-facility-rename | moved-facility | different-facility | need-publisher
151329,alias-rename,Is the file header below the same facility as the CMS roster row? (rename/moved/other),MARGARET MARY COMMUNITY HOSPITAL INC,"321 MITCHELL AVE, BATESVILLE IN 47006",Margaret Mary Health,Margaret Mary Health,OH,2026-04-08,2.0.0,,https://www.mmhealth.org/wp-content/uploads/2026/06/356067049_Margaret-Mary-Health_standardcharges-2.csv,mrf-header-does-not-match-unresolved-roster,same-facility-rename | moved-facility | different-facility | need-publisher
154018,alias-rename,Is the file header below the same facility as the CMS roster row? (rename/moved/other),RICHMOND STATE HOSPITAL,"498 NW 18TH ST, RICHMOND IN 47374",Richmond State Hospital,Richmond State Hospital,IN,2026-01-13,2.0.0,https://www.in.gov/fssa/dmha/state-psychiatric-hospitals/cms-hpt.txt,https://www.in.gov/fssa/dmha/files/356000158-Richmond-State-Hospital_standardcharges.csv,mrf-header-name-without-location,same-facility-rename | moved-facility | different-facility | need-publisher
161329,alias-rename,Is the file header below the same facility as the CMS roster row? (rename/moved/other),JACKSON COUNTY REGIONAL HEALTH CENTER,"700 W GROVE ST, MAQUOKETA IA 52060",,,,,,https://jcrhc.org/cms-hpt.txt,https://jcrhc.org/wp-content/uploads/426037868_jackson-county-public-hospital_shoppable.csv,mrf-header-has-no-license-state,same-facility-rename | moved-facility | different-facility | need-publisher
170006,alias-rename,Is the file header below the same facility as the CMS roster row? (rename/moved/other),"MERCY HOSPITAL PITTSBURG, INC","1 MT CARMEL WAY, PITTSBURG KS 66762","Ascension NE Wisconsin, Inc.",Ascension NE Wisconsin - Mercy Campus,WI,2026-01-01,3.0.0,https://healthcare.ascension.org/-/media/Healthcare/cms-hpt.txt,https://healthcare.ascension.org/-/media/project/ascension/healthcare/price-transparency-files/wi-csv/390816818-1912527193_ascension-ne-wisconsin-inc-fka-st-elizabeth-hospital-inc_standardcharges.csv,mrf-header-does-not-match-unresolved-roster,same-facility-rename | moved-facility | different-facility | need-publisher
171385,alias-rename,Is the file header below the same facility as the CMS roster row? (rename/moved/other),COFFEY COUNTY HOSPITAL,"801 NORTH 4TH STREET, BURLINGTON KS 66839",Coffey County Hospital,Coffey County Hospital Main Campus,KS,2024-11-06,2.0.0,https://coffeyhealth.org/communities/coffeyhealth2020-2/cms-hpt.txt,https://coffeyhealth.org/Documents/480860883_Coffey_County_Hospital_Standardcharges.csv,mrf-header-name-without-location,same-facility-rename | moved-facility | different-facility | need-publisher
171386,alias-rename,Is the file header below the same facility as the CMS roster row? (rename/moved/other),MORTON COUNTY HOSPITAL,"445 HILLTOP STREET, ELKHART KS 67950",Morton County Health System,,,,,https://mchswecare.com/cms-hpt.txt,https://secure.claraprice.net/price-transparency/TAIU-1724338504629/machine-readable/48-0818854_morton-county-health-system_standardcharges.json,mrf-header-has-no-license-state,same-facility-rename | moved-facility | different-facility | need-publisher
190241,alias-rename,Is the file header below the same facility as the CMS roster row? (rename/moved/other),PHYSICIANS MEDICAL CENTER,"218 CORPORATE DRIVE, HOUMA LA 70360",,,,,,https://www.physicianshouma.com/cms-hpt.txt,https://www.tghealthsystem.com/documents/price transparency/721275428_physicians-medical-center_standardcharges.csv,mrf-header-has-no-license-state,same-facility-rename | moved-facility | different-facility | need-publisher
191318,alias-rename,Is the file header below the same facility as the CMS roster row? (rename/moved/other),RIVERLAND MEDICAL CENTER,"6569 HWY 84, FERRIDAY LA 71334",CONCORDIA PARISH HOSPITAL SERVICE DISTRICT #1,TRINITY MEDICAL,LA,2024-10-24,2.0.0,https://trinitymed.com/cms-hpt.txt,https://www.trinitymed.com/siteuploads/editorimg/file/720578642_trinity-medical_standardcharges.csv,mrf-header-does-not-match-unresolved-roster,same-facility-rename | moved-facility | different-facility | need-publisher
201305,alias-rename,Is the file header below the same facility as the CMS roster row? (rename/moved/other),CALAIS COMMUNITY HOSPITAL,"24 HOSPITAL LANE, CALAIS ME 04619",Calais Community Hospital,,,,,https://calaishospital.org/cms-hpt.txt,https://secure.claraprice.net/price-transparency/IJLS-1755124586280/machine-readable/862728785_calais-community-hospital_standardcharges.json,mrf-header-has-no-license-state,same-facility-rename | moved-facility | different-facility | need-publisher
210004,alias-rename,Is the file header below the same facility as the CMS roster row? (rename/moved/other),HOLY CROSS HOSPITAL,"1500 FOREST GLEN ROAD, SILVER SPRING MD 20910",Holy Cross Hospital-Silver Spring,Holy Cross Hospital-Silver Spring,MD,2026-03-31,3.0.0,https://www.holycrosshealth.org/sites/default/files/price-transparency/cms-hpt.txt,https://hpt.trinity-health.org/520738041-1669417838_holy-cross-hospital-silver-spring_standardcharges.zip,mrf-header-does-not-match-unresolved-roster,same-facility-rename | moved-facility | different-facility | need-publisher
210065,alias-rename,Is the file header below the same facility as the CMS roster row? (rename/moved/other),HOLY CROSS GERMANTOWN HOSPITAL,"19801 OBSERVATION DRIVE, GERMANTOWN MD 20876",Holy Cross Germantown Hospital,Holy Cross Germantown Hospital,MD,2026-03-31,3.0.0,https://www.holycrosshealth.org/sites/default/files/price-transparency/cms-hpt.txt,https://hpt.trinity-health.org/520738041-1245655638_holy-cross-germantown-hospital_standardcharges.zip,corroborated,same-facility-rename | moved-facility | different-facility | need-publisher
220080,alias-rename,Is the file header below the same facility as the CMS roster row? (rename/moved/other),HOLY FAMILY HOSPITAL,"70 EAST STREET, METHUEN MA 01844",Lawrence General Hospital,Lawrence General Hospital | Holy Family Hospital - Methuen,MA,2026-04-29,3.0.0,,https://www.mhlawrencehospital.org/getmedia/e6c34e8a-4f60-484a-a120-519d4d00f386/042103586_LawerenceGeneralHospital_standardcharges.csv,mrf-header-does-not-match-unresolved-roster,same-facility-rename | moved-facility | different-facility | need-publisher
220111,alias-rename,Is the file header below the same facility as the CMS roster row? (rename/moved/other),GOOD SAMARITAN MEDICAL CENTER,"235 NORTH PEARL STREET, BROCKTON MA 02301",Boston Medical Center South,Boston Medical Center South,MA,2026-03-13,3.0.0,https://www.bmchealthsystem.org/cms-hpt.txt,https://www.bmchealthsystem.org/wp-content/uploads/272473728_BostonMedicalCenterSouth_standardcharges.csv.zip,corroborated-adjudicated,same-facility-rename | moved-facility | different-facility | need-publisher
223300,alias-rename,Is the file header below the same facility as the CMS roster row? (rename/moved/other),FRANCISCAN CHILDREN'S HOSPITAL & REHAB CENTER,"30 WARREN STREET, BRIGHTON MA 02135",Franciscan Hospital For Children,Franciscan Hospital For Children,MA,2026-04-01,3.0.0,https://franciscans.childrenshospital.org/cms-hpt.txt,https://franciscans.childrenshospital.org/sites/default/files/shoppable/042156082_Franciscan_Hospital_for_Children_Standardsharges.csv,corroborated-adjudicated,same-facility-rename | moved-facility | different-facility | need-publisher
230002,alias-rename,Is the file header below the same facility as the CMS roster row? (rename/moved/other),ST JOE MERCY HOSPITAL SYSTEM LIVONIA,"36475 FIVE MILE ROAD, LIVONIA MI 48154",St Mary Mercy Livonia,St Mary Mercy Livonia,MI,2026-03-31,3.0.0,https://www.trinityhealthmichigan.org/sites/default/files/cms-hpt.txt,https://hpt.trinity-health.org/383521763_st-mary-mercy-livonia_standardcharges.zip,mrf-header-does-not-match-unresolved-roster,same-facility-rename | moved-facility | different-facility | need-publisher
230020,alias-rename,Is the file header below the same facility as the CMS roster row? (rename/moved/other),BEAUMONT HOSPITAL - DEARBORN,"18101 OAKWOOD BLVD, DEARBORN MI 48124",Corewell Health Butterworth Hospital,Corewell Health Butterworth Hospital,MI,2026-04-01,3.0.0,https://corewellhealth.org/cms-hpt.txt,https://assets.contentstack.io/v3/assets/blt3055f692fe7bf193/blt0f9fd2163e3908a4/381360529_corewell-health-butterworth-hospital_standardcharges.csv,mrf-header-does-not-match-unresolved-roster,same-facility-rename | moved-facility | different-facility | need-publisher
230035,alias-rename,Is the file header below the same facility as the CMS roster row? (rename/moved/other),SPECTRUM HEALTH UNITED HOSPITAL,"615 S BOWER STREET, GREENVILLE MI 48838",Corewell Health Butterworth Hospital,Corewell Health Butterworth Hospital,MI,2026-04-01,3.0.0,https://corewellhealth.org/cms-hpt.txt,https://assets.contentstack.io/v3/assets/blt3055f692fe7bf193/blt0f9fd2163e3908a4/381360529_corewell-health-butterworth-hospital_standardcharges.csv,mrf-header-does-not-match-unresolved-roster,same-facility-rename | moved-facility | different-facility | need-publisher
230055,alias-rename,Is the file header below the same facility as the CMS roster row? (rename/moved/other),DICKINSON COUNTY MEMORIAL HOSPITAL,"1721 S STEPHENSON AVE, IRON MOUNTAIN MI 49801",Marshfield Medical Center - Dickinson,Marshfield Medical Center - Dickinson,MI,2026-02-19,3.0.0,https://www.marshfieldclinic.org/cms-hpt.txt,https://www.marshfieldclinic.org/-/media/marshfieldclinic/files/patient%20resources/cms-hpt-documents/382780429_marshfield-medical-center--dickinson_standardcharges.csv,corroborated-adjudicated,same-facility-rename | moved-facility | different-facility | need-publisher
230089,alias-rename,Is the file header below the same facility as the CMS roster row? (rename/moved/other),BEAUMONT HOSPITAL - GROSSE POINTE,"468 CADIEUX RD, GROSSE POINTE MI 48230",William Beaumont Hospital,Corewell Health Grosse Pointe Hospital,MI,2026-04-01,3.0.0,https://corewellhealth.org/cms-hpt.txt,https://assets.contentstack.io/v3/assets/blt3055f692fe7bf193/blt5644d1c708026093/183459362_1811044878_william-beaumont-hospital_standardcharges.csv,corroborated-adjudicated,same-facility-rename | moved-facility | different-facility | need-publisher
230146,alias-rename,Is the file header below the same facility as the CMS roster row? (rename/moved/other),WYANDOTTE HOSPITAL AND MEDICAL CENTER,"2333 BIDDLE AVE, WYANDOTTE MI 48192",Henry Ford Wyandotte Hospital,Henry Ford Wyandotte Hospital | Henry Ford Wyandotte Hospital | Henry Ford Brownstown,MI,2026-06-28,3.0.0,https://www.henryford.com/cms-hpt.txt,https://www.henryford.com/-/media/files/henry-ford/patients-visitors/price-transparency-06-26/382791823_henry-ford-wyandotte-hospital_standardcharges.csv,mrf-header-does-not-match-unresolved-roster,same-facility-rename | moved-facility | different-facility | need-publisher
230151,alias-rename,Is the file header below the same facility as the CMS roster row? (rename/moved/other),BEAUMONT HOSPITAL - FARMINGTON HILLS,"28050 GRAND RIVER AVENUE, FARMINGTON HILLS MI 48336",Corewell Health Butterworth Hospital,Corewell Health Butterworth Hospital,MI,2026-04-01,3.0.0,https://corewellhealth.org/cms-hpt.txt,https://assets.contentstack.io/v3/assets/blt3055f692fe7bf193/blt0f9fd2163e3908a4/381360529_corewell-health-butterworth-hospital_standardcharges.csv,mrf-header-does-not-match-unresolved-roster,same-facility-rename | moved-facility | different-facility | need-publisher
230230,alias-rename,Is the file header below the same facility as the CMS roster row? (rename/moved/other),EDWARD W SPARROW HOSPITAL,"1215 E MICHIGAN AVENUE, LANSING MI 48912",University of Michigan Health-Sparrow Specialty Hospital,University of Michigan Health-Sparrow Specialty Hospital,CA,2026-04-07,4.0.0,https://www.uofmhealthsparrow.org/cms-hpt.txt,https://www.uofmhealthsparrow.org/sites/default/files/2026-04/um-health-sparrow-specialty-machine-readable-file-04-08-2026.csv,mrf-header-does-not-match-unresolved-roster,same-facility-rename | moved-facility | different-facility | need-publisher
230269,alias-rename,Is the file header below the same facility as the CMS roster row? (rename/moved/other),"BEAUMONT HOSPITAL, TROY","44201 DEQUINDRE ROAD, TROY MI 48085",William Beaumont Hospital,Corewell Health Troy Hospital,MI,2026-04-01,3.0.0,https://corewellhealth.org/cms-hpt.txt,https://assets.contentstack.io/v3/assets/blt3055f692fe7bf193/blta76ad74666a452ed/381459362_1811044878_beaumont-hospital-troy_standardcharges.csv,corroborated-adjudicated,same-facility-rename | moved-facility | different-facility | need-publisher
230270,alias-rename,Is the file header below the same facility as the CMS roster row? (rename/moved/other),BEAUMONT HOSPITAL - TAYLOR,"10000 TELEGRAPH ROAD, TAYLOR MI 48180",Oakwood Healthcare Inc,Corewell Health Taylor Hospital ,MI,2026-04-01,3.0.0,https://corewellhealth.org/cms-hpt.txt,https://assets.contentstack.io/v3/assets/blt3055f692fe7bf193/blt038c460a72c2b256/381405141_1487605168_oakwood-healthcare-inc_standardcharges.csv,corroborated-adjudicated,same-facility-rename | moved-facility | different-facility | need-publisher
231331,alias-rename,Is the file header below the same facility as the CMS roster row? (rename/moved/other),SPARROW IONIA HOSPITAL,"3565 S STATE ROAD, IONIA MI 48846",University of Michigan Health-Sparrow Ionia ,University of Michigan Health-Sparrow Ionia ,CA,2026-04-01,4.1.0,https://www.uofmhealthsparrow.org/cms-hpt.txt,https://www.uofmhealthsparrow.org/sites/default/files/2026-03/um-health-sparrow-ionia-machine-readable-file-03-31-2026.csv,mrf-header-does-not-match-unresolved-roster,same-facility-rename | moved-facility | different-facility | need-publisher
231333,alias-rename,Is the file header below the same facility as the CMS roster row? (rename/moved/other),ASPIRUS IRONWOOD HOSPITAL,"N10561 GRAND VIEW LANE, IRONWOOD MI 49938",Aspirus Ironwood Hospital,Aspirus Ironwood Hospital,MI,2025-07-01,2.2.0,https://www.aspirus.org/cms-hpt.txt,https://www.aspirus.org/Uploads/Public/Documents/PriceEstimate/TransparencyFY26/382908586_aspirus-ironwood-hospital_standardcharges.json,mrf-header-name-without-location,same-facility-rename | moved-facility | different-facility | need-publisher
231339,alias-rename,Is the file header below the same facility as the CMS roster row? (rename/moved/other),COREWELL HEALTH PENNOCK HOSPITAL,"1009 W GREEN ST, HASTINGS MI 49058",Corewell Health Butterworth Hospital,Corewell Health Butterworth Hospital,MI,2026-04-01,3.0.0,https://corewellhealth.org/cms-hpt.txt,https://assets.contentstack.io/v3/assets/blt3055f692fe7bf193/blt0f9fd2163e3908a4/381360529_corewell-health-butterworth-hospital_standardcharges.csv,mrf-header-does-not-match-unresolved-roster,same-facility-rename | moved-facility | different-facility | need-publisher
240053,alias-rename,Is the file header below the same facility as the CMS roster row? (rename/moved/other),PARK NICOLLET METHODIST HOSPITAL,"6500 EXCELSIOR BLVD, SAINT LOUIS PARK MN 55426",Methodist Hospital,Methodist Hospital,MN,2026-03-31,3.0.0,https://www.healthpartners.com/cms-hpt.txt,https://www.healthpartners.com/content/dam/brand-identity/pdfs/care/410832080_MethodistHospital_StandardCharges.csv,mrf-header-does-not-match-unresolved-roster,same-facility-rename | moved-facility | different-facility | need-publisher
241350,alias-rename,Is the file header below the same facility as the CMS roster row? (rename/moved/other),ESSENTIA HEALTH MOOSE LAKE,"4572 COUNTY ROAD 61, MOOSE LAKE MN 55767",Essentia Health Moose Lake,Moose Lake Hospital,MN,2026-01-01,2.0.0,https://www.essentiahealth.org/cms-hpt.txt,https://www.essentiahealth.org/standard-charges/2026/845099016_Essentia-Moose-Lake_standardcharges.csv,mrf-header-name-without-location,same-facility-rename | moved-facility | different-facility | need-publisher
250038,alias-rename,Is the file header below the same facility as the CMS roster row? (rename/moved/other),MERIT HEALTH MADISON,"161 RIVER OAKS DRIVE, CANTON MS 39046",STATE OF MISSISSIPPI-UNIVERSITY OF MISSISSIPPI MEDICAL CENTER,UMMC - MADISON,MS,2026-04-01,3.0.0,https://umc.edu/cms-hpt.txt,https://www.umc.edu/Healthcare/Patients-and-Visitors/Bill%20Pay/Pricing%20Files/646008520-1194770404_university-of-mississippi-medical-center_standardcharges.csv,corroborated-adjudicated,same-facility-rename | moved-facility | different-facility | need-publisher
250042,alias-rename,Is the file header below the same facility as the CMS roster row? (rename/moved/other),NORTHWEST MISSISSISSIPPI REGIONAL MEDICAL CENTER,"1970 HOSPITAL DRIVE, CLARKSDALE MS 38614",Delta Health System,Delta Health System|Delta Health System (West Campus),MS,2026-08-21,3.0.0,https://www.deltahealthsystem.org/cms-hpt.txt,https://www.deltahealthsystem.org/documents/640586958_delta-regional-medical-center_standardcharges.csv,mrf-header-name-without-location,same-facility-rename | moved-facility | different-facility | need-publisher
250172,alias-rename,Is the file header below the same facility as the CMS roster row? (rename/moved/other),HIGHLAND HILLS MEDICAL CENTER,"401 GETWELL DRIVE, SENATOBIA MS 38668",Delta Health System,Delta Health System|Delta Health System (West Campus),MS,2026-08-21,3.0.0,https://www.deltahealthsystem.org/cms-hpt.txt,https://www.deltahealthsystem.org/documents/640586958_delta-regional-medical-center_standardcharges.csv,mrf-header-name-without-location,same-facility-rename | moved-facility | different-facility | need-publisher
251323,alias-rename,Is the file header below the same facility as the CMS roster row? (rename/moved/other),OCHSNER SCOTT REGIONAL,"317 HIGHWAY 13 SOUTH, MORTON MS 39117","Scott Regional Medical Center, Inc.",Ochsner Scott Regional ,LA,2026-04-01,3.0.0,https://www.ochsner.org/cms-hpt.txt,https://ochsner-craft.s3.amazonaws.com/core/260792328_scott-regional-medical-center-inc._standardcharges.csv_2026-03-26-184248_yujh.csv,mrf-header-does-not-match-unresolved-roster,same-facility-rename | moved-facility | different-facility | need-publisher
251325,alias-rename,Is the file header below the same facility as the CMS roster row? (rename/moved/other),COVINGTON COUNTY HOSPITAL CAH,"701 SOUTH HOLLY AVENUE, COLLINS MS 39428",covington_county_hospital,covington_county_hospital_.1,MS,2026-07-21,3.0.0,,https://covingtoncountyhospital.com/646001549_covington-county-hospital_standardcharges.csv,corroborated,same-facility-rename | moved-facility | different-facility | need-publisher
251335,alias-rename,Is the file header below the same facility as the CMS roster row? (rename/moved/other),OCHSNER STENNIS MEMORIAL HOSPITAL,"14365 HIGHWAY 16 WEST, DE KALB MS 39328","Kemper CAH, Inc. ",Ochsner Stennis Hospital,LA,2026-04-01,3.0.0,https://www.ochsner.org/cms-hpt.txt,https://ochsner-craft.s3.amazonaws.com/core/271757642_kemper-cah-inc.-_standardcharges.csv.csv,mrf-header-does-not-match-unresolved-roster,same-facility-rename | moved-facility | different-facility | need-publisher
260110,alias-rename,Is the file header below the same facility as the CMS roster row? (rename/moved/other),MERCY HOSPITAL SOUTHEAST,"1701 LACEY ST, CAPE GIRARDEAU MO 63701",Southeast Hospital dba Mercy Hospital Southeast,Southeast Hospital dba Mercy Hospital Southeast,OK,2026-06-11,3.0.0,https://www.mercy.net/content/dam/mercy/en/cms-hpt/cms-hpt.txt,https://www.mercy.net/content/dam/mercy/en/web-assets/charge-files/430654874_mercy-hospital-southeast_standardcharges.zip,mrf-header-does-not-match-unresolved-roster,same-facility-rename | moved-facility | different-facility | need-publisher
261303,alias-rename,Is the file header below the same facility as the CMS roster row? (rename/moved/other),COMMUNITY HOSPITAL ASSOCIATION,"26136 US HIGHWAY 59, PO BOX 107, FAIRFAX MO 64446",Community Hospital Association,Community Hospital Fairfax,MO,2026-08-21,3.0.0,https://fairfaxmed.com/cms-hpt.txt,https://fairfax.pt.panaceainc.com/MRFDownload/fairfax/fairfax,mrf-header-name-without-location,same-facility-rename | moved-facility | different-facility | need-publisher
261305,alias-rename,Is the file header below the same facility as the CMS roster row? (rename/moved/other),PUTNAM COUNTY MEMORIAL HOSPITAL,"1926 OAK STREET,  PO BOX 389, UNIONVILLE MO 63565",Putnam County Memorial Hospital,Putnam County Memorial Hospital,MO,2026-04-09,3.0.0,https://www.pcmhosp.com/_files/ugd/715aec_84b5ed9ad0954d16bc85a681eba230f9.txt?dn=cms-hpt%20(2026).txt,https://715aec82-78c7-4cfd-9819-25bb620d49bb.usrfiles.com/ugd/715aec_bcdff3c73b64415b8485139001e17eb7.csv,mrf-header-name-without-location,same-facility-rename | moved-facility | different-facility | need-publisher
261332,alias-rename,Is the file header below the same facility as the CMS roster row? (rename/moved/other),CARROLL COUNTY MEMORIAL HOSPITAL,"1502 NORTH JEFFERSON, CARROLLTON MO 64633",Carroll County Memorial Hospital,Carroll County Memorial Hospital,MO,2026-04-01,3.0.,https://www.carrollcountyhospital.org/cms-hpt.txt,https://www.carrollcountyhospital.org/Content/Uploads/carrollcountyhospital.org/files/440629397_carroll-county-memorial-hospital_standardcharges.csv.csv,corroborated,same-facility-rename | moved-facility | different-facility | need-publisher
271314,alias-rename,Is the file header below the same facility as the CMS roster row? (rename/moved/other),DEER LODGE MEDICAL CENTER,"1100 HOLLENBACK LN, DEER LODGE MT 59722",Powell County Memorial Hospital Association,Deer Lodge Medical Center,CA,2026-01-01,4.0.0,https://dlmed.org/cms-hpt.txt,https://www.dlmed.org/wp-content/uploads/2026/01/Powell-County-Hospital-Standard-Charges.csv,mrf-header-does-not-match-unresolved-roster,same-facility-rename | moved-facility | different-facility | need-publisher
271324,alias-rename,Is the file header below the same facility as the CMS roster row? (rename/moved/other),PONDERA MEDICAL CENTER,"805 SUNSET BLVD, CONRAD MT 59425",Logan Health - Conrad,Logan Health - Conrad,MT,2026-04-01,3.0.0,https://logan.org/cms-hpt.txt,https://hospitalpricedisclosure.com/download.aspx?pi=YI*_*B*_*wvXdFlgmQNXvicF2w*-*,corroborated-adjudicated,same-facility-rename | moved-facility | different-facility | need-publisher
280065,alias-rename,Is the file header below the same facility as the CMS roster row? (rename/moved/other),GREAT PLAINS HEALTH,"601 WEST LEOTA ST, NORTH PLATTE NE 69101",Great Plains Health,,,,,https://res.cloudinary.com/dpmykpsih/raw/upload/great-plains-health-site-358/media/c905b76950d842b68b1299e19117ba31/cms-hpt.txt,https://secure.claraprice.net/price-transparency/MAPH-1681850094272/machine-readable,mrf-header-has-no-license-state,same-facility-rename | moved-facility | different-facility | need-publisher
281306,alias-rename,Is the file header below the same facility as the CMS roster row? (rename/moved/other),KEARNEY COUNTY HEALTH SERVICES HOSPITAL,"727 EAST 1ST ST, MINDEN NE 68959",Kearney County Hospital,,,,,https://kchs.org/cms-hpt.txt,https://secure.claraprice.net/price-transparency/ECZN-1713298384823/machine-readable/476014070_kearney-county-hospital_standardcharges.json,mrf-header-has-no-license-state,same-facility-rename | moved-facility | different-facility | need-publisher
281312,alias-rename,Is the file header below the same facility as the CMS roster row? (rename/moved/other),GENOA COMMUNITY HOSPITAL,"P O BOX 310, 706 EWING AVE, GENOA NE 68640",Genoa Medical Facilities,,,,,https://genoamedical.org/cms-hpt.txt,https://secure.claraprice.net/price-transparency/60faecd27d40231ea612e844/machine-readable/476006197_genoa-medical_standardcharges.json,mrf-header-has-no-license-state,same-facility-rename | moved-facility | different-facility | need-publisher
281313,alias-rename,Is the file header below the same facility as the CMS roster row? (rename/moved/other),GOTHENBURG HEALTH,"PO BOX 469 910 20TH ST, GOTHENBURG NE 69138",Gothenburg Health,,,,,https://www.gothenburghealth.org/cms-hpt.txt,https://secure.claraprice.net/price-transparency/YTLS-1743523485849/machine-readable/470532605_gothenburg-health_standardcharges.json,mrf-header-has-no-license-state,same-facility-rename | moved-facility | different-facility | need-publisher
281316,alias-rename,Is the file header below the same facility as the CMS roster row? (rename/moved/other),WEBSTER COUNTY COMMUNITY HOSPITAL,"P O BOX 465, 621 N FRANKLIN ST, RED CLOUD NE 68970",Webster County Community Hospital dba Webster County Community Hospital,,,,,https://websterhospital.org/cms-hpt.txt,https://secure.claraprice.net/price-transparency/MMRL-1778188481466/machine-readable/470466032_webster-county-community-hospital_standardcharges.json,mrf-header-has-no-license-state,same-facility-rename | moved-facility | different-facility | need-publisher
281327,alias-rename,Is the file header below the same facility as the CMS roster row? (rename/moved/other),COZAD COMMUNITY HOSPITAL,"P O BOX 108, 300 EAST 12TH ST, COZAD NE 69130",Cozad Community Hospital,,,,,https://cozadhealthcare.com/cms-hpt.txt,https://secure.claraprice.net/price-transparency/YWBX-1689949782535/machine-readable/476007486_cozad-community-hospital_standardcharges.json,mrf-header-has-no-license-state,same-facility-rename | moved-facility | different-facility | need-publisher
281334,alias-rename,Is the file header below the same facility as the CMS roster row? (rename/moved/other),BOONE COUNTY HEALTH CENTER,"P O BOX 151, 723 WEST FAIRVIEW ST, ALBION NE 68620",Boone County Health Center,,,,,https://boonecohealth.org/cms-hpt.txt,https://secure.claraprice.net/price-transparency/AWJB-1737999041661/machine-readable/476000611_boone-county-health-center_standardcharges.json,mrf-header-has-no-license-state,same-facility-rename | moved-facility | different-facility | need-publisher
281335,alias-rename,Is the file header below the same facility as the CMS roster row? (rename/moved/other),CALLAWAY DISTRICT HOSPITAL,"P O BOX 100, 211 E KIMBALL ST, CALLAWAY NE 68825",Callaway District Hospital,,,,,https://www.callawayhospital.org/cms-hpt.txt,https://secure.claraprice.net/price-transparency/IHDY-1698614401401/machine-readable/470533576_callaway-district-hospital_standardcharges.json,mrf-header-has-no-license-state,same-facility-rename | moved-facility | different-facility | need-publisher
281340,alias-rename,Is the file header below the same facility as the CMS roster row? (rename/moved/other),DUNDY COUNTY HOSPITAL,"P O BOX 626, 1313 NORTH CHEYENNE ST, BENKELMAN NE 69021",Dundy County Hospital,,,,,https://www.dchbenkelman.com/cms-hpt.txt,https://secure.claraprice.net/price-transparency/GGVV-1725057844241/machine-readable/47-0487831_dundy-county-hospital_standardcharges.json,mrf-header-has-no-license-state,same-facility-rename | moved-facility | different-facility | need-publisher
281364,alias-rename,Is the file header below the same facility as the CMS roster row? (rename/moved/other),"BEATRICE COMMUNITY HOSPITAL & HEALTH CENTER, INC","P O BOX 278, 4800 HOSPITAL PARKWAY, BEATRICE NE 68310",Beatrice Community Hospital,,,,,https://beatricecommunityhospital.com/cms-hpt.txt,https://secure.claraprice.net/price-transparency/RNAV-1731102747513/machine-readable/470379834_beatrice-community-hospital_standardcharges.json,mrf-header-has-no-license-state,same-facility-rename | moved-facility | different-facility | need-publisher
291304,alias-rename,Is the file header below the same facility as the CMS roster row? (rename/moved/other),PERSHING GENERAL HOSPITAL,"855 6TH STREET/PO BOX 661, LOVELOCK NV 89419",Pershing General Hospital,Pershing General Hospital,NV,2024-10-15,2.0.0,https://ad3230b5-b9c7-4f2c-a14b-3d713fd2a267.usrfiles.com/ugd/ad3230_89792fb0bf314ed0a68f669819044727.txt,https://www.pershinghospital.org/_files/ugd/b92894_afcb05069cf44bbe9414cb42fedd43cc.csv?dn=880201578_PERSHING-GENERAL-HOSPITAL_standardcharges.csv,mrf-header-name-without-location,same-facility-rename | moved-facility | different-facility | need-publisher
291314,alias-rename,Is the file header below the same facility as the CMS roster row? (rename/moved/other),SOUTH LYON MEDICAL CENTER,"213 S WHITACRE/PO BOX 940, YERINGTON NV 89447",,,,,,https://slmcnv.org/cms-hpt.txt,https://slmcnv.org/wp-content/uploads/2023/11/880256932_south-lyon-medical-center_standardcharges.csv,mrf-header-has-no-license-state,same-facility-rename | moved-facility | different-facility | need-publisher
310016,alias-rename,Is the file header below the same facility as the CMS roster row? (rename/moved/other),HEIGHTS UNIVERSITY HOSPITAL,"176 PALISADE AVE, JERSEY CITY NJ 07306",Bayonne University Hospital,Bayonne University Hospital,NJ,2026-08-17,3.0.0,https://carepointhealth.org/cms-hpt.txt,https://images.pricetransparency.healthcare/hudson_regional_health_bayonne/261442063_bayonne-university-hospital_standardcharges.csv,mrf-header-does-not-match-unresolved-roster,same-facility-rename | moved-facility | different-facility | need-publisher
310022,alias-rename,Is the file header below the same facility as the CMS roster row? (rename/moved/other),WEST JERSEY HOSPITAL,"100 BOWMAN DRIVE, VOORHEES NJ 08043",Virtua_West_Jersey_Health_System_Inc, Virtua Voorhees Hospital,NJ,2026-06-01,3.0.0,https://www.virtua.org/cms-hpt.txt,https://www.virtua.org/-/media/Project/Virtua-Tenant/Virtua/PDFs/Hospital-Charges-June-2026/210634532_Virtua-West-Jersey-Health-System-Inc_standardcharges.csv,corroborated-adjudicated,same-facility-rename | moved-facility | different-facility | need-publisher
310025,alias-rename,Is the file header below the same facility as the CMS roster row? (rename/moved/other),CAREPOINT HEALTH - BAYONNE MEDICAL CENTER,"29 EAST 29TH ST, BAYONNE NJ 07002",Bayonne University Hospital,Bayonne University Hospital,NJ,2026-08-17,3.0.0,https://carepointhealth.org/cms-hpt.txt,https://images.pricetransparency.healthcare/hudson_regional_health_bayonne/261442063_bayonne-university-hospital_standardcharges.csv,mrf-header-does-not-match-unresolved-roster,same-facility-rename | moved-facility | different-facility | need-publisher
310064,alias-rename,Is the file header below the same facility as the CMS roster row? (rename/moved/other),ATLANTICARE REGIONAL MEDICAL CENTER - CITY CAMPUS,"1925 PACIFIC AVENUE, ATLANTIC CITY NJ 08401",AtlantiCare Health System,ACRMC Mainland,NJ,2026-03-18,3.0.0,https://www.atlanticare.org/sites/default/files/cms-hpt.txt,https://atlanticare.pt.panaceainc.com/MRFDownload/atlanticare/atlanticare,mrf-header-does-not-match-unresolved-roster,same-facility-rename | moved-facility | different-facility | need-publisher
310115,alias-rename,Is the file header below the same facility as the CMS roster row? (rename/moved/other),AHS HOSPITAL CORP,"651 WILLOW GROVE ST, HACKETTSTOWN NJ 07840",Hackettstown Medical Center,Hackettstown Medical Center,NJ,2026-04-01,3.0.0,https://www.atlantichealth.org/cms-hpt.txt,https://www.atlantichealth.org/content/dam/ahs/insurance/price-transparency/52-1958352_hackettstown-medical-center_standardcharges.csv,corroborated-adjudicated,same-facility-rename | moved-facility | different-facility | need-publisher
310118,alias-rename,Is the file header below the same facility as the CMS roster row? (rename/moved/other),HUDSON REGIONAL HOSPITAL,"55 MEADOWLANDS PKWY, SECAUCUS NJ 07094",NJMHMC LLC,NJMHMC LLC,NJ,2026-01-19,3.0.0,https://hudsonregionalhospital.com/cms-hpt.txt,https://apps.para-hcfs.com/PTT/FinalLinks/Reports.aspx?dbName=dbLHCSECAUCUSNJ&type=CDMWithoutLabel&fileType=CSV,mrf-header-does-not-match-unresolved-roster,same-facility-rename | moved-facility | different-facility | need-publisher
320001,alias-rename,Is the file header below the same facility as the CMS roster row? (rename/moved/other),UNM HOSPITAL,"2211 LOMAS BOULEVARD NE, ALBUQUERQUE NM 87106",University of New Mexico Hospital | UNM Sandoval Regional Medical Center - A Campus of UNM Hospital,University of New Mexico Hospital |University of New Mexico Hospital | UNM Sandoval Regional Medical Center - A Campus of UNM Hospital,NM,2026-03-25,3.0.0,https://unmhealth.org/cms-hpt.txt,https://unmhealth.org/patients-visitors/_files/856003005_university-of-new-mexico-hospital_standardcharges.csv,corroborated-adjudicated,same-facility-rename | moved-facility | different-facility | need-publisher
330009,alias-rename,Is the file header below the same facility as the CMS roster row? (rename/moved/other),BRONXCARE HOSPITAL CENTER,"1276 FULTON AVENUE, BRONX NY 10456",BRONXCARE HEALTH SYSTEM,BronxCare Health System - BronxCare Hospital Center Concourse,NY,2026-04-17,3.0.0,https://www.bronxcare.org/cms-hpt.txt,https://www.bronxcare.org/about-us/paying-for-care/charges/131974191_bronxcare-health-system-bronxcare-hospital-center-concourse_standardcharges.csv,mrf-header-does-not-match-unresolved-roster,same-facility-rename | moved-facility | different-facility | need-publisher
330013,alias-rename,Is the file header below the same facility as the CMS roster row? (rename/moved/other),ALBANY MEDICAL CENTER HOSPITAL,"43 NEW SCOTLAND AVENUE, MAIL CODE 34, ALBANY NY 12208",ALBANY MEDICAL CENTER HOSPITAL,Albany Medical Center,NY,2025-12-31,3.0.0,https://www.amc.edu/cms-hpt.txt,https://albany.pt.panaceainc.com/MRFDownload/albany/albanyamc,mrf-header-name-without-location,same-facility-rename | moved-facility | different-facility | need-publisher
330047,alias-rename,Is the file header below the same facility as the CMS roster row? (rename/moved/other),St Marys Healthcare,"427 GUY PARK AVENUE, AMSTERDAM NY 12010",St. Mary's Healthcare,St. Mary's Healthcare,NY,2026-05-12,3.0.0,https://www.smha.org/wp-content/uploads/2026/05/cms-hpt-7.txt,https://stmaryshospital.pg.revenuemasters.com/shoppable-files/141347719_st-marys-healthcare_shoppable.csv,corroborated,same-facility-rename | moved-facility | different-facility | need-publisher
330080,alias-rename,Is the file header below the same facility as the CMS roster row? (rename/moved/other),LINCOLN MEDICAL & MENTAL HEALTH CENTER,"234 EAST 149TH STREET, BRONX NY 10451",New York City Health and Hospitals Corporation,Lincoln Medical Center,NY,2026-09-05,3.0.0,https://www.nychealthandhospitals.org/cms-hpt.txt,https://nychh.pt.panaceainc.com/MRFDownload/nychh/lincoln-medical,corroborated-adjudicated,same-facility-rename | moved-facility | different-facility | need-publisher
330101,alias-rename,Is the file header below the same facility as the CMS roster row? (rename/moved/other),NEW YORK-PRESBYTERIAN HOSPITAL,"525 EAST 68TH STREET, NEW YORK NY 10065",NewYork-Presbyterian Columbia University Irving Medical Center|NewYork-Presbyterian Weill Cornell Medical Center|NewYork-Presbyterian Brooklyn Methodist Hospital,NewYork-Presbyterian Columbia University Irving Medical Center|NewYork-Presbyterian Weill Cornell Medical Center|NewYork-Presbyterian Allen Hospital|NewYork-Presbyterian Westchester|NewYork-Presbyterian Lower Manhattan Hospital|NewYork-Presbyterian Westchester Behavioral Health|NewYork-Presbyterian Brooklyn Methodist Hospital,NY,2026-03-31,3.0.0,https://www.nyp.org/cms-hpt.txt,https://nyp.widen.net/content/hisgjrgpuk/original/133957095_NewYork-Presbyterian-Hospital_standardcharges.json.zip?u=n8xzey&download=true,mrf-header-does-not-match-unresolved-roster,same-facility-rename | moved-facility | different-facility | need-publisher
330128,alias-rename,Is the file header below the same facility as the CMS roster row? (rename/moved/other),ELMHURST HOSPITAL CENTER,"79-01 BROADWAY, ELMHURST NY 11373",New York City Health and Hospitals Corporation,Elmhurst Hospital Center,NY,2026-09-05,3.0.0,https://www.nychealthandhospitals.org/cms-hpt.txt,https://nychh.pt.panaceainc.com/MRFDownload/nychh/elmhurst,mrf-header-name-without-location,same-facility-rename | moved-facility | different-facility | need-publisher
330350,alias-rename,Is the file header below the same facility as the CMS roster row? (rename/moved/other),SUNY/DOWNSTATE UNIVERSITY HOSPITAL OF BROOKLYN,"445 LENOX ROAD, BROOKLYN NY 11203",University Hospital of Brooklyn,University Hospital of Brooklyn,NY,2025-04-22,1.0.0,https://www.downstate.edu/cms-hpt.txt,https://www.downstate.edu/patient-care/_documents/charges/364983111_suny-university-hospital-at-downstate_standardcharges.csv,mrf-header-does-not-match-unresolved-roster,same-facility-rename | moved-facility | different-facility | need-publisher
330395,alias-rename,Is the file header below the same facility as the CMS roster row? (rename/moved/other),ST JOHN'S EPISCOPAL HOSPITAL AT SOUTH SHORE,"327 BEACH 19TH STREET, FAR ROCKAWAY NY 11691",South Shore University Hospital,South Shore University Hospital,NY,2026-03-31,3.0.0,https://www.northwell.edu/cms-hpt.txt,https://www.northwell.edu/sites/northwell.edu/files/machine-readable-files/South_Shore_University_Hospital_StandardCharges.zip,mrf-header-does-not-match-unresolved-roster,same-facility-rename | moved-facility | different-facility | need-publisher
330396,alias-rename,Is the file header below the same facility as the CMS roster row? (rename/moved/other),WOODHULL MEDICAL & MENTAL HEALTH CENTER,"760 BROADWAY, BROOKLYN NY 11206",New York City Health and Hospitals Corporation,Woodhull Medical Center,NY,2026-09-05,3.0.0,https://www.nychealthandhospitals.org/cms-hpt.txt,https://nychh.pt.panaceainc.com/MRFDownload/nychh/woodhull,corroborated-adjudicated,same-facility-rename | moved-facility | different-facility | need-publisher
334027,alias-rename,Is the file header below the same facility as the CMS roster row? (rename/moved/other),SOUTH OAKS HOSP,"400 SUNRISE HIGHWAY, AMITYVILLE NY 11701",South Shore University Hospital,South Shore University Hospital,NY,2026-03-31,3.0.0,https://www.northwell.edu/cms-hpt.txt,https://www.northwell.edu/sites/northwell.edu/files/machine-readable-files/South_Shore_University_Hospital_StandardCharges.zip,mrf-header-does-not-match-unresolved-roster,same-facility-rename | moved-facility | different-facility | need-publisher
340047,alias-rename,Is the file header below the same facility as the CMS roster row? (rename/moved/other),NORTH CAROLINA BAPTIST HOSPITAL,"MEDICAL CENTER BOULEVARD, WINSTON-SALEM NC 27157",North Carolina Baptist Hospital,Davie Medical Center,NC,2025-10-21,3.0.0,https://cdn.atriumhealth.org/-/media/wakeforest/clinical/files/patient-and-family-resources/transparency-files/wfb_cms-hpt.txt?rev=85a171e49f3f48798f921e649fd5bc37&hash=EB0C5382AFF1913F2F21E80EF076A342,https://sthpiprd.blob.core.windows.net/machine-readable-files/12945/560552787-1144211301_north-carolina-baptist-hospital_standardcharges.csv,mrf-header-name-without-location,same-facility-rename | moved-facility | different-facility | need-publisher
340096,alias-rename,Is the file header below the same facility as the CMS roster row? (rename/moved/other),LEXINGTON MEMORIAL HOSPITAL INC,"250 HOSPITAL DRIVE PO BOX 1817, LEXINGTON NC 27293",Lexington Medical Center,Lexington Medical Center,NC,2025-10-08,3.0.0,https://cdn.atriumhealth.org/-/media/wakeforest/clinical/files/patient-and-family-resources/transparency-files/wfb_cms-hpt.txt?rev=85a171e49f3f48798f921e649fd5bc37&hash=EB0C5382AFF1913F2F21E80EF076A342,https://sthpiprd.blob.core.windows.net/machine-readable-files/11241/560543238_lexington-medical-center_standardcharges.csv,mrf-header-does-not-match-unresolved-roster,same-facility-rename | moved-facility | different-facility | need-publisher
341322,alias-rename,Is the file header below the same facility as the CMS roster row? (rename/moved/other),ADVENT HEALTH POLK,"101 HOSPITAL DRIVE, COLUMBUS NC 28722",AdventHealth Polk,AdventHealth Polk,NC,2026-04-01,3.0.0,https://www.adventhealth.com/cms-hpt.txt,https://HospitalPriceDisclosure.com/download.aspx?pi=Z8jTqHwZ1ep3y2PIIVscAg*-*,mrf-header-does-not-match-unresolved-roster,same-facility-rename | moved-facility | different-facility | need-publisher
344036,alias-rename,Is the file header below the same facility as the CMS roster row? (rename/moved/other),IREDELL DAVIS BEHAVIORAL HEALTH HOSPITAL,"557 Brookdale Drive, STATESVILLE NC 28677",IREDELL MEMORIAL HOSPITAL INCORPORATED,Iredell Davis Behavioral Health Hospital,NC,2025-12-31,3.0.0,https://www.iredelldavis.org/cms-hpt.txt,https://iredell.pt.panaceainc.com/MRFDownload/iredell/idbhh,mrf-header-name-without-location,same-facility-rename | moved-facility | different-facility | need-publisher
351307,alias-rename,Is the file header below the same facility as the CMS roster row? (rename/moved/other),ST ANDREW'S HOSPITAL,"316 OHMER STREET, BOTTINEAU ND 58318",SMP Health - St. Andrews,,,,,https://smphealth.org/cms-hpt.txt,https://secure.claraprice.net/price-transparency/CKEC-1760711468288/machine-readable/450226426_smp-health---st-andrews_standardcharges.json,mrf-header-has-no-license-state,same-facility-rename | moved-facility | different-facility | need-publisher
351316,alias-rename,Is the file header below the same facility as the CMS roster row? (rename/moved/other),PRESENTATION MEDICAL CENTER,"213 SECOND AVE NE, ROLLA ND 58367",SMP Health - St. Aloisius dba SMP Health - St. Aloisius,,,,,https://smphealth.org/cms-hpt.txt,https://secure.claraprice.net/price-transparency/KPBN-1760641089324/machine-readable/450226729_smp-health---st-aloisius_standardcharges.json,mrf-header-has-no-license-state,same-facility-rename | moved-facility | different-facility | need-publisher
351328,alias-rename,Is the file header below the same facility as the CMS roster row? (rename/moved/other),LINTON HOSPITAL - CAH,"111 ELM AVE W, LINTON ND 58552",Linton Regional Medical Center dba Linton Regional Medical Center,,,,,https://lintonregionalmedicalcenter.org/wp-content/uploads/2026/05/Linton-Regional-Medical-Center-cms-hpt.txt,https://secure.claraprice.net/price-transparency/VGUK-1776956486915/machine-readable/450253272_linton-regional-medical-center_standardcharges.json,mrf-header-has-no-license-state,same-facility-rename | moved-facility | different-facility | need-publisher
360041,alias-rename,Is the file header below the same facility as the CMS roster row? (rename/moved/other),PARMA COMMUNITY GENERAL HOSPITAL,"7007 POWERS BOULEVARD, PARMA OH 44129",University Hospitals Health System,University Hospitals Parma Medical Center|University Hospitals Parma Medical Center Psychiatric Unit|University Hospitals Parma Medical Center Rehabilitation Unit,OH,2026-07-14,3.0.0,https://www.uhhospitals.org/cms-hpt.txt,https://sthpiprd.blob.core.windows.net/machine-readable-files/7897/340827442-1164481677_university-hospitals-health-system_standardcharges.csv,corroborated-adjudicated,same-facility-rename | moved-facility | different-facility | need-publisher
360075,alias-rename,Is the file header below the same facility as the CMS roster row? (rename/moved/other),UH REGIONAL HOSPITALS,"13207 RAVENNA ROAD, CHARDON OH 44024",University Hospitals Health System,University Hospitals Cleveland Medical Center|University Hospitals Cleveland Medical Center|University Hospitals Cleveland Medical Center|University Hospitals Cleveland Medical Center|University Hospitals Cleveland Medical Center|University Hospitals Cleveland Medical Center|University Hospitals Cleveland Medical Center Psychiatric Unit,OH,2026-07-14,3.0.0,https://www.uhhospitals.org/cms-hpt.txt,https://sthpiprd.blob.core.windows.net/machine-readable-files/7901/341567805-1043397292_university-hospitals-health-system_standardcharges.csv,corroborated-adjudicated,same-facility-rename | moved-facility | different-facility | need-publisher
360098,alias-rename,Is the file header below the same facility as the CMS roster row? (rename/moved/other),LAKE HEALTH,"7590 AUBURN ROAD, CONCORD OH 44077",University Hospitals Health System,University Hospitals Cleveland Medical Center|University Hospitals Cleveland Medical Center|University Hospitals Cleveland Medical Center|University Hospitals Cleveland Medical Center|University Hospitals Cleveland Medical Center|University Hospitals Cleveland Medical Center|University Hospitals Cleveland Medical Center Psychiatric Unit,OH,2026-07-14,3.0.0,https://lakehealth.org/cms-hpt.txt,https://sthpiprd.blob.core.windows.net/machine-readable-files/7901/341567805-1043397292_university-hospitals-health-system_standardcharges.csv,corroborated-adjudicated,same-facility-rename | moved-facility | different-facility | need-publisher
361307,alias-rename,Is the file header below the same facility as the CMS roster row? (rename/moved/other),UHHS MEMORIAL HOSPITAL OF GENEVA,"870 WEST MAIN STREET, GENEVA OH 44041",University Hospitals Health System,University Hospitals Geneva Medical Center|University Hospitals Geneva Medical Center Swing Bed Unit,OH,2026-07-14,3.0.0,https://www.uhhospitals.org/cms-hpt.txt,https://sthpiprd.blob.core.windows.net/machine-readable-files/7899/340714461-1225128432_university-hospitals-health-system_standardcharges.csv,mrf-header-does-not-match-unresolved-roster,same-facility-rename | moved-facility | different-facility | need-publisher
361311,alias-rename,Is the file header below the same facility as the CMS roster row? (rename/moved/other),HARRISON COMMUNITY HOSPITAL,"951 EAST MARKET STREET, CADIZ OH 43907","Harrison Community Hospital, Inc.","WVU Medicine|Harrison Community Hospital, Inc.",OH,2026-07-17,3.0.0,https://wvumedicine.org/cms-hpt.txt,https://wvumedicine.org/wp-content/uploads/2026/08/341571750_Harrison-Community-Hospital-Inc._standardcharges.csv,corroborated,same-facility-rename | moved-facility | different-facility | need-publisher
363303,alias-rename,Is the file header below the same facility as the CMS roster row? (rename/moved/other),AKRON CHILDREN'S HOSPITAL,"1 PERKINS SQUARE, AKRON OH 44308",Children's Hospital Medical Center of Akron,Akron Children's Hospital Main Campus | Akron Children's Hospital Mahoning Valley,OH,2025-11-11,3.0.0,https://www.akronchildrens.org/cms-hpt.txt,https://akronchildrens.pt.panaceainc.com/MRFDownload/akronchildrens/akronchildrenshospital,mrf-header-name-without-location,same-facility-rename | moved-facility | different-facility | need-publisher
370093,alias-rename,Is the file header below the same facility as the CMS roster row? (rename/moved/other),O U MEDICAL CENTER,"700 NE 13TH STREET, OKLAHOMA CITY OK 73104",OU Health - University of Oklahoma Medical Center,OU Health|OU Health - University of Oklahoma Medical Center|Oklahoma Childrens Hospital OU Health|OU Health Edmond Medical Center,OK,2026-07-29,3.0.0,https://www.ouhealth.com/cms-hpt.txt,https://apim.services.craneware.com/api-pricing-transparency/api/public/ebdcd27316bbcd47fb02c60d601d05cc/charges/mrf,corroborated-adjudicated,same-facility-rename | moved-facility | different-facility | need-publisher
370222,alias-rename,Is the file header below the same facility as the CMS roster row? (rename/moved/other),MCBRIDE ORTHOPEDIC HOSPITAL,"9600 NORTH BROADWAY EXTENSION, OKLAHOMA CITY OK 73114",McBride Orthopedic Hospital,,,,,https://mcboh.com/cms-hpt.txt,https://secure.claraprice.net/price-transparency/VDLQ-1687968511716/machine-readable/200561474_mcbride-orthopedic-hospital_standardcharges.json,mrf-header-has-no-license-state,same-facility-rename | moved-facility | different-facility | need-publisher
381317,alias-rename,Is the file header below the same facility as the CMS roster row? (rename/moved/other),ADVENTIST HEALTH TILLAMOOK,"1000 THIRD STREET, TILLAMOOK OR 97141",NORTHWEST MEDICAL FOUNDATION OF TILLAMOOK,NORTHWEST MEDICAL FOUNDATION OF TILLAMOOK,OR,2026-05-22,3.0.0,https://www.adventisthealth.org/cms-hpt.txt,https://apps.para-hcfs.com/PTT/FinalLinks/Reports.aspx?dbName=dbAHTTILLAMOOKOR&type=CDMWithoutLabel&fileType=CSV,corroborated-adjudicated,same-facility-rename | moved-facility | different-facility | need-publisher
390030,alias-rename,Is the file header below the same facility as the CMS roster row? (rename/moved/other),SCHUYLKILL MEDICAL CENTER - SOUTH JACKSON STREET,"420 SOUTH JACKSON STREET, POTTSVILLE PA 17901",LEHIGH VALLEY HOSPITAL - SCHUYLKILL,Lehigh Valley Hospital - Schuylkill S. Jackson Street | Lehigh Valley Hospital - Schuylkill E. Norwegian Street,PA,2026-07-01,3.0.0,https://www.lvhn.org/sites/default/files/2026-03/cms-hpt.txt,https://lvhn.pt.panaceainc.com/MRFDownload/lvhn/Schuylkill,corroborated-adjudicated,same-facility-rename | moved-facility | different-facility | need-publisher
390093,alias-rename,Is the file header below the same facility as the CMS roster row? (rename/moved/other),INDEPENDENCE HEALTH SYSTEM CLARION HOSPITAL,"ONE HOSPITAL DRIVE, CLARION PA 16214",Clarion Hospital,Clarion Hospital,PA,2026-01-01,3.0.0,https://www.butlerhealthsystem.org/cms-hpt.txt,https://www.independence.health/documents/content/251010039_Butler-Clarion_standardcharges.csv,mrf-header-does-not-match-unresolved-roster,same-facility-rename | moved-facility | different-facility | need-publisher
390168,alias-rename,Is the file header below the same facility as the CMS roster row? (rename/moved/other),INDEPENDENCE HEALTH SYSTEM BUTLER MEMORIAL HOSPITA,"ONE HOSPITAL WAY, BUTLER PA 16001",Butler Healthcare Providers_ DBA Butler Memorial Hospital,Butler Memorial Hospital,PA,2026-01-01,3.0.0,https://www.butlerhealthsystem.org/cms-hpt.txt,https://www.independence.health/documents/content/250965274_Butler-Memorial_StandardCharges.csv,mrf-header-does-not-match-unresolved-roster,same-facility-rename | moved-facility | different-facility | need-publisher
390211,alias-rename,Is the file header below the same facility as the CMS roster row? (rename/moved/other),SHARON REGIONAL MEDICAL CENTER,"740 EAST STATE STREET, SHARON PA 16146",Sharon Regional Health System,Steward Sharon Regional Health System,PA,2024-07-04,2.0.0,,https://sharonregionalhealthsystem.org/wp-content/uploads/2025/05/332621724_SharonRegional_standardcharges.zip,mrf-header-does-not-match-unresolved-roster,same-facility-rename | moved-facility | different-facility | need-publisher
390219,alias-rename,Is the file header below the same facility as the CMS roster row? (rename/moved/other),EXCELA HEALTH LATROBE HOSPITAL,"ONE MELLON WAY, LATROBE PA 15650",Independence Health System Latrobe Area Hospital,Latrobe Area Hospital,PA,2025-12-17,3.0.0,https://www.excelahealth.org/cms-hpt.txt,https://www.independence.health/documents/content/250965414_LatrobeAreaHospital_StandardCharges.csv,mrf-header-does-not-match-unresolved-roster,same-facility-rename | moved-facility | different-facility | need-publisher
390237,alias-rename,Is the file header below the same facility as the CMS roster row? (rename/moved/other),REGIONAL HOSPITAL OF SCRANTON,"746 JEFFERSON AVENUE, SCRANTON PA 18501",Regional Hospital of Scranton,Moses Taylor Hospital,PA,2024-12-02,2.0.0,,https://commonwealthhealth.net/wp-content/uploads/sheets/452672023_moses-taylor-hospital_standardcharges.csv,mrf-header-name-without-location,same-facility-rename | moved-facility | different-facility | need-publisher
394052,alias-rename,Is the file header below the same facility as the CMS roster row? (rename/moved/other),HAVEN BEHAVIORAL HOSPITAL OF EASTERN PENNSYLVANIA,"145 NORTH 6TH STREET, READING PA 19601",Haven Behavioral Hospital of Eastern Pennsylvania,Haven Behavioral Hospital of Eastern Pennsylvania,PA,2026-04-01,3.0.0,https://www.havenreading.com/cms-hpt.txt,https://oceanshealthcare.com/wp-content/uploads/2026/07/272799973_Haven-Behavioral-Hospital-of-Eastern-Pennsylvania_standardcharges.csv,corroborated,same-facility-rename | moved-facility | different-facility | need-publisher
400006,alias-rename,Is the file header below the same facility as the CMS roster row? (rename/moved/other),DOCTORS' CENTER HOSPITAL SAN JUAN,"PDA. 20 C/ SAN RAFAEL # 1395, SANTURCE PR 00909",Doctors' Center Hospital - San Juan,,,,,https://www.doctorscenterhospital.com/cms-hpt.txt,https://secure.claraprice.net/price-transparency/EPCT-1699383596813/machine-readable/660686840_doctors-center-hospital---san-juan_standardcharges.json,mrf-header-has-no-license-state,same-facility-rename | moved-facility | different-facility | need-publisher
400102,alias-rename,Is the file header below the same facility as the CMS roster row? (rename/moved/other),DOCTORS' CENTER BAYAMON,"CALLE  J 9 EXTENSION  HERMANAS DAVILA, BAYAMON PR 00960",Doctors' Center Hospital - Dorado,,,,,https://www.doctorscenterhospital.com/cms-hpt.txt,https://secure.claraprice.net/price-transparency/KKXU-1699383282623/machine-readable/660874686_doctors-center-hospital---dorado_standardcharges.json,mrf-header-has-no-license-state,same-facility-rename | moved-facility | different-facility | need-publisher
400118,alias-rename,Is the file header below the same facility as the CMS roster row? (rename/moved/other),"DOCTORS' CENTER HOSPITAL, INC","MARGINAL CARRETERA NO 2, KM 47.7, MANATI PR 00674",Doctors' Center Hospital - Dorado,,,,,https://www.doctorscenterhospital.com/cms-hpt.txt,https://secure.claraprice.net/price-transparency/KKXU-1699383282623/machine-readable/660874686_doctors-center-hospital---dorado_standardcharges.json,mrf-header-has-no-license-state,same-facility-rename | moved-facility | different-facility | need-publisher
400132,alias-rename,Is the file header below the same facility as the CMS roster row? (rename/moved/other),DOCTORS CENTER HOSPITAL  CAROLINA LLC,"EDIF JESUS T PINEIRO AVE FERNANDEZ JUNCOS BO PUEBL, CAROLINA PR 00979",Doctors' Center Hospital - Manati,,,,,https://www.doctorscenterhospital.com/cms-hpt.txt,https://secure.claraprice.net/price-transparency/KXCB-1699383416708/machine-readable/660665951_doctors-center-hospital---manatí_standardcharges.json,mrf-header-has-no-license-state,same-facility-rename | moved-facility | different-facility | need-publisher
420051,alias-rename,Is the file header below the same facility as the CMS roster row? (rename/moved/other),MCLEOD REGIONAL MEDICAL CENTER-PEE DEE,"555 E CHEVES ST BOX 8700, FLORENCE SC 29506",McLeod Health,McLeod Health MRMC,SC,2026-07-21,3.0.0,https://www.mcleodhealth.org/cms-hpt.txt,https://www.mcleodhealth.org/wp-content/uploads/price-transparency/57-0370242_mcleod-regional-medical-center_standardcharges.csv,mrf-header-does-not-match-unresolved-roster,same-facility-rename | moved-facility | different-facility | need-publisher
420073,alias-rename,Is the file header below the same facility as the CMS roster row? (rename/moved/other),LEXINGTON MEDICAL CENTER,"2720 SUNSET BLVD, WEST COLUMBIA SC 29169",Lexington Medical Center,Lexington Medical Center,SC,2026-04-01,3.0.0,,https://lexhealth.com/lexhealth/docs/852276567_lexington-medical-center_standardcharges-Q2-2026.json,corroborated,same-facility-rename | moved-facility | different-facility | need-publisher
431314,alias-rename,Is the file header below the same facility as the CMS roster row? (rename/moved/other),BENNETT COUNTY HOSPITAL AND NURSING HOME - CAH,"102 MAJOR ALLEN   POST OFFICE BOX 70D, MARTIN SD 57551",Bennett County Hospital & Nursing Home,Bennett County Hospital,SD,2025-01-03,2.0.0,https://bennettcountyhospital.com/cms-hpt.txt,https://bennettcountyhospital.com/wp-content/uploads/2025/01/432040599_bennett-county-hospital-nursing-home_standardcharges.csv,mrf-header-name-without-location,same-facility-rename | moved-facility | different-facility | need-publisher
431319,alias-rename,Is the file header below the same facility as the CMS roster row? (rename/moved/other),HANS P PETERSON MEMORIAL HOSPITAL - CAH,"503 W PINE  POST OFFICE BOX 790, PHILIP SD 57567",Philip Health Service Inc,Philip Health Service Inc,SD,2024-07-01,2.0.0,https://www.philiphealthservices.com/cms-hpt.txt,https://www.philiphealthservices.com/460361016_Philip-Health-Services-Inc_standardcharges.csv,mrf-header-does-not-match-unresolved-roster,same-facility-rename | moved-facility | different-facility | need-publisher
440002,alias-rename,Is the file header below the same facility as the CMS roster row? (rename/moved/other),JACKSON-MADISON COUNTY GENERAL HOSPITAL,"620 SKYLINE DRIVE, JACKSON TN 38301",Jackson-Madison County General Hospital,Jackson-Madison County General Hospital,TN,2026-06-05,3.0.0,,https://www.wth.org/wp-content/uploads/standard-charges/62-6010402_JH_standard_Charges.csv,corroborated,same-facility-rename | moved-facility | different-facility | need-publisher
440058,alias-rename,Is the file header below the same facility as the CMS roster row? (rename/moved/other),SOUTHERN TENNESSEE REGIONAL HEALTH SYSTEM WINCHEST,"185 HOSPITAL ROAD, WINCHESTER TN 37398",Riverview Regional Medical Center ,Riverview Regional Medical Center ,TN,2026-07-10,3.0.0,https://www.highpointhealthsystem.com/cms-hpt.txt,https://www.highpointhealthsystem.com/docs/ahhighpointhealthlibraries/hcl/mrf3q2026/621762469_riverview-regional-medical-center_standardcharges.csv.zip,mrf-header-does-not-match-unresolved-roster,same-facility-rename | moved-facility | different-facility | need-publisher
440060,alias-rename,Is the file header below the same facility as the CMS roster row? (rename/moved/other),WEST TENNESSEE HEALTHCARE MILAN HOSPITAL,"4039 HIGHLAND ST, MILAN TN 38358",West Tennessee Healthcare Milan Hospital,West Tennessee Healthcare Milan Hospital,TN,2026-06-02,3.0.0,,https://www.wth.org/wp-content/uploads/standard-charges/62-1753289_MH_Standard_Charges.csv,corroborated,same-facility-rename | moved-facility | different-facility | need-publisher
440091,alias-rename,Is the file header below the same facility as the CMS roster row? (rename/moved/other),"MEMORIAL HEALTHCARE SYSTEM, INC","2525 DESALES AVE, CHATTANOOGA TN 37404",DIGNITY COMMUNITY CARE,Glendale Memorial Hospital and Health Center,CA,2026-02-28,3.0.0,https://www.commonspirit.org/cms-hpt.txt,https://www.commonspirit.org/content/dam/commonspiritorg/en/dhsoc/casc/finance/price-transparency/815009488-1477610640_dignity-community-care_standardcharges.json,mrf-header-does-not-match-unresolved-roster,same-facility-rename | moved-facility | different-facility | need-publisher
440102,alias-rename,Is the file header below the same facility as the CMS roster row? (rename/moved/other),LINCOLN MEDICAL CENTER,"106 MEDICAL CENTER BLVD, FAYETTEVILLE TN 37334",HH Health System Lincoln Inc,Lincoln Medical Center,TN,2026-07-31,3.0.0,https://lincolnhealthsystem.com/cms-hpt.txt,https://lincolnhealthsystem.com/wp-content/uploads/882472117_hh-health-system-lincoln-inc_standardcharges.csv,corroborated,same-facility-rename | moved-facility | different-facility | need-publisher
440104,alias-rename,Is the file header below the same facility as the CMS roster row? (rename/moved/other),ERLANGER MEDICAL CENTER,"975 E 3RD ST, CHATTANOOGA TN 37403",ERLANGER HEALTH,Erlanger Baroness Hospital | Erlanger East Hospital | Children's Hospital at Erlanger | Kennedy Outpatient Center | Erlanger North Hospital,TN,2026-01-25,3.0.0,https://www.erlanger.org/cms-hpt.txt,https://erlanger.pt.panaceainc.com/MRFDownload/erlanger/baroness,corroborated-adjudicated,same-facility-rename | moved-facility | different-facility | need-publisher
441316,alias-rename,Is the file header below the same facility as the CMS roster row? (rename/moved/other),WEST TENNESSEE HEALTHCARE CAMDEN HOSPITAL,"175 HOSPITAL DRIVE, CAMDEN TN 38320",West Tennessee Healthcare Camden Hospital,West Tennessee Healthcare Camden Hospital,TN,2026-06-02,3.0.0,,https://www.wth.org/wp-content/uploads/standard-charges/58-1884314_CH_Standard_Charges.csv,corroborated,same-facility-rename | moved-facility | different-facility | need-publisher
441320,alias-rename,Is the file header below the same facility as the CMS roster row? (rename/moved/other),WEST TENNESSEE HEALTHCARE BOLIVAR HOSPITAL,"650 NUCKOLLS ROAD, BOLIVAR TN 38008",West Tennessee Healthcare Bolivar Hospital,West Tennessee Healthcare Bolivar Hospital,TN,2026-06-02,3.0.0,,https://www.wth.org/wp-content/uploads/standard-charges/62-1624171_BH_Standard_Charges.csv,corroborated,same-facility-rename | moved-facility | different-facility | need-publisher
450055,alias-rename,Is the file header below the same facility as the CMS roster row? (rename/moved/other),ROLLING PLAINS MEMORIAL HOSPITAL,"200 E ARIZONA, SWEETWATER TX 79556",Rolling Plains Memorial Hospital,,,,,https://uploads-ssl.webflow.com/61e370c0cff8aef768e7d5cd/65cf8a10fe53011a1331244f_cms-hpt%20(1).txt,https://secure.claraprice.net/price-transparency/NWM3481600293/machine-readable,mrf-header-has-no-license-state,same-facility-rename | moved-facility | different-facility | need-publisher
450196,alias-rename,Is the file header below the same facility as the CMS roster row? (rename/moved/other),PARIS REGIONAL MEDICAL CENTER,"865 DESHONG DR, PARIS TX 75460",Paris Regional Medical Center,Paris Regional Medical Center,TX,2026-07-17,3.0.0,https://www.parisregionalhealth.com/cms-hpt.txt,https://www.parisregionalhealth.com/docs/ahparisregionalhealthlibraries/hcl/mrf3q262/331073948_paris-regional-medical-center_standardcharges.csv,corroborated,same-facility-rename | moved-facility | different-facility | need-publisher
450200,alias-rename,Is the file header below the same facility as the CMS roster row? (rename/moved/other),WADLEY REGIONAL MEDICAL CENTER,"1000 PINE STREET, TEXARKANA TX 75501",Gerald Champion Regional Medical Center,Gerald Champion Regional Medical Center,NM,2026-01-12,3.0.0,https://www.christushealth.org/cms-hpt.txt,https://www.christushealth.org/-/media/christus-health/plan-care/files/bill-pay/machine-readable-files/850138775_geraldchampionregionalmedicalcenter_standardcharges.ashx,mrf-header-does-not-match-unresolved-roster,same-facility-rename | moved-facility | different-facility | need-publisher
450889,alias-rename,Is the file header below the same facility as the CMS roster row? (rename/moved/other),TEXAS INSTITUTE FOR SURGERY AT PRESBYTERIAN HOSPIT,"7115 GREENVILLE AVENUE SUITE 100, DALLAS TX 75231",,,,,,https://texasinstituteforsurgery.com/cms-hpt.txt,https://www.texasinstituteforsurgery.com/wp-content/uploads/2023/07/770628004_Texas-Institute-for-Surgery_standardcharges.csv,mrf-header-has-no-license-state,same-facility-rename | moved-facility | different-facility | need-publisher
451309,alias-rename,Is the file header below the same facility as the CMS roster row? (rename/moved/other),MC CAMEY HOSPITAL,"2500 HWY 305 SOUTH, MCCAMEY TX 79752",McCamey County Hospital District,,,,,https://mccameyhospital.org/cms-hpt.txt,https://secure.claraprice.net/price-transparency/IWPW-1774366795883/machine-readable/751246166_mccamey-county-hospital-district_standardcharges.json,mrf-header-has-no-license-state,same-facility-rename | moved-facility | different-facility | need-publisher
451312,alias-rename,Is the file header below the same facility as the CMS roster row? (rename/moved/other),RICE MEDICAL CENTER,"600 SOUTH AUSTIN ROAD, EAGLE LAKE TX 77434",CAHRMC,3.0.0,TX,,2026-02-19,https://irp.cdn-website.com/1a9a1f05/files/uploaded/cms-hpt-updated.txt,"https://ricemedicalcenter.slicedhealth.io/pricer/270565499_cahrmc,-dba-rice-medical-center_standardcharges.csv",mrf-header-does-not-match-unresolved-roster,same-facility-rename | moved-facility | different-facility | need-publisher
451353,alias-rename,Is the file header below the same facility as the CMS roster row? (rename/moved/other),CRANE COUNTY HOSPITAL DISTRICT,"1310 S ALFORD ST, CRANE TX 79731",Crane Memorial Hospital,,,,,https://www.cranememorial.org/cms-hpt.txt,https://secure.claraprice.net/price-transparency/BQJH-1670278124636/machine-readable/352336501_crane-memorial-hospital_standardcharges.json,mrf-header-has-no-license-state,same-facility-rename | moved-facility | different-facility | need-publisher
451379,alias-rename,Is the file header below the same facility as the CMS roster row? (rename/moved/other),CORYELL MEMORIAL HOSPITAL,"1507 W MAIN STREET, GATESVILLE TX 76528",Coryell Health,,,,,https://coryellhealth.org/cms-hpt.txt,https://secure.claraprice.net/price-transparency/FTKZ-1722971887692/machine-readable/74-1857100_coryell-health_standardcharges.json,mrf-header-has-no-license-state,same-facility-rename | moved-facility | different-facility | need-publisher
453321,alias-rename,Is the file header below the same facility as the CMS roster row? (rename/moved/other),DRISCOLL CHILDREN'S HOSPITAL RIO GRANDE VALLEY,"2820 W MICHAELANGELO DRIVE, EDINBURG TX 78539",Driscoll Children’s Hospital,Driscoll Children’s Hospital|Driscoll Children's Hospital Rio Grande Valley,TX,2025-10-06,2.0.0,https://driscollchildrens.org/cms-hpt.txt,https://driscollchildrens.org/wp-content/uploads/742577746-1124796081_Driscoll-Childrens-Hospital_standardcharges.csv,mrf-header-name-without-location,same-facility-rename | moved-facility | different-facility | need-publisher
461300,alias-rename,Is the file header below the same facility as the CMS roster row? (rename/moved/other),INTERMOUNTAIN HEALTH DELTA COMMUNITY HOSPITAL,"126 SOUTH WHITE SAGE AVENUE, DELTA UT 84624","IHC Health Services Inc., DBA Intermountain Health Delta Community Hospital",Intermountain Health Delta Community Hospital ,UT,2026-07-28,3.0.0,https://intermountainhealthcare.org/sc10media/files/intermountain-health/locations/hospital-prices/price-transparency.txt,https://intermountainhealthcare.org/-/media/files/intermountain-health/locations/hospital-prices/942854057_delta-community-hospital_standardcharges.ashx,mrf-header-name-without-location,same-facility-rename | moved-facility | different-facility | need-publisher
461301,alias-rename,Is the file header below the same facility as the CMS roster row? (rename/moved/other),INTERMOUNTAIN HEALTH FILLMORE COMMUNITY HOSPITAL,"674 SOUTH HIGHWAY 99, FILLMORE UT 84631","IHC Health Services Inc., DBA Intermountain Health Fillmore Community Hospital",Intermountain Health Fillmore Community Hospital,UT,2026-08-05,3.0.0,https://intermountainhealthcare.org/sc10media/files/intermountain-health/locations/hospital-prices/price-transparency.txt,https://intermountainhealthcare.org/-/media/files/intermountain-health/locations/hospital-prices/942854057_fillmore-community-hospital_standardcharges.ashx,mrf-header-name-without-location,same-facility-rename | moved-facility | different-facility | need-publisher
471300,alias-rename,Is the file header below the same facility as the CMS roster row? (rename/moved/other),GRACE COTTAGE HOSPITAL,"po box 216, TOWNSHEND VT 05353",Grace Cottage Hospital,,,,,https://gracecottage.org/cms-hpt.txt,https://secure.claraprice.net/price-transparency/5f6520a384/machine-readable/030343282_grace-cottage-hospital_standardcharges.json,mrf-header-has-no-license-state,same-facility-rename | moved-facility | different-facility | need-publisher
471306,alias-rename,Is the file header below the same facility as the CMS roster row? (rename/moved/other),SPRINGFIELD HOSPITAL,"PO BOX 2003, SPRINGFIELD VT 05156",Springfield Hospital,,,,,https://springfieldhospital.org/cms-hpt.txt,https://secure.claraprice.net/price-transparency/XGDZ-1751991682610/machine-readable/030179437_springfield-hospital_standardcharges.json,mrf-header-has-no-license-state,same-facility-rename | moved-facility | different-facility | need-publisher
490032,alias-rename,Is the file header below the same facility as the CMS roster row? (rename/moved/other),MEDICAL COLLEGE OF VIRGINIA HOSPITALS,"1250 EAST MARSHALL STREET, RICHMOND VA 23298",VIRGINIA COMMONWEALTH UNIVERSITY HEALTH SYSTEM AUTHORITY,VCU Medical Center,VA,2026-01-02,3.0.0,https://www.vcuhealth.org/cms-hpt.txt,https://vcuhealth.pt.panaceainc.com/MRFDownload/vcuhealth/vcumedicalcenter,mrf-header-does-not-match-unresolved-roster,same-facility-rename | moved-facility | different-facility | need-publisher
490104,alias-rename,Is the file header below the same facility as the CMS roster row? (rename/moved/other),HIRAM W DAVIS MEDICAL CENTER,"P O BOX 4030, PETERSBURG VA 23803",Hiram W Davis Medical Center,Hiram W Davis Medical Center,VA,2025-07-21,2.0.0,https://dbhds.virginia.gov/cms-hpt.txt,https://dbhds.virginia.gov/wp-content/uploads/2025/11/541013630_hiram-w-davis-medical-center_standardcharges.csv,mrf-header-name-without-location,same-facility-rename | moved-facility | different-facility | need-publisher
490112,alias-rename,Is the file header below the same facility as the CMS roster row? (rename/moved/other),CJW MEDICAL CENTER,"7101 JAHNKE ROAD, RICHMOND VA 23225",CHIPPENHAM HOSPITAL,SWIFT CREEK ER|CHIPPENHAM HOSPITAL,VA,2026-03-01,3.0.0,https://www.hcavirginia.com/cms-hpt.txt,https://stctrprodsnsvc00455826e6.blob.core.windows.net/pt-final-posting-files/54-1779911_CHIPPENHAM-HOSPITAL_standardcharges.json?si=dpx-pt-json-access-policy&spr=https&sv=2026-02-06&sr=c&sig=ks%2BgfAjyEHlZmeP2PYJ%2f9NpMuCoRStjTb2bhIy9Y6LM%3D,mrf-header-does-not-match-unresolved-roster,same-facility-rename | moved-facility | different-facility | need-publisher
491304,alias-rename,Is the file header below the same facility as the CMS roster row? (rename/moved/other),CARILION STONEWALL JACKSON HOSPITAL,"1 HEALTH CIRCLE, LEXINGTON VA 24450",Carilion Franklin Memorial Hospital,Carilion Franklin Memorial Hospital,VA,2025-12-15,3.0.0,https://www.carilionclinic.org/sites/default/files/cms-hpt.txt,https://www.carilionclinic.org/540480606_Carilion-Franklin-Memorial-Hospital_StandardCharges.csv,mrf-header-name-without-location,same-facility-rename | moved-facility | different-facility | need-publisher
494021,alias-rename,Is the file header below the same facility as the CMS roster row? (rename/moved/other),WESTERN STATE HOSPITAL,"1301 RICHMOND ROAD, STAUNTON VA 24402",Western State Hospital,Western State Hospital,VA,2025-01-01,2.0.0,https://dbhds.virginia.gov/cms-hpt.txt,https://dbhds.virginia.gov/wp-content/uploads/2025/11/546001817_western-state-hospital_standardcharges.csv,mrf-header-name-without-location,same-facility-rename | moved-facility | different-facility | need-publisher
494023,alias-rename,Is the file header below the same facility as the CMS roster row? (rename/moved/other),DOMINION HOSPITAL,"2960 SLEEPY HOLLOW ROAD, FALLS CHURCH VA 22044",RETREAT DOCTORS HOSPITAL,RETREAT DOCTORS HOSPITAL,VA,2026-03-01,3.0.0,https://www.hcavirginia.com/cms-hpt.txt,https://stctrprodsnsvc00455826e6.blob.core.windows.net/pt-final-posting-files/62-1113733_RETREAT-DOCTORS-HOSPITAL_standardcharges.json?si=dpx-pt-json-access-policy&spr=https&sv=2026-02-06&sr=c&sig=ks%2BgfAjyEHlZmeP2PYJ%2f9NpMuCoRStjTb2bhIy9Y6LM%3D,mrf-header-does-not-match-unresolved-roster,same-facility-rename | moved-facility | different-facility | need-publisher
494029,alias-rename,Is the file header below the same facility as the CMS roster row? (rename/moved/other),SOUTHWESTERN VIRGINIA MENTAL HEALTH INSTITUTE,"340 BAGLEY CIRCLE, MARION VA 24354",Southwestern Virginia Mental Health Institute,Southwestern Virginia Mental Health Institute,VA,2025-01-01,2.0.0,https://dbhds.virginia.gov/cms-hpt.txt,https://dbhds.virginia.gov/wp-content/uploads/2025/11/546001769_southwestern-virginia-mental-health-institute_standardcharges.csv,mrf-header-name-without-location,same-facility-rename | moved-facility | different-facility | need-publisher
500044,alias-rename,Is the file header below the same facility as the CMS roster row? (rename/moved/other),DEACONESS MEDICAL CENTER,"W 800 FIFTH AVENUE, SPOKANE WA 99210",MultiCare Deaconess Hospital,MultiCare Deaconess Hospital|MultiCare Deaconess North Emergency Center,WA,2026-08-27,3.0.0,https://www.multicare.org/cms-hpt.txt,https://sthpiprd.blob.core.windows.net/machine-readable-files/8063/911352172-1356528269_multicare-deaconess-hospital_standardcharges.csv,mrf-header-does-not-match-unresolved-roster,same-facility-rename | moved-facility | different-facility | need-publisher
500054,alias-rename,Is the file header below the same facility as the CMS roster row? (rename/moved/other),PROV SACRED HRT MED CTR & CHILDS HOSP.,"101 WEST 8TH AVENUE, SPOKANE WA 99220",Providence Health And Services - Washington,Providence Sacred Heart Medical Center and Children's Hospital,WA,2026-04-01,3.0.0,https://www.providence.org/cms-hpt.txt,https://pricetransparency.providence.org/wamt/live/364640211_providence-sacred-hrt-med-center-and-childs-hosp_standardcharges.json,mrf-header-does-not-match-unresolved-roster,same-facility-rename | moved-facility | different-facility | need-publisher
501316,alias-rename,Is the file header below the same facility as the CMS roster row? (rename/moved/other),KLICKITAT VALLEY HOSPITAL,"310 SOUTH ROOSEVELT, GOLDENDALE WA 98620",Klickitat Valley Hospital,Klickitat Valley Hospital,WA,2026-03-31,3.0.0,https://kvhealth.net/cms-hpt.txt,https://klickitat.pt.panaceainc.com/MRFDownload/klickitat/klickitat,corroborated,same-facility-rename | moved-facility | different-facility | need-publisher
524017,alias-rename,Is the file header below the same facility as the CMS roster row? (rename/moved/other),NORTH CENTRAL HEALTH CARE,"1150 LAKEVIEW DR, WAUSAU WI 54403",North Central Health Care,North Central Health Care,WI,2024-01-19,2.0.0,https://www.norcen.org/cms-hpt.txt,https://machine-readable-files.com/north-central-health-care/930801810_North-Central-Health-Care_standardcharges.csv,mrf-header-name-without-location,same-facility-rename | moved-facility | different-facility | need-publisher
531313,alias-rename,Is the file header below the same facility as the CMS roster row? (rename/moved/other),STAR VALLEY MEDICAL CENTER,"901 ADAMS STREET, AFTON WY 83110",Star Valley Health,Star Valley Health,WY,2024-11-12,2.0.0,https://starvalleyhealth.org/cms-hpt.txt,https://starvalleyhealth.org/wp-content/uploads/830327251_star-valley-health_standardcharges.csv,mrf-header-does-not-match-unresolved-roster,same-facility-rename | moved-facility | different-facility | need-publisher
670006,alias-rename,Is the file header below the same facility as the CMS roster row? (rename/moved/other),THE HOSPITAL AT WESTLAKE MEDICAL CENTER,"5656 BEE CAVES ROAD, SUITE M-302, AUSTIN TX 78746",THE HOSPITAL AT WESTLAKE MEDICAL CENTER,THE HOSPITAL AT WESTLAKE MEDICAL CENTER|THE HOSPITAL AT WESTLAKE MEDICAL CENTER,TX,2024-09-02,2.0.0,https://www.westlakemedical.com/cms-hpt.txt,https://www.westlakemedical.com/wp-content/uploads/2024/10/820578078_westlake-surgical_standardcharges.csv,mrf-header-name-without-location,same-facility-rename | moved-facility | different-facility | need-publisher
670090,alias-rename,Is the file header below the same facility as the CMS roster row? (rename/moved/other),CRESCENT MEDICAL CENTER LANCASTER,"2600 WEST PLEASANT RUN ROAD, LANCASTER TX 75146",Crescent Regional Hospital,,,,,https://crescentregionalhospital.com/cms-hpt.txt,https://secure.claraprice.net/price-transparency/HRHW-1731105964107/machine-readable/273815440_crescent-regional-hospital_standardcharges.json,mrf-header-has-no-license-state,same-facility-rename | moved-facility | different-facility | need-publisher
670314,alias-rename,Is the file header below the same facility as the CMS roster row? (rename/moved/other),ST MICHAELS MEDICAL HOSPITAL LLC,"16000 SOUTHWEST FREEWAY, SUITE 100, SUGAR LAND TX 77479",,,,,,,https://24hrer.com/wp-content/uploads/2026/03/842589283_St-Michaels_-Elite-Hospital_Standardcharges.csv,mrf-header-has-no-license-state,same-facility-rename | moved-facility | different-facility | need-publisher
154054,competing-files,Which pointer entry is this facility's file? (see note for candidates),HARSHA BEHAVIORAL CENTER INC,"1980 E WOODSMALL DR, TERRE HAUTE IN 47802",Harsha Behavioral Center,Harsha Behavioral Center,IN,2026-07-01,3.0.0,https://static1.squarespace.com/static/5eb1fd4c4ff16a36a9d64fb4/t/6a50a461fdd00516464d9a64/1783669857604/cms-hpt.txt,https://www.harshacenter.com/s/261091197_harsha-behavioral-center_standardcharges.csv,"2 distinct current files corroborate this facility and the pointer labels are indistinguishable (""Harsha Behavioral Center"" = ""Harsha Behavioral Center"").",pick-file-url | need-publisher
