ccn,hospital_name,state,issue,subject,body,contact,send_status
010065,RUSSELL MEDICAL CENTER,AL,declared-update-date-over-365-days,Price transparency file: RUSSELL MEDICAL CENTER (CCN 010065),Hello,,
We maintain an independent review of hospital price-transparency files. The standard-charges file at https://rm.121cms.com/wp-content/uploads/630385130_russell-medical-center__standardcharges-1-1.csv declares last_updated_on 2025-06-15, more than 365 days before our check on 2026-09-09T11:27:59.220Z. Could you confirm whether a more current file exists and point us to it?,,,,,,
Recorded evidence: pointer  (HTTP n/a); file https://rm.121cms.com/wp-content/uploads/630385130_russell-medical-center__standardcharges-1-1.csv (HTTP 206); checked 2026-09-09T11:27:59.220Z.,,,,,,,
Thank you.,[not published],approved-for-outreach,,,,,
010148,EVERGREEN MEDICAL CENTER,AL,declared-update-date-over-365-days,Price transparency file: EVERGREEN MEDICAL CENTER (CCN 010148),Hello,,
We maintain an independent review of hospital price-transparency files. The standard-charges file at https://irp.cdn-website.com/1a9867e2/files/uploaded/208057151_evergreenmedicalcenter_standardcharges-8969ef83.csv declares last_updated_on 2025-08-07, more than 365 days before our check on 2026-09-09T16:08:59.999Z. Could you confirm whether a more current file exists and point us to it?,,,,,,
Recorded evidence: pointer https://www.evergreenmedical.org/cms-hpt.txt (HTTP 200); file https://irp.cdn-website.com/1a9867e2/files/uploaded/208057151_evergreenmedicalcenter_standardcharges-8969ef83.csv (HTTP 206); checked 2026-09-09T16:08:59.999Z.,,,,,,,
Thank you.,[not published],approved-for-outreach,,,,,
010168,JACK HUGHSTON MEMORIAL HOSPITAL,AL,pointer-declared-file-404,Price transparency file: JACK HUGHSTON MEMORIAL HOSPITAL (CCN 010168),Hello,,
We maintain an independent review of hospital price-transparency files. Your machine-readable pointer declares https://al.hughston.com/wp-content/uploads/sites/8/2024/02/331058243_jack-hughston-memorial-hospital_standardcharges.json, which returns HTTP 404 on repeated checks. Could you restore the file or update the pointer?,,,,,,
Recorded evidence: pointer https://al.hughston.com/cms-hpt.txt (HTTP 206); file https://al.hughston.com/wp-content/uploads/sites/8/2024/02/331058243_jack-hughston-memorial-hospital_standardcharges.json (HTTP 404); checked 2026-09-09T10:06:32.689Z.,,,,,,,
Thank you.,[not published],approved-for-outreach,,,,,
011308,CRENSHAW COMMUNITY HOSPITAL,AL,template-version-older-than-3,Price transparency file: CRENSHAW COMMUNITY HOSPITAL (CCN 011308),Hello,,
We maintain an independent review of hospital price-transparency files. The file at https://crenshawcommunityhospital.com/wp-content/uploads/2025/10/000817582_crenshaw-community-hospital_standardcharges-2.csv declares a current date (2025-10-13) but template version 2.0.0. Could you confirm whether it implements the CMS price-transparency data dictionary and whether an updated export is available?,,,,,,,
Recorded evidence: pointer https://crenshawcommunityhospital.com/wp-content/uploads/2025/11/cms-hpt.txt (HTTP 206); file https://crenshawcommunityhospital.com/wp-content/uploads/2025/10/000817582_crenshaw-community-hospital_standardcharges-2.csv (HTTP 206); checked 2026-09-09T10:07:02.341Z.,,,,,,,
Thank you.,[not published],approved-for-outreach,,,,,
021314,SOUTHEAST ALASKA REGIONAL HEALTH CONSORTIUM,AK,declared-update-date-over-365-days,Price transparency file: SOUTHEAST ALASKA REGIONAL HEALTH CONSORTIUM (CCN 021314),Hello,,
We maintain an independent review of hospital price-transparency files. The standard-charges file at https://apps.para-hcfs.com/PTT/FinalLinks/Reports.aspx?dbName=dbSARHCSITKAAK&type=CDMWithoutLabel declares last_updated_on 2024-12-09, more than 365 days before our check on 2026-09-09T10:06:57.001Z. Could you confirm whether a more current file exists and point us to it?,,,,,,
Recorded evidence: pointer  (HTTP n/a); file https://apps.para-hcfs.com/PTT/FinalLinks/Reports.aspx?dbName=dbSARHCSITKAAK&type=CDMWithoutLabel (HTTP 200); checked 2026-09-09T10:06:57.001Z.,,,,,,,
Thank you.,[not published],approved-for-outreach,,,,,
030062,SUMMIT HEALTHCARE REGIONAL MEDICAL CENTER,AZ,declared-update-date-over-365-days,Price transparency file: SUMMIT HEALTHCARE REGIONAL MEDICAL CENTER (CCN 030062),Hello,,
We maintain an independent review of hospital price-transparency files. The standard-charges file at https://hospitalpricedisclosure.com/download.aspx?pi=L*__*5isnkJWsT9OFJEKfZzfA*-* declares last_updated_on 2025-01-01, more than 365 days before our check on 2026-09-09T10:06:56.588Z. Could you confirm whether a more current file exists and point us to it?,,,,,,
Recorded evidence: pointer https://summithealthcare.net/cms-hpt.txt (HTTP 200); file https://hospitalpricedisclosure.com/download.aspx?pi=L*__*5isnkJWsT9OFJEKfZzfA*-* (HTTP 206); checked 2026-09-09T10:06:56.588Z.,,,,,,,
Thank you.,[not published],approved-for-outreach,,,,,
030153,EAST VALLEY ER & HOSPITAL,AZ,template-version-older-than-3,Price transparency file: EAST VALLEY ER & HOSPITAL (CCN 030153),Hello,,
We maintain an independent review of hospital price-transparency files. The file at https://eastvalleyhospital.com/wp-content/uploads/2025/10/862195601-1881352037_east-valley-hospital-llc_standardcharges-3in.csv declares a current date (2025-10-10) but template version 2.1.0. Could you confirm whether it implements the CMS price-transparency data dictionary and whether an updated export is available?,,,,,,,
Recorded evidence: pointer https://eastvalleyhospital.com/cms-hpt.txt (HTTP 200); file https://eastvalleyhospital.com/wp-content/uploads/2025/10/862195601-1881352037_east-valley-hospital-llc_standardcharges-3in.csv (HTTP 200); checked 2026-09-09T10:06:56.682Z.,,,,,,,
Thank you.,[not published],approved-for-outreach,,,,,
034013,COLLEGE MEDICAL CENTER PHOENIX,AZ,template-version-older-than-3,Price transparency file: COLLEGE MEDICAL CENTER PHOENIX (CCN 034013),Hello,,
We maintain an independent review of hospital price-transparency files. The file at https://cmcphoenix.com/331313844_college-medical-center-phoenix_standardcharges-3/ declares a current date (2026-03-11) but template version 1. Could you confirm whether it implements the CMS price-transparency data dictionary and whether an updated export is available?,,,,,,,
Recorded evidence: pointer https://cmcphoenix.com/cms-hpt.txt (HTTP 200); file https://cmcphoenix.com/331313844_college-medical-center-phoenix_standardcharges-3/ (HTTP 200); checked 2026-09-09T10:07:02.760Z.,,,,,,,
Thank you.,[not published],approved-for-outreach,,,,,
034025,THE HEALING PLACE,AZ,template-version-older-than-3,Price transparency file: THE HEALING PLACE (CCN 034025),Hello,,
We maintain an independent review of hospital price-transparency files. The file at https://www.polarahealth.com/s/TheHealingPlace_MainCampus_StandardCharges.csv declares a current date (2025-11-04) but template version 2.0.0. Could you confirm whether it implements the CMS price-transparency data dictionary and whether an updated export is available?,,,,,,,
Recorded evidence: pointer https://static1.squarespace.com/static/641cdb99a1fef46a48846e0c/t/69177051ff07795f6421eb3a/1763143790342/cms-hpt.txt (HTTP 206); file https://www.polarahealth.com/s/TheHealingPlace_MainCampus_StandardCharges.csv (HTTP 206); checked 2026-09-09T10:06:57.339Z.,,,,,,,
Thank you.,[not published],approved-for-outreach,,,,,
034034,DESTINY SPRINGS HEALTHCARE,AZ,pointer-declared-file-404,Price transparency file: DESTINY SPRINGS HEALTHCARE (CCN 034034),Hello,,
We maintain an independent review of hospital price-transparency files. Your machine-readable pointer declares https://www.destinyspringshealthcare.com/files/81-4160201_Destiny-Springs-Healthcare_standardcharges.csv, which returns HTTP 404 on repeated checks. Could you restore the file or update the pointer?,,,,,,
Recorded evidence: pointer https://5798232a-0473-45d2-b484-accd085e50e0.usrfiles.com/ugd/579823_c1d62be5375442a28d99445b448b1c3e.txt (HTTP 206); file https://www.destinyspringshealthcare.com/files/81-4160201_Destiny-Springs-Healthcare_standardcharges.csv (HTTP 404); checked 2026-09-09T10:43:52.090Z.,,,,,,,
Thank you.,[not published],approved-for-outreach,,,,,
034035,AVENIR BEHAVIORAL HEALTH CENTER,AZ,template-version-older-than-3,Price transparency file: AVENIR BEHAVIORAL HEALTH CENTER (CCN 034035),Hello,,
We maintain an independent review of hospital price-transparency files. The file at https://g5-assets-cld-res.cloudinary.com/raw/upload/v1759418416/g5/g5-c-5hk8rftzt-avenir-senior-living-single-domain/g5-cl-1ivmlhcajg-avenir-center-for-behavioral-health-at-surprise/uploads/400629305_avenir_behavioral_center_standardcharges_wrurw3.csv declares a current date (2025-09-30) but template version 2.0.0. Could you confirm whether it implements the CMS price-transparency data dictionary and whether an updated export is available?,,,,,,,
Recorded evidence: pointer https://g5-assets-cld-res.cloudinary.com/raw/upload/v1759426049/g5/g5-c-5hk8rftzt-avenir-senior-living-single-domain/g5-cl-1ivmhxc3h3-avenir-senior-living/uploads/cms-hptt_ggurj3.txt (HTTP 200); file https://g5-assets-cld-res.cloudinary.com/raw/upload/v1759418416/g5/g5-c-5hk8rftzt-avenir-senior-living-single-domain/g5-cl-1ivmlhcajg-avenir-center-for-behavioral-health-at-surprise/uploads/400629305_avenir_behavioral_center_standardcharges_wrurw3.csv (HTTP 200); checked 2026-09-09T10:06:57.272Z.,,,,,,,
Thank you.,[not published],approved-for-outreach,,,,,
040014,WHITE COUNTY MEDICAL CENTER,AR,declared-update-date-over-365-days,Price transparency file: WHITE COUNTY MEDICAL CENTER (CCN 040014),Hello,,
We maintain an independent review of hospital price-transparency files. The standard-charges file at https://res.cloudinary.com/dpmykpsih/raw/upload/unity-health-2024-site-471/media/r/f7b14e4eba234333a31eb2d09e307e62/71-0772737_unity-health-white-county-medical-center_standardcharges.json declares last_updated_on 2025-03-01, more than 365 days before our check on 2026-09-09T10:06:58.041Z. Could you confirm whether a more current file exists and point us to it?,,,,,,
Recorded evidence: pointer https://res.cloudinary.com/dpmykpsih/raw/upload/unity-health-2024-site-471/media/r/6ffa86dd7af948a4b4216e06cb522e07/unity-healthcms-hpt.txt (HTTP 206); file https://res.cloudinary.com/dpmykpsih/raw/upload/unity-health-2024-site-471/media/r/f7b14e4eba234333a31eb2d09e307e62/71-0772737_unity-health-white-county-medical-center_standardcharges.json (HTTP 206); checked 2026-09-09T10:06:58.041Z.,,,,,,,
Thank you.,[not published],approved-for-outreach,,,,,
040164,UNITY HEALTH - JACKSONVILLE,AR,declared-update-date-over-365-days,Price transparency file: UNITY HEALTH - JACKSONVILLE (CCN 040164),Hello,,
We maintain an independent review of hospital price-transparency files. The standard-charges file at https://res.cloudinary.com/dpmykpsih/raw/upload/unity-health-2024-site-471/media/r/9853a0e7e4714bd59ef913643cafb308/86-2564877_unity-health-jacksonville_standardcharges.json declares last_updated_on 2025-03-01, more than 365 days before our check on 2026-09-09T10:07:01.910Z. Could you confirm whether a more current file exists and point us to it?,,,,,,
Recorded evidence: pointer https://res.cloudinary.com/dpmykpsih/raw/upload/unity-health-2024-site-471/media/r/6ffa86dd7af948a4b4216e06cb522e07/unity-healthcms-hpt.txt (HTTP 206); file https://res.cloudinary.com/dpmykpsih/raw/upload/unity-health-2024-site-471/media/r/9853a0e7e4714bd59ef913643cafb308/86-2564877_unity-health-jacksonville_standardcharges.json (HTTP 206); checked 2026-09-09T10:07:01.910Z.,,,,,,,
Thank you.,[not published],approved-for-outreach,,,,,
041309,LAWRENCE MEMORIAL HOSPITAL,AR,pointer-declared-file-404,Price transparency file: LAWRENCE MEMORIAL HOSPITAL (CCN 041309),Hello,,
We maintain an independent review of hospital price-transparency files. Your machine-readable pointer declares https://www.mhlawrencehospital.org/LawrenceGeneral/media/PDF-Docs/042103586_LawerenceGeneralHospital_standardcharges.csv, which returns HTTP 404 on repeated checks. Could you restore the file or update the pointer?,,,,,,
Recorded evidence: pointer https://www.mhlawrencehospital.org/cms-hpt.txt (HTTP 206); file https://www.mhlawrencehospital.org/LawrenceGeneral/media/PDF-Docs/042103586_LawerenceGeneralHospital_standardcharges.csv (HTTP 404); checked 2026-09-09T10:43:53.382Z.,,,,,,,
Thank you.,[not published],approved-for-outreach,,,,,
041332,UNITY HEALTH - NEWPORT,AR,declared-update-date-over-365-days,Price transparency file: UNITY HEALTH - NEWPORT (CCN 041332),Hello,,
We maintain an independent review of hospital price-transparency files. The standard-charges file at https://res.cloudinary.com/dpmykpsih/raw/upload/unity-health-2024-site-471/media/r/e095f26cd5034d22b9124fc30dcecb5a/86-1835149_unity-health-newport_standardcharges.json declares last_updated_on 2025-03-01, more than 365 days before our check on 2026-09-09T10:07:02.378Z. Could you confirm whether a more current file exists and point us to it?,,,,,,
Recorded evidence: pointer https://res.cloudinary.com/dpmykpsih/raw/upload/unity-health-2024-site-471/media/r/6ffa86dd7af948a4b4216e06cb522e07/unity-healthcms-hpt.txt (HTTP 206); file https://res.cloudinary.com/dpmykpsih/raw/upload/unity-health-2024-site-471/media/r/e095f26cd5034d22b9124fc30dcecb5a/86-1835149_unity-health-newport_standardcharges.json (HTTP 206); checked 2026-09-09T10:07:02.378Z.,,,,,,,
Thank you.,[not published],approved-for-outreach,,,,,
050292,RIVERSIDE UNIVERSITY HEALTH SYSTEM-MEDICAL CENTER,CA,template-version-unrecognized,Price transparency file: RIVERSIDE UNIVERSITY HEALTH SYSTEM-MEDICAL CENTER (CCN 050292),Hello,,
We maintain an independent review of hospital price-transparency files. The file at https://www.ruhealth.org/956000930_riverside-university-health-system_standardcharges.csv declares template version 2026.1.0, which this review does not recognize; its update date (2026-03-30) and facility identity are otherwise current. Could you confirm which CMS data dictionary version it implements?,,,,,,
Recorded evidence: pointer https://ruhealth.org/cms-hpt.txt (HTTP 206); file https://www.ruhealth.org/956000930_riverside-university-health-system_standardcharges.csv (HTTP 206); checked 2026-09-09T10:07:03.107Z.,,,,,,,
Thank you.,[not published],approved-for-outreach,,,,,
050625,CEDARS-SINAI MEDICAL CENTER,CA,template-version-older-than-3,Price transparency file: CEDARS-SINAI MEDICAL CENTER (CCN 050625),Hello,,
We maintain an independent review of hospital price-transparency files. The file at https://www.cedars-sinai.org/content/dam/cedars-sinai/billing-insurance/documents/951644600_CEDARS-SINAI-MEDICAL-CENTER_standardcharges.json declares a current date (2025-11-26) but template version 2.0.0. Could you confirm whether it implements the CMS price-transparency data dictionary and whether an updated export is available?,,,,,,,
Recorded evidence: pointer https://www.cedars-sinai.org/cms-hpt.txt (HTTP 206); file https://www.cedars-sinai.org/content/dam/cedars-sinai/billing-insurance/documents/951644600_CEDARS-SINAI-MEDICAL-CENTER_standardcharges.json (HTTP 200); checked 2026-09-09T10:07:05.033Z.,,,,,,,
Thank you.,[not published],approved-for-outreach,,,,,
050854,ANAHEIM COMMUNITY HOSPITAL, LLC,CA,declared-update-date-over-365-days,Price transparency file: ANAHEIM COMMUNITY HOSPITAL,hpt-obf:v1:DglEdB4uri3WtZol.NhvuEHxvjpsWr04X49uj7Q.ElDsDErDZgwqgNorGX1U2qg,Hello
We maintain an independent review of hospital price-transparency files. The standard-charges file at https://www.anaheimcommunityhospital.com/wp-content/uploads/2025/03/854314119_anaheim-community-hospital-llc_standardcharges.csv declares last_updated_on 2025-03-03, more than 365 days before our check on 2026-09-09T10:07:03.900Z. Could you confirm whether a more current file exists and point us to it?,,,,,,
Recorded evidence: pointer https://anaheimcommunityhospital.com/cms-hpt.txt (HTTP 200); file https://www.anaheimcommunityhospital.com/wp-content/uploads/2025/03/854314119_anaheim-community-hospital-llc_standardcharges.csv (HTTP 206); checked 2026-09-09T10:07:03.900Z.,,,,,,,
Thank you.,[not published],approved-for-outreach,,,,,
051306,GLENN MEDICAL CENTER,CA,template-version-older-than-3,Price transparency file: GLENN MEDICAL CENTER (CCN 051306),Hello,,
We maintain an independent review of hospital price-transparency files. The file at https://apps.para-hcfs.com/PTT/FinalLinks/Reports.aspx?dbName=dbGMCWILLOWSCA&type=CDMWithoutLabel&fileType=CSV declares a current date (2025-10-04) but template version 2.0.0. Could you confirm whether it implements the CMS price-transparency data dictionary and whether an updated export is available?,,,,,,,
Recorded evidence: pointer https://gmcmed.org/cms-hpt.txt (HTTP 200); file https://apps.para-hcfs.com/PTT/FinalLinks/Reports.aspx?dbName=dbGMCWILLOWSCA&type=CDMWithoutLabel&fileType=CSV (HTTP 200); checked 2026-09-09T10:07:12.351Z.,,,,,,,
Thank you.,[not published],approved-for-outreach,,,,,
051324,NORTHERN INYO HOSPITAL,CA,declared-update-date-over-365-days,Price transparency file: NORTHERN INYO HOSPITAL (CCN 051324),Hello,,
We maintain an independent review of hospital price-transparency files. The standard-charges file at https://www.nih.org/documents/956005449_northern-inyo-hospital_standardcharges.csv declares last_updated_on 2024-10-01, more than 365 days before our check on 2026-09-09T10:07:04.224Z. Could you confirm whether a more current file exists and point us to it?,,,,,,
Recorded evidence: pointer https://www.nih.org/cms-hpt.txt (HTTP 206); file https://www.nih.org/documents/956005449_northern-inyo-hospital_standardcharges.csv (HTTP 206); checked 2026-09-09T10:07:04.224Z.,,,,,,,
Thank you.,[not published],approved-for-outreach,,,,,
051335,BEAR VALLEY COMMUNITY HOSPITAL,CA,declared-update-date-over-365-days,Price transparency file: BEAR VALLEY COMMUNITY HOSPITAL (CCN 051335),Hello,,
We maintain an independent review of hospital price-transparency files. The standard-charges file at https://bvchd.com/wp-content/uploads/2024/09/330294751_BEAR-VALLEY-COMMUNITY-HOSPITAL_standardcharges.csv declares last_updated_on 2024-08-29, more than 365 days before our check on 2026-09-09T10:07:04.071Z. Could you confirm whether a more current file exists and point us to it?,,,,,,
Recorded evidence: pointer https://bvchd.com/cms-hpt.txt (HTTP 200); file https://bvchd.com/wp-content/uploads/2024/09/330294751_BEAR-VALLEY-COMMUNITY-HOSPITAL_standardcharges.csv (HTTP 206); checked 2026-09-09T10:07:04.071Z.,,,,,,,
Thank you.,[not published],approved-for-outreach,,,,,
054028,GATEWAYS HOSP  MENTAL HEALTH CTR,CA,declared-update-date-over-365-days,Price transparency file: GATEWAYS HOSP  MENTAL HEALTH CTR (CCN 054028),Hello,,
We maintain an independent review of hospital price-transparency files. The standard-charges file at https://www.gatewayshospital.org/price-transparency/95-1691011_gateways-hospital-and-mental-health-center_standardcharges.csv declares last_updated_on 2025-08-06, more than 365 days before our check on 2026-09-09T10:07:04.166Z. Could you confirm whether a more current file exists and point us to it?,,,,,,
Recorded evidence: pointer https://gatewayshospital.org/cms-hpt.txt (HTTP 200); file https://www.gatewayshospital.org/price-transparency/95-1691011_gateways-hospital-and-mental-health-center_standardcharges.csv (HTTP 206); checked 2026-09-09T10:07:04.166Z.,,,,,,,
Thank you.,[not published],approved-for-outreach,,,,,
054158,ALISO RIDGE BEHAVIORAL HEALTH, LLC,CA,declared-update-date-over-365-days,Price transparency file: ALISO RIDGE BEHAVIORAL HEALTH,hpt-obf:v1:IZB490IgcKJYaDxH.CDPyBneIaK40d_F05b8lLg.Aw3RyEmY1aXgu5NzOveuv6c,Hello
We maintain an independent review of hospital price-transparency files. The standard-charges file at https://www.ocspecialtyhealth.com/wp-content/uploads/2025/03/811504286_aliso-ridge-behavioral-health-llc_standardcharges.csv declares last_updated_on 2025-03-21, more than 365 days before our check on 2026-09-09T10:07:04.349Z. Could you confirm whether a more current file exists and point us to it?,,,,,,
Recorded evidence: pointer https://www.ocspecialtyhealth.com/cms-hpt.txt (HTTP 200); file https://www.ocspecialtyhealth.com/wp-content/uploads/2025/03/811504286_aliso-ridge-behavioral-health-llc_standardcharges.csv (HTTP 206); checked 2026-09-09T10:07:04.349Z.,,,,,,,
Thank you.,[not published],approved-for-outreach,,,,,
061323,PROWERS MEDICAL CENTER,CO,declared-update-date-over-365-days,Price transparency file: PROWERS MEDICAL CENTER (CCN 061323),Hello,,
We maintain an independent review of hospital price-transparency files. The standard-charges file at https://www.prowersmedical.com/wp-content/uploads/840584583_PROWERS-MEDICAL-CENTER_STANDARDCHARGES.csv declares last_updated_on 2025-01-01, more than 365 days before our check on 2026-09-09T10:07:05.176Z. Could you confirm whether a more current file exists and point us to it?,,,,,,
Recorded evidence: pointer https://www.prowersmedical.com/cms-hpt.txt (HTTP 206); file https://www.prowersmedical.com/wp-content/uploads/840584583_PROWERS-MEDICAL-CENTER_STANDARDCHARGES.csv (HTTP 206); checked 2026-09-09T10:07:05.176Z.,,,,,,,
Thank you.,[not published],approved-for-outreach,,,,,
061343,KEEFE MEMORIAL HOSPITAL,CO,declared-update-date-over-365-days,Price transparency file: KEEFE MEMORIAL HOSPITAL (CCN 061343),Hello,,
We maintain an independent review of hospital price-transparency files. The standard-charges file at https://keefemh.org/wp-content/uploads/2025/07/472340447_keefe-memorial-health-service-district_standardcharges.csv declares last_updated_on 2025-06-30, more than 365 days before our check on 2026-09-09T10:07:05.421Z. Could you confirm whether a more current file exists and point us to it?,,,,,,
Recorded evidence: pointer https://keefemh.org/cms-hpt.txt (HTTP 206); file https://keefemh.org/wp-content/uploads/2025/07/472340447_keefe-memorial-health-service-district_standardcharges.csv (HTTP 206); checked 2026-09-09T10:07:05.421Z.,,,,,,,
Thank you.,[not published],approved-for-outreach,,,,,
070010,BRIDGEPORT HOSPITAL,CT,pointer-declared-file-404,Price transparency file: BRIDGEPORT HOSPITAL (CCN 070010),Hello,,
We maintain an independent review of hospital price-transparency files. Your machine-readable pointer declares https://www.bridgeporthospital.org/404, which returns HTTP 404 on repeated checks. Could you restore the file or update the pointer?,,,,,,
Recorded evidence: pointer https://www.bridgeporthospital.org/BHAssets/cms-hpt.txt (HTTP 206); file https://www.bridgeporthospital.org/404 (HTTP 404); checked 2026-09-09T10:07:05.817Z.,,,,,,,
Thank you.,[not published],approved-for-outreach,,,,,
070022,YALE-NEW HAVEN HOSPITAL,CT,pointer-declared-file-404,Price transparency file: YALE-NEW HAVEN HOSPITAL (CCN 070022),Hello,,
We maintain an independent review of hospital price-transparency files. Your machine-readable pointer declares https://www.ynhh.org/404, which returns HTTP 404 on repeated checks. Could you restore the file or update the pointer?,,,,,,
Recorded evidence: pointer https://www.ynhh.org/YNHHAssets/cms-hpt.txt (HTTP 206); file https://www.ynhh.org/404 (HTTP 404); checked 2026-09-09T10:07:05.853Z.,,,,,,,
Thank you.,[not published],approved-for-outreach,,,,,
100029,NORTH SHORE MEDICAL CENTER,FL,declared-update-date-over-365-days,Price transparency file: NORTH SHORE MEDICAL CENTER (CCN 100029),Hello,,
We maintain an independent review of hospital price-transparency files. The standard-charges file at https://northshoremc.org/pricetransparency/995020733_NorthShoreMedicalCenter_standardcharges.csv declares last_updated_on 2025-02-21, more than 365 days before our check on 2026-09-09T10:07:06.342Z. Could you confirm whether a more current file exists and point us to it?,,,,,,
Recorded evidence: pointer https://northshoremc.org/cms-hpt.txt (HTTP 200); file https://northshoremc.org/pricetransparency/995020733_NorthShoreMedicalCenter_standardcharges.csv (HTTP 206); checked 2026-09-09T10:07:06.342Z.,,,,,,,
Thank you.,[not published],approved-for-outreach,,,,,
100053,HIALEAH HOSPITAL,FL,declared-update-date-over-365-days,Price transparency file: HIALEAH HOSPITAL (CCN 100053),Hello,,
We maintain an independent review of hospital price-transparency files. The standard-charges file at https://hialeahhosp.org/pricetransparency/995053647_HialeahHospital_standardcharges.csv declares last_updated_on 2025-02-21, more than 365 days before our check on 2026-09-09T10:07:06.693Z. Could you confirm whether a more current file exists and point us to it?,,,,,,
Recorded evidence: pointer https://hialeahhosp.org/cms-hpt.txt (HTTP 200); file https://hialeahhosp.org/pricetransparency/995053647_HialeahHospital_standardcharges.csv (HTTP 206); checked 2026-09-09T10:07:06.693Z.,,,,,,,
Thank you.,[not published],approved-for-outreach,,,,,
100135,TALLAHASSEE MEMORIAL HEALTHCARE,FL,declared-update-date-over-365-days,Price transparency file: TALLAHASSEE MEMORIAL HEALTHCARE (CCN 100135),Hello,,
We maintain an independent review of hospital price-transparency files. The standard-charges file at https://www.tmh.org/sites/default/files/price-transparency/591917016_tallahassee-memorial-hospital_standardcharges.csv declares last_updated_on 2025-05-15, more than 365 days before our check on 2026-09-09T10:07:12.254Z. Could you confirm whether a more current file exists and point us to it?,,,,,,
Recorded evidence: pointer https://www.tmh.org/sites/default/files/price-transparency/cms-hpt.txt (HTTP 206); file https://www.tmh.org/sites/default/files/price-transparency/591917016_tallahassee-memorial-hospital_standardcharges.csv (HTTP 206); checked 2026-09-09T10:07:12.254Z.,,,,,,,
Thank you.,[not published],approved-for-outreach,,,,,
100183,CORAL GABLES HOSPITAL,FL,declared-update-date-over-365-days,Price transparency file: CORAL GABLES HOSPITAL (CCN 100183),Hello,,
We maintain an independent review of hospital price-transparency files. The standard-charges file at https://coralgableshospital.org/pricetransparency/995038459_CoralGablesHospital_standardcharges.csv declares last_updated_on 2025-02-21, more than 365 days before our check on 2026-09-09T10:07:07.016Z. Could you confirm whether a more current file exists and point us to it?,,,,,,
Recorded evidence: pointer https://coralgableshospital.org/cms-hpt.txt (HTTP 200); file https://coralgableshospital.org/pricetransparency/995038459_CoralGablesHospital_standardcharges.csv (HTTP 206); checked 2026-09-09T10:07:07.016Z.,,,,,,,
Thank you.,[not published],approved-for-outreach,,,,,
100187,PALMETTO GENERAL HOSPITAL,FL,declared-update-date-over-365-days,Price transparency file: PALMETTO GENERAL HOSPITAL (CCN 100187),Hello,,
We maintain an independent review of hospital price-transparency files. The standard-charges file at https://palmettogeneral.org/pricetransparency/995002378_PalmettoGeneralHospital_standardcharges.csv declares last_updated_on 2025-02-20, more than 365 days before our check on 2026-09-09T10:07:07.578Z. Could you confirm whether a more current file exists and point us to it?,,,,,,
Recorded evidence: pointer https://palmettogeneral.org/cms-hpt.txt (HTTP 200); file https://palmettogeneral.org/pricetransparency/995002378_PalmettoGeneralHospital_standardcharges.csv (HTTP 206); checked 2026-09-09T10:07:07.578Z.,,,,,,,
Thank you.,[not published],approved-for-outreach,,,,,
100249,TAMPA GENERAL HOSPITAL CRYSTAL RIVER,FL,pointer-declared-file-404,Price transparency file: TAMPA GENERAL HOSPITAL CRYSTAL RIVER (CCN 100249),Hello,,
We maintain an independent review of hospital price-transparency files. Your machine-readable pointer declares https://www.tghnorth.org/-/media/files/tgh-north-files/93-3085834_tampa-general-hospital-crystal-river_standardcharges_excel.csv?rev=707784c8944a446c94601457bea65319&hash=A8E4902F0337A7A83FB17BF07844A443, which returns HTTP 404 on repeated checks. Could you restore the file or update the pointer?,,,,,,
Recorded evidence: pointer https://www.tgh.org/cms-hpt.txt (HTTP 200); file https://www.tghnorth.org/-/media/files/tgh-north-files/93-3085834_tampa-general-hospital-crystal-river_standardcharges_excel.csv?rev=707784c8944a446c94601457bea65319&hash=A8E4902F0337A7A83FB17BF07844A443 (HTTP 404); checked 2026-09-09T10:07:07.100Z.,,,,,,,
Thank you.,[not published],approved-for-outreach,,,,,
100253,JUPITER MEDICAL CENTER,FL,template-version-older-than-3,Price transparency file: JUPITER MEDICAL CENTER (CCN 100253),Hello,,
We maintain an independent review of hospital price-transparency files. The file at https://www.jupitermed.com/documents/content/59-1460239_jupiter-medical-center_standardcharges.csv declares a current date (2025-10-01) but template version 2.2.0. Could you confirm whether it implements the CMS price-transparency data dictionary and whether an updated export is available?,,,,,,,
Recorded evidence: pointer https://www.jupitermed.com/cms-hpt.txt (HTTP 206); file https://www.jupitermed.com/documents/content/59-1460239_jupiter-medical-center_standardcharges.csv (HTTP 206); checked 2026-09-09T10:07:07.780Z.,,,,,,,
Thank you.,[not published],approved-for-outreach,,,,,
104084,NEUROBEHAVIORAL HOSPITAL OF THE PALM BEACHES-NORTH,FL,automated-file-access-denied,Price transparency file: NEUROBEHAVIORAL HOSPITAL OF THE PALM BEACHES-NORTH (CCN 104084),Hello,,
We maintain an independent review of hospital price-transparency files. Automated retrieval of https://nbhospitals.com/standard-services/Pricing-guidelinesNeuro.csv is denied (HTTP 403) while your site publishes it. Could you whitelist automated access or provide a direct link?,,,,,,,
Recorded evidence: pointer https://nbhospitals.com/cms-hpt.txt (HTTP 403); file https://nbhospitals.com/standard-services/Pricing-guidelinesNeuro.csv (HTTP 403); checked 2026-09-09T10:07:08.003Z.,,,,,,,
Thank you.,[not published],approved-for-outreach,,,,,
104085,NEUROBEHAVIORAL HOSPITAL OF THE PALM BEACHES-SOUTH,FL,automated-file-access-denied,Price transparency file: NEUROBEHAVIORAL HOSPITAL OF THE PALM BEACHES-SOUTH (CCN 104085),Hello,,
We maintain an independent review of hospital price-transparency files. Automated retrieval of https://nbhospitals.com/standard-services/Pricing-guidelinesNeuro.csv is denied (HTTP 403) while your site publishes it. Could you whitelist automated access or provide a direct link?,,,,,,,
Recorded evidence: pointer https://nbhospitals.com/cms-hpt.txt (HTTP 403); file https://nbhospitals.com/standard-services/Pricing-guidelinesNeuro.csv (HTTP 403); checked 2026-09-09T10:07:08.003Z.,,,,,,,
Thank you.,[not published],approved-for-outreach,,,,,
110006,ST MARY'S HOSPITAL,GA,declared-update-date-over-365-days,Price transparency file: ST MARY'S HOSPITAL (CCN 110006),Hello,,
We maintain an independent review of hospital price-transparency files. The standard-charges file at https://trinityhealth.pt.panaceainc.com/MRFDownload/trinityhealth/stmaryshealthcaresystem declares last_updated_on 2025-01-01, more than 365 days before our check on 2026-09-09T10:07:11.241Z. Could you confirm whether a more current file exists and point us to it?,,,,,,
Recorded evidence: pointer https://www.stmaryshealthcaresystem.org/sites/default/files/cms-hpt.txt (HTTP 200); file https://trinityhealth.pt.panaceainc.com/MRFDownload/trinityhealth/stmaryshealthcaresystem (HTTP 200); checked 2026-09-09T10:07:11.241Z.,,,,,,,
Thank you.,[not published],approved-for-outreach,,,,,
110024,CANDLER HOSPITAL,GA,declared-update-date-over-365-days,Price transparency file: CANDLER HOSPITAL (CCN 110024),Hello,,
We maintain an independent review of hospital price-transparency files. The standard-charges file at https://www.sjchs.org/docs/default-source/default-document-library/580593388_candler-hospital_standardcharges293f9cd3-a627-4d74-aabc-b691b192010e.json declares last_updated_on 2025-07-01, more than 365 days before our check on 2026-09-09T10:07:12.214Z. Could you confirm whether a more current file exists and point us to it?,,,,,,
Recorded evidence: pointer https://www.sjchs.org/cms-hpt.txt (HTTP 206); file https://www.sjchs.org/docs/default-source/default-document-library/580593388_candler-hospital_standardcharges293f9cd3-a627-4d74-aabc-b691b192010e.json (HTTP 206); checked 2026-09-09T10:07:12.214Z.,,,,,,,
Thank you.,[not published],approved-for-outreach,,,,,
110025,SOUTHEAST GEORGIA HEALTH SYSTEM- BRUNSWICK CAMPUS,GA,declared-update-date-over-365-days,Price transparency file: SOUTHEAST GEORGIA HEALTH SYSTEM- BRUNSWICK CAMPUS (CCN 110025),Hello,,
We maintain an independent review of hospital price-transparency files. The standard-charges file at https://res.cloudinary.com/dpmykpsih/raw/upload/southeast-georgia-site-441/media/r/3973089e73b74845a679c5863cedd135/581911751_southeast-georgia-health-system-brunswick-campus_standardcharg.csv declares last_updated_on 2025-01-01, more than 365 days before our check on 2026-09-09T10:07:11.498Z. Could you confirm whether a more current file exists and point us to it?,,,,,,
Recorded evidence: pointer https://www.sghs.org/cms-hpt.txt (HTTP 206); file https://res.cloudinary.com/dpmykpsih/raw/upload/southeast-georgia-site-441/media/r/3973089e73b74845a679c5863cedd135/581911751_southeast-georgia-health-system-brunswick-campus_standardcharg.csv (HTTP 206); checked 2026-09-09T10:07:11.498Z.,,,,,,,
Thank you.,[not published],approved-for-outreach,,,,,
110146,SOUTHEAST GEORGIA HEALTH SYSTEM -- CAMDEN CAMPUS,GA,declared-update-date-over-365-days,Price transparency file: SOUTHEAST GEORGIA HEALTH SYSTEM -- CAMDEN CAMPUS (CCN 110146),Hello,,
We maintain an independent review of hospital price-transparency files. The standard-charges file at https://res.cloudinary.com/dpmykpsih/raw/upload/southeast-georgia-site-441/media/r/2b7af40f710742bdb73b6db38189c1a2/581911751_southeast-georgia-health-system-camden-campus_standardcharges.csv declares last_updated_on 2025-01-28, more than 365 days before our check on 2026-09-09T10:07:25.916Z. Could you confirm whether a more current file exists and point us to it?,,,,,,
Recorded evidence: pointer https://www.sghs.org/cms-hpt.txt (HTTP 206); file https://res.cloudinary.com/dpmykpsih/raw/upload/southeast-georgia-site-441/media/r/2b7af40f710742bdb73b6db38189c1a2/581911751_southeast-georgia-health-system-camden-campus_standardcharges.csv (HTTP 206); checked 2026-09-09T10:07:25.916Z.,,,,,,,
Thank you.,[not published],approved-for-outreach,,,,,
111329,ST MARYS GOOD SAMARITAN HOSPITAL,GA,declared-update-date-over-365-days,Price transparency file: ST MARYS GOOD SAMARITAN HOSPITAL (CCN 111329),Hello,,
We maintain an independent review of hospital price-transparency files. The standard-charges file at https://trinityhealth.pt.panaceainc.com/MRFDownload/trinityhealth/stmarys-goodsamaritanhospital declares last_updated_on 2025-01-01, more than 365 days before our check on 2026-09-09T10:07:26.266Z. Could you confirm whether a more current file exists and point us to it?,,,,,,
Recorded evidence: pointer https://www.stmaryshealthcaresystem.org/sites/default/files/cms-hpt.txt (HTTP 200); file https://trinityhealth.pt.panaceainc.com/MRFDownload/trinityhealth/stmarys-goodsamaritanhospital (HTTP 200); checked 2026-09-09T10:07:26.266Z.,,,,,,,
Thank you.,[not published],approved-for-outreach,,,,,
130063,TREASURE VALLEY HOSPITAL,ID,declared-update-date-over-365-days,Price transparency file: TREASURE VALLEY HOSPITAL (CCN 130063),Hello,,
We maintain an independent review of hospital price-transparency files. The standard-charges file at https://cdn.sanity.io/files/rlbzokv7/production/063a7fda12ee958c90577c83cec3c34abe54407c.csv declares last_updated_on 2024-07-01, more than 365 days before our check on 2026-09-09T10:07:26.785Z. Could you confirm whether a more current file exists and point us to it?,,,,,,
Recorded evidence: pointer https://treasurevalleyhospital.com/cms-hpt.txt (HTTP 206); file https://cdn.sanity.io/files/rlbzokv7/production/063a7fda12ee958c90577c83cec3c34abe54407c.csv (HTTP 206); checked 2026-09-09T10:07:26.785Z.,,,,,,,
Thank you.,[not published],approved-for-outreach,,,,,
140049,WEST SUBURBAN MEDICAL CENTER,IL,declared-update-date-over-365-days,Price transparency file: WEST SUBURBAN MEDICAL CENTER (CCN 140049),Hello,,
We maintain an independent review of hospital price-transparency files. The standard-charges file at https://sthpiprd.blob.core.windows.net/machine-readable-files/12712/611899386_resilience-healthcare-west-suburban-medical-center-llc_standardcharges.csv declares last_updated_on 2025-03-17, more than 365 days before our check on 2026-09-09T10:07:26.635Z. Could you confirm whether a more current file exists and point us to it?,,,,,,
Recorded evidence: pointer https://www.westsuburbanmc.com/8454_West%20Suburban%20Medical%20Center_2025-04-01.txt (HTTP 200); file https://sthpiprd.blob.core.windows.net/machine-readable-files/12712/611899386_resilience-healthcare-west-suburban-medical-center-llc_standardcharges.csv (HTTP 206); checked 2026-09-09T10:07:26.635Z.,,,,,,,
Thank you.,[not published],approved-for-outreach,,,,,
140082,LOUIS A WEISS MEMORIAL HOSPITAL,IL,declared-update-date-over-365-days,Price transparency file: LOUIS A WEISS MEMORIAL HOSPITAL (CCN 140082),Hello,,
We maintain an independent review of hospital price-transparency files. The standard-charges file at https://sthpiprd.blob.core.windows.net/machine-readable-files/12711/352637418_resilience-healthcare-weiss-memorial-hospital-llc_standardcharges.csv declares last_updated_on 2025-03-17, more than 365 days before our check on 2026-09-09T10:37:17.663Z. Could you confirm whether a more current file exists and point us to it?,,,,,,
Recorded evidence: pointer https://www.weisshospital.com/8453_Weiss%20Memorial%20Hospital_2025-04-01.txt (HTTP 200); file https://sthpiprd.blob.core.windows.net/machine-readable-files/12711/352637418_resilience-healthcare-weiss-memorial-hospital-llc_standardcharges.csv (HTTP 206); checked 2026-09-09T10:37:17.663Z.,,,,,,,
Thank you.,[not published],approved-for-outreach,,,,,
140084,VISTA MEDICAL CENTER EAST,IL,declared-update-date-over-365-days,Price transparency file: VISTA MEDICAL CENTER EAST (CCN 140084),Hello,,
We maintain an independent review of hospital price-transparency files. The standard-charges file at https://vistahealth.com//wp-content/uploads/2025/06/203978521_VISTA-MEDICAL-CENTER_standardcharges.csv declares last_updated_on 2025-03-31, more than 365 days before our check on 2026-09-09T10:37:18.008Z. Could you confirm whether a more current file exists and point us to it?,,,,,,
Recorded evidence: pointer https://vistahealth.com/cms-hpt.txt (HTTP 200); file https://vistahealth.com//wp-content/uploads/2025/06/203978521_VISTA-MEDICAL-CENTER_standardcharges.csv (HTTP 206); checked 2026-09-09T10:37:18.008Z.,,,,,,,
Thank you.,[not published],approved-for-outreach,,,,,
140114,SWEDISH HOSPITAL,IL,automated-file-access-denied,Price transparency file: SWEDISH HOSPITAL (CCN 140114),Hello,,
We maintain an independent review of hospital price-transparency files. Automated retrieval of https://www.endeavorhealth.org/362179813_1831151257_swedish-covenant-health_standardcharges.json is denied (HTTP 403) while your site publishes it. Could you whitelist automated access or provide a direct link?,,,,,,,
Recorded evidence: pointer  (HTTP n/a); file https://www.endeavorhealth.org/362179813_1831151257_swedish-covenant-health_standardcharges.json (HTTP 403); checked 2026-09-09T10:37:17.328Z.,,,,,,,
Thank you.,[not published],approved-for-outreach,,,,,
141302,MIDWEST MEDICAL CENTER,IL,declared-update-date-over-365-days,Price transparency file: MIDWEST MEDICAL CENTER (CCN 141302),Hello,,
We maintain an independent review of hospital price-transparency files. The standard-charges file at https://www.midwestmedicalcenter.org/content/pdfs/204560540_midwest-medical-center_standardcharges.csv declares last_updated_on 2025-01-02, more than 365 days before our check on 2026-09-09T10:37:31.993Z. Could you confirm whether a more current file exists and point us to it?,,,,,,
Recorded evidence: pointer https://www.midwestmedicalcenter.org/cms-hpt.txt (HTTP 206); file https://www.midwestmedicalcenter.org/content/pdfs/204560540_midwest-medical-center_standardcharges.csv (HTTP 206); checked 2026-09-09T10:37:31.993Z.,,,,,,,
Thank you.,[not published],approved-for-outreach,,,,,
141317,GIBSON COMMUNITY HOSPITAL,IL,template-version-older-than-3,Price transparency file: GIBSON COMMUNITY HOSPITAL (CCN 141317),Hello,,
We maintain an independent review of hospital price-transparency files. The file at https://www.gibsonhospital.org/file/2582/370647938_gibson-area-hospital_standardcharges.csv declares a current date (2026-01-27) but template version 2.0.0. Could you confirm whether it implements the CMS price-transparency data dictionary and whether an updated export is available?,,,,,,,
Recorded evidence: pointer https://gibsonhospital.org/cms-hpt.txt (HTTP 206); file https://www.gibsonhospital.org/file/2582/370647938_gibson-area-hospital_standardcharges.csv (HTTP 206); checked 2026-09-09T10:37:30.725Z.,,,,,,,
Thank you.,[not published],approved-for-outreach,,,,,
150011,MARION GENERAL HOSPITAL,IN,declared-file-format-unsupported,Price transparency file: MARION GENERAL HOSPITAL (CCN 150011),Hello,,
We maintain an independent review of hospital price-transparency files. The declared file at https://www.marionhealth.com/documents/35-0868130_Marion-General-Hospital_Standard-Charges.csv is an Excel workbook; CMS guidance asks for CSV or JSON. Could you publish it in a machine-readable format?,,,,,,,
Recorded evidence: pointer https://www.marionhealth.com/cms-hpt.txt (HTTP 206); file https://www.marionhealth.com/documents/35-0868130_Marion-General-Hospital_Standard-Charges.csv (HTTP 206); checked 2026-09-09T11:23:38.330Z.,,,,,,,
Thank you.,[not published],approved-for-outreach,,,,,
150065,SCHNECK MEDICAL CENTER,IN,declared-update-date-over-365-days,Price transparency file: SCHNECK MEDICAL CENTER (CCN 150065),Hello,,
We maintain an independent review of hospital price-transparency files. The standard-charges file at https://d188lfxfyq6i9j.cloudfront.net/general-uploads/PDF-Assets/35-1163135_Jackson-County-Schneck-Memorial-Hospital_standardcharges.csv declares last_updated_on 2024-01-24, more than 365 days before our check on 2026-09-09T10:07:27.789Z. Could you confirm whether a more current file exists and point us to it?,,,,,,
Recorded evidence: pointer https://www.schneckmed.org/cms-hpt.txt (HTTP 206); file https://d188lfxfyq6i9j.cloudfront.net/general-uploads/PDF-Assets/35-1163135_Jackson-County-Schneck-Memorial-Hospital_standardcharges.csv (HTTP 206); checked 2026-09-09T10:07:27.789Z.,,,,,,,
Thank you.,[not published],approved-for-outreach,,,,,
154008,NEURODIAGNOSTIC INSTITUTE,IN,template-version-older-than-3,Price transparency file: NEURODIAGNOSTIC INSTITUTE (CCN 154008),Hello,,
We maintain an independent review of hospital price-transparency files. The file at https://www.in.gov/fssa/dmha/files/356000158-Neurodiagnostic-Institute_standardcharges.csv declares a current date (2026-01-13) but template version 2.0.0. Could you confirm whether it implements the CMS price-transparency data dictionary and whether an updated export is available?,,,,,,,
Recorded evidence: pointer https://www.in.gov/fssa/dmha/state-psychiatric-hospitals/cms-hpt.txt (HTTP 200); file https://www.in.gov/fssa/dmha/files/356000158-Neurodiagnostic-Institute_standardcharges.csv (HTTP 200); checked 2026-09-09T10:07:28.312Z.,,,,,,,
Thank you.,[not published],approved-for-outreach,,,,,
154009,HAMILTON CENTER INC,IN,template-version-older-than-3,Price transparency file: HAMILTON CENTER INC (CCN 154009),Hello,,
We maintain an independent review of hospital price-transparency files. The file at https://www.hamiltoncenter.org/351140758_hamilton-center-inc-_standardcharges/ declares a current date (2026-02-09) but template version 2. Could you confirm whether it implements the CMS price-transparency data dictionary and whether an updated export is available?,,,,,,,
Recorded evidence: pointer https://hamiltoncenter.org/cms-hpt.txt (HTTP 206); file https://www.hamiltoncenter.org/351140758_hamilton-center-inc-_standardcharges/ (HTTP 206); checked 2026-09-09T10:07:29.682Z.,,,,,,,
Thank you.,[not published],approved-for-outreach,,,,,
154019,MADISON STATE HOSPITAL,IN,template-version-older-than-3,Price transparency file: MADISON STATE HOSPITAL (CCN 154019),Hello,,
We maintain an independent review of hospital price-transparency files. The file at https://www.in.gov/fssa/dmha/files/356000158-Madison-State-Hospital_standardcharges.csv declares a current date (2026-01-13) but template version 2.0.0. Could you confirm whether it implements the CMS price-transparency data dictionary and whether an updated export is available?,,,,,,,
Recorded evidence: pointer https://www.in.gov/fssa/dmha/state-psychiatric-hospitals/cms-hpt.txt (HTTP 200); file https://www.in.gov/fssa/dmha/files/356000158-Madison-State-Hospital_standardcharges.csv (HTTP 200); checked 2026-09-09T10:07:28.871Z.,,,,,,,
Thank you.,[not published],approved-for-outreach,,,,,
154050,NORTHEASTERN CENTER,IN,automated-file-access-denied,Price transparency file: NORTHEASTERN CENTER (CCN 154050),Hello,,
We maintain an independent review of hospital price-transparency files. Automated retrieval of https://www.nec.org/wp-content/uploads/2026/06/351403134_Northeastern-Center_standardcharges-1.csv is denied (HTTP 403) while your site publishes it. Could you whitelist automated access or provide a direct link?,,,,,,,
Recorded evidence: pointer https://nec.org/cms-hpt.txt (HTTP 403); file https://www.nec.org/wp-content/uploads/2026/06/351403134_Northeastern-Center_standardcharges-1.csv (HTTP 403); checked 2026-09-09T10:07:28.568Z.,,,,,,,
Thank you.,[not published],approved-for-outreach,,,,,
154056,EVANSVILLE STATE HOSPITAL,IN,template-version-older-than-3,Price transparency file: EVANSVILLE STATE HOSPITAL (CCN 154056),Hello,,
We maintain an independent review of hospital price-transparency files. The file at https://www.in.gov/fssa/dmha/files/356000158-Evansville-State-Hospital_standardcharges.csv declares a current date (2026-01-13) but template version 2.0.0. Could you confirm whether it implements the CMS price-transparency data dictionary and whether an updated export is available?,,,,,,,
Recorded evidence: pointer https://www.in.gov/fssa/dmha/state-psychiatric-hospitals/cms-hpt.txt (HTTP 200); file https://www.in.gov/fssa/dmha/files/356000158-Evansville-State-Hospital_standardcharges.csv (HTTP 200); checked 2026-09-09T10:07:29.038Z.,,,,,,,
Thank you.,[not published],approved-for-outreach,,,,,
161321,AVERA MERRILL PIONEER HOSPITAL,IA,template-version-unrecognized,Price transparency file: AVERA MERRILL PIONEER HOSPITAL (CCN 161321),Hello,,
We maintain an independent review of hospital price-transparency files. The file at https://www.avera.org/app/files/public/7aa7f6a3-0114-4d9f-8a0e-2db3ad03c7dd/460224743_avera-merrill-pioneer-hospital_standardcharges.csv declares template version 4.0.0, which this review does not recognize; its update date (2026-04-01) and facility identity are otherwise current. Could you confirm which CMS data dictionary version it implements?,,,,,,
Recorded evidence: pointer http://www.avera.org/cms-hpt.txt (HTTP 403); file https://www.avera.org/app/files/public/7aa7f6a3-0114-4d9f-8a0e-2db3ad03c7dd/460224743_avera-merrill-pioneer-hospital_standardcharges.csv (HTTP 206); checked 2026-09-09T13:11:15.137Z.,,,,,,,
Thank you.,[not published],approved-for-outreach,,,,,
161328,REGIONAL HEALTH SERVICES OF HOWARD COUNTY,IA,template-version-unrecognized,Price transparency file: REGIONAL HEALTH SERVICES OF HOWARD COUNTY (CCN 161328),Hello,,
We maintain an independent review of hospital price-transparency files. The file at https://www.avera.org/app/files/public/06b4439e-7691-48e5-8a36-dfa10af3b756/421021780_regional-health-services-of-howard-county_standardcharges.csv declares template version 4.0.0, which this review does not recognize; its update date (2026-04-01) and facility identity are otherwise current. Could you confirm which CMS data dictionary version it implements?,,,,,,
Recorded evidence: pointer http://www.avera.org/cms-hpt.txt (HTTP 403); file https://www.avera.org/app/files/public/06b4439e-7691-48e5-8a36-dfa10af3b756/421021780_regional-health-services-of-howard-county_standardcharges.csv (HTTP 206); checked 2026-09-09T13:11:15.154Z.,,,,,,,
Thank you.,[not published],approved-for-outreach,,,,,
161336,HEGG MEMORIAL HEALTH CENTER,IA,template-version-unrecognized,Price transparency file: HEGG MEMORIAL HEALTH CENTER (CCN 161336),Hello,,
We maintain an independent review of hospital price-transparency files. The file at https://www.avera.org/app/files/public/ea25130d-fb76-4a5e-b172-c715eb46b09c/420932564_hegg-health-center_standardcharges.csv declares template version 4.0.0, which this review does not recognize; its update date (2026-04-01) and facility identity are otherwise current. Could you confirm which CMS data dictionary version it implements?,,,,,,
Recorded evidence: pointer http://www.avera.org/cms-hpt.txt (HTTP 403); file https://www.avera.org/app/files/public/ea25130d-fb76-4a5e-b172-c715eb46b09c/420932564_hegg-health-center_standardcharges.csv (HTTP 206); checked 2026-09-09T13:11:15.161Z.,,,,,,,
Thank you.,[not published],approved-for-outreach,,,,,
161346,SIOUX CENTER HEALTH,IA,template-version-unrecognized,Price transparency file: SIOUX CENTER HEALTH (CCN 161346),Hello,,
We maintain an independent review of hospital price-transparency files. The file at https://www.avera.org/app/files/public/585a0692-fcbb-4692-9f7b-1796a5fa2559/420796764_sioux-center-health_standardcharges.csv declares template version 4.0.0, which this review does not recognize; its update date (2026-04-01) and facility identity are otherwise current. Could you confirm which CMS data dictionary version it implements?,,,,,,
Recorded evidence: pointer http://www.avera.org/cms-hpt.txt (HTTP 403); file https://www.avera.org/app/files/public/585a0692-fcbb-4692-9f7b-1796a5fa2559/420796764_sioux-center-health_standardcharges.csv (HTTP 206); checked 2026-09-09T13:11:15.177Z.,,,,,,,
Thank you.,[not published],approved-for-outreach,,,,,
161350,STEWART MEMORIAL COMMUNITY HOSPITAL,IA,automated-file-access-denied,Price transparency file: STEWART MEMORIAL COMMUNITY HOSPITAL (CCN 161350),Hello,,
We maintain an independent review of hospital price-transparency files. Automated retrieval of https://www.stewartmemorial.org/wp-content/uploads/2025/12/420860039_Stewart-Memorial-Community-Hospital_StandardCharges.csv is denied (HTTP 403) while your site publishes it. Could you whitelist automated access or provide a direct link?,,,,,,,
Recorded evidence: pointer https://stewartmemorial.org/cms-hpt.txt (HTTP 403); file https://www.stewartmemorial.org/wp-content/uploads/2025/12/420860039_Stewart-Memorial-Community-Hospital_StandardCharges.csv (HTTP 403); checked 2026-09-09T10:07:29.458Z.,,,,,,,
Thank you.,[not published],approved-for-outreach,,,,,
161351,AVERA HOLY FAMILY HOSPITAL,IA,template-version-unrecognized,Price transparency file: AVERA HOLY FAMILY HOSPITAL (CCN 161351),Hello,,
We maintain an independent review of hospital price-transparency files. The file at https://www.avera.org/app/files/public/613f57be-d5e6-4ac9-84b7-e886a47e46a2/420680370_avera-holy-family-hospital_standardcharges.csv declares template version 4.0.0, which this review does not recognize; its update date (2026-04-01) and facility identity are otherwise current. Could you confirm which CMS data dictionary version it implements?,,,,,,
Recorded evidence: pointer http://www.avera.org/cms-hpt.txt (HTTP 403); file https://www.avera.org/app/files/public/613f57be-d5e6-4ac9-84b7-e886a47e46a2/420680370_avera-holy-family-hospital_standardcharges.csv (HTTP 206); checked 2026-09-09T13:11:15.191Z.,,,,,,,
Thank you.,[not published],approved-for-outreach,,,,,
161359,BURGESS HEALTH CENTER,IA,pointer-declared-file-404,Price transparency file: BURGESS HEALTH CENTER (CCN 161359),Hello,,
We maintain an independent review of hospital price-transparency files. Your machine-readable pointer declares https://www.burgesshc.org/wp-content/uploads/2025/01/420859940_Burgess_StandardCharges.csv, which returns HTTP 404 on repeated checks. Could you restore the file or update the pointer?,,,,,,
Recorded evidence: pointer https://burgesshc.org/cms-hpt.txt (HTTP 206); file https://www.burgesshc.org/wp-content/uploads/2025/01/420859940_Burgess_StandardCharges.csv (HTTP 404); checked 2026-09-09T10:45:29.703Z.,,,,,,,
Thank you.,[not published],approved-for-outreach,,,,,
161368,FLOYD VALLEY HEALTHCARE,IA,template-version-unrecognized,Price transparency file: FLOYD VALLEY HEALTHCARE (CCN 161368),Hello,,
We maintain an independent review of hospital price-transparency files. The file at https://www.avera.org/app/files/public/718846f0-2571-438d-8c93-43650e7cefb8/420928451_floyd-valley-healthcare_standardcharges.csv declares template version 4.0.0, which this review does not recognize; its update date (2026-04-01) and facility identity are otherwise current. Could you confirm which CMS data dictionary version it implements?,,,,,,
Recorded evidence: pointer http://www.avera.org/cms-hpt.txt (HTTP 403); file https://www.avera.org/app/files/public/718846f0-2571-438d-8c93-43650e7cefb8/420928451_floyd-valley-healthcare_standardcharges.csv (HTTP 206); checked 2026-09-09T13:11:15.205Z.,,,,,,,
Thank you.,[not published],approved-for-outreach,,,,,
170017,SUSAN B ALLEN MEMORIAL HOSPITAL,KS,declared-update-date-over-365-days,Price transparency file: SUSAN B ALLEN MEMORIAL HOSPITAL (CCN 170017),Hello,,
We maintain an independent review of hospital price-transparency files. The standard-charges file at https://apim.services.craneware.com/api-pricing-transparency/api/public/8a15f8f47eb640c1696af37b6c70ac7c/charges/mrf declares last_updated_on 2025-05-27, more than 365 days before our check on 2026-09-09T10:07:30.787Z. Could you confirm whether a more current file exists and point us to it?,,,,,,
Recorded evidence: pointer https://www.sbamh.com/cms-hpt.txt (HTTP 206); file https://apim.services.craneware.com/api-pricing-transparency/api/public/8a15f8f47eb640c1696af37b6c70ac7c/charges/mrf (HTTP 200); checked 2026-09-09T10:07:30.787Z.,,,,,,,
Thank you.,[not published],approved-for-outreach,,,,,
170183,KANSAS SURGERY & RECOVERY CENTER,KS,declared-update-date-over-365-days,Price transparency file: KANSAS SURGERY & RECOVERY CENTER (CCN 170183),Hello,,
We maintain an independent review of hospital price-transparency files. The standard-charges file at https://irp.cdn-website.com/fa377abf/files/uploaded/481148580_kansas-surgery---recovery-center-llc_standardcharges.csv declares last_updated_on 2025-03-25, more than 365 days before our check on 2026-09-09T10:07:30.859Z. Could you confirm whether a more current file exists and point us to it?,,,,,,
Recorded evidence: pointer https://irp.cdn-website.com/fa377abf/files/uploaded/cms-hpt202504.txt (HTTP 206); file https://irp.cdn-website.com/fa377abf/files/uploaded/481148580_kansas-surgery---recovery-center-llc_standardcharges.csv (HTTP 206); checked 2026-09-09T10:07:30.859Z.,,,,,,,
Thank you.,[not published],approved-for-outreach,,,,,
171321,MEADE DISTRICT HOSPITAL,KS,declared-update-date-over-365-days,Price transparency file: MEADE DISTRICT HOSPITAL (CCN 171321),Hello,,
We maintain an independent review of hospital price-transparency files. The standard-charges file at https://a9a4b96f-06fd-48d5-afab-60ad79a55e97.filesusr.com/ugd/3293c1_b634e2c6081e4736bc6956dddef01d94.json?dn=480966086_Meade%20District%20Hospital_standardcharges%20(3).json declares last_updated_on 2024-12-31, more than 365 days before our check on 2026-09-09T10:07:31.143Z. Could you confirm whether a more current file exists and point us to it?,,,,,,
Recorded evidence: pointer https://3293c1a2-894d-4ca5-9b72-fc018865f82e.usrfiles.com/ugd/3293c1_0c176796799b488382354a99e253f472.txt (HTTP 206); file https://a9a4b96f-06fd-48d5-afab-60ad79a55e97.filesusr.com/ugd/3293c1_b634e2c6081e4736bc6956dddef01d94.json?dn=480966086_Meade%20District%20Hospital_standardcharges%20(3).json (HTTP 206); checked 2026-09-09T10:07:31.143Z.,,,,,,,
Thank you.,[not published],approved-for-outreach,,,,,
171359,GREELEY COUNTY HEALTH SERVICES,KS,declared-update-date-over-365-days,Price transparency file: GREELEY COUNTY HEALTH SERVICES (CCN 171359),Hello,,
We maintain an independent review of hospital price-transparency files. The standard-charges file at https://greeley.health/wp-content/uploads/2025/03/30-0078435-1285742536_GreeleyCountyHealthServices_standardcharges.csv declares last_updated_on 2025-01-14, more than 365 days before our check on 2026-09-09T10:07:31.498Z. Could you confirm whether a more current file exists and point us to it?,,,,,,
Recorded evidence: pointer  (HTTP n/a); file https://greeley.health/wp-content/uploads/2025/03/30-0078435-1285742536_GreeleyCountyHealthServices_standardcharges.csv (HTTP 200); checked 2026-09-09T10:07:31.498Z.,,,,,,,
Thank you.,[not published],approved-for-outreach,,,,,
181309,CASEY COUNTY HOSPITAL,KY,template-version-older-than-3,Price transparency file: CASEY COUNTY HOSPITAL (CCN 181309),Hello,,
We maintain an independent review of hospital price-transparency files. The file at https://www.caseycountyhospital.com/Content/Uploads/caseycountyhospital.com/files/061705652_Casey-County-Hospital_standardcharges(1).csv declares a current date (2026-03-31) but template version 2.0.0. Could you confirm whether it implements the CMS price-transparency data dictionary and whether an updated export is available?,,,,,,,
Recorded evidence: pointer https://caseycountyhospital.com/cms-hpt.txt (HTTP 206); file https://www.caseycountyhospital.com/Content/Uploads/caseycountyhospital.com/files/061705652_Casey-County-Hospital_standardcharges(1).csv (HTTP 206); checked 2026-09-09T10:07:32.616Z.,,,,,,,
Thank you.,[not published],approved-for-outreach,,,,,
181321,WAYNE COUNTY HOSPITAL,KY,pointer-declared-file-404,Price transparency file: WAYNE COUNTY HOSPITAL (CCN 181321),Hello,,
We maintain an independent review of hospital price-transparency files. Your machine-readable pointer declares https://waynehospital.org/files/galleries/610847215_Wayne-County-Hospital_standardcharges.csv, which returns HTTP 404 on repeated checks. Could you restore the file or update the pointer?,,,,,,
Recorded evidence: pointer https://waynehospital.org/cms-hpt.txt (HTTP 206); file https://waynehospital.org/files/galleries/610847215_Wayne-County-Hospital_standardcharges.csv (HTTP 404); checked 2026-09-09T10:45:32.070Z.,,,,,,,
Thank you.,[not published],approved-for-outreach,,,,,
181325,JANE TODD CRAWFORD HOSPITAL,KY,template-version-older-than-3,Price transparency file: JANE TODD CRAWFORD HOSPITAL (CCN 181325),Hello,,
We maintain an independent review of hospital price-transparency files. The file at https://www.janetoddhospital.com/Content/Uploads/janetoddhospital.com/files/204474637_Jane-Todd-Crawford-Hospital_standardcharges.csv declares a current date (2026-03-31) but template version 2.0.0. Could you confirm whether it implements the CMS price-transparency data dictionary and whether an updated export is available?,,,,,,,
Recorded evidence: pointer https://janetoddhospital.com/cms-hpt.txt (HTTP 206); file https://www.janetoddhospital.com/Content/Uploads/janetoddhospital.com/files/204474637_Jane-Todd-Crawford-Hospital_standardcharges.csv (HTTP 206); checked 2026-09-09T10:07:32.975Z.,,,,,,,
Thank you.,[not published],approved-for-outreach,,,,,
181333,THE MEDICAL CENTER AT ALBANY,KY,declared-update-date-over-365-days,Price transparency file: THE MEDICAL CENTER AT ALBANY (CCN 181333),Hello,,
We maintain an independent review of hospital price-transparency files. The standard-charges file at https://medcenterhealth.org/charges/mca/ declares last_updated_on 2024-07-01, more than 365 days before our check on 2026-09-09T14:41:46.273Z. Could you confirm whether a more current file exists and point us to it?,,,,,,
Recorded evidence: pointer https://medcenterhealth.org/cms-hpt.txt (HTTP 200); file https://medcenterhealth.org/charges/mca/ (HTTP 206); checked 2026-09-09T14:41:46.273Z.,,,,,,,
Thank you.,[not published],approved-for-outreach,,,,,
190044,ACADIA GENERAL HOSPITAL,LA,file-declares-conflicting-license-state,Price transparency file: ACADIA GENERAL HOSPITAL (CCN 190044),Hello,,
We maintain an independent review of hospital price-transparency files. The file at https://ochsner-craft.s3.amazonaws.com/core/464958152_acadia-general-hospital-inc_standardcharges.csv.csv declares license state CA while your CMS enrollment lists LA; its name and address otherwise match exactly. Could you correct the license_state field?,,,,,,,
Recorded evidence: pointer https://www.ochsner.org/cms-hpt.txt (HTTP 206); file https://ochsner-craft.s3.amazonaws.com/core/464958152_acadia-general-hospital-inc_standardcharges.csv.csv (HTTP 206); checked 2026-09-09T10:45:09.068Z.,,,,,,,
Thank you.,[not published],approved-for-outreach,,,,,
190160,GLENWOOD REGIONAL MEDICAL CENTER,LA,declared-update-date-over-365-days,Price transparency file: GLENWOOD REGIONAL MEDICAL CENTER (CCN 190160),Hello,,
We maintain an independent review of hospital price-transparency files. The standard-charges file at https://glenwoodregional.org/pricetransparency/994786140_GlenwoodRegionalMedicalCenter_standardcharges.csv declares last_updated_on 2025-03-19, more than 365 days before our check on 2026-09-09T10:07:33.615Z. Could you confirm whether a more current file exists and point us to it?,,,,,,
Recorded evidence: pointer https://glenwoodregional.org/cms-hpt.txt (HTTP 200); file https://glenwoodregional.org/pricetransparency/994786140_GlenwoodRegionalMedicalCenter_standardcharges.csv (HTTP 206); checked 2026-09-09T10:07:33.615Z.,,,,,,,
Thank you.,[not published],approved-for-outreach,,,,,
190167,MERCY REGIONAL MEDICAL CENTER,LA,template-version-older-than-3,Price transparency file: MERCY REGIONAL MEDICAL CENTER (CCN 190167),Hello,,
We maintain an independent review of hospital price-transparency files. The file at https://mercyregionalmedical.com/824681222_MERCY-REGIONAL-MEDICAL-CENTER_standardcharges.csv declares a current date (2026-02-02) but template version 2.0.0. Could you confirm whether it implements the CMS price-transparency data dictionary and whether an updated export is available?,,,,,,,
Recorded evidence: pointer https://mercyregionalmedical.com/cms-hpt.txt (HTTP 206); file https://mercyregionalmedical.com/824681222_MERCY-REGIONAL-MEDICAL-CENTER_standardcharges.csv (HTTP 206); checked 2026-09-09T10:07:33.674Z.,,,,,,,
Thank you.,[not published],approved-for-outreach,,,,,
190190,CALDWELL MEMORIAL HOSPITAL, INC,LA,declared-update-date-over-365-days,Price transparency file: CALDWELL MEMORIAL HOSPITAL,hpt-obf:v1:gzAG-vRvM_Hz64fQ.o48g1d3YgIf9QHDdQhhEgA.D7YODJirXZHenrtB6DQKjQM,Hello
We maintain an independent review of hospital price-transparency files. The standard-charges file at https://www.mycaldwellmemorial.com/wp-content/uploads/2020/12/720878037_caldwell-memorial-hospital_standardcharges.csv declares last_updated_on 2024-06-27, more than 365 days before our check on 2026-09-09T10:07:34.070Z. Could you confirm whether a more current file exists and point us to it?,,,,,,
Recorded evidence: pointer https://mycaldwellmemorial.com/cms-hpt.txt (HTTP 206); file https://www.mycaldwellmemorial.com/wp-content/uploads/2020/12/720878037_caldwell-memorial-hospital_standardcharges.csv (HTTP 206); checked 2026-09-09T10:07:34.070Z.,,,,,,,
Thank you.,[not published],approved-for-outreach,,,,,
190319,ALEXANDRIA HOSPITAL,LA,template-version-older-than-3,Price transparency file: ALEXANDRIA HOSPITAL (CCN 190319),Hello,,
We maintain an independent review of hospital price-transparency files. The file at https://www.alexandriaer.com/wp-content/uploads/2025/10/821295425_alexandria-hospital-llc_standardcharges-1in.csv declares a current date (2025-10-10) but template version 2.1.0. Could you confirm whether it implements the CMS price-transparency data dictionary and whether an updated export is available?,,,,,,,
Recorded evidence: pointer https://alexandriaer.com/cms-hpt.txt (HTTP 200); file https://www.alexandriaer.com/wp-content/uploads/2025/10/821295425_alexandria-hospital-llc_standardcharges-1in.csv (HTTP 200); checked 2026-09-09T10:45:49.396Z.,,,,,,,
Thank you.,[not published],approved-for-outreach,,,,,
194074,SERENITY SPRINGS SPECIALTY HOSPITAL,LA,declared-update-date-over-365-days,Price transparency file: SERENITY SPRINGS SPECIALTY HOSPITAL (CCN 194074),Hello,,
We maintain an independent review of hospital price-transparency files. The standard-charges file at https://rest.edit.site/filestorage-api-service/4a56fb3b641cb21ae28d316dd3efb637/price-transparency-tall-csv.csv declares last_updated_on 2024-10-14, more than 365 days before our check on 2026-09-09T10:37:42.855Z. Could you confirm whether a more current file exists and point us to it?,,,,,,
Recorded evidence: pointer https://serenityhospital.com/cms-hpt.txt (HTTP 206); file https://rest.edit.site/filestorage-api-service/4a56fb3b641cb21ae28d316dd3efb637/price-transparency-tall-csv.csv (HTTP 206); checked 2026-09-09T10:37:42.855Z.,,,,,,,
Thank you.,[not published],approved-for-outreach,,,,,
194102,BEACON BEHAVIORAL HOSPITAL, LLC,LA,automated-file-access-denied,Price transparency file: BEACON BEHAVIORAL HOSPITAL,hpt-obf:v1:piLln9vYwBx8V5B9.HpZi-qixlx5z2k9Ey-dYNQ.74wyY1W9ElCG5hPEVh20HDg,Hello
We maintain an independent review of hospital price-transparency files. Automated retrieval of https://beaconbh.com/wp-content/uploads/2026/04/853294019-273463367-1881996940_lutcher-hospital_standardcharges_2026.csv is denied (HTTP 403) while your site publishes it. Could you whitelist automated access or provide a direct link?,,,,,,,
Recorded evidence: pointer https://beaconbh.com/cms-hpt.txt (HTTP 403); file https://beaconbh.com/wp-content/uploads/2026/04/853294019-273463367-1881996940_lutcher-hospital_standardcharges_2026.csv (HTTP 403); checked 2026-09-09T10:07:37.779Z.,,,,,,,
Thank you.,[not published],approved-for-outreach,,,,,
194112,BEACON BEHAVIORAL HOSPITAL - CENTRAL,LA,template-version-older-than-3,Price transparency file: BEACON BEHAVIORAL HOSPITAL - CENTRAL (CCN 194112),Hello,,
We maintain an independent review of hospital price-transparency files. The file at https://beaconbh.com/wp-content/uploads/2026/04/853294005-320433074-1184044430_bunkie-hospital_standardcharges_2026.csv declares a current date (2025-10-01) but template version 2.0.0. Could you confirm whether it implements the CMS price-transparency data dictionary and whether an updated export is available?,,,,,,,
Recorded evidence: pointer https://beaconbh.com/cms-hpt.txt (HTTP 403); file https://beaconbh.com/wp-content/uploads/2026/04/853294005-320433074-1184044430_bunkie-hospital_standardcharges_2026.csv (HTTP 206); checked 2026-09-09T16:09:00.056Z.,,,,,,,
Thank you.,[not published],approved-for-outreach,,,,,
204005,MAINEHEALTH BEHAVIORAL HEALTH AT SPRING HARBOR,ME,declared-update-date-over-365-days,Price transparency file: MAINEHEALTH BEHAVIORAL HEALTH AT SPRING HARBOR (CCN 204005),Hello,,
We maintain an independent review of hospital price-transparency files. The standard-charges file at https://sthpiprd.blob.core.windows.net/machine-readable-files/8065/010238552-1598798787_mainehealth_standardcharges.csv declares last_updated_on 2025-08-12, more than 365 days before our check on 2026-09-09T10:07:38.871Z. Could you confirm whether a more current file exists and point us to it?,,,,,,
Recorded evidence: pointer https://www.mainehealth.org/cms-hpt.txt (HTTP 206); file https://sthpiprd.blob.core.windows.net/machine-readable-files/8065/010238552-1598798787_mainehealth_standardcharges.csv (HTTP 206); checked 2026-09-09T10:07:38.871Z.,,,,,,,
Thank you.,[not published],approved-for-outreach,,,,,
210005,FREDERICK HEALTH HOSPITAL,MD,declared-update-date-over-365-days,Price transparency file: FREDERICK HEALTH HOSPITAL (CCN 210005),Hello,,
We maintain an independent review of hospital price-transparency files. The standard-charges file at https://www.frederickhealth.org/documents/billing%20and%20finance/52-0591612_FrederickHealthHospital_standardcharges.csv declares last_updated_on 2025-03-17, more than 365 days before our check on 2026-09-09T10:07:37.645Z. Could you confirm whether a more current file exists and point us to it?,,,,,,
Recorded evidence: pointer https://www.frederickhealth.org/cms-hpt.txt (HTTP 206); file https://www.frederickhealth.org/documents/billing%20and%20finance/52-0591612_FrederickHealthHospital_standardcharges.csv (HTTP 206); checked 2026-09-09T10:07:37.645Z.,,,,,,,
Thank you.,[not published],approved-for-outreach,,,,,
210009,JOHNS HOPKINS HOSPITAL, THE,MD,declared-update-date-over-365-days,Price transparency file: JOHNS HOPKINS HOSPITAL,hpt-obf:v1:Lx8Z0NkPYz2uONTn.VPLmLHTx4LukEus4MqMK7w.Dodwu_k7dM4_ODXROIjk6rQ,Hello
We maintain an independent review of hospital price-transparency files. The standard-charges file at https://jhm-web-assets.s3.amazonaws.com/hopkinsmedicine/prod/charge-fees/520591656_JohnsHopkinsHospital_standardcharges.csv declares last_updated_on 2025-07-01, more than 365 days before our check on 2026-09-09T10:07:38.055Z. Could you confirm whether a more current file exists and point us to it?,,,,,,
Recorded evidence: pointer  (HTTP n/a); file https://jhm-web-assets.s3.amazonaws.com/hopkinsmedicine/prod/charge-fees/520591656_JohnsHopkinsHospital_standardcharges.csv (HTTP 206); checked 2026-09-09T10:07:38.055Z.,,,,,,,
Thank you.,[not published],approved-for-outreach,,,,,
210022,SUBURBAN HOSPITAL,MD,declared-update-date-over-365-days,Price transparency file: SUBURBAN HOSPITAL (CCN 210022),Hello,,
We maintain an independent review of hospital price-transparency files. The standard-charges file at https://jhm-web-assets.s3.amazonaws.com/hopkinsmedicine/prod/charge-fees/520610545_SuburbanHospital_standardcharges.csv declares last_updated_on 2025-07-01, more than 365 days before our check on 2026-09-09T10:07:38.903Z. Could you confirm whether a more current file exists and point us to it?,,,,,,
Recorded evidence: pointer  (HTTP n/a); file https://jhm-web-assets.s3.amazonaws.com/hopkinsmedicine/prod/charge-fees/520610545_SuburbanHospital_standardcharges.csv (HTTP 206); checked 2026-09-09T10:07:38.903Z.,,,,,,,
Thank you.,[not published],approved-for-outreach,,,,,
210023,LUMINIS HEALTH ANNE ARUNDEL MEDICAL CENTER, INC,MD,template-version-older-than-3,Price transparency file: LUMINIS HEALTH ANNE ARUNDEL MEDICAL CENTER,hpt-obf:v1:Yq76gz__tHq8OTqy.ciZYb8y5R5hWwszHMRzRdw.WaSMrPkPvdfisW0Nrh76dEU,Hello
We maintain an independent review of hospital price-transparency files. The file at https://www.luminishealth.org/sites/default/files/2026-01/1477517225_annearundelmedicalcenter_standardcharges.csv declares a current date (2026-01-15) but template version 2.0.0. Could you confirm whether it implements the CMS price-transparency data dictionary and whether an updated export is available?,,,,,,,
Recorded evidence: pointer https://www.luminishealth.org/sites/default/files/2026-01/cms-hpt.txt (HTTP 206); file https://www.luminishealth.org/sites/default/files/2026-01/1477517225_annearundelmedicalcenter_standardcharges.csv (HTTP 206); checked 2026-09-09T10:07:38.104Z.,,,,,,,
Thank you.,[not published],approved-for-outreach,,,,,
210029,JOHNS HOPKINS BAYVIEW MEDICAL CENTER,MD,declared-update-date-over-365-days,Price transparency file: JOHNS HOPKINS BAYVIEW MEDICAL CENTER (CCN 210029),Hello,,
We maintain an independent review of hospital price-transparency files. The standard-charges file at https://jhm-web-assets.s3.amazonaws.com/hopkinsmedicine/prod/charge-fees/521341890_JohnsHopkinsBayview_standardcharges.csv declares last_updated_on 2025-07-01, more than 365 days before our check on 2026-09-09T10:07:39.442Z. Could you confirm whether a more current file exists and point us to it?,,,,,,
Recorded evidence: pointer  (HTTP n/a); file https://jhm-web-assets.s3.amazonaws.com/hopkinsmedicine/prod/charge-fees/521341890_JohnsHopkinsBayview_standardcharges.csv (HTTP 206); checked 2026-09-09T10:07:39.442Z.,,,,,,,
Thank you.,[not published],approved-for-outreach,,,,,
210048,JOHNS HOPKINS HOWARD COUNTY MEDICAL CENTER,MD,declared-update-date-over-365-days,Price transparency file: JOHNS HOPKINS HOWARD COUNTY MEDICAL CENTER (CCN 210048),Hello,,
We maintain an independent review of hospital price-transparency files. The standard-charges file at https://jhm-web-assets.s3.amazonaws.com/hopkinsmedicine/prod/charge-fees/522093120_HowardCountyGeneralHospital_standardcharges.csv declares last_updated_on 2025-07-01, more than 365 days before our check on 2026-09-09T10:07:39.949Z. Could you confirm whether a more current file exists and point us to it?,,,,,,
Recorded evidence: pointer  (HTTP n/a); file https://jhm-web-assets.s3.amazonaws.com/hopkinsmedicine/prod/charge-fees/522093120_HowardCountyGeneralHospital_standardcharges.csv (HTTP 206); checked 2026-09-09T10:07:39.949Z.,,,,,,,
Thank you.,[not published],approved-for-outreach,,,,,
210051,LUMINIS HEALTH DOCTORS COMMUNITY MEDICAL CTR, INC,MD,template-version-older-than-3,Price transparency file: LUMINIS HEALTH DOCTORS COMMUNITY MEDICAL CTR,hpt-obf:v1:G9dK2D8kMlGkwSnx.95c9jCJtdsGOQUm4cgqrcw.EEjoj2sNNp-US3BZ-i3xA5Y,Hello
We maintain an independent review of hospital price-transparency files. The file at https://www.luminishealth.org/sites/default/files/2026-01/1730136532_doctorscommunitymedicalcenter_standardcharges.csv declares a current date (2026-01-15) but template version 2.0.0. Could you confirm whether it implements the CMS price-transparency data dictionary and whether an updated export is available?,,,,,,,
Recorded evidence: pointer https://www.luminishealth.org/sites/default/files/2026-01/cms-hpt.txt (HTTP 206); file https://www.luminishealth.org/sites/default/files/2026-01/1730136532_doctorscommunitymedicalcenter_standardcharges.csv (HTTP 206); checked 2026-09-09T10:07:39.406Z.,,,,,,,
Thank you.,[not published],approved-for-outreach,,,,,
214020,LUMINIS HEALTH J KENT MCNEW FAMILY MEDICAL CENTER,MD,template-version-older-than-3,Price transparency file: LUMINIS HEALTH J KENT MCNEW FAMILY MEDICAL CENTER (CCN 214020),Hello,,
We maintain an independent review of hospital price-transparency files. The file at https://www.luminishealth.org/sites/default/files/2026-01/1780236992_jkentmcnewfamilymedicalcenter_standardcharges.csv declares a current date (2026-01-15) but template version 2.0.0. Could you confirm whether it implements the CMS price-transparency data dictionary and whether an updated export is available?,,,,,,,
Recorded evidence: pointer https://www.luminishealth.org/sites/default/files/2026-01/cms-hpt.txt (HTTP 206); file https://www.luminishealth.org/sites/default/files/2026-01/1780236992_jkentmcnewfamilymedicalcenter_standardcharges.csv (HTTP 206); checked 2026-09-09T10:07:39.770Z.,,,,,,,
Thank you.,[not published],approved-for-outreach,,,,,
220095,HEYWOOD HOSPITAL -,MA,declared-update-date-over-365-days,Price transparency file: HEYWOOD HOSPITAL - (CCN 220095),Hello,,
We maintain an independent review of hospital price-transparency files. The standard-charges file at https://mrfs.hyvehealthcare.com/HeywoodHealthcare/042103581_heywood-hospital_standardcharges.json declares last_updated_on 2025-04-16, more than 365 days before our check on 2026-09-09T10:07:40.022Z. Could you confirm whether a more current file exists and point us to it?,,,,,,
Recorded evidence: pointer https://www.atholhospital.org/cms-hpt.txt (HTTP 206); file https://mrfs.hyvehealthcare.com/HeywoodHealthcare/042103581_heywood-hospital_standardcharges.json (HTTP 206); checked 2026-09-09T10:07:40.022Z.,,,,,,,
Thank you.,[not published],approved-for-outreach,,,,,
221303,ATHOL MEMORIAL HOSPITAL,MA,declared-update-date-over-365-days,Price transparency file: ATHOL MEMORIAL HOSPITAL (CCN 221303),Hello,,
We maintain an independent review of hospital price-transparency files. The standard-charges file at https://mrfs.hyvehealthcare.com/HeywoodHealthcare/042126583_athol-memorial-hospital_standardcharges.json declares last_updated_on 2025-04-16, more than 365 days before our check on 2026-09-09T10:07:40.710Z. Could you confirm whether a more current file exists and point us to it?,,,,,,
Recorded evidence: pointer https://www.atholhospital.org/cms-hpt.txt (HTTP 206); file https://mrfs.hyvehealthcare.com/HeywoodHealthcare/042126583_athol-memorial-hospital_standardcharges.json (HTTP 206); checked 2026-09-09T10:07:40.710Z.,,,,,,,
Thank you.,[not published],approved-for-outreach,,,,,
230208,UNIVERSITY OF MICHIGAN HEALTH-SPARROW CARSON,MI,file-declares-conflicting-license-state,Price transparency file: UNIVERSITY OF MICHIGAN HEALTH-SPARROW CARSON (CCN 230208),Hello,,
We maintain an independent review of hospital price-transparency files. The file at https://www.uofmhealthsparrow.org/sites/default/files/2026-03/um-health-sparrow-carson-machine-readable-file-03-31-2026.csv declares license state CA while your CMS enrollment lists MI; its name and address otherwise match exactly. Could you correct the license_state field?,,,,,,,
Recorded evidence: pointer https://www.uofmhealthsparrow.org/cms-hpt.txt (HTTP 200); file https://www.uofmhealthsparrow.org/sites/default/files/2026-03/um-health-sparrow-carson-machine-readable-file-03-31-2026.csv (HTTP 206); checked 2026-09-09T10:07:42.256Z.,,,,,,,
Thank you.,[not published],approved-for-outreach,,,,,
230217,OAKLAWN HOSPITAL,MI,pointer-declared-file-404,Price transparency file: OAKLAWN HOSPITAL (CCN 230217),Hello,,
We maintain an independent review of hospital price-transparency files. Your machine-readable pointer declares https://oaklawnhospital.org/381368347_ella-em-brown-charitable-circle-dba-oaklawn-hospital_standardcharges.csv.zip, which returns HTTP 404 on repeated checks. Could you restore the file or update the pointer?,,,,,,
Recorded evidence: pointer https://oaklawnhospital.org/cms-hpt.txt (HTTP 206); file https://oaklawnhospital.org/381368347_ella-em-brown-charitable-circle-dba-oaklawn-hospital_standardcharges.csv.zip (HTTP 404); checked 2026-09-09T10:07:42.543Z.,,,,,,,
Thank you.,[not published],approved-for-outreach,,,,,
230275,HEALTHSOURCE SAGINAW,MI,template-version-older-than-3,Price transparency file: HEALTHSOURCE SAGINAW (CCN 230275),Hello,,
We maintain an independent review of hospital price-transparency files. The file at https://www.healthsourcesaginaw.org/wp-content/uploads/2026/01/386004889_healthsource-saginaw_standardcharges.csv declares a current date (2026-01-06) but template version 2.0.0. Could you confirm whether it implements the CMS price-transparency data dictionary and whether an updated export is available?,,,,,,,
Recorded evidence: pointer https://healthsourcesaginaw.org/cms-hpt.txt (HTTP 206); file https://www.healthsourcesaginaw.org/wp-content/uploads/2026/01/386004889_healthsource-saginaw_standardcharges.csv (HTTP 206); checked 2026-09-09T10:07:42.837Z.,,,,,,,
Thank you.,[not published],approved-for-outreach,,,,,
231311,DECKERVILLE COMMUNITY HOSPITAL,MI,declared-update-date-over-365-days,Price transparency file: DECKERVILLE COMMUNITY HOSPITAL (CCN 231311),Hello,,
We maintain an independent review of hospital price-transparency files. The standard-charges file at https://aspirerhs.org/wp-content/uploads/2024/07/381415390_deckerville-community-hospital_standardcharges.csv declares last_updated_on 2025-01-15, more than 365 days before our check on 2026-09-09T10:07:43.129Z. Could you confirm whether a more current file exists and point us to it?,,,,,,
Recorded evidence: pointer https://aspirerhs.org/cms-hpt.txt (HTTP 206); file https://aspirerhs.org/wp-content/uploads/2024/07/381415390_deckerville-community-hospital_standardcharges.csv (HTTP 206); checked 2026-09-09T10:07:43.129Z.,,,,,,,
Thank you.,[not published],approved-for-outreach,,,,,
231314,MCKENZIE HEALTH SYSTEM,MI,declared-update-date-over-365-days,Price transparency file: MCKENZIE HEALTH SYSTEM (CCN 231314),Hello,,
We maintain an independent review of hospital price-transparency files. The standard-charges file at https://www.mckenziehealth.org/documents/content/standard%20charges/381738615_McKenzie-Memorial-Hospital_standardcharges.csv declares last_updated_on 2025-05-31, more than 365 days before our check on 2026-09-09T10:07:43.502Z. Could you confirm whether a more current file exists and point us to it?,,,,,,
Recorded evidence: pointer https://www.mckenziehealth.org/cms-hpt.txt (HTTP 206); file https://www.mckenziehealth.org/documents/content/standard%20charges/381738615_McKenzie-Memorial-Hospital_standardcharges.csv (HTTP 206); checked 2026-09-09T10:07:43.502Z.,,,,,,,
Thank you.,[not published],approved-for-outreach,,,,,
231316,HILLS & DALES GENERAL HOSPITAL,MI,declared-update-date-over-365-days,Price transparency file: HILLS & DALES GENERAL HOSPITAL (CCN 231316),Hello,,
We maintain an independent review of hospital price-transparency files. The standard-charges file at https://aspirerhs.org/wp-content/uploads/2024/07/381619577_hills-and-dales-general-hospital_standardcharges.csv declares last_updated_on 2025-01-01, more than 365 days before our check on 2026-09-09T10:07:44.249Z. Could you confirm whether a more current file exists and point us to it?,,,,,,
Recorded evidence: pointer https://aspirerhs.org/cms-hpt.txt (HTTP 206); file https://aspirerhs.org/wp-content/uploads/2024/07/381619577_hills-and-dales-general-hospital_standardcharges.csv (HTTP 206); checked 2026-09-09T10:07:44.249Z.,,,,,,,
Thank you.,[not published],approved-for-outreach,,,,,
231318,ASPIRUS IRON RIVER HOSPITAL & CLINICS, INC,MI,declared-update-date-over-365-days,Price transparency file: ASPIRUS IRON RIVER HOSPITAL & CLINICS,hpt-obf:v1:uwKhNhZrOe4BzTO6.T0yXFpESM9h_oYXsiSLFXQ.BvbWA4oNgZqWG87SkbiL0Ws,Hello
We maintain an independent review of hospital price-transparency files. The standard-charges file at https://www.aspirus.org/Uploads/Public/Documents/PriceEstimate/TransparencyFY26/383236977_aspirus-iron-river-hospital_standardcharges.json declares last_updated_on 2025-07-01, more than 365 days before our check on 2026-09-09T10:07:49.782Z. Could you confirm whether a more current file exists and point us to it?,,,,,,
Recorded evidence: pointer https://www.aspirus.org/cms-hpt.txt (HTTP 200); file https://www.aspirus.org/Uploads/Public/Documents/PriceEstimate/TransparencyFY26/383236977_aspirus-iron-river-hospital_standardcharges.json (HTTP 206); checked 2026-09-09T10:07:49.782Z.,,,,,,,
Thank you.,[not published],approved-for-outreach,,,,,
231319,ASPIRUS KEWEENAW HOSPITAL AND CLINICS,MI,declared-update-date-over-365-days,Price transparency file: ASPIRUS KEWEENAW HOSPITAL AND CLINICS (CCN 231319),Hello,,
We maintain an independent review of hospital price-transparency files. The standard-charges file at https://www.aspirus.org/Uploads/Public/Documents/PriceEstimate/TransparencyFY26/381443361_aspirus-keweenaw-hospital_standardcharges.json declares last_updated_on 2025-07-01, more than 365 days before our check on 2026-09-09T10:08:00.745Z. Could you confirm whether a more current file exists and point us to it?,,,,,,
Recorded evidence: pointer https://www.aspirus.org/cms-hpt.txt (HTTP 200); file https://www.aspirus.org/Uploads/Public/Documents/PriceEstimate/TransparencyFY26/381443361_aspirus-keweenaw-hospital_standardcharges.json (HTTP 206); checked 2026-09-09T10:08:00.745Z.,,,,,,,
Thank you.,[not published],approved-for-outreach,,,,,
231326,UNIVERSITY OF MICHIGAN HEALTH- SPARROW CLINTON,MI,file-declares-conflicting-license-state,Price transparency file: UNIVERSITY OF MICHIGAN HEALTH- SPARROW CLINTON (CCN 231326),Hello,,
We maintain an independent review of hospital price-transparency files. The file at https://www.uofmhealthsparrow.org/sites/default/files/2026-03/um-health-sparrow-clinton-machine-readable-file-03-31-2026.csv declares license state CA while your CMS enrollment lists MI; its name and address otherwise match exactly. Could you correct the license_state field?,,,,,,,
Recorded evidence: pointer https://www.uofmhealthsparrow.org/cms-hpt.txt (HTTP 200); file https://www.uofmhealthsparrow.org/sites/default/files/2026-03/um-health-sparrow-clinton-machine-readable-file-03-31-2026.csv (HTTP 206); checked 2026-09-09T10:07:43.645Z.,,,,,,,
Thank you.,[not published],approved-for-outreach,,,,,
231327,UNIVERSITY OF MICHIGAN HEALTH - SPARROW EATON,MI,file-declares-conflicting-license-state,Price transparency file: UNIVERSITY OF MICHIGAN HEALTH - SPARROW EATON (CCN 231327),Hello,,
We maintain an independent review of hospital price-transparency files. The file at https://www.uofmhealthsparrow.org/sites/default/files/2026-03/um-health-sparrow-eaton-machine-readable-file-03-31-2026.csv declares license state CA while your CMS enrollment lists MI; its name and address otherwise match exactly. Could you correct the license_state field?,,,,,,,
Recorded evidence: pointer https://www.uofmhealthsparrow.org/cms-hpt.txt (HTTP 200); file https://www.uofmhealthsparrow.org/sites/default/files/2026-03/um-health-sparrow-eaton-machine-readable-file-03-31-2026.csv (HTTP 206); checked 2026-09-09T10:07:43.905Z.,,,,,,,
Thank you.,[not published],approved-for-outreach,,,,,
231330,MARLETTE REGIONAL HOSPITAL,MI,declared-update-date-over-365-days,Price transparency file: MARLETTE REGIONAL HOSPITAL (CCN 231330),Hello,,
We maintain an independent review of hospital price-transparency files. The standard-charges file at https://aspirerhs.org/wp-content/uploads/2024/07/381507302_marlette-regional-hospital_standardcharges.csv declares last_updated_on 2025-01-25, more than 365 days before our check on 2026-09-09T10:07:51.858Z. Could you confirm whether a more current file exists and point us to it?,,,,,,
Recorded evidence: pointer https://aspirerhs.org/cms-hpt.txt (HTTP 206); file https://aspirerhs.org/wp-content/uploads/2024/07/381507302_marlette-regional-hospital_standardcharges.csv (HTTP 206); checked 2026-09-09T10:07:51.858Z.,,,,,,,
Thank you.,[not published],approved-for-outreach,,,,,
240047,ST LUKES HOSPITAL,MN,declared-update-date-over-365-days,Price transparency file: ST LUKES HOSPITAL (CCN 240047),Hello,,
We maintain an independent review of hospital price-transparency files. The standard-charges file at https://www.aspirus.org/Uploads/Public/Documents/PriceEstimate/TransparencyFY26/410714079_aspirus-st-lukes-hospital_standardcharges.json declares last_updated_on 2025-07-01, more than 365 days before our check on 2026-09-09T10:37:43.854Z. Could you confirm whether a more current file exists and point us to it?,,,,,,
Recorded evidence: pointer https://www.aspirus.org/cms-hpt.txt (HTTP 200); file https://www.aspirus.org/Uploads/Public/Documents/PriceEstimate/TransparencyFY26/410714079_aspirus-st-lukes-hospital_standardcharges.json (HTTP 206); checked 2026-09-09T10:37:43.854Z.,,,,,,,
Thank you.,[not published],approved-for-outreach,,,,,
241308,ASPIRUS LAKE VIEW HOSPITAL,MN,declared-update-date-over-365-days,Price transparency file: ASPIRUS LAKE VIEW HOSPITAL (CCN 241308),Hello,,
We maintain an independent review of hospital price-transparency files. The standard-charges file at https://www.aspirus.org/Uploads/Public/Documents/PriceEstimate/TransparencyFY26/410786046_aspirus-lake-view-hospital_standardcharges.json declares last_updated_on 2025-07-01, more than 365 days before our check on 2026-09-09T10:08:44.123Z. Could you confirm whether a more current file exists and point us to it?,,,,,,
Recorded evidence: pointer https://www.aspirus.org/cms-hpt.txt (HTTP 200); file https://www.aspirus.org/Uploads/Public/Documents/PriceEstimate/TransparencyFY26/410786046_aspirus-lake-view-hospital_standardcharges.json (HTTP 206); checked 2026-09-09T10:08:44.123Z.,,,,,,,
Thank you.,[not published],approved-for-outreach,,,,,
241320,RIVERVIEW HOSPITAL,MN,pointer-declared-file-404,Price transparency file: RIVERVIEW HOSPITAL (CCN 241320),Hello,,
We maintain an independent review of hospital price-transparency files. Your machine-readable pointer declares https://sthpiprd.blob.core.windows.net/machine-readable-files/7983/410724029_riverview-health-association_standardcharges.csv, which returns HTTP 404 on repeated checks. Could you restore the file or update the pointer?,,,,,,
Recorded evidence: pointer https://res.cloudinary.com/dpmykpsih/raw/upload/riverview-health-site-275/media/9122285d28014b6db6d3f86e0c095635/cms-hpt.txt (HTTP 206); file https://sthpiprd.blob.core.windows.net/machine-readable-files/7983/410724029_riverview-health-association_standardcharges.csv (HTTP 404); checked 2026-09-09T10:07:52.059Z.,,,,,,,
Thank you.,[not published],approved-for-outreach,,,,,
241343,AVERA GRANITE FALLS,MN,template-version-unrecognized,Price transparency file: AVERA GRANITE FALLS (CCN 241343),Hello,,
We maintain an independent review of hospital price-transparency files. The file at https://www.avera.org/app/files/public/1ca2d27a-5829-43e7-a1e5-2626ec33931a/843156881_avera-granite-falls-health-center_standardcharges.csv declares template version 4.0.0, which this review does not recognize; its update date (2026-04-01) and facility identity are otherwise current. Could you confirm which CMS data dictionary version it implements?,,,,,,
Recorded evidence: pointer http://www.avera.org/cms-hpt.txt (HTTP 403); file https://www.avera.org/app/files/public/1ca2d27a-5829-43e7-a1e5-2626ec33931a/843156881_avera-granite-falls-health-center_standardcharges.csv (HTTP 206); checked 2026-09-09T13:11:15.214Z.,,,,,,,
Thank you.,[not published],approved-for-outreach,,,,,
241348,AVERA TYLER HOSPITAL,MN,template-version-unrecognized,Price transparency file: AVERA TYLER HOSPITAL (CCN 241348),Hello,,
We maintain an independent review of hospital price-transparency files. The file at https://www.avera.org/app/files/public/30c119ee-35bd-417a-a15e-30ec553ee995/410853163_avera-tyler-hospital_standardcharges.csv declares template version 4.0.0, which this review does not recognize; its update date (2026-04-01) and facility identity are otherwise current. Could you confirm which CMS data dictionary version it implements?,,,,,,
Recorded evidence: pointer http://www.avera.org/cms-hpt.txt (HTTP 403); file https://www.avera.org/app/files/public/30c119ee-35bd-417a-a15e-30ec553ee995/410853163_avera-tyler-hospital_standardcharges.csv (HTTP 206); checked 2026-09-09T13:11:15.222Z.,,,,,,,
Thank you.,[not published],approved-for-outreach,,,,,
241374,PIPESTONE COUNTY  MEDICAL CENTER,MN,template-version-unrecognized,Price transparency file: PIPESTONE COUNTY  MEDICAL CENTER (CCN 241374),Hello,,
We maintain an independent review of hospital price-transparency files. The file at https://www.avera.org/app/files/public/6d849323-cf99-4a3e-afbc-49241f8e3b6f/411392082_pipestone-county-medical-center_standardcharges.csv declares template version 4.0.0, which this review does not recognize; its update date (2026-04-01) and facility identity are otherwise current. Could you confirm which CMS data dictionary version it implements?,,,,,,
Recorded evidence: pointer http://www.avera.org/cms-hpt.txt (HTTP 403); file https://www.avera.org/app/files/public/6d849323-cf99-4a3e-afbc-49241f8e3b6f/411392082_pipestone-county-medical-center_standardcharges.csv (HTTP 206); checked 2026-09-09T13:11:15.243Z.,,,,,,,
Thank you.,[not published],approved-for-outreach,,,,,
241377,ST FRANCIS MEDICAL CENTER,MN,pointer-declared-file-404,Price transparency file: ST FRANCIS MEDICAL CENTER (CCN 241377),Hello,,
We maintain an independent review of hospital price-transparency files. Your machine-readable pointer declares https://www.allinahealth.org/sitecore/service/notfound.aspx, which returns HTTP 404 on repeated checks. Could you restore the file or update the pointer?,,,,,,
Recorded evidence: pointer https://www.allinahealth.org/-/media/allina-health/files/customer-service/billing-and-insurance/price-transparency/price-transparency-txt-file.txt (HTTP 206); file https://www.allinahealth.org/sitecore/service/notfound.aspx (HTTP 404); checked 2026-09-09T10:47:18.153Z.,,,,,,,
Thank you.,[not published],approved-for-outreach,,,,,
250002,TISHOMINGO HEALTH SERVICES INC,MS,pointer-declared-file-404,Price transparency file: TISHOMINGO HEALTH SERVICES INC (CCN 250002),Hello,,
We maintain an independent review of hospital price-transparency files. Your machine-readable pointer declares https://apps.nmhs.net/files/pt_mrf/640741047_tishomingo-health-services-inc_standardcharges.json, which returns HTTP 404 on repeated checks. Could you restore the file or update the pointer?,,,,,,
Recorded evidence: pointer https://www.nmhs.net/cms-hpt.txt (HTTP 206); file https://apps.nmhs.net/files/pt_mrf/640741047_tishomingo-health-services-inc_standardcharges.json (HTTP 404); checked 2026-09-09T10:46:43.596Z.,,,,,,,
Thank you.,[not published],approved-for-outreach,,,,,
250004,NORTH MISSISSIPPI MEDICAL CENTER,MS,pointer-declared-file-404,Price transparency file: NORTH MISSISSIPPI MEDICAL CENTER (CCN 250004),Hello,,
We maintain an independent review of hospital price-transparency files. Your machine-readable pointer declares https://apps.nmhs.net/files/pt_mrf/640662976_north-mississippi-medical-center-inc_standardcharges.json, which returns HTTP 404 on repeated checks. Could you restore the file or update the pointer?,,,,,,
Recorded evidence: pointer https://www.nmhs.net/cms-hpt.txt (HTTP 206); file https://apps.nmhs.net/files/pt_mrf/640662976_north-mississippi-medical-center-inc_standardcharges.json (HTTP 404); checked 2026-09-09T10:46:42.191Z.,,,,,,,
Thank you.,[not published],approved-for-outreach,,,,,
250124,MAGEE GENERAL HOSPITAL,MS,declared-update-date-over-365-days,Price transparency file: MAGEE GENERAL HOSPITAL (CCN 250124),Hello,,
We maintain an independent review of hospital price-transparency files. The standard-charges file at https://mghosp.org/wp-content/uploads/2025/01/640324402_magee-benevolent-association_standardcharges.csv declares last_updated_on 2024-12-26, more than 365 days before our check on 2026-09-09T10:08:06.106Z. Could you confirm whether a more current file exists and point us to it?,,,,,,
Recorded evidence: pointer https://mghosp.org/cms-hpt.txt (HTTP 206); file https://mghosp.org/wp-content/uploads/2025/01/640324402_magee-benevolent-association_standardcharges.csv (HTTP 206); checked 2026-09-09T10:08:06.106Z.,,,,,,,
Thank you.,[not published],approved-for-outreach,,,,,
250162,OCHSNER MEDICAL CENTER-HANCOCK,MS,file-declares-conflicting-license-state,Price transparency file: OCHSNER MEDICAL CENTER-HANCOCK (CCN 250162),Hello,,
We maintain an independent review of hospital price-transparency files. The file at https://ochsner-craft.s3.amazonaws.com/core/822869576_ochsner-medical-center-%E2%80%93-hancock-llc_standardcharges.csv_2026-03-26-181953_akak.csv declares license state LA while your CMS enrollment lists MS; its name and address otherwise match exactly. Could you correct the license_state field?,,,,,,,
Recorded evidence: pointer https://www.ochsner.org/cms-hpt.txt (HTTP 206); file https://ochsner-craft.s3.amazonaws.com/core/822869576_ochsner-medical-center-%E2%80%93-hancock-llc_standardcharges.csv_2026-03-26-181953_akak.csv (HTTP 206); checked 2026-09-09T10:08:06.023Z.,,,,,,,
Thank you.,[not published],approved-for-outreach,,,,,
251307,NOXUBEE GENERAL CRITICAL ACCESS HOSP,MS,declared-update-date-over-365-days,Price transparency file: NOXUBEE GENERAL CRITICAL ACCESS HOSP (CCN 251307),Hello,,
We maintain an independent review of hospital price-transparency files. The standard-charges file at https://a27d8bef-da4e-4fa0-9e3b-83c28b7fb454.usrfiles.com/ugd/a27d8b_9d82b0e8a9ae4bb59d292b04e35ec2f1.csv declares last_updated_on 2024-11-01, more than 365 days before our check on 2026-09-09T10:08:06.569Z. Could you confirm whether a more current file exists and point us to it?,,,,,,
Recorded evidence: pointer https://a27d8bef-da4e-4fa0-9e3b-83c28b7fb454.usrfiles.com/ugd/a27d8b_6e61b042ac8e45d18f7bb55ad253b593.txt (HTTP 206); file https://a27d8bef-da4e-4fa0-9e3b-83c28b7fb454.usrfiles.com/ugd/a27d8b_9d82b0e8a9ae4bb59d292b04e35ec2f1.csv (HTTP 206); checked 2026-09-09T10:08:06.569Z.,,,,,,,
Thank you.,[not published],approved-for-outreach,,,,,
251316,OCHSNER WATKINS HOSPITAL,MS,file-declares-conflicting-license-state,Price transparency file: OCHSNER WATKINS HOSPITAL (CCN 251316),Hello,,
We maintain an independent review of hospital price-transparency files. The file at https://ochsner-craft.s3.amazonaws.com/core/640345119_rush-medical-foundation_standardcharges.csv_2026-03-26-190513_txgc.csv declares license state LA while your CMS enrollment lists MS; its name and address otherwise match exactly. Could you correct the license_state field?,,,,,,,
Recorded evidence: pointer https://www.ochsner.org/cms-hpt.txt (HTTP 206); file https://ochsner-craft.s3.amazonaws.com/core/640345119_rush-medical-foundation_standardcharges.csv_2026-03-26-190513_txgc.csv (HTTP 206); checked 2026-09-09T10:08:06.744Z.,,,,,,,
Thank you.,[not published],approved-for-outreach,,,,,
251317,SIMPSON GENERAL HOSPITAL CAH,MS,declared-update-date-over-365-days,Price transparency file: SIMPSON GENERAL HOSPITAL CAH (CCN 251317),Hello,,
We maintain an independent review of hospital price-transparency files. The standard-charges file at https://apps.para-hcfs.com/PTT/FinalLinks/Reports.aspx?dbName=dbSGHMENDENHALLMS&type=CDMWithoutLabel&fileType=CSV declares last_updated_on 2025-04-30, more than 365 days before our check on 2026-09-09T10:08:07.316Z. Could you confirm whether a more current file exists and point us to it?,,,,,,
Recorded evidence: pointer https://simpsongeneral.com/cms-hpt.txt (HTTP 206); file https://apps.para-hcfs.com/PTT/FinalLinks/Reports.aspx?dbName=dbSGHMENDENHALLMS&type=CDMWithoutLabel&fileType=CSV (HTTP 200); checked 2026-09-09T10:08:07.316Z.,,,,,,,
Thank you.,[not published],approved-for-outreach,,,,,
251322,OCHSNER LAIRD HOSPITAL,MS,file-declares-conflicting-license-state,Price transparency file: OCHSNER LAIRD HOSPITAL (CCN 251322),Hello,,
We maintain an independent review of hospital price-transparency files. The file at https://ochsner-craft.s3.amazonaws.com/core/201835779_laird-hospital-inc._standardcharges.csv_2026-03-26-184539_copb.csv declares license state LA while your CMS enrollment lists MS; its name and address otherwise match exactly. Could you correct the license_state field?,,,,,,,
Recorded evidence: pointer https://www.ochsner.org/cms-hpt.txt (HTTP 206); file https://ochsner-craft.s3.amazonaws.com/core/201835779_laird-hospital-inc._standardcharges.csv_2026-03-26-184539_copb.csv (HTTP 206); checked 2026-09-09T10:08:07.551Z.,,,,,,,
Thank you.,[not published],approved-for-outreach,,,,,
251337,TIPPAH COUNTY HOSPITAL,MS,automated-file-access-denied,Price transparency file: TIPPAH COUNTY HOSPITAL (CCN 251337),Hello,,
We maintain an independent review of hospital price-transparency files. Automated retrieval of https://www.tippahcountyhospital.com/assets/Uploads/646001350_tippah-county-hospital_standardcharges.csv?vid=3 is denied (HTTP 403) while your site publishes it. Could you whitelist automated access or provide a direct link?,,,,,,,
Recorded evidence: pointer https://tippahcountyhospital.com/cms-hpt.txt (HTTP 403); file https://www.tippahcountyhospital.com/assets/Uploads/646001350_tippah-county-hospital_standardcharges.csv?vid=3 (HTTP 403); checked 2026-09-09T10:08:07.340Z.,,,,,,,
Thank you.,[not published],approved-for-outreach,,,,,
260025,HANNIBAL REGIONAL HOSPITAL,MO,pointer-declared-file-404,Price transparency file: HANNIBAL REGIONAL HOSPITAL (CCN 260025),Hello,,
We maintain an independent review of hospital price-transparency files. Your machine-readable pointer declares https://sthpiprd.blob.core.windows.net/machine-readable-files/8042/430662495_hannibal-regional-hospital_standardcharges.csv, which returns HTTP 404 on repeated checks. Could you restore the file or update the pointer?,,,,,,
Recorded evidence: pointer https://www.hannibalregional.org/cms-hpt.txt (HTTP 206); file https://sthpiprd.blob.core.windows.net/machine-readable-files/8042/430662495_hannibal-regional-hospital_standardcharges.csv (HTTP 404); checked 2026-09-09T10:08:07.522Z.,,,,,,,
Thank you.,[not published],approved-for-outreach,,,,,
260061,NEVADA REGIONAL MEDICAL CENTER,MO,declared-update-date-over-365-days,Price transparency file: NEVADA REGIONAL MEDICAL CENTER (CCN 260061),Hello,,
We maintain an independent review of hospital price-transparency files. The standard-charges file at https://www.nrmchealth.com/pricing-transparency-mrf-url declares last_updated_on 2025-01-14, more than 365 days before our check on 2026-09-09T10:08:20.332Z. Could you confirm whether a more current file exists and point us to it?,,,,,,
Recorded evidence: pointer https://irp.cdn-website.com/5b92682e/files/uploaded/cms-hpt-4ab8d9db.txt (HTTP 206); file https://www.nrmchealth.com/pricing-transparency-mrf-url (HTTP 206); checked 2026-09-09T10:08:20.332Z.,,,,,,,
Thank you.,[not published],approved-for-outreach,,,,,
260097,WESTERN MISSOURI MEDICAL CENTER,MO,declared-update-date-over-365-days,Price transparency file: WESTERN MISSOURI MEDICAL CENTER (CCN 260097),Hello,,
We maintain an independent review of hospital price-transparency files. The standard-charges file at https://wmmc.com/wp-content/uploads/2024/11/440665266_western-missouri-medical-center_standardcharges.csv declares last_updated_on 2024-12-01, more than 365 days before our check on 2026-09-09T10:08:21.963Z. Could you confirm whether a more current file exists and point us to it?,,,,,,
Recorded evidence: pointer https://wmmc.com/cms-hpt.txt (HTTP 200); file https://wmmc.com/wp-content/uploads/2024/11/440665266_western-missouri-medical-center_standardcharges.csv (HTTP 206); checked 2026-09-09T10:08:21.963Z.,,,,,,,
Thank you.,[not published],approved-for-outreach,,,,,
260137,FREEMAN HEALTH SYSTEM - FREEMAN WEST,MO,declared-update-date-over-365-days,Price transparency file: FREEMAN HEALTH SYSTEM - FREEMAN WEST (CCN 260137),Hello,,
We maintain an independent review of hospital price-transparency files. The standard-charges file at https://url.us.m.mimecastprotect.com/s/nm_sC4xqW3t9DBojSxhJf4d1dX?domain=hospitalpricedisclosure.com declares last_updated_on 2025-05-01, more than 365 days before our check on 2026-09-09T10:38:01.420Z. Could you confirm whether a more current file exists and point us to it?,,,,,,
Recorded evidence: pointer https://www.freemanhealth.com/sites/default/files/cms0-hpt.txt (HTTP 206); file https://url.us.m.mimecastprotect.com/s/nm_sC4xqW3t9DBojSxhJf4d1dX?domain=hospitalpricedisclosure.com (HTTP 206); checked 2026-09-09T10:38:01.420Z.,,,,,,,
Thank you.,[not published],approved-for-outreach,,,,,
261302,MADISON MEDICAL CENTER,MO,automated-file-access-denied,Price transparency file: MADISON MEDICAL CENTER (CCN 261302),Hello,,
We maintain an independent review of hospital price-transparency files. Automated retrieval of https://madisonmedicalcenter.net/431445493_Madison%20Medical%20Center_standardcharges.json is denied (HTTP 403) while your site publishes it. Could you whitelist automated access or provide a direct link?,,,,,,,
Recorded evidence: pointer https://madisonmedicalcenter.net/cms-hpt.txt (HTTP 403); file https://madisonmedicalcenter.net/431445493_Madison%20Medical%20Center_standardcharges.json (HTTP 403); checked 2026-09-09T10:08:19.065Z.,,,,,,,
Thank you.,[not published],approved-for-outreach,,,,,
261307,PERSHING MEMORIAL HOSPITAL,MO,declared-update-date-over-365-days,Price transparency file: PERSHING MEMORIAL HOSPITAL (CCN 261307),Hello,,
We maintain an independent review of hospital price-transparency files. The standard-charges file at https://hospitalpricetransparencyfiles.com/general-john-j-pershing-memorial-hospital-association/430715842_General-John-J-Pershing-Memorial-Hospital-Association_standardcharges.csv declares last_updated_on 2025-06-13, more than 365 days before our check on 2026-09-09T10:08:20.907Z. Could you confirm whether a more current file exists and point us to it?,,,,,,
Recorded evidence: pointer https://phsmo.org/cms-hpt.txt (HTTP 200); file https://hospitalpricetransparencyfiles.com/general-john-j-pershing-memorial-hospital-association/430715842_General-John-J-Pershing-Memorial-Hospital-Association_standardcharges.csv (HTTP 206); checked 2026-09-09T10:08:20.907Z.,,,,,,,
Thank you.,[not published],approved-for-outreach,,,,,
261331,FREEMAN NEOSHO HOSPITAL,MO,declared-update-date-over-365-days,Price transparency file: FREEMAN NEOSHO HOSPITAL (CCN 261331),Hello,,
We maintain an independent review of hospital price-transparency files. The standard-charges file at https://url.us.m.mimecastprotect.com/s/32rHC5yrA4hpXZvntyi3fkJCbs?domain=hospitalpricedisclosure.com declares last_updated_on 2025-05-01, more than 365 days before our check on 2026-09-09T10:09:05.938Z. Could you confirm whether a more current file exists and point us to it?,,,,,,
Recorded evidence: pointer https://www.freemanhealth.com/sites/default/files/cms0-hpt.txt (HTTP 206); file https://url.us.m.mimecastprotect.com/s/32rHC5yrA4hpXZvntyi3fkJCbs?domain=hospitalpricedisclosure.com (HTTP 206); checked 2026-09-09T10:09:05.938Z.,,,,,,,
Thank you.,[not published],approved-for-outreach,,,,,
270057,BOZEMAN HEALTH DEACONESS HOSPITAL,MT,declared-update-date-over-365-days,Price transparency file: BOZEMAN HEALTH DEACONESS HOSPITAL (CCN 270057),Hello,,
We maintain an independent review of hospital price-transparency files. The standard-charges file at https://bozemanhealth.org/wp-content/uploads/2025/01/01/474717998_deaconess-regional-medical-center_standardcharges.json declares last_updated_on 2024-11-19, more than 365 days before our check on 2026-09-09T10:08:41.771Z. Could you confirm whether a more current file exists and point us to it?,,,,,,
Recorded evidence: pointer https://bozemanhealth.org/cms-hpt.txt (HTTP 206); file https://bozemanhealth.org/wp-content/uploads/2025/01/01/474717998_deaconess-regional-medical-center_standardcharges.json (HTTP 206); checked 2026-09-09T10:08:41.771Z.,,,,,,,
Thank you.,[not published],approved-for-outreach,,,,,
271331,MINERAL COMMUNITY HOSPITAL,MT,declared-update-date-over-365-days,Price transparency file: MINERAL COMMUNITY HOSPITAL (CCN 271331),Hello,,
We maintain an independent review of hospital price-transparency files. The standard-charges file at https://mineralcommunityhospital.com/wp-content/uploads/2025/04/810421823_Mineral-Community-Hospital_standardcharges07.2024-3.csv declares last_updated_on 2024-07-01, more than 365 days before our check on 2026-09-09T10:08:39.886Z. Could you confirm whether a more current file exists and point us to it?,,,,,,
Recorded evidence: pointer https://mineralcommunityhospital.com/cms-hpt.txt (HTTP 200); file https://mineralcommunityhospital.com/wp-content/uploads/2025/04/810421823_Mineral-Community-Hospital_standardcharges07.2024-3.csv (HTTP 206); checked 2026-09-09T10:08:39.886Z.,,,,,,,
Thank you.,[not published],approved-for-outreach,,,,,
271389,BOZEMAN HEALTH BIG SKY MEDICAL CENTER,MT,declared-update-date-over-365-days,Price transparency file: BOZEMAN HEALTH BIG SKY MEDICAL CENTER (CCN 271389),Hello,,
We maintain an independent review of hospital price-transparency files. The standard-charges file at https://bozemanhealth.org/wp-content/uploads/2025/01/01/474718253_big-sky-medical-center_standardcharges.json declares last_updated_on 2024-11-19, more than 365 days before our check on 2026-09-09T10:08:58.282Z. Could you confirm whether a more current file exists and point us to it?,,,,,,
Recorded evidence: pointer https://bozemanhealth.org/cms-hpt.txt (HTTP 206); file https://bozemanhealth.org/wp-content/uploads/2025/01/01/474718253_big-sky-medical-center_standardcharges.json (HTTP 206); checked 2026-09-09T10:08:58.282Z.,,,,,,,
Thank you.,[not published],approved-for-outreach,,,,,
281329,AVERA ST ANTHONY'S HOSPITAL,NE,template-version-unrecognized,Price transparency file: AVERA ST ANTHONY'S HOSPITAL (CCN 281329),Hello,,
We maintain an independent review of hospital price-transparency files. The file at https://www.avera.org/app/files/public/2ee985f1-c8f5-4aff-9e24-196f8b6c838b/470463911_avera-st-anthonys-hospital_standardcharges.csv declares template version 4.0.0, which this review does not recognize; its update date (2026-04-01) and facility identity are otherwise current. Could you confirm which CMS data dictionary version it implements?,,,,,,
Recorded evidence: pointer http://www.avera.org/cms-hpt.txt (HTTP 403); file https://www.avera.org/app/files/public/2ee985f1-c8f5-4aff-9e24-196f8b6c838b/470463911_avera-st-anthonys-hospital_standardcharges.csv (HTTP 206); checked 2026-09-09T13:11:15.250Z.,,,,,,,
Thank you.,[not published],approved-for-outreach,,,,,
281357,SIDNEY REGIONAL MEDICAL CENTER,NE,pointer-declared-file-404,Price transparency file: SIDNEY REGIONAL MEDICAL CENTER (CCN 281357),Hello,,
We maintain an independent review of hospital price-transparency files. Your machine-readable pointer declares https://sthpiprd.blob.core.windows.net/machine-readable-files/8186/470408242_sidney-regional-medical-center_standardcharges.csv, which returns HTTP 404 on repeated checks. Could you restore the file or update the pointer?,,,,,,
Recorded evidence: pointer http://www.sidneyrmc.com/cms-hpt.txt (HTTP 200); file https://sthpiprd.blob.core.windows.net/machine-readable-files/8186/470408242_sidney-regional-medical-center_standardcharges.csv (HTTP 404); checked 2026-09-09T10:08:41.692Z.,,,,,,,
Thank you.,[not published],approved-for-outreach,,,,,
290003,SUNRISE HOSPITAL AND MEDICAL CENTER,NV,declared-update-date-over-365-days,Price transparency file: SUNRISE HOSPITAL AND MEDICAL CENTER (CCN 290003),Hello,,
We maintain an independent review of hospital price-transparency files. The standard-charges file at https://core.secure.ehc.com/src/util/json-detail-price-list/62-1762537_sunrise-hospital-and-medical-center_standardcharges.json declares last_updated_on 2024-10-01, more than 365 days before our check on 2026-09-09T10:08:42.673Z. Could you confirm whether a more current file exists and point us to it?,,,,,,
Recorded evidence: pointer https://sunrisehospital.com/cms-hpt.txt (HTTP 200); file https://core.secure.ehc.com/src/util/json-detail-price-list/62-1762537_sunrise-hospital-and-medical-center_standardcharges.json (HTTP 206); checked 2026-09-09T10:08:42.673Z.,,,,,,,
Thank you.,[not published],approved-for-outreach,,,,,
290039,MOUNTAINVIEW HOSPITAL,NV,declared-update-date-over-365-days,Price transparency file: MOUNTAINVIEW HOSPITAL (CCN 290039),Hello,,
We maintain an independent review of hospital price-transparency files. The standard-charges file at https://core.secure.ehc.com/src/util/json-detail-price-list/62-1600397_mountainview-hospital-and-medical-center_standardcharges.json declares last_updated_on 2024-10-01, more than 365 days before our check on 2026-09-09T10:08:43.305Z. Could you confirm whether a more current file exists and point us to it?,,,,,,
Recorded evidence: pointer https://mountainview-hospital.com/cms-hpt.txt (HTTP 200); file https://core.secure.ehc.com/src/util/json-detail-price-list/62-1600397_mountainview-hospital-and-medical-center_standardcharges.json (HTTP 206); checked 2026-09-09T10:08:43.305Z.,,,,,,,
Thank you.,[not published],approved-for-outreach,,,,,
291303,BATTLE MOUNTAIN GENERAL HOSPITAL,NV,template-version-older-than-3,Price transparency file: BATTLE MOUNTAIN GENERAL HOSPITAL (CCN 291303),Hello,,
We maintain an independent review of hospital price-transparency files. The file at https://bmgh.org/resources/public-pricing/880186024_BattleMountainGeneralHospital_standardcharges-2026.csv declares a current date (2026-01-05) but template version 2.0.0. Could you confirm whether it implements the CMS price-transparency data dictionary and whether an updated export is available?,,,,,,,
Recorded evidence: pointer https://bmgh.org/cms-hpt.txt (HTTP 206); file https://bmgh.org/resources/public-pricing/880186024_BattleMountainGeneralHospital_standardcharges-2026.csv (HTTP 206); checked 2026-09-09T10:08:43.046Z.,,,,,,,
Thank you.,[not published],approved-for-outreach,,,,,
291309,BOULDER CITY HOSPITAL,NV,template-version-older-than-3,Price transparency file: BOULDER CITY HOSPITAL (CCN 291309),Hello,,
We maintain an independent review of hospital price-transparency files. The file at https://bchcares.org/880065829_boulder-city-hospital_standard-charges.csv declares a current date (2025-09-30) but template version 2.0.0. Could you confirm whether it implements the CMS price-transparency data dictionary and whether an updated export is available?,,,,,,,
Recorded evidence: pointer https://bchcares.org/cms-hpt.txt (HTTP 200); file https://bchcares.org/880065829_boulder-city-hospital_standard-charges.csv (HTTP 206); checked 2026-09-09T10:08:43.161Z.,,,,,,,
Thank you.,[not published],approved-for-outreach,,,,,
310070,SAINT PETER'S UNIVERSITY HOSPITAL,NJ,template-version-older-than-3,Price transparency file: SAINT PETER'S UNIVERSITY HOSPITAL (CCN 310070),Hello,,
We maintain an independent review of hospital price-transparency files. The file at https://www.saintpetershcs.com/getmedia/0238f139-9e06-434b-a0ed-5d387f0e892e/221487330_Saint-Peters-University-Hospital_standard-charges_1.csv declares a current date (2025-11-19) but template version 2.0.0. Could you confirm whether it implements the CMS price-transparency data dictionary and whether an updated export is available?,,,,,,,
Recorded evidence: pointer https://www.saintpetershcs.com/cms-hpt.txt (HTTP 200); file https://www.saintpetershcs.com/getmedia/0238f139-9e06-434b-a0ed-5d387f0e892e/221487330_Saint-Peters-University-Hospital_standard-charges_1.csv (HTTP 206); checked 2026-09-09T10:09:07.483Z.,,,,,,,
Thank you.,[not published],approved-for-outreach,,,,,
330006,ST JOSEPH'S MEDICAL CENTER,NY,pointer-declared-file-404,Price transparency file: ST JOSEPH'S MEDICAL CENTER (CCN 330006),Hello,,
We maintain an independent review of hospital price-transparency files. Your machine-readable pointer declares https://sthpiprd.blob.core.windows.net/machine-readable-files/100287/131740127_st-joseph's-hospital,-yonkers_standardcharges.csv, which returns HTTP 404 on repeated checks. Could you restore the file or update the pointer?,,,,,
Recorded evidence: pointer https://search.hospitalpriceindex.com/100287/cms-hpt.txt (HTTP 206); file https://sthpiprd.blob.core.windows.net/machine-readable-files/100287/131740127_st-joseph's-hospital,-yonkers_standardcharges.csv (HTTP 404); checked 2026-09-09T10:09:06.646Z.,,,,,,
Thank you.,[not published],approved-for-outreach,,,,,
330027,NASSAU UNIVERSITY MEDICAL CENTER,NY,template-version-older-than-3,Price transparency file: NASSAU UNIVERSITY MEDICAL CENTER (CCN 330027),Hello,,
We maintain an independent review of hospital price-transparency files. The file at https://sthpiprd.blob.core.windows.net/machine-readable-files/13384/113465690-1801857172_nassau-health-care-corporation_standardcharges.csv declares a current date (2025-10-28) but template version 2.0.0. Could you confirm whether it implements the CMS price-transparency data dictionary and whether an updated export is available?,,,,,,,
Recorded evidence: pointer https://numc.edu/cms-hpt.txt (HTTP 403); file https://sthpiprd.blob.core.windows.net/machine-readable-files/13384/113465690-1801857172_nassau-health-care-corporation_standardcharges.csv (HTTP 206); checked 2026-09-09T10:09:07.918Z.,,,,,,,
Thank you.,[not published],approved-for-outreach,,,,,
330235,AUBURN  COMMUNITY  HOSPITAL,NY,declared-update-date-over-365-days,Price transparency file: AUBURN  COMMUNITY  HOSPITAL (CCN 330235),Hello,,
We maintain an independent review of hospital price-transparency files. The standard-charges file at https://www.auburnhospital.org/wp-content/uploads/2025/01/150532054_auburn-community-hospital_standardcharges-2.zip declares last_updated_on 2025-01-19, more than 365 days before our check on 2026-09-09T10:09:08.421Z. Could you confirm whether a more current file exists and point us to it?,,,,,,
Recorded evidence: pointer https://www.auburnhospital.org/cms-hpt.txt (HTTP 206); file https://www.auburnhospital.org/wp-content/uploads/2025/01/150532054_auburn-community-hospital_standardcharges-2.zip (HTTP 206); checked 2026-09-09T10:09:08.421Z.,,,,,,,
Thank you.,[not published],approved-for-outreach,,,,,
330276,NATHAN LITTAUER HOSPITAL,NY,template-version-older-than-3,Price transparency file: NATHAN LITTAUER HOSPITAL (CCN 330276),Hello,,
We maintain an independent review of hospital price-transparency files. The file at https://www.nlh.org/wp-content/uploads/2026/04/1336145168_nathanlittauerhospital_standardcharges.csv declares a current date (2026-03-04) but template version 2.0.0. Could you confirm whether it implements the CMS price-transparency data dictionary and whether an updated export is available?,,,,,,,
Recorded evidence: pointer https://nlh.org/cms-hpt.txt (HTTP 206); file https://www.nlh.org/wp-content/uploads/2026/04/1336145168_nathanlittauerhospital_standardcharges.csv (HTTP 206); checked 2026-09-09T10:37:58.675Z.,,,,,,,
Thank you.,[not published],approved-for-outreach,,,,,
330405,HELEN HAYES HOSPITAL,NY,declared-update-date-over-365-days,Price transparency file: HELEN HAYES HOSPITAL (CCN 330405),Hello,,
We maintain an independent review of hospital price-transparency files. The standard-charges file at https://shop.helenhayeshosp.org/00-0432000_Helen-Hayes-Hospital_standardcharges.csv declares last_updated_on 2024-07-01, more than 365 days before our check on 2026-09-09T10:37:59.055Z. Could you confirm whether a more current file exists and point us to it?,,,,,,
Recorded evidence: pointer https://helenhayeshospital.org/cms-hpt.txt (HTTP 206); file https://shop.helenhayeshosp.org/00-0432000_Helen-Hayes-Hospital_standardcharges.csv (HTTP 206); checked 2026-09-09T10:37:59.055Z.,,,,,,,
Thank you.,[not published],approved-for-outreach,,,,,
333301,BLYTHEDALE CHILDREN'S HOSPITAL,NY,pointer-declared-file-404,Price transparency file: BLYTHEDALE CHILDREN'S HOSPITAL (CCN 333301),Hello,,
We maintain an independent review of hospital price-transparency files. Your machine-readable pointer declares https://www.blythedale.org/documents/13-1739922blythedale-childrens-hospitalstandardchargescsv, which returns HTTP 404 on repeated checks. Could you restore the file or update the pointer?,,,,,,
Recorded evidence: pointer https://www.blythedale.org/cms-hpt.txt (HTTP 206); file https://www.blythedale.org/documents/13-1739922blythedale-childrens-hospitalstandardchargescsv (HTTP 404); checked 2026-09-09T10:47:21.924Z.,,,,,,,
Thank you.,[not published],approved-for-outreach,,,,,
334022,BRYLIN HOSP,NY,template-version-older-than-3,Price transparency file: BRYLIN HOSP (CCN 334022),Hello,,
We maintain an independent review of hospital price-transparency files. The file at https://www.brylin.com/wp-content/uploads/2025/10/16-1163586_BryLin-Hospitals-Inc_standardcharges.csv declares a current date (2025-10-15) but template version 1.0.0. Could you confirm whether it implements the CMS price-transparency data dictionary and whether an updated export is available?,,,,,,,
Recorded evidence: pointer https://brylin.com/cms-hpt.txt (HTTP 206); file https://www.brylin.com/wp-content/uploads/2025/10/16-1163586_BryLin-Hospitals-Inc_standardcharges.csv (HTTP 206); checked 2026-09-09T10:09:20.031Z.,,,,,,,
Thank you.,[not published],approved-for-outreach,,,,,
340068,COLUMBUS REGIONAL HEALTHCARE SYSTEM,NC,declared-update-date-over-365-days,Price transparency file: COLUMBUS REGIONAL HEALTHCARE SYSTEM (CCN 340068),Hello,,
We maintain an independent review of hospital price-transparency files. The standard-charges file at https://sthpiprd.blob.core.windows.net/machine-readable-files/11292/560538020_columbus-regional-healthcare-system,-inc_standardcharges.csv declares last_updated_on 2025-09-01, more than 365 days before our check on 2026-09-09T10:09:33.256Z. Could you confirm whether a more current file exists and point us to it?,,,,,
Recorded evidence: pointer https://crhealthcare.org/cms-hpt.txt (HTTP 206); file https://sthpiprd.blob.core.windows.net/machine-readable-files/11292/560538020_columbus-regional-healthcare-system,-inc_standardcharges.csv (HTTP 206); checked 2026-09-09T10:09:33.256Z.,,,,,,
Thank you.,[not published],approved-for-outreach,,,,,
340127,GRANVILLE HEALTH SYSTEMS,NC,declared-update-date-over-365-days,Price transparency file: GRANVILLE HEALTH SYSTEMS (CCN 340127),Hello,,
We maintain an independent review of hospital price-transparency files. The standard-charges file at https://urldefense.com/v3/__https://ghshospital.org/wp-content/uploads/2025/12/560593547_granville-medical-center_standardcharges.csv__;!!M5erwxGTI6mlTHJSECWB8LY!E0ZeRIB4NX69NhVMX1pl8UWyS2dl1pwPchrfChCVwh1HaZTqaRoclCfDcUhtbfVNGjMynNQYGCDlQrYsF7G1nFdMkVx7mg$ declares last_updated_on 2025-08-05, more than 365 days before our check on 2026-09-09T10:09:33.223Z. Could you confirm whether a more current file exists and point us to it?,,,,,,
Recorded evidence: pointer https://ghshospital.org/cms-hpt.txt (HTTP 206); file https://urldefense.com/v3/__https://ghshospital.org/wp-content/uploads/2025/12/560593547_granville-medical-center_standardcharges.csv__;!!M5erwxGTI6mlTHJSECWB8LY!E0ZeRIB4NX69NhVMX1pl8UWyS2dl1pwPchrfChCVwh1HaZTqaRoclCfDcUhtbfVNGjMynNQYGCDlQrYsF7G1nFdMkVx7mg$ (HTTP 206); checked 2026-09-09T10:09:33.223Z.,,,,,,,
Thank you.,[not published],approved-for-outreach,,,,,
351313,SOUTHWEST HEALTHCARE SERVICES,ND,template-version-older-than-3,Price transparency file: SOUTHWEST HEALTHCARE SERVICES (CCN 351313),Hello,,
We maintain an independent review of hospital price-transparency files. The file at https://swhealthcare.net/file_download/inline/c967a943-4246-45d6-9ff2-8222bb15dc86 declares a current date (2025-10-16) but template version 2.0.0. Could you confirm whether it implements the CMS price-transparency data dictionary and whether an updated export is available?,,,,,,,
Recorded evidence: pointer https://swhealthcare.net/file_download/inline/6a1de74d-5341-449e-8339-9ff3e2f6e18d (HTTP 200); file https://swhealthcare.net/file_download/inline/c967a943-4246-45d6-9ff2-8222bb15dc86 (HTTP 200); checked 2026-09-09T10:09:34.355Z.,,,,,,,
Thank you.,[not published],approved-for-outreach,,,,,
351326,FIRST CARE HEALTH CENTER,ND,declared-update-date-over-365-days,Price transparency file: FIRST CARE HEALTH CENTER (CCN 351326),Hello,,
We maintain an independent review of hospital price-transparency files. The standard-charges file at https://www.firstcarehc.com/wp-content/uploads/2024/06/450232743_First-Care-Health-Center_standardcharges.csv declares last_updated_on 2024-06-14, more than 365 days before our check on 2026-09-09T10:09:33.627Z. Could you confirm whether a more current file exists and point us to it?,,,,,,
Recorded evidence: pointer https://www.firstcarehc.com/cms-hpt.txt (HTTP 206); file https://www.firstcarehc.com/wp-content/uploads/2024/06/450232743_First-Care-Health-Center_standardcharges.csv (HTTP 206); checked 2026-09-09T10:09:33.627Z.,,,,,,,
Thank you.,[not published],approved-for-outreach,,,,,
360029,WOOD COUNTY HOSPITAL,OH,declared-update-date-over-365-days,Price transparency file: WOOD COUNTY HOSPITAL (CCN 360029),Hello,,
We maintain an independent review of hospital price-transparency files. The standard-charges file at https://www.woodcountyhospital.org/media/0x5fw0tn/344440884_wood-county_standardcharges.csv declares last_updated_on 2024-06-30, more than 365 days before our check on 2026-09-09T10:09:35.204Z. Could you confirm whether a more current file exists and point us to it?,,,,,,
Recorded evidence: pointer https://www.woodcountyhospital.org/cms-hpt.txt (HTTP 206); file https://www.woodcountyhospital.org/media/0x5fw0tn/344440884_wood-county_standardcharges.csv (HTTP 206); checked 2026-09-09T10:09:35.204Z.,,,,,,,
Thank you.,[not published],approved-for-outreach,,,,,
360039,GENESIS HOSPITAL,OH,template-version-unrecognized,Price transparency file: GENESIS HOSPITAL (CCN 360039),Hello,,
We maintain an independent review of hospital price-transparency files. The file at https://genesisgenericblob.blob.core.windows.net/price-transparency/311480941_Genesis-Healthcare-System_standardcharges.csv declares template version 5.0.0, which this review does not recognize; its update date (2026-03-27) and facility identity are otherwise current. Could you confirm which CMS data dictionary version it implements?,,,,,,
Recorded evidence: pointer https://www.genesishcs.org/cms-hpt.txt (HTTP 206); file https://genesisgenericblob.blob.core.windows.net/price-transparency/311480941_Genesis-Healthcare-System_standardcharges.csv (HTTP 206); checked 2026-09-09T10:09:46.291Z.,,,,,,,
Thank you.,[not published],approved-for-outreach,,,,,
360218,LICKING MEMORIAL HOSPITAL,OH,template-version-older-than-3,Price transparency file: LICKING MEMORIAL HOSPITAL (CCN 360218),Hello,,
We maintain an independent review of hospital price-transparency files. The file at https://www.lmhealth.org/LMHealth.org/media/314379519_licking-memorial-hospital_standardcharges.zip declares a current date (2026-03-16) but template version 2.0.0. Could you confirm whether it implements the CMS price-transparency data dictionary and whether an updated export is available?,,,,,,,
Recorded evidence: pointer https://lmhealth.org/cms-hpt.txt (HTTP 206); file https://www.lmhealth.org/LMHealth.org/media/314379519_licking-memorial-hospital_standardcharges.zip (HTTP 206); checked 2026-09-09T10:09:45.292Z.,,,,,,,
Thank you.,[not published],approved-for-outreach,,,,,
361309,HENRY COUNTY HOSPITAL, INC,OH,template-version-older-than-3,Price transparency file: HENRY COUNTY HOSPITAL,hpt-obf:v1:u_8r2YHsuVo06G3k.mwPy3WX6CZa-e09m6QtfwQ.jNatArH0YxBX8UHG5lkSmh4,Hello
We maintain an independent review of hospital price-transparency files. The file at https://www.henrycountyhospital.org/documents/344477047_henry-county-hospital_standardcharges.csv declares a current date (2025-12-29) but template version 2.0.0. Could you confirm whether it implements the CMS price-transparency data dictionary and whether an updated export is available?,,,,,,,
Recorded evidence: pointer https://www.henrycountyhospital.org/cms-hpt.txt (HTTP 206); file https://www.henrycountyhospital.org/documents/344477047_henry-county-hospital_standardcharges.csv (HTTP 206); checked 2026-09-09T10:09:45.565Z.,,,,,,,
Thank you.,[not published],approved-for-outreach,,,,,
361326,ADAMS COUNTY REGIONAL MEDICAL CENTER,OH,declared-update-date-over-365-days,Price transparency file: ADAMS COUNTY REGIONAL MEDICAL CENTER (CCN 361326),Hello,,
We maintain an independent review of hospital price-transparency files. The standard-charges file at https://acrmc.com/wp-content/uploads/2025/03/81-2817266_Adams-County-Regional-Medical-Center_standardcharges-1.zip declares last_updated_on 2024-12-25, more than 365 days before our check on 2026-09-09T10:09:45.876Z. Could you confirm whether a more current file exists and point us to it?,,,,,,
Recorded evidence: pointer https://acrmc.com/wp-content/uploads/2025/03/cms-hpt.txt (HTTP 206); file https://acrmc.com/wp-content/uploads/2025/03/81-2817266_Adams-County-Regional-Medical-Center_standardcharges-1.zip (HTTP 206); checked 2026-09-09T10:09:45.876Z.,,,,,,,
Thank you.,[not published],approved-for-outreach,,,,,
361329,WYANDOT MEMORIAL HOSPITAL,OH,declared-update-date-over-365-days,Price transparency file: WYANDOT MEMORIAL HOSPITAL (CCN 361329),Hello,,
We maintain an independent review of hospital price-transparency files. The standard-charges file at https://www.wyandotmemorial.org/wp-content/uploads/2025/04/WMH-MRF-PT-4.8-4-increased.csv declares last_updated_on 2024-12-31, more than 365 days before our check on 2026-09-09T10:09:45.985Z. Could you confirm whether a more current file exists and point us to it?,,,,,,
Recorded evidence: pointer https://wyandotmemorial.org/cms-hpt.txt (HTTP 206); file https://www.wyandotmemorial.org/wp-content/uploads/2025/04/WMH-MRF-PT-4.8-4-increased.csv (HTTP 206); checked 2026-09-09T10:09:45.985Z.,,,,,,,
Thank you.,[not published],approved-for-outreach,,,,,
370008,NORMAN REGIONAL,OK,template-version-older-than-3,Price transparency file: NORMAN REGIONAL (CCN 370008),Hello,,
We maintain an independent review of hospital price-transparency files. The file at https://www.normanregional.com/documents/736048282_norman-regional-health-system_standardcharges.csv declares a current date (2026-01-01) but template version 2.2.0. Could you confirm whether it implements the CMS price-transparency data dictionary and whether an updated export is available?,,,,,,,
Recorded evidence: pointer https://www.normanregional.com/cms-hpt.txt (HTTP 206); file https://www.normanregional.com/documents/736048282_norman-regional-health-system_standardcharges.csv (HTTP 206); checked 2026-09-09T10:09:58.632Z.,,,,,,,
Thank you.,[not published],approved-for-outreach,,,,,
370083,PUSHMATAHA HOSPITAL,OK,automated-file-access-denied,Price transparency file: PUSHMATAHA HOSPITAL (CCN 370083),Hello,,
We maintain an independent review of hospital price-transparency files. Automated retrieval of https://pushmatahahospital.com/images/docs/736069650_pushmataha-county---city-of-antlers-hospital-authority_standardcharges.csv is denied (HTTP 403) while your site publishes it. Could you whitelist automated access or provide a direct link?,,,,,,,
Recorded evidence: pointer https://pushmatahahospital.com/cms-hpt.txt (HTTP 403); file https://pushmatahahospital.com/images/docs/736069650_pushmataha-county---city-of-antlers-hospital-authority_standardcharges.csv (HTTP 403); checked 2026-09-09T10:37:43.599Z.,,,,,,,
Thank you.,[not published],approved-for-outreach,,,,,
370201,SURGICAL HOSPITAL OF OKLAHOMA,OK,file-declares-conflicting-license-state,Price transparency file: SURGICAL HOSPITAL OF OKLAHOMA (CCN 370201),Hello,,
We maintain an independent review of hospital price-transparency files. The file at https://surgicalhospitalok.net/sho__2026_standard_charges__v1_0_0_tall__2026-08-17T16_41_17.728462979Z.csv declares license state KS while your CMS enrollment lists OK; its name and address otherwise match exactly. Could you correct the license_state field?,,,,,,,
Recorded evidence: pointer https://surgicalhospitalok.net/cms-hpt.txt (HTTP 206); file https://surgicalhospitalok.net/sho__2026_standard_charges__v1_0_0_tall__2026-08-17T16_41_17.728462979Z.csv (HTTP 206); checked 2026-09-09T10:09:58.911Z.,,,,,,,
Thank you.,[not published],approved-for-outreach,,,,,
371320,CLEVELAND AREA HOSPITAL,OK,declared-update-date-over-365-days,Price transparency file: CLEVELAND AREA HOSPITAL (CCN 371320),Hello,,
We maintain an independent review of hospital price-transparency files. The standard-charges file at https://www.clevelandareahospital.com/_files/ugd/f01f54_5b69ac08fe9841c9a70139a0ce50a4ca.csv?dn=263778478_cleveland-area-hospital_standardcharges.csv declares last_updated_on 2025-03-04, more than 365 days before our check on 2026-09-09T10:09:59.301Z. Could you confirm whether a more current file exists and point us to it?,,,,,,
Recorded evidence: pointer https://f01f54e7-88bc-4da1-b172-3386a48f3183.usrfiles.com/ugd/f01f54_5b7c18cab1b84eb5b51ddd5342367a52.txt (HTTP 206); file https://www.clevelandareahospital.com/_files/ugd/f01f54_5b69ac08fe9841c9a70139a0ce50a4ca.csv?dn=263778478_cleveland-area-hospital_standardcharges.csv (HTTP 206); checked 2026-09-09T10:09:59.301Z.,,,,,,,
Thank you.,[not published],approved-for-outreach,,,,,
381321,GRANDE RONDE HOSPITAL,OR,pointer-declared-file-404,Price transparency file: GRANDE RONDE HOSPITAL (CCN 381321),Hello,,
We maintain an independent review of hospital price-transparency files. Your machine-readable pointer declares https://www.grh.org/clientfiles/GetFile/930505325_grande-ronde-hospital_standardcharges.csv, which returns HTTP 404 on repeated checks. Could you restore the file or update the pointer?,,,,,,
Recorded evidence: pointer https://res.cloudinary.com/dpmykpsih/raw/upload/grande-ronde-2024-site-487/media/r/c2c54056abfc458fbae9748c1bb9db93/cms-hpt.txt (HTTP 206); file https://www.grh.org/clientfiles/GetFile/930505325_grande-ronde-hospital_standardcharges.csv (HTTP 404); checked 2026-09-09T10:47:26.073Z.,,,,,,,
Thank you.,[not published],approved-for-outreach,,,,,
390086,PENN HIGHLANDS DUBOIS,PA,declared-update-date-over-365-days,Price transparency file: PENN HIGHLANDS DUBOIS (CCN 390086),Hello,,
We maintain an independent review of hospital price-transparency files. The standard-charges file at https://www.phhealthcare.org/download/?id=15371 declares last_updated_on 2025-08-01, more than 365 days before our check on 2026-09-09T14:42:25.445Z. Could you confirm whether a more current file exists and point us to it?,,,,,,
Recorded evidence: pointer https://www.phhealthcare.org/cms-hpt.txt (HTTP 200); file https://www.phhealthcare.org/download/?id=15371 (HTTP 200); checked 2026-09-09T14:42:25.445Z.,,,,,,,
Thank you.,[not published],approved-for-outreach,,,,,
390125,WAYNE MEMORIAL HOSPITAL,PA,template-version-older-than-3,Price transparency file: WAYNE MEMORIAL HOSPITAL (CCN 390125),Hello,,
We maintain an independent review of hospital price-transparency files. The file at https://www.wmh.org/wp-content/uploads/2026/04/240798839_wayne-memorial-hospital_standardcharges.csv declares a current date (2026-03-11) but template version 2.0.0. Could you confirm whether it implements the CMS price-transparency data dictionary and whether an updated export is available?,,,,,,,
Recorded evidence: pointer https://www.wmh.org/wp-content/uploads/2026/04/cms-hpt.txt (HTTP 206); file https://www.wmh.org/wp-content/uploads/2026/04/240798839_wayne-memorial-hospital_standardcharges.csv (HTTP 206); checked 2026-09-09T10:10:13.397Z.,,,,,,,
Thank you.,[not published],approved-for-outreach,,,,,
390137,WILKES-BARRE GENERAL HOSPITAL,PA,declared-update-date-over-365-days,Price transparency file: WILKES-BARRE GENERAL HOSPITAL (CCN 390137),Hello,,
We maintain an independent review of hospital price-transparency files. The standard-charges file at https://commonwealthhealth.net/wp-content/uploads/sheets/263632648_wilkes-barre-general-hospital_standardcharges.csv declares last_updated_on 2024-12-01, more than 365 days before our check on 2026-09-09T10:10:13.157Z. Could you confirm whether a more current file exists and point us to it?,,,,,,
Recorded evidence: pointer  (HTTP n/a); file https://commonwealthhealth.net/wp-content/uploads/sheets/263632648_wilkes-barre-general-hospital_standardcharges.csv (HTTP 206); checked 2026-09-09T10:10:13.157Z.,,,,,,,
Thank you.,[not published],approved-for-outreach,,,,,
390146,WARREN GENERAL HOSPITAL,PA,template-version-older-than-3,Price transparency file: WARREN GENERAL HOSPITAL (CCN 390146),Hello,,
We maintain an independent review of hospital price-transparency files. The file at https://www.wgh.org/s/250965598_warren-general-hospital_standardcharges.csv declares a current date (2026-03-12) but template version 2.0.0. Could you confirm whether it implements the CMS price-transparency data dictionary and whether an updated export is available?,,,,,,,
Recorded evidence: pointer https://static1.squarespace.com/static/64011f10da897a3162ea8900/t/6776f053cd105d551055e8f0/1735848019153/cms-hpt.txt (HTTP 206); file https://www.wgh.org/s/250965598_warren-general-hospital_standardcharges.csv (HTTP 206); checked 2026-09-09T10:10:13.059Z.,,,,,,,
Thank you.,[not published],approved-for-outreach,,,,,
390272,VALLEY FORGE MEDICAL CENTER,PA,template-version-older-than-3,Price transparency file: VALLEY FORGE MEDICAL CENTER (CCN 390272),Hello,,
We maintain an independent review of hospital price-transparency files. The file at https://cdn.prod.website-files.com/6684743004f3e45bc8afff2e/692f679ae69474d0c09a68b8_863012091_avenuesrecovery_valleyforge_standardcharges_v2_tall_filled_fixcode_clean_codetype.csv declares a current date (2025-12-02) but template version 2.0.0. Could you confirm whether it implements the CMS price-transparency data dictionary and whether an updated export is available?,,,,,,,
Recorded evidence: pointer https://cdn.prod.website-files.com/6684743004f3e45bc8afff2e/693883d6049ac7d72bb67020_cms-hpt.txt (HTTP 206); file https://cdn.prod.website-files.com/6684743004f3e45bc8afff2e/692f679ae69474d0c09a68b8_863012091_avenuesrecovery_valleyforge_standardcharges_v2_tall_filled_fixcode_clean_codetype.csv (HTTP 206); checked 2026-09-09T10:10:12.069Z.,,,,,,,
Thank you.,[not published],approved-for-outreach,,,,,
391306,ENDLESS MOUNTAINS HEALTH SYSTEMS,PA,declared-update-date-over-365-days,Price transparency file: ENDLESS MOUNTAINS HEALTH SYSTEMS (CCN 391306),Hello,,
We maintain an independent review of hospital price-transparency files. The standard-charges file at https://www.endlesscare.org/s/232720289_endless-mountains-health-systems_standardcharges.csv declares last_updated_on 2025-02-25, more than 365 days before our check on 2026-09-09T10:10:13.618Z. Could you confirm whether a more current file exists and point us to it?,,,,,,
Recorded evidence: pointer  (HTTP n/a); file https://www.endlesscare.org/s/232720289_endless-mountains-health-systems_standardcharges.csv (HTTP 206); checked 2026-09-09T10:10:13.618Z.,,,,,,,
Thank you.,[not published],approved-for-outreach,,,,,
393304,CHILDREN'S HOME OF PITTSBURGH,PA,automated-file-access-denied,Price transparency file: CHILDREN'S HOME OF PITTSBURGH (CCN 393304),Hello,,
We maintain an independent review of hospital price-transparency files. Automated retrieval of https://www.childrenshomepgh.org/pricetransparency/250965292_the-children's-home-of-pittsburgh_standardcharges.csv is denied (HTTP 403) while your site publishes it. Could you whitelist automated access or provide a direct link?,,,,,,,
Recorded evidence: pointer https://childrenshomepgh.org/cms-hpt.txt (HTTP 403); file https://www.childrenshomepgh.org/pricetransparency/250965292_the-children's-home-of-pittsburgh_standardcharges.csv (HTTP 403); checked 2026-09-09T10:10:13.552Z.,,,,,,,
Thank you.,[not published],approved-for-outreach,,,,,
400122,PROFESSIONAL HOSPITAL GUAYNABO INC,PR,pointer-declared-file-404,Price transparency file: PROFESSIONAL HOSPITAL GUAYNABO INC (CCN 400122),Hello,,
We maintain an independent review of hospital price-transparency files. Your machine-readable pointer declares https://professionalhospital.net/wp-content/uploads/2023/10/660714964_PROFESSIONAL-HOSPITAL-GUAYNABO_standardcharges.csv, which returns HTTP 404 on repeated checks. Could you restore the file or update the pointer?,,,,,,
Recorded evidence: pointer https://professionalhospital.net/cms-hpt.txt (HTTP 200); file https://professionalhospital.net/wp-content/uploads/2023/10/660714964_PROFESSIONAL-HOSPITAL-GUAYNABO_standardcharges.csv (HTTP 404); checked 2026-09-09T10:10:15.026Z.,,,,,,,
Thank you.,[not published],approved-for-outreach,,,,,
420030,COLLETON MEDICAL CENTER,SC,declared-update-date-over-365-days,Price transparency file: COLLETON MEDICAL CENTER (CCN 420030),Hello,,
We maintain an independent review of hospital price-transparency files. The standard-charges file at https://core.secure.ehc.com/src/util/json-detail-price-list/57-0712623_colleton-medical-center_standardcharges.json declares last_updated_on 2024-10-01, more than 365 days before our check on 2026-09-09T10:10:15.123Z. Could you confirm whether a more current file exists and point us to it?,,,,,,
Recorded evidence: pointer https://colletonmedical.com/cms-hpt.txt (HTTP 200); file https://core.secure.ehc.com/src/util/json-detail-price-list/57-0712623_colleton-medical-center_standardcharges.json (HTTP 206); checked 2026-09-09T10:10:15.123Z.,,,,,,,
Thank you.,[not published],approved-for-outreach,,,,,
430012,AVERA SACRED HEART HOSPITAL,SD,template-version-unrecognized,Price transparency file: AVERA SACRED HEART HOSPITAL (CCN 430012),Hello,,
We maintain an independent review of hospital price-transparency files. The file at https://www.avera.org/app/files/public/14ca39ed-760e-484f-8e7e-19bb3f14df01/460225483_avera-sacred-heart-hospital_standardcharges.csv declares template version 4.0.0, which this review does not recognize; its update date (2026-04-01) and facility identity are otherwise current. Could you confirm which CMS data dictionary version it implements?,,,,,,
Recorded evidence: pointer http://www.avera.org/cms-hpt.txt (HTTP 403); file https://www.avera.org/app/files/public/14ca39ed-760e-484f-8e7e-19bb3f14df01/460225483_avera-sacred-heart-hospital_standardcharges.csv (HTTP 206); checked 2026-09-09T13:11:15.272Z.,,,,,,,
Thank you.,[not published],approved-for-outreach,,,,,
430015,AVERA ST MARY'S HOSPITAL,SD,template-version-unrecognized,Price transparency file: AVERA ST MARY'S HOSPITAL (CCN 430015),Hello,,
We maintain an independent review of hospital price-transparency files. The file at https://www.avera.org/app/files/public/985ab805-8b07-4669-a6de-6f9fa35484d3/460230199_avera-st-marys-hospital_standardcharges.csv declares template version 4.0.0, which this review does not recognize; its update date (2026-04-01) and facility identity are otherwise current. Could you confirm which CMS data dictionary version it implements?,,,,,,
Recorded evidence: pointer http://www.avera.org/cms-hpt.txt (HTTP 403); file https://www.avera.org/app/files/public/985ab805-8b07-4669-a6de-6f9fa35484d3/460230199_avera-st-marys-hospital_standardcharges.csv (HTTP 206); checked 2026-09-09T13:11:15.287Z.,,,,,,,
Thank you.,[not published],approved-for-outreach,,,,,
430091,BLACK HILLS SURGICAL HOSPITAL LLC,SD,template-version-older-than-3,Price transparency file: BLACK HILLS SURGICAL HOSPITAL LLC (CCN 430091),Hello,,
We maintain an independent review of hospital price-transparency files. The file at https://www.sanfordhealth.org/-/media/org/files/patients-and-visitors/billing-insurance/price-estimates/black-hills-surgical-hospital_standard-charges.csv declares a current date (2026-01-30) but template version 2.0.0. Could you confirm whether it implements the CMS price-transparency data dictionary and whether an updated export is available?,,,,,,,
Recorded evidence: pointer https://www.sanfordhealth.org/cms-hpt.txt (HTTP 206); file https://www.sanfordhealth.org/-/media/org/files/patients-and-visitors/billing-insurance/price-estimates/black-hills-surgical-hospital_standard-charges.csv (HTTP 206); checked 2026-09-09T10:10:16.032Z.,,,,,,,
Thank you.,[not published],approved-for-outreach,,,,,
431302,AVERA MISSOURI RIVER HEALTH CENTER,SD,template-version-unrecognized,Price transparency file: AVERA MISSOURI RIVER HEALTH CENTER (CCN 431302),Hello,,
We maintain an independent review of hospital price-transparency files. The file at https://www.avera.org/app/files/public/5380b4cd-f869-4c7e-87f7-01531b5e668d/460234354_avera-missouri-river-center_standardcharges.csv declares template version 4.0.0, which this review does not recognize; its update date (2026-04-01) and facility identity are otherwise current. Could you confirm which CMS data dictionary version it implements?,,,,,,
Recorded evidence: pointer http://www.avera.org/cms-hpt.txt (HTTP 403); file https://www.avera.org/app/files/public/5380b4cd-f869-4c7e-87f7-01531b5e668d/460234354_avera-missouri-river-center_standardcharges.csv (HTTP 206); checked 2026-09-09T13:11:15.334Z.,,,,,,,
Thank you.,[not published],approved-for-outreach,,,,,
431310,AVERA FLANDREAU HOSPITAL - CAH,SD,template-version-unrecognized,Price transparency file: AVERA FLANDREAU HOSPITAL - CAH (CCN 431310),Hello,,
We maintain an independent review of hospital price-transparency files. The file at https://www.avera.org/app/files/public/1e3c55a9-2dbc-464c-87ba-19e0db01977a/460224743_avera-flandreau-hospital_standardcharges.csv declares template version 4.0.0, which this review does not recognize; its update date (2026-04-01) and facility identity are otherwise current. Could you confirm which CMS data dictionary version it implements?,,,,,,
Recorded evidence: pointer http://www.avera.org/cms-hpt.txt (HTTP 403); file https://www.avera.org/app/files/public/1e3c55a9-2dbc-464c-87ba-19e0db01977a/460224743_avera-flandreau-hospital_standardcharges.csv (HTTP 206); checked 2026-09-09T13:11:15.352Z.,,,,,,,
Thank you.,[not published],approved-for-outreach,,,,,
431324,AVERA WESKOTA MEMORIAL MEDICAL CENTER - CAH,SD,template-version-unrecognized,Price transparency file: AVERA WESKOTA MEMORIAL MEDICAL CENTER - CAH (CCN 431324),Hello,,
We maintain an independent review of hospital price-transparency files. The file at https://www.avera.org/app/files/public/a1d389d7-460f-4083-a41e-f5e4849e761b/460224604_avera-weskota-memorial-med-center_standardcharges.csv declares template version 4.0.0, which this review does not recognize; its update date (2026-04-01) and facility identity are otherwise current. Could you confirm which CMS data dictionary version it implements?,,,,,,
Recorded evidence: pointer http://www.avera.org/cms-hpt.txt (HTTP 403); file https://www.avera.org/app/files/public/a1d389d7-460f-4083-a41e-f5e4849e761b/460224604_avera-weskota-memorial-med-center_standardcharges.csv (HTTP 206); checked 2026-09-09T13:11:15.375Z.,,,,,,,
Thank you.,[not published],approved-for-outreach,,,,,
431327,ST MICHAEL'S HOSPITAL - CAH,SD,template-version-unrecognized,Price transparency file: ST MICHAEL'S HOSPITAL - CAH (CCN 431327),Hello,,
We maintain an independent review of hospital price-transparency files. The file at https://www.avera.org/app/files/public/3de91237-7976-4ad2-bc47-6a294697805e/460225414_st-michaels-hospital_standardcharges.csv declares template version 4.0.0, which this review does not recognize; its update date (2026-04-01) and facility identity are otherwise current. Could you confirm which CMS data dictionary version it implements?,,,,,,
Recorded evidence: pointer http://www.avera.org/cms-hpt.txt (HTTP 403); file https://www.avera.org/app/files/public/3de91237-7976-4ad2-bc47-6a294697805e/460225414_st-michaels-hospital_standardcharges.csv (HTTP 206); checked 2026-09-09T13:11:15.392Z.,,,,,,,
Thank you.,[not published],approved-for-outreach,,,,,
440029,WILLIAMSON MEDICAL CENTER,TN,pointer-declared-file-404,Price transparency file: WILLIAMSON MEDICAL CENTER (CCN 440029),Hello,,
We maintain an independent review of hospital price-transparency files. Your machine-readable pointer declares https://williamsonhealth.org/content/uploads/2026/04/621501534_williamson-medical-center_standardcharges.csv, which returns HTTP 404 on repeated checks. Could you restore the file or update the pointer?,,,,,,
Recorded evidence: pointer https://williamsonhealth.org/cms-hpt.txt (HTTP 206); file https://williamsonhealth.org/content/uploads/2026/04/621501534_williamson-medical-center_standardcharges.csv (HTTP 404); checked 2026-09-09T10:47:28.502Z.,,,,,,,
Thank you.,[not published],approved-for-outreach,,,,,
440111,METRO NASHVILLE GENERAL HOSPITAL,TN,declared-update-date-over-365-days,Price transparency file: METRO NASHVILLE GENERAL HOSPITAL (CCN 440111),Hello,,
We maintain an independent review of hospital price-transparency files. The standard-charges file at https://nashvillegeneral-440111.s3.amazonaws.com/62-1383977_METRO-NASHVILLE-GENERAL-HOSPITAL_standardcharges.csv declares last_updated_on 2024-07-01, more than 365 days before our check on 2026-09-09T10:38:12.205Z. Could you confirm whether a more current file exists and point us to it?,,,,,,
Recorded evidence: pointer https://nashvillegeneral.org/cms-hpt.txt (HTTP 206); file https://nashvillegeneral-440111.s3.amazonaws.com/62-1383977_METRO-NASHVILLE-GENERAL-HOSPITAL_standardcharges.csv (HTTP 206); checked 2026-09-09T10:38:12.205Z.,,,,,,,
Thank you.,[not published],approved-for-outreach,,,,,
440152,REGIONAL ONE HEALTH,TN,declared-update-date-over-365-days,Price transparency file: REGIONAL ONE HEALTH (CCN 440152),Hello,,
We maintain an independent review of hospital price-transparency files. The standard-charges file at https://www.regionalonehealth.org/wp-content/uploads/2024/12/621113169_shelby-county-health-care_standardcharges.csv declares last_updated_on 2025-01-06, more than 365 days before our check on 2026-09-09T10:10:39.946Z. Could you confirm whether a more current file exists and point us to it?,,,,,,
Recorded evidence: pointer https://www.regionalonehealth.org/cms-hpt.txt (HTTP 206); file https://www.regionalonehealth.org/wp-content/uploads/2024/12/621113169_shelby-county-health-care_standardcharges.csv (HTTP 206); checked 2026-09-09T10:10:39.946Z.,,,,,,,
Thank you.,[not published],approved-for-outreach,,,,,
440161,TRISTAR CENTENNIAL MEDICAL CENTER,TN,automated-file-access-denied,Price transparency file: TRISTAR CENTENNIAL MEDICAL CENTER (CCN 440161),Hello,,
We maintain an independent review of hospital price-transparency files. Automated retrieval of https://stctrprodsnsvc00455826e6.blob.core.windows.net/pt-final-posting-files/62-1113737_TRISTAR-CENTENNIAL-MEDICAL-CENTER_standardcharges.json?si=dpx-pt-json-access-policy&spr=https&sv=2024-11-04&sr=c&sig=vdmkLz8lCE1qb%2BnsaFfL8tcI7Gg6B%2B3s%2Fny3TPZ1kqs%3D is denied (HTTP 403) while your site publishes it. Could you whitelist automated access or provide a direct link?,,,,,,,
Recorded evidence: pointer https://www.tristarhealth.com/cms-hpt.txt (HTTP 200); file https://stctrprodsnsvc00455826e6.blob.core.windows.net/pt-final-posting-files/62-1113737_TRISTAR-CENTENNIAL-MEDICAL-CENTER_standardcharges.json?si=dpx-pt-json-access-policy&spr=https&sv=2024-11-04&sr=c&sig=vdmkLz8lCE1qb%2BnsaFfL8tcI7Gg6B%2B3s%2Fny3TPZ1kqs%3D (HTTP 403); checked 2026-09-09T10:47:31.658Z.,,,,,,,
Thank you.,[not published],approved-for-outreach,,,,,
450010,UNITED REGIONAL HEALTH CARE SYSTEM,TX,template-version-older-than-3,Price transparency file: UNITED REGIONAL HEALTH CARE SYSTEM (CCN 450010),Hello,,
We maintain an independent review of hospital price-transparency files. The file at https://unitedregional.org/getContentAsset/a128db8c-8ea3-461b-9531-3197f7c0b635/c204d644-0ccb-43d4-a505-69664b0a9bc3/751912147-united-regional-healthcare-system-standardcharges-in.csv?language=en declares a current date (2025-11-15) but template version 2.0.0. Could you confirm whether it implements the CMS price-transparency data dictionary and whether an updated export is available?,,,,,,,
Recorded evidence: pointer https://unitedregional.org/getContentAsset/87726b46-3db7-42d1-b3d7-11de88ed5834/c204d644-0ccb-43d4-a505-69664b0a9bc3/cms-hpt.txt?language=en (HTTP 206); file https://unitedregional.org/getContentAsset/a128db8c-8ea3-461b-9531-3197f7c0b635/c204d644-0ccb-43d4-a505-69664b0a9bc3/751912147-united-regional-healthcare-system-standardcharges-in.csv?language=en (HTTP 200); checked 2026-09-09T10:10:39.873Z.,,,,,,,
Thank you.,[not published],approved-for-outreach,,,,,
450035,ST JOSEPH MEDICAL CENTER,TX,declared-update-date-over-365-days,Price transparency file: ST JOSEPH MEDICAL CENTER (CCN 450035),Hello,,
We maintain an independent review of hospital price-transparency files. The standard-charges file at https://sjmctx.org/pricetransparency/994785298_StJosephMedicalCenter_standardcharges.csv declares last_updated_on 2024-12-23, more than 365 days before our check on 2026-09-09T10:10:39.240Z. Could you confirm whether a more current file exists and point us to it?,,,,,,
Recorded evidence: pointer https://sjmctx.org/cms-hpt.txt (HTTP 200); file https://sjmctx.org/pricetransparency/994785298_StJosephMedicalCenter_standardcharges.csv (HTTP 206); checked 2026-09-09T10:10:39.240Z.,,,,,,,
Thank you.,[not published],approved-for-outreach,,,,,
450133,MIDLAND MEMORIAL HOSPITAL,TX,pointer-declared-file-404,Price transparency file: MIDLAND MEMORIAL HOSPITAL (CCN 450133),Hello,,
We maintain an independent review of hospital price-transparency files. Your machine-readable pointer declares https://www.midlandhealth.org/Uploads/Public/Documents/Price%20Transparency/751584559_midland-health_standardcharges.csv, which returns HTTP 404 on repeated checks. Could you restore the file or update the pointer?,,,,,,
Recorded evidence: pointer https://www.midlandhealth.org/cms-hpt.txt (HTTP 200); file https://www.midlandhealth.org/Uploads/Public/Documents/Price%20Transparency/751584559_midland-health_standardcharges.csv (HTTP 404); checked 2026-09-09T10:10:49.682Z.,,,,,,,
Thank you.,[not published],approved-for-outreach,,,,,
450237,CHRISTUS SANTA ROSA MEDICAL CENTER,TX,pointer-declared-file-404,Price transparency file: CHRISTUS SANTA ROSA MEDICAL CENTER (CCN 450237),Hello,,
We maintain an independent review of hospital price-transparency files. Your machine-readable pointer declares https://www.christushealth.org/sitecore/service/notfound.aspx, which returns HTTP 404 on repeated checks. Could you restore the file or update the pointer?,,,,,,
Recorded evidence: pointer https://www.christushealth.org/cms-hpt.txt (HTTP 206); file https://www.christushealth.org/sitecore/service/notfound.aspx (HTTP 404); checked 2026-09-09T10:11:13.686Z.,,,,,,,
Thank you.,[not published],approved-for-outreach,,,,,
450518,THE MEDICAL CENTER OF SOUTHEAST TEXAS,TX,declared-update-date-over-365-days,Price transparency file: THE MEDICAL CENTER OF SOUTHEAST TEXAS (CCN 450518),Hello,,
We maintain an independent review of hospital price-transparency files. The standard-charges file at https://medicalcentersetexas.org/pricetransparency/994785659_MedicalCenterSETexas_standardcharges.csv declares last_updated_on 2024-12-26, more than 365 days before our check on 2026-09-09T10:11:01.574Z. Could you confirm whether a more current file exists and point us to it?,,,,,,
Recorded evidence: pointer https://medicalcentersetexas.org/cms-hpt.txt (HTTP 200); file https://medicalcentersetexas.org/pricetransparency/994785659_MedicalCenterSETexas_standardcharges.csv (HTTP 206); checked 2026-09-09T10:11:01.574Z.,,,,,,,
Thank you.,[not published],approved-for-outreach,,,,,
450641,NOCONA GENERAL HOSPITAL,TX,template-version-unrecognized,Price transparency file: NOCONA GENERAL HOSPITAL (CCN 450641),Hello,,
We maintain an independent review of hospital price-transparency files. The file at https://noconageneral.com/wp-content/uploads/2026/03/751368648_nocona-general-hospital_standardcharges-02.26.2026.csv declares template version ERSION 4.0, which this review does not recognize; its update date (2026-02-25) and facility identity are otherwise current. Could you confirm which CMS data dictionary version it implements?,,,,,,
Recorded evidence: pointer https://noconageneral.com/cms-hpt.txt (HTTP 206); file https://noconageneral.com/wp-content/uploads/2026/03/751368648_nocona-general-hospital_standardcharges-02.26.2026.csv (HTTP 200); checked 2026-09-09T10:11:01.547Z.,,,,,,,
Thank you.,[not published],approved-for-outreach,,,,,
450831,SURGERY SPECIALTY HOSPITALS OF AMERICA SE HOUSTON,TX,pointer-declared-file-404,Price transparency file: SURGERY SPECIALTY HOSPITALS OF AMERICA SE HOUSTON (CCN 450831),Hello,,
We maintain an independent review of hospital price-transparency files. Your machine-readable pointer declares https://machine-readable-files.com/ssha-pasadena-tx/760600805_Surgery-Specialty-Hospitals-of-America_standardcharges.csv, which returns HTTP 404 on repeated checks. Could you restore the file or update the pointer?,,,,,,
Recorded evidence: pointer https://ssha.us.com/cms-hpt.txt (HTTP 206); file https://machine-readable-files.com/ssha-pasadena-tx/760600805_Surgery-Specialty-Hospitals-of-America_standardcharges.csv (HTTP 404); checked 2026-09-09T10:11:01.671Z.,,,,,,,
Thank you.,[not published],approved-for-outreach,,,,,
453301,DRISCOLL CHILDRENS HOSPITAL,TX,template-version-older-than-3,Price transparency file: DRISCOLL CHILDRENS HOSPITAL (CCN 453301),Hello,,
We maintain an independent review of hospital price-transparency files. The file at https://driscollchildrens.org/wp-content/uploads/742577746-1548286172_Driscoll-Childrens-Hospital_standardcharges.csv declares a current date (2025-10-06) but template version 2.0.0. Could you confirm whether it implements the CMS price-transparency data dictionary and whether an updated export is available?,,,,,,,
Recorded evidence: pointer https://driscollchildrens.org/cms-hpt.txt (HTTP 200); file https://driscollchildrens.org/wp-content/uploads/742577746-1548286172_Driscoll-Childrens-Hospital_standardcharges.csv (HTTP 206); checked 2026-09-09T10:11:15.744Z.,,,,,,,
Thank you.,[not published],approved-for-outreach,,,,,
454129,GEORGETOWN BEHAVIORAL HEALTH INSTITUTE,TX,automated-file-access-denied,Price transparency file: GEORGETOWN BEHAVIORAL HEALTH INSTITUTE (CCN 454129),Hello,,
We maintain an independent review of hospital price-transparency files. Automated retrieval of https://www.georgetownbehavioral.com/sites/default/files/462465087_Georgetown%20Behavioral%20Insitute_Standardcharges.csv is denied (HTTP 403) while your site publishes it. Could you whitelist automated access or provide a direct link?,,,,,,,
Recorded evidence: pointer https://auroraarizona.com/cms-hpt.txt (HTTP 403); file https://www.georgetownbehavioral.com/sites/default/files/462465087_Georgetown%20Behavioral%20Insitute_Standardcharges.csv (HTTP 403); checked 2026-09-09T10:11:15.485Z.,,,,,,,
Thank you.,[not published],approved-for-outreach,,,,,
460005,OGDEN REGIONAL MEDICAL CENTER,UT,declared-update-date-over-365-days,Price transparency file: OGDEN REGIONAL MEDICAL CENTER (CCN 460005),Hello,,
We maintain an independent review of hospital price-transparency files. The standard-charges file at https://www.hcadam.com/api/public/content/60297fd2cdf147a6bd8450b739878a54?download=true declares last_updated_on 2024-10-01, more than 365 days before our check on 2026-09-09T10:11:16.095Z. Could you confirm whether a more current file exists and point us to it?,,,,,,
Recorded evidence: pointer https://www.mountainstar.com/cms-hpt.txt (HTTP 200); file https://www.hcadam.com/api/public/content/60297fd2cdf147a6bd8450b739878a54?download=true (HTTP 206); checked 2026-09-09T10:11:16.095Z.,,,,,,,
Thank you.,[not published],approved-for-outreach,,,,,
460009,UNIVERSITY OF UTAH HOSPITAL AND CLINICS,UT,declared-update-date-over-365-days,Price transparency file: UNIVERSITY OF UTAH HOSPITAL AND CLINICS (CCN 460009),Hello,,
We maintain an independent review of hospital price-transparency files. The standard-charges file at https://md.utah.edu/pricing/876000525_UNIVERSITY-OF-UTAH-HOSPITAL-AND-CLINICS_standardcharges.csv declares last_updated_on 2025-07-01, more than 365 days before our check on 2026-09-09T10:11:16.909Z. Could you confirm whether a more current file exists and point us to it?,,,,,,
Recorded evidence: pointer https://healthcare.utah.edu/cms-hpt.txt (HTTP 200); file https://md.utah.edu/pricing/876000525_UNIVERSITY-OF-UTAH-HOSPITAL-AND-CLINICS_standardcharges.csv (HTTP 206); checked 2026-09-09T10:11:16.909Z.,,,,,,,
Thank you.,[not published],approved-for-outreach,,,,,
460013,MOUNTAIN VIEW HOSPITAL,UT,declared-update-date-over-365-days,Price transparency file: MOUNTAIN VIEW HOSPITAL (CCN 460013),Hello,,
We maintain an independent review of hospital price-transparency files. The standard-charges file at https://www.hcadam.com/api/public/content/ed92b53525bd4968b7a7fc42d1e3b85d?download=true declares last_updated_on 2024-10-01, more than 365 days before our check on 2026-09-09T10:11:16.499Z. Could you confirm whether a more current file exists and point us to it?,,,,,,
Recorded evidence: pointer https://www.mountainstar.com/cms-hpt.txt (HTTP 200); file https://www.hcadam.com/api/public/content/ed92b53525bd4968b7a7fc42d1e3b85d?download=true (HTTP 206); checked 2026-09-09T10:11:16.499Z.,,,,,,,
Thank you.,[not published],approved-for-outreach,,,,,
460017,BRIGHAM CITY COMMUNITY HOSPITAL,UT,declared-update-date-over-365-days,Price transparency file: BRIGHAM CITY COMMUNITY HOSPITAL (CCN 460017),Hello,,
We maintain an independent review of hospital price-transparency files. The standard-charges file at https://www.hcadam.com/api/public/content/365bdb8ed9a84537afc36e1a2addfe8e?download=true declares last_updated_on 2024-10-01, more than 365 days before our check on 2026-09-09T10:11:16.922Z. Could you confirm whether a more current file exists and point us to it?,,,,,,
Recorded evidence: pointer https://www.mountainstar.com/cms-hpt.txt (HTTP 200); file https://www.hcadam.com/api/public/content/365bdb8ed9a84537afc36e1a2addfe8e?download=true (HTTP 206); checked 2026-09-09T10:11:16.922Z.,,,,,,,
Thank you.,[not published],approved-for-outreach,,,,,
460042,LAKEVIEW HOSPITAL,UT,declared-update-date-over-365-days,Price transparency file: LAKEVIEW HOSPITAL (CCN 460042),Hello,,
We maintain an independent review of hospital price-transparency files. The standard-charges file at https://www.hcadam.com/api/public/content/ff147b50990440edae816f9adf8525e8?download=true declares last_updated_on 2024-10-01, more than 365 days before our check on 2026-09-09T10:11:29.825Z. Could you confirm whether a more current file exists and point us to it?,,,,,,
Recorded evidence: pointer https://www.mountainstar.com/cms-hpt.txt (HTTP 200); file https://www.hcadam.com/api/public/content/ff147b50990440edae816f9adf8525e8?download=true (HTTP 206); checked 2026-09-09T10:11:29.825Z.,,,,,,,
Thank you.,[not published],approved-for-outreach,,,,,
460047,ST MARK'S HOSPITAL,UT,declared-update-date-over-365-days,Price transparency file: ST MARK'S HOSPITAL (CCN 460047),Hello,,
We maintain an independent review of hospital price-transparency files. The standard-charges file at https://www.hcadam.com/api/public/content/2ddf8eab94114b028790e2ef86501adc?download=true declares last_updated_on 2024-10-01, more than 365 days before our check on 2026-09-09T10:11:47.997Z. Could you confirm whether a more current file exists and point us to it?,,,,,,
Recorded evidence: pointer https://www.mountainstar.com/cms-hpt.txt (HTTP 200); file https://www.hcadam.com/api/public/content/2ddf8eab94114b028790e2ef86501adc?download=true (HTTP 206); checked 2026-09-09T10:11:47.997Z.,,,,,,,
Thank you.,[not published],approved-for-outreach,,,,,
460052,TIMPANOGOS REGIONAL HOSPITAL,UT,declared-update-date-over-365-days,Price transparency file: TIMPANOGOS REGIONAL HOSPITAL (CCN 460052),Hello,,
We maintain an independent review of hospital price-transparency files. The standard-charges file at https://www.hcadam.com/api/public/content/66b2df40ef8849b7a94bf34274cf69c7?download=true declares last_updated_on 2024-10-01, more than 365 days before our check on 2026-09-09T10:12:01.433Z. Could you confirm whether a more current file exists and point us to it?,,,,,,
Recorded evidence: pointer https://www.mountainstar.com/cms-hpt.txt (HTTP 200); file https://www.hcadam.com/api/public/content/66b2df40ef8849b7a94bf34274cf69c7?download=true (HTTP 206); checked 2026-09-09T10:12:01.433Z.,,,,,,,
Thank you.,[not published],approved-for-outreach,,,,,
460054,CACHE VALLEY HOSPITAL,UT,declared-update-date-over-365-days,Price transparency file: CACHE VALLEY HOSPITAL (CCN 460054),Hello,,
We maintain an independent review of hospital price-transparency files. The standard-charges file at https://www.hcadam.com/api/public/content/917b8d7e2b4e49079d6df0fddc138a7f?download=true declares last_updated_on 2024-10-01, more than 365 days before our check on 2026-09-09T10:12:14.696Z. Could you confirm whether a more current file exists and point us to it?,,,,,,
Recorded evidence: pointer https://www.mountainstar.com/cms-hpt.txt (HTTP 200); file https://www.hcadam.com/api/public/content/917b8d7e2b4e49079d6df0fddc138a7f?download=true (HTTP 206); checked 2026-09-09T10:12:14.696Z.,,,,,,,
Thank you.,[not published],approved-for-outreach,,,,,
460060,LONE PEAK HOSPITAL,UT,declared-update-date-over-365-days,Price transparency file: LONE PEAK HOSPITAL (CCN 460060),Hello,,
We maintain an independent review of hospital price-transparency files. The standard-charges file at https://www.hcadam.com/api/public/content/65ebdd902aea4b6d9ee5a03ee8ecef72?download=true declares last_updated_on 2024-10-01, more than 365 days before our check on 2026-09-09T10:12:15.237Z. Could you confirm whether a more current file exists and point us to it?,,,,,,
Recorded evidence: pointer https://www.mountainstar.com/cms-hpt.txt (HTTP 200); file https://www.hcadam.com/api/public/content/65ebdd902aea4b6d9ee5a03ee8ecef72?download=true (HTTP 206); checked 2026-09-09T10:12:15.237Z.,,,,,,,
Thank you.,[not published],approved-for-outreach,,,,,
471305,COPLEY HOSPITAL,VT,pointer-declared-file-404,Price transparency file: COPLEY HOSPITAL (CCN 471305),Hello,,
We maintain an independent review of hospital price-transparency files. Your machine-readable pointer declares https://www.copleyvt.org/030179423_Copley-Hospital_standardcharges.csv, which returns HTTP 404 on repeated checks. Could you restore the file or update the pointer?,,,,,,
Recorded evidence: pointer https://www.copleyvt.org/cms-hpt.txt (HTTP 200); file https://www.copleyvt.org/030179423_Copley-Hospital_standardcharges.csv (HTTP 404); checked 2026-09-09T10:47:33.388Z.,,,,,,,
Thank you.,[not published],approved-for-outreach,,,,,
490022,MARY WASHINGTON HOSPITAL,VA,declared-update-date-over-365-days,Price transparency file: MARY WASHINGTON HOSPITAL (CCN 490022),Hello,,
We maintain an independent review of hospital price-transparency files. The standard-charges file at https://www.marywashingtonhealthcare.com/documents/540519577_mary-washington-hospital_standardcharges.csv declares last_updated_on 2024-12-30, more than 365 days before our check on 2026-09-09T10:11:17.076Z. Could you confirm whether a more current file exists and point us to it?,,,,,,
Recorded evidence: pointer https://www.marywashingtonhealthcare.com/cms-hpt.txt (HTTP 206); file https://www.marywashingtonhealthcare.com/documents/540519577_mary-washington-hospital_standardcharges.csv (HTTP 206); checked 2026-09-09T10:11:17.076Z.,,,,,,,
Thank you.,[not published],approved-for-outreach,,,,,
490140,STAFFORD HOSPITAL, LLC,VA,declared-update-date-over-365-days,Price transparency file: STAFFORD HOSPITAL,hpt-obf:v1:8smdY6jwNGExX0M6.V-pmHLyJ0WLzImXNY5mo0g.1fTnmvUrYdCtJOhPHOuE918,Hello
We maintain an independent review of hospital price-transparency files. The standard-charges file at https://www.marywashingtonhealthcare.com/documents/134316364_stafford-hospital_standardcharges.csv declares last_updated_on 2024-12-30, more than 365 days before our check on 2026-09-09T10:11:48.006Z. Could you confirm whether a more current file exists and point us to it?,,,,,,
Recorded evidence: pointer https://www.marywashingtonhealthcare.com/cms-hpt.txt (HTTP 206); file https://www.marywashingtonhealthcare.com/documents/134316364_stafford-hospital_standardcharges.csv (HTTP 206); checked 2026-09-09T10:11:48.006Z.,,,,,,,
Thank you.,[not published],approved-for-outreach,,,,,
494010,NORTHERN VIRGINIA MENTAL HEALTH INSTI,VA,declared-update-date-over-365-days,Price transparency file: NORTHERN VIRGINIA MENTAL HEALTH INSTI (CCN 494010),Hello,,
We maintain an independent review of hospital price-transparency files. The standard-charges file at https://dbhds.virginia.gov/wp-content/uploads/2025/11/540807019_northern-virginia-mental-health-institute_standardcharges.csv declares last_updated_on 2025-07-21, more than 365 days before our check on 2026-09-09T10:11:46.287Z. Could you confirm whether a more current file exists and point us to it?,,,,,,
Recorded evidence: pointer https://dbhds.virginia.gov/cms-hpt.txt (HTTP 206); file https://dbhds.virginia.gov/wp-content/uploads/2025/11/540807019_northern-virginia-mental-health-institute_standardcharges.csv (HTTP 206); checked 2026-09-09T10:11:46.287Z.,,,,,,,
Thank you.,[not published],approved-for-outreach,,,,,
494017,SOUTHERN VIRGINIA MENTAL HEALTH INSTITUTE,VA,declared-update-date-over-365-days,Price transparency file: SOUTHERN VIRGINIA MENTAL HEALTH INSTITUTE (CCN 494017),Hello,,
We maintain an independent review of hospital price-transparency files. The standard-charges file at https://dbhds.virginia.gov/wp-content/uploads/2025/11/541004175_southern-virginia-mental-health-institute_standardcharges.csv declares last_updated_on 2025-07-21, more than 365 days before our check on 2026-09-09T10:11:46.479Z. Could you confirm whether a more current file exists and point us to it?,,,,,,
Recorded evidence: pointer https://dbhds.virginia.gov/cms-hpt.txt (HTTP 206); file https://dbhds.virginia.gov/wp-content/uploads/2025/11/541004175_southern-virginia-mental-health-institute_standardcharges.csv (HTTP 206); checked 2026-09-09T10:11:46.479Z.,,,,,,,
Thank you.,[not published],approved-for-outreach,,,,,
494033,CATAWBA HOSPITAL,VA,declared-update-date-over-365-days,Price transparency file: CATAWBA HOSPITAL (CCN 494033),Hello,,
We maintain an independent review of hospital price-transparency files. The standard-charges file at https://dbhds.virginia.gov/wp-content/uploads/2025/11/546001711_catawba-hospital_standardcharges.csv declares last_updated_on 2025-01-01, more than 365 days before our check on 2026-09-09T10:11:46.863Z. Could you confirm whether a more current file exists and point us to it?,,,,,,
Recorded evidence: pointer https://dbhds.virginia.gov/cms-hpt.txt (HTTP 206); file https://dbhds.virginia.gov/wp-content/uploads/2025/11/546001711_catawba-hospital_standardcharges.csv (HTTP 206); checked 2026-09-09T10:11:46.863Z.,,,,,,,
Thank you.,[not published],approved-for-outreach,,,,,
500007,ISLAND HOSPITAL,WA,pointer-declared-file-404,Price transparency file: ISLAND HOSPITAL (CCN 500007),Hello,,
We maintain an independent review of hospital price-transparency files. Your machine-readable pointer declares https://mrfs.hyvehealthcare.com/IslandHealthSystem/910729255_island-health_standardcharges.csv, which returns HTTP 404 on repeated checks. Could you restore the file or update the pointer?,,,,,,
Recorded evidence: pointer https://islandhospital.org/cms-hpt.txt (HTTP 200); file https://mrfs.hyvehealthcare.com/IslandHealthSystem/910729255_island-health_standardcharges.csv (HTTP 404); checked 2026-09-09T10:11:44.808Z.,,,,,,,
Thank you.,[not published],approved-for-outreach,,,,,
500031,GRAYS HARBOR COMMUNITY HOSPITAL,WA,pointer-declared-file-404,Price transparency file: GRAYS HARBOR COMMUNITY HOSPITAL (CCN 500031),Hello,,
We maintain an independent review of hospital price-transparency files. Your machine-readable pointer declares http://machine-readable-files.com/harbor-regional-health/910568304_Harbor-Regional-Health_standardcharges.csv, which returns HTTP 404 on repeated checks. Could you restore the file or update the pointer?,,,,,,
Recorded evidence: pointer https://static1.squarespace.com/static/5e90f5d75542933b842d0964/t/681d2dd1e71fc254c48f7fa0/1746742737725/cms-hpt.txt (HTTP 206); file http://machine-readable-files.com/harbor-regional-health/910568304_Harbor-Regional-Health_standardcharges.csv (HTTP 404); checked 2026-09-09T10:47:50.571Z.,,,,,,,
Thank you.,[not published],approved-for-outreach,,,,,
501312,PROSSER MEMORIAL HOSPITAL,WA,declared-update-date-over-365-days,Price transparency file: PROSSER MEMORIAL HOSPITAL (CCN 501312),Hello,,
We maintain an independent review of hospital price-transparency files. The standard-charges file at https://res.cloudinary.com/dpmykpsih/raw/upload/prosser-health-site-416/media/r/98285db682424129bd554acc0db84c2a/91-6013490_prosser-memorial-health-hospital_standardcharges.csv declares last_updated_on 2025-01-01, more than 365 days before our check on 2026-09-09T10:11:47.292Z. Could you confirm whether a more current file exists and point us to it?,,,,,,
Recorded evidence: pointer https://www.prosserhealth.org/cms-hpt.txt (HTTP 206); file https://res.cloudinary.com/dpmykpsih/raw/upload/prosser-health-site-416/media/r/98285db682424129bd554acc0db84c2a/91-6013490_prosser-memorial-health-hospital_standardcharges.csv (HTTP 206); checked 2026-09-09T10:11:47.292Z.,,,,,,,
Thank you.,[not published],approved-for-outreach,,,,,
510002,CAMC GREENBRIER VALLEY MEDICAL CENTER, INC,WV,pointer-declared-file-404,Price transparency file: CAMC GREENBRIER VALLEY MEDICAL CENTER,hpt-obf:v1:JrkRAMDoWj5G6KAQ.Pl8Pn9-GhlkcNSWtDYzUgg.x8JTOG6M6ieHEbelRrzPEeI,Hello
We maintain an independent review of hospital price-transparency files. Your machine-readable pointer declares https://app.box.com/public/static/aidlfax3cyzn902r713m3ofochu48bev.csv, which returns HTTP 404 on repeated checks. Could you restore the file or update the pointer?,,,,,,
Recorded evidence: pointer https://www.camc.org/cms-hpt.txt (HTTP 206); file https://app.box.com/public/static/aidlfax3cyzn902r713m3ofochu48bev.csv (HTTP 404); checked 2026-09-09T10:47:54.251Z.,,,,,,,
Thank you.,[not published],approved-for-outreach,,,,,
510030,DAVIS MEDICAL CENTER,WV,pointer-declared-file-404,Price transparency file: DAVIS MEDICAL CENTER (CCN 510030),Hello,,
We maintain an independent review of hospital price-transparency files. Your machine-readable pointer declares https://sthpiprd.blob.core.windows.net/machine-readable-files/8555/550375433_davis-memorial-hospital_standardcharges.csv, which returns HTTP 404 on repeated checks. Could you restore the file or update the pointer?,,,,,,
Recorded evidence: pointer https://davishealthsystem.org/cms-hpt.txt (HTTP 206); file https://sthpiprd.blob.core.windows.net/machine-readable-files/8555/550375433_davis-memorial-hospital_standardcharges.csv (HTTP 404); checked 2026-09-09T10:48:43.406Z.,,,,,,,
Thank you.,[not published],approved-for-outreach,,,,,
510091,CAMC CHARLESTON SURGICAL HOSPITAL,WV,pointer-declared-file-404,Price transparency file: CAMC CHARLESTON SURGICAL HOSPITAL (CCN 510091),Hello,,
We maintain an independent review of hospital price-transparency files. Your machine-readable pointer declares https://www.camc.org/sites/default/files/CSH/550526191_Charleston-Surgical-Hospital%2C-LLC_standardcharges.csv, which returns HTTP 404 on repeated checks. Could you restore the file or update the pointer?,,,,,,
Recorded evidence: pointer https://www.camc.org/cms-hpt.txt (HTTP 206); file https://www.camc.org/sites/default/files/CSH/550526191_Charleston-Surgical-Hospital%2C-LLC_standardcharges.csv (HTTP 404); checked 2026-09-09T10:11:59.533Z.,,,,,,,
Thank you.,[not published],approved-for-outreach,,,,,
520002,ASPIRUS STEVENS POINT HOSPITAL & CLINICS, INC.,WI,declared-update-date-over-365-days,Price transparency file: ASPIRUS STEVENS POINT HOSPITAL & CLINICS,hpt-obf:v1:qOxrEVAbnhFpa3Yl.jkhgyx8_l5-s83g5Po-17A.39tvqNqAMflB3wAkT7Jiq3k_,Hello
We maintain an independent review of hospital price-transparency files. The standard-charges file at https://www.aspirus.org/Uploads/Public/Documents/PriceEstimate/TransparencyFY26/390808443_aspirus-stevens-point-hospital_standardcharges.json declares last_updated_on 2025-07-01, more than 365 days before our check on 2026-09-09T10:12:01.254Z. Could you confirm whether a more current file exists and point us to it?,,,,,,
Recorded evidence: pointer https://www.aspirus.org/cms-hpt.txt (HTTP 200); file https://www.aspirus.org/Uploads/Public/Documents/PriceEstimate/TransparencyFY26/390808443_aspirus-stevens-point-hospital_standardcharges.json (HTTP 206); checked 2026-09-09T10:12:01.254Z.,,,,,,,
Thank you.,[not published],approved-for-outreach,,,,,
520019,ASPIRUS RHINELANDER HOSPITAL,WI,declared-update-date-over-365-days,Price transparency file: ASPIRUS RHINELANDER HOSPITAL (CCN 520019),Hello,,
We maintain an independent review of hospital price-transparency files. The standard-charges file at https://www.aspirus.org/Uploads/Public/Documents/PriceEstimate/TransparencyFY26/391390638_aspirus-rhinelander-hospital_standardcharges.json declares last_updated_on 2025-07-01, more than 365 days before our check on 2026-09-09T10:12:15.167Z. Could you confirm whether a more current file exists and point us to it?,,,,,,
Recorded evidence: pointer https://www.aspirus.org/cms-hpt.txt (HTTP 200); file https://www.aspirus.org/Uploads/Public/Documents/PriceEstimate/TransparencyFY26/391390638_aspirus-rhinelander-hospital_standardcharges.json (HTTP 206); checked 2026-09-09T10:12:15.167Z.,,,,,,,
Thank you.,[not published],approved-for-outreach,,,,,
520030,ASPIRUS WAUSAU HOSPITAL,WI,declared-update-date-over-365-days,Price transparency file: ASPIRUS WAUSAU HOSPITAL (CCN 520030),Hello,,
We maintain an independent review of hospital price-transparency files. The standard-charges file at https://www.aspirus.org/Uploads/Public/Documents/PriceEstimate/TransparencyFY26/391138241_aspirus-wausau-hospital_standardcharges.json declares last_updated_on 2025-07-01, more than 365 days before our check on 2026-09-09T10:12:21.400Z. Could you confirm whether a more current file exists and point us to it?,,,,,,
Recorded evidence: pointer https://www.aspirus.org/cms-hpt.txt (HTTP 200); file https://www.aspirus.org/Uploads/Public/Documents/PriceEstimate/TransparencyFY26/391138241_aspirus-wausau-hospital_standardcharges.json (HTTP 206); checked 2026-09-09T10:12:21.400Z.,,,,,,,
Thank you.,[not published],approved-for-outreach,,,,,
520041,ASPIRUS DIVINE SAVIOR HOSPITAL,WI,declared-update-date-over-365-days,Price transparency file: ASPIRUS DIVINE SAVIOR HOSPITAL (CCN 520041),Hello,,
We maintain an independent review of hospital price-transparency files. The standard-charges file at https://www.aspirus.org/Uploads/Public/Documents/PriceEstimate/TransparencyFY26/390806250_aspirus-divine-savior-hospital_standardcharges.json declares last_updated_on 2025-07-01, more than 365 days before our check on 2026-09-09T10:12:34.067Z. Could you confirm whether a more current file exists and point us to it?,,,,,,
Recorded evidence: pointer https://www.aspirus.org/cms-hpt.txt (HTTP 200); file https://www.aspirus.org/Uploads/Public/Documents/PriceEstimate/TransparencyFY26/390806250_aspirus-divine-savior-hospital_standardcharges.json (HTTP 206); checked 2026-09-09T10:12:34.067Z.,,,,,,,
Thank you.,[not published],approved-for-outreach,,,,,
520091,HOWARD YOUNG MEDICAL CENTER,WI,declared-update-date-over-365-days,Price transparency file: HOWARD YOUNG MEDICAL CENTER (CCN 520091),Hello,,
We maintain an independent review of hospital price-transparency files. The standard-charges file at https://www.aspirus.org/Uploads/Public/Documents/PriceEstimate/TransparencyFY26/390873606_howard-young-medical-center_standardcharges.json declares last_updated_on 2025-07-01, more than 365 days before our check on 2026-09-09T10:12:35.130Z. Could you confirm whether a more current file exists and point us to it?,,,,,,
Recorded evidence: pointer https://www.aspirus.org/cms-hpt.txt (HTTP 200); file https://www.aspirus.org/Uploads/Public/Documents/PriceEstimate/TransparencyFY26/390873606_howard-young-medical-center_standardcharges.json (HTTP 206); checked 2026-09-09T10:12:35.130Z.,,,,,,,
Thank you.,[not published],approved-for-outreach,,,,,
521300,ASPIRUS EAGLE RIVER HOSPITAL,WI,declared-update-date-over-365-days,Price transparency file: ASPIRUS EAGLE RIVER HOSPITAL (CCN 521300),Hello,,
We maintain an independent review of hospital price-transparency files. The standard-charges file at https://www.aspirus.org/Uploads/Public/Documents/PriceEstimate/TransparencyFY26/390985690_aspirus-eagle-river-hospital_standardcharges.json declares last_updated_on 2025-07-01, more than 365 days before our check on 2026-09-09T10:12:41.156Z. Could you confirm whether a more current file exists and point us to it?,,,,,,
Recorded evidence: pointer https://www.aspirus.org/cms-hpt.txt (HTTP 200); file https://www.aspirus.org/Uploads/Public/Documents/PriceEstimate/TransparencyFY26/390985690_aspirus-eagle-river-hospital_standardcharges.json (HTTP 206); checked 2026-09-09T10:12:41.156Z.,,,,,,,
Thank you.,[not published],approved-for-outreach,,,,,
521311,ASPIRUS STANLEY HOSPITAL,WI,declared-update-date-over-365-days,Price transparency file: ASPIRUS STANLEY HOSPITAL (CCN 521311),Hello,,
We maintain an independent review of hospital price-transparency files. The standard-charges file at https://www.aspirus.org/Uploads/Public/Documents/PriceEstimate/TransparencyFY26/390807065_aspirus-stanley-hospital_standardcharges.json declares last_updated_on 2025-07-01, more than 365 days before our check on 2026-09-09T10:12:56.310Z. Could you confirm whether a more current file exists and point us to it?,,,,,,
Recorded evidence: pointer https://www.aspirus.org/cms-hpt.txt (HTTP 200); file https://www.aspirus.org/Uploads/Public/Documents/PriceEstimate/TransparencyFY26/390807065_aspirus-stanley-hospital_standardcharges.json (HTTP 206); checked 2026-09-09T10:12:56.310Z.,,,,,,,
Thank you.,[not published],approved-for-outreach,,,,,
521313,ASPIRUS TOMAHAWK HOSPITAL,WI,declared-update-date-over-365-days,Price transparency file: ASPIRUS TOMAHAWK HOSPITAL (CCN 521313),Hello,,
We maintain an independent review of hospital price-transparency files. The standard-charges file at https://www.aspirus.org/Uploads/Public/Documents/PriceEstimate/TransparencyFY26/391390638_aspirus-tomahawk-hospital_standardcharges.json declares last_updated_on 2025-07-01, more than 365 days before our check on 2026-09-09T10:12:57.143Z. Could you confirm whether a more current file exists and point us to it?,,,,,,
Recorded evidence: pointer https://www.aspirus.org/cms-hpt.txt (HTTP 200); file https://www.aspirus.org/Uploads/Public/Documents/PriceEstimate/TransparencyFY26/391390638_aspirus-tomahawk-hospital_standardcharges.json (HTTP 206); checked 2026-09-09T10:12:57.143Z.,,,,,,,
Thank you.,[not published],approved-for-outreach,,,,,
521324,ASPIRUS MEDFORD HOSPITAL & CLINICS, INC,WI,declared-update-date-over-365-days,Price transparency file: ASPIRUS MEDFORD HOSPITAL & CLINICS,hpt-obf:v1:pNZYVBajFQxUgo7K.U81vgo2d77rdVBLD5qoWhQ.7SxXdyCK6iefy6NTEP9PPyI,Hello
We maintain an independent review of hospital price-transparency files. The standard-charges file at https://www.aspirus.org/Uploads/Public/Documents/PriceEstimate/TransparencyFY26/390964813_aspirus-medford-hospital-_standardcharges.json declares last_updated_on 2025-07-01, more than 365 days before our check on 2026-09-09T10:13:03.264Z. Could you confirm whether a more current file exists and point us to it?,,,,,,
Recorded evidence: pointer https://www.aspirus.org/cms-hpt.txt (HTTP 200); file https://www.aspirus.org/Uploads/Public/Documents/PriceEstimate/TransparencyFY26/390964813_aspirus-medford-hospital-_standardcharges.json (HTTP 206); checked 2026-09-09T10:13:03.264Z.,,,,,,,
Thank you.,[not published],approved-for-outreach,,,,,
521331,BURNETT MEDICAL CENTER,WI,declared-update-date-over-365-days,Price transparency file: BURNETT MEDICAL CENTER (CCN 521331),Hello,,
We maintain an independent review of hospital price-transparency files. The standard-charges file at https://www.burnettmedicalcenter.com/wp-content/uploads/2025/03/390938661_BurnettMedicalCenter_standardcharges.csv declares last_updated_on 2024-07-01, more than 365 days before our check on 2026-09-09T10:12:00.383Z. Could you confirm whether a more current file exists and point us to it?,,,,,,
Recorded evidence: pointer https://www.burnettmedicalcenter.com/cms-hpt.txt (HTTP 206); file https://www.burnettmedicalcenter.com/wp-content/uploads/2025/03/390938661_BurnettMedicalCenter_standardcharges.csv (HTTP 206); checked 2026-09-09T10:12:00.383Z.,,,,,,,
Thank you.,[not published],approved-for-outreach,,,,,
521335,HUDSON HOSPITAL,WI,file-declares-conflicting-license-state,Price transparency file: HUDSON HOSPITAL (CCN 521335),Hello,,
We maintain an independent review of hospital price-transparency files. The file at https://www.healthpartners.com/content/dam/brand-identity/pdfs/care/390804125_hudsonhospital_standardcharges.csv declares license state MN while your CMS enrollment lists WI; its name and address otherwise match exactly. Could you correct the license_state field?,,,,,,,
Recorded evidence: pointer https://www.healthpartners.com/cms-hpt.txt (HTTP 206); file https://www.healthpartners.com/content/dam/brand-identity/pdfs/care/390804125_hudsonhospital_standardcharges.csv (HTTP 206); checked 2026-09-09T10:38:30.948Z.,,,,,,,
Thank you.,[not published],approved-for-outreach,,,,,
521339,ASPIRUS MERRILL HOSPITAL,WI,declared-update-date-over-365-days,Price transparency file: ASPIRUS MERRILL HOSPITAL (CCN 521339),Hello,,
We maintain an independent review of hospital price-transparency files. The standard-charges file at https://www.aspirus.org/Uploads/Public/Documents/PriceEstimate/TransparencyFY26/390808503_aspirus-merrill-hospital_standardcharges.json declares last_updated_on 2025-07-01, more than 365 days before our check on 2026-09-09T10:13:10.043Z. Could you confirm whether a more current file exists and point us to it?,,,,,,
Recorded evidence: pointer https://www.aspirus.org/cms-hpt.txt (HTTP 200); file https://www.aspirus.org/Uploads/Public/Documents/PriceEstimate/TransparencyFY26/390808503_aspirus-merrill-hospital_standardcharges.json (HTTP 206); checked 2026-09-09T10:13:10.043Z.,,,,,,,
Thank you.,[not published],approved-for-outreach,,,,,
521350,LANGLADE HOSPITAL,WI,declared-update-date-over-365-days,Price transparency file: LANGLADE HOSPITAL (CCN 521350),Hello,,
We maintain an independent review of hospital price-transparency files. The standard-charges file at https://www.aspirus.org/Uploads/Public/Documents/PriceEstimate/TransparencyFY26/390806429_aspirus-langlade-hospital_standardcharges.json declares last_updated_on 2025-07-01, more than 365 days before our check on 2026-09-09T10:13:25.690Z. Could you confirm whether a more current file exists and point us to it?,,,,,,
Recorded evidence: pointer https://www.aspirus.org/cms-hpt.txt (HTTP 200); file https://www.aspirus.org/Uploads/Public/Documents/PriceEstimate/TransparencyFY26/390806429_aspirus-langlade-hospital_standardcharges.json (HTTP 206); checked 2026-09-09T10:13:25.690Z.,,,,,,,
Thank you.,[not published],approved-for-outreach,,,,,
524019,NORWOOD HEALTH CENTER,WI,template-version-unrecognized,Price transparency file: NORWOOD HEALTH CENTER (CCN 524019),Hello,,
We maintain an independent review of hospital price-transparency files. The file at https://www.woodcountywi.gov/Departments/Norwood/Doc/39-6005763_Norwood-Health-Center_standardcharges.csv declares template version 4.0.0, which this review does not recognize; its update date (2026-04-01) and facility identity are otherwise current. Could you confirm which CMS data dictionary version it implements?,,,,,,
Recorded evidence: pointer https://woodcountywi.gov/cms-hpt.txt (HTTP 206); file https://www.woodcountywi.gov/Departments/Norwood/Doc/39-6005763_Norwood-Health-Center_standardcharges.csv (HTTP 206); checked 2026-09-09T10:12:00.255Z.,,,,,,,
Thank you.,[not published],approved-for-outreach,,,,,
670321,ADVANCED DALLAS HOSPITALS AND CLINICS,TX,declared-update-date-over-365-days,Price transparency file: ADVANCED DALLAS HOSPITALS AND CLINICS (CCN 670321),Hello,,
We maintain an independent review of hospital price-transparency files. The standard-charges file at https://hospitalpricetransparencyfiles.com/advanced-dallas-hospital-and-clinics/852671865_Advanced-Dallas-Hospital-and-Clinics-LLC_standardcharges.csv declares last_updated_on 2025-07-20, more than 365 days before our check on 2026-09-09T10:12:13.917Z. Could you confirm whether a more current file exists and point us to it?,,,,,,
Recorded evidence: pointer https://adhealthcare.com/cms-hpt.txt (HTTP 206); file https://hospitalpricetransparencyfiles.com/advanced-dallas-hospital-and-clinics/852671865_Advanced-Dallas-Hospital-and-Clinics-LLC_standardcharges.csv (HTTP 206); checked 2026-09-09T10:12:13.917Z.,,,,,,,
Thank you.,[not published],approved-for-outreach,,,,,
670336,BANDERA FAMILY HOSPITAL,TX,declared-update-date-over-365-days,Price transparency file: BANDERA FAMILY HOSPITAL (CCN 670336),Hello,,
We maintain an independent review of hospital price-transparency files. The standard-charges file at https://fhsmc.com/price-transparency/920323729_bandera-family-hospital_standardcharges.csv declares last_updated_on 2025-08-29, more than 365 days before our check on 2026-09-09T10:12:14.582Z. Could you confirm whether a more current file exists and point us to it?,,,,,,
Recorded evidence: pointer https://fhsmc.com/price-transparency/cms-hpt-txt/?tmstv=1773081269 (HTTP 200); file https://fhsmc.com/price-transparency/920323729_bandera-family-hospital_standardcharges.csv (HTTP 200); checked 2026-09-09T10:12:14.582Z.,,,,,,,
Thank you.,[not published],approved-for-outreach,,,,,
