ccn,hospital_name,state,previous_status,disposition,issue,next_step,pointer_url,pointer_status,pointer_checked_at,pointer_declared_url,mrf_url,mrf_status,mrf_final_url,identity,identity_basis,header_name,header_location,header_state,date,version,metadata,file_checked_at,pointer_sha256,file_sha256,adjudicated,note
010065,RUSSELL MEDICAL CENTER,AL,metadata-or-pointer-review,publisher-issue,declared-update-date-over-365-days,"Publisher inquiry with the recorded file URL, declared date and response hash; recheck after their update window",,,,,https://rm.121cms.com/wp-content/uploads/630385130_russell-medical-center__standardcharges-1-1.csv,206,https://rm.121cms.com/wp-content/uploads/630385130_russell-medical-center__standardcharges-1-1.csv,corroborated,file-name-and-address,Russell Medical Center,Russell Medical Center,AL,2025-06-15,2.0.0,date-over-365-days,2026-09-09T11:27:59.220Z,,bd70f4ef20ddc1c48860505ac8c2c987376954cedb2211a8ab289de8eb6762f2,,Same declared date 2025-06-15 observed again after the earlier check (2026-09-09T02:25:17.220Z).
010148,EVERGREEN MEDICAL CENTER,AL,pointer-or-domain-review,publisher-issue,declared-update-date-over-365-days,"Publisher inquiry with the recorded file URL, declared date and response hash; recheck after their update window",https://www.evergreenmedical.org/cms-hpt.txt,200,2026-09-09T10:37:04.835Z,,https://irp.cdn-website.com/1a9867e2/files/uploaded/208057151_evergreenmedicalcenter_standardcharges-8969ef83.csv,206,https://irp.cdn-website.com/1a9867e2/files/uploaded/208057151_evergreenmedicalcenter_standardcharges-8969ef83.csv,corroborated,file-name-and-address,Evergreen Medical Center,Evergreen Medical Center,AL,2025-08-07,2.0.0,date-over-365-days,2026-09-09T16:08:59.999Z,b135a2161192edf3fb79aa4ed0c8fdbab5137c202a78887a0cd081289bc8f5f8,0cac46895c4ace88ac3208e511c6261e2e88159794f3e8b7e888a0dd824a19fe,,Declared date over 365 days at check time.
010168,JACK HUGHSTON MEMORIAL HOSPITAL,AL,identity-or-format-review,publisher-issue,pointer-declared-file-404,Publisher inquiry to restore or replace the declared file; recheck after their update window,https://al.hughston.com/cms-hpt.txt,206,2026-09-09T10:37:14.918Z,,https://al.hughston.com/wp-content/uploads/sites/8/2024/02/331058243_jack-hughston-memorial-hospital_standardcharges.json,404,,,,,,,,,,2026-09-09T10:06:32.689Z,936c4bfd9a48cfb9ceb22db0232df2b72e2d64f3e2d78a498acff9dd5c3b8eba,,,The official pointer declares this file URL and it returns 404 on repeated checks; reproducible broken link.
011308,CRENSHAW COMMUNITY HOSPITAL,AL,metadata-or-pointer-review,publisher-issue,template-version-older-than-3,Publisher inquiry about the declared template version; recheck after their update window,https://crenshawcommunityhospital.com/wp-content/uploads/2025/11/cms-hpt.txt,206,2026-09-09T10:37:16.188Z,,https://crenshawcommunityhospital.com/wp-content/uploads/2025/10/000817582_crenshaw-community-hospital_standardcharges-2.csv,206,https://crenshawcommunityhospital.com/wp-content/uploads/2025/10/000817582_crenshaw-community-hospital_standardcharges-2.csv,corroborated,file-name-and-address,Crenshaw County Health Care Authority,Crenshaw Community Hospital,AL,2025-10-13,2.0.0,date-within-365-days-older-version,2026-09-09T10:07:02.341Z,dbf519d804660181484db4984da481bae0dd67daee289df1f2bede92ae5d2e3d,d47780b91e7d429f0af10d59abe0e649c37612991a3b21da2552440dcf3e9a06,,Declared version 2.0.0 with a current date; publisher has not adopted the current CMS dictionary.
021314,SOUTHEAST ALASKA REGIONAL HEALTH CONSORTIUM,AK,metadata-or-pointer-review,publisher-issue,declared-update-date-over-365-days,"Publisher inquiry with the recorded file URL, declared date and response hash; recheck after their update window",,,,,https://apps.para-hcfs.com/PTT/FinalLinks/Reports.aspx?dbName=dbSARHCSITKAAK&type=CDMWithoutLabel,200,https://apps.para-hcfs.com/PTT/FinalLinks/Reports.aspx?dbName=dbSARHCSITKAAK&type=CDMWithoutLabel,corroborated,file-name-and-address,SouthEast Alaska Regional Health Consortium (SEARHC),SouthEast Alaska Regional Health Consortium (SEARHC),AK,2024-12-09,2.0.0,date-over-365-days,2026-09-09T10:06:57.001Z,,8e7b23d1eb3e811f4644bdda03f3d83788101ae514bcb27d589b6265601e303c,,Same declared date 2024-12-09 observed again after the earlier check (2026-09-09T02:25:42.245Z).
030062,SUMMIT HEALTHCARE REGIONAL MEDICAL CENTER,AZ,publisher-date-review,publisher-issue,declared-update-date-over-365-days,"Publisher inquiry with the recorded file URL, declared date and response hash; recheck after their update window",https://summithealthcare.net/cms-hpt.txt,200,2026-09-09T10:06:55.117Z,,https://hospitalpricedisclosure.com/download.aspx?pi=L*__*5isnkJWsT9OFJEKfZzfA*-*,206,https://cleverleypteusstatic.blob.core.windows.net/readable/860320447_summit-healthcare-regional-medical-center_standardcharges.json,corroborated,file-name-and-address,Summit Healthcare Regional Medical Center,Summit Healthcare Regional Medical Center,AZ,2025-01-01,2.2.0,date-over-365-days,2026-09-09T10:06:56.588Z,d0737c252cc0a30af3804fabd5de919182b28313d97fee11758ce518354e478c,f5b1c5ceedaf96829d1c248ab06a57cd6bed241a903c29759e17f5d807f584ea,,Same declared date 2025-01-01 observed again after the earlier check (2026-09-09T01:47:32.030Z).
030153,EAST VALLEY ER & HOSPITAL,AZ,publisher-template-review,publisher-issue,template-version-older-than-3,Publisher inquiry about the declared template version; recheck after their update window,https://eastvalleyhospital.com/cms-hpt.txt,200,2026-09-09T10:06:55.732Z,,https://eastvalleyhospital.com/wp-content/uploads/2025/10/862195601-1881352037_east-valley-hospital-llc_standardcharges-3in.csv,200,https://eastvalleyhospital.com/wp-content/uploads/2025/10/862195601-1881352037_east-valley-hospital-llc_standardcharges-3in.csv,corroborated,file-name-and-address,East Valley ER & Hospital,East Valley ER & Hospital,AZ,2025-10-10,2.1.0,date-within-365-days-older-version,2026-09-09T10:06:56.682Z,e746d2f89bf9d6598765309d71e0f364049f2f11a7be9fdd28e4f196c15e5b06,a085dc21f1573aaadb0fa81249b7b6b6b5d0561be43d4d126f30ee6d209d5c61,,Declared version 2.1.0 with a current date; publisher has not adopted the current CMS dictionary.
034013,COLLEGE MEDICAL CENTER PHOENIX,AZ,publisher-template-review,publisher-issue,template-version-older-than-3,Publisher inquiry about the declared template version; recheck after their update window,https://cmcphoenix.com/cms-hpt.txt,200,2026-09-09T10:06:56.981Z,,https://cmcphoenix.com/331313844_college-medical-center-phoenix_standardcharges-3/,200,https://cmcphoenix.com/wp-content/uploads/2026/05/331313844_college-medical-center-phoenix_standardcharges.csv,corroborated,file-name-and-address,College Medical Center - Phoenix,College Medical Center - Phoenix,AZ,2026-03-11,1,date-within-365-days-older-version,2026-09-09T10:07:02.760Z,272b2e24d4cc770242ad25d12b0b735445512cc5e38bd2e96910db6fe2b7e23e,a7e897b12389d7a3cc0381ed42fa1584b88a35961ddb382c0c2eb2386dd5d616,,Declared version 1 with a current date; publisher has not adopted the current CMS dictionary.
034025,THE HEALING PLACE,AZ,publisher-template-review,publisher-issue,template-version-older-than-3,Publisher inquiry about the declared template version; recheck after their update window,https://static1.squarespace.com/static/641cdb99a1fef46a48846e0c/t/69177051ff07795f6421eb3a/1763143790342/cms-hpt.txt,206,2026-09-09T10:06:57.227Z,,https://www.polarahealth.com/s/TheHealingPlace_MainCampus_StandardCharges.csv,206,https://static1.squarespace.com/static/641cdb99a1fef46a48846e0c/t/690bfaba30814f516bc80c9f/1762392762091/TheHealingPlace_MainCampus_StandardCharges.csv,corroborated,file-name-and-address,The Healing Place,The Healing Place,AZ,2025-11-04,2.0.0,date-within-365-days-older-version,2026-09-09T10:06:57.339Z,8a24d3f97331ac40f798307ba3f109cd4f5e95aadd628d1b36b94d92e671eb43,7b1842b07c50054ad47d4fe364adfe79a7c7b18e07ee3d7b056d443ac20b43ec,,Declared version 2.0.0 with a current date; publisher has not adopted the current CMS dictionary.
034034,DESTINY SPRINGS HEALTHCARE,AZ,file-access-review,publisher-issue,pointer-declared-file-404,Publisher inquiry to restore or replace the declared file; recheck after their update window,https://5798232a-0473-45d2-b484-accd085e50e0.usrfiles.com/ugd/579823_c1d62be5375442a28d99445b448b1c3e.txt,206,2026-09-09T10:06:57.232Z,,https://www.destinyspringshealthcare.com/files/81-4160201_Destiny-Springs-Healthcare_standardcharges.csv,404,https://1b6f986b-8b16-4924-9a50-0cb7e3aaae2f.filesusr.com/ugd/579823_eb7db2b89803407a90b9c18a5c9c739f.csv?dn=81-4160201_Destiny-Springs-Healthcare_standardcharges.csv,corroborated,file-name-and-address,Destiny Springs Healthcare,Destiny Springs Healthcare – Surprise,AZ,2025-12-11,3.0 CSV Tall,date-within-365-days-version-3,2026-09-09T10:43:52.090Z,ccccc92d5d4a9309acca28ceaf924e4bd316ff2fa2980642b9048b4150c25310,99dca5fb1c551215ce123f7e1308846544217097028da0ffc473430a5b24ea18,,The official pointer declares this file URL and it returns 404 on repeated checks; reproducible broken link.
034035,AVENIR BEHAVIORAL HEALTH CENTER,AZ,publisher-template-review,publisher-issue,template-version-older-than-3,Publisher inquiry about the declared template version; recheck after their update window,https://g5-assets-cld-res.cloudinary.com/raw/upload/v1759426049/g5/g5-c-5hk8rftzt-avenir-senior-living-single-domain/g5-cl-1ivmhxc3h3-avenir-senior-living/uploads/cms-hptt_ggurj3.txt,200,2026-09-09T10:06:57.219Z,,https://g5-assets-cld-res.cloudinary.com/raw/upload/v1759418416/g5/g5-c-5hk8rftzt-avenir-senior-living-single-domain/g5-cl-1ivmlhcajg-avenir-center-for-behavioral-health-at-surprise/uploads/400629305_avenir_behavioral_center_standardcharges_wrurw3.csv,200,https://g5-assets-cld-res.cloudinary.com/raw/upload/v1759418416/g5/g5-c-5hk8rftzt-avenir-senior-living-single-domain/g5-cl-1ivmlhcajg-avenir-center-for-behavioral-health-at-surprise/uploads/400629305_avenir_behavioral_center_standardcharges_wrurw3.csv,corroborated,file-name-and-address,Avenir Behavioral health Center,Avenir Behavioral health Center,AZ,2025-09-30,2.0.0,date-within-365-days-older-version,2026-09-09T10:06:57.272Z,b0e0ec886e64e010514ee02b17c35745813a843f850d9cfe86e447f823301496,d1a86932fc3dd1b2da16c38ed545d33ed708692ad5514f36429962d03fbeb12f,,Declared version 2.0.0 with a current date; publisher has not adopted the current CMS dictionary.
040014,WHITE COUNTY MEDICAL CENTER,AR,publisher-date-review,publisher-issue,declared-update-date-over-365-days,"Publisher inquiry with the recorded file URL, declared date and response hash; recheck after their update window",https://res.cloudinary.com/dpmykpsih/raw/upload/unity-health-2024-site-471/media/r/6ffa86dd7af948a4b4216e06cb522e07/unity-healthcms-hpt.txt,206,2026-09-09T10:06:57.692Z,,https://res.cloudinary.com/dpmykpsih/raw/upload/unity-health-2024-site-471/media/r/f7b14e4eba234333a31eb2d09e307e62/71-0772737_unity-health-white-county-medical-center_standardcharges.json,206,https://res.cloudinary.com/dpmykpsih/raw/upload/unity-health-2024-site-471/media/r/f7b14e4eba234333a31eb2d09e307e62/71-0772737_unity-health-white-county-medical-center_standardcharges.json,corroborated,file-name-and-address,Unity Health White County Medical Center,Unity Health White County Medical Center,AR,2025-03-01,2.2.0,date-over-365-days,2026-09-09T10:06:58.041Z,4ed681b955f9316848755ccd1352c56a23f67331474733bbf3829213216a1551,8c06a607fb9672b53040b4748fa477ec6365b691d0418972d20bab1e2cf7ea28,,Same declared date 2025-03-01 observed again after the earlier check (2026-09-09T01:47:31.550Z).
040164,UNITY HEALTH - JACKSONVILLE,AR,publisher-date-review,publisher-issue,declared-update-date-over-365-days,"Publisher inquiry with the recorded file URL, declared date and response hash; recheck after their update window",https://res.cloudinary.com/dpmykpsih/raw/upload/unity-health-2024-site-471/media/r/6ffa86dd7af948a4b4216e06cb522e07/unity-healthcms-hpt.txt,206,2026-09-09T10:06:57.692Z,,https://res.cloudinary.com/dpmykpsih/raw/upload/unity-health-2024-site-471/media/r/9853a0e7e4714bd59ef913643cafb308/86-2564877_unity-health-jacksonville_standardcharges.json,206,https://res.cloudinary.com/dpmykpsih/raw/upload/unity-health-2024-site-471/media/r/9853a0e7e4714bd59ef913643cafb308/86-2564877_unity-health-jacksonville_standardcharges.json,corroborated,file-name-and-address,Unity Health - Jacksonville,Unity Health - Jacksonville,AR,2025-03-01,2.2.0,date-over-365-days,2026-09-09T10:07:01.910Z,4ed681b955f9316848755ccd1352c56a23f67331474733bbf3829213216a1551,54803b8b514c0a8acd94c1cf8d354349ef3e2717bf2f0ff57a9bc82599f8effb,,Same declared date 2025-03-01 observed again after the earlier check (2026-09-09T01:47:31.340Z).
041309,LAWRENCE MEMORIAL HOSPITAL,AR,file-access-review,publisher-issue,pointer-declared-file-404,Publisher inquiry to restore or replace the declared file; recheck after their update window,https://www.mhlawrencehospital.org/cms-hpt.txt,206,2026-09-09T10:07:00.377Z,,https://www.mhlawrencehospital.org/LawrenceGeneral/media/PDF-Docs/042103586_LawerenceGeneralHospital_standardcharges.csv,404,https://lawrencememorial.info/storage/cms/library/documents/731547175_lawrence-memorial-health-foundation-inc_standardcharges.csv,corroborated,file-name-and-address,"LAWRENCE MEMORIAL HEALTH FOUNDATION, INC",LAWRENCE MEMORIAL HOSPITAL,AR,2025-12-22,3.0.0,date-within-365-days-version-3,2026-09-09T10:43:53.382Z,f602f1a77bd0c6e2ae66c7f4febf63ca178b3fac46c65e712dd590514222794e,4d02b84002bf0a83a8137d77ef26e38f0e32fc2834aab1b954cd3f8bea988f2f,,The official pointer declares this file URL and it returns 404 on repeated checks; reproducible broken link.
041332,UNITY HEALTH - NEWPORT,AR,publisher-date-review,publisher-issue,declared-update-date-over-365-days,"Publisher inquiry with the recorded file URL, declared date and response hash; recheck after their update window",https://res.cloudinary.com/dpmykpsih/raw/upload/unity-health-2024-site-471/media/r/6ffa86dd7af948a4b4216e06cb522e07/unity-healthcms-hpt.txt,206,2026-09-09T10:06:57.692Z,,https://res.cloudinary.com/dpmykpsih/raw/upload/unity-health-2024-site-471/media/r/e095f26cd5034d22b9124fc30dcecb5a/86-1835149_unity-health-newport_standardcharges.json,206,https://res.cloudinary.com/dpmykpsih/raw/upload/unity-health-2024-site-471/media/r/e095f26cd5034d22b9124fc30dcecb5a/86-1835149_unity-health-newport_standardcharges.json,corroborated,file-name-and-address,Unity Health - Newport,Unity Health - Newport,AR,2025-03-01,2.2.0,date-over-365-days,2026-09-09T10:07:02.378Z,4ed681b955f9316848755ccd1352c56a23f67331474733bbf3829213216a1551,c7b45497705b1fc173ea4f4c6bfd23fe1b931706fe82673be6047c051a898559,,Same declared date 2025-03-01 observed again after the earlier check (2026-09-09T01:47:31.400Z).
050292,RIVERSIDE UNIVERSITY HEALTH SYSTEM-MEDICAL CENTER,CA,metadata-or-pointer-review,publisher-issue,template-version-unrecognized,Publisher inquiry: confirm which CMS data dictionary version the file implements; recheck on their reply,https://ruhealth.org/cms-hpt.txt,206,2026-09-09T10:07:03.058Z,,https://www.ruhealth.org/956000930_riverside-university-health-system_standardcharges.csv,206,https://www.ruhealth.org/956000930_riverside-university-health-system_standardcharges.csv,corroborated,file-name-and-address,Riverside University Medical Center,Riverside University Medical Center,CA,2026-03-30,2026.1.0,date-within-365-days-version-unverified,2026-09-09T10:07:03.107Z,b54fbe31b0e46b5f05271b0fd7187bb1dfc7e3473a0828cce58bf9d5cc3d7ad0,04fd3ed5dc2ae31a0da7b016e706c2f423377805040992e0028dc9b6608b8905,,Declared template version 2026.1.0 is not a recognized CMS data dictionary version; facility identity and the 2026-03-30 update date are corroborated.
050625,CEDARS-SINAI MEDICAL CENTER,CA,publisher-template-review,publisher-issue,template-version-older-than-3,Publisher inquiry about the declared template version; recheck after their update window,https://www.cedars-sinai.org/cms-hpt.txt,206,2026-09-09T10:07:04.295Z,,https://www.cedars-sinai.org/content/dam/cedars-sinai/billing-insurance/documents/951644600_CEDARS-SINAI-MEDICAL-CENTER_standardcharges.json,200,https://www.cedars-sinai.org/content/dam/cedars-sinai/billing-insurance/documents/951644600_CEDARS-SINAI-MEDICAL-CENTER_standardcharges.json,corroborated,file-name-and-address,Cedars-Sinai Medical Center,Cedars-Sinai Medical Center,CA,2025-11-26,2.0.0,date-within-365-days-older-version,2026-09-09T10:07:05.033Z,03159e751868fa2c399dfac9eb4ad8ff9b66bf0ffd00e4119fe411c0418269c4,b02db000094d1e6a037e8abf4f7d584bb7101eb8816dad49d4b646c8551d64a0,,Declared version 2.0.0 with a current date; publisher has not adopted the current CMS dictionary.
050708,FRESNO SURGICAL HOSPITAL,CA,pointer-or-domain-review,publisher-issue,file-published-no-machine-pointer,Publisher inquiry: ask the facility to publish a machine-readable pointer (cms-hpt.txt) alongside the file; the file itself is already verified,https://fresnosurgicalhospital.com/cms-hpt.txt,403,2026-09-09T11:41:17.134Z,,https://mrfs.hyvehealthcare.com/USPI/770011624_fresno-surgery-center-lp_standardcharges.json,206,https://mrfs.hyvehealthcare.com/USPI/770011624_fresno-surgery-center-lp_standardcharges.json,corroborated,file-name-and-address,Fresno Surgery Center LP,Fresno Surgical Hospital,CA,2026-04-08,3.0.0,date-within-365-days-version-3,2026-09-09T16:09:00.007Z,,df934eecfa7a07eeb4e5d87df3917732a947db507042de38266677c849d00e47,,"File served on the facility's own site is current (2026-04-08, version 3.0.0) and its header matches the roster facility, but no machine-readable pointer declares it."
050854,"ANAHEIM COMMUNITY HOSPITAL, LLC",CA,publisher-date-review,publisher-issue,declared-update-date-over-365-days,"Publisher inquiry with the recorded file URL, declared date and response hash; recheck after their update window",https://anaheimcommunityhospital.com/cms-hpt.txt,200,2026-09-09T10:07:03.515Z,,https://www.anaheimcommunityhospital.com/wp-content/uploads/2025/03/854314119_anaheim-community-hospital-llc_standardcharges.csv,206,https://www.anaheimcommunityhospital.com/wp-content/uploads/2025/03/854314119_anaheim-community-hospital-llc_standardcharges.csv,corroborated,file-name-and-address,"Anaheim Community Hospital, LLC",Anaheim Community Hospital,CA,2025-03-03,2.0.0,date-over-365-days,2026-09-09T10:07:03.900Z,9de30b38a8ab114294fce5ee23063a0884c85ce85b574501397803fee9b28f9b,c355fa1ee8b670b51b5b1be6365e8cbebbb5fdf608034116a3f73992f38f5f0f,,Same declared date 2025-03-03 observed again after the earlier check (2026-09-09T01:47:44.736Z).
051306,GLENN MEDICAL CENTER,CA,publisher-template-review,publisher-issue,template-version-older-than-3,Publisher inquiry about the declared template version; recheck after their update window,https://gmcmed.org/cms-hpt.txt,200,2026-09-09T10:07:04.386Z,,https://apps.para-hcfs.com/PTT/FinalLinks/Reports.aspx?dbName=dbGMCWILLOWSCA&type=CDMWithoutLabel&fileType=CSV,200,https://apps.para-hcfs.com/PTT/FinalLinks/Reports.aspx?dbName=dbGMCWILLOWSCA&type=CDMWithoutLabel&fileType=CSV,corroborated,exact-pointer-name-and-file-address,American Advanced - Glenn Medical Center,American Advanced - Glenn Medical Center,CA,2025-10-04,2.0.0,date-within-365-days-older-version,2026-09-09T10:07:12.351Z,06554a39341dd96462cd4c2403383d7c21760781363f3c6445a858d0b4e4162f,9361471aa6fa72895352b3e41efc3c9aa81469b20604abd73c9cd45ab110d854,,Declared version 2.0.0 with a current date; publisher has not adopted the current CMS dictionary.
051324,NORTHERN INYO HOSPITAL,CA,publisher-date-review,publisher-issue,declared-update-date-over-365-days,"Publisher inquiry with the recorded file URL, declared date and response hash; recheck after their update window",https://www.nih.org/cms-hpt.txt,206,2026-09-09T10:07:03.914Z,,https://www.nih.org/documents/956005449_northern-inyo-hospital_standardcharges.csv,206,https://www.nih.org/documents/956005449_northern-inyo-hospital_standardcharges.csv,corroborated,file-name-and-address,Northern Inyo Hospital,Northern Inyo Hospital,CA,2024-10-01,2.2.0,date-over-365-days,2026-09-09T10:07:04.224Z,2a9cfbcf3da79575f6909198398163650d0545181a27dfdeeec89507b51c116e,6b9eb1b5ae6ec49ed9743150e834a261f2bf68b9473062392432ada3713f3504,,Same declared date 2024-10-01 observed again after the earlier check (2026-09-09T01:47:45.589Z).
051335,BEAR VALLEY COMMUNITY HOSPITAL,CA,publisher-date-review,publisher-issue,declared-update-date-over-365-days,"Publisher inquiry with the recorded file URL, declared date and response hash; recheck after their update window",https://bvchd.com/cms-hpt.txt,200,2026-09-09T10:07:03.601Z,,https://bvchd.com/wp-content/uploads/2024/09/330294751_BEAR-VALLEY-COMMUNITY-HOSPITAL_standardcharges.csv,206,https://bvchd.com/wp-content/uploads/2024/09/330294751_BEAR-VALLEY-COMMUNITY-HOSPITAL_standardcharges.csv,corroborated,file-name-and-address,Bear Valley Healthcare District,Bear Valley Community Hospital,CA,2024-08-29,2.0.0,date-over-365-days,2026-09-09T10:07:04.071Z,113ff7dd3b2b091a0f4261e00397342c55f59e94b38672524b5b10dcd190194e,e37ec51afece53c7218bcf9141b0530335ba3622a2aaf52df5aa3dd79c6b6977,,Same declared date 2024-08-29 observed again after the earlier check (2026-09-09T01:47:44.821Z).
054028,GATEWAYS HOSP  MENTAL HEALTH CTR,CA,publisher-date-review,publisher-issue,declared-update-date-over-365-days,"Publisher inquiry with the recorded file URL, declared date and response hash; recheck after their update window",https://gatewayshospital.org/cms-hpt.txt,200,2026-09-09T10:07:03.922Z,,https://www.gatewayshospital.org/price-transparency/95-1691011_gateways-hospital-and-mental-health-center_standardcharges.csv,206,https://www.gatewayshospital.org/price-transparency/95-1691011_gateways-hospital-and-mental-health-center_standardcharges.csv,corroborated,file-name-and-address,Gateways Hospital and Mental Health Center,Gateways Hospital and Mental Health Center\|Gateways Hospital and Mental Health Center,CA,2025-08-06,3.0.0,date-over-365-days,2026-09-09T10:07:04.166Z,160c2106c82c11312467ff8c4cfbf90a7a4e6fc5238ac61ce46ada30992a37f2,70c0d62d8269d1653b2e31b0cedf81b439b5ec8c6ef8a379be00bd3c27592b3e,,Same declared date 2025-08-06 observed again after the earlier check (2026-09-09T01:47:45.521Z).
054158,"ALISO RIDGE BEHAVIORAL HEALTH, LLC",CA,publisher-date-review,publisher-issue,declared-update-date-over-365-days,"Publisher inquiry with the recorded file URL, declared date and response hash; recheck after their update window",https://www.ocspecialtyhealth.com/cms-hpt.txt,200,2026-09-09T10:07:04.197Z,,https://www.ocspecialtyhealth.com/wp-content/uploads/2025/03/811504286_aliso-ridge-behavioral-health-llc_standardcharges.csv,206,https://www.ocspecialtyhealth.com/wp-content/uploads/2025/03/811504286_aliso-ridge-behavioral-health-llc_standardcharges.csv,corroborated,file-name-and-address,"Aliso Ridge Behavioral Health, LLC",Aliso Ridge Behavioral Health,CA,2025-03-21,2.0.0,date-over-365-days,2026-09-09T10:07:04.349Z,026c3bbe410121d6b0ffa77fe6c4eff9092c46e70f7748c7c60ec4790f904683,018294897b7bc0c023af821f60b9b6c6b11aa9ed080836985b55627a3f2579c5,,Same declared date 2025-03-21 observed again after the earlier check (2026-09-09T01:47:43.539Z).
061323,PROWERS MEDICAL CENTER,CO,identity-or-format-review,publisher-issue,declared-update-date-over-365-days,"Publisher inquiry with the recorded file URL, declared date and response hash; recheck after their update window",https://www.prowersmedical.com/cms-hpt.txt,206,2026-09-09T10:07:05.372Z,,https://www.prowersmedical.com/wp-content/uploads/840584583_PROWERS-MEDICAL-CENTER_STANDARDCHARGES.csv,206,https://www.prowersmedical.com/wp-content/uploads/840584583_PROWERS-MEDICAL-CENTER_STANDARDCHARGES.csv,corroborated-adjudicated,exact-name-and-address-without-license-state,Prowers Medical Center,Prowers Medical Center,,2025-01-01,2.0.0,date-over-365-days,2026-09-09T10:07:05.176Z,153c83c89d9ada24f24cd71272612c1344f310a7555599efca2a6a5f28c7773d,f1de55815c96f0d5852df63efd721559cc57af6392f15c5cf8ad91010f73dffb,exact-name-and-address-without-license-state,Same declared date 2025-01-01 observed again after the earlier check (2026-09-09T02:26:51.813Z).
061343,KEEFE MEMORIAL HOSPITAL,CO,publisher-date-review,publisher-issue,declared-update-date-over-365-days,"Publisher inquiry with the recorded file URL, declared date and response hash; recheck after their update window",https://keefemh.org/cms-hpt.txt,206,2026-09-09T10:07:05.202Z,,https://keefemh.org/wp-content/uploads/2025/07/472340447_keefe-memorial-health-service-district_standardcharges.csv,206,https://keefemh.org/wp-content/uploads/2025/07/472340447_keefe-memorial-health-service-district_standardcharges.csv,corroborated,file-name-and-address,Keefe Memorial Health Service District,Keefe Memorial Hospital,CO,2025-06-30,2.0.0,date-over-365-days,2026-09-09T10:07:05.421Z,6f31f5acfb2ea4f05e0dd146e20ed80e1debed1b538bcd2b3584a7d007e87430,5ba5fc7280f0809574ea5e6fcc67a238c7e974b98bbf3e7d147a96d21ce261d9,,Same declared date 2025-06-30 observed again after the earlier check (2026-09-09T01:47:50.518Z).
070010,BRIDGEPORT HOSPITAL,CT,file-access-review,publisher-issue,pointer-declared-file-404,Publisher inquiry to restore or replace the declared file; recheck after their update window,https://www.bridgeporthospital.org/BHAssets/cms-hpt.txt,206,2026-09-09T10:07:05.587Z,,https://www.bridgeporthospital.org/404,404,,,,,,,,,,2026-09-09T10:07:05.817Z,0fc482dd0e90d02f2892b036182c940ae48c2a922c9d11124018fab4163d18b9,,,The official pointer declares this file URL and it returns 404 on repeated checks; reproducible broken link.
070022,YALE-NEW HAVEN HOSPITAL,CT,file-access-review,publisher-issue,pointer-declared-file-404,Publisher inquiry to restore or replace the declared file; recheck after their update window,https://www.ynhh.org/YNHHAssets/cms-hpt.txt,206,2026-09-09T10:07:05.659Z,,https://www.ynhh.org/404,404,,,,,,,,,,2026-09-09T10:07:05.853Z,adbf359f1f77f57d38cb6830d4c635aaaf942c9d370b9c33c9d782ceb3f80c5c,,,The official pointer declares this file URL and it returns 404 on repeated checks; reproducible broken link.
100029,NORTH SHORE MEDICAL CENTER,FL,publisher-date-review,publisher-issue,declared-update-date-over-365-days,"Publisher inquiry with the recorded file URL, declared date and response hash; recheck after their update window",https://northshoremc.org/cms-hpt.txt,200,2026-09-09T10:07:05.978Z,,https://northshoremc.org/pricetransparency/995020733_NorthShoreMedicalCenter_standardcharges.csv,206,https://northshoremc.org/pricetransparency/995020733_NorthShoreMedicalCenter_standardcharges.csv,corroborated,file-name-and-address,HSA NSMC LLC,North Shore Medical Center,FL,2025-02-21,2.0.0,date-over-365-days,2026-09-09T10:07:06.342Z,61fc4bbc21aa1918696c94dfe5888c29ace0884357434569411c4a2f438cbc5c,15579c5b9e13d7e952512e01c660fdb900c5843dd7a80990026102f2b9eced9c,,Same declared date 2025-02-21 observed again after the earlier check (2026-09-09T01:47:59.636Z).
100053,HIALEAH HOSPITAL,FL,publisher-date-review,publisher-issue,declared-update-date-over-365-days,"Publisher inquiry with the recorded file URL, declared date and response hash; recheck after their update window",https://hialeahhosp.org/cms-hpt.txt,200,2026-09-09T10:07:06.200Z,,https://hialeahhosp.org/pricetransparency/995053647_HialeahHospital_standardcharges.csv,206,https://hialeahhosp.org/pricetransparency/995053647_HialeahHospital_standardcharges.csv,corroborated,file-name-and-address,HSA HH LLC,Hialeah Hospital,FL,2025-02-21,2.0.0,date-over-365-days,2026-09-09T10:07:06.693Z,0dd69ca1f9215c863aea66d226547021b199d5931039fab610c9c766bb2a6466,7e7837cd20a49d11bbf62a35b98fcdb2cdf3ebfc400badc8119a57169a51d95e,,Same declared date 2025-02-21 observed again after the earlier check (2026-09-09T01:47:57.201Z).
100135,TALLAHASSEE MEMORIAL HEALTHCARE,FL,publisher-date-review,publisher-issue,declared-update-date-over-365-days,"Publisher inquiry with the recorded file URL, declared date and response hash; recheck after their update window",https://www.tmh.org/sites/default/files/price-transparency/cms-hpt.txt,206,2026-09-09T10:07:06.610Z,,https://www.tmh.org/sites/default/files/price-transparency/591917016_tallahassee-memorial-hospital_standardcharges.csv,206,https://www.tmh.org/sites/default/files/price-transparency/591917016_tallahassee-memorial-hospital_standardcharges.csv,corroborated,file-name-and-address,Tallahassee Memorial Hospital ,Tallahassee Memorial Hospital ,FL,2025-05-15,2.0.0,date-over-365-days,2026-09-09T10:07:12.254Z,d5db55c10b6e2220dc195af8baa3b4c380977d32db9793173523c44ba56ad8c6,2b980227f8fb906fc00f9338c1c98732992810310e513f5b8c0459ce515bdf5f,,Same declared date 2025-05-15 observed again after the earlier check (2026-09-09T01:48:00.044Z).
100183,CORAL GABLES HOSPITAL,FL,publisher-date-review,publisher-issue,declared-update-date-over-365-days,"Publisher inquiry with the recorded file URL, declared date and response hash; recheck after their update window",https://coralgableshospital.org/cms-hpt.txt,200,2026-09-09T10:07:06.686Z,,https://coralgableshospital.org/pricetransparency/995038459_CoralGablesHospital_standardcharges.csv,206,https://coralgableshospital.org/pricetransparency/995038459_CoralGablesHospital_standardcharges.csv,corroborated,file-name-and-address,HSA CGH LLC,Coral Gables Hospital,FL,2025-02-21,2.0.0,date-over-365-days,2026-09-09T10:07:07.016Z,095ced637d223064efaeb234a43bb7ae801ce0ac838b122fca2aa926f6b4ff80,1ac0194571dfea0ec143b1954fabcb80d836f34f59e500099f95cfa668dddf45,,Same declared date 2025-02-21 observed again after the earlier check (2026-09-09T01:47:54.698Z).
100187,PALMETTO GENERAL HOSPITAL,FL,publisher-date-review,publisher-issue,declared-update-date-over-365-days,"Publisher inquiry with the recorded file URL, declared date and response hash; recheck after their update window",https://palmettogeneral.org/cms-hpt.txt,200,2026-09-09T10:07:06.886Z,,https://palmettogeneral.org/pricetransparency/995002378_PalmettoGeneralHospital_standardcharges.csv,206,https://palmettogeneral.org/pricetransparency/995002378_PalmettoGeneralHospital_standardcharges.csv,corroborated,file-name-and-address,HSA PGH LLC,Palmetto General Hospital,FL,2025-02-20,2.0.0,date-over-365-days,2026-09-09T10:07:07.578Z,d5d7a37b93a0b852af6c2e7d9cec4424eaa32da7bf7f77f97ef48b60be5184e7,a5c6d2a3e47b4d500c3a52dd7f6eabeddd687be634d2a19ae4633362888674ab,,Same declared date 2025-02-20 observed again after the earlier check (2026-09-09T01:47:59.720Z).
100249,TAMPA GENERAL HOSPITAL CRYSTAL RIVER,FL,file-access-review,publisher-issue,pointer-declared-file-404,Publisher inquiry to restore or replace the declared file; recheck after their update window,https://www.tgh.org/cms-hpt.txt,200,2026-09-09T10:07:06.477Z,,https://www.tghnorth.org/-/media/files/tgh-north-files/93-3085834_tampa-general-hospital-crystal-river_standardcharges_excel.csv?rev=707784c8944a446c94601457bea65319&hash=A8E4902F0337A7A83FB17BF07844A443,404,,,,,,,,,,2026-09-09T10:07:07.100Z,b3fd16fb7d5520056fb83359205088cddc06ebcdee9c07e7272c8dfe9ef06af4,,,The official pointer declares this file URL and it returns 404 on repeated checks; reproducible broken link.
100253,JUPITER MEDICAL CENTER,FL,publisher-template-review,publisher-issue,template-version-older-than-3,Publisher inquiry about the declared template version; recheck after their update window,https://www.jupitermed.com/cms-hpt.txt,206,2026-09-09T10:07:07.228Z,,https://www.jupitermed.com/documents/content/59-1460239_jupiter-medical-center_standardcharges.csv,206,https://www.jupitermed.com/documents/content/59-1460239_jupiter-medical-center_standardcharges.csv,corroborated,file-name-and-address,Jupiter Medical Center,Jupiter Medical Center,FL,2025-10-01,2.2.0,date-within-365-days-older-version,2026-09-09T10:07:07.780Z,2bff1fd0440516ef609069e00732392b47d585f848c6640eda16d54ade9f7643,9d74e4de966d1a45254fb5ce1c30d4c23ff2c86f90cf43a318a8d3abf34d14cc,,Declared version 2.2.0 with a current date; publisher has not adopted the current CMS dictionary.
104084,NEUROBEHAVIORAL HOSPITAL OF THE PALM BEACHES-NORTH,FL,publisher-template-review,publisher-issue,automated-file-access-denied,"Browser download attempt, then publisher whitelist request with the recorded denial evidence",https://nbhospitals.com/cms-hpt.txt,403,2026-09-09T10:07:07.876Z,,https://nbhospitals.com/standard-services/Pricing-guidelinesNeuro.csv,403,,,,,,,,,,2026-09-09T10:07:08.003Z,,,,Automated retrieval denied while the earlier pass corroborated facility identity from this URL; not evidence of a missing file.
104085,NEUROBEHAVIORAL HOSPITAL OF THE PALM BEACHES-SOUTH,FL,publisher-template-review,publisher-issue,automated-file-access-denied,"Browser download attempt, then publisher whitelist request with the recorded denial evidence",https://nbhospitals.com/cms-hpt.txt,403,2026-09-09T10:07:07.876Z,,https://nbhospitals.com/standard-services/Pricing-guidelinesNeuro.csv,403,,,,,,,,,,2026-09-09T10:07:08.003Z,,,,Automated retrieval denied while the earlier pass corroborated facility identity from this URL; not evidence of a missing file.
110006,ST MARY'S HOSPITAL,GA,file-access-review,publisher-issue,declared-update-date-over-365-days,"Publisher inquiry with the recorded file URL, declared date and response hash; recheck after their update window",https://www.stmaryshealthcaresystem.org/sites/default/files/cms-hpt.txt,200,2026-09-09T10:07:09.776Z,,https://trinityhealth.pt.panaceainc.com/MRFDownload/trinityhealth/stmaryshealthcaresystem,200,https://mrf.panaceainc.com/Download.aspx?org=trinityhealth&loc=stmaryshealthcaresystem&ref=,corroborated-adjudicated,renamed-facility-pointer-label-and-roster-address,St. Mary's Health Care System,St. Mary's Health Care System,GA,2025-01-01,2.0.0,date-over-365-days,2026-09-09T10:07:11.241Z,4ac6997ce30db7f118a79143acccc6cec88c6cea27410de1f4863874541661be,5552bec506b3019f04a54a5257f90201092319dde9dc70aeaaef20d8d93e2a26,renamed-facility-pointer-label-and-roster-address,Same declared date 2025-01-01 observed again after the earlier check (2026-09-09T02:23:39.720Z).
110024,CANDLER HOSPITAL,GA,publisher-date-review,publisher-issue,declared-update-date-over-365-days,"Publisher inquiry with the recorded file URL, declared date and response hash; recheck after their update window",https://www.sjchs.org/cms-hpt.txt,206,2026-09-09T10:07:09.000Z,,https://www.sjchs.org/docs/default-source/default-document-library/580593388_candler-hospital_standardcharges293f9cd3-a627-4d74-aabc-b691b192010e.json,206,https://www.sjchs.org/docs/default-source/default-document-library/580593388_candler-hospital_standardcharges293f9cd3-a627-4d74-aabc-b691b192010e.json,corroborated,file-name-and-address,Candler Hospital,Candler Hospital,GA,2025-07-01,2.2.0,date-over-365-days,2026-09-09T10:07:12.214Z,1ae685cefe2766048ce03d31d451ea1f32a8f18101b066dc96c3393f57eb9662,29e3b0b8045f5567cc1507b4fd9b5e8e191c0167741f59cd76844179266737e3,,Same declared date 2025-07-01 observed again after the earlier check (2026-09-09T01:48:00.077Z).
110025,SOUTHEAST GEORGIA HEALTH SYSTEM- BRUNSWICK CAMPUS,GA,publisher-date-review,publisher-issue,declared-update-date-over-365-days,"Publisher inquiry with the recorded file URL, declared date and response hash; recheck after their update window",https://www.sghs.org/cms-hpt.txt,206,2026-09-09T10:07:09.803Z,,https://res.cloudinary.com/dpmykpsih/raw/upload/southeast-georgia-site-441/media/r/3973089e73b74845a679c5863cedd135/581911751_southeast-georgia-health-system-brunswick-campus_standardcharg.csv,206,https://res.cloudinary.com/dpmykpsih/raw/upload/southeast-georgia-site-441/media/r/3973089e73b74845a679c5863cedd135/581911751_southeast-georgia-health-system-brunswick-campus_standardcharg.csv,corroborated,file-name-and-address,Southeast Georgia Health System - Brunswick Campus,Southeast Georgia Health System | Brunswick Campus,GA,2025-01-01,2.0.0,date-over-365-days,2026-09-09T10:07:11.498Z,b3546d0f4a79ef3bd0cb2997a081fe11f949e22405741dabf86b67f9e0fa6d92,a2566268163dfcd22a2532eb48cd09243b2e1dad1609cbc6c3c9b29e8f854b4f,,Same declared date 2025-01-01 observed again after the earlier check (2026-09-09T01:48:01.189Z).
110146,SOUTHEAST GEORGIA HEALTH SYSTEM -- CAMDEN CAMPUS,GA,publisher-date-review,publisher-issue,declared-update-date-over-365-days,"Publisher inquiry with the recorded file URL, declared date and response hash; recheck after their update window",https://www.sghs.org/cms-hpt.txt,206,2026-09-09T10:07:09.803Z,,https://res.cloudinary.com/dpmykpsih/raw/upload/southeast-georgia-site-441/media/r/2b7af40f710742bdb73b6db38189c1a2/581911751_southeast-georgia-health-system-camden-campus_standardcharges.csv,206,https://res.cloudinary.com/dpmykpsih/raw/upload/southeast-georgia-site-441/media/r/2b7af40f710742bdb73b6db38189c1a2/581911751_southeast-georgia-health-system-camden-campus_standardcharges.csv,corroborated,file-name-and-address,Southeast Georgia Health System - Camden Campus,Southeast Georgia Health System | Camden Campus,GA,2025-01-28,2.0.0,date-over-365-days,2026-09-09T10:07:25.916Z,b3546d0f4a79ef3bd0cb2997a081fe11f949e22405741dabf86b67f9e0fa6d92,f637fe8e76ced9716c78ee72d38e3bdf27f91278f45ae7627194b4960875c537,,Same declared date 2025-01-28 observed again after the earlier check (2026-09-09T01:48:01.109Z).
111329,ST MARYS GOOD SAMARITAN HOSPITAL,GA,publisher-date-review,publisher-issue,declared-update-date-over-365-days,"Publisher inquiry with the recorded file URL, declared date and response hash; recheck after their update window",https://www.stmaryshealthcaresystem.org/sites/default/files/cms-hpt.txt,200,2026-09-09T10:07:09.776Z,,https://trinityhealth.pt.panaceainc.com/MRFDownload/trinityhealth/stmarys-goodsamaritanhospital,200,https://mrf.panaceainc.com/Download.aspx?org=trinityhealth&loc=stmarys-goodsamaritanhospital&ref=,corroborated,file-name-and-address,St Marys Good Samaritan Hospital,St Marys Good Samaritan Hospital,GA,2025-01-01,2.0.0,date-over-365-days,2026-09-09T10:07:26.266Z,4ac6997ce30db7f118a79143acccc6cec88c6cea27410de1f4863874541661be,4fe0f4f125957fe1c431cd82b29799a877a0527bf6a48d210ca6aa2547f41139,,Same declared date 2025-01-01 observed again after the earlier check (2026-09-09T02:23:33.619Z).
130063,TREASURE VALLEY HOSPITAL,ID,publisher-date-review,publisher-issue,declared-update-date-over-365-days,"Publisher inquiry with the recorded file URL, declared date and response hash; recheck after their update window",https://treasurevalleyhospital.com/cms-hpt.txt,206,2026-09-09T10:07:21.009Z,,https://cdn.sanity.io/files/rlbzokv7/production/063a7fda12ee958c90577c83cec3c34abe54407c.csv,206,https://cdn.sanity.io/files/rlbzokv7/production/063a7fda12ee958c90577c83cec3c34abe54407c.csv,corroborated,file-name-and-address,Treasure Valley Hospital Limited Partnership,Treasure Valley Hospital,ID,2024-07-01,2.0.0,date-over-365-days,2026-09-09T10:07:26.785Z,ebeb30639473b5b39f69de409f1a03d3b484d594d27ef5460e0fbe929f0ad7c7,3768c0a188c1eec891f7e7bac195cf6da9324b2c86460e95f55b0385957c4731,,Same declared date 2024-07-01 observed again after the earlier check (2026-09-09T01:48:03.989Z).
140049,WEST SUBURBAN MEDICAL CENTER,IL,publisher-date-review,publisher-issue,declared-update-date-over-365-days,"Publisher inquiry with the recorded file URL, declared date and response hash; recheck after their update window",https://www.westsuburbanmc.com/8454_West%20Suburban%20Medical%20Center_2025-04-01.txt,200,2026-09-09T10:07:26.738Z,,https://sthpiprd.blob.core.windows.net/machine-readable-files/12712/611899386_resilience-healthcare-west-suburban-medical-center-llc_standardcharges.csv,206,https://sthpiprd.blob.core.windows.net/machine-readable-files/12712/611899386_resilience-healthcare-west-suburban-medical-center-llc_standardcharges.csv,corroborated,file-name-and-address,Resilience Healthcare West Suburban Medical Center LLC,West Suburban Medical Center,IL,2025-03-17,2.0.0,date-over-365-days,2026-09-09T10:07:26.635Z,190fec914afd7461786992b159f6bf45a9ea187cdf694edefd7c81da8555b7e0,e2715e84451d6e3b3771bb4993429d2ecf1a3d9efe736b2e000490fb866eb8a7,,Same declared date 2025-03-17 observed again after the earlier check (2026-09-09T02:25:44.926Z).
140082,LOUIS A WEISS MEMORIAL HOSPITAL,IL,publisher-date-review,publisher-issue,declared-update-date-over-365-days,"Publisher inquiry with the recorded file URL, declared date and response hash; recheck after their update window",https://www.weisshospital.com/8453_Weiss%20Memorial%20Hospital_2025-04-01.txt,200,2026-09-09T10:07:26.150Z,,https://sthpiprd.blob.core.windows.net/machine-readable-files/12711/352637418_resilience-healthcare-weiss-memorial-hospital-llc_standardcharges.csv,206,https://sthpiprd.blob.core.windows.net/machine-readable-files/12711/352637418_resilience-healthcare-weiss-memorial-hospital-llc_standardcharges.csv,corroborated,file-name-and-address,Resilience Healthcare Weiss Memorial Hospital LLC,Louis A. Weiss Memorial Hospital,IL,2025-03-17,2.0.0,date-over-365-days,2026-09-09T10:37:17.663Z,44c7588b9c8380e9984a89ea4232a177cf1ed65ff5fab06a80ae47356ba4e0ad,9eb46ebf599bc38f6ee9b33ed763e63dcc12cce09d4096ba7582a7d4c632b0a3,,Same declared date 2025-03-17 observed again after the earlier check (2026-09-09T01:48:06.392Z).
140084,VISTA MEDICAL CENTER EAST,IL,publisher-date-review,publisher-issue,declared-update-date-over-365-days,"Publisher inquiry with the recorded file URL, declared date and response hash; recheck after their update window",https://vistahealth.com/cms-hpt.txt,200,2026-09-09T10:07:26.125Z,,https://vistahealth.com//wp-content/uploads/2025/06/203978521_VISTA-MEDICAL-CENTER_standardcharges.csv,206,https://vistahealth.com//wp-content/uploads/2025/06/203978521_VISTA-MEDICAL-CENTER_standardcharges.csv,corroborated,file-name-and-address,Vista Medical Center East,Vista Medical Center East,IL,2025-03-31,2.0.0,date-over-365-days,2026-09-09T10:37:18.008Z,b4fc6f9d455378bb7ece3d488741c94bd9438278e91cf1d5b294a40707b4d22d,104eef04cdf8e415fc9a066bf398f62bf3927d6bed742b05a715f0041bd81b22,,Same declared date 2025-03-31 observed again after the earlier check (2026-09-09T02:25:44.828Z).
140114,SWEDISH HOSPITAL,IL,identity-or-format-review,publisher-issue,automated-file-access-denied,"Browser download attempt, then publisher whitelist request with the recorded denial evidence",,,,,https://www.endeavorhealth.org/362179813_1831151257_swedish-covenant-health_standardcharges.json,403,,,,,,,,,,2026-09-09T10:37:17.328Z,,,,Automated retrieval denied while the earlier pass corroborated facility identity from this URL; not evidence of a missing file.
141302,MIDWEST MEDICAL CENTER,IL,publisher-date-review,publisher-issue,declared-update-date-over-365-days,"Publisher inquiry with the recorded file URL, declared date and response hash; recheck after their update window",https://www.midwestmedicalcenter.org/cms-hpt.txt,206,2026-09-09T10:07:27.159Z,,https://www.midwestmedicalcenter.org/content/pdfs/204560540_midwest-medical-center_standardcharges.csv,206,https://www.midwestmedicalcenter.org/content/pdfs/204560540_midwest-medical-center_standardcharges.csv,corroborated,file-name-and-address,Midwest Medical Center,Midwest Medical Center,IL,2025-01-02,2.0.0,date-over-365-days,2026-09-09T10:37:31.993Z,ad41e284363ed78d159d9be04dc5ed41ed1065d1f687eb9255c9d1e867103195,b63c1b8cc17012021f69be65c8d39b2a795542640b10f4b41ee7cdcade06f33d,,Same declared date 2025-01-02 observed again after the earlier check (2026-09-09T01:48:06.716Z).
141317,GIBSON COMMUNITY HOSPITAL,IL,identity-or-format-review,publisher-issue,template-version-older-than-3,Publisher inquiry about the declared template version; recheck after their update window,https://gibsonhospital.org/cms-hpt.txt,206,2026-09-09T10:37:29.494Z,,https://www.gibsonhospital.org/file/2582/370647938_gibson-area-hospital_standardcharges.csv,206,https://www.gibsonhospital.org/file/2582/370647938_gibson-area-hospital_standardcharges.csv,corroborated-adjudicated,renamed-facility-pointer-label-and-roster-address,Gibson Area Hospital & Health Services,Gibson Area Hospital & Health Services,IL,2026-01-27,2.0.0,date-within-365-days-older-version,2026-09-09T10:37:30.725Z,fdcf26748cafa4b8409d7d5fdf3bf55234f8f5997d3261bc8cc2dcd61c8b16ab,d307d84ef09a2b2ce774811763b82e2f9ae37cddaf5148f70d8814f5c0255e82,renamed-facility-pointer-label-and-roster-address,Declared version 2.0.0 with a current date; publisher has not adopted the current CMS dictionary.
150011,MARION GENERAL HOSPITAL,IN,identity-or-format-review,publisher-issue,declared-file-format-unsupported,Extend the parser for the declared format or request a CSV/JSON export from the publisher; file URL and bytes are retained,https://www.marionhealth.com/cms-hpt.txt,206,2026-09-09T10:37:32.156Z,,https://www.marionhealth.com/documents/35-0868130_Marion-General-Hospital_Standard-Charges.csv,206,,,,,,,,,,2026-09-09T11:23:38.330Z,377b33c430eaba009f7a01f7fd86126179518db4dfdf1e8d0b2ba7fef724d426,,,"Complete bounded read (14.8 MB) could not extract header metadata: the declared file is an archive/format the parser does not read (e.g. XLSX), so identity and metadata stay unverified."
150065,SCHNECK MEDICAL CENTER,IN,publisher-date-review,publisher-issue,declared-update-date-over-365-days,"Publisher inquiry with the recorded file URL, declared date and response hash; recheck after their update window",https://www.schneckmed.org/cms-hpt.txt,206,2026-09-09T10:07:27.709Z,,https://d188lfxfyq6i9j.cloudfront.net/general-uploads/PDF-Assets/35-1163135_Jackson-County-Schneck-Memorial-Hospital_standardcharges.csv,206,https://d188lfxfyq6i9j.cloudfront.net/general-uploads/PDF-Assets/35-1163135_Jackson-County-Schneck-Memorial-Hospital_standardcharges.csv,corroborated,exact-pointer-name-and-file-address,Jackson County Schneck Memorial Hospital,Schneck Medical Center Hospital|Schneck Medical Center Physician Practices,IN,2024-01-24,2.0.0,date-over-365-days,2026-09-09T10:07:27.789Z,5b29b925fdca32ff52cd19da7953102a4f0f152c0520e8d402a24f47023e3bca,96f83aa8cb59efd6a4b0b0d5ac18b392e81d6f17a6981f72771b057f573156cd,,Same declared date 2024-01-24 observed again after the earlier check (2026-09-09T01:48:19.133Z).
154008,NEURODIAGNOSTIC INSTITUTE,IN,publisher-template-review,publisher-issue,template-version-older-than-3,Publisher inquiry about the declared template version; recheck after their update window,https://www.in.gov/fssa/dmha/state-psychiatric-hospitals/cms-hpt.txt,200,2026-09-09T10:07:28.672Z,,https://www.in.gov/fssa/dmha/files/356000158-Neurodiagnostic-Institute_standardcharges.csv,200,https://www.in.gov/fssa/dmha/files/356000158-Neurodiagnostic-Institute_standardcharges.csv,corroborated,file-name-and-address,NeuroDiagnostic Institute,NeuroDiagnostic Institute,IN,2026-01-13,2.0.0,date-within-365-days-older-version,2026-09-09T10:07:28.312Z,82d9dcd50fa56050776928d91e64137f00d7894f82bbf2d0750c9af8ff3f72b1,c93752cf362744bd290fdc876b207af7d6a496b156f131c9dba264aaa19b2d45,,Declared version 2.0.0 with a current date; publisher has not adopted the current CMS dictionary.
154009,HAMILTON CENTER INC,IN,publisher-template-review,publisher-issue,template-version-older-than-3,Publisher inquiry about the declared template version; recheck after their update window,https://hamiltoncenter.org/cms-hpt.txt,206,2026-09-09T10:07:28.305Z,,https://www.hamiltoncenter.org/351140758_hamilton-center-inc-_standardcharges/,206,https://www.hamiltoncenter.org/wp-content/uploads/2026/02/351140758_hamilton-center-inc-_standardcharges.csv,corroborated,file-name-and-address,Hamilton Center Inc.,Hamilton Center Inc.,IN,2026-02-09,2,date-within-365-days-older-version,2026-09-09T10:07:29.682Z,adf5fd88daeddb039be30ec2d9045467ca0090d0a772dacaa7173f04223be7ad,a5cdc9e39c94955cc853e9328bb7b164aff9a280f8549cf29ab87051403760d7,,Declared version 2 with a current date; publisher has not adopted the current CMS dictionary.
154019,MADISON STATE HOSPITAL,IN,publisher-template-review,publisher-issue,template-version-older-than-3,Publisher inquiry about the declared template version; recheck after their update window,https://www.in.gov/fssa/dmha/state-psychiatric-hospitals/cms-hpt.txt,200,2026-09-09T10:07:28.672Z,,https://www.in.gov/fssa/dmha/files/356000158-Madison-State-Hospital_standardcharges.csv,200,https://www.in.gov/fssa/dmha/files/356000158-Madison-State-Hospital_standardcharges.csv,corroborated,file-name-and-address,Madison State Hospital,Madison State Hospital,IN,2026-01-13,2.0.0,date-within-365-days-older-version,2026-09-09T10:07:28.871Z,82d9dcd50fa56050776928d91e64137f00d7894f82bbf2d0750c9af8ff3f72b1,edbbfcd3b5da8aabea6baa199d1acfc371f6d48a46c020734314be79a941f985,,Declared version 2.0.0 with a current date; publisher has not adopted the current CMS dictionary.
154050,NORTHEASTERN CENTER,IN,publisher-template-review,publisher-issue,automated-file-access-denied,"Browser download attempt, then publisher whitelist request with the recorded denial evidence",https://nec.org/cms-hpt.txt,403,2026-09-09T10:07:28.509Z,,https://www.nec.org/wp-content/uploads/2026/06/351403134_Northeastern-Center_standardcharges-1.csv,403,,,,,,,,,,2026-09-09T10:07:28.568Z,,,,Automated retrieval denied while the earlier pass corroborated facility identity from this URL; not evidence of a missing file.
154056,EVANSVILLE STATE HOSPITAL,IN,publisher-template-review,publisher-issue,template-version-older-than-3,Publisher inquiry about the declared template version; recheck after their update window,https://www.in.gov/fssa/dmha/state-psychiatric-hospitals/cms-hpt.txt,200,2026-09-09T10:07:28.672Z,,https://www.in.gov/fssa/dmha/files/356000158-Evansville-State-Hospital_standardcharges.csv,200,https://www.in.gov/fssa/dmha/files/356000158-Evansville-State-Hospital_standardcharges.csv,corroborated,file-name-and-address,Evansville State Hospital,Evansville State Hospital,IN,2026-01-13,2.0.0,date-within-365-days-older-version,2026-09-09T10:07:29.038Z,82d9dcd50fa56050776928d91e64137f00d7894f82bbf2d0750c9af8ff3f72b1,cad31ade7a6868ef15e54e7b0e51dcad16fac31ccf86417f36d114dfa34147c9,,Declared version 2.0.0 with a current date; publisher has not adopted the current CMS dictionary.
161321,AVERA MERRILL PIONEER HOSPITAL,IA,pointer-or-domain-review,publisher-issue,template-version-unrecognized,Publisher inquiry: confirm which CMS data dictionary version the file implements; recheck on their reply,http://www.avera.org/cms-hpt.txt,403,2026-09-09T10:07:29.048Z,,https://www.avera.org/app/files/public/7aa7f6a3-0114-4d9f-8a0e-2db3ad03c7dd/460224743_avera-merrill-pioneer-hospital_standardcharges.csv,206,https://www.avera.org/app/files/public/7aa7f6a3-0114-4d9f-8a0e-2db3ad03c7dd/460224743_avera-merrill-pioneer-hospital_standardcharges.csv,corroborated,file-name-and-address,Avera Merrill Pioneer,Avera Merrill Pioneer,IA,2026-04-01,4.0.0,date-within-365-days-version-unverified,2026-09-09T13:11:15.137Z,,2921bfc5663aa1318ad6b23054e527bcc8cc72e2dda870f5a927eada4e5b922f,,Declared template version 4.0.0 is not a recognized CMS data dictionary version; facility identity and the 2026-04-01 update date are corroborated via browser retrieval.
161328,REGIONAL HEALTH SERVICES OF HOWARD COUNTY,IA,pointer-or-domain-review,publisher-issue,template-version-unrecognized,Publisher inquiry: confirm which CMS data dictionary version the file implements; recheck on their reply,http://www.avera.org/cms-hpt.txt,403,2026-09-09T10:07:29.048Z,,https://www.avera.org/app/files/public/06b4439e-7691-48e5-8a36-dfa10af3b756/421021780_regional-health-services-of-howard-county_standardcharges.csv,206,https://www.avera.org/app/files/public/06b4439e-7691-48e5-8a36-dfa10af3b756/421021780_regional-health-services-of-howard-county_standardcharges.csv,corroborated,file-name-and-address,Regional Health Services of Howard County,Regional Health Services of Howard County,IA,2026-04-01,4.0.0,date-within-365-days-version-unverified,2026-09-09T13:11:15.154Z,,1f247143f9cf493386e163edcb6e2eeef41982c09be68102c858809764104361,,Declared template version 4.0.0 is not a recognized CMS data dictionary version; facility identity and the 2026-04-01 update date are corroborated via browser retrieval.
161336,HEGG MEMORIAL HEALTH CENTER,IA,pointer-or-domain-review,publisher-issue,template-version-unrecognized,Publisher inquiry: confirm which CMS data dictionary version the file implements; recheck on their reply,http://www.avera.org/cms-hpt.txt,403,2026-09-09T10:07:29.048Z,,https://www.avera.org/app/files/public/ea25130d-fb76-4a5e-b172-c715eb46b09c/420932564_hegg-health-center_standardcharges.csv,206,https://www.avera.org/app/files/public/ea25130d-fb76-4a5e-b172-c715eb46b09c/420932564_hegg-health-center_standardcharges.csv,corroborated,file-name-and-address,Hegg Health Center,Hegg Health Center,IA,2026-04-01,4.0.0,date-within-365-days-version-unverified,2026-09-09T13:11:15.161Z,,b24d2c44a42c055d0480fb99b2c7df71bea2b76f3655b4dd9ca59192175b8839,,Declared template version 4.0.0 is not a recognized CMS data dictionary version; facility identity and the 2026-04-01 update date are corroborated via browser retrieval.
161346,SIOUX CENTER HEALTH,IA,pointer-or-domain-review,publisher-issue,template-version-unrecognized,Publisher inquiry: confirm which CMS data dictionary version the file implements; recheck on their reply,http://www.avera.org/cms-hpt.txt,403,2026-09-09T10:07:29.048Z,,https://www.avera.org/app/files/public/585a0692-fcbb-4692-9f7b-1796a5fa2559/420796764_sioux-center-health_standardcharges.csv,206,https://www.avera.org/app/files/public/585a0692-fcbb-4692-9f7b-1796a5fa2559/420796764_sioux-center-health_standardcharges.csv,corroborated,file-name-and-address,Sioux Center Health,Sioux Center Health,IA,2026-04-01,4.0.0,date-within-365-days-version-unverified,2026-09-09T13:11:15.177Z,,786a2b2ffa21f023587b93216779991026bea2c2d7ade2f2d1f443345c42d972,,Declared template version 4.0.0 is not a recognized CMS data dictionary version; facility identity and the 2026-04-01 update date are corroborated via browser retrieval.
161350,STEWART MEMORIAL COMMUNITY HOSPITAL,IA,publisher-date-review,publisher-issue,automated-file-access-denied,"Browser download attempt, then publisher whitelist request with the recorded denial evidence",https://stewartmemorial.org/cms-hpt.txt,403,2026-09-09T10:07:29.359Z,,https://www.stewartmemorial.org/wp-content/uploads/2025/12/420860039_Stewart-Memorial-Community-Hospital_StandardCharges.csv,403,,,,,,,,,,2026-09-09T10:07:29.458Z,,,,Automated retrieval denied while the earlier pass corroborated facility identity from this URL; not evidence of a missing file.
161351,AVERA HOLY FAMILY HOSPITAL,IA,pointer-or-domain-review,publisher-issue,template-version-unrecognized,Publisher inquiry: confirm which CMS data dictionary version the file implements; recheck on their reply,http://www.avera.org/cms-hpt.txt,403,2026-09-09T10:07:29.048Z,,https://www.avera.org/app/files/public/613f57be-d5e6-4ac9-84b7-e886a47e46a2/420680370_avera-holy-family-hospital_standardcharges.csv,206,https://www.avera.org/app/files/public/613f57be-d5e6-4ac9-84b7-e886a47e46a2/420680370_avera-holy-family-hospital_standardcharges.csv,corroborated,file-name-and-address,Avera Holy Family Hospital,Avera Holy Family ,IA,2026-04-01,4.0.0,date-within-365-days-version-unverified,2026-09-09T13:11:15.191Z,,af3cd5614c19d195dfcb5692694aab7e17c5d088056711aaaa2557a11de2f61f,,Declared template version 4.0.0 is not a recognized CMS data dictionary version; facility identity and the 2026-04-01 update date are corroborated via browser retrieval.
161359,BURGESS HEALTH CENTER,IA,file-access-review,publisher-issue,pointer-declared-file-404,Publisher inquiry to restore or replace the declared file; recheck after their update window,https://burgesshc.org/cms-hpt.txt,206,2026-09-09T10:07:29.822Z,,https://www.burgesshc.org/wp-content/uploads/2025/01/420859940_Burgess_StandardCharges.csv,404,https://burgesshc.b-cdn.net/wp-content/uploads/2026/07/420859940_Burgess-Health-Center_StandardCharges.csv,corroborated,file-name-and-address,Burgess Health Center,Burgess Health Center,IA,2026-03-31,3.0.0,date-within-365-days-version-3,2026-09-09T10:45:29.703Z,f194f545d096878fe115662bf6b0c2d39b53773eb8608981a1653300f1f4026a,ec22ada510c7ed7307cd5948ac18af68a2dca315824c9f9b55de3ac97fa23353,,The official pointer declares this file URL and it returns 404 on repeated checks; reproducible broken link.
161368,FLOYD VALLEY HEALTHCARE,IA,pointer-or-domain-review,publisher-issue,template-version-unrecognized,Publisher inquiry: confirm which CMS data dictionary version the file implements; recheck on their reply,http://www.avera.org/cms-hpt.txt,403,2026-09-09T10:07:29.048Z,,https://www.avera.org/app/files/public/718846f0-2571-438d-8c93-43650e7cefb8/420928451_floyd-valley-healthcare_standardcharges.csv,206,https://www.avera.org/app/files/public/718846f0-2571-438d-8c93-43650e7cefb8/420928451_floyd-valley-healthcare_standardcharges.csv,corroborated,file-name-and-address,Floyd Valley Healthcare,Floyd Valley Healthcare,IA,2026-04-01,4.0.0,date-within-365-days-version-unverified,2026-09-09T13:11:15.205Z,,2d1dc6d5e0737ee4afc108fad00a072feb08ca575cde31e0d056bda212278fc1,,Declared template version 4.0.0 is not a recognized CMS data dictionary version; facility identity and the 2026-04-01 update date are corroborated via browser retrieval.
170017,SUSAN B ALLEN MEMORIAL HOSPITAL,KS,publisher-date-review,publisher-issue,declared-update-date-over-365-days,"Publisher inquiry with the recorded file URL, declared date and response hash; recheck after their update window",https://www.sbamh.com/cms-hpt.txt,206,2026-09-09T10:07:30.525Z,,https://apim.services.craneware.com/api-pricing-transparency/api/public/8a15f8f47eb640c1696af37b6c70ac7c/charges/mrf,200,https://apim.services.craneware.com/api-pricing-transparency/api/public/8a15f8f47eb640c1696af37b6c70ac7c/charges/mrf,corroborated,file-name-and-address,Susan B Allen Memorial Hospital,Susan B Allen Memorial Hospital|Susan B Allen Memorial Hospital,KS,2025-05-27,2.0.0,date-over-365-days,2026-09-09T10:07:30.787Z,0feb9e46afb16543f3bc56fcabfc7b4fd6e8bb737026fda30e97b1bcd88aed4e,3ca065f07fe954d0567eb216d52ece5a938bbfe4b7852958a4743b989eb1e16b,,Same declared date 2025-05-27 observed again after the earlier check (2026-09-09T02:25:51.439Z).
170183,KANSAS SURGERY & RECOVERY CENTER,KS,publisher-date-review,publisher-issue,declared-update-date-over-365-days,"Publisher inquiry with the recorded file URL, declared date and response hash; recheck after their update window",https://irp.cdn-website.com/fa377abf/files/uploaded/cms-hpt202504.txt,206,2026-09-09T10:07:30.637Z,,https://irp.cdn-website.com/fa377abf/files/uploaded/481148580_kansas-surgery---recovery-center-llc_standardcharges.csv,206,https://irp.cdn-website.com/fa377abf/files/uploaded/481148580_kansas-surgery---recovery-center-llc_standardcharges.csv,corroborated,file-name-and-address,Kansas Surgery & Recovery Center LLC,Kansas Surgery & Recovery Center LLC,KS,2025-03-25,2.0.0,date-over-365-days,2026-09-09T10:07:30.859Z,bf21357d9298bbe28fbc3a7eab49128c657891d897b9ee894ee16281ee290bb6,1f448c213270bfa6677c52e343cecf21b486b3f4a0f8e1906798073e48ebd8a9,,Same declared date 2025-03-25 observed again after the earlier check (2026-09-09T01:48:19.708Z).
171321,MEADE DISTRICT HOSPITAL,KS,publisher-date-review,publisher-issue,declared-update-date-over-365-days,"Publisher inquiry with the recorded file URL, declared date and response hash; recheck after their update window",https://3293c1a2-894d-4ca5-9b72-fc018865f82e.usrfiles.com/ugd/3293c1_0c176796799b488382354a99e253f472.txt,206,2026-09-09T10:07:30.951Z,,https://a9a4b96f-06fd-48d5-afab-60ad79a55e97.filesusr.com/ugd/3293c1_b634e2c6081e4736bc6956dddef01d94.json?dn=480966086_Meade%20District%20Hospital_standardcharges%20(3).json,206,https://a9a4b96f-06fd-48d5-afab-60ad79a55e97.filesusr.com/ugd/3293c1_b634e2c6081e4736bc6956dddef01d94.json?dn=480966086_Meade%20District%20Hospital_standardcharges%20(3).json,corroborated,file-name-and-address,Meade District Hospital,Meade District Hospital,KS,2024-12-31,2.2.0,date-over-365-days,2026-09-09T10:07:31.143Z,b45448fe0eb5db4003ead4bf348ae83b09c7d2c6626ddb7fc3d520826fb053e4,0ba2088e3d1028a6a04fa36a8fd855ddab7dde1336f76054e0a5ba9f541b541e,,Same declared date 2024-12-31 observed again after the earlier check (2026-09-09T01:48:19.835Z).
171359,GREELEY COUNTY HEALTH SERVICES,KS,metadata-or-pointer-review,publisher-issue,declared-update-date-over-365-days,"Publisher inquiry with the recorded file URL, declared date and response hash; recheck after their update window",,,,,https://greeley.health/wp-content/uploads/2025/03/30-0078435-1285742536_GreeleyCountyHealthServices_standardcharges.csv,200,https://greeley.health/wp-content/uploads/2025/03/30-0078435-1285742536_GreeleyCountyHealthServices_standardcharges.csv,corroborated,file-name-and-address,Greeley County Health Services,GreeleyCountyHealthServices|Greeley County Health Services,KS,2025-01-14,2,date-over-365-days,2026-09-09T10:07:31.498Z,,9edbd2618facc1c4aa8dc2f68de80694d0fde5b7c6c111d9adf090c7fa2b6bfc,,Same declared date 2025-01-14 observed again after the earlier check (2026-09-09T01:48:19.521Z).
181309,CASEY COUNTY HOSPITAL,KY,identity-or-format-review,publisher-issue,template-version-older-than-3,Publisher inquiry about the declared template version; recheck after their update window,https://caseycountyhospital.com/cms-hpt.txt,206,2026-09-09T10:07:32.329Z,,https://www.caseycountyhospital.com/Content/Uploads/caseycountyhospital.com/files/061705652_Casey-County-Hospital_standardcharges(1).csv,206,https://www.caseycountyhospital.com/Content/Uploads/caseycountyhospital.com/files/061705652_Casey-County-Hospital_standardcharges(1).csv,corroborated,file-name-and-address,Casey County Hospital,Casey County Hospital,KY,2026-03-31,2.0.0,date-within-365-days-older-version,2026-09-09T10:07:32.616Z,8687e81e8c553c0864f2dd51a8a0e9184e8417504ae45b305f4c673a84386a10,41e16e5c6c5154e80d528f29d15126abc8a9344ce7d8d489c770f80caa183896,,Declared version 2.0.0 with a current date; publisher has not adopted the current CMS dictionary.
181321,WAYNE COUNTY HOSPITAL,KY,metadata-or-pointer-review,publisher-issue,pointer-declared-file-404,Publisher inquiry to restore or replace the declared file; recheck after their update window,https://waynehospital.org/cms-hpt.txt,206,2026-09-09T10:07:32.451Z,,https://waynehospital.org/files/galleries/610847215_Wayne-County-Hospital_standardcharges.csv,404,https://waynehospital.org/files/galleries/610847215_Wayne-County_Hospital_standardcharges.csv,corroborated,file-name-and-address,Wayne County Hospital,Wayne County Hospital,KY,2026-09-03,3.0.0,date-within-365-days-version-3,2026-09-09T10:45:32.070Z,5674fa29c83114a9b7c478d10ca006910d975b68e165fca4c2d8f4eb1503dcf9,efd064e5c4afcc91ed10741d6ca86cbf791c1a453ed5755ad2a9238a159b3c8f,,The official pointer declares this file URL and it returns 404 on repeated checks; reproducible broken link.
181325,JANE TODD CRAWFORD HOSPITAL,KY,publisher-template-review,publisher-issue,template-version-older-than-3,Publisher inquiry about the declared template version; recheck after their update window,https://janetoddhospital.com/cms-hpt.txt,206,2026-09-09T10:07:32.761Z,,https://www.janetoddhospital.com/Content/Uploads/janetoddhospital.com/files/204474637_Jane-Todd-Crawford-Hospital_standardcharges.csv,206,https://www.janetoddhospital.com/Content/Uploads/janetoddhospital.com/files/204474637_Jane-Todd-Crawford-Hospital_standardcharges.csv,corroborated,file-name-and-address,"Jane Todd Crawford Memorial Hospital, Inc.",Jane Todd Crawford Hospital,KY,2026-03-31,2.0.0,date-within-365-days-older-version,2026-09-09T10:07:32.975Z,665eda79938224c478eec81a8d42c11c4e494a419df57840a87039cfc4e8869b,a17b83894f1350bcf1040f02dd48e9ff38d9c091f8dc57fa5dbc0ecf03f3834c,,Declared version 2.0.0 with a current date; publisher has not adopted the current CMS dictionary.
181333,THE MEDICAL CENTER AT ALBANY,KY,file-access-review,publisher-issue,declared-update-date-over-365-days,"Publisher inquiry with the recorded file URL, declared date and response hash; recheck after their update window",https://medcenterhealth.org/cms-hpt.txt,200,2026-09-09T10:37:40.636Z,,https://medcenterhealth.org/charges/mca/,206,https://d2fdxbmd3bwjx.cloudfront.net/610920842_The-Medical-Center-at-Albany_20260501.0.zip,corroborated,file-name-and-address,610920842 - The Medical Center at Albany,The Medical Center at Albany,KY,2024-07-01,3.0.0,date-over-365-days,2026-09-09T14:41:46.273Z,a753f92586c31eb01a3422d8c8a51543ca3c23399dfc942d4719f3164ca3b9e2,2c188b233041e97cb6c07caf116b01d59b157141359c1ff54dd094766c2c89c8,,Declared date over 365 days at check time.
190034,ABBEVILLE GENERAL HOSPITAL,LA,pointer-or-domain-review,publisher-issue,file-published-no-machine-pointer,Publisher inquiry: ask the facility to publish a machine-readable pointer (cms-hpt.txt) alongside the file; the file itself is already verified,https://abbevillegeneral.com/cms-hpt.txt,404,2026-09-09T11:36:46.110Z,,https://abbevillegeneral.com/wp-content/uploads/720574846_abbeville-general-hospital_standardcharges.csv,206,https://abbevillegeneral.com/wp-content/uploads/720574846_abbeville-general-hospital_standardcharges.csv,corroborated,file-name-and-address,Abbeville General Hospital,Abbeville General Hospital,LA,2026-02-09,3.0.0,date-within-365-days-version-3,2026-09-09T16:09:00.043Z,,d09b027b32474d5db40a85d1fe67e916286bf86099de1912ec932a27ab51ee5d,,"File served on the facility's own site is current (2026-02-09, version 3.0.0) and its header matches the roster facility, but no machine-readable pointer declares it."
190044,ACADIA GENERAL HOSPITAL,LA,pointer-or-domain-review,publisher-issue,file-declares-conflicting-license-state,Publisher inquiry: ask the facility to correct the license_state field in the file header; recheck on their update,https://www.ochsner.org/cms-hpt.txt,206,2026-09-09T10:08:05.367Z,,https://ochsner-craft.s3.amazonaws.com/core/464958152_acadia-general-hospital-inc_standardcharges.csv.csv,206,https://ochsner-craft.s3.amazonaws.com/core/464958152_acadia-general-hospital-inc_standardcharges.csv.csv,license-state-conflict,exact-name-and-address-with-conflicting-license-state,"ACADIA GENERAL HOSPITAL, INC",OCHSNER ACADIA GENERAL HOSPITAL,CA,2026-04-01,3.0.0,,2026-09-09T10:45:09.068Z,15fe42c1275ca42c1611e524231948f78cf03843eacc03759c1a500459d65477,6774ae6ec38556e7cea98d1b814882c721e39aed2175ab33faf06a6960f8198e,,File header declares license state CA while the roster state is LA; the name and address match the roster exactly and the official pointer lists the file.
190160,GLENWOOD REGIONAL MEDICAL CENTER,LA,publisher-date-review,publisher-issue,declared-update-date-over-365-days,"Publisher inquiry with the recorded file URL, declared date and response hash; recheck after their update window",https://glenwoodregional.org/cms-hpt.txt,200,2026-09-09T10:07:33.324Z,,https://glenwoodregional.org/pricetransparency/994786140_GlenwoodRegionalMedicalCenter_standardcharges.csv,206,https://glenwoodregional.org/pricetransparency/994786140_GlenwoodRegionalMedicalCenter_standardcharges.csv,corroborated,file-name-and-address,HSA GLENWOOD LLC,Glenwood Regional Medical Center,LA,2025-03-19,2.0.0,date-over-365-days,2026-09-09T10:07:33.615Z,53788d233d620c87a9edad212ed7a87a5f1a81f2d6bcfac3cf936591cdaeff65,7e80d981d9b708a7d95d9c78dc16b1a89d4bf641db1105336cad5eeef02b90ee,,Same declared date 2025-03-19 observed again after the earlier check (2026-09-09T01:48:32.008Z).
190167,MERCY REGIONAL MEDICAL CENTER,LA,publisher-template-review,publisher-issue,template-version-older-than-3,Publisher inquiry about the declared template version; recheck after their update window,https://mercyregionalmedical.com/cms-hpt.txt,206,2026-09-09T10:07:33.413Z,,https://mercyregionalmedical.com/824681222_MERCY-REGIONAL-MEDICAL-CENTER_standardcharges.csv,206,https://mercyregionalmedical.com/824681222_MERCY-REGIONAL-MEDICAL-CENTER_standardcharges.csv,corroborated,file-name-and-address,MERCY REGIONAL MEDICAL CENTER,MERCY REGIONAL MEDICAL CENTER,LA,2026-02-02,2.0.0,date-within-365-days-older-version,2026-09-09T10:07:33.674Z,de863a42fcb624525d182aef27d72ad61f1e6f42bae34451458c2e2dfd37f0e4,878c64c2bbaeca0dfc82ee7763dda480dcbd7980c517c19002a394d3dded75d9,,Declared version 2.0.0 with a current date; publisher has not adopted the current CMS dictionary.
190190,"CALDWELL MEMORIAL HOSPITAL, INC",LA,publisher-date-review,publisher-issue,declared-update-date-over-365-days,"Publisher inquiry with the recorded file URL, declared date and response hash; recheck after their update window",https://mycaldwellmemorial.com/cms-hpt.txt,206,2026-09-09T10:07:33.509Z,,https://www.mycaldwellmemorial.com/wp-content/uploads/2020/12/720878037_caldwell-memorial-hospital_standardcharges.csv,206,https://www.mycaldwellmemorial.com/wp-content/uploads/2020/12/720878037_caldwell-memorial-hospital_standardcharges.csv,corroborated,file-name-and-address,Caldwell Memorial Hospital,Caldwell Memorial Hospital,LA,2024-06-27,2.0.0,date-over-365-days,2026-09-09T10:07:34.070Z,25a1cd0bb56c8cf3c9fb22c3acb82cc3718396fc482d4c9e05efb23ae79852c4,ebddd06e5cd768efda1affd4205d54d31d05df7575572d6198946374111672a7,,Same declared date 2024-06-27 observed again after the earlier check (2026-09-09T01:48:31.748Z).
190319,ALEXANDRIA HOSPITAL,LA,metadata-or-pointer-review,publisher-issue,template-version-older-than-3,Publisher inquiry about the declared template version; recheck after their update window,https://alexandriaer.com/cms-hpt.txt,200,2026-09-09T10:07:34.553Z,,https://www.alexandriaer.com/wp-content/uploads/2025/10/821295425_alexandria-hospital-llc_standardcharges-1in.csv,200,https://www.alexandriaer.com/wp-content/uploads/2025/10/821295425_alexandria-hospital-llc_standardcharges-1in.csv,corroborated-adjudicated,renamed-facility-pointer-label-and-roster-address,Alexandria Emergency Hospital,Alexandria Emergency Hospital,LA,2025-10-10,2.1.0,date-within-365-days-older-version,2026-09-09T10:45:49.396Z,ec47a96988fdfc6d3654eebec63018866b49650857a03f263665a753fd64481a,b901e9d818532ceace8afa6ea68cbf74f94fc8c32a3146e88b62c4bd7ce37162,renamed-facility-pointer-label-and-roster-address,Declared version 2.1.0 with a current date; publisher has not adopted the current CMS dictionary.
194074,SERENITY SPRINGS SPECIALTY HOSPITAL,LA,publisher-date-review,publisher-issue,declared-update-date-over-365-days,"Publisher inquiry with the recorded file URL, declared date and response hash; recheck after their update window",https://serenityhospital.com/cms-hpt.txt,206,2026-09-09T10:07:35.430Z,,https://rest.edit.site/filestorage-api-service/4a56fb3b641cb21ae28d316dd3efb637/price-transparency-tall-csv.csv,206,https://static-gcs.edit.site/users-files/4a56fb3b641cb21ae28d316dd3efb637/price-transparency-tall-csv.csv,corroborated,file-name-and-address,Solutions Medical Consulting LLC,Serenity Springs Specialty Hospital,LA,2024-10-14,2.0.0,date-over-365-days,2026-09-09T10:37:42.855Z,b4f3ae6c9ca8af3344b6ac615c2d9f5743d688becaedb08994eb57e870fea242,ac0db4227954ea0a33b94b7ca3858d91366f659034d9082152a002294a2814b4,,Same declared date 2024-10-14 observed again after the earlier check (2026-09-09T02:23:47.588Z).
194102,"BEACON BEHAVIORAL HOSPITAL, LLC",LA,publisher-template-review,publisher-issue,automated-file-access-denied,"Browser download attempt, then publisher whitelist request with the recorded denial evidence",https://beaconbh.com/cms-hpt.txt,403,2026-09-09T10:37:42.590Z,,https://beaconbh.com/wp-content/uploads/2026/04/853294019-273463367-1881996940_lutcher-hospital_standardcharges_2026.csv,403,,,,,,,,,,2026-09-09T10:07:37.779Z,,,,Automated retrieval denied while the earlier pass corroborated facility identity from this URL; not evidence of a missing file.
194112,BEACON BEHAVIORAL HOSPITAL - CENTRAL,LA,publisher-template-review,publisher-issue,template-version-older-than-3,Publisher inquiry about the declared template version; recheck after their update window,https://beaconbh.com/cms-hpt.txt,403,2026-09-09T10:37:42.590Z,,https://beaconbh.com/wp-content/uploads/2026/04/853294005-320433074-1184044430_bunkie-hospital_standardcharges_2026.csv,206,https://beaconbh.com/wp-content/uploads/2026/04/853294005-320433074-1184044430_bunkie-hospital_standardcharges_2026.csv,corroborated,file-name-and-address,Beacon Behavioral Hospital Central-Bunkie,"Bunkie, Louisiana",LA,2025-10-01,2.0.0,date-within-365-days-older-version,2026-09-09T16:09:00.056Z,,3e5cef24fe43ddd451707e570ec48081c041550fc1aecdddad35ea1d5cee280c,,Declared version 2.0.0 with a current date; publisher has not adopted the current CMS dictionary.
204005,MAINEHEALTH BEHAVIORAL HEALTH AT SPRING HARBOR,ME,identity-or-format-review,publisher-issue,declared-update-date-over-365-days,"Publisher inquiry with the recorded file URL, declared date and response hash; recheck after their update window",https://www.mainehealth.org/cms-hpt.txt,206,2026-09-09T10:07:36.385Z,,https://sthpiprd.blob.core.windows.net/machine-readable-files/8065/010238552-1598798787_mainehealth_standardcharges.csv,206,https://sthpiprd.blob.core.windows.net/machine-readable-files/8065/010238552-1598798787_mainehealth_standardcharges.csv,corroborated-adjudicated,renamed-facility-pointer-label-and-roster-address,MaineHealth,Spring Harbor Hospital,ME,2025-08-12,3.0.0,date-over-365-days,2026-09-09T10:07:38.871Z,1833c7c469958fd9c502c7a91d0ec1cfca43ab6d3cd314674346b16ae2855134,73dea2754c8efc703ce2b7623b4f59a86b902c7cdfe3c0703255ac8de9b474f6,renamed-facility-pointer-label-and-roster-address,Same declared date 2025-08-12 observed again after the earlier check (2026-09-09T02:27:57.576Z).
210005,FREDERICK HEALTH HOSPITAL,MD,publisher-date-review,publisher-issue,declared-update-date-over-365-days,"Publisher inquiry with the recorded file URL, declared date and response hash; recheck after their update window",https://www.frederickhealth.org/cms-hpt.txt,206,2026-09-09T10:07:36.554Z,,https://www.frederickhealth.org/documents/billing%20and%20finance/52-0591612_FrederickHealthHospital_standardcharges.csv,206,https://www.frederickhealth.org/documents/billing%20and%20finance/52-0591612_FrederickHealthHospital_standardcharges.csv,corroborated,file-name-and-address,"Frederick Health Hospital, Inc.",Frederick Health Hospital,MD,2025-03-17,2.0.0,date-over-365-days,2026-09-09T10:07:37.645Z,b5ab9ff3385698b8862cd090af7d93ac6b77676e13f55420899d8d03e606c5e3,fac8a8bffa9c7ce73d5382b2289fbc73691eb00d776708434217c7e63a10d348,,Same declared date 2025-03-17 observed again after the earlier check (2026-09-09T01:48:52.538Z).
210009,"JOHNS HOPKINS HOSPITAL, THE",MD,metadata-or-pointer-review,publisher-issue,declared-update-date-over-365-days,"Publisher inquiry with the recorded file URL, declared date and response hash; recheck after their update window",,,,,https://jhm-web-assets.s3.amazonaws.com/hopkinsmedicine/prod/charge-fees/520591656_JohnsHopkinsHospital_standardcharges.csv,206,https://jhm-web-assets.s3.amazonaws.com/hopkinsmedicine/prod/charge-fees/520591656_JohnsHopkinsHospital_standardcharges.csv,corroborated,file-name-and-address,The Johns Hopkins Hospital,The Johns Hopkins Hospital,MD,2025-07-01,2.2.0,date-over-365-days,2026-09-09T10:07:38.055Z,,fdeec04b814de0588c65e49af36650b8f29f6485533e810b809d1f4cfac5cb11,,Same declared date 2025-07-01 observed again after the earlier check (2026-09-09T02:26:07.134Z).
210022,SUBURBAN HOSPITAL,MD,metadata-or-pointer-review,publisher-issue,declared-update-date-over-365-days,"Publisher inquiry with the recorded file URL, declared date and response hash; recheck after their update window",,,,,https://jhm-web-assets.s3.amazonaws.com/hopkinsmedicine/prod/charge-fees/520610545_SuburbanHospital_standardcharges.csv,206,https://jhm-web-assets.s3.amazonaws.com/hopkinsmedicine/prod/charge-fees/520610545_SuburbanHospital_standardcharges.csv,corroborated,file-name-and-address,Suburban Hospital,Suburban Hospital,MD,2025-07-01,2.2.0,date-over-365-days,2026-09-09T10:07:38.903Z,,3fd3decf30676b1208ae8074d635738d6e0293f91f23d2af97d3d5a893856c01,,Same declared date 2025-07-01 observed again after the earlier check (2026-09-09T02:26:08.127Z).
210023,"LUMINIS HEALTH ANNE ARUNDEL MEDICAL CENTER, INC",MD,publisher-template-review,publisher-issue,template-version-older-than-3,Publisher inquiry about the declared template version; recheck after their update window,https://www.luminishealth.org/sites/default/files/2026-01/cms-hpt.txt,206,2026-09-09T10:07:36.904Z,,https://www.luminishealth.org/sites/default/files/2026-01/1477517225_annearundelmedicalcenter_standardcharges.csv,206,https://www.luminishealth.org/sites/default/files/2026-01/1477517225_annearundelmedicalcenter_standardcharges.csv,corroborated,file-name-and-address,Luminis Health Anne Arundel Medical Center,Luminis Health Anne Arundel Medical Center,MD,2026-01-15,2.0.0,date-within-365-days-older-version,2026-09-09T10:07:38.104Z,493e5bcfebbca4ba980fba112a1357412376ec6808f78cd51d7235054b0e53a7,18d06a0c071b11608390c8c8dae8028683f37f7d716cc8db390a8707bcd3b1ed,,Declared version 2.0.0 with a current date; publisher has not adopted the current CMS dictionary.
210029,JOHNS HOPKINS BAYVIEW MEDICAL CENTER,MD,metadata-or-pointer-review,publisher-issue,declared-update-date-over-365-days,"Publisher inquiry with the recorded file URL, declared date and response hash; recheck after their update window",,,,,https://jhm-web-assets.s3.amazonaws.com/hopkinsmedicine/prod/charge-fees/521341890_JohnsHopkinsBayview_standardcharges.csv,206,https://jhm-web-assets.s3.amazonaws.com/hopkinsmedicine/prod/charge-fees/521341890_JohnsHopkinsBayview_standardcharges.csv,corroborated,file-name-and-address,Johns Hopkins Bayview Medical Center,Johns Hopkins Bayview Medical Center,MD,2025-07-01,2.2.0,date-over-365-days,2026-09-09T10:07:39.442Z,,565ed37f1f2509ab23fd21e6e616efb956206d2fe02aafced403d781dd0a802c,,Same declared date 2025-07-01 observed again after the earlier check (2026-09-09T02:26:08.602Z).
210048,JOHNS HOPKINS HOWARD COUNTY MEDICAL CENTER,MD,metadata-or-pointer-review,publisher-issue,declared-update-date-over-365-days,"Publisher inquiry with the recorded file URL, declared date and response hash; recheck after their update window",,,,,https://jhm-web-assets.s3.amazonaws.com/hopkinsmedicine/prod/charge-fees/522093120_HowardCountyGeneralHospital_standardcharges.csv,206,https://jhm-web-assets.s3.amazonaws.com/hopkinsmedicine/prod/charge-fees/522093120_HowardCountyGeneralHospital_standardcharges.csv,corroborated,file-name-and-address,Johns Hopkins Howard County Medical Center,Johns Hopkins Howard County Medical Center,MD,2025-07-01,2.2.0,date-over-365-days,2026-09-09T10:07:39.949Z,,ba2564c671276fd5107a5f3349bb733a023df6ee012a3298bba9de9623d75139,,Same declared date 2025-07-01 observed again after the earlier check (2026-09-09T02:26:08.989Z).
210051,"LUMINIS HEALTH DOCTORS COMMUNITY MEDICAL CTR, INC",MD,publisher-template-review,publisher-issue,template-version-older-than-3,Publisher inquiry about the declared template version; recheck after their update window,https://www.luminishealth.org/sites/default/files/2026-01/cms-hpt.txt,206,2026-09-09T10:07:36.904Z,,https://www.luminishealth.org/sites/default/files/2026-01/1730136532_doctorscommunitymedicalcenter_standardcharges.csv,206,https://www.luminishealth.org/sites/default/files/2026-01/1730136532_doctorscommunitymedicalcenter_standardcharges.csv,corroborated,file-name-and-address,Luminis Health Doctors Community Medical Center,Luminis Health Doctors Community Medical Center,MD,2026-01-15,2.0.0,date-within-365-days-older-version,2026-09-09T10:07:39.406Z,493e5bcfebbca4ba980fba112a1357412376ec6808f78cd51d7235054b0e53a7,9b3afe242b86481ac325ec55566bf1894fd257fdf0b94cbd198b342d94669a7c,,Declared version 2.0.0 with a current date; publisher has not adopted the current CMS dictionary.
214020,LUMINIS HEALTH J KENT MCNEW FAMILY MEDICAL CENTER,MD,publisher-template-review,publisher-issue,template-version-older-than-3,Publisher inquiry about the declared template version; recheck after their update window,https://www.luminishealth.org/sites/default/files/2026-01/cms-hpt.txt,206,2026-09-09T10:07:36.904Z,,https://www.luminishealth.org/sites/default/files/2026-01/1780236992_jkentmcnewfamilymedicalcenter_standardcharges.csv,206,https://www.luminishealth.org/sites/default/files/2026-01/1780236992_jkentmcnewfamilymedicalcenter_standardcharges.csv,corroborated,file-name-and-address,Luminis Health J Kent McNew Family Medical Center,Luminis Health J Kent McNew Medical Center,MD,2026-01-15,2.0.0,date-within-365-days-older-version,2026-09-09T10:07:39.770Z,493e5bcfebbca4ba980fba112a1357412376ec6808f78cd51d7235054b0e53a7,e3820dfd5898a56069ceefedca04c63a30d5fda9fd373ac1e7a1a74f57ab0384,,Declared version 2.0.0 with a current date; publisher has not adopted the current CMS dictionary.
220095,HEYWOOD HOSPITAL -,MA,publisher-date-review,publisher-issue,declared-update-date-over-365-days,"Publisher inquiry with the recorded file URL, declared date and response hash; recheck after their update window",https://www.atholhospital.org/cms-hpt.txt,206,2026-09-09T10:07:39.565Z,,https://mrfs.hyvehealthcare.com/HeywoodHealthcare/042103581_heywood-hospital_standardcharges.json,206,https://mrfs.hyvehealthcare.com/HeywoodHealthcare/042103581_heywood-hospital_standardcharges.json,corroborated,file-name-and-address,Heywood Hospital,Heywood Hospital,MA,2025-04-16,2.2.0,date-over-365-days,2026-09-09T10:07:40.022Z,4f53403bb55fba4fcb6e50cccd7302d991106392644442c6d3f1f89a127809a8,9323da4a5a169800b7f3290658d8ec284b0915c853e369873c2785ae315d0cb4,,Same declared date 2025-04-16 observed again after the earlier check (2026-09-09T01:48:38.396Z).
221303,ATHOL MEMORIAL HOSPITAL,MA,publisher-date-review,publisher-issue,declared-update-date-over-365-days,"Publisher inquiry with the recorded file URL, declared date and response hash; recheck after their update window",https://www.atholhospital.org/cms-hpt.txt,206,2026-09-09T10:07:39.565Z,,https://mrfs.hyvehealthcare.com/HeywoodHealthcare/042126583_athol-memorial-hospital_standardcharges.json,206,https://mrfs.hyvehealthcare.com/HeywoodHealthcare/042126583_athol-memorial-hospital_standardcharges.json,corroborated,file-name-and-address,Athol Memorial Hospital,Athol Memorial Hospital,MA,2025-04-16,2.2.0,date-over-365-days,2026-09-09T10:07:40.710Z,4f53403bb55fba4fcb6e50cccd7302d991106392644442c6d3f1f89a127809a8,16f953064294d51207f0adacb7914a0c230487999dc5ea044c9239f55d96ad65,,Same declared date 2025-04-16 observed again after the earlier check (2026-09-09T02:23:48.166Z).
230208,UNIVERSITY OF MICHIGAN HEALTH-SPARROW CARSON,MI,identity-or-format-review,publisher-issue,file-declares-conflicting-license-state,Publisher inquiry: ask the facility to correct the license_state field in the file header; recheck on their update,https://www.uofmhealthsparrow.org/cms-hpt.txt,200,2026-09-09T10:07:41.894Z,,https://www.uofmhealthsparrow.org/sites/default/files/2026-03/um-health-sparrow-carson-machine-readable-file-03-31-2026.csv,206,https://www.uofmhealthsparrow.org/sites/default/files/2026-03/um-health-sparrow-carson-machine-readable-file-03-31-2026.csv,license-state-conflict,exact-name-and-address-with-conflicting-license-state,University of Michigan Health-Sparrow Carson,University of Michigan Health-Sparrow Carson,CA,2026-04-01,3.1.0,,2026-09-09T10:07:42.256Z,84324065af2b59be2d901a4d5709efd06a19a0b67b1c8e475ee438339689c43b,c23d234d5907089cdd3f783f8f15adc24d5ce9308820f486763fb6d3370b2e8b,,File header declares license state CA while the roster state is MI; the name and address match the roster exactly and the official pointer lists the file.
230217,OAKLAWN HOSPITAL,MI,file-access-review,publisher-issue,pointer-declared-file-404,Publisher inquiry to restore or replace the declared file; recheck after their update window,https://oaklawnhospital.org/cms-hpt.txt,206,2026-09-09T10:07:42.447Z,,https://oaklawnhospital.org/381368347_ella-em-brown-charitable-circle-dba-oaklawn-hospital_standardcharges.csv.zip,404,,,,,,,,,,2026-09-09T10:07:42.543Z,43c1ae77b2d3508ca4e2509712cb6ef2108a7217b045c870094f9d3fb2f7742e,,,The official pointer declares this file URL and it returns 404 on repeated checks; reproducible broken link.
230275,HEALTHSOURCE SAGINAW,MI,publisher-template-review,publisher-issue,template-version-older-than-3,Publisher inquiry about the declared template version; recheck after their update window,https://healthsourcesaginaw.org/cms-hpt.txt,206,2026-09-09T10:07:42.558Z,,https://www.healthsourcesaginaw.org/wp-content/uploads/2026/01/386004889_healthsource-saginaw_standardcharges.csv,206,https://www.healthsourcesaginaw.org/wp-content/uploads/2026/01/386004889_healthsource-saginaw_standardcharges.csv,corroborated,file-name-and-address,HealthSource Saginaw,HealthSource Saginaw,MI,2026-01-06,2.0.0,date-within-365-days-older-version,2026-09-09T10:07:42.837Z,dce953928a2aba0d404fb583c082fe9068cf0388e5278477276ca0e07a656777,e37be102977b3a09591cb81b943b8df9afee8e55cd85170426819c4ce684e1a5,,Declared version 2.0.0 with a current date; publisher has not adopted the current CMS dictionary.
231308,MUNISING MEMORIAL HOSPITAL,MI,identity-or-format-review,publisher-issue,declared-update-date-over-365-days,"Publisher inquiry with the recorded file URL, declared date and response hash; recheck after their update window",https://munisingmemorial.org/cms-hpt.txt,206,2026-09-09T10:07:42.892Z,,https://munisingmemorial.org/wp-content/uploads/2025/03/Munising-Memorial-Hospital-Standard-Charges.csv,206,https://munisingmemorial.org/wp-content/uploads/2025/03/Munising-Memorial-Hospital-Standard-Charges.csv,corroborated,file-name-and-address,Munising Memorial Hospital,Munising Memorial Hospital,MI,2025-01-01,2.2.0,date-over-365-days,2026-09-09T10:07:43.481Z,068f3f2db6b470d83f3a414fc8e2910ef3fc4b6d03c4b81a67e03ba529dea550,d411b6dd1eea9e283f2a4819ced9bc009277dd6f83c3e8e44759818bf4a25bdc,,Same declared date 2025-01-01 observed again after the earlier check (2026-09-09T02:28:21.405Z).
231311,DECKERVILLE COMMUNITY HOSPITAL,MI,publisher-date-review,publisher-issue,declared-update-date-over-365-days,"Publisher inquiry with the recorded file URL, declared date and response hash; recheck after their update window",https://aspirerhs.org/cms-hpt.txt,206,2026-09-09T10:07:42.928Z,,https://aspirerhs.org/wp-content/uploads/2024/07/381415390_deckerville-community-hospital_standardcharges.csv,206,https://aspirerhs.org/wp-content/uploads/2024/07/381415390_deckerville-community-hospital_standardcharges.csv,corroborated,file-name-and-address,Deckerville Community Hospital,Deckerville Community Hospital,MI,2025-01-15,2.0.0,date-over-365-days,2026-09-09T10:07:43.129Z,f72dae80c0859fa07ab8e279a683267328a6e87a71115aba15a6a2785d32f57b,284889009e8e7034da9fb03d3f97e53caf0c5632bbc12f3744ae8d3cc8ae8f5e,,Same declared date 2025-01-15 observed again after the earlier check (2026-09-09T01:48:56.433Z).
231314,MCKENZIE HEALTH SYSTEM,MI,publisher-date-review,publisher-issue,declared-update-date-over-365-days,"Publisher inquiry with the recorded file URL, declared date and response hash; recheck after their update window",https://www.mckenziehealth.org/cms-hpt.txt,206,2026-09-09T10:07:43.143Z,,https://www.mckenziehealth.org/documents/content/standard%20charges/381738615_McKenzie-Memorial-Hospital_standardcharges.csv,206,https://www.mckenziehealth.org/documents/content/standard%20charges/381738615_McKenzie-Memorial-Hospital_standardcharges.csv,corroborated,exact-pointer-name-and-file-address,McKenzie_Memorial_Hospital,McKenzie_Memorial_Hospital,MI,2025-05-31,2.0.0,date-over-365-days,2026-09-09T10:07:43.502Z,27055f087049dac84e5d4a8aab67c18d7feffa6a8331df64c0781ac3036aed6e,b4b30e401c2dc4fb437d1d633c0e82682f1ab48e2f4e59fcf2acdd9a325da45c,,Same declared date 2025-05-31 observed again after the earlier check (2026-09-09T01:48:57.052Z).
231316,HILLS & DALES GENERAL HOSPITAL,MI,publisher-date-review,publisher-issue,declared-update-date-over-365-days,"Publisher inquiry with the recorded file URL, declared date and response hash; recheck after their update window",https://aspirerhs.org/cms-hpt.txt,206,2026-09-09T10:07:42.928Z,,https://aspirerhs.org/wp-content/uploads/2024/07/381619577_hills-and-dales-general-hospital_standardcharges.csv,206,https://aspirerhs.org/wp-content/uploads/2024/07/381619577_hills-and-dales-general-hospital_standardcharges.csv,corroborated,exact-pointer-name-and-file-address,Hills and Dales General both,Hills and Dales General both,MI,2025-01-01,2.0.0,date-over-365-days,2026-09-09T10:07:44.249Z,f72dae80c0859fa07ab8e279a683267328a6e87a71115aba15a6a2785d32f57b,7a35de7ea083fdf6d4bbe31b8cd4e95e1adeeed32e036018bf5b83c6f1258b1d,,Same declared date 2025-01-01 observed again after the earlier check (2026-09-09T01:48:57.003Z).
231318,"ASPIRUS IRON RIVER HOSPITAL & CLINICS, INC",MI,publisher-date-review,publisher-issue,declared-update-date-over-365-days,"Publisher inquiry with the recorded file URL, declared date and response hash; recheck after their update window",https://www.aspirus.org/cms-hpt.txt,200,2026-09-09T10:07:43.519Z,,https://www.aspirus.org/Uploads/Public/Documents/PriceEstimate/TransparencyFY26/383236977_aspirus-iron-river-hospital_standardcharges.json,206,https://www.aspirus.org/Uploads/Public/Documents/PriceEstimate/TransparencyFY26/383236977_aspirus-iron-river-hospital_standardcharges.json,corroborated,file-name-and-address,Aspirus Iron River Hospital,Aspirus Iron River Hospital,MI,2025-07-01,2.2.0,date-over-365-days,2026-09-09T10:07:49.782Z,26a95ee79434fbf692ebb03527aca944f9d0e63fde0b0254a07e7d8afc5ecc63,7d8bdc243870dc01cd765c9770a6f731838d28a96c1f9e6513cae7edba97d2b0,,Same declared date 2025-07-01 observed again after the earlier check (2026-09-09T01:48:55.968Z).
231319,ASPIRUS KEWEENAW HOSPITAL AND CLINICS,MI,identity-or-format-review,publisher-issue,declared-update-date-over-365-days,"Publisher inquiry with the recorded file URL, declared date and response hash; recheck after their update window",https://www.aspirus.org/cms-hpt.txt,200,2026-09-09T10:07:43.519Z,,https://www.aspirus.org/Uploads/Public/Documents/PriceEstimate/TransparencyFY26/381443361_aspirus-keweenaw-hospital_standardcharges.json,206,https://www.aspirus.org/Uploads/Public/Documents/PriceEstimate/TransparencyFY26/381443361_aspirus-keweenaw-hospital_standardcharges.json,corroborated-adjudicated,renamed-facility-pointer-label-and-roster-address,Aspirus Keweenaw Hospital,Aspirus Keweenaw Hospital,MI,2025-07-01,2.2.0,date-over-365-days,2026-09-09T10:08:00.745Z,26a95ee79434fbf692ebb03527aca944f9d0e63fde0b0254a07e7d8afc5ecc63,443fe96106fc367ddc5e6ba05c353d7625c11b743d4f691044a6e6d65b910bdc,renamed-facility-pointer-label-and-roster-address,Same declared date 2025-07-01 observed again after the earlier check (2026-09-09T02:26:09.803Z).
231326,UNIVERSITY OF MICHIGAN HEALTH- SPARROW CLINTON,MI,identity-or-format-review,publisher-issue,file-declares-conflicting-license-state,Publisher inquiry: ask the facility to correct the license_state field in the file header; recheck on their update,https://www.uofmhealthsparrow.org/cms-hpt.txt,200,2026-09-09T10:07:41.894Z,,https://www.uofmhealthsparrow.org/sites/default/files/2026-03/um-health-sparrow-clinton-machine-readable-file-03-31-2026.csv,206,https://www.uofmhealthsparrow.org/sites/default/files/2026-03/um-health-sparrow-clinton-machine-readable-file-03-31-2026.csv,license-state-conflict,exact-name-and-address-with-conflicting-license-state,University of Michigan Health-Sparrow Clinton,University of Michigan Health-Sparrow Clinton,CA,2026-04-01,3.1.0,,2026-09-09T10:07:43.645Z,84324065af2b59be2d901a4d5709efd06a19a0b67b1c8e475ee438339689c43b,8f1328dfee109182b0ef94920070dd19b93ce813a2332f2f5a572eda557bded1,,File header declares license state CA while the roster state is MI; the name and address match the roster exactly and the official pointer lists the file.
231327,UNIVERSITY OF MICHIGAN HEALTH - SPARROW EATON,MI,identity-or-format-review,publisher-issue,file-declares-conflicting-license-state,Publisher inquiry: ask the facility to correct the license_state field in the file header; recheck on their update,https://www.uofmhealthsparrow.org/cms-hpt.txt,200,2026-09-09T10:07:41.894Z,,https://www.uofmhealthsparrow.org/sites/default/files/2026-03/um-health-sparrow-eaton-machine-readable-file-03-31-2026.csv,206,https://www.uofmhealthsparrow.org/sites/default/files/2026-03/um-health-sparrow-eaton-machine-readable-file-03-31-2026.csv,license-state-conflict,exact-name-and-address-with-conflicting-license-state,University of Michigan Health-Sparrow Eaton,University of Michigan Health-Sparrow Eaton,CA,2026-04-01,3.1.0,,2026-09-09T10:07:43.905Z,84324065af2b59be2d901a4d5709efd06a19a0b67b1c8e475ee438339689c43b,f64d7a2c393f0edbe4432a25564481b5ad2bda57594e14943ce5365023f8ed40,,File header declares license state CA while the roster state is MI; the name and address match the roster exactly and the official pointer lists the file.
231330,MARLETTE REGIONAL HOSPITAL,MI,publisher-date-review,publisher-issue,declared-update-date-over-365-days,"Publisher inquiry with the recorded file URL, declared date and response hash; recheck after their update window",https://aspirerhs.org/cms-hpt.txt,206,2026-09-09T10:07:42.928Z,,https://aspirerhs.org/wp-content/uploads/2024/07/381507302_marlette-regional-hospital_standardcharges.csv,206,https://aspirerhs.org/wp-content/uploads/2024/07/381507302_marlette-regional-hospital_standardcharges.csv,corroborated,file-name-and-address,Marlette Regional Hospital,Marlette Regional Hospital,MI,2025-01-25,2.0.0,date-over-365-days,2026-09-09T10:07:51.858Z,f72dae80c0859fa07ab8e279a683267328a6e87a71115aba15a6a2785d32f57b,4abbe109a57b2ffa55a75cfde713bcb6d40c79fc9bc29e7f9a1e65496a13075a,,Same declared date 2025-01-25 observed again after the earlier check (2026-09-09T01:48:57.012Z).
240047,ST LUKES HOSPITAL,MN,publisher-date-review,publisher-issue,declared-update-date-over-365-days,"Publisher inquiry with the recorded file URL, declared date and response hash; recheck after their update window",https://www.aspirus.org/cms-hpt.txt,200,2026-09-09T10:07:43.519Z,,https://www.aspirus.org/Uploads/Public/Documents/PriceEstimate/TransparencyFY26/410714079_aspirus-st-lukes-hospital_standardcharges.json,206,https://www.aspirus.org/Uploads/Public/Documents/PriceEstimate/TransparencyFY26/410714079_aspirus-st-lukes-hospital_standardcharges.json,corroborated,file-name-and-address,Aspirus St. Luke’s Hospital,Aspirus St. Luke’s Hospital,MN,2025-07-01,2.2.0,date-over-365-days,2026-09-09T10:37:43.854Z,26a95ee79434fbf692ebb03527aca944f9d0e63fde0b0254a07e7d8afc5ecc63,d43f79ffcb2f5f1d93b668a52be302410c79063c12537742fbf8afee96416666,,Same declared date 2025-07-01 observed again after the earlier check (2026-09-09T01:49:09.093Z).
241308,ASPIRUS LAKE VIEW HOSPITAL,MN,publisher-date-review,publisher-issue,declared-update-date-over-365-days,"Publisher inquiry with the recorded file URL, declared date and response hash; recheck after their update window",https://www.aspirus.org/cms-hpt.txt,200,2026-09-09T10:07:43.519Z,,https://www.aspirus.org/Uploads/Public/Documents/PriceEstimate/TransparencyFY26/410786046_aspirus-lake-view-hospital_standardcharges.json,206,https://www.aspirus.org/Uploads/Public/Documents/PriceEstimate/TransparencyFY26/410786046_aspirus-lake-view-hospital_standardcharges.json,corroborated,file-name-and-address,Aspirus Lake View Hospital,Aspirus Lake View Hospital,MN,2025-07-01,2.2.0,date-over-365-days,2026-09-09T10:08:44.123Z,26a95ee79434fbf692ebb03527aca944f9d0e63fde0b0254a07e7d8afc5ecc63,4363eeb50146ca605df293177181f8a573d04381745310959e0f32cab5e37708,,Same declared date 2025-07-01 observed again after the earlier check (2026-09-09T01:49:08.320Z).
241320,RIVERVIEW HOSPITAL,MN,pointer-or-domain-review,publisher-issue,pointer-declared-file-404,Publisher inquiry to restore or replace the declared file; recheck after their update window,https://res.cloudinary.com/dpmykpsih/raw/upload/riverview-health-site-275/media/9122285d28014b6db6d3f86e0c095635/cms-hpt.txt,206,2026-09-09T10:08:05.312Z,,https://sthpiprd.blob.core.windows.net/machine-readable-files/7983/410724029_riverview-health-association_standardcharges.csv,404,,,,,,,,,,2026-09-09T10:07:52.059Z,3187777ccbdaeb3bfa83e030e6d5c3378ea1935c001b18bc4373d178b51920ce,,,The official pointer declares this file URL and it returns 404 on repeated checks; reproducible broken link.
241343,AVERA GRANITE FALLS,MN,pointer-or-domain-review,publisher-issue,template-version-unrecognized,Publisher inquiry: confirm which CMS data dictionary version the file implements; recheck on their reply,http://www.avera.org/cms-hpt.txt,403,2026-09-09T10:07:29.048Z,,https://www.avera.org/app/files/public/1ca2d27a-5829-43e7-a1e5-2626ec33931a/843156881_avera-granite-falls-health-center_standardcharges.csv,206,https://www.avera.org/app/files/public/1ca2d27a-5829-43e7-a1e5-2626ec33931a/843156881_avera-granite-falls-health-center_standardcharges.csv,corroborated,file-name-and-address,Avera Granite Falls Health Center,Avera Granite Falls Health Center,MN,2026-04-01,4.0.0,date-within-365-days-version-unverified,2026-09-09T13:11:15.214Z,,84f8b6b071aff74fe0494b4efd1a5359847896971861108816e86d7d78c124ac,,Declared template version 4.0.0 is not a recognized CMS data dictionary version; facility identity and the 2026-04-01 update date are corroborated via browser retrieval.
241348,AVERA TYLER HOSPITAL,MN,pointer-or-domain-review,publisher-issue,template-version-unrecognized,Publisher inquiry: confirm which CMS data dictionary version the file implements; recheck on their reply,http://www.avera.org/cms-hpt.txt,403,2026-09-09T10:07:29.048Z,,https://www.avera.org/app/files/public/30c119ee-35bd-417a-a15e-30ec553ee995/410853163_avera-tyler-hospital_standardcharges.csv,206,https://www.avera.org/app/files/public/30c119ee-35bd-417a-a15e-30ec553ee995/410853163_avera-tyler-hospital_standardcharges.csv,corroborated,file-name-and-address,Avera Tyler Hospital,Avera Tyler ,MN,2026-04-01,4.0.0,date-within-365-days-version-unverified,2026-09-09T13:11:15.222Z,,a9ebcfe3a5d12378daef9532f5d2ad1f80d67625c99d05f714c295df02f14121,,Declared template version 4.0.0 is not a recognized CMS data dictionary version; facility identity and the 2026-04-01 update date are corroborated via browser retrieval.
241374,PIPESTONE COUNTY  MEDICAL CENTER,MN,pointer-or-domain-review,publisher-issue,template-version-unrecognized,Publisher inquiry: confirm which CMS data dictionary version the file implements; recheck on their reply,http://www.avera.org/cms-hpt.txt,403,2026-09-09T10:07:29.048Z,,https://www.avera.org/app/files/public/6d849323-cf99-4a3e-afbc-49241f8e3b6f/411392082_pipestone-county-medical-center_standardcharges.csv,206,https://www.avera.org/app/files/public/6d849323-cf99-4a3e-afbc-49241f8e3b6f/411392082_pipestone-county-medical-center_standardcharges.csv,corroborated,file-name-and-address,Pipestone County Medical Center,Pipestone County Medical Center,MN,2026-04-01,4.0.0,date-within-365-days-version-unverified,2026-09-09T13:11:15.243Z,,ca076856adfa2cc72da65003b25f3110c7bbbeca95e14cb7eeb740f01ebc7564,,Declared template version 4.0.0 is not a recognized CMS data dictionary version; facility identity and the 2026-04-01 update date are corroborated via browser retrieval.
241377,ST FRANCIS MEDICAL CENTER,MN,pointer-or-domain-review,publisher-issue,pointer-declared-file-404,Publisher inquiry to restore or replace the declared file; recheck after their update window,https://www.allinahealth.org/-/media/allina-health/files/customer-service/billing-and-insurance/price-transparency/price-transparency-txt-file.txt,206,2026-09-09T10:08:03.439Z,,https://www.allinahealth.org/sitecore/service/notfound.aspx,404,https://www.chistfrancishealth.org/content/dam/sfcareorg/website/workfiles/410695598-1639162381_st-francis-medical-center_standardcharges.csv,corroborated,file-name-and-address,ST. FRANCIS MEDICAL CENTER,CHI St. Francis Health,MN,2026-02-28,3.0.0,date-within-365-days-version-3,2026-09-09T10:47:18.153Z,cef9ee6590fc5fb8e71c36df1d44db6980e115c40d215ad36654b0a9398a6beb,9a3e410cacfb4507054efd69b248d2217dce554ff81f36c329d4bccb4ddf9870,,The official pointer declares this file URL and it returns 404 on repeated checks; reproducible broken link.
250002,TISHOMINGO HEALTH SERVICES INC,MS,file-access-review,publisher-issue,pointer-declared-file-404,Publisher inquiry to restore or replace the declared file; recheck after their update window,https://www.nmhs.net/cms-hpt.txt,206,2026-09-09T10:08:03.463Z,,https://apps.nmhs.net/files/pt_mrf/640741047_tishomingo-health-services-inc_standardcharges.json,404,"https://apps.nmhs.net/files/pt_mrf/640741047_tishomingo-health-services,inc-_standardcharges.json",corroborated,file-name-and-address,"TISHOMINGO HEALTH SERVICES,INC ","TISHOMINGO HEALTH SERVICES,INC ",MS,2026-04-01,3.0.0,date-within-365-days-version-3,2026-09-09T10:46:43.596Z,4f7f7f387168c70867b24a21d80287644b02dd4d707448e49542147aff529a0e,ad9e65b6281a95be7f9b63afd28db135b5ebbe86871fb84f689f649c09aa3afd,,The official pointer declares this file URL and it returns 404 on repeated checks; reproducible broken link.
250004,NORTH MISSISSIPPI MEDICAL CENTER,MS,file-access-review,publisher-issue,pointer-declared-file-404,Publisher inquiry to restore or replace the declared file; recheck after their update window,https://www.nmhs.net/cms-hpt.txt,206,2026-09-09T10:08:03.463Z,,https://apps.nmhs.net/files/pt_mrf/640662976_north-mississippi-medical-center-inc_standardcharges.json,404,https://apps.nmhs.net/files/pt_mrf/640662976_north-mississippi-medical-center_standardcharges.json,corroborated,file-name-and-address,North Mississippi Medical Center,North Mississippi Medical Center,MS,2026-04-01,3.0.0,date-within-365-days-version-3,2026-09-09T10:46:42.191Z,4f7f7f387168c70867b24a21d80287644b02dd4d707448e49542147aff529a0e,753fba0a68dd018c6a6ce6d5efd7d73214c2d1ade5dce979669d8aae8f5b4285,,The official pointer declares this file URL and it returns 404 on repeated checks; reproducible broken link.
250124,MAGEE GENERAL HOSPITAL,MS,publisher-date-review,publisher-issue,declared-update-date-over-365-days,"Publisher inquiry with the recorded file URL, declared date and response hash; recheck after their update window",https://mghosp.org/cms-hpt.txt,206,2026-09-09T10:08:04.917Z,,https://mghosp.org/wp-content/uploads/2025/01/640324402_magee-benevolent-association_standardcharges.csv,206,https://mghosp.org/wp-content/uploads/2025/01/640324402_magee-benevolent-association_standardcharges.csv,corroborated,file-name-and-address,MAGEE BENEVOLENT ASSOCIATION,MAGEE GENERAL HOSPITAL,MS,2024-12-26,2.0.0,date-over-365-days,2026-09-09T10:08:06.106Z,524483c7b8158d9203e4824c3169a60e8eb5ee5655ffbceed2ca1d13f5bc2cf9,52a8366ad2b08a813c49291cec4d2503f4db59acd356fdc7639f3f80e2b2e534,,Same declared date 2024-12-26 observed again after the earlier check (2026-09-09T01:49:10.398Z).
250162,OCHSNER MEDICAL CENTER-HANCOCK,MS,identity-or-format-review,publisher-issue,file-declares-conflicting-license-state,Publisher inquiry: ask the facility to correct the license_state field in the file header; recheck on their update,https://www.ochsner.org/cms-hpt.txt,206,2026-09-09T11:36:46.164Z,,https://ochsner-craft.s3.amazonaws.com/core/822869576_ochsner-medical-center-%E2%80%93-hancock-llc_standardcharges.csv_2026-03-26-181953_akak.csv,206,https://ochsner-craft.s3.amazonaws.com/core/822869576_ochsner-medical-center-%E2%80%93-hancock-llc_standardcharges.csv_2026-03-26-181953_akak.csv,license-state-conflict,exact-name-and-address-with-conflicting-license-state,OCHSNER MEDICAL CENTER – HANCOCK LLC,OCHSNER MEDICAL CENTER – HANCOCK,LA,2026-04-01,3.0.0,,2026-09-09T10:08:06.023Z,15fe42c1275ca42c1611e524231948f78cf03843eacc03759c1a500459d65477,f9ffad59cb00733442c0a64f91f7184316c6ad91ffb2a82d0683aba1413b9522,,File header declares license state LA while the roster state is MS; the name and address match the roster exactly and the official pointer lists the file.
251307,NOXUBEE GENERAL CRITICAL ACCESS HOSP,MS,identity-or-format-review,publisher-issue,declared-update-date-over-365-days,"Publisher inquiry with the recorded file URL, declared date and response hash; recheck after their update window",https://a27d8bef-da4e-4fa0-9e3b-83c28b7fb454.usrfiles.com/ugd/a27d8b_6e61b042ac8e45d18f7bb55ad253b593.txt,206,2026-09-09T10:08:06.328Z,,https://a27d8bef-da4e-4fa0-9e3b-83c28b7fb454.usrfiles.com/ugd/a27d8b_9d82b0e8a9ae4bb59d292b04e35ec2f1.csv,206,https://a27d8bef-da4e-4fa0-9e3b-83c28b7fb454.usrfiles.com/ugd/a27d8b_9d82b0e8a9ae4bb59d292b04e35ec2f1.csv,corroborated-adjudicated,renamed-facility-pointer-label-and-roster-address,Noxubee General Hospital,Noxubee General Hospital,MS,2024-11-01,2.0.0,date-over-365-days,2026-09-09T10:08:06.569Z,07acc8e6390c6471e0b9b41b8513fd39c3c909d8a8c4d2192650ae744b94c21f,26ebb66cfda6159bfd4e2eb49684b79ffa0965adc19783afac4bf744fb034479,renamed-facility-pointer-label-and-roster-address,Same declared date 2024-11-01 observed again after the earlier check (2026-09-09T02:28:37.038Z).
251316,OCHSNER WATKINS HOSPITAL,MS,identity-or-format-review,publisher-issue,file-declares-conflicting-license-state,Publisher inquiry: ask the facility to correct the license_state field in the file header; recheck on their update,https://www.ochsner.org/cms-hpt.txt,206,2026-09-09T11:36:46.164Z,,https://ochsner-craft.s3.amazonaws.com/core/640345119_rush-medical-foundation_standardcharges.csv_2026-03-26-190513_txgc.csv,206,https://ochsner-craft.s3.amazonaws.com/core/640345119_rush-medical-foundation_standardcharges.csv_2026-03-26-190513_txgc.csv,license-state-conflict,exact-name-and-address-with-conflicting-license-state,Rush Medical Foundation,Ochsner Watkins Hospital,LA,2026-04-01,3.0.0,,2026-09-09T10:08:06.744Z,15fe42c1275ca42c1611e524231948f78cf03843eacc03759c1a500459d65477,e554dd5e323c3efef1d05bc9862690c0ec50af34063f829963123979ff88f728,,File header declares license state LA while the roster state is MS; the name and address match the roster exactly and the official pointer lists the file.
251317,SIMPSON GENERAL HOSPITAL CAH,MS,identity-or-format-review,publisher-issue,declared-update-date-over-365-days,"Publisher inquiry with the recorded file URL, declared date and response hash; recheck after their update window",https://simpsongeneral.com/cms-hpt.txt,206,2026-09-09T10:08:06.587Z,,https://apps.para-hcfs.com/PTT/FinalLinks/Reports.aspx?dbName=dbSGHMENDENHALLMS&type=CDMWithoutLabel&fileType=CSV,200,https://apps.para-hcfs.com/PTT/FinalLinks/Reports.aspx?dbName=dbSGHMENDENHALLMS&type=CDMWithoutLabel&fileType=CSV,corroborated-adjudicated,renamed-facility-pointer-label-and-roster-address,SIMPSON COMMUNITY HEALTHCARE INC,SIMPSON COMMUNITY HEALTHCARE INC,MS,2025-04-30,3.0.0,date-over-365-days,2026-09-09T10:08:07.316Z,80205a2cfeb9e64480b531a9f8d63780b70628b938a4976c3b53252f2de0e89f,b2cc8f5c7d81b2a6c980ed90bd994573af4bc2682f5460b2b26141344b546bb4,renamed-facility-pointer-label-and-roster-address,Same declared date 2025-04-30 observed again after the earlier check (2026-09-09T02:30:25.410Z).
251322,OCHSNER LAIRD HOSPITAL,MS,identity-or-format-review,publisher-issue,file-declares-conflicting-license-state,Publisher inquiry: ask the facility to correct the license_state field in the file header; recheck on their update,https://www.ochsner.org/cms-hpt.txt,206,2026-09-09T11:36:46.164Z,,https://ochsner-craft.s3.amazonaws.com/core/201835779_laird-hospital-inc._standardcharges.csv_2026-03-26-184539_copb.csv,206,https://ochsner-craft.s3.amazonaws.com/core/201835779_laird-hospital-inc._standardcharges.csv_2026-03-26-184539_copb.csv,license-state-conflict,exact-name-and-address-with-conflicting-license-state,"Laird Hospital, Inc.",Ochsner Laird Hospital ,LA,2026-04-01,3.0.0,,2026-09-09T10:08:07.551Z,15fe42c1275ca42c1611e524231948f78cf03843eacc03759c1a500459d65477,087f76dc9630c497d3ed7c5dc3d07b833367105b3cfddbb975b4c0a53381cdfe,,File header declares license state LA while the roster state is MS; the name and address match the roster exactly and the official pointer lists the file.
251337,TIPPAH COUNTY HOSPITAL,MS,publisher-date-review,publisher-issue,automated-file-access-denied,"Browser download attempt, then publisher whitelist request with the recorded denial evidence",https://tippahcountyhospital.com/cms-hpt.txt,403,2026-09-09T10:08:07.254Z,,https://www.tippahcountyhospital.com/assets/Uploads/646001350_tippah-county-hospital_standardcharges.csv?vid=3,403,,,,,,,,,,2026-09-09T10:08:07.340Z,,,,Automated retrieval denied while the earlier pass corroborated facility identity from this URL; not evidence of a missing file.
260025,HANNIBAL REGIONAL HOSPITAL,MO,pointer-or-domain-review,publisher-issue,pointer-declared-file-404,Publisher inquiry to restore or replace the declared file; recheck after their update window,https://www.hannibalregional.org/cms-hpt.txt,206,2026-09-09T10:08:18.800Z,,https://sthpiprd.blob.core.windows.net/machine-readable-files/8042/430662495_hannibal-regional-hospital_standardcharges.csv,404,,,,,,,,,,2026-09-09T10:08:07.522Z,cb5ac393b9092b9af481b5751dc7cfa64a5ef30b4efa66a7e1fcb71664e72670,,,The official pointer declares this file URL and it returns 404 on repeated checks; reproducible broken link.
260061,NEVADA REGIONAL MEDICAL CENTER,MO,publisher-date-review,publisher-issue,declared-update-date-over-365-days,"Publisher inquiry with the recorded file URL, declared date and response hash; recheck after their update window",https://irp.cdn-website.com/5b92682e/files/uploaded/cms-hpt-4ab8d9db.txt,206,2026-09-09T10:08:07.470Z,,https://www.nrmchealth.com/pricing-transparency-mrf-url,206,https://irp.cdn-website.com/5b92682e/files/uploaded/446000696_nevada-city-hospital_standardcharges-a9cfb963.csv,corroborated,file-name-and-address,Nevada City Hospital,Nevada Regional Medical Center,MO,2025-01-14,2.0.0,date-over-365-days,2026-09-09T10:08:20.332Z,57d00ae6d94e828d3f6975a60a0e90c5698c64405188ebdf046962321e1e0d98,f39397ec57a8b69f602b6313a8eb5a16c9eca06654739cc149ef3ab7e6bd8f92,,Same declared date 2025-01-14 observed again after the earlier check (2026-09-09T01:49:09.630Z).
260097,WESTERN MISSOURI MEDICAL CENTER,MO,publisher-date-review,publisher-issue,declared-update-date-over-365-days,"Publisher inquiry with the recorded file URL, declared date and response hash; recheck after their update window",https://wmmc.com/cms-hpt.txt,200,2026-09-09T10:08:18.568Z,,https://wmmc.com/wp-content/uploads/2024/11/440665266_western-missouri-medical-center_standardcharges.csv,206,https://wmmc.com/wp-content/uploads/2024/11/440665266_western-missouri-medical-center_standardcharges.csv,corroborated,file-name-and-address,Western Missouri Medical Center,Western Missouri Medical Center,MO,2024-12-01,2.2.0,date-over-365-days,2026-09-09T10:08:21.963Z,aa8c870e4c210660c3a857dfc0c6a448e33fe616d54bec078cefb141de7847ba,c7b0f74dd3ea065b8bf5fe778030a830492ddeea10352e00ac7846cbd02d2ce0,,Same declared date 2024-12-01 observed again after the earlier check (2026-09-09T01:49:09.923Z).
260137,FREEMAN HEALTH SYSTEM - FREEMAN WEST,MO,publisher-date-review,publisher-issue,declared-update-date-over-365-days,"Publisher inquiry with the recorded file URL, declared date and response hash; recheck after their update window",https://www.freemanhealth.com/sites/default/files/cms0-hpt.txt,206,2026-09-09T10:08:19.355Z,,https://url.us.m.mimecastprotect.com/s/nm_sC4xqW3t9DBojSxhJf4d1dX?domain=hospitalpricedisclosure.com,206,https://cleverleypteusstatic.blob.core.windows.net/readable/431704371_freeman-health-system---freeman-west_standardcharges.json,corroborated,file-name-and-address,Freeman Health System - Freeman West,Freeman Health System - Freeman West|East Campus Freeman Hospital|East Campus Freeman Hospital Acute Rehab|East Campus Freeman Hospital Geriatric Psych|East Campus Freeman Hospital Psych|West Campus Freeman Hospital,MO,2025-05-01,2.2.0,date-over-365-days,2026-09-09T10:38:01.420Z,68db79b55bd321c09bbf4ec1500de2b8e11a3decae74e599d1df8024bb165dde,c9bee501f46ec5d38074d6e96e94fad6ff1ee02b7e5671908b42c4f5db14ef4d,,Same declared date 2025-05-01 observed again after the earlier check (2026-09-09T02:30:50.448Z).
261302,MADISON MEDICAL CENTER,MO,publisher-date-review,publisher-issue,automated-file-access-denied,"Browser download attempt, then publisher whitelist request with the recorded denial evidence",https://madisonmedicalcenter.net/cms-hpt.txt,403,2026-09-09T10:08:18.933Z,,https://madisonmedicalcenter.net/431445493_Madison%20Medical%20Center_standardcharges.json,403,,,,,,,,,,2026-09-09T10:08:19.065Z,,,,Automated retrieval denied while the earlier pass corroborated facility identity from this URL; not evidence of a missing file.
261307,PERSHING MEMORIAL HOSPITAL,MO,publisher-date-review,publisher-issue,declared-update-date-over-365-days,"Publisher inquiry with the recorded file URL, declared date and response hash; recheck after their update window",https://phsmo.org/cms-hpt.txt,200,2026-09-09T10:08:19.554Z,,https://hospitalpricetransparencyfiles.com/general-john-j-pershing-memorial-hospital-association/430715842_General-John-J-Pershing-Memorial-Hospital-Association_standardcharges.csv,206,https://hospitalpricetransparencyfiles.com/general-john-j-pershing-memorial-hospital-association/430715842_General-John-J-Pershing-Memorial-Hospital-Association_standardcharges.csv,corroborated,file-name-and-address,General John J Pershing Memorial Hospital Association,Pershing Memorial Hospital,MO,2025-06-13,3.0.0,date-over-365-days,2026-09-09T10:08:20.907Z,7f0a1a05eb3802ae00db2b1ed514c45292e422a921fd522c63a885477d16a481,430478d74738afdaefa861b32674f8be00563da2a28b3755a74f9c8c8231da3d,,Same declared date 2025-06-13 observed again after the earlier check (2026-09-09T01:49:09.772Z).
261331,FREEMAN NEOSHO HOSPITAL,MO,pointer-or-domain-review,publisher-issue,declared-update-date-over-365-days,"Publisher inquiry with the recorded file URL, declared date and response hash; recheck after their update window",https://www.freemanhealth.com/sites/default/files/cms0-hpt.txt,206,2026-09-09T10:08:19.355Z,,https://url.us.m.mimecastprotect.com/s/32rHC5yrA4hpXZvntyi3fkJCbs?domain=hospitalpricedisclosure.com,206,https://cleverleypteusstatic.blob.core.windows.net/readable/431240629_freeman-neosho-hospital_standardcharges.json,corroborated,file-name-and-address,Freeman Neosho Hospital,Freeman Neosho Hospital|Neosho Hospital Inpatient Critical Access|Neosho Hospital Swing Bed,MO,2025-05-01,2.2.0,date-over-365-days,2026-09-09T10:09:05.938Z,68db79b55bd321c09bbf4ec1500de2b8e11a3decae74e599d1df8024bb165dde,2193cb808f6e75ea3924e9b2a204854bd2236e98210650ec1ef9490e2c2671bc,,Declared date over 365 days at check time.
270057,BOZEMAN HEALTH DEACONESS HOSPITAL,MT,identity-or-format-review,publisher-issue,declared-update-date-over-365-days,"Publisher inquiry with the recorded file URL, declared date and response hash; recheck after their update window",https://bozemanhealth.org/cms-hpt.txt,206,2026-09-09T10:37:43.995Z,,https://bozemanhealth.org/wp-content/uploads/2025/01/01/474717998_deaconess-regional-medical-center_standardcharges.json,206,https://bozemanhealth.org/wp-content/uploads/2025/01/01/474717998_deaconess-regional-medical-center_standardcharges.json,corroborated-adjudicated,renamed-facility-pointer-label-and-roster-address,Deaconess Regional Medical Center,Deaconess Regional Medical Center,MT,2024-11-19,2.2.0,date-over-365-days,2026-09-09T10:08:41.771Z,79098aa3edfa01f7b6377984fa5b0cb11f555a55d345e0e5b5a0e7af72a4b057,eeda8bd559b40879b6a784dfc686b12c131cfa3465e0c019cb829de3595dad07,renamed-facility-pointer-label-and-roster-address,Same declared date 2024-11-19 observed again after the earlier check (2026-09-09T02:29:08.703Z).
271331,MINERAL COMMUNITY HOSPITAL,MT,identity-or-format-review,publisher-issue,declared-update-date-over-365-days,"Publisher inquiry with the recorded file URL, declared date and response hash; recheck after their update window",https://mineralcommunityhospital.com/cms-hpt.txt,200,2026-09-09T10:08:38.811Z,,https://mineralcommunityhospital.com/wp-content/uploads/2025/04/810421823_Mineral-Community-Hospital_standardcharges07.2024-3.csv,206,https://mineralcommunityhospital.com/wp-content/uploads/2025/04/810421823_Mineral-Community-Hospital_standardcharges07.2024-3.csv,corroborated,file-name-and-address,Mineral Community Hospital,Mineral Community Hospital,MT,2024-07-01,2.0.0,date-over-365-days,2026-09-09T10:08:39.886Z,68931eb7dc6b67b6c5590ed8d18ebc3997ad7b54e57d186ad77cd82b414d4e17,b5f58ac56c41d89c02284fafe00c036ecdea48d6f7164c4387783faef7fba129,,Same declared date 2024-07-01 observed again after the earlier check (2026-09-09T02:29:09.624Z).
271389,BOZEMAN HEALTH BIG SKY MEDICAL CENTER,MT,publisher-date-review,publisher-issue,declared-update-date-over-365-days,"Publisher inquiry with the recorded file URL, declared date and response hash; recheck after their update window",https://bozemanhealth.org/cms-hpt.txt,206,2026-09-09T10:37:43.995Z,,https://bozemanhealth.org/wp-content/uploads/2025/01/01/474718253_big-sky-medical-center_standardcharges.json,206,https://bozemanhealth.org/wp-content/uploads/2025/01/01/474718253_big-sky-medical-center_standardcharges.json,corroborated,file-name-and-address,Big Sky Medical Center,Big Sky Medical Center,MT,2024-11-19,2.2.0,date-over-365-days,2026-09-09T10:08:58.282Z,79098aa3edfa01f7b6377984fa5b0cb11f555a55d345e0e5b5a0e7af72a4b057,b8d2bc7e3c8c48805fe3547c67e1864d6148dd7cf4702d42b3eb9049bdaf40c4,,Same declared date 2024-11-19 observed again after the earlier check (2026-09-09T01:49:11.101Z).
281329,AVERA ST ANTHONY'S HOSPITAL,NE,pointer-or-domain-review,publisher-issue,template-version-unrecognized,Publisher inquiry: confirm which CMS data dictionary version the file implements; recheck on their reply,http://www.avera.org/cms-hpt.txt,403,2026-09-09T10:07:29.048Z,,https://www.avera.org/app/files/public/2ee985f1-c8f5-4aff-9e24-196f8b6c838b/470463911_avera-st-anthonys-hospital_standardcharges.csv,206,https://www.avera.org/app/files/public/2ee985f1-c8f5-4aff-9e24-196f8b6c838b/470463911_avera-st-anthonys-hospital_standardcharges.csv,corroborated,file-name-and-address,Avera St. Anthony's Hospital,Avera St. Anthony's,NE,2026-04-01,4.0.0,date-within-365-days-version-unverified,2026-09-09T13:11:15.250Z,,c40a0eed99c68f172e816b9ab8cdab2ad501470b2cb1b5c7fe40af1cf2c108a5,,Declared template version 4.0.0 is not a recognized CMS data dictionary version; facility identity and the 2026-04-01 update date are corroborated via browser retrieval.
281357,SIDNEY REGIONAL MEDICAL CENTER,NE,file-access-review,publisher-issue,pointer-declared-file-404,Publisher inquiry to restore or replace the declared file; recheck after their update window,http://www.sidneyrmc.com/cms-hpt.txt,200,2026-09-09T10:08:41.854Z,,https://sthpiprd.blob.core.windows.net/machine-readable-files/8186/470408242_sidney-regional-medical-center_standardcharges.csv,404,,,,,,,,,,2026-09-09T10:08:41.692Z,3e250deb3fad2ada16765197b6984ed5079ba8bee920c852ad2ccaa005e55de8,,,The official pointer declares this file URL and it returns 404 on repeated checks; reproducible broken link.
290003,SUNRISE HOSPITAL AND MEDICAL CENTER,NV,publisher-date-review,publisher-issue,declared-update-date-over-365-days,"Publisher inquiry with the recorded file URL, declared date and response hash; recheck after their update window",https://sunrisehospital.com/cms-hpt.txt,200,2026-09-09T10:08:42.042Z,,https://core.secure.ehc.com/src/util/json-detail-price-list/62-1762537_sunrise-hospital-and-medical-center_standardcharges.json,206,https://core.secure.ehc.com/src/util/json-detail-price-list/62-1762537_sunrise-hospital-and-medical-center_standardcharges.json,corroborated,file-name-and-address,SUNRISE HOSPITAL AND MEDICAL CENTER,SUNRISE HOSPITAL AND MEDICAL CENTER|SLS - SUNRISE HOSPITAL AND MC|SLS - MOUNTAINVIEW HOSPITAL|SLS - SOUTHERN HILLS AND MC LV|SUNRISE BURN|SOUTHERN HILLS CRITICAL CARE ASSOCIATES|MOUNTAINVIEW CRITICAL CARE ASSOCIATES|NEVADA CARDIOVASCULAR AND THORACIC INST|MOUNTAINVIEW PMANDR|LAS VEGAS HEART ASSOCIATES|SARAH CANNON BMT CLINIC AT MVH|COLON AND RECTAL SURGERY OF LAS VEGAS|NEVADA NEUROSCIENCES INSTITUTE|NEUROSCIENCES INPATIENT SERVICES|MOUNTAINVIEW MEDICAL ASSOCIATES|MOUNTAINVIEW CARDIOVASCULAR ANDTHORACIC,NV,2024-10-01,2.2.0,date-over-365-days,2026-09-09T10:08:42.673Z,e36d35851e6ad151a0bde6701866a577b25032ae9363ddca36fdcc02860f4aa3,1e6de8b7166d47c4c5cb4e8c102d7da9532a1c75df149162f68168aa0ff14781,,Same declared date 2024-10-01 observed again after the earlier check (2026-09-09T01:49:49.993Z).
290039,MOUNTAINVIEW HOSPITAL,NV,publisher-date-review,publisher-issue,declared-update-date-over-365-days,"Publisher inquiry with the recorded file URL, declared date and response hash; recheck after their update window",https://mountainview-hospital.com/cms-hpt.txt,200,2026-09-09T10:08:42.146Z,,https://core.secure.ehc.com/src/util/json-detail-price-list/62-1600397_mountainview-hospital-and-medical-center_standardcharges.json,206,https://core.secure.ehc.com/src/util/json-detail-price-list/62-1600397_mountainview-hospital-and-medical-center_standardcharges.json,corroborated,exact-pointer-name-and-file-address,MOUNTAINVIEW HOSPITAL AND MEDICAL CENTER,MOUNTAINVIEW HOSPITAL AND MEDICAL CENTER|ER AT ALIANTE|ER AT BOULDER'S EDGE|ER AT SKYE CANYON,NV,2024-10-01,2.2.0,date-over-365-days,2026-09-09T10:08:43.305Z,2f5da0507b9fd075f65debdd7ac437fd6494440612bbe2cfde122b3d194be018,46b8f2e5e5232163834f1ced772c135f3d9ff37228ad3e8c83e25b1986ef9290,,Same declared date 2024-10-01 observed again after the earlier check (2026-09-09T02:29:09.813Z).
291303,BATTLE MOUNTAIN GENERAL HOSPITAL,NV,publisher-template-review,publisher-issue,template-version-older-than-3,Publisher inquiry about the declared template version; recheck after their update window,https://bmgh.org/cms-hpt.txt,206,2026-09-09T10:08:42.196Z,,https://bmgh.org/resources/public-pricing/880186024_BattleMountainGeneralHospital_standardcharges-2026.csv,206,https://bmgh.org/resources/public-pricing/880186024_BattleMountainGeneralHospital_standardcharges-2026.csv,corroborated,file-name-and-address,Battle Mountain General Hospital,Battle Mountain General Hospital,NV,2026-01-05,2.0.0,date-within-365-days-older-version,2026-09-09T10:08:43.046Z,163068a61dfbd0414c3c9187948f8f60cf80ff1621afa14fc6dee5febb969401,ba2ae2fe4d119f184363944ceec698e305b249db4c463102a28ace48559e644a,,Declared version 2.0.0 with a current date; publisher has not adopted the current CMS dictionary.
291309,BOULDER CITY HOSPITAL,NV,publisher-template-review,publisher-issue,template-version-older-than-3,Publisher inquiry about the declared template version; recheck after their update window,https://bchcares.org/cms-hpt.txt,200,2026-09-09T10:08:42.584Z,,https://bchcares.org/880065829_boulder-city-hospital_standard-charges.csv,206,https://bchcares.org/880065829_boulder-city-hospital_standard-charges.csv,corroborated,file-name-and-address,Boulder City  Hospital,Boulder City Hospital,NV,2025-09-30,2.0.0,date-within-365-days-older-version,2026-09-09T10:08:43.161Z,1b9d3fdaa8d7ff11bfd0f7bc8933ce9905db13138c501f5d86d6d1d92347bc3f,aedb08b8c71a1f785917f248040f4600b83561174480239a72176454f89a7af5,,Declared version 2.0.0 with a current date; publisher has not adopted the current CMS dictionary.
310008,HOLY NAME MEDICAL CENTER,NJ,identity-or-format-review,publisher-issue,file-published-no-machine-pointer,Publisher inquiry: ask the facility to publish a machine-readable pointer (cms-hpt.txt) alongside the file; the file itself is already verified,https://holyname.org/cms-hpt.txt,206,2026-09-09T10:08:43.437Z,,https://holyname.org/HospitalCharges/resources/221487322_holy-name_standardcharges.csv,206,https://holyname.org/HospitalCharges/resources/221487322_holy-name_standardcharges.csv,corroborated,file-name-and-address,Holy Name,Holy Name Medical Center,NJ,2025-11-10,3.0.0,date-within-365-days-version-3,2026-09-09T16:09:00.068Z,1c73636f463ece978eff44b849cbf64cbda3b42ca60c85e753b9ddd6ad41fd51,c9faef6f4faa45b72f8e837be8ad7f66357d6aee6e8ba762be4032e69c94f0ac,,"File served on the facility's own site is current (2025-11-10, version 3.0.0) and its header matches the roster facility, but no machine-readable pointer declares it."
310070,SAINT PETER'S UNIVERSITY HOSPITAL,NJ,publisher-template-review,publisher-issue,template-version-older-than-3,Publisher inquiry about the declared template version; recheck after their update window,https://www.saintpetershcs.com/cms-hpt.txt,200,2026-09-09T10:09:06.088Z,,https://www.saintpetershcs.com/getmedia/0238f139-9e06-434b-a0ed-5d387f0e892e/221487330_Saint-Peters-University-Hospital_standard-charges_1.csv,206,https://www.saintpetershcs.com/getmedia/0238f139-9e06-434b-a0ed-5d387f0e892e/221487330_Saint-Peters-University-Hospital_standard-charges_1.csv,corroborated,file-name-and-address,Saint Peters University Hospital,Saint Peters University Hospital,NJ,2025-11-19,2.0.0,date-within-365-days-older-version,2026-09-09T10:09:07.483Z,c26888e9f3be0bbdba3f1cdcfe0ac3f3e1c666a7bc95cb9cee662d2e7ae21b38,bd1f71b424540ac8b8a7b851e9910e953350a757e867f27dd54cd30fbb211dcd,,Declared version 2.0.0 with a current date; publisher has not adopted the current CMS dictionary.
330006,ST JOSEPH'S MEDICAL CENTER,NY,file-access-review,publisher-issue,pointer-declared-file-404,Publisher inquiry to restore or replace the declared file; recheck after their update window,https://search.hospitalpriceindex.com/100287/cms-hpt.txt,206,2026-09-09T10:09:06.843Z,,"https://sthpiprd.blob.core.windows.net/machine-readable-files/100287/131740127_st-joseph's-hospital,-yonkers_standardcharges.csv",404,,,,,,,,,,2026-09-09T10:09:06.646Z,6929ff241b93076c656fc0d2532b20e7a3948c4284fbe65cf2c53ca99d1de364,,,The official pointer declares this file URL and it returns 404 on repeated checks; reproducible broken link.
330027,NASSAU UNIVERSITY MEDICAL CENTER,NY,publisher-template-review,publisher-issue,template-version-older-than-3,Publisher inquiry about the declared template version; recheck after their update window,https://numc.edu/cms-hpt.txt,403,2026-09-09T10:09:07.502Z,,https://sthpiprd.blob.core.windows.net/machine-readable-files/13384/113465690-1801857172_nassau-health-care-corporation_standardcharges.csv,206,https://sthpiprd.blob.core.windows.net/machine-readable-files/13384/113465690-1801857172_nassau-health-care-corporation_standardcharges.csv,corroborated,file-name-and-address, Nassau Health Care Corporation,Nassau University Medical Center,NY,2025-10-28,2.0.0,date-within-365-days-older-version,2026-09-09T10:09:07.918Z,,1f98fe5a8d96a637bd3177ca1a44faa1cf6b8aa2b47f57e276be1081683a18b7,,Declared version 2.0.0 with a current date; publisher has not adopted the current CMS dictionary.
330235,AUBURN  COMMUNITY  HOSPITAL,NY,publisher-date-review,publisher-issue,declared-update-date-over-365-days,"Publisher inquiry with the recorded file URL, declared date and response hash; recheck after their update window",https://www.auburnhospital.org/cms-hpt.txt,206,2026-09-09T10:09:08.247Z,,https://www.auburnhospital.org/wp-content/uploads/2025/01/150532054_auburn-community-hospital_standardcharges-2.zip,206,https://www.auburnhospital.org/wp-content/uploads/2025/01/150532054_auburn-community-hospital_standardcharges-2.zip,corroborated,file-name-and-address,AUBURN COMMUNITY HOSPITAL,AUBURN COMMUNITY HOSPITAL|AUBURN COMMUNITY HOSPITAL,NY,2025-01-19,2.0.0,date-over-365-days,2026-09-09T10:09:08.421Z,a61383df0f2dc52713a6ab058a0d5e99a15580cfd8cc9ecc5634472f6a3ac33d,320d7dec176144fe152f92f5182f72391a585c3d283c57b7f2f287f03017a9f9,,Same declared date 2025-01-19 observed again after the earlier check (2026-09-09T01:49:50.514Z).
330276,NATHAN LITTAUER HOSPITAL,NY,publisher-template-review,publisher-issue,template-version-older-than-3,Publisher inquiry about the declared template version; recheck after their update window,https://nlh.org/cms-hpt.txt,206,2026-09-09T10:09:19.706Z,,https://www.nlh.org/wp-content/uploads/2026/04/1336145168_nathanlittauerhospital_standardcharges.csv,206,https://www.nlh.org/wp-content/uploads/2026/04/1336145168_nathanlittauerhospital_standardcharges.csv,corroborated,file-name-and-address,NATHAN LITTAUER HOSPITAL ASSOCIATION,NATHAN LITTAUER HOSPITAL ASSOCIATION,NY,2026-03-04,2.0.0,date-within-365-days-older-version,2026-09-09T10:37:58.675Z,d4c057e17436b4af9329218cec39b22b043fd85bc3c96550a3eca18f993b8933,69643fd776feb56ae1c6d6eb9f7ca5289ca922cc892ccf3a019b817e686d66bf,,Declared version 2.0.0 with a current date; publisher has not adopted the current CMS dictionary.
330405,HELEN HAYES HOSPITAL,NY,publisher-date-review,publisher-issue,declared-update-date-over-365-days,"Publisher inquiry with the recorded file URL, declared date and response hash; recheck after their update window",https://helenhayeshospital.org/cms-hpt.txt,206,2026-09-09T10:37:58.429Z,,https://shop.helenhayeshosp.org/00-0432000_Helen-Hayes-Hospital_standardcharges.csv,206,https://shop.helenhayeshosp.org/00-0432000_Helen-Hayes-Hospital_standardcharges.csv,corroborated,file-name-and-address,Helen Hayes Hospital,West Haverstraw,NY,2024-07-01,1.0.0,date-over-365-days,2026-09-09T10:37:59.055Z,46254319e1365267ca250a16963484de3336768bce6743ddc63aa940cbdd8c64,5be15e9fa8a3d8b30c68fc667a7ea57fc3864efc4ce17adcb0b13a50edcb1a31,,Same declared date 2024-07-01 observed again after the earlier check (2026-09-09T01:49:50.996Z).
333301,BLYTHEDALE CHILDREN'S HOSPITAL,NY,file-access-review,publisher-issue,pointer-declared-file-404,Publisher inquiry to restore or replace the declared file; recheck after their update window,https://www.blythedale.org/cms-hpt.txt,206,2026-09-09T10:09:19.992Z,,https://www.blythedale.org/documents/13-1739922blythedale-childrens-hospitalstandardchargescsv,404,https://www.blythedale.org/documents/13-1739922blythedale-children-s-hospitalstandardcharges,corroborated,file-name-and-address,Blythedale Children's Hospital,Blythedale Children's Hospital,NY,2026-03-01,3.0.0,date-within-365-days-version-3,2026-09-09T10:47:21.924Z,c060db667035742a74a898d26ffae113c69990dc23d8fbb959c7386b0e6c90d3,c1286b755e69fd66ce0ed20ea17d0d728ffc160a5a312ea3819854c347387ed2,,The official pointer declares this file URL and it returns 404 on repeated checks; reproducible broken link.
334022,BRYLIN HOSP,NY,publisher-template-review,publisher-issue,template-version-older-than-3,Publisher inquiry about the declared template version; recheck after their update window,https://brylin.com/cms-hpt.txt,206,2026-09-09T10:09:19.859Z,,https://www.brylin.com/wp-content/uploads/2025/10/16-1163586_BryLin-Hospitals-Inc_standardcharges.csv,206,https://www.brylin.com/wp-content/uploads/2025/10/16-1163586_BryLin-Hospitals-Inc_standardcharges.csv,corroborated,file-name-and-address,"Brylin Hospitals, Inc.",BryLin Hospital,NY,2025-10-15,1.0.0,date-within-365-days-older-version,2026-09-09T10:09:20.031Z,3d74089425ccd8fb0b3986f1c7cc8271ea337a34643464ab6eaefa02ae027aa6,e5a08bc09e48fc62aef55cf5af26886df17b260ae5d3ac878bc605ab1d353f8b,,Declared version 1.0.0 with a current date; publisher has not adopted the current CMS dictionary.
340068,COLUMBUS REGIONAL HEALTHCARE SYSTEM,NC,publisher-date-review,publisher-issue,declared-update-date-over-365-days,"Publisher inquiry with the recorded file URL, declared date and response hash; recheck after their update window",https://crhealthcare.org/cms-hpt.txt,206,2026-09-09T10:09:32.369Z,,"https://sthpiprd.blob.core.windows.net/machine-readable-files/11292/560538020_columbus-regional-healthcare-system,-inc_standardcharges.csv",206,"https://sthpiprd.blob.core.windows.net/machine-readable-files/11292/560538020_columbus-regional-healthcare-system,-inc_standardcharges.csv",corroborated,file-name-and-address,"Columbus Regional Healthcare System, Inc",Columbus Regional Healthcare System,NC,2025-09-01,3.0.0,date-over-365-days,2026-09-09T10:09:33.256Z,3bda9db2377d1934f86468a12e343d2c1ba563073b0454d991d9afc2ef3f531f,2107ffee73c5da8a43b672e32d615b50cc3c399862388cfb1eee9c0e1720fcfb,,Same declared date 2025-09-01 observed again after the earlier check (2026-09-09T01:49:12.656Z).
340127,GRANVILLE HEALTH SYSTEMS,NC,identity-or-format-review,publisher-issue,declared-update-date-over-365-days,"Publisher inquiry with the recorded file URL, declared date and response hash; recheck after their update window",https://ghshospital.org/cms-hpt.txt,206,2026-09-09T10:09:32.598Z,,https://urldefense.com/v3/__https://ghshospital.org/wp-content/uploads/2025/12/560593547_granville-medical-center_standardcharges.csv__;!!M5erwxGTI6mlTHJSECWB8LY!E0ZeRIB4NX69NhVMX1pl8UWyS2dl1pwPchrfChCVwh1HaZTqaRoclCfDcUhtbfVNGjMynNQYGCDlQrYsF7G1nFdMkVx7mg$,206,https://ghshospital.org/wp-content/uploads/2025/12/560593547_granville-medical-center_standardcharges.csv,corroborated-adjudicated,renamed-facility-pointer-label-and-roster-address,Granville Health System ,Granville Health System ,NC,2025-08-05,2.0.0,date-over-365-days,2026-09-09T10:09:33.223Z,97770136440217590de444a1570b9e7457e63ff50a59ed1dc4cec7cf6d99ac3e,ce78dee2366a8b3f26ed97273946dba016b70ee56151436d0474d15e29b7cfe9,renamed-facility-pointer-label-and-roster-address,Same declared date 2025-08-05 observed again after the earlier check (2026-09-09T02:29:36.725Z).
351313,SOUTHWEST HEALTHCARE SERVICES,ND,publisher-template-review,publisher-issue,template-version-older-than-3,Publisher inquiry about the declared template version; recheck after their update window,https://swhealthcare.net/file_download/inline/6a1de74d-5341-449e-8339-9ff3e2f6e18d,200,2026-09-09T10:09:33.876Z,,https://swhealthcare.net/file_download/inline/c967a943-4246-45d6-9ff2-8222bb15dc86,200,https://swhealthcare.net/file_download/inline/c967a943-4246-45d6-9ff2-8222bb15dc86,corroborated,file-name-and-address,SOUTHWEST HEALTHCARE SERVICES,SOUTHWEST HEALTHCARE SERVICES,ND,2025-10-16,2.0.0,date-within-365-days-older-version,2026-09-09T10:09:34.355Z,5512ce1fdc802d63beb0e49ca97d273fd726052ce86ac101d7531eb6bbc77794,9c004f759aabfe6231e365d228dc6761faac0ba6d9590ba8b140ec4cab1a6181,,Declared version 2.0.0 with a current date; publisher has not adopted the current CMS dictionary.
351326,FIRST CARE HEALTH CENTER,ND,identity-or-format-review,publisher-issue,declared-update-date-over-365-days,"Publisher inquiry with the recorded file URL, declared date and response hash; recheck after their update window",https://www.firstcarehc.com/cms-hpt.txt,206,2026-09-09T10:09:33.348Z,,https://www.firstcarehc.com/wp-content/uploads/2024/06/450232743_First-Care-Health-Center_standardcharges.csv,206,https://www.firstcarehc.com/wp-content/uploads/2024/06/450232743_First-Care-Health-Center_standardcharges.csv,corroborated,file-name-and-address,First Care Health Center,First Care Health Center,ND,2024-06-14,2.0.0,date-over-365-days,2026-09-09T10:09:33.627Z,846bacd063f54ece1725129e7d65dae1fddde7340c9f46d18db866c28951813c,de7d22707abe0403d0562cd6fd989e15c110e07809aa1b68d613c8cbf8697fa4,,Same declared date 2024-06-14 observed again after the earlier check (2026-09-09T02:29:38.030Z).
360029,WOOD COUNTY HOSPITAL,OH,publisher-date-review,publisher-issue,declared-update-date-over-365-days,"Publisher inquiry with the recorded file URL, declared date and response hash; recheck after their update window",https://www.woodcountyhospital.org/cms-hpt.txt,206,2026-09-09T10:09:34.947Z,,https://www.woodcountyhospital.org/media/0x5fw0tn/344440884_wood-county_standardcharges.csv,206,https://www.woodcountyhospital.org/media/0x5fw0tn/344440884_wood-county_standardcharges.csv,corroborated,file-name-and-address,Wood County Hospital Association,Wood County Hospital,OH,2024-06-30,2.0.0,date-over-365-days,2026-09-09T10:09:35.204Z,3c310286a6606945e0eb4c94c25d8f5102d859293056c6c7ee01f9edff967721,16219a06b691cb01c5ff2201e1af38ef7c6a8757962daf245bbc5fb6477e51e5,,Same declared date 2024-06-30 observed again after the earlier check (2026-09-09T01:50:07.315Z).
360039,GENESIS HOSPITAL,OH,metadata-or-pointer-review,publisher-issue,template-version-unrecognized,Publisher inquiry: confirm which CMS data dictionary version the file implements; recheck on their reply,https://www.genesishcs.org/cms-hpt.txt,206,2026-09-09T10:09:36.010Z,,https://genesisgenericblob.blob.core.windows.net/price-transparency/311480941_Genesis-Healthcare-System_standardcharges.csv,206,https://genesisgenericblob.blob.core.windows.net/price-transparency/311480941_Genesis-Healthcare-System_standardcharges.csv,corroborated-adjudicated,renamed-facility-pointer-label-and-roster-address,Genesis Healthcare System,Genesis Healthcare System|Genesis Perry County Medical Center|Genesis Coshocton Medical Center,OH,2026-03-27,5.0.0,date-within-365-days-version-unverified,2026-09-09T10:09:46.291Z,2a4a5a8fb302c081ba0a7fe29b6a1953b6ad0f4ee557d87d1c251786934a360f,4e2cee29a53b76b9270237511629bc0cfeea5a57e6000eadb99538edd208c3a1,renamed-facility-pointer-label-and-roster-address,Declared template version 5.0.0 is not a recognized CMS data dictionary version; facility identity and the 2026-03-27 update date are corroborated.
360218,LICKING MEMORIAL HOSPITAL,OH,publisher-template-review,publisher-issue,template-version-older-than-3,Publisher inquiry about the declared template version; recheck after their update window,https://lmhealth.org/cms-hpt.txt,206,2026-09-09T10:09:44.388Z,,https://www.lmhealth.org/LMHealth.org/media/314379519_licking-memorial-hospital_standardcharges.zip,206,https://www.lmhealth.org/LMHealth.org/media/314379519_licking-memorial-hospital_standardcharges.zip,corroborated,file-name-and-address,Licking Memorial Hospital,Licking Memorial Hospital,OH,2026-03-16,2.0.0,date-within-365-days-older-version,2026-09-09T10:09:45.292Z,68f1901cd5a2dadeaeec4d257d47d1572a6746f56da2b2df92914afdddfed53a,52f537f8ed2e53695ad45be69b04fec761d4e91de822c946410f1651d15cc29d,,Declared version 2.0.0 with a current date; publisher has not adopted the current CMS dictionary.
361309,"HENRY COUNTY HOSPITAL, INC",OH,publisher-template-review,publisher-issue,template-version-older-than-3,Publisher inquiry about the declared template version; recheck after their update window,https://www.henrycountyhospital.org/cms-hpt.txt,206,2026-09-09T10:09:44.903Z,,https://www.henrycountyhospital.org/documents/344477047_henry-county-hospital_standardcharges.csv,206,https://www.henrycountyhospital.org/documents/344477047_henry-county-hospital_standardcharges.csv,corroborated,file-name-and-address,Henry County Hospital,Henry County Hospital,OH,2025-12-29,2.0.0,date-within-365-days-older-version,2026-09-09T10:09:45.565Z,7c520c12cae633e86c8613d44a25a58c7d84e9d5067dcba9c17e1a6e057d536a,2738cd0664349a291d6450762a054655b739a2329ef7bc6106e5d549fcf1cec3,,Declared version 2.0.0 with a current date; publisher has not adopted the current CMS dictionary.
361326,ADAMS COUNTY REGIONAL MEDICAL CENTER,OH,publisher-date-review,publisher-issue,declared-update-date-over-365-days,"Publisher inquiry with the recorded file URL, declared date and response hash; recheck after their update window",https://acrmc.com/wp-content/uploads/2025/03/cms-hpt.txt,206,2026-09-09T10:09:45.234Z,,https://acrmc.com/wp-content/uploads/2025/03/81-2817266_Adams-County-Regional-Medical-Center_standardcharges-1.zip,206,https://acrmc.com/wp-content/uploads/2025/03/81-2817266_Adams-County-Regional-Medical-Center_standardcharges-1.zip,corroborated,file-name-and-address,Adams County Regional Medical Center,Adams County Regional Medical Center,OH,2024-12-25,2.2.0,date-over-365-days,2026-09-09T10:09:45.876Z,6260e34831d7e4ace27b5276dc06efebc0f65fa1de2ae13f81ac3b2fc6c97b1c,e0039b775f61ded216f39765e9d89640e728251780abd14257b0e01a270ed19a,,Same declared date 2024-12-25 observed again after the earlier check (2026-09-09T01:50:05.529Z).
361329,WYANDOT MEMORIAL HOSPITAL,OH,publisher-date-review,publisher-issue,declared-update-date-over-365-days,"Publisher inquiry with the recorded file URL, declared date and response hash; recheck after their update window",https://wyandotmemorial.org/cms-hpt.txt,206,2026-09-09T10:09:45.494Z,,https://www.wyandotmemorial.org/wp-content/uploads/2025/04/WMH-MRF-PT-4.8-4-increased.csv,206,https://www.wyandotmemorial.org/wp-content/uploads/2025/04/WMH-MRF-PT-4.8-4-increased.csv,corroborated,file-name-and-address,Wyandot Memorial Hospital,Wyandot Memorial Hospital,OH,2024-12-31,2.0.0,date-over-365-days,2026-09-09T10:09:45.985Z,e299d40b071c2f73e533c2545447763214a841e4818cb23fb609c5ed715bb229,5400ab001e320801acb986eb13ff0bcf28604afc2c293574c643ca47f30c8e65,,Same declared date 2024-12-31 observed again after the earlier check (2026-09-09T01:50:07.412Z).
370008,NORMAN REGIONAL,OK,publisher-template-review,publisher-issue,template-version-older-than-3,Publisher inquiry about the declared template version; recheck after their update window,https://www.normanregional.com/cms-hpt.txt,206,2026-09-09T10:09:57.200Z,,https://www.normanregional.com/documents/736048282_norman-regional-health-system_standardcharges.csv,206,https://www.normanregional.com/documents/736048282_norman-regional-health-system_standardcharges.csv,corroborated,file-name-and-address,Norman Regional Health System,Norman Regional Health System|Norman Regional Hospital|Norman Regional Moore |Norman Regional Nine ,OK,2026-01-01,2.2.0,date-within-365-days-older-version,2026-09-09T10:09:58.632Z,ce32092064ca2bbee9c37c7bce5ce7dd23fed443c081e6ac938dbb6a1e2c82e6,fe703ed30683c703ed57d210c19b91e16db0988f77cf116bf4d6b9f7e46bafc0,,Declared version 2.2.0 with a current date; publisher has not adopted the current CMS dictionary.
370083,PUSHMATAHA HOSPITAL,OK,publisher-date-review,publisher-issue,automated-file-access-denied,"Browser download attempt, then publisher whitelist request with the recorded denial evidence",https://pushmatahahospital.com/cms-hpt.txt,403,2026-09-09T10:07:52.198Z,,https://pushmatahahospital.com/images/docs/736069650_pushmataha-county---city-of-antlers-hospital-authority_standardcharges.csv,403,,,,,,,,,,2026-09-09T10:37:43.599Z,,,,Automated retrieval denied while the earlier pass corroborated facility identity from this URL; not evidence of a missing file.
370201,SURGICAL HOSPITAL OF OKLAHOMA,OK,identity-or-format-review,publisher-issue,file-declares-conflicting-license-state,Publisher inquiry: ask the facility to correct the license_state field in the file header; recheck on their update,https://surgicalhospitalok.net/cms-hpt.txt,206,2026-09-09T10:09:57.908Z,,https://surgicalhospitalok.net/sho__2026_standard_charges__v1_0_0_tall__2026-08-17T16_41_17.728462979Z.csv,206,https://surgicalhospitalok.net/sho__2026_standard_charges__v1_0_0_tall__2026-08-17T16_41_17.728462979Z.csv,license-state-conflict,exact-name-and-address-with-conflicting-license-state,Surgical Hospital of Oklahoma,Surgical Hospital of Oklahoma,KS,2026-08-17,3.0.0,,2026-09-09T10:09:58.911Z,7cfd2db9015234963b2598a30c64e16740cdc8e2cf2538c60a378ab4a05b1fc3,c12f81a517b90053103192e2675446a50d7b3998c2314e666b1f87067cc888bb,,File header declares license state KS while the roster state is OK; the name and address match the roster exactly and the official pointer lists the file.
371320,CLEVELAND AREA HOSPITAL,OK,publisher-date-review,publisher-issue,declared-update-date-over-365-days,"Publisher inquiry with the recorded file URL, declared date and response hash; recheck after their update window",https://f01f54e7-88bc-4da1-b172-3386a48f3183.usrfiles.com/ugd/f01f54_5b7c18cab1b84eb5b51ddd5342367a52.txt,206,2026-09-09T10:09:58.467Z,,https://www.clevelandareahospital.com/_files/ugd/f01f54_5b69ac08fe9841c9a70139a0ce50a4ca.csv?dn=263778478_cleveland-area-hospital_standardcharges.csv,206,https://www.clevelandareahospital.com/_files/ugd/f01f54_5b69ac08fe9841c9a70139a0ce50a4ca.csv?dn=263778478_cleveland-area-hospital_standardcharges.csv,corroborated,file-name-and-address,CLEVELAND AREA HOSPITAL,CLEVELAND AREA HOSPITAL|CLEVELAND AREA HOSPITAL,OK,2025-03-04,2.0.0,date-over-365-days,2026-09-09T10:09:59.301Z,c7f228254dfd8f49605a213961fc295cd7c1a921e5272b1564d6a6da9e9b0110,99845a5049b5f5e5ad2926dcba32c9ec5434dc2d4092be2a916546e350f18d9e,,Same declared date 2025-03-04 observed again after the earlier check (2026-09-09T01:50:07.458Z).
381321,GRANDE RONDE HOSPITAL,OR,file-access-review,publisher-issue,pointer-declared-file-404,Publisher inquiry to restore or replace the declared file; recheck after their update window,https://res.cloudinary.com/dpmykpsih/raw/upload/grande-ronde-2024-site-487/media/r/c2c54056abfc458fbae9748c1bb9db93/cms-hpt.txt,206,2026-09-09T10:09:58.807Z,,https://www.grh.org/clientfiles/GetFile/930505325_grande-ronde-hospital_standardcharges.csv,404,https://www.grh.org/clientfiles/GetFile/08-2026_930505325_grande-ronde-hospital_standardcharges.csv,corroborated,file-name-and-address,Grande Ronde Hospital,Grande Ronde Hospital,OR,2026-03-31,3.0.0,date-within-365-days-version-3,2026-09-09T10:47:26.073Z,68adac30413c8f38c94ef6d722d2870489baa2afba39e81cee6664c084eab955,96f7c679f92613f1753016cea5787e4e3c7adf5bcb87b9bc8bd36297c7a09df6,,The official pointer declares this file URL and it returns 404 on repeated checks; reproducible broken link.
390086,PENN HIGHLANDS DUBOIS,PA,file-access-review,publisher-issue,declared-update-date-over-365-days,"Publisher inquiry with the recorded file URL, declared date and response hash; recheck after their update window",https://www.phhealthcare.org/cms-hpt.txt,200,2026-09-09T10:09:59.656Z,,https://www.phhealthcare.org/download/?id=15371,200,https://www.phhealthcare.org/download/?id=15371,corroborated,file-name-and-address,Penn Highlands Dubois,Penn Highlands Dubois|Penn Highlands Clearfield|Penn Highlands DuBois Behavorial Health,PA,2025-08-01,2.2.0,date-over-365-days,2026-09-09T14:42:25.445Z,f4228a4c568c733f22fc505df9023323776c81df7cce3348710a9095107aec10,1d6ebf8fc96ff5680005398dc7d72d6550e97bd61782d9ee4d9c06e433bd2cc7,,Declared date over 365 days at check time.
390125,WAYNE MEMORIAL HOSPITAL,PA,publisher-template-review,publisher-issue,template-version-older-than-3,Publisher inquiry about the declared template version; recheck after their update window,https://www.wmh.org/wp-content/uploads/2026/04/cms-hpt.txt,206,2026-09-09T10:10:13.526Z,,https://www.wmh.org/wp-content/uploads/2026/04/240798839_wayne-memorial-hospital_standardcharges.csv,206,https://www.wmh.org/wp-content/uploads/2026/04/240798839_wayne-memorial-hospital_standardcharges.csv,corroborated,file-name-and-address,Wayne Memorial Hospital ,Wayne Memorial Hospital ,PA,2026-03-11,2.0.0,date-within-365-days-older-version,2026-09-09T10:10:13.397Z,290f85ba8f8cc538544c0307f743d5209313ae9cedc17a2f8ea3ecbba0baacd2,576687752191dc11de630375286128d06a98ddd1aecfed93d3a66004231a6c8d,,Declared version 2.0.0 with a current date; publisher has not adopted the current CMS dictionary.
390137,WILKES-BARRE GENERAL HOSPITAL,PA,pointer-or-domain-review,publisher-issue,declared-update-date-over-365-days,"Publisher inquiry with the recorded file URL, declared date and response hash; recheck after their update window",,,,,https://commonwealthhealth.net/wp-content/uploads/sheets/263632648_wilkes-barre-general-hospital_standardcharges.csv,206,https://commonwealthhealth.net/wp-content/uploads/sheets/263632648_wilkes-barre-general-hospital_standardcharges.csv,corroborated,file-name-and-address,Wilkes-Barre General Hospital,Wilkes-Barre General Hospital,PA,2024-12-01,2.0.0,date-over-365-days,2026-09-09T10:10:13.157Z,,2b5272f6283d22e11c0b1f7e404d5ae8a38075382123fe7936e1c281a635d8f0,,Same declared date 2024-12-01 observed again after the earlier check (2026-09-09T02:31:33.350Z).
390146,WARREN GENERAL HOSPITAL,PA,metadata-or-pointer-review,publisher-issue,template-version-older-than-3,Publisher inquiry about the declared template version; recheck after their update window,https://static1.squarespace.com/static/64011f10da897a3162ea8900/t/6776f053cd105d551055e8f0/1735848019153/cms-hpt.txt,206,2026-09-09T10:10:11.022Z,,https://www.wgh.org/s/250965598_warren-general-hospital_standardcharges.csv,206,https://static1.squarespace.com/static/64011f10da897a3162ea8900/t/69c2f9644677087da232d22d/1774385508257/250965598_warren-general-hospital_standardcharges.csv,corroborated,file-name-and-address,Warren General Hospital ,Warren General Hospital ,PA,2026-03-12,2.0.0,date-within-365-days-older-version,2026-09-09T10:10:13.059Z,c594f76e2ca2e86b6acaaf7494e9f1c295ef8f1e20c385ad1f077eae5d0f8aad,f20471e9b8e1d8ff847c6bebef5da330055970f981fcd311773e9e59d08a7103,,Declared version 2.0.0 with a current date; publisher has not adopted the current CMS dictionary.
390272,VALLEY FORGE MEDICAL CENTER,PA,identity-or-format-review,publisher-issue,template-version-older-than-3,Publisher inquiry about the declared template version; recheck after their update window,https://cdn.prod.website-files.com/6684743004f3e45bc8afff2e/693883d6049ac7d72bb67020_cms-hpt.txt,206,2026-09-09T10:10:12.252Z,,https://cdn.prod.website-files.com/6684743004f3e45bc8afff2e/692f679ae69474d0c09a68b8_863012091_avenuesrecovery_valleyforge_standardcharges_v2_tall_filled_fixcode_clean_codetype.csv,206,https://cdn.prod.website-files.com/6684743004f3e45bc8afff2e/692f679ae69474d0c09a68b8_863012091_avenuesrecovery_valleyforge_standardcharges_v2_tall_filled_fixcode_clean_codetype.csv,corroborated-adjudicated,renamed-facility-pointer-label-and-roster-address,Avenues Recovery Medical Center at Valley Forge,Avenues Recovery Medical Center at Valley Forge,PA,2025-12-02,2.0.0,date-within-365-days-older-version,2026-09-09T10:10:12.069Z,a52a418fa9014a650fd871cb5c5328b96bda6c6091498da4b0cc3a31b18afc21,5d310a89ebc6bb4614dcc455c2edcd690a3f4e5e226980349352b513291294cf,renamed-facility-pointer-label-and-roster-address,Declared version 2.0.0 with a current date; publisher has not adopted the current CMS dictionary.
390325,OSS ORTHOPAEDIC HOSPITAL,PA,identity-or-format-review,publisher-issue,file-published-no-machine-pointer,Publisher inquiry: ask the facility to publish a machine-readable pointer (cms-hpt.txt) alongside the file; the file itself is already verified,https://osshealth.com/cms-hpt.txt,206,2026-09-09T10:10:12.325Z,,https://osshealth.com/uploads/docs/800458999_oss-orthopaedic-hospital_standardcharges_2026-04-09-171951_gboz.csv,206,https://osshealth.com/uploads/docs/800458999_oss-orthopaedic-hospital_standardcharges_2026-04-09-171951_gboz.csv,corroborated,file-name-and-address,OSS Orthopaedic Hospital,OSS Orthopaedic Hospital,PA,2026-04-01,3.0.0,date-within-365-days-version-3,2026-09-09T16:09:00.097Z,d89e07a3fa2dada629f77be91ec02949825d5ce3eeab934982e5b3568180d230,42865d8e62fd7045c6b227e0215c46bceea2b1fe04d30573a1d4ed44d693c29e,,"File served on the facility's own site is current (2026-04-01, version 3.0.0) and its header matches the roster facility, but no machine-readable pointer declares it."
391306,ENDLESS MOUNTAINS HEALTH SYSTEMS,PA,metadata-or-pointer-review,publisher-issue,declared-update-date-over-365-days,"Publisher inquiry with the recorded file URL, declared date and response hash; recheck after their update window",,,,,https://www.endlesscare.org/s/232720289_endless-mountains-health-systems_standardcharges.csv,206,https://static1.squarespace.com/static/5e2a43167c7a0842b4db6d5d/t/67c0b51cbf55e12e66fde57d/1740682525645/232720289_endless-mountains-health-systems_standardcharges.csv,corroborated,file-name-and-address,Endless Mountains Health Systems,Montrose PA,PA,2025-02-25,1.10,date-over-365-days,2026-09-09T10:10:13.618Z,,f83d29d3c7c4c7d5180d9e1e089c32308a27aff834b5a25b91c64f409f580cb9,,Same declared date 2025-02-25 observed again after the earlier check (2026-09-09T02:26:34.732Z).
393304,CHILDREN'S HOME OF PITTSBURGH,PA,publisher-template-review,publisher-issue,automated-file-access-denied,"Browser download attempt, then publisher whitelist request with the recorded denial evidence",https://childrenshomepgh.org/cms-hpt.txt,403,2026-09-09T10:10:13.085Z,,https://www.childrenshomepgh.org/pricetransparency/250965292_the-children's-home-of-pittsburgh_standardcharges.csv,403,,,,,,,,,,2026-09-09T10:10:13.552Z,,,,Automated retrieval denied while the earlier pass corroborated facility identity from this URL; not evidence of a missing file.
400122,PROFESSIONAL HOSPITAL GUAYNABO INC,PR,file-access-review,publisher-issue,pointer-declared-file-404,Publisher inquiry to restore or replace the declared file; recheck after their update window,https://professionalhospital.net/cms-hpt.txt,200,2026-09-09T10:10:14.321Z,,https://professionalhospital.net/wp-content/uploads/2023/10/660714964_PROFESSIONAL-HOSPITAL-GUAYNABO_standardcharges.csv,404,,,,,,,,,,2026-09-09T10:10:15.026Z,6e2a184ed6c8a25404c232b23950ac732c9b298b199c4c9fe2f44f83324af88d,,,The official pointer declares this file URL and it returns 404 on repeated checks; reproducible broken link.
420030,COLLETON MEDICAL CENTER,SC,publisher-date-review,publisher-issue,declared-update-date-over-365-days,"Publisher inquiry with the recorded file URL, declared date and response hash; recheck after their update window",https://colletonmedical.com/cms-hpt.txt,200,2026-09-09T10:10:14.702Z,,https://core.secure.ehc.com/src/util/json-detail-price-list/57-0712623_colleton-medical-center_standardcharges.json,206,https://core.secure.ehc.com/src/util/json-detail-price-list/57-0712623_colleton-medical-center_standardcharges.json,corroborated,file-name-and-address,COLLETON MEDICAL CENTER,COLLETON MEDICAL CENTER,SC,2024-10-01,2.2.0,date-over-365-days,2026-09-09T10:10:15.123Z,0d50d2a6b70f4af2c2a08914d0ddbf58dc739293dace3ff886dc56d9563d1631,33786fcabc90b667e351484d12de95ffc4269382022564ab94198527a77b0ea8,,Same declared date 2024-10-01 observed again after the earlier check (2026-09-09T01:50:21.176Z).
430012,AVERA SACRED HEART HOSPITAL,SD,pointer-or-domain-review,publisher-issue,template-version-unrecognized,Publisher inquiry: confirm which CMS data dictionary version the file implements; recheck on their reply,http://www.avera.org/cms-hpt.txt,403,2026-09-09T10:07:29.048Z,,https://www.avera.org/app/files/public/14ca39ed-760e-484f-8e7e-19bb3f14df01/460225483_avera-sacred-heart-hospital_standardcharges.csv,206,https://www.avera.org/app/files/public/14ca39ed-760e-484f-8e7e-19bb3f14df01/460225483_avera-sacred-heart-hospital_standardcharges.csv,corroborated,file-name-and-address,Avera Sacred Heart Hospital,Avera Sacred Heart,SD,2026-04-01,4.0.0,date-within-365-days-version-unverified,2026-09-09T13:11:15.272Z,,dc9db282b981a977a0336a8dd0a238af9491f7a4e4eab6ea667c2a8024aa0ea4,,Declared template version 4.0.0 is not a recognized CMS data dictionary version; facility identity and the 2026-04-01 update date are corroborated via browser retrieval.
430015,AVERA ST MARY'S HOSPITAL,SD,pointer-or-domain-review,publisher-issue,template-version-unrecognized,Publisher inquiry: confirm which CMS data dictionary version the file implements; recheck on their reply,http://www.avera.org/cms-hpt.txt,403,2026-09-09T10:07:29.048Z,,https://www.avera.org/app/files/public/985ab805-8b07-4669-a6de-6f9fa35484d3/460230199_avera-st-marys-hospital_standardcharges.csv,206,https://www.avera.org/app/files/public/985ab805-8b07-4669-a6de-6f9fa35484d3/460230199_avera-st-marys-hospital_standardcharges.csv,corroborated,file-name-and-address,Avera St. Mary's Hospital,Avera St. Mary's,SD,2026-04-01,4.0.0,date-within-365-days-version-unverified,2026-09-09T13:11:15.287Z,,d02de214c0fbd1660f0d128652487f449724786e24bc94a3f6623a9b749b134f,,Declared template version 4.0.0 is not a recognized CMS data dictionary version; facility identity and the 2026-04-01 update date are corroborated via browser retrieval.
430091,BLACK HILLS SURGICAL HOSPITAL LLC,SD,publisher-template-review,publisher-issue,template-version-older-than-3,Publisher inquiry about the declared template version; recheck after their update window,https://www.sanfordhealth.org/cms-hpt.txt,206,2026-09-09T10:10:15.601Z,,https://www.sanfordhealth.org/-/media/org/files/patients-and-visitors/billing-insurance/price-estimates/black-hills-surgical-hospital_standard-charges.csv,206,https://www.sanfordhealth.org/-/media/org/files/patients-and-visitors/billing-insurance/price-estimates/black-hills-surgical-hospital_standard-charges.csv,corroborated-adjudicated,exact-name-and-street-with-postal-zip-variant,Black Hills Surgical Hospital,Black Hills Surgical Hospital,SD,2026-01-30,2.0.0,date-within-365-days-older-version,2026-09-09T10:10:16.032Z,c03bff2f6cccdc6897e67c1867a94d7f51b7748611b15b9563d088ea453c0ddf,b69ee35003997f9782e112cb9661a4d396010a3475373a62dd3f7b25eb351f5a,exact-name-and-street-with-postal-zip-variant,Declared version 2.0.0 with a current date; publisher has not adopted the current CMS dictionary.
431302,AVERA MISSOURI RIVER HEALTH CENTER,SD,pointer-or-domain-review,publisher-issue,template-version-unrecognized,Publisher inquiry: confirm which CMS data dictionary version the file implements; recheck on their reply,http://www.avera.org/cms-hpt.txt,403,2026-09-09T10:07:29.048Z,,https://www.avera.org/app/files/public/5380b4cd-f869-4c7e-87f7-01531b5e668d/460234354_avera-missouri-river-center_standardcharges.csv,206,https://www.avera.org/app/files/public/5380b4cd-f869-4c7e-87f7-01531b5e668d/460234354_avera-missouri-river-center_standardcharges.csv,corroborated,file-name-and-address,Avera Missouri River Health Center,Avera Missouri River Health Center,SD,2026-04-01,4.0.0,date-within-365-days-version-unverified,2026-09-09T13:11:15.334Z,,3c9fd8940e356255d6fee5dee7844913723b737c2db4350ad0c5f701bb5a78dc,,Declared template version 4.0.0 is not a recognized CMS data dictionary version; facility identity and the 2026-04-01 update date are corroborated via browser retrieval.
431310,AVERA FLANDREAU HOSPITAL - CAH,SD,pointer-or-domain-review,publisher-issue,template-version-unrecognized,Publisher inquiry: confirm which CMS data dictionary version the file implements; recheck on their reply,http://www.avera.org/cms-hpt.txt,403,2026-09-09T10:07:29.048Z,,https://www.avera.org/app/files/public/1e3c55a9-2dbc-464c-87ba-19e0db01977a/460224743_avera-flandreau-hospital_standardcharges.csv,206,https://www.avera.org/app/files/public/1e3c55a9-2dbc-464c-87ba-19e0db01977a/460224743_avera-flandreau-hospital_standardcharges.csv,corroborated,file-name-and-address,Avera Flandreau Hospital,Avera Flandreau ,SD,2026-04-01,4.0.0,date-within-365-days-version-unverified,2026-09-09T13:11:15.352Z,,e0bee0a59e1dbf5deab7092615b75ff916af5b79fad531eb32573630a3f30867,,Declared template version 4.0.0 is not a recognized CMS data dictionary version; facility identity and the 2026-04-01 update date are corroborated via browser retrieval.
431324,AVERA WESKOTA MEMORIAL MEDICAL CENTER - CAH,SD,pointer-or-domain-review,publisher-issue,template-version-unrecognized,Publisher inquiry: confirm which CMS data dictionary version the file implements; recheck on their reply,http://www.avera.org/cms-hpt.txt,403,2026-09-09T10:07:29.048Z,,https://www.avera.org/app/files/public/a1d389d7-460f-4083-a41e-f5e4849e761b/460224604_avera-weskota-memorial-med-center_standardcharges.csv,206,https://www.avera.org/app/files/public/a1d389d7-460f-4083-a41e-f5e4849e761b/460224604_avera-weskota-memorial-med-center_standardcharges.csv,corroborated,file-name-and-address,Avera Weskota Memorial Med Ctr,Avera Weskota Memorial Med Ctr,SD,2026-04-01,4.0.0,date-within-365-days-version-unverified,2026-09-09T13:11:15.375Z,,1f756e724a438612d16bf8ea698077b5c1fc291b8f4cff5eb3164c9277848f8b,,Declared template version 4.0.0 is not a recognized CMS data dictionary version; facility identity and the 2026-04-01 update date are corroborated via browser retrieval.
431327,ST MICHAEL'S HOSPITAL - CAH,SD,pointer-or-domain-review,publisher-issue,template-version-unrecognized,Publisher inquiry: confirm which CMS data dictionary version the file implements; recheck on their reply,http://www.avera.org/cms-hpt.txt,403,2026-09-09T10:07:29.048Z,,https://www.avera.org/app/files/public/3de91237-7976-4ad2-bc47-6a294697805e/460225414_st-michaels-hospital_standardcharges.csv,206,https://www.avera.org/app/files/public/3de91237-7976-4ad2-bc47-6a294697805e/460225414_st-michaels-hospital_standardcharges.csv,corroborated,file-name-and-address,St Michael's Hospital,St Michael's ,SD,2026-04-01,4.0.0,date-within-365-days-version-unverified,2026-09-09T13:11:15.392Z,,db9d1e71db15889f4a7b42a77b787a0aae1641757b1b1056ef8eb01835d14bcb,,Declared template version 4.0.0 is not a recognized CMS data dictionary version; facility identity and the 2026-04-01 update date are corroborated via browser retrieval.
440029,WILLIAMSON MEDICAL CENTER,TN,file-access-review,publisher-issue,pointer-declared-file-404,Publisher inquiry to restore or replace the declared file; recheck after their update window,https://williamsonhealth.org/cms-hpt.txt,206,2026-09-09T10:10:15.914Z,,https://williamsonhealth.org/content/uploads/2026/04/621501534_williamson-medical-center_standardcharges.csv,404,https://williamsonhealth.org/content/uploads/2026/08/621501534_williamson-medical-center_standardcharges.csv,corroborated,file-name-and-address,Williamson County Hospital District,Williamson Medical Center,TN,2026-08-01,3.0.0,date-within-365-days-version-3,2026-09-09T10:47:28.502Z,773d505691f1f8fb61004d7300ebb48663d95026498ca135cbd57f8edbc12274,5f89083b42bc00fb22c42075378c1ffbb3d308681f4a05e9f05374cdeef66433,,The official pointer declares this file URL and it returns 404 on repeated checks; reproducible broken link.
440111,METRO NASHVILLE GENERAL HOSPITAL,TN,publisher-date-review,publisher-issue,declared-update-date-over-365-days,"Publisher inquiry with the recorded file URL, declared date and response hash; recheck after their update window",https://nashvillegeneral.org/cms-hpt.txt,206,2026-09-09T10:10:17.162Z,,https://nashvillegeneral-440111.s3.amazonaws.com/62-1383977_METRO-NASHVILLE-GENERAL-HOSPITAL_standardcharges.csv,206,https://nashvillegeneral-440111.s3.amazonaws.com/62-1383977_METRO-NASHVILLE-GENERAL-HOSPITAL_standardcharges.csv,corroborated,file-name-and-address,METRO NASHVILLE GENERAL HOSPITAL,METRO NASHVILLE GENERAL HOSPITAL,TN,2024-07-01,1.0.0,date-over-365-days,2026-09-09T10:38:12.205Z,3f44447929473883ec668d48daeb9d1842249a13db2beac8748344591cb69019,2e75447bfd4d865895f30e6d1c1ae851d6bdf98bbdc44f0152d94254ab68bedf,,Same declared date 2024-07-01 observed again after the earlier check (2026-09-09T01:50:23.729Z).
440152,REGIONAL ONE HEALTH,TN,publisher-date-review,publisher-issue,declared-update-date-over-365-days,"Publisher inquiry with the recorded file URL, declared date and response hash; recheck after their update window",https://www.regionalonehealth.org/cms-hpt.txt,206,2026-09-09T10:38:10.584Z,,https://www.regionalonehealth.org/wp-content/uploads/2024/12/621113169_shelby-county-health-care_standardcharges.csv,206,https://www.regionalonehealth.org/wp-content/uploads/2024/12/621113169_shelby-county-health-care_standardcharges.csv,corroborated,file-name-and-address,Shelby County Health Care Corporation,Regional One Health| Regional One Health Rehabilitation Hospital| Regional One Health Subacute Care,TN,2025-01-06,2.0.0,date-over-365-days,2026-09-09T10:10:39.946Z,a0b1954b7cfc62dfdad3a36af4bc0114d9d79c62cbb5e644229972c76074c249,1b52522e4171a2551cd26f6d919b3178607ec9284fc43596513ed88605eaa59d,,Same declared date 2025-01-06 observed again after the earlier check (2026-09-09T01:50:23.899Z).
440161,TRISTAR CENTENNIAL MEDICAL CENTER,TN,pointer-or-domain-review,publisher-issue,automated-file-access-denied,"Browser download attempt, then publisher whitelist request with the recorded denial evidence",https://www.tristarhealth.com/cms-hpt.txt,200,2026-09-09T10:38:11.935Z,,https://stctrprodsnsvc00455826e6.blob.core.windows.net/pt-final-posting-files/62-1113737_TRISTAR-CENTENNIAL-MEDICAL-CENTER_standardcharges.json?si=dpx-pt-json-access-policy&spr=https&sv=2024-11-04&sr=c&sig=vdmkLz8lCE1qb%2BnsaFfL8tcI7Gg6B%2B3s%2Fny3TPZ1kqs%3D,403,https://stctrprodsnsvc00455826e6.blob.core.windows.net/pt-final-posting-files/62-1113737_TRISTAR-CENTENNIAL-MEDICAL-CENTER_standardcharges.json?si=dpx-pt-json-access-policy&spr=https&sv=2026-02-06&sr=c&sig=ks%2BgfAjyEHlZmeP2PYJ%2F9NpMuCoRStjTb2bhIy9Y6LM%3D,corroborated,file-name-and-address,TRISTAR CENTENNIAL MEDICAL CENTER,TRISTAR SPRING HILL ER|TRISTAR CENTENNIAL PARTHENON PAVILION|TRISTAR BELLEVUE FSER|TRISTAR CENTENNIAL MEDICAL CENTER|TRISTAR CENTENNIAL WOMEN'S HOSPITAL|TRISTAR CENTENNIAL CHILDREN'S HOSPITAL,TN,2026-03-01,3.0.0,date-within-365-days-version-3,2026-09-09T10:47:31.658Z,446de3cf157008be2f0695db1758b60c64a9bf909d30ce601459dc019e2b942a,fe026dabf2c99ae34141d60e0a1b26f063fbf5d85e7296676e11049283902aa6,,Automated retrieval denied while the earlier pass corroborated facility identity from this URL; not evidence of a missing file.
450010,UNITED REGIONAL HEALTH CARE SYSTEM,TX,publisher-template-review,publisher-issue,template-version-older-than-3,Publisher inquiry about the declared template version; recheck after their update window,https://unitedregional.org/getContentAsset/87726b46-3db7-42d1-b3d7-11de88ed5834/c204d644-0ccb-43d4-a505-69664b0a9bc3/cms-hpt.txt?language=en,206,2026-09-09T10:10:37.385Z,,https://unitedregional.org/getContentAsset/a128db8c-8ea3-461b-9531-3197f7c0b635/c204d644-0ccb-43d4-a505-69664b0a9bc3/751912147-united-regional-healthcare-system-standardcharges-in.csv?language=en,200,https://unitedregional.org/getContentAsset/a128db8c-8ea3-461b-9531-3197f7c0b635/c204d644-0ccb-43d4-a505-69664b0a9bc3/751912147-united-regional-healthcare-system-standardcharges-in.csv?language=en,corroborated,file-name-and-address,United Regional Health Care System ,United Regional Health Care System ,TX,2025-11-15,2.0.0,date-within-365-days-older-version,2026-09-09T10:10:39.873Z,81628a45e22cd6b8f73e7f8f771c7d35f5e572aaf713c05b2703a31f6a9392e6,c90c0bfbd7993b4c3ea16021ed87a4ea6033940e0ecdc6092e6af73e06e2c5a4,,Declared version 2.0.0 with a current date; publisher has not adopted the current CMS dictionary.
450035,ST JOSEPH MEDICAL CENTER,TX,publisher-date-review,publisher-issue,declared-update-date-over-365-days,"Publisher inquiry with the recorded file URL, declared date and response hash; recheck after their update window",https://sjmctx.org/cms-hpt.txt,200,2026-09-09T10:10:38.235Z,,https://sjmctx.org/pricetransparency/994785298_StJosephMedicalCenter_standardcharges.csv,206,https://sjmctx.org/pricetransparency/994785298_StJosephMedicalCenter_standardcharges.csv,corroborated,file-name-and-address,HSA ST. JOSEPH LLC,St. Joseph Medical Center,TX,2024-12-23,2.0.0,date-over-365-days,2026-09-09T10:10:39.240Z,7bd9cf1a828dcf2a4c88d8234dbff1f56b024a4f48474a32392e2deba44b1e0c,f2a88cb3c51f1bd93fa4f9aa95d8b0f0cb6cfd548039f08d034130f88004035e,,Same declared date 2024-12-23 observed again after the earlier check (2026-09-09T02:31:30.207Z).
450133,MIDLAND MEMORIAL HOSPITAL,TX,file-access-review,publisher-issue,pointer-declared-file-404,Publisher inquiry to restore or replace the declared file; recheck after their update window,https://www.midlandhealth.org/cms-hpt.txt,200,2026-09-09T10:10:49.621Z,,https://www.midlandhealth.org/Uploads/Public/Documents/Price%20Transparency/751584559_midland-health_standardcharges.csv,404,,,,,,,,,,2026-09-09T10:10:49.682Z,710dad31e59ad6993323f0a418a3e90c1575480eaaa87389dc0a9c8a043c3b2b,,,The official pointer declares this file URL and it returns 404 on repeated checks; reproducible broken link.
450237,CHRISTUS SANTA ROSA MEDICAL CENTER,TX,file-access-review,publisher-issue,pointer-declared-file-404,Publisher inquiry to restore or replace the declared file; recheck after their update window,https://www.christushealth.org/cms-hpt.txt,206,2026-09-09T10:11:00.913Z,,https://www.christushealth.org/sitecore/service/notfound.aspx,404,https://www.christushealth.org/-/media/christus-health/plan-care/files/bill-pay/machine-readable-files/741109665_santarosaemergencycenteralon_standardcharges.json,mrf-header-does-not-match-unresolved-roster,,Santa Rosa Emergency Center - Alon,Santa Rosa Emergency Center - Alon,TX,2026-01-13,3.0.0,date-within-365-days-version-3,2026-09-09T10:11:13.686Z,549263ce2336f948998e057beb9fe3b9cf461ae701ba913dbb55085c1af6f26d,a878cb63741680a5b3f67d1c184f1aa6e643c07afed544f6a9fbad1811ce5dcb,,The official pointer declares this file URL and it returns 404 on repeated checks; reproducible broken link.
450241,FAITH COMMUNITY HOSPITAL,TX,identity-or-format-review,publisher-issue,file-published-no-machine-pointer,Publisher inquiry: ask the facility to publish a machine-readable pointer (cms-hpt.txt) alongside the file; the file itself is already verified,https://fchtexas.com/cms-hpt.txt,206,2026-09-09T10:11:00.725Z,,https://fchtexas.slicedhealth.io/pricer/38-3850788-1790777696_FaithCommunityHospital_standardcharges.CSV,206,https://fchtexas.slicedhealth.io/pricer/38-3850788-1790777696_FaithCommunityHospital_standardcharges.CSV,corroborated,file-name-and-address,Faith Community Hospital,FaithCommunityHospital|Faith Community Hospital,TX,2026-01-29,3.0.0,date-within-365-days-version-3,2026-09-09T16:09:00.102Z,5639b4ecab037b79a056e74e69d4f62749ce5a99db081bf847cca9bf1f3fd622,9cf9a252f3f9c729d98052b90a4bbbca117e4a8c16121364dc1a519e4af8038b,,"File served on the facility's own site is current (2026-01-29, version 3.0.0) and its header matches the roster facility, but no machine-readable pointer declares it."
450518,THE MEDICAL CENTER OF SOUTHEAST TEXAS,TX,publisher-date-review,publisher-issue,declared-update-date-over-365-days,"Publisher inquiry with the recorded file URL, declared date and response hash; recheck after their update window",https://medicalcentersetexas.org/cms-hpt.txt,200,2026-09-09T10:11:01.117Z,,https://medicalcentersetexas.org/pricetransparency/994785659_MedicalCenterSETexas_standardcharges.csv,206,https://medicalcentersetexas.org/pricetransparency/994785659_MedicalCenterSETexas_standardcharges.csv,corroborated,file-name-and-address,HSA PORT ARTHUR LLC,The Medical Center of Southeast Texas,TX,2024-12-26,2.0.0,date-over-365-days,2026-09-09T10:11:01.574Z,f6fdfc605a09ff1b0b5868be7e97de216b864aafb95fd8fe9457dbec14fd1389,0b48b400cfc51f0c7f16cdc0e2c036a891abf2119989523c9f0c09c58a16ef8f,,Same declared date 2024-12-26 observed again after the earlier check (2026-09-09T01:51:07.985Z).
450641,NOCONA GENERAL HOSPITAL,TX,file-access-review,publisher-issue,template-version-unrecognized,Publisher inquiry: confirm which CMS data dictionary version the file implements; recheck on their reply,https://noconageneral.com/cms-hpt.txt,206,2026-09-09T10:11:01.194Z,,https://noconageneral.com/wp-content/uploads/2026/03/751368648_nocona-general-hospital_standardcharges-02.26.2026.csv,200,https://noconageneral.com/wp-content/uploads/2026/03/751368648_nocona-general-hospital_standardcharges-02.26.2026.csv,corroborated,file-name-and-address,Nocona General Hospital ,Nocona General Hosptial,TX,2026-02-25,ERSION 4.0,date-within-365-days-version-unverified,2026-09-09T10:11:01.547Z,008082c28e4f20e9496c08b83f6fde8c00e45ce670b9265733f635a18e058b17,db4d3dd5fe71408732a410260a9bb6980bca54811bed817296918978b7129f7e,,Declared template version ERSION 4.0 is not a recognized CMS data dictionary version; facility identity and the 2026-02-25 update date are corroborated.
450831,SURGERY SPECIALTY HOSPITALS OF AMERICA SE HOUSTON,TX,pointer-or-domain-review,publisher-issue,pointer-declared-file-404,Publisher inquiry to restore or replace the declared file; recheck after their update window,https://ssha.us.com/cms-hpt.txt,206,2026-09-09T10:11:01.645Z,,https://machine-readable-files.com/ssha-pasadena-tx/760600805_Surgery-Specialty-Hospitals-of-America_standardcharges.csv,404,,,,,,,,,,2026-09-09T10:11:01.671Z,6a8ffa242a763e087e46565321d443696cef3d3c724e2998223e0f25ab907c03,,,The official pointer declares this file URL and it returns 404 on repeated checks; reproducible broken link.
453301,DRISCOLL CHILDRENS HOSPITAL,TX,publisher-template-review,publisher-issue,template-version-older-than-3,Publisher inquiry about the declared template version; recheck after their update window,https://driscollchildrens.org/cms-hpt.txt,200,2026-09-09T10:11:15.384Z,,https://driscollchildrens.org/wp-content/uploads/742577746-1548286172_Driscoll-Childrens-Hospital_standardcharges.csv,206,https://driscollchildrens.org/wp-content/uploads/742577746-1548286172_Driscoll-Childrens-Hospital_standardcharges.csv,corroborated,file-name-and-address,Driscoll Children’s Hospital,Driscoll Children’s Hospital|Driscoll Children's Hospital (Main Campus and Neonatal Care Center),TX,2025-10-06,2.0.0,date-within-365-days-older-version,2026-09-09T10:11:15.744Z,36bdac1a49d1ba07ebeeb7dc268682f9c52129e27df9ed30b0f66b81a53f4bb3,f055a2dca0356199495520d9733c9fb74e8317a928c37876414091beb0ded2cb,,Declared version 2.0.0 with a current date; publisher has not adopted the current CMS dictionary.
454129,GEORGETOWN BEHAVIORAL HEALTH INSTITUTE,TX,publisher-date-review,publisher-issue,automated-file-access-denied,"Browser download attempt, then publisher whitelist request with the recorded denial evidence",https://auroraarizona.com/cms-hpt.txt,403,2026-09-09T10:11:15.481Z,,https://www.georgetownbehavioral.com/sites/default/files/462465087_Georgetown%20Behavioral%20Insitute_Standardcharges.csv,403,,,,,,,,,,2026-09-09T10:11:15.485Z,,,,Automated retrieval denied while the earlier pass corroborated facility identity from this URL; not evidence of a missing file.
454132,SAN ANTONIO BEHAVIORAL HEALTHCARE HOSPITAL,TX,publisher-template-review,publisher-issue,template-version-older-than-3,Publisher inquiry about the declared template version; recheck after their update window,https://www.sanantoniobehavioral.com/cms-hpt.txt,206,2026-09-09T10:11:15.942Z,,https://www.sanantoniobehavioral.com/wp-content/uploads/2025/09/461064226_San-Antonio-Behavioral-Healthcare-Hospital_standardcharges.csv,206,https://www.sanantoniobehavioral.com/wp-content/uploads/2025/09/461064226_San-Antonio-Behavioral-Healthcare-Hospital_standardcharges.csv,corroborated,exact-pointer-name-and-file-address,SAN ANTONIO BEHAVIORAL HEALTHCARE,SAN ANTONIO BEHAVIORAL HEALTHCARE,TX,2025-09-17,2.0.0,date-within-365-days-older-version,2026-09-09T10:11:15.730Z,d0ecffebeae45b25119a64a9a6bcb7422088dcbbc6f065a582a549db3e32c4d9,ce4034cd37f6ad005f6857a87eaed9dfbda0e2508cac8e87e793b5119c9ef41d,,Declared version 2.0.0 with a current date; publisher has not adopted the current CMS dictionary.
460005,OGDEN REGIONAL MEDICAL CENTER,UT,publisher-date-review,publisher-issue,declared-update-date-over-365-days,"Publisher inquiry with the recorded file URL, declared date and response hash; recheck after their update window",https://www.mountainstar.com/cms-hpt.txt,200,2026-09-09T10:11:15.764Z,,https://www.hcadam.com/api/public/content/60297fd2cdf147a6bd8450b739878a54?download=true,206,https://www.hcadam.com/api/public/content/60297fd2cdf147a6bd8450b739878a54?download=true,corroborated,file-name-and-address,OGDEN REGIONAL MEDICAL CENTER,OGDEN REGIONAL MEDICAL CENTER,UT,2024-10-01,2.2.0,date-over-365-days,2026-09-09T10:11:16.095Z,7e1dde60d13db664874b2394fccc11fcac63d9d7295b453cc116ba0452d3dfc4,9779ff2096c78b1a4eb9ed4a379610b6c8fb6c3e13476913b1bd2fe51eb376b8,,Same declared date 2024-10-01 observed again after the earlier check (2026-09-09T02:26:35.082Z).
460009,UNIVERSITY OF UTAH HOSPITAL AND CLINICS,UT,publisher-date-review,publisher-issue,declared-update-date-over-365-days,"Publisher inquiry with the recorded file URL, declared date and response hash; recheck after their update window",https://healthcare.utah.edu/cms-hpt.txt,200,2026-09-09T10:11:15.952Z,,https://md.utah.edu/pricing/876000525_UNIVERSITY-OF-UTAH-HOSPITAL-AND-CLINICS_standardcharges.csv,206,https://md.utah.edu/pricing/876000525_UNIVERSITY-OF-UTAH-HOSPITAL-AND-CLINICS_standardcharges.csv,corroborated,file-name-and-address,UNIVERSITY OF UTAH HOSPITAL AND CLINICS,UNIVERSITY OF UTAH HOSPITAL AND CLINICS,UT,2025-07-01,2.0.0,date-over-365-days,2026-09-09T10:11:16.909Z,236dedd6ec848cc32b6482c94cf58220a9f56a6ecf6f1c0254157687913c7033,05ffd4d313955a9113a7a81150a37962cfc7c2b24ed44bcf64b8b078ce728247,,Same declared date 2025-07-01 observed again after the earlier check (2026-09-09T02:26:35.358Z).
460013,MOUNTAIN VIEW HOSPITAL,UT,publisher-date-review,publisher-issue,declared-update-date-over-365-days,"Publisher inquiry with the recorded file URL, declared date and response hash; recheck after their update window",https://www.mountainstar.com/cms-hpt.txt,200,2026-09-09T10:11:15.764Z,,https://www.hcadam.com/api/public/content/ed92b53525bd4968b7a7fc42d1e3b85d?download=true,206,https://www.hcadam.com/api/public/content/ed92b53525bd4968b7a7fc42d1e3b85d?download=true,corroborated,file-name-and-address,MOUNTAIN VIEW HOSPITAL,MOUNTAIN VIEW HOSPITAL,UT,2024-10-01,2.2.0,date-over-365-days,2026-09-09T10:11:16.499Z,7e1dde60d13db664874b2394fccc11fcac63d9d7295b453cc116ba0452d3dfc4,2571fbd517f975b95e3117c993de701e0ff0f938991c3738aa19a6c86b1470a0,,Same declared date 2024-10-01 observed again after the earlier check (2026-09-09T02:26:35.389Z).
460017,BRIGHAM CITY COMMUNITY HOSPITAL,UT,publisher-date-review,publisher-issue,declared-update-date-over-365-days,"Publisher inquiry with the recorded file URL, declared date and response hash; recheck after their update window",https://www.mountainstar.com/cms-hpt.txt,200,2026-09-09T10:11:15.764Z,,https://www.hcadam.com/api/public/content/365bdb8ed9a84537afc36e1a2addfe8e?download=true,206,https://www.hcadam.com/api/public/content/365bdb8ed9a84537afc36e1a2addfe8e?download=true,corroborated,file-name-and-address,BRIGHAM CITY COMMUNITY HOSPITAL,BRIGHAM CITY COMMUNITY HOSPITAL,UT,2024-10-01,2.2.0,date-over-365-days,2026-09-09T10:11:16.922Z,7e1dde60d13db664874b2394fccc11fcac63d9d7295b453cc116ba0452d3dfc4,cfb2a859533226108eaa020551039ef95361bf7029afb079feaf95d13a549064,,Same declared date 2024-10-01 observed again after the earlier check (2026-09-09T02:26:35.941Z).
460042,LAKEVIEW HOSPITAL,UT,publisher-date-review,publisher-issue,declared-update-date-over-365-days,"Publisher inquiry with the recorded file URL, declared date and response hash; recheck after their update window",https://www.mountainstar.com/cms-hpt.txt,200,2026-09-09T10:11:15.764Z,,https://www.hcadam.com/api/public/content/ff147b50990440edae816f9adf8525e8?download=true,206,https://www.hcadam.com/api/public/content/ff147b50990440edae816f9adf8525e8?download=true,corroborated,file-name-and-address,LAKEVIEW HOSPITAL,LAKEVIEW HOSPITAL,UT,2024-10-01,2.2.0,date-over-365-days,2026-09-09T10:11:29.825Z,7e1dde60d13db664874b2394fccc11fcac63d9d7295b453cc116ba0452d3dfc4,b527ee78b10c1d134c13ffea3166ccf112cd3b5e97550de1764d3a16be1e3d38,,Same declared date 2024-10-01 observed again after the earlier check (2026-09-09T02:26:36.260Z).
460047,ST MARK'S HOSPITAL,UT,publisher-date-review,publisher-issue,declared-update-date-over-365-days,"Publisher inquiry with the recorded file URL, declared date and response hash; recheck after their update window",https://www.mountainstar.com/cms-hpt.txt,200,2026-09-09T10:11:15.764Z,,https://www.hcadam.com/api/public/content/2ddf8eab94114b028790e2ef86501adc?download=true,206,https://www.hcadam.com/api/public/content/2ddf8eab94114b028790e2ef86501adc?download=true,corroborated,file-name-and-address,ST MARK'S HOSPITAL,ST MARK'S HOSPITAL|TAYLORSVILLE EMERGENCY CENTER|WEST VALLEY EMERGENCY,UT,2024-10-01,2.2.0,date-over-365-days,2026-09-09T10:11:47.997Z,7e1dde60d13db664874b2394fccc11fcac63d9d7295b453cc116ba0452d3dfc4,6f72b58e6b6ace0311f8c6833c875b662b49b75b56dbc1e79f78a782b8f60faf,,Same declared date 2024-10-01 observed again after the earlier check (2026-09-09T02:26:36.821Z).
460052,TIMPANOGOS REGIONAL HOSPITAL,UT,publisher-date-review,publisher-issue,declared-update-date-over-365-days,"Publisher inquiry with the recorded file URL, declared date and response hash; recheck after their update window",https://www.mountainstar.com/cms-hpt.txt,200,2026-09-09T10:11:15.764Z,,https://www.hcadam.com/api/public/content/66b2df40ef8849b7a94bf34274cf69c7?download=true,206,https://www.hcadam.com/api/public/content/66b2df40ef8849b7a94bf34274cf69c7?download=true,corroborated,file-name-and-address,TIMPANOGOS REGIONAL HOSPITAL,TIMPANOGOS REGIONAL HOSPITAL|WESTLAKE EMERGENCY CTR,UT,2024-10-01,2.2.0,date-over-365-days,2026-09-09T10:12:01.433Z,7e1dde60d13db664874b2394fccc11fcac63d9d7295b453cc116ba0452d3dfc4,584aa3ca535581d85471965e28e39794f077ac44de117b1ac4e0c0a0fc17b2a8,,Same declared date 2024-10-01 observed again after the earlier check (2026-09-09T02:26:37.111Z).
460054,CACHE VALLEY HOSPITAL,UT,publisher-date-review,publisher-issue,declared-update-date-over-365-days,"Publisher inquiry with the recorded file URL, declared date and response hash; recheck after their update window",https://www.mountainstar.com/cms-hpt.txt,200,2026-09-09T10:11:15.764Z,,https://www.hcadam.com/api/public/content/917b8d7e2b4e49079d6df0fddc138a7f?download=true,206,https://www.hcadam.com/api/public/content/917b8d7e2b4e49079d6df0fddc138a7f?download=true,corroborated,file-name-and-address,CACHE VALLEY  HOSPITAL,CACHE VALLEY  HOSPITAL,UT,2024-10-01,2.2.0,date-over-365-days,2026-09-09T10:12:14.696Z,7e1dde60d13db664874b2394fccc11fcac63d9d7295b453cc116ba0452d3dfc4,8367379ff279a9e203e30faf8c38c3fd7a0be732aee622803dd3eae5e9c94110,,Same declared date 2024-10-01 observed again after the earlier check (2026-09-09T02:26:49.199Z).
460060,LONE PEAK HOSPITAL,UT,publisher-date-review,publisher-issue,declared-update-date-over-365-days,"Publisher inquiry with the recorded file URL, declared date and response hash; recheck after their update window",https://www.mountainstar.com/cms-hpt.txt,200,2026-09-09T10:11:15.764Z,,https://www.hcadam.com/api/public/content/65ebdd902aea4b6d9ee5a03ee8ecef72?download=true,206,https://www.hcadam.com/api/public/content/65ebdd902aea4b6d9ee5a03ee8ecef72?download=true,corroborated,file-name-and-address,LONE PEAK HOSPITAL,LONE PEAK HOSPITAL,UT,2024-10-01,2.2.0,date-over-365-days,2026-09-09T10:12:15.237Z,7e1dde60d13db664874b2394fccc11fcac63d9d7295b453cc116ba0452d3dfc4,9ae406de76a09446516fc5909e16b6fb6f143d781920e68db6e82feb3d27c814,,Same declared date 2024-10-01 observed again after the earlier check (2026-09-09T02:26:49.429Z).
471305,COPLEY HOSPITAL,VT,file-access-review,publisher-issue,pointer-declared-file-404,Publisher inquiry to restore or replace the declared file; recheck after their update window,https://www.copleyvt.org/cms-hpt.txt,200,2026-09-09T10:11:16.487Z,,https://www.copleyvt.org/030179423_Copley-Hospital_standardcharges.csv,404,https://www.copleyvt.org/03-0179423_Copley-Hospital_standardcharges.csv,corroborated,file-name-and-address,Copley Hospital,Copley Hospital,VT,2026-06-05,3.0.0,date-within-365-days-version-3,2026-09-09T10:47:33.388Z,0829940060165b48439925537981502916bf2ee985ab2f14c4fa53642bb40670,dfed54c3f9a16c8bd01d6149f0261ad647f3f4feb4cd38f7fd93a8eaa9a230d4,,The official pointer declares this file URL and it returns 404 on repeated checks; reproducible broken link.
490022,MARY WASHINGTON HOSPITAL,VA,publisher-date-review,publisher-issue,declared-update-date-over-365-days,"Publisher inquiry with the recorded file URL, declared date and response hash; recheck after their update window",https://www.marywashingtonhealthcare.com/cms-hpt.txt,206,2026-09-09T10:11:16.780Z,,https://www.marywashingtonhealthcare.com/documents/540519577_mary-washington-hospital_standardcharges.csv,206,https://www.marywashingtonhealthcare.com/documents/540519577_mary-washington-hospital_standardcharges.csv,corroborated,file-name-and-address,Mary Washington Hospital,Mary Washington Hospital,VA,2024-12-30,2.0.0,date-over-365-days,2026-09-09T10:11:17.076Z,838cfb97d15718fb688628575dffaaac7bba5a62b53a284f006f2f739086494b,257781d8e181e5881bcc96f731f83cb591080c4c9ab8ada07abf3c81ff9a255b,,Same declared date 2024-12-30 observed again after the earlier check (2026-09-09T01:51:12.724Z).
490140,"STAFFORD HOSPITAL, LLC",VA,publisher-date-review,publisher-issue,declared-update-date-over-365-days,"Publisher inquiry with the recorded file URL, declared date and response hash; recheck after their update window",https://www.marywashingtonhealthcare.com/cms-hpt.txt,206,2026-09-09T10:11:16.780Z,,https://www.marywashingtonhealthcare.com/documents/134316364_stafford-hospital_standardcharges.csv,206,https://www.marywashingtonhealthcare.com/documents/134316364_stafford-hospital_standardcharges.csv,corroborated,file-name-and-address,Stafford Hospital,Stafford Hospital,VA,2024-12-30,2.0.0,date-over-365-days,2026-09-09T10:11:48.006Z,838cfb97d15718fb688628575dffaaac7bba5a62b53a284f006f2f739086494b,f8748e3814c67a91daaee17e1396558016cd2aad4a6d1b8bfc12fc111099c1a2,,Same declared date 2024-12-30 observed again after the earlier check (2026-09-09T01:51:12.928Z).
494010,NORTHERN VIRGINIA MENTAL HEALTH INSTI,VA,publisher-date-review,publisher-issue,declared-update-date-over-365-days,"Publisher inquiry with the recorded file URL, declared date and response hash; recheck after their update window",https://dbhds.virginia.gov/cms-hpt.txt,206,2026-09-09T10:11:29.483Z,,https://dbhds.virginia.gov/wp-content/uploads/2025/11/540807019_northern-virginia-mental-health-institute_standardcharges.csv,206,https://dbhds.virginia.gov/wp-content/uploads/2025/11/540807019_northern-virginia-mental-health-institute_standardcharges.csv,corroborated,file-name-and-address,Northern Virginia Mental Health Institute,Northern Virginia Mental Health Institute,VA,2025-07-21,2.0.0,date-over-365-days,2026-09-09T10:11:46.287Z,3ee6eff525752eb42931375aa6348c621bc81a3f4ca854f67542fbc982d598fd,a329be6bfe282cf081a723919efc0dc8640189968f2d0e2966fc75375b460707,,Same declared date 2025-07-21 observed again after the earlier check (2026-09-09T02:26:34.884Z).
494017,SOUTHERN VIRGINIA MENTAL HEALTH INSTITUTE,VA,publisher-date-review,publisher-issue,declared-update-date-over-365-days,"Publisher inquiry with the recorded file URL, declared date and response hash; recheck after their update window",https://dbhds.virginia.gov/cms-hpt.txt,206,2026-09-09T10:11:29.483Z,,https://dbhds.virginia.gov/wp-content/uploads/2025/11/541004175_southern-virginia-mental-health-institute_standardcharges.csv,206,https://dbhds.virginia.gov/wp-content/uploads/2025/11/541004175_southern-virginia-mental-health-institute_standardcharges.csv,corroborated,file-name-and-address,Southern Virginia Mental Health Institute,Southern Virginia Mental Health Institute,VA,2025-07-21,2.0.0,date-over-365-days,2026-09-09T10:11:46.479Z,3ee6eff525752eb42931375aa6348c621bc81a3f4ca854f67542fbc982d598fd,0c2f83ec64e877033839dde82c81bd6504fcf660046eb76f6b1b60787e513682,,Same declared date 2025-07-21 observed again after the earlier check (2026-09-09T02:26:34.956Z).
494033,CATAWBA HOSPITAL,VA,publisher-date-review,publisher-issue,declared-update-date-over-365-days,"Publisher inquiry with the recorded file URL, declared date and response hash; recheck after their update window",https://dbhds.virginia.gov/cms-hpt.txt,206,2026-09-09T10:11:29.483Z,,https://dbhds.virginia.gov/wp-content/uploads/2025/11/546001711_catawba-hospital_standardcharges.csv,206,https://dbhds.virginia.gov/wp-content/uploads/2025/11/546001711_catawba-hospital_standardcharges.csv,corroborated,file-name-and-address,Catawba Hospital,Catawba Hospital,VA,2025-01-01,2.0.0,date-over-365-days,2026-09-09T10:11:46.863Z,3ee6eff525752eb42931375aa6348c621bc81a3f4ca854f67542fbc982d598fd,00b051a3f905b2d494088b32590564ba62f3b58d280059b8fb9155f02f97939e,,Same declared date 2025-01-01 observed again after the earlier check (2026-09-09T02:26:36.255Z).
500007,ISLAND HOSPITAL,WA,file-access-review,publisher-issue,pointer-declared-file-404,Publisher inquiry to restore or replace the declared file; recheck after their update window,https://islandhospital.org/cms-hpt.txt,200,2026-09-09T10:11:44.623Z,,https://mrfs.hyvehealthcare.com/IslandHealthSystem/910729255_island-health_standardcharges.csv,404,,,,,,,,,,2026-09-09T10:11:44.808Z,d586019ea0ecf13d0a2b01d33dbb5c3b7db4425d2b0d1ea1797ed43eebcd1fe4,,,The official pointer declares this file URL and it returns 404 on repeated checks; reproducible broken link.
500031,GRAYS HARBOR COMMUNITY HOSPITAL,WA,file-access-review,publisher-issue,pointer-declared-file-404,Publisher inquiry to restore or replace the declared file; recheck after their update window,https://static1.squarespace.com/static/5e90f5d75542933b842d0964/t/681d2dd1e71fc254c48f7fa0/1746742737725/cms-hpt.txt,206,2026-09-09T10:11:44.813Z,,http://machine-readable-files.com/harbor-regional-health/910568304_Harbor-Regional-Health_standardcharges.csv,404,https://hospitalpricetransparencyfiles.com/grays-harbor-community-hospital/910568304_Grays-Harbor-Community-Hospital_standardcharges.csv,corroborated,file-name-and-address,Grays Harbor Community Hospital,Harbor Regional Health,WA,2025-11-21,3.0.0,date-within-365-days-version-3,2026-09-09T10:47:50.571Z,a0b277e01dc9421fe3d63e12b934591f5614bcd6dae84e9890db2af0189f8946,c216eac4fd35f0c7b0c1196a07968590eaaf1344a8452d6c4a73064b94f0e51f,,The official pointer declares this file URL and it returns 404 on repeated checks; reproducible broken link.
501312,PROSSER MEMORIAL HOSPITAL,WA,publisher-date-review,publisher-issue,declared-update-date-over-365-days,"Publisher inquiry with the recorded file URL, declared date and response hash; recheck after their update window",https://www.prosserhealth.org/cms-hpt.txt,206,2026-09-09T10:11:46.544Z,,https://res.cloudinary.com/dpmykpsih/raw/upload/prosser-health-site-416/media/r/98285db682424129bd554acc0db84c2a/91-6013490_prosser-memorial-health-hospital_standardcharges.csv,206,https://res.cloudinary.com/dpmykpsih/raw/upload/prosser-health-site-416/media/r/98285db682424129bd554acc0db84c2a/91-6013490_prosser-memorial-health-hospital_standardcharges.csv,corroborated,file-name-and-address,Prosser Memorial Health Hospital,Prosser Memorial Health Hospital|Benton City Clinic RHC|Grandview Clinic RHC|Prosser Clinic RHC|Prosser Specialty Clinic|Benton City Dermatology Clinic,WA,2025-01-01,2.0.0,date-over-365-days,2026-09-09T10:11:47.292Z,c76b259798faf98e08c089dc281ad21f4751f91495d4791f5ddac24e4b5dfefe,2452807d959defcc170f6dddf21e7aa83267ce7056266282eb89e6114c8121c9,,Same declared date 2025-01-01 observed again after the earlier check (2026-09-09T01:51:14.084Z).
510002,"CAMC GREENBRIER VALLEY MEDICAL CENTER, INC",WV,file-access-review,publisher-issue,pointer-declared-file-404,Publisher inquiry to restore or replace the declared file; recheck after their update window,https://www.camc.org/cms-hpt.txt,206,2026-09-09T10:11:58.073Z,,https://app.box.com/public/static/aidlfax3cyzn902r713m3ofochu48bev.csv,404,https://public.boxcloud.com/d/1/b1!xNqCm0aHBQfPC5RIm2_BhthvTjVnT11J3ExU2vevMWdIvufpJO4Zkw1eWCDZsMR8uFwVYh-zdvglnSfSbWNOkvA2JWmisAOXyXviRfeG4VKbABeew-jZDmY3uIaaFfuYg8oteWl72KYO71hV9zLgJ_38NHmJwA7Xs7akgmfOlXkIm_2WSvK_MaU2fttiR2ESe7Ds4h4JWtes3aopEaSTzTfBLbVzAHXLw_F3svHwnmVK5tpl79mkxRaz7wS72tAKVlQXArMX7svU7Q2YsjSMfZD253PWxS-QDoN6xaq2PjYXTMtL4ZG7Yh04cZev52xk8T9u9IaEHSf6WrIelhYJ748OkFgEBTfw_mk1nUNYGm47s1DWGwbyDjIQMbGR1wHCCTbh-XNuhtkXy3jh2TIXNm2ZblUAZDhxhvMoHUbQo7dQp00g22Miye_tbSBKdBCtp5T2ImYiQHCVzseRIcijt8Vq5tUL7kI-Sy4ZYc8CiE1_wxjpLYAAgMOQXDJaIVZC8xoJ7Fv1lU_8SCoTvo_LissP9v9CYYIfCSVjdCBk4KRswLhUZeCJXXEWVvTr4OjSAl7q2OvHAjt9HAfbEbVrpJuCJYpNWk2-1oBZEioGnaCkB-TumbBMM0HVNmNgI6k3s6I1lHCX4usvrh1WFTQ7axN-ZE6obdDNv7lDyBqhyXt4bIQyr6mSrsZJozBm8F0LMjmIg5EgHegruKXhTasCYIHBuxixdbPMkOqEKmRAkmdbpZ0hcd_5fHUy2CQaHTF5a-ytAlswVL6N-Zn7QnxQsebu_tMIWjUvICmd7ri0rCIAnajj68Y42W5i5bSZeRxIj3WhDwvLtTQjNtwzPttRPYmEg6SVdraaonaWvK3ReZE2JaBgwN_wTvyIekRx9DWpolmWPxly37593AwnGl16qHWC8wXtqffF0J_9Ol8PE1wn9P50kBDl-3gpLp0pzSsMlAPrUNmsOsZx6A2JwS491XwXQOfY2fsSOnhFEag49Du1OqzLhvYqvie7FMlBSbkCJvlNNOjfzL69JOYkXe5D6_BKguAq9KPbNH5fwXa42Vf-dfZYje87FY2FpEEcDYuL6-LAOy56DIJBmFir6KSym5cvZ-Q8WfAh_Kryf_Iq0sSSDSg7PGkFZb6M6zMRDZsS31ndKkIIIIKQsa6il9dWEzSgmTO6BDtOEkqPATnMXFJ2nWXo01WIMlPoHqhAsl3hazPjtlywL9BrLh_3V27T-7ZEx5X42HVnOvWPt_yfZzsVNW4IK5MqzBpKs_DtlZ0F9zWnQB2q0rVBArfn_nxcnf45YSGrFIddKVPAITZWSjQFyO12ivHNSUpzdjuAVA2H0yprsOwHTGiXg8Kv5ZjGXikPKplSZdPmerNF4CpebHpXsuMDlB_8-XSsNEqJCvlmmxtngQHa6jlC8bDWWNrlaoTLwIfncOBgtkEgxk5BfA8DaxCRm09QeCaN2Ep9vRRpKPsUpUmzKr4Ok3oqAK124qT8e5P2diNrU-NDanorWWmmhm7iwzydK1f47qrHFiqKE6fPUISDixTRsWgYwEE9kDxIy5DNhmXZw4LMJPoui3_1TzVkZh7GGQsSG9N2vY9R00ZRpYwAbNYcgKb7dca2331AQZhU7XcgT0-1-Tw./download,corroborated,file-name-and-address,Greenbrier Valley Medical Center,Greenbrier Valley Medical Center,WV,2026-07-15,3.0.0,date-within-365-days-version-3,2026-09-09T10:47:54.251Z,656577bf66c3065222ccbd554364230331ab8fdee18d3db86da51cfefeb4adc4,5b383e0448606bcb19d16161e8319e10f6fa47a1cb1ef7344ccbbe90cb70ffb5,,The official pointer declares this file URL and it returns 404 on repeated checks; reproducible broken link.
510030,DAVIS MEDICAL CENTER,WV,file-access-review,publisher-issue,pointer-declared-file-404,Publisher inquiry to restore or replace the declared file; recheck after their update window,https://davishealthsystem.org/cms-hpt.txt,206,2026-09-09T10:11:58.368Z,,https://sthpiprd.blob.core.windows.net/machine-readable-files/8555/550375433_davis-memorial-hospital_standardcharges.csv,404,https://sthpiprd.blob.core.windows.net/machine-readable-files/8555/550375433_davis-medical-center_standardcharges.csv,corroborated,file-name-and-address,Davis Medical Center,Davis Medical Center|Davis Medical Center|Davis Medical Center|Davis Medical Center,WV,2026-07-30,3.0.0,date-within-365-days-version-3,2026-09-09T10:48:43.406Z,7f7926ab6452c61e8214d4c86ad7f9d2ab52680a2b81aa43818c6b75637c0117,22629a37dac5c748df05b8703a29699fabd8bd0ec0eae4fca2504ac435464d14,,The official pointer declares this file URL and it returns 404 on repeated checks; reproducible broken link.
510091,CAMC CHARLESTON SURGICAL HOSPITAL,WV,pointer-or-domain-review,publisher-issue,pointer-declared-file-404,Publisher inquiry to restore or replace the declared file; recheck after their update window,https://www.camc.org/cms-hpt.txt,206,2026-09-09T10:11:58.073Z,,https://www.camc.org/sites/default/files/CSH/550526191_Charleston-Surgical-Hospital%2C-LLC_standardcharges.csv,404,,,,,,,,,,2026-09-09T10:11:59.533Z,656577bf66c3065222ccbd554364230331ab8fdee18d3db86da51cfefeb4adc4,,,The official pointer declares this file URL and it returns 404 on repeated checks; reproducible broken link.
520002,"ASPIRUS STEVENS POINT HOSPITAL & CLINICS, INC.",WI,publisher-date-review,publisher-issue,declared-update-date-over-365-days,"Publisher inquiry with the recorded file URL, declared date and response hash; recheck after their update window",https://www.aspirus.org/cms-hpt.txt,200,2026-09-09T10:07:43.519Z,,https://www.aspirus.org/Uploads/Public/Documents/PriceEstimate/TransparencyFY26/390808443_aspirus-stevens-point-hospital_standardcharges.json,206,https://www.aspirus.org/Uploads/Public/Documents/PriceEstimate/TransparencyFY26/390808443_aspirus-stevens-point-hospital_standardcharges.json,corroborated,file-name-and-address,Aspirus Stevens Point Hospital,Aspirus Stevens Point Hospital,WI,2025-07-01,2.2.0,date-over-365-days,2026-09-09T10:12:01.254Z,26a95ee79434fbf692ebb03527aca944f9d0e63fde0b0254a07e7d8afc5ecc63,873276bd2035a960b5a2c008652f38e33bc729c791c8dc36b2dde19642c182b1,,Same declared date 2025-07-01 observed again after the earlier check (2026-09-09T02:25:05.583Z).
520019,ASPIRUS RHINELANDER HOSPITAL,WI,publisher-date-review,publisher-issue,declared-update-date-over-365-days,"Publisher inquiry with the recorded file URL, declared date and response hash; recheck after their update window",https://www.aspirus.org/cms-hpt.txt,200,2026-09-09T10:07:43.519Z,,https://www.aspirus.org/Uploads/Public/Documents/PriceEstimate/TransparencyFY26/391390638_aspirus-rhinelander-hospital_standardcharges.json,206,https://www.aspirus.org/Uploads/Public/Documents/PriceEstimate/TransparencyFY26/391390638_aspirus-rhinelander-hospital_standardcharges.json,corroborated,file-name-and-address,Aspirus Rhinelander Hospital,Aspirus Rhinelander Hospital,WI,2025-07-01,2.2.0,date-over-365-days,2026-09-09T10:12:15.167Z,26a95ee79434fbf692ebb03527aca944f9d0e63fde0b0254a07e7d8afc5ecc63,052f88d11322de82891e00ac556138c7687b6519b27f389c6f4340df0404cb01,,Same declared date 2025-07-01 observed again after the earlier check (2026-09-09T02:25:17.621Z).
520030,ASPIRUS WAUSAU HOSPITAL,WI,publisher-date-review,publisher-issue,declared-update-date-over-365-days,"Publisher inquiry with the recorded file URL, declared date and response hash; recheck after their update window",https://www.aspirus.org/cms-hpt.txt,200,2026-09-09T10:07:43.519Z,,https://www.aspirus.org/Uploads/Public/Documents/PriceEstimate/TransparencyFY26/391138241_aspirus-wausau-hospital_standardcharges.json,206,https://www.aspirus.org/Uploads/Public/Documents/PriceEstimate/TransparencyFY26/391138241_aspirus-wausau-hospital_standardcharges.json,corroborated,file-name-and-address,Aspirus Wausau Hospital,Aspirus Wausau Hospital,WI,2025-07-01,2.2.0,date-over-365-days,2026-09-09T10:12:21.400Z,26a95ee79434fbf692ebb03527aca944f9d0e63fde0b0254a07e7d8afc5ecc63,ae7921c7001f3fca6dd75971fce1d3cdbec0fa49724b3f4eb4eebc1a585e0330,,Same declared date 2025-07-01 observed again after the earlier check (2026-09-09T02:26:08.972Z).
520041,ASPIRUS DIVINE SAVIOR HOSPITAL,WI,publisher-date-review,publisher-issue,declared-update-date-over-365-days,"Publisher inquiry with the recorded file URL, declared date and response hash; recheck after their update window",https://www.aspirus.org/cms-hpt.txt,200,2026-09-09T10:07:43.519Z,,https://www.aspirus.org/Uploads/Public/Documents/PriceEstimate/TransparencyFY26/390806250_aspirus-divine-savior-hospital_standardcharges.json,206,https://www.aspirus.org/Uploads/Public/Documents/PriceEstimate/TransparencyFY26/390806250_aspirus-divine-savior-hospital_standardcharges.json,corroborated,file-name-and-address,Aspirus Divine Savior Hospital,Aspirus Divine Savior Hospital,WI,2025-07-01,2.2.0,date-over-365-days,2026-09-09T10:12:34.067Z,26a95ee79434fbf692ebb03527aca944f9d0e63fde0b0254a07e7d8afc5ecc63,7ad82f9492019514a14955d880d257beb5476a29cd41c8c80960f22048fa84ce,,Same declared date 2025-07-01 observed again after the earlier check (2026-09-09T01:51:14.215Z).
520091,HOWARD YOUNG MEDICAL CENTER,WI,publisher-date-review,publisher-issue,declared-update-date-over-365-days,"Publisher inquiry with the recorded file URL, declared date and response hash; recheck after their update window",https://www.aspirus.org/cms-hpt.txt,200,2026-09-09T10:07:43.519Z,,https://www.aspirus.org/Uploads/Public/Documents/PriceEstimate/TransparencyFY26/390873606_howard-young-medical-center_standardcharges.json,206,https://www.aspirus.org/Uploads/Public/Documents/PriceEstimate/TransparencyFY26/390873606_howard-young-medical-center_standardcharges.json,corroborated,file-name-and-address,Howard Young Medical Center,Howard Young Medical Center,WI,2025-07-01,2.2.0,date-over-365-days,2026-09-09T10:12:35.130Z,26a95ee79434fbf692ebb03527aca944f9d0e63fde0b0254a07e7d8afc5ecc63,e533676d7b6043dfb5b740cd23b6c1c0295b3b8a328aa8cea359387ab61daa16,,Same declared date 2025-07-01 observed again after the earlier check (2026-09-09T01:51:59.618Z).
521300,ASPIRUS EAGLE RIVER HOSPITAL,WI,publisher-date-review,publisher-issue,declared-update-date-over-365-days,"Publisher inquiry with the recorded file URL, declared date and response hash; recheck after their update window",https://www.aspirus.org/cms-hpt.txt,200,2026-09-09T10:07:43.519Z,,https://www.aspirus.org/Uploads/Public/Documents/PriceEstimate/TransparencyFY26/390985690_aspirus-eagle-river-hospital_standardcharges.json,206,https://www.aspirus.org/Uploads/Public/Documents/PriceEstimate/TransparencyFY26/390985690_aspirus-eagle-river-hospital_standardcharges.json,corroborated,file-name-and-address,Aspirus Eagle River Hospital,Aspirus Eagle River Hospital,WI,2025-07-01,2.2.0,date-over-365-days,2026-09-09T10:12:41.156Z,26a95ee79434fbf692ebb03527aca944f9d0e63fde0b0254a07e7d8afc5ecc63,f6950f33b063005fd41804f2312ff4e56bdbd9e3cb9a64e4d6fcab5efc416308,,Same declared date 2025-07-01 observed again after the earlier check (2026-09-09T01:51:14.413Z).
521311,ASPIRUS STANLEY HOSPITAL,WI,file-access-review,publisher-issue,declared-update-date-over-365-days,"Publisher inquiry with the recorded file URL, declared date and response hash; recheck after their update window",https://www.aspirus.org/cms-hpt.txt,200,2026-09-09T10:07:43.519Z,,https://www.aspirus.org/Uploads/Public/Documents/PriceEstimate/TransparencyFY26/390807065_aspirus-stanley-hospital_standardcharges.json,206,https://www.aspirus.org/Uploads/Public/Documents/PriceEstimate/TransparencyFY26/390807065_aspirus-stanley-hospital_standardcharges.json,corroborated,file-name-and-address,Aspirus Stanley Hospital,Aspirus Stanley Hospital,WI,2025-07-01,2.2.0,date-over-365-days,2026-09-09T10:12:56.310Z,26a95ee79434fbf692ebb03527aca944f9d0e63fde0b0254a07e7d8afc5ecc63,2f59a15acc11004c1c943c19d972b02039f8825c3b1ce06218fc8289757790ff,,Same declared date 2025-07-01 observed again after the earlier check (2026-09-09T02:25:18.564Z).
521313,ASPIRUS TOMAHAWK HOSPITAL,WI,publisher-date-review,publisher-issue,declared-update-date-over-365-days,"Publisher inquiry with the recorded file URL, declared date and response hash; recheck after their update window",https://www.aspirus.org/cms-hpt.txt,200,2026-09-09T10:07:43.519Z,,https://www.aspirus.org/Uploads/Public/Documents/PriceEstimate/TransparencyFY26/391390638_aspirus-tomahawk-hospital_standardcharges.json,206,https://www.aspirus.org/Uploads/Public/Documents/PriceEstimate/TransparencyFY26/391390638_aspirus-tomahawk-hospital_standardcharges.json,corroborated,file-name-and-address,Aspirus Tomahawk Hospital,Aspirus Tomahawk Hospital,WI,2025-07-01,2.2.0,date-over-365-days,2026-09-09T10:12:57.143Z,26a95ee79434fbf692ebb03527aca944f9d0e63fde0b0254a07e7d8afc5ecc63,64bc904b95946ef68165e8d1c9b7eda38b5b48b1584e491890c316ab73426c2c,,Same declared date 2025-07-01 observed again after the earlier check (2026-09-09T02:26:08.370Z).
521324,"ASPIRUS MEDFORD HOSPITAL & CLINICS, INC",WI,identity-or-format-review,publisher-issue,declared-update-date-over-365-days,"Publisher inquiry with the recorded file URL, declared date and response hash; recheck after their update window",https://www.aspirus.org/cms-hpt.txt,200,2026-09-09T10:07:43.519Z,,https://www.aspirus.org/Uploads/Public/Documents/PriceEstimate/TransparencyFY26/390964813_aspirus-medford-hospital-_standardcharges.json,206,https://www.aspirus.org/Uploads/Public/Documents/PriceEstimate/TransparencyFY26/390964813_aspirus-medford-hospital-_standardcharges.json,corroborated-adjudicated,renamed-facility-pointer-label-and-roster-address,Aspirus Medford Hospital ,Aspirus Medford Hospital ,WI,2025-07-01,2.2.0,date-over-365-days,2026-09-09T10:13:03.264Z,26a95ee79434fbf692ebb03527aca944f9d0e63fde0b0254a07e7d8afc5ecc63,1db6706516d45ce5e83e40083ecdb7f8bb2137fe2a39b4d454f6be6b70b1f6aa,renamed-facility-pointer-label-and-roster-address,Same declared date 2025-07-01 observed again after the earlier check (2026-09-09T02:25:30.496Z).
521331,BURNETT MEDICAL CENTER,WI,publisher-date-review,publisher-issue,declared-update-date-over-365-days,"Publisher inquiry with the recorded file URL, declared date and response hash; recheck after their update window",https://www.burnettmedicalcenter.com/cms-hpt.txt,206,2026-09-09T10:11:58.823Z,,https://www.burnettmedicalcenter.com/wp-content/uploads/2025/03/390938661_BurnettMedicalCenter_standardcharges.csv,206,https://www.burnettmedicalcenter.com/wp-content/uploads/2025/03/390938661_BurnettMedicalCenter_standardcharges.csv,corroborated,file-name-and-address,Burnett Medical Center,Grantsburg,WI,2024-07-01,2.0.0,date-over-365-days,2026-09-09T10:12:00.383Z,4212f2d8e5591586aaebda2d4d90cb7180bb72e69ae5960c2fefec98bff7fa44,659de0009e5f13f0a0fd9fc8126c2df386b37380b19d8b6f087f37cdbe22ccdd,,Same declared date 2024-07-01 observed again after the earlier check (2026-09-09T01:51:14.710Z).
521335,HUDSON HOSPITAL,WI,identity-or-format-review,publisher-issue,file-declares-conflicting-license-state,Publisher inquiry: ask the facility to correct the license_state field in the file header; recheck on their update,https://www.healthpartners.com/cms-hpt.txt,206,2026-09-09T10:07:51.894Z,,https://www.healthpartners.com/content/dam/brand-identity/pdfs/care/390804125_hudsonhospital_standardcharges.csv,206,https://www.healthpartners.com/content/dam/brand-identity/pdfs/care/390804125_hudsonhospital_standardcharges.csv,license-state-conflict,exact-name-and-address-with-conflicting-license-state,Hudson Hospital,Hudson Hospital,MN,2026-03-31,3.0.0,,2026-09-09T10:38:30.948Z,00bfadc0bc8d01fc00c894a60271a5f34b23db06fdaee6fe750801714d4c32a4,5685ab2483fed07e209461b2bb0a3309db12c51772fff3c212df0f37cb23d087,,File header declares license state MN while the roster state is WI; the name and address match the roster exactly and the official pointer lists the file.
521339,ASPIRUS MERRILL HOSPITAL,WI,publisher-date-review,publisher-issue,declared-update-date-over-365-days,"Publisher inquiry with the recorded file URL, declared date and response hash; recheck after their update window",https://www.aspirus.org/cms-hpt.txt,200,2026-09-09T10:07:43.519Z,,https://www.aspirus.org/Uploads/Public/Documents/PriceEstimate/TransparencyFY26/390808503_aspirus-merrill-hospital_standardcharges.json,206,https://www.aspirus.org/Uploads/Public/Documents/PriceEstimate/TransparencyFY26/390808503_aspirus-merrill-hospital_standardcharges.json,corroborated,file-name-and-address,Aspirus Merrill Hospital,Aspirus Merrill Hospital,WI,2025-07-01,2.2.0,date-over-365-days,2026-09-09T10:13:10.043Z,26a95ee79434fbf692ebb03527aca944f9d0e63fde0b0254a07e7d8afc5ecc63,81ac2c609d048c81c51ac5db1273d1d3ecacda6614cd97240f0bfeaa0022c5de,,Same declared date 2025-07-01 observed again after the earlier check (2026-09-09T01:51:14.604Z).
521350,LANGLADE HOSPITAL,WI,identity-or-format-review,publisher-issue,declared-update-date-over-365-days,"Publisher inquiry with the recorded file URL, declared date and response hash; recheck after their update window",https://www.aspirus.org/cms-hpt.txt,200,2026-09-09T10:07:43.519Z,,https://www.aspirus.org/Uploads/Public/Documents/PriceEstimate/TransparencyFY26/390806429_aspirus-langlade-hospital_standardcharges.json,206,https://www.aspirus.org/Uploads/Public/Documents/PriceEstimate/TransparencyFY26/390806429_aspirus-langlade-hospital_standardcharges.json,corroborated-adjudicated,renamed-facility-pointer-label-and-roster-address,Aspirus Langlade Hospital,Aspirus Langlade Hospital,WI,2025-07-01,2.2.0,date-over-365-days,2026-09-09T10:13:25.690Z,26a95ee79434fbf692ebb03527aca944f9d0e63fde0b0254a07e7d8afc5ecc63,cc34511377a0bb17eb488dc2a1400241a325a71ff835e5222cef228b40d98747,renamed-facility-pointer-label-and-roster-address,Same declared date 2025-07-01 observed again after the earlier check (2026-09-09T02:25:18.564Z).
524019,NORWOOD HEALTH CENTER,WI,file-access-review,publisher-issue,template-version-unrecognized,Publisher inquiry: confirm which CMS data dictionary version the file implements; recheck on their reply,https://woodcountywi.gov/cms-hpt.txt,206,2026-09-09T10:11:59.974Z,,https://www.woodcountywi.gov/Departments/Norwood/Doc/39-6005763_Norwood-Health-Center_standardcharges.csv,206,https://www.woodcountywi.gov/Departments/Norwood/Doc/39-6005763_Norwood-Health-Center_standardcharges.csv,corroborated,file-name-and-address,Norwood Health Center,Wood County Annex & Health Center,WI,2026-04-01,4.0.0,date-within-365-days-version-unverified,2026-09-09T10:12:00.255Z,04f947d8ac86d0acfb5d0e9263c9f60352624930f4c5cbc4f0d74212121292bd,41b308e36fd05024211199d3109bec5957d06cc48a9d1208e5abab954c927efb,,Declared template version 4.0.0 is not a recognized CMS data dictionary version; facility identity and the 2026-04-01 update date are corroborated.
670321,ADVANCED DALLAS HOSPITALS AND CLINICS,TX,publisher-date-review,publisher-issue,declared-update-date-over-365-days,"Publisher inquiry with the recorded file URL, declared date and response hash; recheck after their update window",https://adhealthcare.com/cms-hpt.txt,206,2026-09-09T10:12:13.308Z,,https://hospitalpricetransparencyfiles.com/advanced-dallas-hospital-and-clinics/852671865_Advanced-Dallas-Hospital-and-Clinics-LLC_standardcharges.csv,206,https://hospitalpricetransparencyfiles.com/advanced-dallas-hospital-and-clinics/852671865_Advanced-Dallas-Hospital-and-Clinics-LLC_standardcharges.csv,corroborated,file-name-and-address,Advanced Dallas Hospital and Clinics LLC,Advanced Dallas Hospital and Clinics,TX,2025-07-20,3.0.0,date-over-365-days,2026-09-09T10:12:13.917Z,5c0ac782256d4033b83735f8b90fdeb32d7c7d60c3f760fd45bcc5c506aa4d97,47ef80d64a3581db67473f8fa31fdcce5997013cbec52cc172194722c184d943,,Same declared date 2025-07-20 observed again after the earlier check (2026-09-09T01:50:32.575Z).
670336,BANDERA FAMILY HOSPITAL,TX,publisher-date-review,publisher-issue,declared-update-date-over-365-days,"Publisher inquiry with the recorded file URL, declared date and response hash; recheck after their update window",https://fhsmc.com/price-transparency/cms-hpt-txt/?tmstv=1773081269,200,2026-09-09T10:12:13.601Z,,https://fhsmc.com/price-transparency/920323729_bandera-family-hospital_standardcharges.csv,200,https://fhsmc.com/price-transparency/920323729_bandera-family-hospital_standardcharges.csv,corroborated,file-name-and-address,Bandera Family Hospital,Bandera Family Hospital,TX,2025-08-29,2.0.0,date-over-365-days,2026-09-09T10:12:14.582Z,20107a2dc163a78a2bc804b684d769909ff8a3b1e435cc573d6652317de98734,ec20a6e75409fa621bb14d588d06603fbcbce34bfd8cf39f96c35269275c86b1,,Same declared date 2025-08-29 observed again after the earlier check (2026-09-09T01:50:33.132Z).
