ccn,hospital_name,state,previous_status,disposition,issue,next_step,pointer_url,pointer_status,pointer_checked_at,pointer_declared_url,mrf_url,mrf_status,mrf_final_url,identity,identity_basis,header_name,header_location,header_state,date,version,metadata,file_checked_at,pointer_sha256,file_sha256,adjudicated,note
010007,MIZELL MEMORIAL HOSPITAL,AL,metadata-or-pointer-review,unresolved,,Browser download attempt on the recorded file URL; a failed automated request is not evidence the file is absent,https://mizellmh.com/cms-hpt.txt,"curl: (28) Resolving timed out after 8000 milliseconds
",2026-09-09T10:37:12.083Z,,,,,,,,,,,,,,,,,All recorded file leads failed at transport level again this run (reproducible connection failure).
010012,DEKALB REGIONAL MEDICAL CENTER,AL,pointer-or-domain-review,unresolved,,Browser download attempt on the recorded file URL; a failed automated request is not evidence the file is absent,https://dekalbregional.com/cms-hpt.txt,206,2026-09-09T10:06:32.663Z,,,,,,,,,,,,,,c7530acbdf1ba9d9ad435d77bc2a06fd501e0fcfc40eb43285c8ef52d44c8298,,,All recorded file leads failed at transport level again this run (reproducible connection failure).
010019,HELEN KELLER HOSPITAL,AL,pointer-or-domain-review,unresolved,,Official-domain discovery: confirm the roster facility controls a domain exposing cms-hpt.txt before assigning it,https://helenkeller.com/cms-hpt.txt,"curl: (28) Resolving timed out after 8013 milliseconds
",2026-09-09T11:41:14.181Z,,,,,,,,,,,,,,,,,
010023,BAPTIST MEDICAL CENTER SOUTH,AL,identity-quarantined,unresolved,,Facility identity adjudication against the roster before any pointer or file work,https://www.baptistjax.com/cms-hpt.txt,206,2026-09-09T10:06:44.194Z,,https://baptistjacksonville.pt.panaceainc.com/MRFDownload/baptistjacksonville/baptistsouth,200,https://mrf.panaceainc.com/Download.aspx?org=baptistjacksonville&loc=baptistsouth&ref=,mrf-header-does-not-match-unresolved-roster,,"Southern Baptist Hospital of Florida, INC",Baptist Medical Center South,FL,2026-02-06,3.0.0,date-within-365-days-version-3,2026-09-09T10:06:46.574Z,f93cbf3196c50cd50db7023669783b2758ec59a99517abeb54f8e942c07a68c1,31d948a77e84980d1759402203ddd253b9cdb6e4282898c165ffe40f09d15ac7,,
010034,COMMUNITY HOSPITAL INC,AL,pointer-or-domain-review,unresolved,,Browser download attempt on the recorded file URL; a failed automated request is not evidence the file is absent,,,,,,,,,,,,,,,,,,,,
010036,ANDALUSIA HEALTH,AL,pointer-or-domain-review,unresolved,,Official-domain discovery: confirm the roster facility controls a domain exposing cms-hpt.txt before assigning it,https://andalusiahealth.com/cms-hpt.txt,406,2026-09-09T11:40:09.411Z,,,,,,,,,,,,,,,,,
010045,FAYETTE MEDICAL CENTER,AL,pointer-or-domain-review,unresolved,,"Compare the parsed header against facility aliases, renames and campus entries; extend the capped read only if metadata may sit beyond it",https://dchsystem.com/cms-hpt.txt,"curl: (28) Operation timed out after 11793 milliseconds with 0 bytes received
",2026-09-09T10:37:15.933Z,,https://dch.pt.panaceainc.com/MRFDownload/dch/fayette,200,https://mrf.panaceainc.com/Download.aspx?org=dch&loc=fayette&ref=,mrf-header-name-without-location,,Fayette Medical Center,Fayette Medical Center,AL,2026-03-26,3.0.0,date-within-365-days-version-3,2026-09-09T10:06:47.273Z,,32ef049a1fc5fae10a0c356f8e28adcae93123a663f4e6a7e10f9f8c80b56b22,,
010061,HIGHLANDS MEDICAL CENTER,AL,pointer-or-domain-review,unresolved,,Official-domain discovery: confirm the roster facility controls a domain exposing cms-hpt.txt before assigning it,https://highlandsmedcenter.com/cms-hpt.txt,"curl: (28) Resolving timed out after 8012 milliseconds
",2026-09-09T11:40:17.229Z,,,,,,,,,,,,,,,,,
010065,RUSSELL MEDICAL CENTER,AL,metadata-or-pointer-review,publisher-issue,declared-update-date-over-365-days,"Publisher inquiry with the recorded file URL, declared date and response hash; recheck after their update window",,,,,https://rm.121cms.com/wp-content/uploads/630385130_russell-medical-center__standardcharges-1-1.csv,206,https://rm.121cms.com/wp-content/uploads/630385130_russell-medical-center__standardcharges-1-1.csv,corroborated,file-name-and-address,Russell Medical Center,Russell Medical Center,AL,2025-06-15,2.0.0,date-over-365-days,2026-09-09T11:27:59.220Z,,bd70f4ef20ddc1c48860505ac8c2c987376954cedb2211a8ab289de8eb6762f2,,Same declared date 2025-06-15 observed again after the earlier check (2026-09-09T02:25:17.220Z).
010073,CLAY COUNTY HOSPITAL,AL,identity-or-format-review,unresolved,,Browser download attempt on the recorded file URL; a failed automated request is not evidence the file is absent,https://www.claycountyhospital.com/cms-hpt.txt,"curl: (28) Resolving timed out after 8010 milliseconds
",2026-09-09T10:37:12.249Z,,,,,,,,,,,,,,,,,All recorded file leads failed at transport level again this run (reproducible connection failure).
010079,ATHENS LIMESTONE HOSPITAL,AL,pointer-or-domain-review,unresolved,,Official-domain discovery: confirm the roster facility controls a domain exposing cms-hpt.txt before assigning it,https://athenslimestonehospital.com/cms-hpt.txt,"curl: (28) Resolving timed out after 8013 milliseconds
",2026-09-09T11:41:14.837Z,,,,,,,,,,,,,,,,,
010083,BALDWIN HEALTH,AL,pointer-or-domain-review,unresolved,,Official-domain discovery: confirm the roster facility controls a domain exposing cms-hpt.txt before assigning it,https://infirmaryhealth.org/cms-hpt.txt,"curl: (28) Operation timed out after 11746 milliseconds with 0 bytes received
",2026-09-09T11:40:21.059Z,,https://www.infirmaryhealth.org/documents/price%20transparency%20files/203713023_Infirmary-Long-Term-Acute-Care-Hospital_standardcharges(1).csv,206,https://www.infirmaryhealth.org/documents/price%20transparency%20files/203713023_Infirmary-Long-Term-Acute-Care-Hospital_standardcharges(1).csv,mrf-header-does-not-match-unresolved-roster,,Infirmary Health Long Term Acute Care,Infirmary Health Long Term Acute Care,AL,2026-08-28,3.0.0,date-within-365-days-version-3,2026-09-09T12:40:26.672Z,,49cac98a3ebcec7387fba28b4eba0cbcbe5d88839fac63e370585eb3c5f55b93,,
010085,DECATUR MORGAN HOSPITAL - DECATUR CAMPUS,AL,pointer-or-domain-review,unresolved,,Official-domain discovery: confirm the roster facility controls a domain exposing cms-hpt.txt before assigning it,https://decaturmorganhospital.net/cms-hpt.txt,"curl: (28) Resolving timed out after 8009 milliseconds
",2026-09-09T11:41:15.227Z,,,,,,,,,,,,,,,,,
010099,D W MCMILLAN MEMORIAL HOSPITAL,AL,publisher-date-review,unresolved,,Browser download attempt on the recorded file URL; a failed automated request is not evidence the file is absent,https://dwmmh.org/cms-hpt.txt,"curl: (28) Resolving timed out after 8009 milliseconds
",2026-09-09T10:37:12.267Z,,,,,,,,,,,,,,,,,All recorded file leads failed at transport level again this run (reproducible connection failure).
010112,WHITFIELD REGIONAL HOSPITAL,AL,pointer-or-domain-review,unresolved,,"Compare the parsed header against facility aliases, renames and campus entries; extend the capped read only if metadata may sit beyond it",,,,,https://whitfield.pt.panaceainc.com/MRFDownload/whitfield/whitfield,200,https://mrf.panaceainc.com/Download.aspx?org=whitfield&loc=whitfield&ref=,corroborated,file-name-and-address,TOMBIGBEE HEALTHCARE AUTHORITY,Whitfield Regional Hospital | Fitz-Gerald Clinic | Linden Clinic,AL,2026-04-01,3.0.0,date-within-365-days-version-3,2026-09-09T10:37:05.996Z,,bb2d0dd5268bf4e8b0738aa889ef82a45199afd745899e1e3fa5d77b63530aeb,,
010118,VAUGHAN REGIONAL MEDICAL CENTER PARKWAY CAMPUS,AL,pointer-or-domain-review,unresolved,,Official-domain discovery: confirm the roster facility controls a domain exposing cms-hpt.txt before assigning it,https://vaughanregional.com/cms-hpt.txt,406,2026-09-09T11:40:14.740Z,,,,,,,,,,,,,,,,,
010126,TROY REGIONAL MEDICAL CENTER,AL,metadata-or-pointer-review,unresolved,,"Compare the parsed header against facility aliases, renames and campus entries; extend the capped read only if metadata may sit beyond it",https://troymedicalcenter.com/cms-hpt.txt,206,2026-09-09T10:37:04.545Z,,https://troymedicalcenter.com/wp-content/uploads/2026/03/271534178_Troy-Regional-Medical-Center_standardcharges.csv,206,https://troymedicalcenter.com/wp-content/uploads/2026/03/271534178_Troy-Regional-Medical-Center_standardcharges.csv,corroborated,file-name-and-address,Troy Regional Medical Center,Troy Regional Medical Center,AL,2025-12-31,3.0.0,date-within-365-days-version-3,2026-09-09T10:37:15.585Z,444932a2a339909ec8620cc1272e21fc965c7aa8711541a64e53f44a5f452d99,39352650544fe0eaddab10e928cf3358e278cb0d0b09870229dfc2b46aa52cdd,,
010131,CRESTWOOD MEDICAL CENTER,AL,pointer-or-domain-review,unresolved,,Official-domain discovery: confirm the roster facility controls a domain exposing cms-hpt.txt before assigning it,https://crestwoodmedcenter.com/cms-hpt.txt,"curl: (28) Resolving timed out after 8012 milliseconds
",2026-09-09T11:40:27.028Z,,,,,,,,,,,,,,,,,
010148,EVERGREEN MEDICAL CENTER,AL,pointer-or-domain-review,publisher-issue,declared-update-date-over-365-days,"Publisher inquiry with the recorded file URL, declared date and response hash; recheck after their update window",https://www.evergreenmedical.org/cms-hpt.txt,200,2026-09-09T10:37:04.835Z,,https://irp.cdn-website.com/1a9867e2/files/uploaded/208057151_evergreenmedicalcenter_standardcharges-8969ef83.csv,206,https://irp.cdn-website.com/1a9867e2/files/uploaded/208057151_evergreenmedicalcenter_standardcharges-8969ef83.csv,corroborated,file-name-and-address,Evergreen Medical Center,Evergreen Medical Center,AL,2025-08-07,2.0.0,date-over-365-days,2026-09-09T16:08:59.999Z,b135a2161192edf3fb79aa4ed0c8fdbab5137c202a78887a0cd081289bc8f5f8,0cac46895c4ace88ac3208e511c6261e2e88159794f3e8b7e888a0dd824a19fe,,Declared date over 365 days at check time.
010150,THE HEALTH CARE AUTHORITY OF THE CITY OF GREENVILLE- LV STABLER HOSPITAL,AL,pointer-or-domain-review,unresolved,,"Compare the parsed header against facility aliases, renames and campus entries; extend the capped read only if metadata may sit beyond it",https://www.rmcca.com/cms-hpt.txt,"curl: (28) Operation timed out after 12012 milliseconds with 0 bytes received
",2026-09-09T10:37:28.821Z,,https://www.rmcca.com/Uploads/Public/Documents/822445000_the-health-care-authority-of-city-of-greenville---lv-stabler_standardcharges.csv,206,https://www.rmcca.com/Uploads/Public/Documents/822445000_the-health-care-authority-of-city-of-greenville---lv-stabler_standardcharges.csv,mrf-header-name-without-location,,The Health Care Authority Of The City Of Greenville - LV Sta,Regional Medical Center of Central Alabama,AL,2025-08-22,2.0.0,date-over-365-days,2026-09-09T10:06:34.284Z,,4e05e8fa94ca3bc6551555b0006c164e81efefd34be8a5c0045946189cdf0c7a,,
010168,JACK HUGHSTON MEMORIAL HOSPITAL,AL,identity-or-format-review,publisher-issue,pointer-declared-file-404,Publisher inquiry to restore or replace the declared file; recheck after their update window,https://al.hughston.com/cms-hpt.txt,206,2026-09-09T10:37:14.918Z,,https://al.hughston.com/wp-content/uploads/sites/8/2024/02/331058243_jack-hughston-memorial-hospital_standardcharges.json,404,,,,,,,,,,2026-09-09T10:06:32.689Z,936c4bfd9a48cfb9ceb22db0232df2b72e2d64f3e2d78a498acff9dd5c3b8eba,,,The official pointer declares this file URL and it returns 404 on repeated checks; reproducible broken link.
010169,ATMORE COMMUNITY HOSPITAL,AL,publisher-date-review,unresolved,,Browser download attempt on the recorded file URL; a failed automated request is not evidence the file is absent,https://atmorehealth.org/cms-hpt.txt,"curl: (28) Resolving timed out after 8010 milliseconds
",2026-09-09T10:37:32.181Z,,,,,,,,,,,,,,,,,All recorded file leads failed at transport level again this run (reproducible connection failure).
011302,RED BAY HOSPITAL,AL,pointer-or-domain-review,unresolved,,"Compare the parsed header against facility aliases, renames and campus entries; extend the capped read only if metadata may sit beyond it",https://healthy.kaiserpermanente.org/cms-hpt.txt,206,2026-09-09T10:37:15.974Z,,https://healthy.kaiserpermanente.org/content/dam/kporg/final/documents/health-plan-documents/coverage-information/machine-readable/941105628-south-bay-medical-center-standard-charges-scal-en.csv,206,https://healthy.kaiserpermanente.org/content/dam/kporg/final/documents/health-plan-documents/coverage-information/machine-readable/941105628-south-bay-medical-center-standard-charges-scal-en.csv,mrf-header-name-without-location,,KAISER FOUNDATION HOSPITAL - SOUTH BAY,SOUTH BAY MEDICAL CENTER ,CA,2026-04-01,3.0.1,date-within-365-days-version-3,2026-09-09T10:06:47.390Z,20b21852c655782bc52846ecf107d6016be730c415782f281079763e145eb5b8,14bb89b569c1468977a190cd27d8205831f79eb3d8c5be3b2563a9df73ce006a,,
011304,OCHSNER CHOCTAW GENERAL,AL,identity-or-format-review,unresolved,,"Compare the parsed header against facility aliases, renames and campus entries; extend the capped read only if metadata may sit beyond it",https://www.ochsner.org/cms-hpt.txt,206,2026-09-09T11:36:46.164Z,,https://ochsner-craft.s3.amazonaws.com/core/640655993_rush-hospitalbutler-inc._standardcharges.csv_2026-03-26-185915_vatb.csv,206,https://ochsner-craft.s3.amazonaws.com/core/640655993_rush-hospitalbutler-inc._standardcharges.csv_2026-03-26-185915_vatb.csv,mrf-header-does-not-match-unresolved-roster,,"Rush Hospital/Butler, Inc.",Ochsner Choctaw General Hospital,LA,2026-04-01,3.0.0,date-within-365-days-version-3,2026-09-09T10:06:46.543Z,15fe42c1275ca42c1611e524231948f78cf03843eacc03759c1a500459d65477,f773b55bcf88ca0d132af70af7d642f2330d2fe4a590c44f32d6d73ff1bc83f2,,
011308,CRENSHAW COMMUNITY HOSPITAL,AL,metadata-or-pointer-review,publisher-issue,template-version-older-than-3,Publisher inquiry about the declared template version; recheck after their update window,https://crenshawcommunityhospital.com/wp-content/uploads/2025/11/cms-hpt.txt,206,2026-09-09T10:37:16.188Z,,https://crenshawcommunityhospital.com/wp-content/uploads/2025/10/000817582_crenshaw-community-hospital_standardcharges-2.csv,206,https://crenshawcommunityhospital.com/wp-content/uploads/2025/10/000817582_crenshaw-community-hospital_standardcharges-2.csv,corroborated,file-name-and-address,Crenshaw County Health Care Authority,Crenshaw Community Hospital,AL,2025-10-13,2.0.0,date-within-365-days-older-version,2026-09-09T10:07:02.341Z,dbf519d804660181484db4984da481bae0dd67daee289df1f2bede92ae5d2e3d,d47780b91e7d429f0af10d59abe0e649c37612991a3b21da2552440dcf3e9a06,,Declared version 2.0.0 with a current date; publisher has not adopted the current CMS dictionary.
011311,LAKELAND COMMUNITY HOSPITAL,AL,pointer-or-domain-review,unresolved,,Official-domain discovery: confirm the roster facility controls a domain exposing cms-hpt.txt before assigning it,https://lakelandcommunityhospital.com/cms-hpt.txt,"curl: (28) Resolving timed out after 8000 milliseconds
",2026-09-09T11:40:33.730Z,,,,,,,,,,,,,,,,,
014000,HILL CREST BEHAVIORAL HEALTH SERVICES,AL,pointer-or-domain-review,unresolved,,Official-domain discovery: confirm the roster facility controls a domain exposing cms-hpt.txt before assigning it,https://hillcrestbhs.com/cms-hpt.txt,"curl: (28) Operation timed out after 10497 milliseconds with 0 bytes received
",2026-09-09T11:41:18.237Z,,,,,,,,,,,,,,,,,
014006,MOUNTAIN VIEW HOSPITAL,AL,identity-or-format-review,unresolved,,"Compare the parsed header against facility aliases, renames and campus entries; extend the capped read only if metadata may sit beyond it",https://www.mtnviewhospital.com/cms-hpt.txt,206,2026-09-09T10:37:16.650Z,,https://www.mtnviewhospital.com/transparency/631050236_mountain-view-hospital_standardcharges.csv,206,https://www.mtnviewhospital.com/transparency/631050236_mountain-view-hospital_standardcharges.csv,mrf-header-does-not-match-unresolved-roster,,MountainView Hospital,MountainView Hospital,AL,2024-12-04,2.0.0,date-over-365-days,2026-09-09T10:37:16.110Z,e687184df799271a558b814f2e4473394f49077d7fa0777daac5ff4d545ec613,c3ff89002f2e6fef28f56980c3e36256fba77243034b2bd8a03294f11e39f903,,
014015,BEACON CHILDREN'S HOSPITAL,AL,identity-or-format-review,unresolved,,"Compare the parsed header against facility aliases, renames and campus entries; extend the capped read only if metadata may sit beyond it",https://www.perimeterhealthcare.com/cms-hpt.txt,206,2026-09-09T10:37:17.094Z,,https://www.perimeterhealthcare.com/beacon/201643917_Professional-Resources-Management-Psychiatric-Services_standardcharges.csv,206,https://www.perimeterhealthcare.com/beacon/201643917_Professional-Resources-Management-Psychiatric-Services_standardcharges.csv,mrf-header-does-not-match-unresolved-roster,,"Professional Resources Management Psychiatric Services, LLC",Luverne AL,AL,2025-11-20,2.0.0,date-within-365-days-older-version,2026-09-09T10:37:16.745Z,ee339fa3be5664792d2aae80ab360711cdb1f4556df0c5511401e28ce42f2656,034ff2a3b02e7c684544b3d5527baab707ef8d25506051804e3323363d934888,,
021305,SEARHC WRANGELL MEDICAL CENTER & LTC,AK,pointer-or-domain-review,unresolved,,Official-domain discovery: confirm the roster facility controls a domain exposing cms-hpt.txt before assigning it,https://searhc.org/cms-hpt.txt,"curl: (28) Resolving timed out after 8006 milliseconds
",2026-09-09T11:40:34.843Z,,,,,,,,,,,,,,,,,
021310,MANIILAQ HEALTH CENTER,AK,identity-or-format-review,unresolved,,"Compare the parsed header against facility aliases, renames and campus entries; extend the capped read only if metadata may sit beyond it",https://maniilaq.mdsave.com/cms-hpt.txt,206,2026-09-09T10:37:16.935Z,,https://mdsave-system.s3.amazonaws.com/master/temp/TransparencyMandate/maniilaq_2025_chargemaster.csv,206,https://mdsave-system.s3.amazonaws.com/master/temp/TransparencyMandate/maniilaq_2025_chargemaster.csv,mrf-header-has-no-license-state,,,,,,,date-unverified,2026-09-09T10:06:55.464Z,1dbdaa071059148dec0c8b8c41e72c5dd23627c74fdad6c69e3f74f317a74d6b,b441d999a0073300f122c863aa6d96274190cecdaa7d6ecd4f4cc467f385ee71,,
021311,PEACEHEALTH KETCHIKAN MEDICAL CENTER,AK,pointer-or-domain-review,unresolved,,Official-domain discovery: confirm the roster facility controls a domain exposing cms-hpt.txt before assigning it,https://www.peacehealth.org/cms-hpt.txt,403,2026-09-09T11:38:32.774Z,,,,,,,,,,,,,,,,,
021312,SAMUEL SIMMONDS MEMORIAL HOSPITAL,AK,pointer-or-domain-review,unresolved,lead-domain-names-facility-no-pointer,Browser pricing-page walk on the named domain to locate the pointer or its replacement,https://arcticslope.org/cms-hpt.txt,"curl: (28) Resolving timed out after 8000 milliseconds
",2026-09-09T11:40:36.186Z,,,,,,,,,,,,,,,,,Lead domain https://arcticslope.org/ names the facility on its homepage but serves no readable cms-hpt.txt at the standard location; homepage evidence retained.
021314,SOUTHEAST ALASKA REGIONAL HEALTH CONSORTIUM,AK,metadata-or-pointer-review,publisher-issue,declared-update-date-over-365-days,"Publisher inquiry with the recorded file URL, declared date and response hash; recheck after their update window",,,,,https://apps.para-hcfs.com/PTT/FinalLinks/Reports.aspx?dbName=dbSARHCSITKAAK&type=CDMWithoutLabel,200,https://apps.para-hcfs.com/PTT/FinalLinks/Reports.aspx?dbName=dbSARHCSITKAAK&type=CDMWithoutLabel,corroborated,file-name-and-address,SouthEast Alaska Regional Health Consortium (SEARHC),SouthEast Alaska Regional Health Consortium (SEARHC),AK,2024-12-09,2.0.0,date-over-365-days,2026-09-09T10:06:57.001Z,,8e7b23d1eb3e811f4644bdda03f3d83788101ae514bcb27d589b6265601e303c,,Same declared date 2024-12-09 observed again after the earlier check (2026-09-09T02:25:42.245Z).
030061,BANNER BOSWELL MEDICAL CENTER,AZ,pointer-or-domain-review,unresolved,,"Compare the parsed header against facility aliases, renames and campus entries; extend the capped read only if metadata may sit beyond it",https://www.bannerhealth.com/cms-hpt.txt,206,2026-09-09T10:06:55.794Z,,https://images.pricetransparency.healthcare/public-mrfs/banner/900389314_banner-boswell-medical-center_standardcharges.csv,206,https://images.pricetransparency.healthcare/public-mrfs/banner/900389314_banner-boswell-medical-center_standardcharges.csv,mrf-header-name-without-location,,Banner Boswell Medical Center,Banner Boswell Medical Center,AZ,2026-03-02,3.0.0,date-within-365-days-version-3,2026-09-09T10:06:56.413Z,8c055297b0d82603af0d40cb85d5fce1c2c019f2c354e4f527d020dc932a231f,893311a0920f90e9d9e63103a86c5f49f094ee02d2ff6ae00d6215bafb0b524d,,
030062,SUMMIT HEALTHCARE REGIONAL MEDICAL CENTER,AZ,publisher-date-review,publisher-issue,declared-update-date-over-365-days,"Publisher inquiry with the recorded file URL, declared date and response hash; recheck after their update window",https://summithealthcare.net/cms-hpt.txt,200,2026-09-09T10:06:55.117Z,,https://hospitalpricedisclosure.com/download.aspx?pi=L*__*5isnkJWsT9OFJEKfZzfA*-*,206,https://cleverleypteusstatic.blob.core.windows.net/readable/860320447_summit-healthcare-regional-medical-center_standardcharges.json,corroborated,file-name-and-address,Summit Healthcare Regional Medical Center,Summit Healthcare Regional Medical Center,AZ,2025-01-01,2.2.0,date-over-365-days,2026-09-09T10:06:56.588Z,d0737c252cc0a30af3804fabd5de919182b28313d97fee11758ce518354e478c,f5b1c5ceedaf96829d1c248ab06a57cd6bed241a903c29759e17f5d807f584ea,,Same declared date 2025-01-01 observed again after the earlier check (2026-09-09T01:47:32.030Z).
030064,BANNER - UNIVERSITY MEDICAL CENTER TUCSON CAMPUS,AZ,pointer-or-domain-review,unresolved,,"Compare the parsed header against facility aliases, renames and campus entries; extend the capped read only if metadata may sit beyond it",https://www.bannerhealth.com/cms-hpt.txt,206,2026-09-09T10:06:55.794Z,,https://images.pricetransparency.healthcare/public-mrfs/banner/901074557_banner-university-medical-center-tucson_standardcharges.csv,206,https://images.pricetransparency.healthcare/public-mrfs/banner/901074557_banner-university-medical-center-tucson_standardcharges.csv,mrf-header-name-without-location,,Banner University Medical Center Tucson,Banner University Medical Center Tucson|Banner University Medical Center Tucson Campus Cancer Center|Banner University Medical Center Tucson University of Arizona Cancer Center,AZ,2026-03-02,3.0.0,date-within-365-days-version-3,2026-09-09T10:06:57.437Z,8c055297b0d82603af0d40cb85d5fce1c2c019f2c354e4f527d020dc932a231f,113c8e63c15040b4488de7c400f3206b59aed85f6260eed07a6ae8e7395eb9ad,,
030108,THE CORE INSTITUTE SPECIALTY HOSP,AZ,metadata-or-pointer-review,unresolved,,"Compare the parsed header against facility aliases, renames and campus entries; extend the capped read only if metadata may sit beyond it",,,,,https://thecoreinstitutehospital.com/wp-content/uploads/2026/09/2026-THE-CORE-INSTITUTE-SPECIALTY-HOSPITAL-MRF-INPATIENT.csv,206,https://thecoreinstitutehospital.com/wp-content/uploads/2026/09/2026-THE-CORE-INSTITUTE-SPECIALTY-HOSPITAL-MRF-INPATIENT.csv,corroborated,file-name-and-address,The CORE Institute Specialty Hospital,The CORE Institute Specialty Hospital,AZ,2026-04-27,3.0.0,date-within-365-days-version-3,2026-09-09T10:06:55.324Z,,569a9daef726af3173aeaed6570555d98cf99215c2a8e41cb383a0ee9f57e8ce,,
030130,BANNER IRONWOOD MEDICAL CENTER,AZ,pointer-or-domain-review,correction-verified,,Applied to the local reviewed ledger,https://www.bannerhealth.com/cms-hpt.txt,206,2026-09-09T10:06:55.794Z,https://images.pricetransparency.healthcare/public-mrfs/banner/900412842_banner-ironwood-medical-center_standardcharges.csv,https://images.pricetransparency.healthcare/public-mrfs/banner/900412842_banner-ironwood-medical-center_standardcharges.csv,206,https://images.pricetransparency.healthcare/public-mrfs/banner/900412842_banner-ironwood-medical-center_standardcharges.csv,corroborated,file-name-and-address,Banner Ironwood Medical Center,Banner Ironwood Medical Center,AZ,2026-03-02,3.0.0,date-within-365-days-version-3,2026-09-09T10:06:58.908Z,8c055297b0d82603af0d40cb85d5fce1c2c019f2c354e4f527d020dc932a231f,6b7d11c1fcec8858b5b999e59d3a33728877388086a016e551a99aba83a44928,,Correction verified and already recorded in the reviewed ledger.
030138,CITY OF HOPE CANCER CENTER PHOENIX,AZ,pointer-or-domain-review,unresolved,,Official-domain discovery: confirm the roster facility controls a domain exposing cms-hpt.txt before assigning it,https://cityofhope.org/cms-hpt.txt,"curl: (28) Resolving timed out after 8005 milliseconds
",2026-09-09T11:36:29.609Z,,,,,,,,,,,,,,,,,
030153,EAST VALLEY ER & HOSPITAL,AZ,publisher-template-review,publisher-issue,template-version-older-than-3,Publisher inquiry about the declared template version; recheck after their update window,https://eastvalleyhospital.com/cms-hpt.txt,200,2026-09-09T10:06:55.732Z,,https://eastvalleyhospital.com/wp-content/uploads/2025/10/862195601-1881352037_east-valley-hospital-llc_standardcharges-3in.csv,200,https://eastvalleyhospital.com/wp-content/uploads/2025/10/862195601-1881352037_east-valley-hospital-llc_standardcharges-3in.csv,corroborated,file-name-and-address,East Valley ER & Hospital,East Valley ER & Hospital,AZ,2025-10-10,2.1.0,date-within-365-days-older-version,2026-09-09T10:06:56.682Z,e746d2f89bf9d6598765309d71e0f364049f2f11a7be9fdd28e4f196c15e5b06,a085dc21f1573aaadb0fa81249b7b6b6b5d0561be43d4d126f30ee6d209d5c61,,Declared version 2.1.0 with a current date; publisher has not adopted the current CMS dictionary.
031309,SAGE MEMORIAL HOSPITAL,AZ,pointer-or-domain-review,unresolved,,Official-domain discovery: confirm the roster facility controls a domain exposing cms-hpt.txt before assigning it,https://sagememorial.com/cms-hpt.txt,"curl: (28) Resolving timed out after 8002 milliseconds
",2026-09-09T11:40:37.310Z,,,,,,,,,,,,,,,,,
031313,HOLY CROSS HOSPITAL,AZ,identity-or-format-review,unresolved,,"Compare the parsed header against facility aliases, renames and campus entries; extend the capped read only if metadata may sit beyond it",https://www.holycrosshealth.org/sites/default/files/price-transparency/cms-hpt.txt,200,2026-09-09T10:06:56.989Z,,https://hpt.trinity-health.org/520738041-1669417838_holy-cross-hospital-silver-spring_standardcharges.zip,206,https://hpt.trinity-health.org/520738041-1669417838_holy-cross-hospital-silver-spring_standardcharges.zip,mrf-header-does-not-match-unresolved-roster,,Holy Cross Hospital-Silver Spring,Holy Cross Hospital-Silver Spring,MD,2026-03-31,3.0.0,date-within-365-days-version-3,2026-09-09T10:06:57.474Z,456139419b94ac121b00387e2cf6c71751d44bfd78dbec6815fbecce8c9b01c3,ae48f3afc78d2f1725c495ea869e0498406d84567d5931a8d106b4209dd8da91,,
034013,COLLEGE MEDICAL CENTER PHOENIX,AZ,publisher-template-review,publisher-issue,template-version-older-than-3,Publisher inquiry about the declared template version; recheck after their update window,https://cmcphoenix.com/cms-hpt.txt,200,2026-09-09T10:06:56.981Z,,https://cmcphoenix.com/331313844_college-medical-center-phoenix_standardcharges-3/,200,https://cmcphoenix.com/wp-content/uploads/2026/05/331313844_college-medical-center-phoenix_standardcharges.csv,corroborated,file-name-and-address,College Medical Center - Phoenix,College Medical Center - Phoenix,AZ,2026-03-11,1,date-within-365-days-older-version,2026-09-09T10:07:02.760Z,272b2e24d4cc770242ad25d12b0b735445512cc5e38bd2e96910db6fe2b7e23e,a7e897b12389d7a3cc0381ed42fa1584b88a35961ddb382c0c2eb2386dd5d616,,Declared version 1 with a current date; publisher has not adopted the current CMS dictionary.
034023,THE GUIDANCE CENTER,AZ,pointer-or-domain-review,unresolved,,Official-domain discovery: confirm the roster facility controls a domain exposing cms-hpt.txt before assigning it,https://tgcaz.org/cms-hpt.txt,206,2026-09-09T11:40:31.928Z,,,,,,,,,,,,,,,,,
034025,THE HEALING PLACE,AZ,publisher-template-review,publisher-issue,template-version-older-than-3,Publisher inquiry about the declared template version; recheck after their update window,https://static1.squarespace.com/static/641cdb99a1fef46a48846e0c/t/69177051ff07795f6421eb3a/1763143790342/cms-hpt.txt,206,2026-09-09T10:06:57.227Z,,https://www.polarahealth.com/s/TheHealingPlace_MainCampus_StandardCharges.csv,206,https://static1.squarespace.com/static/641cdb99a1fef46a48846e0c/t/690bfaba30814f516bc80c9f/1762392762091/TheHealingPlace_MainCampus_StandardCharges.csv,corroborated,file-name-and-address,The Healing Place,The Healing Place,AZ,2025-11-04,2.0.0,date-within-365-days-older-version,2026-09-09T10:06:57.339Z,8a24d3f97331ac40f798307ba3f109cd4f5e95aadd628d1b36b94d92e671eb43,7b1842b07c50054ad47d4fe364adfe79a7c7b18e07ee3d7b056d443ac20b43ec,,Declared version 2.0.0 with a current date; publisher has not adopted the current CMS dictionary.
034034,DESTINY SPRINGS HEALTHCARE,AZ,file-access-review,publisher-issue,pointer-declared-file-404,Publisher inquiry to restore or replace the declared file; recheck after their update window,https://5798232a-0473-45d2-b484-accd085e50e0.usrfiles.com/ugd/579823_c1d62be5375442a28d99445b448b1c3e.txt,206,2026-09-09T10:06:57.232Z,,https://www.destinyspringshealthcare.com/files/81-4160201_Destiny-Springs-Healthcare_standardcharges.csv,404,https://1b6f986b-8b16-4924-9a50-0cb7e3aaae2f.filesusr.com/ugd/579823_eb7db2b89803407a90b9c18a5c9c739f.csv?dn=81-4160201_Destiny-Springs-Healthcare_standardcharges.csv,corroborated,file-name-and-address,Destiny Springs Healthcare,Destiny Springs Healthcare – Surprise,AZ,2025-12-11,3.0 CSV Tall,date-within-365-days-version-3,2026-09-09T10:43:52.090Z,ccccc92d5d4a9309acca28ceaf924e4bd316ff2fa2980642b9048b4150c25310,99dca5fb1c551215ce123f7e1308846544217097028da0ffc473430a5b24ea18,,The official pointer declares this file URL and it returns 404 on repeated checks; reproducible broken link.
034035,AVENIR BEHAVIORAL HEALTH CENTER,AZ,publisher-template-review,publisher-issue,template-version-older-than-3,Publisher inquiry about the declared template version; recheck after their update window,https://g5-assets-cld-res.cloudinary.com/raw/upload/v1759426049/g5/g5-c-5hk8rftzt-avenir-senior-living-single-domain/g5-cl-1ivmhxc3h3-avenir-senior-living/uploads/cms-hptt_ggurj3.txt,200,2026-09-09T10:06:57.219Z,,https://g5-assets-cld-res.cloudinary.com/raw/upload/v1759418416/g5/g5-c-5hk8rftzt-avenir-senior-living-single-domain/g5-cl-1ivmlhcajg-avenir-center-for-behavioral-health-at-surprise/uploads/400629305_avenir_behavioral_center_standardcharges_wrurw3.csv,200,https://g5-assets-cld-res.cloudinary.com/raw/upload/v1759418416/g5/g5-c-5hk8rftzt-avenir-senior-living-single-domain/g5-cl-1ivmlhcajg-avenir-center-for-behavioral-health-at-surprise/uploads/400629305_avenir_behavioral_center_standardcharges_wrurw3.csv,corroborated,file-name-and-address,Avenir Behavioral health Center,Avenir Behavioral health Center,AZ,2025-09-30,2.0.0,date-within-365-days-older-version,2026-09-09T10:06:57.272Z,b0e0ec886e64e010514ee02b17c35745813a843f850d9cfe86e447f823301496,d1a86932fc3dd1b2da16c38ed545d33ed708692ad5514f36429962d03fbeb12f,,Declared version 2.0.0 with a current date; publisher has not adopted the current CMS dictionary.
040001,SILOAM SPRINGS REGIONAL HOSPITAL,AR,pointer-or-domain-review,unresolved,lead-domain-names-facility-no-pointer,Browser pricing-page walk on the named domain to locate the pointer or its replacement,https://freemanhealthnw.com/cms-hpt.txt,"curl: (28) Operation timed out after 11539 milliseconds with 0 bytes received
",2026-09-09T11:40:44.698Z,,,,,,,,,,,,,,,,,Lead domain https://freemanhealthnw.com/ names the facility on its homepage but serves no readable cms-hpt.txt at the standard location; homepage evidence retained.
040002,JOHNSON REGIONAL MEDICAL CENTER,AR,identity-or-format-review,unresolved,,"Compare the parsed header against facility aliases, renames and campus entries; extend the capped read only if metadata may sit beyond it",https://www.jrmc.com/cms-hpt.txt,200,2026-09-09T10:06:57.489Z,,https://www.jrmc.com/wp-content/uploads/2025/12/710403278_johnson-regional-medical-center_standardcharges.csv,206,https://www.jrmc.com/wp-content/uploads/2025/12/710403278_johnson-regional-medical-center_standardcharges.csv,mrf-header-name-without-location,,Johnson Regional Medical Center,Johnson Regional Medical Center,AR,2025-11-25,2.0.0,date-within-365-days-older-version,2026-09-09T10:06:57.853Z,3529b081a1f14c06148a3ce19b2465b32d63c01506e9a1687b5d83d340c44183,a606babdb2407945a27b68f0ef79342624f96bfa17292c739f8cb941be36f3ac,,
040011,CHAMBERS MEMORIAL HOSPITAL,AR,identity-or-format-review,unresolved,,"Compare the parsed header against facility aliases, renames and campus entries; extend the capped read only if metadata may sit beyond it",https://chambershealth.org/cms-hpt.txt,206,2026-09-09T10:06:57.356Z,,https://secure.claraprice.net/price-transparency/OHL3996173618/machine-readable/760153629_chambers-health_standardcharges.json,200,https://secure.claraprice.net/price-transparency/OHL3996173618/machine-readable/760153629_chambers-health_standardcharges.json,mrf-header-has-no-license-state,,Chambers Health,,,,,date-unverified,2026-09-09T10:07:01.938Z,b8b591fa5c786d813652fa5084848c0af1e6aa66012203f3b309db55eb1ea89e,ca217863b1da826c59179477302217840beb2cf41355d2f2c61569deacff6538,,
040014,WHITE COUNTY MEDICAL CENTER,AR,publisher-date-review,publisher-issue,declared-update-date-over-365-days,"Publisher inquiry with the recorded file URL, declared date and response hash; recheck after their update window",https://res.cloudinary.com/dpmykpsih/raw/upload/unity-health-2024-site-471/media/r/6ffa86dd7af948a4b4216e06cb522e07/unity-healthcms-hpt.txt,206,2026-09-09T10:06:57.692Z,,https://res.cloudinary.com/dpmykpsih/raw/upload/unity-health-2024-site-471/media/r/f7b14e4eba234333a31eb2d09e307e62/71-0772737_unity-health-white-county-medical-center_standardcharges.json,206,https://res.cloudinary.com/dpmykpsih/raw/upload/unity-health-2024-site-471/media/r/f7b14e4eba234333a31eb2d09e307e62/71-0772737_unity-health-white-county-medical-center_standardcharges.json,corroborated,file-name-and-address,Unity Health White County Medical Center,Unity Health White County Medical Center,AR,2025-03-01,2.2.0,date-over-365-days,2026-09-09T10:06:58.041Z,4ed681b955f9316848755ccd1352c56a23f67331474733bbf3829213216a1551,8c06a607fb9672b53040b4748fa477ec6365b691d0418972d20bab1e2cf7ea28,,Same declared date 2025-03-01 observed again after the earlier check (2026-09-09T01:47:31.550Z).
040017,NORTH ARKANSAS REGIONAL MEDICAL CENTER,AR,publisher-template-review,unresolved,,Publisher inquiry on the declared template version; recheck after their update window,https://www.narmc.com/cms-hpt.txt,403,2026-09-09T10:06:57.878Z,,https://www.narmc.com/images/710787860_north-arkansas-regional-medical-center_standardcharges.csv,200,https://www.narmc.com/images/710787860_north-arkansas-regional-medical-center_standardcharges.csv,mrf-header-has-no-license-state,,,,,,,date-unverified,2026-09-09T10:06:59.792Z,,83e18023e78f52dbc9c980c984dbf5b3d0615556ab28005e7bee413620bf370c,,
040022,NORTHWEST MEDICAL CENTER-SPRINGDALE,AR,pointer-or-domain-review,unresolved,lead-domain-names-facility-no-pointer,Browser pricing-page walk on the named domain to locate the pointer or its replacement,https://freemanhealthnw.com/cms-hpt.txt,"curl: (28) Operation timed out after 11539 milliseconds with 0 bytes received
",2026-09-09T11:40:44.698Z,,,,,,,,,,,,,,,,,Lead domain https://freemanhealthnw.com/ names the facility on its homepage but serves no readable cms-hpt.txt at the standard location; homepage evidence retained.
040039,ARKANSAS METHODIST MEDICAL CENTER,AR,identity-or-format-review,unresolved,,"Record the direct file URL behind the web page served at the recorded file URL (browser or manual download), then re-verify",https://myammc.org/cms-hpt.txt,206,2026-09-09T10:06:58.145Z,,https://drive.google.com/file/d/1VaWrohdIhUJ1vUflQNkwPMvx-zxUCqZU/view?usp=sharing,200,https://drive.google.com/file/d/1VaWrohdIhUJ1vUflQNkwPMvx-zxUCqZU/view?usp=sharing,mrf-header-has-no-license-state,,,,,,,date-unverified,2026-09-09T16:09:00.003Z,cccd24cfad1509341b7b3bcfc0382e8864f1713bf8c4e8ef5e00bcc4d99edbf6,3031396b88cb42b5f1358e5f6895dd008832ba58ae348203f2b67a2340b354b9,,
040069,GREAT RIVER MEDICAL CENTER,AR,identity-or-format-review,unresolved,,"Compare the parsed header against facility aliases, renames and campus entries; extend the capped read only if metadata may sit beyond it",https://mchsys.org/cms-hpt.txt,"curl: (28) Connection timed out after 8013 milliseconds
",2026-09-09T10:37:36.195Z,,https://s3.amazonaws.com/ycubaa-production-marlin-1-charge-management-public/facilities/3da9ca85-20c5-41a0-bdcd-1c72cbc6cce2/716042625_MCHS-GREAT%20RIVER%20MEDICAL%20CENTER_standardcharges.zip,206,https://s3.amazonaws.com/ycubaa-production-marlin-1-charge-management-public/facilities/3da9ca85-20c5-41a0-bdcd-1c72cbc6cce2/716042625_MCHS-GREAT%20RIVER%20MEDICAL%20CENTER_standardcharges.zip,mrf-header-has-no-license-state,,,,,,,date-unverified,2026-09-09T10:07:02.229Z,,c779e1fe296bea9f4ab8da346fc7dde5b5ae030361428f790bab80a829ac215a,,
040147,ARKANSAS SURGICAL HOSPITAL,AR,pointer-or-domain-review,unresolved,,Official-domain discovery: confirm the roster facility controls a domain exposing cms-hpt.txt before assigning it,https://clariti-health.com/cms-hpt.txt,200,2026-09-09T11:40:39.745Z,,,,,,,,,,,,,,,,,
040164,UNITY HEALTH - JACKSONVILLE,AR,publisher-date-review,publisher-issue,declared-update-date-over-365-days,"Publisher inquiry with the recorded file URL, declared date and response hash; recheck after their update window",https://res.cloudinary.com/dpmykpsih/raw/upload/unity-health-2024-site-471/media/r/6ffa86dd7af948a4b4216e06cb522e07/unity-healthcms-hpt.txt,206,2026-09-09T10:06:57.692Z,,https://res.cloudinary.com/dpmykpsih/raw/upload/unity-health-2024-site-471/media/r/9853a0e7e4714bd59ef913643cafb308/86-2564877_unity-health-jacksonville_standardcharges.json,206,https://res.cloudinary.com/dpmykpsih/raw/upload/unity-health-2024-site-471/media/r/9853a0e7e4714bd59ef913643cafb308/86-2564877_unity-health-jacksonville_standardcharges.json,corroborated,file-name-and-address,Unity Health - Jacksonville,Unity Health - Jacksonville,AR,2025-03-01,2.2.0,date-over-365-days,2026-09-09T10:07:01.910Z,4ed681b955f9316848755ccd1352c56a23f67331474733bbf3829213216a1551,54803b8b514c0a8acd94c1cf8d354349ef3e2717bf2f0ff57a9bc82599f8effb,,Same declared date 2025-03-01 observed again after the earlier check (2026-09-09T01:47:31.340Z).
040782,SOUTH MISSISSIPPI COUNTY REGIONAL MEDICAL CENTER,AR,identity-or-format-review,unresolved,,"Compare the parsed header against facility aliases, renames and campus entries; extend the capped read only if metadata may sit beyond it",https://mchsys.org/cms-hpt.txt,"curl: (28) Connection timed out after 8013 milliseconds
",2026-09-09T10:37:36.195Z,,https://s3.amazonaws.com/ycubaa-production-marlin-1-charge-management-public/facilities/340cba5b-23f2-476f-bd9f-b97e6c9f7afa/800370789_MCHS-SMC%20REGIONAL%20MEDICAL%20CENTER_standardcharges.zip,206,https://s3.amazonaws.com/ycubaa-production-marlin-1-charge-management-public/facilities/340cba5b-23f2-476f-bd9f-b97e6c9f7afa/800370789_MCHS-SMC%20REGIONAL%20MEDICAL%20CENTER_standardcharges.zip,mrf-header-has-no-license-state,,,,,,,date-unverified,2026-09-09T10:07:03.526Z,,9a902115a731cd5c2d94477dab455e003549c191581dcedee9c405fcdcc2eed0,,
041309,LAWRENCE MEMORIAL HOSPITAL,AR,file-access-review,publisher-issue,pointer-declared-file-404,Publisher inquiry to restore or replace the declared file; recheck after their update window,https://www.mhlawrencehospital.org/cms-hpt.txt,206,2026-09-09T10:07:00.377Z,,https://www.mhlawrencehospital.org/LawrenceGeneral/media/PDF-Docs/042103586_LawerenceGeneralHospital_standardcharges.csv,404,https://lawrencememorial.info/storage/cms/library/documents/731547175_lawrence-memorial-health-foundation-inc_standardcharges.csv,corroborated,file-name-and-address,"LAWRENCE MEMORIAL HEALTH FOUNDATION, INC",LAWRENCE MEMORIAL HOSPITAL,AR,2025-12-22,3.0.0,date-within-365-days-version-3,2026-09-09T10:43:53.382Z,f602f1a77bd0c6e2ae66c7f4febf63ca178b3fac46c65e712dd590514222794e,4d02b84002bf0a83a8137d77ef26e38f0e32fc2834aab1b954cd3f8bea988f2f,,The official pointer declares this file URL and it returns 404 on repeated checks; reproducible broken link.
041313,OZARK HEALTH,AR,metadata-or-pointer-review,unresolved,,"Compare the parsed header against facility aliases, renames and campus entries; extend the capped read only if metadata may sit beyond it",https://ozarkhealth.net/cms-hpt.txt,200,2026-09-09T10:07:00.984Z,,https://ozarkhealth.net/sites/default/files/pdf/710407683_ozark-health-inc_standardcharges.csv,206,https://ozarkhealth.net/sites/default/files/pdf/710407683_ozark-health-inc_standardcharges.csv,corroborated,file-name-and-address,Ozark Health Inc.,Ozark Health,AR,2026-04-01,3.0.0,date-within-365-days-version-3,2026-09-09T10:07:01.978Z,,28dd0a404ded6e98ea7f3356b735048c6c2d58dbc45312826037998bbcbf4899,,
041332,UNITY HEALTH - NEWPORT,AR,publisher-date-review,publisher-issue,declared-update-date-over-365-days,"Publisher inquiry with the recorded file URL, declared date and response hash; recheck after their update window",https://res.cloudinary.com/dpmykpsih/raw/upload/unity-health-2024-site-471/media/r/6ffa86dd7af948a4b4216e06cb522e07/unity-healthcms-hpt.txt,206,2026-09-09T10:06:57.692Z,,https://res.cloudinary.com/dpmykpsih/raw/upload/unity-health-2024-site-471/media/r/e095f26cd5034d22b9124fc30dcecb5a/86-1835149_unity-health-newport_standardcharges.json,206,https://res.cloudinary.com/dpmykpsih/raw/upload/unity-health-2024-site-471/media/r/e095f26cd5034d22b9124fc30dcecb5a/86-1835149_unity-health-newport_standardcharges.json,corroborated,file-name-and-address,Unity Health - Newport,Unity Health - Newport,AR,2025-03-01,2.2.0,date-over-365-days,2026-09-09T10:07:02.378Z,4ed681b955f9316848755ccd1352c56a23f67331474733bbf3829213216a1551,c7b45497705b1fc173ea4f4c6bfd23fe1b931706fe82673be6047c051a898559,,Same declared date 2025-03-01 observed again after the earlier check (2026-09-09T01:47:31.400Z).
044011,ARKANSAS STATE HOSPITAL,AR,pointer-or-domain-review,unresolved,,Official-domain discovery: confirm the roster facility controls a domain exposing cms-hpt.txt before assigning it,https://humanservices.arkansas.gov/cms-hpt.txt,404,2026-09-09T11:40:42.006Z,,,,,,,,,,,,,,,,,
044021,PERIMETER BEHAVIORAL HOSPITAL OF WEST MEMPHIS,AR,pointer-or-domain-review,unresolved,file-belongs-to-other-facility,Adjudicate facility identity: locate this facility's own pointer/file; do not reuse the shared-provider finding,https://www.perimeterhealthcare.com/cms-hpt.txt,206,2026-09-09T10:37:17.094Z,,https://www.perimeterhealthcare.com/arlington/834209160_Perimeter-Behavioral-Hospital-of-Arlington_standardcharges.csv,206,https://www.perimeterhealthcare.com/arlington/834209160_Perimeter-Behavioral-Hospital-of-Arlington_standardcharges.csv,other-facility,,Perimeter Behavioral Hospital of Arlington,"Arlington, TX",TX,2026-03-27,3.0.0,date-within-365-days-version-3,2026-09-09T10:07:02.302Z,ee339fa3be5664792d2aae80ab360711cdb1f4556df0c5511401e28ce42f2656,b9572432beec00aed9edd58734568d5c18acd060e6765c546e0a0d0730c8efd5,,
050025,UC SAN DIEGO HEALTH HILLCREST - HILLCREST MED CTR,CA,pointer-or-domain-review,unresolved,,Official-domain discovery: confirm the roster facility controls a domain exposing cms-hpt.txt before assigning it,https://health.ucsd.edu/cms-hpt.txt,"curl: (28) Resolving timed out after 8012 milliseconds
",2026-09-09T11:40:53.831Z,,,,,,,,,,,,,,,,,
050028,MAD RIVER COMMUNITY HOSPITAL,CA,pointer-or-domain-review,unresolved,,Official-domain discovery: confirm the roster facility controls a domain exposing cms-hpt.txt before assigning it,https://madriverhospital.com/cms-hpt.txt,"curl: (28) Connection timed out after 8008 milliseconds
",2026-09-09T11:40:54.036Z,,,,,,,,,,,,,,,,,
050043,ALTA BATES SUMMIT MEDICAL CENTER,CA,metadata-or-pointer-review,correction-verified,,Verify raw pointer/file proofs then apply through the reviewed ledger,https://www.sutterhealth.org/cms-hpt.txt,206,2026-09-09T10:07:02.215Z,https://edge.sitecorecloud.io/sutterhealt962c-sutterhealt8fce-production57cc-4860/media/Project/SutterHealth/SutterHealth/Files/billing-insurance/costs-and-charges/940562680-1295181477_alta-bates-summit-medical-center-summit-campus_standardcharges.csv,https://edge.sitecorecloud.io/sutterhealt962c-sutterhealt8fce-production57cc-4860/media/Project/SutterHealth/SutterHealth/Files/billing-insurance/costs-and-charges/940562680-1295181477_alta-bates-summit-medical-center-summit-campus_standardcharges.csv,206,https://edge.sitecorecloud.io/sutterhealt962c-sutterhealt8fce-production57cc-4860/media/Project/SutterHealth/SutterHealth/Files/billing-insurance/costs-and-charges/940562680-1295181477_alta-bates-summit-medical-center-summit-campus_standardcharges.csv,corroborated,file-name-and-address,Alta Bates Summit Medical Center,Alta Bates Summit Medical Center,CA,2026-04-01,3.0.0,date-within-365-days-version-3,2026-09-09T10:07:02.263Z,76cf5ee42d726154cfadf3b5d2fdd6605eea5599b8751fc24707dba424a6b2ca,d0f84e1a1bdaed934ce006bcc3093610268d0c1b4348e978631f876b7641d334,,"Duplicate adjudication: 2 current corroborated files; selected the pointer entry ""ALTA BATES SUMMIT MEDICAL CENTER SUMMIT CAMPUS"" (label closest to the roster name)."
050115,PALOMAR HEALTH DOWNTOWN CAMPUS,CA,pointer-or-domain-review,unresolved,lead-domain-names-facility-no-pointer,Browser pricing-page walk on the named domain to locate the pointer or its replacement,https://palomarucsdhealth.org/cms-hpt.txt,404,2026-09-09T11:40:49.260Z,,,,,,,,,,,,,,,,,Lead domain https://palomarucsdhealth.org/ names the facility on its homepage but serves no readable cms-hpt.txt at the standard location; homepage evidence retained.
050152,UCSF HEALTH SAINT FRANCIS HOSPITAL,CA,identity-or-format-review,unresolved,file-belongs-to-other-facility,Adjudicate facility identity: locate this facility's own pointer/file; do not reuse the shared-provider finding,https://www.commonspirit.org/cms-hpt.txt,206,2026-09-09T10:07:02.326Z,,https://www.commonspirit.org/content/dam/commonspiritorg/en/stluh/soho/finance/price-transparency/741385192-1972581940_the-community-hospital-of-brazosport_standardcharges.json,206,https://www.commonspirit.org/content/dam/commonspiritorg/en/stluh/soho/finance/price-transparency/741385192-1972581940_the-community-hospital-of-brazosport_standardcharges.json,other-facility,,THE COMMUNITY HOSPITAL OF BRAZOSPORT,CHI St. Luke's Health Brazosport,TX,2026-02-28,3.0.0,date-within-365-days-version-3,2026-09-09T10:07:03.018Z,385a5f374bb39ccdd5be2df699183bea76528f3dface47743372b8d4824a335f,65af8604afabef188bfb47a9803c4a983c427665073ca528c48f7b34aba71ad6,,
050167,SAN JOAQUIN GENERAL HOSPITAL,CA,file-access-review,unresolved,,Browser download attempt on the recorded file URL; a failed automated request is not evidence the file is absent,https://www.sanjoaquingeneral.org/cms-hpt.txt,206,2026-09-09T10:07:03.051Z,,,,,,,,,,,,,,4398837b23bef779d59beb0930902eef0b9c2416ef9a60dab456e5975e1aea9b,,,All recorded file leads failed at transport level again this run (reproducible connection failure).
050211,ALAMEDA HOSPITAL,CA,pointer-or-domain-review,correction-verified,,Applied to the local reviewed ledger,https://alamedahealthsystem.org/cms-hpt.txt,206,2026-09-09T11:40:49.971Z,https://www.alamedahealthsystem.org/wp-content/uploads/pricing/943302014_alameda-hospital_standardcharges.csv,https://www.alamedahealthsystem.org/wp-content/uploads/pricing/943302014_alameda-hospital_standardcharges.csv,206,https://www.alamedahealthsystem.org/wp-content/uploads/pricing/943302014_alameda-hospital_standardcharges.csv,corroborated,file-name-and-address,Alameda Health System,Alameda Hospital,CA,2026-03-16,3.0.0,date-within-365-days-version-3,2026-09-09T11:41:22.280Z,38683d99cbb57a0c7b76d490f29b75d95f1bd8dd6f84425f4408665e4eff9ee0,7b7182f6217c51d3a59eda6c645c8e02c4357c1fd54354256b3c5faf97591105,,Correction verified and already recorded in the reviewed ledger.
050236,ADVENTIST HEALTH SIMI VALLEY,CA,identity-or-format-review,unresolved,,"Compare the parsed header against facility aliases, renames and campus entries; extend the capped read only if metadata may sit beyond it",https://www.adventisthealth.org/cms-hpt.txt,206,2026-09-09T10:07:03.540Z,,https://apps.para-hcfs.com/PTT/FinalLinks/Reports.aspx?dbName=dbAHSVSIMIVALLEYCA&type=CDMWithoutLabel&fileType=CSV,200,https://apps.para-hcfs.com/PTT/FinalLinks/Reports.aspx?dbName=dbAHSVSIMIVALLEYCA&type=CDMWithoutLabel&fileType=CSV,mrf-header-does-not-match-unresolved-roster,,SIMI VALLEY HOSPITAL AND HEALTH CARE SERVICES,SIMI VALLEY HOSPITAL AND HEALTH CARE SERVICES,CA,2026-05-21,3.0.0,date-within-365-days-version-3,2026-09-09T10:07:06.536Z,c6d8fb5a104c88f16439950764213f118d0c883d4e71f285d7021627392917e5,3278cf4ce821ccadb9a46f332407b857772776ef09ee17af898c94dc54b6d511,,
050292,RIVERSIDE UNIVERSITY HEALTH SYSTEM-MEDICAL CENTER,CA,metadata-or-pointer-review,publisher-issue,template-version-unrecognized,Publisher inquiry: confirm which CMS data dictionary version the file implements; recheck on their reply,https://ruhealth.org/cms-hpt.txt,206,2026-09-09T10:07:03.058Z,,https://www.ruhealth.org/956000930_riverside-university-health-system_standardcharges.csv,206,https://www.ruhealth.org/956000930_riverside-university-health-system_standardcharges.csv,corroborated,file-name-and-address,Riverside University Medical Center,Riverside University Medical Center,CA,2026-03-30,2026.1.0,date-within-365-days-version-unverified,2026-09-09T10:07:03.107Z,b54fbe31b0e46b5f05271b0fd7187bb1dfc7e3473a0828cce58bf9d5cc3d7ad0,04fd3ed5dc2ae31a0da7b016e706c2f423377805040992e0028dc9b6608b8905,,Declared template version 2026.1.0 is not a recognized CMS data dictionary version; facility identity and the 2026-03-30 update date are corroborated.
050309,SUTTER ROSEVILLE MEDICAL CENTER,CA,identity-or-format-review,unresolved,,"Compare the parsed header against facility aliases, renames and campus entries; extend the capped read only if metadata may sit beyond it",https://www.sutterhealth.org/cms-hpt.txt,206,2026-09-09T10:07:02.215Z,,https://edge.sitecorecloud.io/sutterhealt962c-sutterhealt8fce-production57cc-4860/media/Project/SutterHealth/SutterHealth/Files/billing-insurance/costs-and-charges/941156621-1356390264_sutter-roseville-medical-center_standardcharges.csv,206,https://edge.sitecorecloud.io/sutterhealt962c-sutterhealt8fce-production57cc-4860/media/Project/SutterHealth/SutterHealth/Files/billing-insurance/costs-and-charges/941156621-1356390264_sutter-roseville-medical-center_standardcharges.csv,mrf-header-name-without-location,,Sutter Roseville Medical Center,Sutter Roseville Medical Center,CA,2026-04-01,3.0.0,date-within-365-days-version-3,2026-09-09T10:07:03.148Z,76cf5ee42d726154cfadf3b5d2fdd6605eea5599b8751fc24707dba424a6b2ca,2352386d11fc9bbdfa894199e69d40803dabc1db2a7e4757dc968333611e60f2,,
050320,HIGHLAND HOSPITAL,CA,pointer-or-domain-review,correction-verified,,Applied to the local reviewed ledger,https://alamedahealthsystem.org/cms-hpt.txt,206,2026-09-09T11:40:49.971Z,https://www.alamedahealthsystem.org/wp-content/uploads/pricing/943302014_highland-hospital_standardcharges.csv,https://www.alamedahealthsystem.org/wp-content/uploads/pricing/943302014_highland-hospital_standardcharges.csv,206,https://www.alamedahealthsystem.org/wp-content/uploads/pricing/943302014_highland-hospital_standardcharges.csv,corroborated,file-name-and-address,Alameda Health System,Highland Hospital,CA,2026-03-16,3.0.0,date-within-365-days-version-3,2026-09-09T11:41:23.322Z,38683d99cbb57a0c7b76d490f29b75d95f1bd8dd6f84425f4408665e4eff9ee0,fa298420a949eba83ee39a9b9e02a95271004c43480b08139d910d31caa92fc1,,Correction verified and already recorded in the reviewed ledger.
050438,HUNTINGTON HOSPITAL,CA,pointer-or-domain-review,unresolved,lead-domain-names-facility-no-pointer,Browser pricing-page walk on the named domain to locate the pointer or its replacement,https://huntingtonhealth.org/cms-hpt.txt/,404,2026-09-09T11:41:15.258Z,,,,,,,,,,,,,,,,,Lead domain https://huntingtonhealth.org/ names the facility on its homepage but serves no readable cms-hpt.txt at the standard location; homepage evidence retained.
050455,ADVENTIST HEALTH BAKERSFIELD,CA,identity-or-format-review,unresolved,file-belongs-to-other-facility,Adjudicate facility identity: locate this facility's own pointer/file; do not reuse the shared-provider finding,https://www.adventisthealth.org/cms-hpt.txt,206,2026-09-09T10:07:03.540Z,,https://apps.para-hcfs.com/PTT/FinalLinks/Reports.aspx?dbName=dbDRMCDELANOCA&type=CDMWithoutLabel&fileType=CSV,200,https://apps.para-hcfs.com/PTT/FinalLinks/Reports.aspx?dbName=dbDRMCDELANOCA&type=CDMWithoutLabel&fileType=CSV,other-facility,,ADVENTIST HEALTH DELANO,ADVENTIST HEALTH DELANO,CA,2026-07-29,3.0.0,date-within-365-days-version-3,2026-09-09T10:07:07.895Z,c6d8fb5a104c88f16439950764213f118d0c883d4e71f285d7021627392917e5,e177c4ea77938348a96d94892e64e41fce3c37accb097440cbfe7f8e60a299ce,,
050457,UCSF HEALTH ST. MARY'S HOSPITAL,CA,identity-or-format-review,unresolved,file-belongs-to-other-facility,Adjudicate facility identity: locate this facility's own pointer/file; do not reuse the shared-provider finding,https://www.commonspirit.org/cms-hpt.txt,206,2026-09-09T10:07:02.326Z,,https://www.commonspirit.org/content/dam/commonspiritorg/en/stluh/soho/finance/price-transparency/741385192-1972581940_the-community-hospital-of-brazosport_standardcharges.json,206,https://www.commonspirit.org/content/dam/commonspiritorg/en/stluh/soho/finance/price-transparency/741385192-1972581940_the-community-hospital-of-brazosport_standardcharges.json,other-facility,,THE COMMUNITY HOSPITAL OF BRAZOSPORT,CHI St. Luke's Health Brazosport,TX,2026-02-28,3.0.0,date-within-365-days-version-3,2026-09-09T10:07:03.018Z,385a5f374bb39ccdd5be2df699183bea76528f3dface47743372b8d4824a335f,65af8604afabef188bfb47a9803c4a983c427665073ca528c48f7b34aba71ad6,,
050543,COLLEGE HOSPITAL COSTA MESA,CA,pointer-or-domain-review,unresolved,,Official-domain discovery: confirm the roster facility controls a domain exposing cms-hpt.txt before assigning it,https://chc.la/cms-hpt.txt,"curl: (28) Connection timed out after 8010 milliseconds
",2026-09-09T11:40:59.870Z,,,,,,,,,,,,,,,,,
050625,CEDARS-SINAI MEDICAL CENTER,CA,publisher-template-review,publisher-issue,template-version-older-than-3,Publisher inquiry about the declared template version; recheck after their update window,https://www.cedars-sinai.org/cms-hpt.txt,206,2026-09-09T10:07:04.295Z,,https://www.cedars-sinai.org/content/dam/cedars-sinai/billing-insurance/documents/951644600_CEDARS-SINAI-MEDICAL-CENTER_standardcharges.json,200,https://www.cedars-sinai.org/content/dam/cedars-sinai/billing-insurance/documents/951644600_CEDARS-SINAI-MEDICAL-CENTER_standardcharges.json,corroborated,file-name-and-address,Cedars-Sinai Medical Center,Cedars-Sinai Medical Center,CA,2025-11-26,2.0.0,date-within-365-days-older-version,2026-09-09T10:07:05.033Z,03159e751868fa2c399dfac9eb4ad8ff9b66bf0ffd00e4119fe411c0418269c4,b02db000094d1e6a037e8abf4f7d584bb7101eb8816dad49d4b646c8551d64a0,,Declared version 2.0.0 with a current date; publisher has not adopted the current CMS dictionary.
050636,PALOMAR MEDICAL CENTER POWAY,CA,pointer-or-domain-review,unresolved,lead-domain-names-facility-no-pointer,Browser pricing-page walk on the named domain to locate the pointer or its replacement,https://palomarucsdhealth.org/cms-hpt.txt,404,2026-09-09T11:40:49.260Z,,,,,,,,,,,,,,,,,Lead domain https://palomarucsdhealth.org/ names the facility on its homepage but serves no readable cms-hpt.txt at the standard location; homepage evidence retained.
050704,MISSION COMMUNITY HOSPITAL,CA,pointer-or-domain-review,unresolved,,"Compare the parsed header against facility aliases, renames and campus entries; extend the capped read only if metadata may sit beyond it",https://www.missionhealth.org/cms-hpt.txt,200,2026-09-09T10:07:03.065Z,,https://stctrprodsnsvc00455826e6.blob.core.windows.net/pt-final-posting-files/83-2048706_MISSION-HOSPITAL_standardcharges.json?si=dpx-pt-json-access-policy&spr=https&sv=2026-02-06&sr=c&sig=ks%2BgfAjyEHlZmeP2PYJ%2f9NpMuCoRStjTb2bhIy9Y6LM%3D,206,https://stctrprodsnsvc00455826e6.blob.core.windows.net/pt-final-posting-files/83-2048706_MISSION-HOSPITAL_standardcharges.json?si=dpx-pt-json-access-policy&spr=https&sv=2026-02-06&sr=c&sig=ks%2BgfAjyEHlZmeP2PYJ%2f9NpMuCoRStjTb2bhIy9Y6LM%3D,mrf-header-does-not-match-unresolved-roster,,MISSION HOSPITAL,MISSION MAMA|SOUTH ASHEVILLE ER|MISSION HOSPITAL,NC,2026-03-01,3.0.0,date-within-365-days-version-3,2026-09-09T10:07:03.584Z,a81718bdf67c84b0da4dffbe380b7472d73fab74a59b7d482f8a219523e19af9,94a4a0dfabe57475aad701bd440212653d3815a19d4465c6b986310d593d7e19,,
050708,FRESNO SURGICAL HOSPITAL,CA,pointer-or-domain-review,publisher-issue,file-published-no-machine-pointer,Publisher inquiry: ask the facility to publish a machine-readable pointer (cms-hpt.txt) alongside the file; the file itself is already verified,https://fresnosurgicalhospital.com/cms-hpt.txt,403,2026-09-09T11:41:17.134Z,,https://mrfs.hyvehealthcare.com/USPI/770011624_fresno-surgery-center-lp_standardcharges.json,206,https://mrfs.hyvehealthcare.com/USPI/770011624_fresno-surgery-center-lp_standardcharges.json,corroborated,file-name-and-address,Fresno Surgery Center LP,Fresno Surgical Hospital,CA,2026-04-08,3.0.0,date-within-365-days-version-3,2026-09-09T16:09:00.007Z,,df934eecfa7a07eeb4e5d87df3917732a947db507042de38266677c849d00e47,,"File served on the facility's own site is current (2026-04-08, version 3.0.0) and its header matches the roster facility, but no machine-readable pointer declares it."
050726,STANISLAUS SURGICAL HOSPITAL,CA,pointer-or-domain-review,unresolved,,Official-domain discovery: confirm the roster facility controls a domain exposing cms-hpt.txt before assigning it,https://stanislaussurgical.com/cms-hpt.txt,"curl: (6) Could not resolve host: stanislaussurgical.com
",2026-09-09T11:40:54.323Z,,,,,,,,,,,,,,,,,
050763,L A DOWNTOWN MEDICAL CENTER,CA,identity-or-format-review,unresolved,,"Compare the parsed header against facility aliases, renames and campus entries; extend the capped read only if metadata may sit beyond it",https://ladowntownmc.com/cms-hpt.txt,403,2026-09-09T10:07:03.608Z,,https://ladowntownmc.com/downloads/841913047_LA-DOWNTOWN-MEDICAL-CENTER_standardcharges.csv,206,https://ladowntownmc.com/downloads/841913047_LA-DOWNTOWN-MEDICAL-CENTER_standardcharges.csv,mrf-header-does-not-match-unresolved-roster,,LA Downtown Medical Center,Los Angeles,CA,2024-07-01,3.0.0,date-over-365-days,2026-09-09T16:09:00.014Z,,c8ce730f10f9f1be157649adf6648b3c399525a56a2437fcb90b0042e4cbc3d0,,
050776,COLLEGE MEDICAL CENTER,CA,file-access-review,unresolved,,Browser download attempt on the recorded file URL; a failed automated request is not evidence the file is absent,https://collegemedicalcenter.com/cms-hpt.txt,200,2026-09-09T10:07:03.460Z,,,,,,,,,,,,,,1646bbb7ea825bcd438e072d799b87a34ead5819accf2e7c682800859119e57a,,,All recorded file leads failed at transport level again this run (reproducible connection failure).
050785,DOCS SURGICAL HOSPITAL,CA,pointer-or-domain-review,unresolved,,Official-domain discovery: confirm the roster facility controls a domain exposing cms-hpt.txt before assigning it,https://www.docshealth.com/cms-hpt.txt,404,2026-09-09T11:41:19.915Z,,,,,,,,,,,,,,,,,
050854,"ANAHEIM COMMUNITY HOSPITAL, LLC",CA,publisher-date-review,publisher-issue,declared-update-date-over-365-days,"Publisher inquiry with the recorded file URL, declared date and response hash; recheck after their update window",https://anaheimcommunityhospital.com/cms-hpt.txt,200,2026-09-09T10:07:03.515Z,,https://www.anaheimcommunityhospital.com/wp-content/uploads/2025/03/854314119_anaheim-community-hospital-llc_standardcharges.csv,206,https://www.anaheimcommunityhospital.com/wp-content/uploads/2025/03/854314119_anaheim-community-hospital-llc_standardcharges.csv,corroborated,file-name-and-address,"Anaheim Community Hospital, LLC",Anaheim Community Hospital,CA,2025-03-03,2.0.0,date-over-365-days,2026-09-09T10:07:03.900Z,9de30b38a8ab114294fce5ee23063a0884c85ce85b574501397803fee9b28f9b,c355fa1ee8b670b51b5b1be6365e8cbebbb5fdf608034116a3f73992f38f5f0f,,Same declared date 2025-03-03 observed again after the earlier check (2026-09-09T01:47:44.736Z).
051300,EASTERN PLUMAS HOSPITAL - PORTOLA CAMPUS,CA,identity-quarantined,unresolved,,Facility identity adjudication against the roster before any pointer or file work,https://www.ephc.org/cms-hpt.txt,403,2026-09-09T10:07:07.297Z,,https://www.ephc.org/V3.0TallEPHC.csv,206,https://www.ephc.org/V3.0TallEPHC.csv,mrf-header-does-not-match-unresolved-roster,,Eastern Plumas Health Care,Eastern Plumas Health Care,CA,2026-06-16,3.0.0,date-within-365-days-version-3,2026-09-09T10:07:07.730Z,,315d5f99c1f0885ea8873e6c713cf93546ea10c39f1236897e5eb98dcd6c73f0,,
051306,GLENN MEDICAL CENTER,CA,publisher-template-review,publisher-issue,template-version-older-than-3,Publisher inquiry about the declared template version; recheck after their update window,https://gmcmed.org/cms-hpt.txt,200,2026-09-09T10:07:04.386Z,,https://apps.para-hcfs.com/PTT/FinalLinks/Reports.aspx?dbName=dbGMCWILLOWSCA&type=CDMWithoutLabel&fileType=CSV,200,https://apps.para-hcfs.com/PTT/FinalLinks/Reports.aspx?dbName=dbGMCWILLOWSCA&type=CDMWithoutLabel&fileType=CSV,corroborated,exact-pointer-name-and-file-address,American Advanced - Glenn Medical Center,American Advanced - Glenn Medical Center,CA,2025-10-04,2.0.0,date-within-365-days-older-version,2026-09-09T10:07:12.351Z,06554a39341dd96462cd4c2403383d7c21760781363f3c6445a858d0b4e4162f,9361471aa6fa72895352b3e41efc3c9aa81469b20604abd73c9cd45ab110d854,,Declared version 2.0.0 with a current date; publisher has not adopted the current CMS dictionary.
051324,NORTHERN INYO HOSPITAL,CA,publisher-date-review,publisher-issue,declared-update-date-over-365-days,"Publisher inquiry with the recorded file URL, declared date and response hash; recheck after their update window",https://www.nih.org/cms-hpt.txt,206,2026-09-09T10:07:03.914Z,,https://www.nih.org/documents/956005449_northern-inyo-hospital_standardcharges.csv,206,https://www.nih.org/documents/956005449_northern-inyo-hospital_standardcharges.csv,corroborated,file-name-and-address,Northern Inyo Hospital,Northern Inyo Hospital,CA,2024-10-01,2.2.0,date-over-365-days,2026-09-09T10:07:04.224Z,2a9cfbcf3da79575f6909198398163650d0545181a27dfdeeec89507b51c116e,6b9eb1b5ae6ec49ed9743150e834a261f2bf68b9473062392432ada3713f3504,,Same declared date 2024-10-01 observed again after the earlier check (2026-09-09T01:47:45.589Z).
051335,BEAR VALLEY COMMUNITY HOSPITAL,CA,publisher-date-review,publisher-issue,declared-update-date-over-365-days,"Publisher inquiry with the recorded file URL, declared date and response hash; recheck after their update window",https://bvchd.com/cms-hpt.txt,200,2026-09-09T10:07:03.601Z,,https://bvchd.com/wp-content/uploads/2024/09/330294751_BEAR-VALLEY-COMMUNITY-HOSPITAL_standardcharges.csv,206,https://bvchd.com/wp-content/uploads/2024/09/330294751_BEAR-VALLEY-COMMUNITY-HOSPITAL_standardcharges.csv,corroborated,file-name-and-address,Bear Valley Healthcare District,Bear Valley Community Hospital,CA,2024-08-29,2.0.0,date-over-365-days,2026-09-09T10:07:04.071Z,113ff7dd3b2b091a0f4261e00397342c55f59e94b38672524b5b10dcd190194e,e37ec51afece53c7218bcf9141b0530335ba3622a2aaf52df5aa3dd79c6b6977,,Same declared date 2024-08-29 observed again after the earlier check (2026-09-09T01:47:44.821Z).
053302,CHILDREN'S HOSP OF LOS ANGELES,CA,file-access-review,unresolved,,Browser download attempt on the recorded file URL; a failed automated request is not evidence the file is absent,https://www.chla.org/cms-hpt.txt,206,2026-09-09T10:07:04.417Z,,,,,,,,,,,,,,e6ca610db4a29e1b8d9602af270e3981300f98fe0dedb3ac45eaac881f67cba2,,,
054028,GATEWAYS HOSP  MENTAL HEALTH CTR,CA,publisher-date-review,publisher-issue,declared-update-date-over-365-days,"Publisher inquiry with the recorded file URL, declared date and response hash; recheck after their update window",https://gatewayshospital.org/cms-hpt.txt,200,2026-09-09T10:07:03.922Z,,https://www.gatewayshospital.org/price-transparency/95-1691011_gateways-hospital-and-mental-health-center_standardcharges.csv,206,https://www.gatewayshospital.org/price-transparency/95-1691011_gateways-hospital-and-mental-health-center_standardcharges.csv,corroborated,file-name-and-address,Gateways Hospital and Mental Health Center,Gateways Hospital and Mental Health Center\|Gateways Hospital and Mental Health Center,CA,2025-08-06,3.0.0,date-over-365-days,2026-09-09T10:07:04.166Z,160c2106c82c11312467ff8c4cfbf90a7a4e6fc5238ac61ce46ada30992a37f2,70c0d62d8269d1653b2e31b0cedf81b439b5ec8c6ef8a379be00bd3c27592b3e,,Same declared date 2025-08-06 observed again after the earlier check (2026-09-09T01:47:45.521Z).
054078,AURORA LAS ENCINAS,CA,file-access-review,unresolved,,Complete-file read beyond the capped header to recover identity or metadata fields,https://www.vistadelmarhospital.com/cms-hpt.txt,403,2026-09-09T10:07:04.146Z,,,,,,,,,,,,,,,,,
054158,"ALISO RIDGE BEHAVIORAL HEALTH, LLC",CA,publisher-date-review,publisher-issue,declared-update-date-over-365-days,"Publisher inquiry with the recorded file URL, declared date and response hash; recheck after their update window",https://www.ocspecialtyhealth.com/cms-hpt.txt,200,2026-09-09T10:07:04.197Z,,https://www.ocspecialtyhealth.com/wp-content/uploads/2025/03/811504286_aliso-ridge-behavioral-health-llc_standardcharges.csv,206,https://www.ocspecialtyhealth.com/wp-content/uploads/2025/03/811504286_aliso-ridge-behavioral-health-llc_standardcharges.csv,corroborated,file-name-and-address,"Aliso Ridge Behavioral Health, LLC",Aliso Ridge Behavioral Health,CA,2025-03-21,2.0.0,date-over-365-days,2026-09-09T10:07:04.349Z,026c3bbe410121d6b0ffa77fe6c4eff9092c46e70f7748c7c60ec4790f904683,018294897b7bc0c023af821f60b9b6c6b11aa9ed080836985b55627a3f2579c5,,Same declared date 2025-03-21 observed again after the earlier check (2026-09-09T01:47:43.539Z).
060020,"PARKVIEW MEDICAL CENTER, INC",CO,file-access-review,unresolved,file-belongs-to-other-facility,Adjudicate facility identity: locate this facility's own pointer/file; do not reuse the shared-provider finding,https://www.uchealth.org/cms-hpt.txt,200,2026-09-09T12:39:29.159Z,,https://sthpiprd.blob.core.windows.net/machine-readable-files/8085/473393862_uchealth-broomfield-hospital_standardcharges.csv,206,https://sthpiprd.blob.core.windows.net/machine-readable-files/8085/473393862_uchealth-broomfield-hospital_standardcharges.csv,other-facility,,UCHealth Broomfield Hospital,UCHealth Broomfield Hospital,CO,2025-11-01,3.0.0,date-within-365-days-version-3,2026-09-09T10:44:16.871Z,2659c14ffc301c5d4301620caebaf1690047f054a95b8c270e7902557b253465,42303f2986b695002d4d1b93a604c3f94f168ae54d84a39a4be14f14acd09add,,
060022,UCH-MEMORIAL HEALTH SYSTEM,CO,identity-or-format-review,unresolved,,"Compare the parsed header against facility aliases, renames and campus entries; extend the capped read only if metadata may sit beyond it",https://www.uchealth.org/cms-hpt.txt,200,2026-09-09T12:39:29.159Z,,https://sthpiprd.blob.core.windows.net/machine-readable-files/8076/460796114-1144397134_uchmhs_standardcharges.csv,206,https://sthpiprd.blob.core.windows.net/machine-readable-files/8076/460796114-1144397134_uchmhs_standardcharges.csv,corroborated-adjudicated,renamed-facility-pointer-label-and-roster-address,UCHMHS,UCHealth Memorial Hospital Central,CO,2025-11-01,3.0.0,date-within-365-days-version-3,2026-09-09T10:07:05.001Z,2659c14ffc301c5d4301620caebaf1690047f054a95b8c270e7902557b253465,cb21e0698559231189a036d58718447d97add356d8e81c15d3c790a53391f83d,renamed-facility-pointer-label-and-roster-address,
060030,BANNER NORTH CO MEDICAL CENTER - LOVELAND CAMPUS,CO,pointer-or-domain-review,unresolved,,"Compare the parsed header against facility aliases, renames and campus entries; extend the capped read only if metadata may sit beyond it",https://www.bannerhealth.com/cms-hpt.txt,206,2026-09-09T10:06:55.794Z,,https://images.pricetransparency.healthcare/public-mrfs/banner/841287638_banner-north-colorado-medical-center--loveland-campus_standardcharges.csv,206,https://images.pricetransparency.healthcare/public-mrfs/banner/841287638_banner-north-colorado-medical-center--loveland-campus_standardcharges.csv,mrf-header-name-without-location,,Banner North Colorado Medical Center - Loveland Campus,Banner North Colorado Medical Center - Loveland Campus|Banner North Colorado Medical Center - Loveland Campus,CO,2026-03-02,3.0.0,date-within-365-days-version-3,2026-09-09T10:07:04.884Z,8c055297b0d82603af0d40cb85d5fce1c2c019f2c354e4f527d020dc932a231f,87b55d13972acd8c841867ee9d32829e564f1b7a459b3277cffca8771a9abd80,,
060076,STERLING REGIONAL MEDCENTER,CO,pointer-or-domain-review,correction-verified,,Applied to the local reviewed ledger,https://www.bannerhealth.com/cms-hpt.txt,206,2026-09-09T10:06:55.794Z,https://images.pricetransparency.healthcare/public-mrfs/banner/840826331_sterling-regional-medical-center_standardcharges.csv,https://images.pricetransparency.healthcare/public-mrfs/banner/840826331_sterling-regional-medical-center_standardcharges.csv,206,https://images.pricetransparency.healthcare/public-mrfs/banner/840826331_sterling-regional-medical-center_standardcharges.csv,corroborated-adjudicated,renamed-facility-pointer-label-and-roster-address,Sterling Regional Medical Center,Sterling Regional Medical Center,CO,2026-03-02,3.0.0,date-within-365-days-version-3,2026-09-09T10:07:05.674Z,8c055297b0d82603af0d40cb85d5fce1c2c019f2c354e4f527d020dc932a231f,3785e3c87477f9beb89952cdd2d92ebfa71e1837ef9dfd060c7b4ccf68797515,renamed-facility-pointer-label-and-roster-address,Correction verified and already recorded in the reviewed ledger.
061303,EAST MORGAN COUNTY HOSPITAL,CO,pointer-or-domain-review,unresolved,,"Compare the parsed header against facility aliases, renames and campus entries; extend the capped read only if metadata may sit beyond it",https://www.bannerhealth.com/cms-hpt.txt,206,2026-09-09T10:06:55.794Z,,https://images.pricetransparency.healthcare/public-mrfs/banner/840826336_east-morgan-county-hospital_standardcharges.csv,206,https://images.pricetransparency.healthcare/public-mrfs/banner/840826336_east-morgan-county-hospital_standardcharges.csv,mrf-header-name-without-location,,East Morgan County Hospital,East Morgan County Hospital,CO,2026-02-12,3.0.0,date-within-365-days-version-3,2026-09-09T10:07:06.124Z,8c055297b0d82603af0d40cb85d5fce1c2c019f2c354e4f527d020dc932a231f,35819adb2ac0413a7b54c4f852923232ae99c698823bcd68aaad0b8c31680b3f,,
061306,LINCOLN HEALTH HOSPITAL,CO,pointer-or-domain-review,unresolved,,Official-domain discovery: confirm the roster facility controls a domain exposing cms-hpt.txt before assigning it,https://hugohospital.com/cms-hpt.txt,"curl: (28) Connection timed out after 8013 milliseconds
",2026-09-09T11:41:02.467Z,,,,,,,,,,,,,,,,,
061308,SAN LUIS VALLEY HEALTH CONEJOS COUNTY HOSPITAL,CO,identity-or-format-review,unresolved,file-belongs-to-other-facility,Adjudicate facility identity: locate this facility's own pointer/file; do not reuse the shared-provider finding,https://www.sanluisvalleyhealth.org/cms-hpt.txt,206,2026-09-09T10:07:04.780Z,,https://sanluis.pt.panaceainc.com/MRFDownload/sanluis/slvhealth,200,https://mrf.panaceainc.com/Download.aspx?org=sanluis&loc=slvhealth&ref=,other-facility,,San Luis Valley Health,San Luis RMC,CO,2026-03-26,3.0.0,date-within-365-days-version-3,2026-09-09T10:07:05.331Z,84afdcd0fa54063cbe8f43c3661d4170108493f3351d06745962c6c1643bab33,734e0f86b772087341cdf6a348b7ed80d12d39716c4bbef249d1c64db4c2ba96,,
061309,WRAY COMMUNITY DISTRICT HOSPITAL,CO,pointer-or-domain-review,unresolved,,Official-domain discovery: confirm the roster facility controls a domain exposing cms-hpt.txt before assigning it,https://wrayhospital.org/cms-hpt.txt,404,2026-09-09T11:40:54.730Z,,,,,,,,,,,,,,,,,
061312,ESTES PARK MEDICAL CENTER,CO,pointer-or-domain-review,unresolved,,Official-domain discovery: confirm the roster facility controls a domain exposing cms-hpt.txt before assigning it,https://www.uchealth.org/cms-hpt.txt,200,2026-09-09T10:07:04.749Z,,https://sthpiprd.blob.core.windows.net/machine-readable-files/8187/393395823_uchealth-estes-valley-medical-center_standardcharges.csv,206,https://sthpiprd.blob.core.windows.net/machine-readable-files/8187/393395823_uchealth-estes-valley-medical-center_standardcharges.csv,corroborated-adjudicated,renamed-facility-pointer-label-and-roster-address,UCHealth Estes Valley Medical Center,UCHealth Estes Valley Medical Center|UCHealth Estes Valley Medical Center|UCHealth Estes Valley Medical Center|UCHealth Estes Valley Medical Center |UCHealth Estes Valley Medical Center,CO,2025-11-01,3.0.0,date-within-365-days-version-3,2026-09-09T10:45:07.040Z,2659c14ffc301c5d4301620caebaf1690047f054a95b8c270e7902557b253465,eff4c1c99f64b06f02af8333e53e199390ecdf916151e8d3c8256b47ec5ca9d5,renamed-facility-pointer-label-and-roster-address,
061323,PROWERS MEDICAL CENTER,CO,identity-or-format-review,publisher-issue,declared-update-date-over-365-days,"Publisher inquiry with the recorded file URL, declared date and response hash; recheck after their update window",https://www.prowersmedical.com/cms-hpt.txt,206,2026-09-09T10:07:05.372Z,,https://www.prowersmedical.com/wp-content/uploads/840584583_PROWERS-MEDICAL-CENTER_STANDARDCHARGES.csv,206,https://www.prowersmedical.com/wp-content/uploads/840584583_PROWERS-MEDICAL-CENTER_STANDARDCHARGES.csv,corroborated-adjudicated,exact-name-and-address-without-license-state,Prowers Medical Center,Prowers Medical Center,,2025-01-01,2.0.0,date-over-365-days,2026-09-09T10:07:05.176Z,153c83c89d9ada24f24cd71272612c1344f310a7555599efca2a6a5f28c7773d,f1de55815c96f0d5852df63efd721559cc57af6392f15c5cf8ad91010f73dffb,exact-name-and-address-without-license-state,Same declared date 2025-01-01 observed again after the earlier check (2026-09-09T02:26:51.813Z).
061325,EASTERN RIO BLANCO COUNTY HEALTH SERVICE DISTRICT,CO,identity-or-format-review,unresolved,,"Compare the parsed header against facility aliases, renames and campus entries; extend the capped read only if metadata may sit beyond it",https://www.pioneershospital.org/cms-hpt.txt,200,2026-09-09T10:07:05.084Z,,https://www.pioneershospital.org/wp-content/uploads/2025/10/870788731_pioneers-medical-center_shoppable.csv.csv,206,https://www.pioneershospital.org/wp-content/uploads/2025/10/870788731_pioneers-medical-center_shoppable.csv.csv,mrf-header-has-no-license-state,,,,,,,date-unverified,2026-09-09T10:07:04.950Z,fd4848422f44851defbbcd2c4f9ef57d1cc22b97debdde70f719bc75fd8df688,42f06c4e4728423011245cbad7937a66feab45866d3cbff95c1932406a55a601,,
061327,SOUTHWEST MEMORIAL HOSPITAL,CO,publisher-date-review,unresolved,,Publisher inquiry on the recorded declared date; recheck after their update window,http://www.swhealth.org/cms-hpt.txt,206,2026-09-09T10:07:05.244Z,,https://secure.claraprice.net/price-transparency/5f7b80d31f/machine-readable/841337350_southwest-health-system_standardcharges.json,200,https://secure.claraprice.net/price-transparency/5f7b80d31f/machine-readable/841337350_southwest-health-system_standardcharges.json,mrf-header-has-no-license-state,,Southwest Health System,,,,,date-unverified,2026-09-09T10:07:05.757Z,6f89b009e6ffdb9f1d1ca821f096b4f3f348819f596d6443012cee415c28bde7,fa466e6912371080da0ea6911cc4079c0b9b4614c5eda7d66af4a619facda75c,,
061343,KEEFE MEMORIAL HOSPITAL,CO,publisher-date-review,publisher-issue,declared-update-date-over-365-days,"Publisher inquiry with the recorded file URL, declared date and response hash; recheck after their update window",https://keefemh.org/cms-hpt.txt,206,2026-09-09T10:07:05.202Z,,https://keefemh.org/wp-content/uploads/2025/07/472340447_keefe-memorial-health-service-district_standardcharges.csv,206,https://keefemh.org/wp-content/uploads/2025/07/472340447_keefe-memorial-health-service-district_standardcharges.csv,corroborated,file-name-and-address,Keefe Memorial Health Service District,Keefe Memorial Hospital,CO,2025-06-30,2.0.0,date-over-365-days,2026-09-09T10:07:05.421Z,6f31f5acfb2ea4f05e0dd146e20ed80e1debed1b538bcd2b3584a7d007e87430,5ba5fc7280f0809574ea5e6fcc67a238c7e974b98bbf3e7d147a96d21ce261d9,,Same declared date 2025-06-30 observed again after the earlier check (2026-09-09T01:47:50.518Z).
063303,CHILDREN'S HOSPITAL COLORADO - COLORADO SPRINGS,CO,identity-or-format-review,unresolved,file-belongs-to-other-facility,Adjudicate facility identity: locate this facility's own pointer/file; do not reuse the shared-provider finding,https://www.childrenscolorado.org/cms-hpt.txt,206,2026-09-09T10:07:05.442Z,,https://sthpiprd.blob.core.windows.net/machine-readable-files/8432/840166760-1336245828_childrens-hospital-colorado_standardcharges.csv,206,https://sthpiprd.blob.core.windows.net/machine-readable-files/8432/840166760-1336245828_childrens-hospital-colorado_standardcharges.csv,other-facility,,Childrens Hospital Colorado,Children's Hospital Colorado Anschutz Medical Campus,CO,2026-04-17,3.0.0,date-within-365-days-version-3,2026-09-09T10:07:05.520Z,c187b881d9334b4cd86515ceb4387aa5fdea6fa316956b1e67f0ef0bfc1263c3,c17a9aafeb91806ee7e5d4778bcc986dfbec345f68f64ba27eeb41a44e77d020,,
070010,BRIDGEPORT HOSPITAL,CT,file-access-review,publisher-issue,pointer-declared-file-404,Publisher inquiry to restore or replace the declared file; recheck after their update window,https://www.bridgeporthospital.org/BHAssets/cms-hpt.txt,206,2026-09-09T10:07:05.587Z,,https://www.bridgeporthospital.org/404,404,,,,,,,,,,2026-09-09T10:07:05.817Z,0fc482dd0e90d02f2892b036182c940ae48c2a922c9d11124018fab4163d18b9,,,The official pointer declares this file URL and it returns 404 on repeated checks; reproducible broken link.
070022,YALE-NEW HAVEN HOSPITAL,CT,file-access-review,publisher-issue,pointer-declared-file-404,Publisher inquiry to restore or replace the declared file; recheck after their update window,https://www.ynhh.org/YNHHAssets/cms-hpt.txt,206,2026-09-09T10:07:05.659Z,,https://www.ynhh.org/404,404,,,,,,,,,,2026-09-09T10:07:05.853Z,adbf359f1f77f57d38cb6830d4c635aaaf942c9d370b9c33c9d782ceb3f80c5c,,,The official pointer declares this file URL and it returns 404 on repeated checks; reproducible broken link.
070025,HARTFORD HOSPITAL,CT,metadata-or-pointer-review,unresolved,,"Compare the parsed header against facility aliases, renames and campus entries; extend the capped read only if metadata may sit beyond it",,,,,https://hartfordhealthcare.org/file%20library/price%20data/060646668_hartford_hospital_standardcharges.csv,200,https://hartfordhealthcare.org/file%20library/price%20data/060646668_hartford_hospital_standardcharges.csv,corroborated,file-name-and-address,HARTFORD HOSPITAL,HARTFORD HOSPITAL,CT,2026-04-01,3.0.0,date-within-365-days-version-3,2026-09-09T10:07:06.775Z,,3773a79d0051fa58d52602a790a318a7cb39101e470e9a4de5a7327961b6042f,,
070036,JOHN DEMPSEY HOSPITAL OF THE UNIVERSITY OF CONNECT,CT,file-access-review,unresolved,,"Compare the parsed header against facility aliases, renames and campus entries; extend the capped read only if metadata may sit beyond it",https://health.uconn.edu/cms-hpt.txt,206,2026-09-09T10:07:05.551Z,,https://uconnhealth.pt.panaceainc.com/MRFDownload/uconnhealth/uconnhealth,200,https://mrf.panaceainc.com/Download.aspx?org=uconnhealth&loc=uconnhealth&ref=,mrf-header-does-not-match-unresolved-roster,,State of Connecticut,John Dempsey Hospital,CT,2026-07-01,3.0.0,date-within-365-days-version-3,2026-09-09T10:07:06.173Z,7dfcefd95ca4ef8e6790dab64e5a3d9da3ccd21cabc63992008949365681fc94,3111dd3411303756d96b0c0bf0e29e2d050a5d41f6ce7c6d7cd2101d7a7ecf4e,,
074016,MASONICARE HEALTH CENTER,CT,identity-or-format-review,unresolved,,"Compare the parsed header against facility aliases, renames and campus entries; extend the capped read only if metadata may sit beyond it",https://www.masonicare.org/cms-hpt.txt,206,2026-09-09T10:07:05.840Z,,https://www.masonicare.org/download_file/view/1743/1,206,https://www.masonicare.org/application/files/5717/3637/4840/060611531_masonicare-health-center_standardcharges.csv,mrf-header-name-without-location,,Masonicare Health Center,Masonicare Health Center ,CT,2025-01-01,2.0.0,date-over-365-days,2026-09-09T10:07:06.208Z,9f2565af1132c85ab1f4bd23e53551384fd3e665e4742fc207179159afab6445,5f27608ac84c96acb4bf81e712a4a2d372c7cfaac7e2d415ffe6d2979b3cdf53,,
084004,DOVER BEHAVIORAL HEALTH SYSTEM,DE,pointer-or-domain-review,unresolved,,Official-domain discovery: confirm the roster facility controls a domain exposing cms-hpt.txt before assigning it,https://doverbehavioral.com/cms-hpt.txt,403,2026-09-09T11:41:18.595Z,,,,,,,,,,,,,,,,,
084005,SUN BEHAVIORAL DELAWARE LLC,DE,pointer-or-domain-review,unresolved,,Official-domain discovery: confirm the roster facility controls a domain exposing cms-hpt.txt before assigning it,https://sundelaware.com/cms-hpt.txt,"curl: (28) Resolving timed out after 8004 milliseconds
",2026-09-09T11:41:10.924Z,,,,,,,,,,,,,,,,,
090005,SIBLEY MEMORIAL HOSPITAL,DC,pointer-or-domain-review,unresolved,,Official-domain discovery: confirm the roster facility controls a domain exposing cms-hpt.txt before assigning it,https://hopkinsmedicine.org/cms-hpt.txt,403,2026-09-09T11:36:09.468Z,,,,,,,,,,,,,,,,,
090008,UNITED MEDICAL CENTER,DC,pointer-or-domain-review,unresolved,,Official-domain discovery: confirm the roster facility controls a domain exposing cms-hpt.txt before assigning it,https://dhcf.dc.gov/cms-hpt.txt,404,2026-09-09T11:40:55.648Z,,,,,,,,,,,,,,,,,
094004,PSYCHIATRIC INSTITUTE OF WASHINGTON,DC,pointer-or-domain-review,unresolved,,Official-domain discovery: confirm the roster facility controls a domain exposing cms-hpt.txt before assigning it,https://psychinstitute.com/cms-hpt.txt,403,2026-09-09T11:41:18.615Z,,,,,,,,,,,,,,,,,
100012,LEE MEMORIAL HOSPITAL,FL,file-access-review,correction-verified,,Applied to the local reviewed ledger,https://www.leehealth.org/cms-hpt.txt,206,2026-09-09T10:07:05.892Z,https://www.leehealth.org/machine-readable-files-lh-2026/99-2646504_LEE-MEMORIAL-HOSPITAL_standardcharges_20260401.zip,https://www.leehealth.org/machine-readable-files-lh-2026/99-2646504_LEE-MEMORIAL-HOSPITAL_standardcharges_20260401.zip,206,https://www.leehealth.org/machine-readable-files-lh-2026/99-2646504_LEE-MEMORIAL-HOSPITAL_standardcharges_20260401.zip,corroborated,file-name-and-address,LEE MEMORIAL HOSPITAL,LEE MEMORIAL HOSPITAL,FL,2026-03-26,3.0.0,date-within-365-days-version-3,2026-09-09T14:41:44.953Z,2c6f52c6fd412c5f19e1639bbc0c1c7210c06b0226fd69c79a7d205d0288885e,59421d767bacde51501024c53fb4fe270720e00c20e3f1612185b46d84a1496c,,Correction verified and already recorded in the reviewed ledger.
100029,NORTH SHORE MEDICAL CENTER,FL,publisher-date-review,publisher-issue,declared-update-date-over-365-days,"Publisher inquiry with the recorded file URL, declared date and response hash; recheck after their update window",https://northshoremc.org/cms-hpt.txt,200,2026-09-09T10:07:05.978Z,,https://northshoremc.org/pricetransparency/995020733_NorthShoreMedicalCenter_standardcharges.csv,206,https://northshoremc.org/pricetransparency/995020733_NorthShoreMedicalCenter_standardcharges.csv,corroborated,file-name-and-address,HSA NSMC LLC,North Shore Medical Center,FL,2025-02-21,2.0.0,date-over-365-days,2026-09-09T10:07:06.342Z,61fc4bbc21aa1918696c94dfe5888c29ace0884357434569411c4a2f438cbc5c,15579c5b9e13d7e952512e01c660fdb900c5843dd7a80990026102f2b9eced9c,,Same declared date 2025-02-21 observed again after the earlier check (2026-09-09T01:47:59.636Z).
100044,CLEVELAND CLINIC MARTIN NORTH HOSPITAL,FL,identity-or-format-review,correction-verified,,Applied to the local reviewed ledger,https://my.clevelandclinic.org/cms-hpt.txt,206,2026-09-09T10:07:06.219Z,https://clevelandclinic.pt.panaceainc.com/MRFDownload/clevelandclinic/martin-north-south-tradition,https://clevelandclinic.pt.panaceainc.com/MRFDownload/clevelandclinic/martin-north-south-tradition,200,https://mrf.panaceainc.com/Download.aspx?org=clevelandclinic&loc=martin-north-south-tradition&ref=,corroborated-adjudicated,renamed-facility-pointer-label-and-roster-address,MARTIN MEMORIAL MEDICAL CENTER INC,Martin North Hospital|Martin South Hospital|Tradition Hospital,FL,2026-06-15,3.0.0,date-within-365-days-version-3,2026-09-09T10:45:20.882Z,8a7102fb70f59674a7740c0b54b46f9b69a0a7ac640d3e453017f9db332e1aae,d25b63c95a9ea742eab9836fec1dc73c1bdcd05ceee5efd506ed7dd3ed1f5a1b,renamed-facility-pointer-label-and-roster-address,Correction verified and already recorded in the reviewed ledger.
100053,HIALEAH HOSPITAL,FL,publisher-date-review,publisher-issue,declared-update-date-over-365-days,"Publisher inquiry with the recorded file URL, declared date and response hash; recheck after their update window",https://hialeahhosp.org/cms-hpt.txt,200,2026-09-09T10:07:06.200Z,,https://hialeahhosp.org/pricetransparency/995053647_HialeahHospital_standardcharges.csv,206,https://hialeahhosp.org/pricetransparency/995053647_HialeahHospital_standardcharges.csv,corroborated,file-name-and-address,HSA HH LLC,Hialeah Hospital,FL,2025-02-21,2.0.0,date-over-365-days,2026-09-09T10:07:06.693Z,0dd69ca1f9215c863aea66d226547021b199d5931039fab610c9c766bb2a6466,7e7837cd20a49d11bbf62a35b98fcdb2cdf3ebfc400badc8119a57169a51d95e,,Same declared date 2025-02-21 observed again after the earlier check (2026-09-09T01:47:57.201Z).
100067,ST ANTHONYS HOSPITAL,FL,file-access-review,unresolved,file-belongs-to-other-facility,Adjudicate facility identity: locate this facility's own pointer/file; do not reuse the shared-provider finding,https://baycare.org/cms-hpt.txt,206,2026-09-09T10:07:06.274Z,,https://baycare.org/-/media/project/baycare/consumer-portal/billing-and-insurance/pricing-files-compressed/475387418_bartowregionalmedicalcenter_standardcharges.zip,206,https://baycare.org/-/media/project/baycare/consumer-portal/billing-and-insurance/pricing-files-compressed/475387418_bartowregionalmedicalcenter_standardcharges.zip,other-facility,,Bartow Regional Medical Center,Bartow Regional Medical Center,FL,2026-01-01,3.0.0,date-within-365-days-version-3,2026-09-09T10:43:55.850Z,9e98171b0128f9f9014f3d26f25372f18f19943bc32c89d84a577ebd034c329f,96a40f37a7e302d6625a3eee08e9854616992fb24475912519436215c1f3effd,,
100071,TAMPA GENERAL HOSPITAL BROOKSVILLE,FL,file-access-review,unresolved,file-belongs-to-other-facility,Adjudicate facility identity: locate this facility's own pointer/file; do not reuse the shared-provider finding,https://www.tgh.org/cms-hpt.txt,200,2026-09-09T10:07:06.477Z,,https://www.tgh.org/-/media/files/patients-and-visitors/593458145_tampa-general-hospital_standardcharges.csv?rev=7c310c7c008b4517a240a5892e37ed20,206,https://www.tgh.org/-/media/files/patients-and-visitors/593458145_tampa-general-hospital_standardcharges.csv?rev=7c310c7c008b4517a240a5892e37ed20,other-facility,,Tampa General Hospital,Tampa General Hospital,FL,2026-04-01,3.0.0,date-within-365-days-version-3,2026-09-09T10:43:54.347Z,b3fd16fb7d5520056fb83359205088cddc06ebcdee9c07e7272c8dfe9ef06af4,23bc273c6bb309c9c299b5c10a61a3f0fac50fd16e8898f6cc623fe3a5d3b9dc,,
100090,FLAGLER HOSPITAL,FL,pointer-or-domain-review,unresolved,,Official-domain discovery: confirm the roster facility controls a domain exposing cms-hpt.txt before assigning it,https://flaglerhealth.org/cms-hpt.txt,"curl: (28) Operation timed out after 11641 milliseconds with 0 bytes received
",2026-09-09T11:36:21.683Z,,,,,,,,,,,,,,,,,
100105,CLEVELAND CLINIC INDIAN RIVER HOSPITAL,FL,file-access-review,correction-verified,,Applied to the local reviewed ledger,https://my.clevelandclinic.org/cms-hpt.txt,206,2026-09-09T10:07:06.219Z,https://clevelandclinic.pt.panaceainc.com/MRFDownload/clevelandclinic/indianriver,https://clevelandclinic.pt.panaceainc.com/MRFDownload/clevelandclinic/indianriver,200,https://mrf.panaceainc.com/Download.aspx?org=clevelandclinic&loc=indianriver&ref=,corroborated-adjudicated,renamed-facility-pointer-label-and-roster-address,INDIAN RIVER MEMORIAL HOSPITAL INC,Indian River Hospital,FL,2026-06-15,3.0.0,date-within-365-days-version-3,2026-09-09T10:45:06.868Z,8a7102fb70f59674a7740c0b54b46f9b69a0a7ac640d3e453017f9db332e1aae,0ed71f9c6c5dc013afa524b2aa37b745540377ced2f8be5da28a5848951d75a4,renamed-facility-pointer-label-and-roster-address,Correction verified and already recorded in the reviewed ledger.
100126,HCA FLORIDA PASADENA HOSPITAL A PART OF HCA FLORID,FL,pointer-or-domain-review,correction-verified,,Applied to the local reviewed ledger,https://www.hcafloridahealthcare.com/cms-hpt.txt,200,2026-09-09T10:07:06.490Z,https://stctrprodsnsvc00455826e6.blob.core.windows.net/pt-final-posting-files/80-0935610_HCA-FLORIDA-PASADENA-HOSPITAL_standardcharges.json?si=dpx-pt-json-access-policy&spr=https&sv=2026-02-06&sr=c&sig=ks%2BgfAjyEHlZmeP2PYJ%2f9NpMuCoRStjTb2bhIy9Y6LM%3D,https://stctrprodsnsvc00455826e6.blob.core.windows.net/pt-final-posting-files/80-0935610_HCA-FLORIDA-PASADENA-HOSPITAL_standardcharges.json?si=dpx-pt-json-access-policy&spr=https&sv=2026-02-06&sr=c&sig=ks%2BgfAjyEHlZmeP2PYJ%2f9NpMuCoRStjTb2bhIy9Y6LM%3D,206,https://stctrprodsnsvc00455826e6.blob.core.windows.net/pt-final-posting-files/80-0935610_HCA-FLORIDA-PASADENA-HOSPITAL_standardcharges.json?si=dpx-pt-json-access-policy&spr=https&sv=2026-02-06&sr=c&sig=ks%2BgfAjyEHlZmeP2PYJ%2f9NpMuCoRStjTb2bhIy9Y6LM%3D,corroborated-adjudicated,renamed-facility-pointer-label-and-roster-address,HCA FLORIDA PASADENA HOSPITAL,HCA FLORIDA PASADENA HOSPITAL,FL,2026-03-01,3.0.0,date-within-365-days-version-3,2026-09-09T10:07:06.861Z,3a0aa2dede5ac96d0ffce378a52c3def50393a44a4514e4337ee4ab45682df46,83806180807f0d90f360368b3763039739213121d3f8c3677a64db5cd8cf075b,renamed-facility-pointer-label-and-roster-address,Correction verified and already recorded in the reviewed ledger.
100135,TALLAHASSEE MEMORIAL HEALTHCARE,FL,publisher-date-review,publisher-issue,declared-update-date-over-365-days,"Publisher inquiry with the recorded file URL, declared date and response hash; recheck after their update window",https://www.tmh.org/sites/default/files/price-transparency/cms-hpt.txt,206,2026-09-09T10:07:06.610Z,,https://www.tmh.org/sites/default/files/price-transparency/591917016_tallahassee-memorial-hospital_standardcharges.csv,206,https://www.tmh.org/sites/default/files/price-transparency/591917016_tallahassee-memorial-hospital_standardcharges.csv,corroborated,file-name-and-address,Tallahassee Memorial Hospital ,Tallahassee Memorial Hospital ,FL,2025-05-15,2.0.0,date-over-365-days,2026-09-09T10:07:12.254Z,d5db55c10b6e2220dc195af8baa3b4c380977d32db9793173523c44ba56ad8c6,2b980227f8fb906fc00f9338c1c98732992810310e513f5b8c0459ce515bdf5f,,Same declared date 2025-05-15 observed again after the earlier check (2026-09-09T01:48:00.044Z).
100167,HCA FLORIDA MERCY HOSPITAL,FL,identity-quarantined,unresolved,,Facility identity adjudication against the roster before any pointer or file work,https://www.hcafloridahealthcare.com/cms-hpt.txt,200,2026-09-09T10:07:06.916Z,,,,,,,,,,,,,,3a0aa2dede5ac96d0ffce378a52c3def50393a44a4514e4337ee4ab45682df46,,,
100183,CORAL GABLES HOSPITAL,FL,publisher-date-review,publisher-issue,declared-update-date-over-365-days,"Publisher inquiry with the recorded file URL, declared date and response hash; recheck after their update window",https://coralgableshospital.org/cms-hpt.txt,200,2026-09-09T10:07:06.686Z,,https://coralgableshospital.org/pricetransparency/995038459_CoralGablesHospital_standardcharges.csv,206,https://coralgableshospital.org/pricetransparency/995038459_CoralGablesHospital_standardcharges.csv,corroborated,file-name-and-address,HSA CGH LLC,Coral Gables Hospital,FL,2025-02-21,2.0.0,date-over-365-days,2026-09-09T10:07:07.016Z,095ced637d223064efaeb234a43bb7ae801ce0ac838b122fca2aa926f6b4ff80,1ac0194571dfea0ec143b1954fabcb80d836f34f59e500099f95cfa668dddf45,,Same declared date 2025-02-21 observed again after the earlier check (2026-09-09T01:47:54.698Z).
100187,PALMETTO GENERAL HOSPITAL,FL,publisher-date-review,publisher-issue,declared-update-date-over-365-days,"Publisher inquiry with the recorded file URL, declared date and response hash; recheck after their update window",https://palmettogeneral.org/cms-hpt.txt,200,2026-09-09T10:07:06.886Z,,https://palmettogeneral.org/pricetransparency/995002378_PalmettoGeneralHospital_standardcharges.csv,206,https://palmettogeneral.org/pricetransparency/995002378_PalmettoGeneralHospital_standardcharges.csv,corroborated,file-name-and-address,HSA PGH LLC,Palmetto General Hospital,FL,2025-02-20,2.0.0,date-over-365-days,2026-09-09T10:07:07.578Z,d5d7a37b93a0b852af6c2e7d9cec4424eaa32da7bf7f77f97ef48b60be5184e7,a5c6d2a3e47b4d500c3a52dd7f6eabeddd687be634d2a19ae4633362888674ab,,Same declared date 2025-02-20 observed again after the earlier check (2026-09-09T01:47:59.720Z).
100204,HCA FLORIDA NORTH FLORIDA HOSPITAL,FL,pointer-or-domain-review,unresolved,,"Compare the parsed header against facility aliases, renames and campus entries; extend the capped read only if metadata may sit beyond it",https://www.hcafloridahealthcare.com/cms-hpt.txt,200,2026-09-09T10:07:06.490Z,,https://stctrprodsnsvc00455826e6.blob.core.windows.net/pt-final-posting-files/61-1269294_HCA-FLORIDA-NORTH-FLORIDA-HOSPITAL_standardcharges.json?si=dpx-pt-json-access-policy&spr=https&sv=2026-02-06&sr=c&sig=ks%2BgfAjyEHlZmeP2PYJ%2f9NpMuCoRStjTb2bhIy9Y6LM%3D,206,https://stctrprodsnsvc00455826e6.blob.core.windows.net/pt-final-posting-files/61-1269294_HCA-FLORIDA-NORTH-FLORIDA-HOSPITAL_standardcharges.json?si=dpx-pt-json-access-policy&spr=https&sv=2026-02-06&sr=c&sig=ks%2BgfAjyEHlZmeP2PYJ%2f9NpMuCoRStjTb2bhIy9Y6LM%3D,mrf-header-name-without-location,,HCA FLORIDA NORTH FLORIDA HOSPITAL,HCA FLORIDA WEST END EMERGENCY|HCA FLORIDA GAINESVILLE FSER|HCA FLORIDA MILLHOPPER EMERGENCY|HCA FLORIDA STARKE EMERGENCY|HCA FLORIDA NORTH FLORIDA HOSPITAL,FL,2026-05-05,3.0.0,date-within-365-days-version-3,2026-09-09T10:07:07.266Z,3a0aa2dede5ac96d0ffce378a52c3def50393a44a4514e4337ee4ab45682df46,b4fd6c7089571ec7e8181dedfadabaf58602558aa264969503f974e6cfeabf59,,
100220,GULF COAST MEDICAL CENTER LEE HEALTH,FL,file-access-review,correction-verified,,Applied to the local reviewed ledger,https://www.leehealth.org/cms-hpt.txt,206,2026-09-09T10:07:05.892Z,https://www.leehealth.org/machine-readable-files-lh-2026/99-2646504_GULF-COAST-MEDICAL-CENTER_standardcharges_20260401.zip,https://www.leehealth.org/machine-readable-files-lh-2026/99-2646504_GULF-COAST-MEDICAL-CENTER_standardcharges_20260401.zip,206,https://www.leehealth.org/machine-readable-files-lh-2026/99-2646504_GULF-COAST-MEDICAL-CENTER_standardcharges_20260401.zip,corroborated,file-name-and-address,GULF COAST MEDICAL CENTER,GULF COAST MEDICAL CENTER,FL,2026-03-26,3.0.0,date-within-365-days-version-3,2026-09-09T14:41:45.216Z,2c6f52c6fd412c5f19e1639bbc0c1c7210c06b0226fd69c79a7d205d0288885e,07f29b8f516e8a2c9ed28c6f42050a51afc417871666cc3461d21f3d32e8127b,,Correction verified and already recorded in the reviewed ledger.
100244,CAPE CORAL HOSPITAL,FL,file-access-review,correction-verified,,Applied to the local reviewed ledger,https://www.leehealth.org/cms-hpt.txt,206,2026-09-09T10:07:05.892Z,https://www.leehealth.org/machine-readable-files-lh-2026/99-2646504_CAPE-CORAL-HOSPITAL_standardcharges_20260401.zip,https://www.leehealth.org/machine-readable-files-lh-2026/99-2646504_CAPE-CORAL-HOSPITAL_standardcharges_20260401.zip,206,https://www.leehealth.org/machine-readable-files-lh-2026/99-2646504_CAPE-CORAL-HOSPITAL_standardcharges_20260401.zip,corroborated,file-name-and-address,CAPE CORAL HOSPITAL,CAPE CORAL HOSPITAL,FL,2026-03-26,3.0.0,date-within-365-days-version-3,2026-09-09T14:41:45.510Z,2c6f52c6fd412c5f19e1639bbc0c1c7210c06b0226fd69c79a7d205d0288885e,e2fbf697de36ee6189054404d1c791fa46afca3a1c0d3fe56c4b5e3e483d91ae,,Correction verified and already recorded in the reviewed ledger.
100249,TAMPA GENERAL HOSPITAL CRYSTAL RIVER,FL,file-access-review,publisher-issue,pointer-declared-file-404,Publisher inquiry to restore or replace the declared file; recheck after their update window,https://www.tgh.org/cms-hpt.txt,200,2026-09-09T10:07:06.477Z,,https://www.tghnorth.org/-/media/files/tgh-north-files/93-3085834_tampa-general-hospital-crystal-river_standardcharges_excel.csv?rev=707784c8944a446c94601457bea65319&hash=A8E4902F0337A7A83FB17BF07844A443,404,,,,,,,,,,2026-09-09T10:07:07.100Z,b3fd16fb7d5520056fb83359205088cddc06ebcdee9c07e7272c8dfe9ef06af4,,,The official pointer declares this file URL and it returns 404 on repeated checks; reproducible broken link.
100253,JUPITER MEDICAL CENTER,FL,publisher-template-review,publisher-issue,template-version-older-than-3,Publisher inquiry about the declared template version; recheck after their update window,https://www.jupitermed.com/cms-hpt.txt,206,2026-09-09T10:07:07.228Z,,https://www.jupitermed.com/documents/content/59-1460239_jupiter-medical-center_standardcharges.csv,206,https://www.jupitermed.com/documents/content/59-1460239_jupiter-medical-center_standardcharges.csv,corroborated,file-name-and-address,Jupiter Medical Center,Jupiter Medical Center,FL,2025-10-01,2.2.0,date-within-365-days-older-version,2026-09-09T10:07:07.780Z,2bff1fd0440516ef609069e00732392b47d585f848c6640eda16d54ade9f7643,9d74e4de966d1a45254fb5ce1c30d4c23ff2c86f90cf43a318a8d3abf34d14cc,,Declared version 2.2.0 with a current date; publisher has not adopted the current CMS dictionary.
100275,WELLINGTON REGIONAL MEDICAL CENTER,FL,pointer-or-domain-review,unresolved,,Official-domain discovery: confirm the roster facility controls a domain exposing cms-hpt.txt before assigning it,https://wellingtonregional.com/cms-hpt.txt,403,2026-09-09T11:36:09.170Z,,,,,,,,,,,,,,,,,
100277,DOUGLAS GARDENS HOSPITAL,FL,pointer-or-domain-review,unresolved,,Official-domain discovery: confirm the roster facility controls a domain exposing cms-hpt.txt before assigning it,https://dgcmhc.org/cms-hpt.txt,404,2026-09-09T11:36:09.191Z,,,,,,,,,,,,,,,,,
100298,FLORIDA STATE HOSPITAL UNIT 31 MED,FL,pointer-or-domain-review,unresolved,,Official-domain discovery: confirm the roster facility controls a domain exposing cms-hpt.txt before assigning it,https://myflfamilies.com/cms-hpt.txt,404,2026-09-09T11:36:09.338Z,,,,,,,,,,,,,,,,,
100299,LAKEWOOD RANCH MEDICAL CENTER,FL,pointer-or-domain-review,unresolved,,Official-domain discovery: confirm the roster facility controls a domain exposing cms-hpt.txt before assigning it,https://lakewoodranchmedicalcenter.com/cms-hpt.txt,403,2026-09-09T11:36:09.333Z,,,,,,,,,,,,,,,,,
100330,HALIFAX HEALTH /UF HEALTH MEDICAL CENTER OF DELTON,FL,file-access-review,unresolved,,"Compare the parsed header against facility aliases, renames and campus entries; extend the capped read only if metadata may sit beyond it",https://halifaxhealth.org/cms-hpt.txt,206,2026-09-09T10:07:07.110Z,,https://halifax.pt.panaceainc.com/MRFDownload/halifax/deltona,200,https://mrf.panaceainc.com/Download.aspx?org=halifax&loc=deltona&ref=,mrf-header-does-not-match-unresolved-roster,,medical center of deltona inc,Medical Center of Deltona,FL,2026-08-05,3.0.0,date-within-365-days-version-3,2026-09-09T10:07:08.066Z,00ab4830761baad22746b6b07fa30a036e7341661579c2aa2c6d26c8b504e655,073e839594559fc9c45094a3c57e94a702952692ae9096b208c1920fd25974a3,,
101303,LAKE BUTLER HOSPITAL,FL,pointer-or-domain-review,unresolved,,Official-domain discovery: confirm the roster facility controls a domain exposing cms-hpt.txt before assigning it,https://lakebutlerhospital.com/cms-hpt.txt,403,2026-09-09T11:36:09.736Z,,,,,,,,,,,,,,,,,
103300,JOHNS HOPKINS ALL CHILDREN'S HOSPITAL,FL,pointer-or-domain-review,unresolved,,Official-domain discovery: confirm the roster facility controls a domain exposing cms-hpt.txt before assigning it,https://hopkinsallchildrens.org/cms-hpt.txt,403,2026-09-09T11:36:09.460Z,,,,,,,,,,,,,,,,,
104007,NORTHEAST FLORIDA STATE HOSPITAL,FL,pointer-or-domain-review,unresolved,,Official-domain discovery: confirm the roster facility controls a domain exposing cms-hpt.txt before assigning it,https://myflfamilies.com/cms-hpt.txt,404,2026-09-09T11:36:09.338Z,,,,,,,,,,,,,,,,,
104024,"CIRCLES OF CARE, INC",FL,publisher-template-review,unresolved,,Browser download attempt on the recorded file URL; a failed automated request is not evidence the file is absent,https://circlesofcare.org/cms-hpt.txt,"curl: (28) Resolving timed out after 8013 milliseconds
",2026-09-09T10:37:36.611Z,,,,,,,,,,,,,,,,,All recorded file leads failed at transport level again this run (reproducible connection failure).
104084,NEUROBEHAVIORAL HOSPITAL OF THE PALM BEACHES-NORTH,FL,publisher-template-review,publisher-issue,automated-file-access-denied,"Browser download attempt, then publisher whitelist request with the recorded denial evidence",https://nbhospitals.com/cms-hpt.txt,403,2026-09-09T10:07:07.876Z,,https://nbhospitals.com/standard-services/Pricing-guidelinesNeuro.csv,403,,,,,,,,,,2026-09-09T10:07:08.003Z,,,,Automated retrieval denied while the earlier pass corroborated facility identity from this URL; not evidence of a missing file.
104085,NEUROBEHAVIORAL HOSPITAL OF THE PALM BEACHES-SOUTH,FL,publisher-template-review,publisher-issue,automated-file-access-denied,"Browser download attempt, then publisher whitelist request with the recorded denial evidence",https://nbhospitals.com/cms-hpt.txt,403,2026-09-09T10:07:07.876Z,,https://nbhospitals.com/standard-services/Pricing-guidelinesNeuro.csv,403,,,,,,,,,,2026-09-09T10:07:08.003Z,,,,Automated retrieval denied while the earlier pass corroborated facility identity from this URL; not evidence of a missing file.
110002,UPSON REGIONAL MEDICAL CENTER,GA,pointer-or-domain-review,unresolved,lead-domain-names-facility-no-pointer,Browser pricing-page walk on the named domain to locate the pointer or its replacement,https://urmc.org/cms-hpt.txt,404,2026-09-09T11:36:11.308Z,,,,,,,,,,,,,,,,,Lead domain https://urmc.org/ names the facility on its homepage but serves no readable cms-hpt.txt at the standard location; homepage evidence retained.
110005,NORTHSIDE HOSPITAL FORSYTH,GA,file-access-review,correction-verified,,Applied to the local reviewed ledger,https://www.northside.com/cms-hpt.txt,206,2026-09-09T10:07:07.921Z,https://assets.northside.com/price-transparency/581954432-1376574277_northside-hospital-inc_standardcharges.json,https://assets.northside.com/price-transparency/581954432-1376574277_northside-hospital-inc_standardcharges.json,200,https://assets.northside.com/price-transparency/581954432-1376574277_northside-hospital-inc_standardcharges.json,corroborated,file-name-and-address,"Northside Hospital, Inc.",Northside Hospital Forsyth,GA,2026-02-15,3.0.0,date-within-365-days-version-3,2026-09-09T15:26:15.071Z,1e3642cb04cc87951223dc2a647921f4bd9334231a6d1153aeec016d819a9637,465772179d655051d46f17c8e19d901b486dcd4e586bbbea8ad6f639eec21f14,,Correction verified and already recorded in the reviewed ledger.
110006,ST MARY'S HOSPITAL,GA,file-access-review,publisher-issue,declared-update-date-over-365-days,"Publisher inquiry with the recorded file URL, declared date and response hash; recheck after their update window",https://www.stmaryshealthcaresystem.org/sites/default/files/cms-hpt.txt,200,2026-09-09T10:07:09.776Z,,https://trinityhealth.pt.panaceainc.com/MRFDownload/trinityhealth/stmaryshealthcaresystem,200,https://mrf.panaceainc.com/Download.aspx?org=trinityhealth&loc=stmaryshealthcaresystem&ref=,corroborated-adjudicated,renamed-facility-pointer-label-and-roster-address,St. Mary's Health Care System,St. Mary's Health Care System,GA,2025-01-01,2.0.0,date-over-365-days,2026-09-09T10:07:11.241Z,4ac6997ce30db7f118a79143acccc6cec88c6cea27410de1f4863874541661be,5552bec506b3019f04a54a5257f90201092319dde9dc70aeaaef20d8d93e2a26,renamed-facility-pointer-label-and-roster-address,Same declared date 2025-01-01 observed again after the earlier check (2026-09-09T02:23:39.720Z).
110008,NORTHSIDE HOSPITAL CHEROKEE,GA,file-access-review,correction-verified,,Applied to the local reviewed ledger,https://www.northside.com/cms-hpt.txt,206,2026-09-09T10:07:07.921Z,https://assets.northside.com/price-transparency/581954432-1225050396_northside-hospital-inc_standardcharges.json,https://assets.northside.com/price-transparency/581954432-1225050396_northside-hospital-inc_standardcharges.json,200,https://assets.northside.com/price-transparency/581954432-1225050396_northside-hospital-inc_standardcharges.json,corroborated,file-name-and-address,"Northside Hospital, Inc.",Northside Hospital Cherokee,GA,2026-02-14,3.0.0,date-within-365-days-version-3,2026-09-09T15:26:15.050Z,1e3642cb04cc87951223dc2a647921f4bd9334231a6d1153aeec016d819a9637,3a2bcebb62e1d98a32961598a11623a36c63332de94089b7ffc59f933e85a2aa,,Correction verified and already recorded in the reviewed ledger.
110024,CANDLER HOSPITAL,GA,publisher-date-review,publisher-issue,declared-update-date-over-365-days,"Publisher inquiry with the recorded file URL, declared date and response hash; recheck after their update window",https://www.sjchs.org/cms-hpt.txt,206,2026-09-09T10:07:09.000Z,,https://www.sjchs.org/docs/default-source/default-document-library/580593388_candler-hospital_standardcharges293f9cd3-a627-4d74-aabc-b691b192010e.json,206,https://www.sjchs.org/docs/default-source/default-document-library/580593388_candler-hospital_standardcharges293f9cd3-a627-4d74-aabc-b691b192010e.json,corroborated,file-name-and-address,Candler Hospital,Candler Hospital,GA,2025-07-01,2.2.0,date-over-365-days,2026-09-09T10:07:12.214Z,1ae685cefe2766048ce03d31d451ea1f32a8f18101b066dc96c3393f57eb9662,29e3b0b8045f5567cc1507b4fd9b5e8e191c0167741f59cd76844179266737e3,,Same declared date 2025-07-01 observed again after the earlier check (2026-09-09T01:48:00.077Z).
110025,SOUTHEAST GEORGIA HEALTH SYSTEM- BRUNSWICK CAMPUS,GA,publisher-date-review,publisher-issue,declared-update-date-over-365-days,"Publisher inquiry with the recorded file URL, declared date and response hash; recheck after their update window",https://www.sghs.org/cms-hpt.txt,206,2026-09-09T10:07:09.803Z,,https://res.cloudinary.com/dpmykpsih/raw/upload/southeast-georgia-site-441/media/r/3973089e73b74845a679c5863cedd135/581911751_southeast-georgia-health-system-brunswick-campus_standardcharg.csv,206,https://res.cloudinary.com/dpmykpsih/raw/upload/southeast-georgia-site-441/media/r/3973089e73b74845a679c5863cedd135/581911751_southeast-georgia-health-system-brunswick-campus_standardcharg.csv,corroborated,file-name-and-address,Southeast Georgia Health System - Brunswick Campus,Southeast Georgia Health System | Brunswick Campus,GA,2025-01-01,2.0.0,date-over-365-days,2026-09-09T10:07:11.498Z,b3546d0f4a79ef3bd0cb2997a081fe11f949e22405741dabf86b67f9e0fa6d92,a2566268163dfcd22a2532eb48cd09243b2e1dad1609cbc6c3c9b29e8f854b4f,,Same declared date 2025-01-01 observed again after the earlier check (2026-09-09T01:48:01.189Z).
110087,NORTHSIDE HOSPITAL GWINNETT,GA,file-access-review,correction-verified,,Applied to the local reviewed ledger,https://www.northside.com/cms-hpt.txt,206,2026-09-09T10:07:07.921Z,https://assets.northside.com/price-transparency/581954432-1952340994_northside-hospital-inc_standardcharges.json,https://assets.northside.com/price-transparency/581954432-1952340994_northside-hospital-inc_standardcharges.json,200,https://assets.northside.com/price-transparency/581954432-1952340994_northside-hospital-inc_standardcharges.json,corroborated-adjudicated,exact-name-and-street-with-postal-zip-variant,"Northside Hospital, Inc.",Northside Hospital Gwinnett,GA,2026-02-15,3.0.0,date-within-365-days-version-3,2026-09-09T15:26:15.108Z,1e3642cb04cc87951223dc2a647921f4bd9334231a6d1153aeec016d819a9637,d89900bd8d5e745b8114fb0376b57023d56514ded424d031d04bc43ce08966e0,exact-name-and-street-with-postal-zip-variant,Correction verified and already recorded in the reviewed ledger.
110101,"SOUTHWELL MEDICAL, A CAMPUS OF TRMC",GA,pointer-or-domain-review,unresolved,lead-domain-names-facility-no-pointer,Browser pricing-page walk on the named domain to locate the pointer or its replacement,https://mysouthwell.com/cms-hpt.txt,404,2026-09-09T11:36:21.217Z,,,,,,,,,,,,,,,,,Lead domain https://mysouthwell.com/ names the facility on its homepage but serves no readable cms-hpt.txt at the standard location; homepage evidence retained.
110128,MEMORIAL HEALTH MEADOWS HOSPITAL,GA,pointer-or-domain-review,unresolved,,"Compare the parsed header against facility aliases, renames and campus entries; extend the capped read only if metadata may sit beyond it",https://www.memorialhealth.com/cms-hpt.txt,200,2026-09-09T10:07:10.027Z,,https://stctrprodsnsvc00455826e6.blob.core.windows.net/pt-final-posting-files/85-2556972_MEMORIAL-HEALTH-MEADOWS-HOSPITAL_standardcharges.json?si=dpx-pt-json-access-policy&spr=https&sv=2026-02-06&sr=c&sig=ks%2BgfAjyEHlZmeP2PYJ%2f9NpMuCoRStjTb2bhIy9Y6LM%3D,206,https://stctrprodsnsvc00455826e6.blob.core.windows.net/pt-final-posting-files/85-2556972_MEMORIAL-HEALTH-MEADOWS-HOSPITAL_standardcharges.json?si=dpx-pt-json-access-policy&spr=https&sv=2026-02-06&sr=c&sig=ks%2BgfAjyEHlZmeP2PYJ%2f9NpMuCoRStjTb2bhIy9Y6LM%3D,mrf-header-name-without-location,,MEMORIAL HEALTH MEADOWS HOSPITAL,MEMORIAL HEALTH MEADOWS HOSPITAL,GA,2026-03-01,3.0.0,date-within-365-days-version-3,2026-09-09T10:07:25.466Z,928b963b71b89e8908bf9a9eaa1f10cec817e9292aa7c63ee2ce4786953b2cec,59dd3972c72c64826bdc37986684ea8f7d2c1a642f1617df8a499b33b2cab27f,,
110129,ST FRANCIS HOSPITAL- EMORY HEALTHCARE,GA,pointer-or-domain-review,unresolved,,Official-domain discovery: confirm the roster facility controls a domain exposing cms-hpt.txt before assigning it,https://emoryhealthcare.org/cms-hpt.txt,"curl: (28) Resolving timed out after 8004 milliseconds
",2026-09-09T11:36:29.449Z,,https://www.emoryhealthcare.org/cms-hpt.txt,206,https://www.emoryhealthcare.org/cms-hpt.txt,mrf-header-has-no-license-state,,,,,,,date-unverified,2026-09-09T12:40:26.331Z,,e7cdb0b62b017285db0a5ca5e11a0b7e8aca2078596c5fe1f254f66261169ae8,,
110146,SOUTHEAST GEORGIA HEALTH SYSTEM -- CAMDEN CAMPUS,GA,publisher-date-review,publisher-issue,declared-update-date-over-365-days,"Publisher inquiry with the recorded file URL, declared date and response hash; recheck after their update window",https://www.sghs.org/cms-hpt.txt,206,2026-09-09T10:07:09.803Z,,https://res.cloudinary.com/dpmykpsih/raw/upload/southeast-georgia-site-441/media/r/2b7af40f710742bdb73b6db38189c1a2/581911751_southeast-georgia-health-system-camden-campus_standardcharges.csv,206,https://res.cloudinary.com/dpmykpsih/raw/upload/southeast-georgia-site-441/media/r/2b7af40f710742bdb73b6db38189c1a2/581911751_southeast-georgia-health-system-camden-campus_standardcharges.csv,corroborated,file-name-and-address,Southeast Georgia Health System - Camden Campus,Southeast Georgia Health System | Camden Campus,GA,2025-01-28,2.0.0,date-over-365-days,2026-09-09T10:07:25.916Z,b3546d0f4a79ef3bd0cb2997a081fe11f949e22405741dabf86b67f9e0fa6d92,f637fe8e76ced9716c78ee72d38e3bdf27f91278f45ae7627194b4960875c537,,Same declared date 2025-01-28 observed again after the earlier check (2026-09-09T01:48:01.109Z).
110161,NORTHSIDE HOSPITAL,GA,file-access-review,correction-verified,,Applied to the local reviewed ledger,https://www.northside.com/cms-hpt.txt,206,2026-09-09T10:07:07.921Z,https://assets.northside.com/price-transparency/581954432-1457396079_northside-hospital-inc_standardcharges.json,https://assets.northside.com/price-transparency/581954432-1457396079_northside-hospital-inc_standardcharges.json,200,https://assets.northside.com/price-transparency/581954432-1457396079_northside-hospital-inc_standardcharges.json,corroborated,file-name-and-address,"Northside Hospital, Inc.",Northside Hospital Atlanta,GA,2026-02-14,3.0.0,date-within-365-days-version-3,2026-09-09T15:26:15.083Z,1e3642cb04cc87951223dc2a647921f4bd9334231a6d1153aeec016d819a9637,a2b5f3f9de5b4b85cf026740ef69cd872321436a90f60574cff95d3aad342a08,,Correction verified and already recorded in the reviewed ledger.
110194,DONALSONVILLE HOSPITAL INC,GA,pointer-or-domain-review,unresolved,,Official-domain discovery: confirm the roster facility controls a domain exposing cms-hpt.txt before assigning it,https://donalsonvillehospital.org/cms-hpt.txt,"curl: (28) Resolving timed out after 8002 milliseconds
",2026-09-09T11:36:29.578Z,,,,,,,,,,,,,,,,,
110233,"SOUTHEASTERN REGIONAL MEDICAL CENTER, INC",GA,pointer-or-domain-review,unresolved,,Official-domain discovery: confirm the roster facility controls a domain exposing cms-hpt.txt before assigning it,https://cityofhope.org/cms-hpt.txt,"curl: (28) Resolving timed out after 8005 milliseconds
",2026-09-09T11:36:29.609Z,,,,,,,,,,,,,,,,,
110236,COMMONSPIRIT-MEMORIAL HOSPITAL-NORTH GEORGIA,GA,identity-or-format-review,unresolved,,"Compare the parsed header against facility aliases, renames and campus entries; extend the capped read only if metadata may sit beyond it",https://www.commonspirit.org/cms-hpt.txt,206,2026-09-09T10:07:02.326Z,,https://www.commonspirit.org/content/dam/commonspiritorg/en/chime/sotg/finance/price-transparency/822748395-1356860621_chi-memorial-hospital-georgia_standardcharges.json,206,https://www.commonspirit.org/content/dam/commonspiritorg/en/chime/sotg/finance/price-transparency/822748395-1356860621_chi-memorial-hospital-georgia_standardcharges.json,corroborated-adjudicated,renamed-facility-pointer-label-and-roster-address,CHI MEMORIAL HOSPITAL - GEORGIA,CHI Memorial Hospital - Georgia,GA,2026-02-28,3.0.0,date-within-365-days-version-3,2026-09-09T10:07:25.799Z,385a5f374bb39ccdd5be2df699183bea76528f3dface47743372b8d4824a335f,85f002ca6fb7f0bea381a497e1363b70fd5da3fb65f2cacf2145aba6cdc5de4b,renamed-facility-pointer-label-and-roster-address,
110252,NORTHSIDE HOSPITAL DULUTH,GA,file-access-review,correction-verified,,Applied to the local reviewed ledger,https://www.northside.com/cms-hpt.txt,206,2026-09-09T10:07:07.921Z,https://assets.northside.com/price-transparency/581954432-1790715381_northside-hospital-inc_standardcharges.json,https://assets.northside.com/price-transparency/581954432-1790715381_northside-hospital-inc_standardcharges.json,200,https://assets.northside.com/price-transparency/581954432-1790715381_northside-hospital-inc_standardcharges.json,corroborated,file-name-and-address,"Northside Hospital, Inc.",Northside Hospital Duluth,GA,2026-02-14,3.0.0,date-within-365-days-version-3,2026-09-09T15:26:15.097Z,1e3642cb04cc87951223dc2a647921f4bd9334231a6d1153aeec016d819a9637,2064ab0a41c6855362bbf23a207fa81824cbf7baf89a4ae68f7c7e469677e29f,,Correction verified and already recorded in the reviewed ledger.
110253,SOUTH GEORGIA SPECIALTY HOSPITAL,GA,identity-or-format-review,unresolved,,"Compare the parsed header against facility aliases, renames and campus entries; extend the capped read only if metadata may sit beyond it",https://southgeorgiaspecialtyhospital.com/cms-hpt.txt,403,2026-09-09T10:07:25.326Z,,https://southgeorgiaspecialtyhospital.com/wp-content/uploads/2025/05/844617179_affabilis-ii-llc-dba-south-georgia-specialty-hospital_standardcharges.csv,206,https://southgeorgiaspecialtyhospital.com/wp-content/uploads/2025/05/844617179_affabilis-ii-llc-dba-south-georgia-specialty-hospital_standardcharges.csv,mrf-header-name-without-location,,South Georgia Specialty Hospital,South Georgia Specialty Hospital,GA,2025-01-01,2.0.0,date-over-365-days,2026-09-09T16:09:00.030Z,,d0e84c91fb06df131e6f98cb007a6e8d10754c1e6b3591d1da595c6d754f811d,,
111314,LIFEBRITE COMMUNITY HOSPITAL OF EARLY,GA,identity-or-format-review,unresolved,file-belongs-to-other-facility,Adjudicate facility identity: locate this facility's own pointer/file; do not reuse the shared-provider finding,https://www2.novanthealth.org/Public_Files/regulatory/cms-hpt.txt,206,2026-09-09T10:07:25.203Z,,https://www2.novanthealth.org/Public_Files/regulatory/334072561_novant-health-stokes-medical-center_standardcharges_6-2026.csv,206,https://www2.novanthealth.org/Public_Files/regulatory/334072561_novant-health-stokes-medical-center_standardcharges_6-2026.csv,other-facility,,"Novant Health Stokes Medical Center, LLC",Community Hospital of Stokes,NC,2026-06-24,3.0.0,date-within-365-days-version-3,2026-09-09T10:07:25.990Z,d9429491fabe124d5d03998a0905ed62e95bad0521091d308a3c43d458365a76,68021d02b4806515360bb98caaaf6a53bab17fbaef4d54fd2900408cd7620183,,
111318,MONROE COUNTY HOSPITAL,GA,pointer-or-domain-review,unresolved,,Official-domain discovery: confirm the roster facility controls a domain exposing cms-hpt.txt before assigning it,https://monroehospital.org/cms-hpt.txt,"curl: (28) Resolving timed out after 8005 milliseconds
",2026-09-09T11:36:29.873Z,,,,,,,,,,,,,,,,,
111329,ST MARYS GOOD SAMARITAN HOSPITAL,GA,publisher-date-review,publisher-issue,declared-update-date-over-365-days,"Publisher inquiry with the recorded file URL, declared date and response hash; recheck after their update window",https://www.stmaryshealthcaresystem.org/sites/default/files/cms-hpt.txt,200,2026-09-09T10:07:09.776Z,,https://trinityhealth.pt.panaceainc.com/MRFDownload/trinityhealth/stmarys-goodsamaritanhospital,200,https://mrf.panaceainc.com/Download.aspx?org=trinityhealth&loc=stmarys-goodsamaritanhospital&ref=,corroborated,file-name-and-address,St Marys Good Samaritan Hospital,St Marys Good Samaritan Hospital,GA,2025-01-01,2.0.0,date-over-365-days,2026-09-09T10:07:26.266Z,4ac6997ce30db7f118a79143acccc6cec88c6cea27410de1f4863874541661be,4fe0f4f125957fe1c431cd82b29799a877a0527bf6a48d210ca6aa2547f41139,,Same declared date 2025-01-01 observed again after the earlier check (2026-09-09T02:23:33.619Z).
111337,ELBERT MEMORIAL HOSPITAL,GA,pointer-or-domain-review,unresolved,,Official-domain discovery: confirm the roster facility controls a domain exposing cms-hpt.txt before assigning it,https://emhcare.net/cms-hpt.txt,"curl: (28) Resolving timed out after 8005 milliseconds
",2026-09-09T11:36:38.152Z,,,,,,,,,,,,,,,,,
113300,ATHUR M BLANK HOSPITAL,GA,pointer-or-domain-review,unresolved,,Official-domain discovery: confirm the roster facility controls a domain exposing cms-hpt.txt before assigning it,https://choaassets.choa.org/cms-hpt.txt,"curl: (6) Could not resolve host: choaassets.choa.org
",2026-09-09T11:36:31.905Z,,,,,,,,,,,,,,,,,
113301,CHILDREN'S HEALTHCARE OF ATLANTA AT SCOTTISH RITE,GA,pointer-or-domain-review,unresolved,,Official-domain discovery: confirm the roster facility controls a domain exposing cms-hpt.txt before assigning it,https://choaassets.choa.org/cms-hpt.txt,"curl: (6) Could not resolve host: choaassets.choa.org
",2026-09-09T11:36:31.905Z,,,,,,,,,,,,,,,,,
114004,SUMMITRIDGE CENTER- PSYCHIATRY & ADDICTIVE MED,GA,pointer-or-domain-review,unresolved,,Official-domain discovery: confirm the roster facility controls a domain exposing cms-hpt.txt before assigning it,https://summitridgehospital.net/cms-hpt.txt,403,2026-09-09T11:36:32.166Z,,,,,,,,,,,,,,,,,
130003,ST JOSEPH REGIONAL MEDICAL CENTER,ID,pointer-or-domain-review,unresolved,,Official-domain discovery: confirm the roster facility controls a domain exposing cms-hpt.txt before assigning it,https://sjrmc.org/cms-hpt.txt,406,2026-09-09T11:36:32.178Z,,,,,,,,,,,,,,,,,
130063,TREASURE VALLEY HOSPITAL,ID,publisher-date-review,publisher-issue,declared-update-date-over-365-days,"Publisher inquiry with the recorded file URL, declared date and response hash; recheck after their update window",https://treasurevalleyhospital.com/cms-hpt.txt,206,2026-09-09T10:07:21.009Z,,https://cdn.sanity.io/files/rlbzokv7/production/063a7fda12ee958c90577c83cec3c34abe54407c.csv,206,https://cdn.sanity.io/files/rlbzokv7/production/063a7fda12ee958c90577c83cec3c34abe54407c.csv,corroborated,file-name-and-address,Treasure Valley Hospital Limited Partnership,Treasure Valley Hospital,ID,2024-07-01,2.0.0,date-over-365-days,2026-09-09T10:07:26.785Z,ebeb30639473b5b39f69de409f1a03d3b484d594d27ef5460e0fbe929f0ad7c7,3768c0a188c1eec891f7e7bac195cf6da9324b2c86460e95f55b0385957c4731,,Same declared date 2024-07-01 observed again after the earlier check (2026-09-09T01:48:03.989Z).
131319,MINIDOKA MEMORIAL HOSPITAL,ID,file-access-review,unresolved,,Browser download attempt on the recorded file URL; a failed automated request is not evidence the file is absent,https://minidokamemorial.org/cms-hpt.txt,403,2026-09-09T10:07:25.661Z,,,,,,,,,,,,,,,,,
131326,CASSIA REGIONAL HOSPITAL,ID,file-access-review,correction-verified,,Applied to the local reviewed ledger,https://intermountainhealthcare.org/sc10media/files/intermountain-health/locations/hospital-prices/price-transparency.txt,206,2026-09-09T10:07:26.276Z,https://intermountainhealthcare.org/-/media/files/intermountain-health/locations/hospital-prices/942854057_cassia-regional-hospital_standardcharges.ashx,https://intermountainhealthcare.org/-/media/files/intermountain-health/locations/hospital-prices/942854057_cassia-regional-hospital_standardcharges.ashx,206,https://intermountainhealthcare.org/-/media/files/intermountain-health/locations/hospital-prices/942854057_cassia-regional-hospital_standardcharges.ashx,corroborated-adjudicated,renamed-facility-pointer-label-and-roster-address,"IHC Health Services Inc., DBA Intermountain Health Cassia Regional Hospital",Intermountain Health Cassia Regional Hospital,ID,2026-08-05,3.0.0,date-within-365-days-version-3,2026-09-09T10:07:50.433Z,27519a841abdd3d59fb115053eff5b949c411d60684197447a47eae07bc207a5,b3e56cacafa623e1415aa3e2a47f925ca6b5735634e5b0c30d2f6a6ae3417f00,renamed-facility-pointer-label-and-roster-address,Correction verified and already recorded in the reviewed ledger.
131327,GRITMAN MEDICAL CENTER,ID,pointer-or-domain-review,unresolved,,Official-domain discovery: confirm the roster facility controls a domain exposing cms-hpt.txt before assigning it,https://gritman.org/cms-hpt.txt,"curl: (28) Connection timed out after 8005 milliseconds
",2026-09-09T11:36:49.670Z,,,,,,,,,,,,,,,,,
140010,NORTHSHORE UNIVERSITY HEALTHSYSTEM - EVANSTON HOSPITAL,IL,pointer-or-domain-review,unresolved,,Browser download attempt on the recorded file URL; a failed automated request is not evidence the file is absent,https://www.nch.org/cms-hpt.txt,206,2026-09-09T10:07:26.591Z,,,,,,,,,,,,,,7b67b2e8039ed0fa76fb529f5fcf93bf1ac81b08425f6667cd8bd91ff84683ec,,,
140029,COPLEY MEMORIAL HOSPITAL,IL,pointer-or-domain-review,correction-verified,,Applied to the local reviewed ledger,https://www.rush.edu/cms-hpt.txt,206,2026-09-09T10:07:25.812Z,https://apps.para-hcfs.com/PTT/FinalLinks/Reports.aspx?dbName=dbCMHAURORAIL&type=CDMWithoutLabel&fileType=CSV,https://apps.para-hcfs.com/PTT/FinalLinks/Reports.aspx?dbName=dbCMHAURORAIL&type=CDMWithoutLabel&fileType=CSV,200,https://apps.para-hcfs.com/PTT/FinalLinks/Reports.aspx?dbName=dbCMHAURORAIL&type=CDMWithoutLabel&fileType=CSV,corroborated,file-name-and-address,COPLEY MEMORIAL HOSPITAL INC,COPLEY MEMORIAL HOSPITAL INC,IL,2026-07-22,3.0.0,date-within-365-days-version-3,2026-09-09T10:07:26.197Z,baad739cfb87eb6de1667c634f880f8be55f92bd6c6028d05639e17ecf17691b,739fe87c295b12fee4d7cb98984d1ed6730b678037e26b060f9432d6111fb9b2,,Correction verified and already recorded in the reviewed ledger.
140049,WEST SUBURBAN MEDICAL CENTER,IL,publisher-date-review,publisher-issue,declared-update-date-over-365-days,"Publisher inquiry with the recorded file URL, declared date and response hash; recheck after their update window",https://www.westsuburbanmc.com/8454_West%20Suburban%20Medical%20Center_2025-04-01.txt,200,2026-09-09T10:07:26.738Z,,https://sthpiprd.blob.core.windows.net/machine-readable-files/12712/611899386_resilience-healthcare-west-suburban-medical-center-llc_standardcharges.csv,206,https://sthpiprd.blob.core.windows.net/machine-readable-files/12712/611899386_resilience-healthcare-west-suburban-medical-center-llc_standardcharges.csv,corroborated,file-name-and-address,Resilience Healthcare West Suburban Medical Center LLC,West Suburban Medical Center,IL,2025-03-17,2.0.0,date-over-365-days,2026-09-09T10:07:26.635Z,190fec914afd7461786992b159f6bf45a9ea187cdf694edefd7c81da8555b7e0,e2715e84451d6e3b3771bb4993429d2ecf1a3d9efe736b2e000490fb866eb8a7,,Same declared date 2025-03-17 observed again after the earlier check (2026-09-09T02:25:44.926Z).
140063,RUSH OAK PARK HOSPITAL,IL,pointer-or-domain-review,correction-verified,,Applied to the local reviewed ledger,https://www.rush.edu/cms-hpt.txt,206,2026-09-09T10:07:25.812Z,https://apps.para-hcfs.com/PTT/FinalLinks/Reports.aspx?dbName=dbRushOakPark&type=CDMWithoutLabel&fileType=CSV,https://apps.para-hcfs.com/PTT/FinalLinks/Reports.aspx?dbName=dbRushOakPark&type=CDMWithoutLabel&fileType=CSV,200,https://apps.para-hcfs.com/PTT/FinalLinks/Reports.aspx?dbName=dbRushOakPark&type=CDMWithoutLabel&fileType=CSV,corroborated,file-name-and-address,Rush Oak Park Hospital Inc,Rush Oak Park Hospital Inc,IL,2026-07-22,3.0.0,date-within-365-days-version-3,2026-09-09T10:07:26.897Z,baad739cfb87eb6de1667c634f880f8be55f92bd6c6028d05639e17ecf17691b,fae3a3de5967141a2aa9d9cb6888b8d34ab7edd2b6e8d606e7d7e6faf8b80ac5,,Correction verified and already recorded in the reviewed ledger.
140082,LOUIS A WEISS MEMORIAL HOSPITAL,IL,publisher-date-review,publisher-issue,declared-update-date-over-365-days,"Publisher inquiry with the recorded file URL, declared date and response hash; recheck after their update window",https://www.weisshospital.com/8453_Weiss%20Memorial%20Hospital_2025-04-01.txt,200,2026-09-09T10:07:26.150Z,,https://sthpiprd.blob.core.windows.net/machine-readable-files/12711/352637418_resilience-healthcare-weiss-memorial-hospital-llc_standardcharges.csv,206,https://sthpiprd.blob.core.windows.net/machine-readable-files/12711/352637418_resilience-healthcare-weiss-memorial-hospital-llc_standardcharges.csv,corroborated,file-name-and-address,Resilience Healthcare Weiss Memorial Hospital LLC,Louis A. Weiss Memorial Hospital,IL,2025-03-17,2.0.0,date-over-365-days,2026-09-09T10:37:17.663Z,44c7588b9c8380e9984a89ea4232a177cf1ed65ff5fab06a80ae47356ba4e0ad,9eb46ebf599bc38f6ee9b33ed763e63dcc12cce09d4096ba7582a7d4c632b0a3,,Same declared date 2025-03-17 observed again after the earlier check (2026-09-09T01:48:06.392Z).
140084,VISTA MEDICAL CENTER EAST,IL,publisher-date-review,publisher-issue,declared-update-date-over-365-days,"Publisher inquiry with the recorded file URL, declared date and response hash; recheck after their update window",https://vistahealth.com/cms-hpt.txt,200,2026-09-09T10:07:26.125Z,,https://vistahealth.com//wp-content/uploads/2025/06/203978521_VISTA-MEDICAL-CENTER_standardcharges.csv,206,https://vistahealth.com//wp-content/uploads/2025/06/203978521_VISTA-MEDICAL-CENTER_standardcharges.csv,corroborated,file-name-and-address,Vista Medical Center East,Vista Medical Center East,IL,2025-03-31,2.0.0,date-over-365-days,2026-09-09T10:37:18.008Z,b4fc6f9d455378bb7ece3d488741c94bd9438278e91cf1d5b294a40707b4d22d,104eef04cdf8e415fc9a066bf398f62bf3927d6bed742b05a715f0041bd81b22,,Same declared date 2025-03-31 observed again after the earlier check (2026-09-09T02:25:44.828Z).
140095,SAINT ANTHONY HOSPITAL,IL,pointer-or-domain-review,unresolved,file-belongs-to-other-facility,Adjudicate facility identity: locate this facility's own pointer/file; do not reuse the shared-provider finding,https://www.mercy.net/content/dam/mercy/en/cms-hpt/cms-hpt.txt,206,2026-09-09T10:07:27.282Z,,https://www.mercy.net/content/dam/mercy/en/web-assets/charge-files/430653493_mercy-hospital-st-louis_standardcharges.zip,206,https://www.mercy.net/content/dam/mercy/en/web-assets/charge-files/430653493_mercy-hospital-st-louis_standardcharges.zip,other-facility,,Mercy Hospitals East Communities dba Mercy Hospital St Louis,Mercy Hospital Endoscopy Center|Mercy Hospital Endoscopy Center LAK|Mercy Hospital Sports Medicine-EMER|Mercy Hospital Saint Louis|Mercy Hospital Saint Louis|Mercy Hospital Saint Louis|Mercy Hospital Saint Louis|Mercy Hospital Saint Louis|Mercy Hospital Saint Louis|Mercy Hospital Saint Louis|Mercy Hospital Saint Louis|Mercy Hospital Saint Louis|Mercy Hospital Saint Louis|Mercy Hospital Saint Louis|Mercy Hospital Saint Louis|Mercy Hospital Saint Louis|Mercy Hospital Saint Louis|Mercy Hospital Saint Louis|Mercy Hospital Saint Louis|Mercy Hospital Saint Louis|Mercy Hospital Saint Louis|Mercy Hospital Saint Louis|Mercy Hospital Saint Louis|Mercy Hospital Saint Louis|Mercy Hospital Saint Louis|Mercy Hospital Saint Louis|Mercy Hospital Saint Louis|Mercy Hospital Saint Louis|Mercy Hospital Saint Louis|Mercy Hospital Saint Louis|Mercy Hospital Saint Louis|Mercy Hospital Saint Louis|Mercy Hospital Saint Louis|Mercy Hospital Saint Louis|Mercy Hospital Saint Louis|Mercy Hospital Saint Louis|Mercy Hospital Saint Louis|Mercy Hospital Saint Louis|Mercy Hospital Saint Louis|Mercy Hospital Saint Louis|Mercy Hospital Saint Louis|Mercy Hospital Saint Louis|Mercy Hospital Saint Louis|Mercy Hospital Saint Louis|Mercy Hospital Saint Louis|Mercy Hospital Therapy and Development|Mercy Infusion Center 901 Patient|Mercy Infusion Center 10012 Kennerl|Mercy Kids Autism Therapy Services|Mercy Maternal and Fetal Health CEN|Mercy Saint Louis Infusion Center|Mercy Sports Medicine Maryland Heights|Mercy St Louis Transport Ambulance|Mercy Therapy Services Town and Country|,MO,2026-06-04,3.0.0,date-within-365-days-version-3,2026-09-09T10:07:26.806Z,c403be0732bbae1950143a79bc083bcca97b638d007cab82b9c7d4bc47f9b3eb,a83d651878392e7c4ea916ec716aa7847620fdabbcb39c00af8c92494c51a438,,
140100,"MIDWESTERN REGION MED CENTER, INC",IL,pointer-or-domain-review,unresolved,,Official-domain discovery: confirm the roster facility controls a domain exposing cms-hpt.txt before assigning it,https://cityofhope.org/cms-hpt.txt,"curl: (28) Resolving timed out after 8005 milliseconds
",2026-09-09T11:36:29.609Z,,,,,,,,,,,,,,,,,
140114,SWEDISH HOSPITAL,IL,identity-or-format-review,publisher-issue,automated-file-access-denied,"Browser download attempt, then publisher whitelist request with the recorded denial evidence",,,,,https://www.endeavorhealth.org/362179813_1831151257_swedish-covenant-health_standardcharges.json,403,,,,,,,,,,2026-09-09T10:37:17.328Z,,,,Automated retrieval denied while the earlier pass corroborated facility identity from this URL; not evidence of a missing file.
140119,RUSH UNIVERSITY MEDICAL CENTER,IL,pointer-or-domain-review,unresolved,,"Compare the parsed header against facility aliases, renames and campus entries; extend the capped read only if metadata may sit beyond it",https://www.rush.edu/cms-hpt.txt,206,2026-09-09T10:07:25.812Z,,https://apps.para-hcfs.com/PTT/FinalLinks/Reports.aspx?dbName=dbRUMCCHICAGOIL&type=CDMWithoutLabel&fileType=CSV,200,https://apps.para-hcfs.com/PTT/FinalLinks/Reports.aspx?dbName=dbRUMCCHICAGOIL&type=CDMWithoutLabel&fileType=CSV,mrf-header-name-without-location,,RUSH University Medical Center,RUSH University Medical Center,IL,2026-07-22,3.0.0,date-within-365-days-version-3,2026-09-09T10:37:18.983Z,baad739cfb87eb6de1667c634f880f8be55f92bd6c6028d05639e17ecf17691b,421f9b5dbfba4151889af706d03494cbddb4848600d5d33f2dd4ca3da9bb8459,,
140148,MEMORIAL MEDICAL CENTER,IL,identity-or-format-review,unresolved,,"Compare the parsed header against facility aliases, renames and campus entries; extend the capped read only if metadata may sit beyond it",https://memorial.health/cms-hpt.txt,206,2026-09-09T10:37:17.642Z,,https://memorial.health/Resources/452b1df1-ad01-4063-a729-31a091660635/370661220_Springfield_Memorial_Hospital_standardcharges.csv?v=2,200,https://memorial.health/Resources/452b1df1-ad01-4063-a729-31a091660635/370661220_Springfield_Memorial_Hospital_standardcharges.csv?v=2,mrf-header-does-not-match-unresolved-roster,,Memorial Medical Center dba Springfield Memorial Hospital,"Springfield, IL",IL,2026-02-10,3.0.0,date-within-365-days-version-3,2026-09-09T10:07:30.209Z,eb454be73244c879862a3cd4742e14018a8acdab20aed5f483332e8007866314,b5d5a7f1c569c7c2cb9d406c014c9bba052abd89ad46c7f55a47c4daf06ff8cd,,
140172,FRANCISCAN HEALTH OLYMPIA & CHICAGO HEIGHTS,IL,identity-or-format-review,unresolved,,"Compare the parsed header against facility aliases, renames and campus entries; extend the capped read only if metadata may sit beyond it",https://www.franciscanhealth.org/cms-hpt.txt,206,2026-09-09T10:37:29.671Z,,https://images.franciscanhealth.org/pdfs/enterprise/price_transparency/362167869_franciscan-health-olympia-fields_standardcharges.zip,206,https://images.franciscanhealth.org/pdfs/enterprise/price_transparency/362167869_franciscan-health-olympia-fields_standardcharges.zip,mrf-header-does-not-match-unresolved-roster,,"FRANCISCAN ALLIANCE, INC. dba FRANCISCAN HEALTH OLYMPIA FIELDS",FRANCISCAN HEALTH OLYMPIA FIELDS,IL,2026-01-01,3.0.0,date-within-365-days-version-3,2026-09-09T10:37:31.515Z,6eca7848dbe0434c8752bf95b05fc87003946f625121b201147fefbbfa7b3e7a,2358772522c1388ffb442530d88940f8fb14b1e08517d526834c83be3a0e25aa,,
140180,PRESENCE SAINTS MARY AND ELIZABETH MEDICAL CENTER,IL,identity-or-format-review,unresolved,,"Compare the parsed header against facility aliases, renames and campus entries; extend the capped read only if metadata may sit beyond it",https://healthcare.ascension.org/-/media/Healthcare/cms-hpt.txt,206,2026-09-09T10:37:29.467Z,,https://healthcare.ascension.org/-/media/project/ascension/healthcare/price-transparency-files/il-csv/364251846_st-alexius-medical-center_standardcharges.csv,200,https://healthcare.ascension.org/-/media/project/ascension/healthcare/price-transparency-files/il-csv/364251846_st-alexius-medical-center_standardcharges.csv,mrf-header-name-without-location,,St. Alexius Medical Center,Ascension St. Alexius| Ascension Saint Alexius Women and Children's Hospital,IL,2026-01-01,3.0.0,date-within-365-days-version-3,2026-09-09T10:07:27.238Z,f703607d7a9bf1315f42aa6a9ac7fc3ef4cb3e220f2c694a293d2ec6eed37b93,2615aa663c63801ac3c78fc4a22fea4d2cfaeeb20a1b8bb20a7ffb713be5885d,,
140184,HEARTLAND REGIONAL MEDICAL CENTER,IL,identity-or-format-review,unresolved,,"Compare the parsed header against facility aliases, renames and campus entries; extend the capped read only if metadata may sit beyond it",https://deaconess.com/cms-hpt.txt,206,2026-09-09T10:07:26.815Z,,https://sthpiprd.blob.core.windows.net/machine-readable-files/10475/810693478_deaconess-regional-healthcare-services-illinois-inc_standardcharges.csv,206,https://sthpiprd.blob.core.windows.net/machine-readable-files/10475/810693478_deaconess-regional-healthcare-services-illinois-inc_standardcharges.csv,corroborated-adjudicated,renamed-facility-pointer-label-and-roster-address,Deaconess Regional Healthcare Services Illinois Inc,Deaconess Illinois Medical Center,IL,2026-02-03,3.0.0,date-within-365-days-version-3,2026-09-09T10:07:27.209Z,4812a3468e7f902e38cca2a66f968217bbc5e00fd80f7ace08ceb2ae76860c53,2acbf16aed51f0e1460ebf600366d29301e8e9a00138197ff617af2edcd51550,renamed-facility-pointer-label-and-roster-address,
140228,UW HEALTH,IL,pointer-or-domain-review,unresolved,,Official-domain discovery: confirm the roster facility controls a domain exposing cms-hpt.txt before assigning it,https://www.uwhealth.org/cms-hpt.txt,206,2026-09-09T10:07:27.149Z,,https://bynder.uwhealth.org/m/1d39d4b3bd3ce8bb/original/362222696_SwedishAmerican-Hospital_standardcharges.csv,206,https://bynder.uwhealth.org/m/1d39d4b3bd3ce8bb/original/362222696_SwedishAmerican-Hospital_standardcharges.csv,corroborated-adjudicated,renamed-facility-pointer-label-and-roster-address,SwedishAmerican Hospital,SwedishAmerican Hospital|SwedishAmerican Medical Group|Belvidere Hospital,IL,2026-04-01,3.0.0,date-within-365-days-version-3,2026-09-09T10:45:07.665Z,21c07508a1980323814b0721569bc5ce1e3fbb7a9cd822bc997808de38821b68,164fb0fb2ab0fc6f29cc89765aeaa9208aca7acabfa3ca01ec5fb41568e24009,renamed-facility-pointer-label-and-roster-address,
140289,ANDERSON HOSPITAL,IL,pointer-or-domain-review,unresolved,,Official-domain discovery: confirm the roster facility controls a domain exposing cms-hpt.txt before assigning it,https://andersonhospital.org/cms-hpt.txt,403,2026-09-09T11:36:33.168Z,,,,,,,,,,,,,,,,,
141302,MIDWEST MEDICAL CENTER,IL,publisher-date-review,publisher-issue,declared-update-date-over-365-days,"Publisher inquiry with the recorded file URL, declared date and response hash; recheck after their update window",https://www.midwestmedicalcenter.org/cms-hpt.txt,206,2026-09-09T10:07:27.159Z,,https://www.midwestmedicalcenter.org/content/pdfs/204560540_midwest-medical-center_standardcharges.csv,206,https://www.midwestmedicalcenter.org/content/pdfs/204560540_midwest-medical-center_standardcharges.csv,corroborated,file-name-and-address,Midwest Medical Center,Midwest Medical Center,IL,2025-01-02,2.0.0,date-over-365-days,2026-09-09T10:37:31.993Z,ad41e284363ed78d159d9be04dc5ed41ed1065d1f687eb9255c9d1e867103195,b63c1b8cc17012021f69be65c8d39b2a795542640b10f4b41ee7cdcade06f33d,,Same declared date 2025-01-02 observed again after the earlier check (2026-09-09T01:48:06.716Z).
141306,COMMUNITY HOSPITAL OF STAUNTON,IL,pointer-or-domain-review,unresolved,,Official-domain discovery: confirm the roster facility controls a domain exposing cms-hpt.txt before assigning it,https://stauntonhospital.org/cms-hpt.txt,403,2026-09-09T11:36:33.234Z,,,,,,,,,,,,,,,,,
141317,GIBSON COMMUNITY HOSPITAL,IL,identity-or-format-review,publisher-issue,template-version-older-than-3,Publisher inquiry about the declared template version; recheck after their update window,https://gibsonhospital.org/cms-hpt.txt,206,2026-09-09T10:37:29.494Z,,https://www.gibsonhospital.org/file/2582/370647938_gibson-area-hospital_standardcharges.csv,206,https://www.gibsonhospital.org/file/2582/370647938_gibson-area-hospital_standardcharges.csv,corroborated-adjudicated,renamed-facility-pointer-label-and-roster-address,Gibson Area Hospital & Health Services,Gibson Area Hospital & Health Services,IL,2026-01-27,2.0.0,date-within-365-days-older-version,2026-09-09T10:37:30.725Z,fdcf26748cafa4b8409d7d5fdf3bf55234f8f5997d3261bc8cc2dcd61c8b16ab,d307d84ef09a2b2ce774811763b82e2f9ae37cddaf5148f70d8814f5c0255e82,renamed-facility-pointer-label-and-roster-address,Declared version 2.0.0 with a current date; publisher has not adopted the current CMS dictionary.
141321,FRANKLIN HOSPITAL,IL,identity-or-format-review,unresolved,,Browser download attempt on the recorded file URL; a failed automated request is not evidence the file is absent,https://www.franklinhospital.net/cms-hpt.txt,"curl: (28) Connection timed out after 8003 milliseconds
",2026-09-09T10:37:49.558Z,,,,,,,,,,,,,,,,,All recorded file leads failed at transport level again this run (reproducible connection failure).
141330,HOPEDALE HOSPITAL,IL,pointer-or-domain-review,unresolved,,"Compare the parsed header against facility aliases, renames and campus entries; extend the capped read only if metadata may sit beyond it",,,,,https://hopedalemc.com/docs/370808925_hopedale-medical-foundation_standardcharges.csv,206,https://hopedalemc.com/docs/370808925_hopedale-medical-foundation_standardcharges.csv,mrf-header-does-not-match-unresolved-roster,,Hopedale Medical Complex,Hopedale Medical Complex,IL,2026-04-06,3.0.0,date-within-365-days-version-3,2026-09-09T10:37:30.809Z,,fbf23f0b098084d23035cddadb53f6ead0d22cb86bdf3a9aab03b41937a85b96,,
141332,HILLSBORO AREA HOSPITAL,IL,pointer-or-domain-review,unresolved,,Official-domain discovery: confirm the roster facility controls a domain exposing cms-hpt.txt before assigning it,https://hillsborohealth.org/cms-hpt.txt,404,2026-09-09T11:36:33.200Z,,,,,,,,,,,,,,,,,
141335,MERCY HARVARD HOSPITAL,IL,identity-or-format-review,unresolved,,"Compare the parsed header against facility aliases, renames and campus entries; extend the capped read only if metadata may sit beyond it",https://res.cloudinary.com/dpmykpsih/raw/upload/mercyhealth-site-398/media/18f42ccebb5847e98aa8a810d0c7b763/cms-hpt.txt,206,2026-09-09T10:37:31.500Z,,https://res.cloudinary.com/dpmykpsih/raw/upload/fl_attachment/mercyhealth-site-398/media/2d1cbb17b353441aab7c37d9b22f6c99/311551871-mercyharvardhospital-standardchargers.json,206,https://res.cloudinary.com/dpmykpsih/raw/upload/fl_attachment/mercyhealth-site-398/media/2d1cbb17b353441aab7c37d9b22f6c99/311551871-mercyharvardhospital-standardchargers.json,mrf-header-does-not-match-unresolved-roster,,Mercyhealth Hospital & Medical Center - Harvard,Mercyhealth Hospital & Medical Center - Harvard|Harvard Care Center,IL,2026-03-01,3.0.0,date-within-365-days-version-3,2026-09-09T10:07:27.469Z,e7a2f24b5bf84dfd0e74b0be0a07fc9a321eb64b0759f7dc1981db05d1c96169,64fa360e43690ed4b77b7947204184366ec230d5b4ee6831e74fc43747025c1e,,
141353,IROQUOIS MEMORIAL HOSPITAL,IL,metadata-or-pointer-review,unresolved,,"Compare the parsed header against facility aliases, renames and campus entries; extend the capped read only if metadata may sit beyond it",https://iroquoismemorial.com/cms-hpt.txt,206,2026-09-09T10:07:27.318Z,,https://iroquois.slicedhealth.io/pricer/37-0673512_IroquoisMemorialHospital_standardcharges.CSV,206,https://iroquois.slicedhealth.io/pricer/37-0673512_IroquoisMemorialHospital_standardcharges.CSV,corroborated,file-name-and-address,Iroquois Memorial Hospital,IroquoisMemorialHospital|Iroquois Memorial Hospital,IL,,2,date-unverified,2026-09-09T10:37:31.536Z,ad88571007a1aae7654181617272c457530417c84a38065adab155aff7ed919e,fd649855090bfbc2f7548ce65cd35e33bf244fda46a87291b76999c18586b22c,,
150011,MARION GENERAL HOSPITAL,IN,identity-or-format-review,publisher-issue,declared-file-format-unsupported,Extend the parser for the declared format or request a CSV/JSON export from the publisher; file URL and bytes are retained,https://www.marionhealth.com/cms-hpt.txt,206,2026-09-09T10:37:32.156Z,,https://www.marionhealth.com/documents/35-0868130_Marion-General-Hospital_Standard-Charges.csv,206,,,,,,,,,,2026-09-09T11:23:38.330Z,377b33c430eaba009f7a01f7fd86126179518db4dfdf1e8d0b2ba7fef724d426,,,"Complete bounded read (14.8 MB) could not extract header metadata: the declared file is an archive/format the parser does not read (e.g. XLSX), so identity and metadata stay unverified."
150046,TERRE HAUTE REGIONAL HOSPITAL,IN,pointer-or-domain-review,unresolved,,Official-domain discovery: confirm the roster facility controls a domain exposing cms-hpt.txt before assigning it,https://www.hcahealthcare.com/cms-hpt.txt,200,2026-09-09T11:36:33.738Z,,,,,,,,,,,,,,,,,
150051,INDIANA UNIVERSITY HEALTH BLOOMINGTON HOSPITAL,IN,identity-or-format-review,unresolved,,"Compare the parsed header against facility aliases, renames and campus entries; extend the capped read only if metadata may sit beyond it",https://cdn.iuhealth.org/global/cms-hpt.txt,206,2026-09-09T10:37:32.128Z,,https://cdn.iuhealth.org/resources/351720796_indiana-university-health-bloomington-inc._standardcharges.zip,206,https://cdn.iuhealth.org/resources/351720796_indiana-university-health-bloomington-inc._standardcharges.zip,mrf-header-name-without-location,,Indiana University Health Bloomington Inc.,IU Health Bloomington Hospital,IN,2026-03-25,3.0,date-within-365-days-version-3,2026-09-09T10:07:27.767Z,289bd5ceb85a301625e1e342c603ef7682d931299cda825ecaa5fb2e10f094a2,dff89702eb11911d8d14d7af8497947d28e1acc9529c1ec9decfb2a0d42428c9,,
150065,SCHNECK MEDICAL CENTER,IN,publisher-date-review,publisher-issue,declared-update-date-over-365-days,"Publisher inquiry with the recorded file URL, declared date and response hash; recheck after their update window",https://www.schneckmed.org/cms-hpt.txt,206,2026-09-09T10:07:27.709Z,,https://d188lfxfyq6i9j.cloudfront.net/general-uploads/PDF-Assets/35-1163135_Jackson-County-Schneck-Memorial-Hospital_standardcharges.csv,206,https://d188lfxfyq6i9j.cloudfront.net/general-uploads/PDF-Assets/35-1163135_Jackson-County-Schneck-Memorial-Hospital_standardcharges.csv,corroborated,exact-pointer-name-and-file-address,Jackson County Schneck Memorial Hospital,Schneck Medical Center Hospital|Schneck Medical Center Physician Practices,IN,2024-01-24,2.0.0,date-over-365-days,2026-09-09T10:07:27.789Z,5b29b925fdca32ff52cd19da7953102a4f0f152c0520e8d402a24f47023e3bca,96f83aa8cb59efd6a4b0b0d5ac18b392e81d6f17a6981f72771b057f573156cd,,Same declared date 2024-01-24 observed again after the earlier check (2026-09-09T01:48:19.133Z).
150179,FAIRBANKS,IN,pointer-or-domain-review,unresolved,,Official-domain discovery: confirm the roster facility controls a domain exposing cms-hpt.txt before assigning it,http://www.ecommunity.com/cms-hpt.txt,403,2026-09-09T10:07:27.587Z,,,,,,,,,,,,,,,,,
150193,FRANCISCAN HEALTH ORTHOPEDIC HOSPITAL CARMEL,IN,identity-or-format-review,unresolved,,"Compare the parsed header against facility aliases, renames and campus entries; extend the capped read only if metadata may sit beyond it",https://www.franciscanhealth.org/cms-hpt.txt,206,2026-09-09T10:37:29.671Z,,https://images.franciscanhealth.org/pdfs/enterprise/price_transparency/350913537_franciscan-health-orthopedic-carmel_standardcharges.zip,206,https://images.franciscanhealth.org/pdfs/enterprise/price_transparency/350913537_franciscan-health-orthopedic-carmel_standardcharges.zip,mrf-header-name-without-location,,"FRANCISCAN ALLIANCE, INC. dba FRANCISCAN HEALTH ORTHOPEDIC HOSPITAL - CARMEL",FRANCISCAN HEALTH ORTHOPEDIC HOSPITAL - CARMEL,IN,2025-07-01,2.0.0,date-over-365-days,2026-09-09T10:07:27.979Z,6eca7848dbe0434c8752bf95b05fc87003946f625121b201147fefbbfa7b3e7a,13120c962295014a41cb0ec57cdb9eb42e5e07eb7dbbc3c94c84c4a131091bcc,,
151322,PERRY COUNTY MEMORIAL HOSPITAL,IN,identity-or-format-review,unresolved,,"Compare the parsed header against facility aliases, renames and campus entries; extend the capped read only if metadata may sit beyond it",https://www.pchospital.org/cms-hpt.txt,206,2026-09-09T10:07:40.200Z,,https://s3.amazonaws.com/ycubaa-production-marlin-1-charge-management-public/facilities/24038e54-d9a2-4236-9081-ad3af29792c7/351121699_PERRY-COUNTY-MEMORIAL-HOSPITAL_standardcharges.zip,206,https://s3.amazonaws.com/ycubaa-production-marlin-1-charge-management-public/facilities/24038e54-d9a2-4236-9081-ad3af29792c7/351121699_PERRY-COUNTY-MEMORIAL-HOSPITAL_standardcharges.zip,mrf-header-name-without-location,,PERRY COUNTY MEMORIAL HOSPITAL,PERRY COUNTY MEMORIAL HOSPITAL,IN,2026-06-08,3.0.0,date-within-365-days-version-3,2026-09-09T10:07:27.972Z,8d2e466e09800d1b5561cb06322b373a80084540f55a61e329627fe45ead1c7a,85ecc13670647956856ac3f5355f04caa78ecac9bd3f3bca45329d5135ee6cff,,
151329,MARGARET MARY COMMUNITY HOSPITAL INC,IN,identity-or-format-review,unresolved,,"Compare the parsed header against facility aliases, renames and campus entries; extend the capped read only if metadata may sit beyond it",,,,,https://www.mmhealth.org/wp-content/uploads/2026/06/356067049_Margaret-Mary-Health_standardcharges-2.csv,206,https://www.mmhealth.org/wp-content/uploads/2026/06/356067049_Margaret-Mary-Health_standardcharges-2.csv,mrf-header-does-not-match-unresolved-roster,,Margaret Mary Health,Margaret Mary Health,OH,2026-04-08,2.0.0,date-within-365-days-older-version,2026-09-09T10:07:28.114Z,,bf0083a029120300eedb4d70716284cfa8f1c1b55c1e53f225cc6813e73362bc,,
154008,NEURODIAGNOSTIC INSTITUTE,IN,publisher-template-review,publisher-issue,template-version-older-than-3,Publisher inquiry about the declared template version; recheck after their update window,https://www.in.gov/fssa/dmha/state-psychiatric-hospitals/cms-hpt.txt,200,2026-09-09T10:07:28.672Z,,https://www.in.gov/fssa/dmha/files/356000158-Neurodiagnostic-Institute_standardcharges.csv,200,https://www.in.gov/fssa/dmha/files/356000158-Neurodiagnostic-Institute_standardcharges.csv,corroborated,file-name-and-address,NeuroDiagnostic Institute,NeuroDiagnostic Institute,IN,2026-01-13,2.0.0,date-within-365-days-older-version,2026-09-09T10:07:28.312Z,82d9dcd50fa56050776928d91e64137f00d7894f82bbf2d0750c9af8ff3f72b1,c93752cf362744bd290fdc876b207af7d6a496b156f131c9dba264aaa19b2d45,,Declared version 2.0.0 with a current date; publisher has not adopted the current CMS dictionary.
154009,HAMILTON CENTER INC,IN,publisher-template-review,publisher-issue,template-version-older-than-3,Publisher inquiry about the declared template version; recheck after their update window,https://hamiltoncenter.org/cms-hpt.txt,206,2026-09-09T10:07:28.305Z,,https://www.hamiltoncenter.org/351140758_hamilton-center-inc-_standardcharges/,206,https://www.hamiltoncenter.org/wp-content/uploads/2026/02/351140758_hamilton-center-inc-_standardcharges.csv,corroborated,file-name-and-address,Hamilton Center Inc.,Hamilton Center Inc.,IN,2026-02-09,2,date-within-365-days-older-version,2026-09-09T10:07:29.682Z,adf5fd88daeddb039be30ec2d9045467ca0090d0a772dacaa7173f04223be7ad,a5cdc9e39c94955cc853e9328bb7b164aff9a280f8549cf29ab87051403760d7,,Declared version 2 with a current date; publisher has not adopted the current CMS dictionary.
154018,RICHMOND STATE HOSPITAL,IN,identity-or-format-review,unresolved,,"Compare the parsed header against facility aliases, renames and campus entries; extend the capped read only if metadata may sit beyond it",https://www.in.gov/fssa/dmha/state-psychiatric-hospitals/cms-hpt.txt,200,2026-09-09T10:07:28.672Z,,https://www.in.gov/fssa/dmha/files/356000158-Richmond-State-Hospital_standardcharges.csv,200,https://www.in.gov/fssa/dmha/files/356000158-Richmond-State-Hospital_standardcharges.csv,mrf-header-name-without-location,,Richmond State Hospital,Richmond State Hospital,IN,2026-01-13,2.0.0,date-within-365-days-older-version,2026-09-09T10:07:28.771Z,82d9dcd50fa56050776928d91e64137f00d7894f82bbf2d0750c9af8ff3f72b1,c72fe42a3f50a0c90e46fd81874529d5f9b99ebaf58a563157c1f97b2ae73563,,
154019,MADISON STATE HOSPITAL,IN,publisher-template-review,publisher-issue,template-version-older-than-3,Publisher inquiry about the declared template version; recheck after their update window,https://www.in.gov/fssa/dmha/state-psychiatric-hospitals/cms-hpt.txt,200,2026-09-09T10:07:28.672Z,,https://www.in.gov/fssa/dmha/files/356000158-Madison-State-Hospital_standardcharges.csv,200,https://www.in.gov/fssa/dmha/files/356000158-Madison-State-Hospital_standardcharges.csv,corroborated,file-name-and-address,Madison State Hospital,Madison State Hospital,IN,2026-01-13,2.0.0,date-within-365-days-older-version,2026-09-09T10:07:28.871Z,82d9dcd50fa56050776928d91e64137f00d7894f82bbf2d0750c9af8ff3f72b1,edbbfcd3b5da8aabea6baa199d1acfc371f6d48a46c020734314be79a941f985,,Declared version 2.0.0 with a current date; publisher has not adopted the current CMS dictionary.
154050,NORTHEASTERN CENTER,IN,publisher-template-review,publisher-issue,automated-file-access-denied,"Browser download attempt, then publisher whitelist request with the recorded denial evidence",https://nec.org/cms-hpt.txt,403,2026-09-09T10:07:28.509Z,,https://www.nec.org/wp-content/uploads/2026/06/351403134_Northeastern-Center_standardcharges-1.csv,403,,,,,,,,,,2026-09-09T10:07:28.568Z,,,,Automated retrieval denied while the earlier pass corroborated facility identity from this URL; not evidence of a missing file.
154054,HARSHA BEHAVIORAL CENTER INC,IN,metadata-or-pointer-review,unresolved,multiple-corroborated-candidates,Adjudicate competing current files against the pointer entries and roster address before assigning one,https://static1.squarespace.com/static/5eb1fd4c4ff16a36a9d64fb4/t/6a50a461fdd00516464d9a64/1783669857604/cms-hpt.txt,206,2026-09-09T10:07:29.506Z,,https://www.harshacenter.com/s/261091197_harsha-behavioral-center_standardcharges.csv,206,https://static1.squarespace.com/static/5eb1fd4c4ff16a36a9d64fb4/t/6a96ccfb729b46424175b679/1788267771738/261091197_harsha-behavioral-center_standardcharges.csv,corroborated,file-name-and-address,Harsha Behavioral Center,Harsha Behavioral Center,IN,2026-07-01,3.0.0,date-within-365-days-version-3,2026-09-09T12:17:01.420Z,222dcb74372039e9547d1eb6ffd1878dba4ab3b7844538a14c15abdc945a33e4,7570da8a79bcd431978fed37a0a1aafa00472f9fe01dc4ba05648b6117d8620c,,"2 distinct current files corroborate this facility and the pointer labels are indistinguishable (""Harsha Behavioral Center"" = ""Harsha Behavioral Center"")."
154056,EVANSVILLE STATE HOSPITAL,IN,publisher-template-review,publisher-issue,template-version-older-than-3,Publisher inquiry about the declared template version; recheck after their update window,https://www.in.gov/fssa/dmha/state-psychiatric-hospitals/cms-hpt.txt,200,2026-09-09T10:07:28.672Z,,https://www.in.gov/fssa/dmha/files/356000158-Evansville-State-Hospital_standardcharges.csv,200,https://www.in.gov/fssa/dmha/files/356000158-Evansville-State-Hospital_standardcharges.csv,corroborated,file-name-and-address,Evansville State Hospital,Evansville State Hospital,IN,2026-01-13,2.0.0,date-within-365-days-older-version,2026-09-09T10:07:29.038Z,82d9dcd50fa56050776928d91e64137f00d7894f82bbf2d0750c9af8ff3f72b1,cad31ade7a6868ef15e54e7b0e51dcad16fac31ccf86417f36d114dfa34147c9,,Declared version 2.0.0 with a current date; publisher has not adopted the current CMS dictionary.
154060,"PARK CENTER, INC",IN,identity-or-format-review,unresolved,file-belongs-to-other-facility,Adjudicate facility identity: locate this facility's own pointer/file; do not reuse the shared-provider finding,https://www.parkview.com/cms-hpt.txt,206,2026-09-09T10:07:28.929Z,,https://parkview.com/-/media/parkview-media/file/price-transparency/350868085_parkview-regional-medical-center_standardcharges.ashx,206,https://www.parkview.com/-/media/parkview-media/file/price-transparency/350868085_parkview-regional-medical-center_standardcharges.ashx,other-facility,,Parkview Regional Medical Center,Parkview Regional Medical Center|Parkview Behavorial Health|Parkview Hospital Randallia|Parkview Southwest Emergency Department,IN,2026-09-01,3.0.0,date-within-365-days-version-3,2026-09-09T10:07:29.183Z,4e7a785a10276d3e4789f740aa37e89070c47b4566b251c454a1734c5907089f,355a4a9164148f803266207767870c4c872d50818c78fc2671dc90231fe456eb,,
160124,LAKES REGIONAL HEALTHCARE,IA,pointer-or-domain-review,unresolved,,Official-domain discovery: confirm the roster facility controls a domain exposing cms-hpt.txt before assigning it,http://www.avera.org/cms-hpt.txt,403,2026-09-09T10:07:29.048Z,,https://www.avera.org/app/files/public/48d33560-e289-45a1-941b-6e3abb2841cb/426037582_lakes-regional-hospital_standardcharges.csv,206,https://www.avera.org/app/files/public/48d33560-e289-45a1-941b-6e3abb2841cb/426037582_lakes-regional-hospital_standardcharges.csv,mrf-header-name-without-location,,Lakes Regional Hospital,Lakes Regional ,IA,2026-04-01,4.0.0,date-within-365-days-version-unverified,2026-09-09T13:11:15.129Z,,960b804a2b644fd8e8bb9b5007419c137e75cd9ad12538068108663a033eceba,,
160153,MERCYONE SIOUXLAND MEDICAL CENTER,IA,identity-or-format-review,unresolved,file-belongs-to-other-facility,Adjudicate facility identity: locate this facility's own pointer/file; do not reuse the shared-provider finding,https://www.mercyone.org/sites/default/files/cms-hpt.txt,200,2026-09-09T10:07:29.266Z,,https://hpt.trinity-health.org/421336618_mercy-medical-center-clinton-inc_standardcharges.zip,206,https://hpt.trinity-health.org/421336618_mercy-medical-center-clinton-inc_standardcharges.zip,other-facility,,Mercy Medical Center-Clinton Inc,MercyOne Clinton Medical Center,IA,2026-03-31,3.0.0,date-within-365-days-version-3,2026-09-09T10:07:29.440Z,6f46273fd35eb4d9bd2ce33e272fbd9016476cf62aa450320c8f04c37fa79ea7,e0faba898043fce17f78c6028292f0c246ff5cc5ce5588f777398ee83e6aa016,,
161321,AVERA MERRILL PIONEER HOSPITAL,IA,pointer-or-domain-review,publisher-issue,template-version-unrecognized,Publisher inquiry: confirm which CMS data dictionary version the file implements; recheck on their reply,http://www.avera.org/cms-hpt.txt,403,2026-09-09T10:07:29.048Z,,https://www.avera.org/app/files/public/7aa7f6a3-0114-4d9f-8a0e-2db3ad03c7dd/460224743_avera-merrill-pioneer-hospital_standardcharges.csv,206,https://www.avera.org/app/files/public/7aa7f6a3-0114-4d9f-8a0e-2db3ad03c7dd/460224743_avera-merrill-pioneer-hospital_standardcharges.csv,corroborated,file-name-and-address,Avera Merrill Pioneer,Avera Merrill Pioneer,IA,2026-04-01,4.0.0,date-within-365-days-version-unverified,2026-09-09T13:11:15.137Z,,2921bfc5663aa1318ad6b23054e527bcc8cc72e2dda870f5a927eada4e5b922f,,Declared template version 4.0.0 is not a recognized CMS data dictionary version; facility identity and the 2026-04-01 update date are corroborated via browser retrieval.
161328,REGIONAL HEALTH SERVICES OF HOWARD COUNTY,IA,pointer-or-domain-review,publisher-issue,template-version-unrecognized,Publisher inquiry: confirm which CMS data dictionary version the file implements; recheck on their reply,http://www.avera.org/cms-hpt.txt,403,2026-09-09T10:07:29.048Z,,https://www.avera.org/app/files/public/06b4439e-7691-48e5-8a36-dfa10af3b756/421021780_regional-health-services-of-howard-county_standardcharges.csv,206,https://www.avera.org/app/files/public/06b4439e-7691-48e5-8a36-dfa10af3b756/421021780_regional-health-services-of-howard-county_standardcharges.csv,corroborated,file-name-and-address,Regional Health Services of Howard County,Regional Health Services of Howard County,IA,2026-04-01,4.0.0,date-within-365-days-version-unverified,2026-09-09T13:11:15.154Z,,1f247143f9cf493386e163edcb6e2eeef41982c09be68102c858809764104361,,Declared template version 4.0.0 is not a recognized CMS data dictionary version; facility identity and the 2026-04-01 update date are corroborated via browser retrieval.
161329,JACKSON COUNTY REGIONAL HEALTH CENTER,IA,identity-or-format-review,unresolved,,"Compare the parsed header against facility aliases, renames and campus entries; extend the capped read only if metadata may sit beyond it",https://jcrhc.org/cms-hpt.txt,206,2026-09-09T10:07:29.486Z,,https://jcrhc.org/wp-content/uploads/426037868_jackson-county-public-hospital_shoppable.csv,206,https://jcrhc.org/wp-content/uploads/426037868_jackson-county-public-hospital_shoppable.csv,mrf-header-has-no-license-state,,,,,,,date-unverified,2026-09-09T10:07:29.840Z,b431ac50f7f64d833c498d06bdff069b0a32b9d72774aa5d81a7c281f71b7f0f,6727583fe7119b3016654dcbbaadd925b1bb0bf1de40fdeb05fb81dcfcbce149,,
161336,HEGG MEMORIAL HEALTH CENTER,IA,pointer-or-domain-review,publisher-issue,template-version-unrecognized,Publisher inquiry: confirm which CMS data dictionary version the file implements; recheck on their reply,http://www.avera.org/cms-hpt.txt,403,2026-09-09T10:07:29.048Z,,https://www.avera.org/app/files/public/ea25130d-fb76-4a5e-b172-c715eb46b09c/420932564_hegg-health-center_standardcharges.csv,206,https://www.avera.org/app/files/public/ea25130d-fb76-4a5e-b172-c715eb46b09c/420932564_hegg-health-center_standardcharges.csv,corroborated,file-name-and-address,Hegg Health Center,Hegg Health Center,IA,2026-04-01,4.0.0,date-within-365-days-version-unverified,2026-09-09T13:11:15.161Z,,b24d2c44a42c055d0480fb99b2c7df71bea2b76f3655b4dd9ca59192175b8839,,Declared template version 4.0.0 is not a recognized CMS data dictionary version; facility identity and the 2026-04-01 update date are corroborated via browser retrieval.
161345,OSCEOLA COMMUNITY HOSPITAL,IA,pointer-or-domain-review,unresolved,,Official-domain discovery: confirm the roster facility controls a domain exposing cms-hpt.txt before assigning it,http://www.avera.org/cms-hpt.txt,403,2026-09-09T10:07:29.048Z,,https://www.avera.org/app/files/public/83b97162-5f3e-4665-a0b6-66c67c72bd5e/420890973_osceola-regional-health-center_standardcharges.csv,206,https://www.avera.org/app/files/public/83b97162-5f3e-4665-a0b6-66c67c72bd5e/420890973_osceola-regional-health-center_standardcharges.csv,mrf-header-does-not-match-unresolved-roster,,Osceola Regional Health Center,Osceola Regional Health Center,IA,2026-04-01,4.0.0,date-within-365-days-version-unverified,2026-09-09T13:11:15.167Z,,a6379cb69d6241a67ad8b8728e22f552187e9410efb9fa70acb9e2ca08942f1d,,
161346,SIOUX CENTER HEALTH,IA,pointer-or-domain-review,publisher-issue,template-version-unrecognized,Publisher inquiry: confirm which CMS data dictionary version the file implements; recheck on their reply,http://www.avera.org/cms-hpt.txt,403,2026-09-09T10:07:29.048Z,,https://www.avera.org/app/files/public/585a0692-fcbb-4692-9f7b-1796a5fa2559/420796764_sioux-center-health_standardcharges.csv,206,https://www.avera.org/app/files/public/585a0692-fcbb-4692-9f7b-1796a5fa2559/420796764_sioux-center-health_standardcharges.csv,corroborated,file-name-and-address,Sioux Center Health,Sioux Center Health,IA,2026-04-01,4.0.0,date-within-365-days-version-unverified,2026-09-09T13:11:15.177Z,,786a2b2ffa21f023587b93216779991026bea2c2d7ade2f2d1f443345c42d972,,Declared template version 4.0.0 is not a recognized CMS data dictionary version; facility identity and the 2026-04-01 update date are corroborated via browser retrieval.
161348,CLARKE COUNTY HOSPITAL,IA,pointer-or-domain-review,unresolved,,Official-domain discovery: confirm the roster facility controls a domain exposing cms-hpt.txt before assigning it,https://www.clarkehosp.org/cms-hpt.txt,403,2026-09-09T11:36:45.445Z,,,,,,,,,,,,,,,,,
161350,STEWART MEMORIAL COMMUNITY HOSPITAL,IA,publisher-date-review,publisher-issue,automated-file-access-denied,"Browser download attempt, then publisher whitelist request with the recorded denial evidence",https://stewartmemorial.org/cms-hpt.txt,403,2026-09-09T10:07:29.359Z,,https://www.stewartmemorial.org/wp-content/uploads/2025/12/420860039_Stewart-Memorial-Community-Hospital_StandardCharges.csv,403,,,,,,,,,,2026-09-09T10:07:29.458Z,,,,Automated retrieval denied while the earlier pass corroborated facility identity from this URL; not evidence of a missing file.
161351,AVERA HOLY FAMILY HOSPITAL,IA,pointer-or-domain-review,publisher-issue,template-version-unrecognized,Publisher inquiry: confirm which CMS data dictionary version the file implements; recheck on their reply,http://www.avera.org/cms-hpt.txt,403,2026-09-09T10:07:29.048Z,,https://www.avera.org/app/files/public/613f57be-d5e6-4ac9-84b7-e886a47e46a2/420680370_avera-holy-family-hospital_standardcharges.csv,206,https://www.avera.org/app/files/public/613f57be-d5e6-4ac9-84b7-e886a47e46a2/420680370_avera-holy-family-hospital_standardcharges.csv,corroborated,file-name-and-address,Avera Holy Family Hospital,Avera Holy Family ,IA,2026-04-01,4.0.0,date-within-365-days-version-unverified,2026-09-09T13:11:15.191Z,,af3cd5614c19d195dfcb5692694aab7e17c5d088056711aaaa2557a11de2f61f,,Declared template version 4.0.0 is not a recognized CMS data dictionary version; facility identity and the 2026-04-01 update date are corroborated via browser retrieval.
161359,BURGESS HEALTH CENTER,IA,file-access-review,publisher-issue,pointer-declared-file-404,Publisher inquiry to restore or replace the declared file; recheck after their update window,https://burgesshc.org/cms-hpt.txt,206,2026-09-09T10:07:29.822Z,,https://www.burgesshc.org/wp-content/uploads/2025/01/420859940_Burgess_StandardCharges.csv,404,https://burgesshc.b-cdn.net/wp-content/uploads/2026/07/420859940_Burgess-Health-Center_StandardCharges.csv,corroborated,file-name-and-address,Burgess Health Center,Burgess Health Center,IA,2026-03-31,3.0.0,date-within-365-days-version-3,2026-09-09T10:45:29.703Z,f194f545d096878fe115662bf6b0c2d39b53773eb8608981a1653300f1f4026a,ec22ada510c7ed7307cd5948ac18af68a2dca315824c9f9b55de3ac97fa23353,,The official pointer declares this file URL and it returns 404 on repeated checks; reproducible broken link.
161363,MONTGOMERY COUNTY MEMORIAL HOSPITAL,IA,file-access-review,unresolved,,Browser download attempt on the recorded file URL; a failed automated request is not evidence the file is absent,https://www.mcmh.org/cms-hpt.txt,206,2026-09-09T11:36:44.827Z,,,,,,,,,,,,,,0ff164bb0231b993774f465cea5f96a037e9477400181f879c2a683183dabb98,,,All recorded file leads failed at transport level again this run (reproducible connection failure).
161365,GREATER REGIONAL MEDICAL CENTER,IA,identity-or-format-review,unresolved,,"Record the direct file URL behind the web page served at the recorded file URL (browser or manual download), then re-verify",https://e363f8c5-d982-49c6-ae27-e8ee9e1ff4a3.usrfiles.com/ugd/e363f8_36f15900d3274b44968a27af2c5b43c9.txt,206,2026-09-09T10:07:30.125Z,,https://greaterregional.sharepoint.com/:x:/s/GRMCIntranet/IQCz7LbBFifWS7xPlRk0IVMsATpq6GP3kAnRx0H325K3jtU?e=NhQHec&download=1,200,https://login.microsoftonline.com/0d3cd471-67b4-430e-b650-46ec65caeef8/oauth2/authorize?client%5Fid=00000003%2D0000%2D0ff1%2Dce00%2D000000000000&response%5Fmode=form%5Fpost&ear%5Fjwe%5Fcrypto=eyJhbGciOiJFQ0RILUVTIiwiZW5jIjoiQTI1NkdDTSIsImFwdiI6IkFBQUFDVVZoY2tOc2FXVnVkR2dBQUFCRlEwc3pNQUFBQU14REFsUi8yVlp1eEE2T0VZMVgvWnQ3aEx6S1VXZHJLTTJER0pmZ0Y3U2RFSDd1TExac1QxVVh5STlOaEg4VzBodmdBWW9VVCtadlVFM0ROUFp1WDQrUE9kVE9NWWx3YWFWcGh1dkE1UjNXWHRXQ0d4VVNXNHpaQnVVODErcTRjd0FBQUJnTkhQRWFCQ3pUUmxtMzd6cG5IRnlLSCszeTQ1ZXVIdG89In0%3D&ear%5Fjwk=eyJhbGciOiJFQ0RILUVTIiwiY3J2IjoiUC0zODQiLCJ4IjoiQUFBQU1NeERBbFIvMlZadXhBNk9FWTFYL1p0N2hMektVV2RyS00yREdKZmdGN1NkRUg3dUxMWnNUMVVYeUk5TmhIOFcwZz09IiwieSI6IkFBQUFNQnZnQVlvVVQrWnZVRTNETlBadVg0K1BPZFRPTVlsd2FhVnBodXZBNVIzV1h0V0NHeFVTVzR6WkJ1VTgxK3E0Y3c9PSIsImt0eSI6IkVDIn0%3D&spa%5Fclient%5Fid=08e18876%2D6177%2D487e%2Db8b5%2Dcf950c1e598c&client%5Finfo=1&response%5Ftype=code%20id%5Ftoken%20spa%5Frt&resource=00000003%2D0000%2D0ff1%2Dce00%2D000000000000&scope=openid&nonce=D0D04E20B7A5AB7FAE0942057F7ECB5F729E91D0DAD5BF52%2DB344FC0F1264CCA8F30255B664F89E984090149198FDB979F489AF51E82995B9&redirect%5Furi=https%3A%2F%2Fgreaterregional%2Esharepoint%2Ecom%2F%5Fforms%2Fdefault%2Easpx&state=OD0wJjMyPUFBTDJxd0FBQUJRNzI4MlFkU1lLamZBU0pYSiUyRmI4aVo4VzV2aGpKNSUyRjYlMkJiZ0lGTW9lWVJpR1BNaDJFdVI3d05LM0ttMHA4aHBMeTVOYkd2Qkl2TnVxZTZDJTJGWDRudDVSalRpZWdFVTIlMkZrV3BDQU5HSFlzaEUlMkI1WG9ld0o4QnBRNkp1cjg2blRKSUk2MHpFYmVDMnBjU1lJUWxBM2gzJTJCdjdoWmwlMkJYc0xrY0ZTYjZteWVTejNJdDZHM3VCR1V3OVJibXY2VnElMkZYQmF3NW4lMkZQJTJGRFVlY2JydFEwOEd6aHJoeU1YM1ltbkxqTFhvTkdKMlJ4czJvZ2pXeXRYaUVwZW9GbkExZXdaNUV6UjNIS093Znh0S0RWM3NSQXVCJTJGSDZSc0g3JTJCRmMzY3RpWlYxUTAxV2Q4dzA2WXhZSG5teURUJTJGckVLJTJCSkslMkYzeURsR2VYZldOUXlKWUpTV2V3R0Joemd0SXRHaTNvWUE5aER4eDE2WGtUYm1oVERMOVBRQ1IyZGx5&claims=%7B%22id%5Ftoken%22%3A%7B%22xms%5Fcc%22%3A%7B%22values%22%3A%5B%22CP1%22%5D%7D%7D%7D&wsucxt=1&cobrandid=11bd8083%2D87e0%2D41b5%2Dbb78%2D0bc43c8a8e8a&client%2Drequest%2Did=fe7c39a2%2D004a%2Df000%2D18d0%2D27d724c24313,mrf-header-has-no-license-state,,,,,,,date-unverified,2026-09-09T10:07:31.587Z,d09be701f3d99165ed7ea71611b931c3abd132529ae3c9f3eb0f6848ec9fa436,e7895ed9956dd6fdc3ba8c9a1a360d84a6bc1b24e380baf43021d95f8167edc5,,
161368,FLOYD VALLEY HEALTHCARE,IA,pointer-or-domain-review,publisher-issue,template-version-unrecognized,Publisher inquiry: confirm which CMS data dictionary version the file implements; recheck on their reply,http://www.avera.org/cms-hpt.txt,403,2026-09-09T10:07:29.048Z,,https://www.avera.org/app/files/public/718846f0-2571-438d-8c93-43650e7cefb8/420928451_floyd-valley-healthcare_standardcharges.csv,206,https://www.avera.org/app/files/public/718846f0-2571-438d-8c93-43650e7cefb8/420928451_floyd-valley-healthcare_standardcharges.csv,corroborated,file-name-and-address,Floyd Valley Healthcare,Floyd Valley Healthcare,IA,2026-04-01,4.0.0,date-within-365-days-version-unverified,2026-09-09T13:11:15.205Z,,2d1dc6d5e0737ee4afc108fad00a072feb08ca575cde31e0d056bda212278fc1,,Declared template version 4.0.0 is not a recognized CMS data dictionary version; facility identity and the 2026-04-01 update date are corroborated via browser retrieval.
161380,HANSEN FAMILY HOSPITAL,IA,identity-or-format-review,unresolved,file-belongs-to-other-facility,Adjudicate facility identity: locate this facility's own pointer/file; do not reuse the shared-provider finding,https://www.mercyone.org/sites/default/files/cms-hpt.txt,200,2026-09-09T10:07:29.266Z,,https://hpt.trinity-health.org/421336618_mercy-medical-center-clinton-inc_standardcharges.zip,206,https://hpt.trinity-health.org/421336618_mercy-medical-center-clinton-inc_standardcharges.zip,other-facility,,Mercy Medical Center-Clinton Inc,MercyOne Clinton Medical Center,IA,2026-03-31,3.0.0,date-within-365-days-version-3,2026-09-09T10:07:29.440Z,6f46273fd35eb4d9bd2ce33e272fbd9016476cf62aa450320c8f04c37fa79ea7,e0faba898043fce17f78c6028292f0c246ff5cc5ce5588f777398ee83e6aa016,,
170006,"MERCY HOSPITAL PITTSBURG, INC",KS,identity-or-format-review,unresolved,,"Compare the parsed header against facility aliases, renames and campus entries; extend the capped read only if metadata may sit beyond it",https://healthcare.ascension.org/-/media/Healthcare/cms-hpt.txt,206,2026-09-09T10:37:29.467Z,,https://healthcare.ascension.org/-/media/project/ascension/healthcare/price-transparency-files/wi-csv/390816818-1912527193_ascension-ne-wisconsin-inc-fka-st-elizabeth-hospital-inc_standardcharges.csv,200,https://healthcare.ascension.org/-/media/project/ascension/healthcare/price-transparency-files/wi-csv/390816818-1912527193_ascension-ne-wisconsin-inc-fka-st-elizabeth-hospital-inc_standardcharges.csv,mrf-header-does-not-match-unresolved-roster,,"Ascension NE Wisconsin, Inc.",Ascension NE Wisconsin - Mercy Campus,WI,2026-01-01,3.0.0,date-within-365-days-version-3,2026-09-09T10:07:30.699Z,f703607d7a9bf1315f42aa6a9ac7fc3ef4cb3e220f2c694a293d2ec6eed37b93,c979cf20bad69f987f47ab94e7fc23a2ccedbbd5ee0b49f61109f1f33c29c10c,,
170017,SUSAN B ALLEN MEMORIAL HOSPITAL,KS,publisher-date-review,publisher-issue,declared-update-date-over-365-days,"Publisher inquiry with the recorded file URL, declared date and response hash; recheck after their update window",https://www.sbamh.com/cms-hpt.txt,206,2026-09-09T10:07:30.525Z,,https://apim.services.craneware.com/api-pricing-transparency/api/public/8a15f8f47eb640c1696af37b6c70ac7c/charges/mrf,200,https://apim.services.craneware.com/api-pricing-transparency/api/public/8a15f8f47eb640c1696af37b6c70ac7c/charges/mrf,corroborated,file-name-and-address,Susan B Allen Memorial Hospital,Susan B Allen Memorial Hospital|Susan B Allen Memorial Hospital,KS,2025-05-27,2.0.0,date-over-365-days,2026-09-09T10:07:30.787Z,0feb9e46afb16543f3bc56fcabfc7b4fd6e8bb737026fda30e97b1bcd88aed4e,3ca065f07fe954d0567eb216d52ece5a938bbfe4b7852958a4743b989eb1e16b,,Same declared date 2025-05-27 observed again after the earlier check (2026-09-09T02:25:51.439Z).
170103,NMC HEALTH,KS,publisher-date-review,unresolved,,Publisher inquiry on the recorded declared date; recheck after their update window,https://www.mynmchealth.org/wp-content/uploads/2024/06/cms-hpt.txt,206,2026-09-09T10:07:31.426Z,,https://secure.claraprice.net/price-transparency/XBZP-1715710889221/machine-readable/481040759_nmc-health_standardcharges.json,200,https://secure.claraprice.net/price-transparency/XBZP-1715710889221/machine-readable/481040759_nmc-health_standardcharges.json,mrf-header-has-no-license-state,,NMC Health,,,,,date-unverified,2026-09-09T10:07:31.352Z,fbe42a330e5cf44e6c2aca87d66ecaca0016a000b1968e2a418bd3ae295fedac,0f96674e211923a53922db5829ea0aa2db23fc3cc9f863baae4a2b4aa2cdbd58,,
170183,KANSAS SURGERY & RECOVERY CENTER,KS,publisher-date-review,publisher-issue,declared-update-date-over-365-days,"Publisher inquiry with the recorded file URL, declared date and response hash; recheck after their update window",https://irp.cdn-website.com/fa377abf/files/uploaded/cms-hpt202504.txt,206,2026-09-09T10:07:30.637Z,,https://irp.cdn-website.com/fa377abf/files/uploaded/481148580_kansas-surgery---recovery-center-llc_standardcharges.csv,206,https://irp.cdn-website.com/fa377abf/files/uploaded/481148580_kansas-surgery---recovery-center-llc_standardcharges.csv,corroborated,file-name-and-address,Kansas Surgery & Recovery Center LLC,Kansas Surgery & Recovery Center LLC,KS,2025-03-25,2.0.0,date-over-365-days,2026-09-09T10:07:30.859Z,bf21357d9298bbe28fbc3a7eab49128c657891d897b9ee894ee16281ee290bb6,1f448c213270bfa6677c52e343cecf21b486b3f4a0f8e1906798073e48ebd8a9,,Same declared date 2025-03-25 observed again after the earlier check (2026-09-09T01:48:19.708Z).
170204,"ROCK REGIONAL HOSPITAL, LLC",KS,pointer-or-domain-review,unresolved,,Official-domain discovery: confirm the roster facility controls a domain exposing cms-hpt.txt before assigning it,https://lucky77.id/,"curl: (6) Could not resolve host: lucky77.id
",2026-09-09T11:36:46.169Z,,,,,,,,,,,,,,,,,
171321,MEADE DISTRICT HOSPITAL,KS,publisher-date-review,publisher-issue,declared-update-date-over-365-days,"Publisher inquiry with the recorded file URL, declared date and response hash; recheck after their update window",https://3293c1a2-894d-4ca5-9b72-fc018865f82e.usrfiles.com/ugd/3293c1_0c176796799b488382354a99e253f472.txt,206,2026-09-09T10:07:30.951Z,,https://a9a4b96f-06fd-48d5-afab-60ad79a55e97.filesusr.com/ugd/3293c1_b634e2c6081e4736bc6956dddef01d94.json?dn=480966086_Meade%20District%20Hospital_standardcharges%20(3).json,206,https://a9a4b96f-06fd-48d5-afab-60ad79a55e97.filesusr.com/ugd/3293c1_b634e2c6081e4736bc6956dddef01d94.json?dn=480966086_Meade%20District%20Hospital_standardcharges%20(3).json,corroborated,file-name-and-address,Meade District Hospital,Meade District Hospital,KS,2024-12-31,2.2.0,date-over-365-days,2026-09-09T10:07:31.143Z,b45448fe0eb5db4003ead4bf348ae83b09c7d2c6626ddb7fc3d520826fb053e4,0ba2088e3d1028a6a04fa36a8fd855ddab7dde1336f76054e0a5ba9f541b541e,,Same declared date 2024-12-31 observed again after the earlier check (2026-09-09T01:48:19.835Z).
171329,CALDWELL REGIONAL MEDICAL CENTER,KS,identity-or-format-review,unresolved,,Browser download attempt on the recorded file URL; a failed automated request is not evidence the file is absent,https://crmcks.com/cms-hpt.txt,"curl: (28) Connection timed out after 8008 milliseconds
",2026-09-09T10:37:52.221Z,,,,,,,,,,,,,,,,,All recorded file leads failed at transport level again this run (reproducible connection failure).
171341,HIAWATHA COMMUNITY HOSPITAL,KS,pointer-or-domain-review,unresolved,,Official-domain discovery: confirm the roster facility controls a domain exposing cms-hpt.txt before assigning it,https://amberwellhealth.org/cms-hpt.txt,403,2026-09-09T11:36:44.990Z,,,,,,,,,,,,,,,,,
171357,HILLSBORO COMMUNITY HOSPITAL,KS,identity-or-format-review,unresolved,,Browser download attempt on the recorded file URL; a failed automated request is not evidence the file is absent,https://www.hillsborohospital.com/cms-hpt.txt,"curl: (28) Connection timed out after 8016 milliseconds
",2026-09-09T10:37:52.355Z,,,,,,,,,,,,,,,,,All recorded file leads failed at transport level again this run (reproducible connection failure).
171359,GREELEY COUNTY HEALTH SERVICES,KS,metadata-or-pointer-review,publisher-issue,declared-update-date-over-365-days,"Publisher inquiry with the recorded file URL, declared date and response hash; recheck after their update window",,,,,https://greeley.health/wp-content/uploads/2025/03/30-0078435-1285742536_GreeleyCountyHealthServices_standardcharges.csv,200,https://greeley.health/wp-content/uploads/2025/03/30-0078435-1285742536_GreeleyCountyHealthServices_standardcharges.csv,corroborated,file-name-and-address,Greeley County Health Services,GreeleyCountyHealthServices|Greeley County Health Services,KS,2025-01-14,2,date-over-365-days,2026-09-09T10:07:31.498Z,,9edbd2618facc1c4aa8dc2f68de80694d0fde5b7c6c111d9adf090c7fa2b6bfc,,Same declared date 2025-01-14 observed again after the earlier check (2026-09-09T01:48:19.521Z).
171385,COFFEY COUNTY HOSPITAL,KS,identity-or-format-review,unresolved,,"Compare the parsed header against facility aliases, renames and campus entries; extend the capped read only if metadata may sit beyond it",https://coffeyhealth.org/communities/coffeyhealth2020-2/cms-hpt.txt,200,2026-09-09T10:07:32.086Z,,https://coffeyhealth.org/Documents/480860883_Coffey_County_Hospital_Standardcharges.csv,200,https://coffeyhealth.org/documents/480860883_coffey_county_hospital_standardcharges.csv,mrf-header-name-without-location,,Coffey County Hospital,Coffey County Hospital Main Campus,KS,2024-11-06,2.0.0,date-over-365-days,2026-09-09T10:07:32.648Z,9cab1da7f238069a7db5717a3a3c68e69c464d6985d366a23edb05b106f0cecd,86995e9b0f7887ee0ba81b3d6f254f4509f32581f59dccad6cb151740cf037c2,,
171386,MORTON COUNTY HOSPITAL,KS,identity-or-format-review,unresolved,,"Compare the parsed header against facility aliases, renames and campus entries; extend the capped read only if metadata may sit beyond it",https://mchswecare.com/cms-hpt.txt,206,2026-09-09T10:07:31.769Z,,https://secure.claraprice.net/price-transparency/TAIU-1724338504629/machine-readable/48-0818854_morton-county-health-system_standardcharges.json,200,https://secure.claraprice.net/price-transparency/TAIU-1724338504629/machine-readable/48-0818854_morton-county-health-system_standardcharges.json,mrf-header-has-no-license-state,,Morton County Health System,,,,,date-unverified,2026-09-09T10:07:31.928Z,6ed770e793e56f9768f7a2225c537114ced3dc69e767129018251997921703c6,e8030cd587c3d1c0e54d1e895d05110358ebec07ae66c4053ec85d826e1c15fe,,
173300,CHILDREN'S MERCY SOUTH,KS,identity-or-format-review,correction-verified,,Applied to the local reviewed ledger,https://www.childrensmercy.org/cms-hpt.txt,206,2026-09-09T10:37:40.868Z,https://www.childrensmercy.org/siteassets/media-documents-for-depts-section/documents-for-your-visit/billing-and-insurance/440605373_childrens-mercy-hospital-kansas_standardcharges.csv,https://www.childrensmercy.org/siteassets/media-documents-for-depts-section/documents-for-your-visit/billing-and-insurance/440605373_childrens-mercy-hospital-kansas_standardcharges.csv,206,https://www.childrensmercy.org/siteassets/media-documents-for-depts-section/documents-for-your-visit/billing-and-insurance/440605373_childrens-mercy-hospital-kansas_standardcharges.csv,corroborated-adjudicated,renamed-facility-pointer-label-and-roster-address,Children's Mercy Hospital Kansas,Children's Mercy Hospital Kansas | Children's Mercy College Boulevard | Children's Mercy Blue Valley,KS,2026-04-01,3.0.0,date-within-365-days-version-3,2026-09-09T10:37:42.547Z,f3c91a8265c5024fb386e5bb128d058ecf10ccdce59c0f5b214c3268bca4a5a0,730299690129253a0a7995e891fa56c2585e4dc07b1b238dfcf0cdab60cc7fac,renamed-facility-pointer-label-and-roster-address,Correction verified and already recorded in the reviewed ledger.
180013,THE MEDICAL CENTER (BOWLING GREEN),KY,file-access-review,unresolved,file-belongs-to-other-facility,Adjudicate facility identity: locate this facility's own pointer/file; do not reuse the shared-provider finding,https://medcenterhealth.org/cms-hpt.txt,200,2026-09-09T10:37:40.636Z,,https://medcenterhealth.org/charges/mca/,206,https://d2fdxbmd3bwjx.cloudfront.net/610920842_The-Medical-Center-at-Albany_20260501.0.zip,other-facility,,610920842 - The Medical Center at Albany,The Medical Center at Albany,KY,2024-07-01,3.0.0,date-over-365-days,2026-09-09T14:41:46.273Z,a753f92586c31eb01a3422d8c8a51543ca3c23399dfc942d4719f3164ca3b9e2,2c188b233041e97cb6c07caf116b01d59b157141359c1ff54dd094766c2c89c8,,
180043,AdventHealthManchester,KY,identity-or-format-review,unresolved,file-belongs-to-other-facility,Adjudicate facility identity: locate this facility's own pointer/file; do not reuse the shared-provider finding,https://www.adventhealth.com/cms-hpt.txt,206,2026-09-09T10:37:41.422Z,,https://HospitalPriceDisclosure.com/download.aspx?pi=nw7gio04VXlkHqrkg*__*Attg*-*,206,https://cleverleypteusstatic.blob.core.windows.net/readable/840438224_adventhealth-avista_standardcharges.json,other-facility,,AdventHealth Avista,AdventHealth Avista,CO,2026-04-01,3.0.0,date-within-365-days-version-3,2026-09-09T10:37:42.715Z,0b5754844492587410fc44daf0765bb6ec2a3cdf0aecdb31fd3fcb7b9fa622d8,29f467ca8d352637413f974e77a2fce865d7df8ef199458c008a5f65c95eda4a,,
180066,The Medical Center at Russellville,KY,pointer-or-domain-review,unresolved,,Browser download attempt on the recorded file URL; a failed automated request is not evidence the file is absent,https://medcenterhealth.org/cms-hpt.txt,200,2026-09-09T10:37:40.636Z,,https://medcenterhealth.org/charges/mcf/,206,https://d2fdxbmd3bwjx.cloudfront.net/610920842_The-Medical-Center-at-Franklin_20260501.0.zip,mrf-header-does-not-match-unresolved-roster,,610920842 - The Medical Center at Caverna,The Medical Center at Caverna,KY,2026-04-01,3.0.0,date-within-365-days-version-3,2026-09-09T14:41:45.778Z,a753f92586c31eb01a3422d8c8a51543ca3c23399dfc942d4719f3164ca3b9e2,2c63cbdfca29726829f8f4bb674393f4d6c5a32d7cdf26a0789fff4fca6d31d4,,
180092,CLARK REGIONAL MEDICAL CENTER,KY,identity-or-format-review,unresolved,file-belongs-to-other-facility,Adjudicate facility identity: locate this facility's own pointer/file; do not reuse the shared-provider finding,https://www.centerpointhealth.com/cms-hpt.txt,206,2026-09-09T10:37:41.412Z,,https://www.centerpointhealth.com/docs/ahcenterpointhealthlibraries/hcl/mrf3q2026/621757921_georgetown-community_standardcharges.csv.zip,206,https://www.centerpointhealth.com/docs/ahcenterpointhealthlibraries/hcl/mrf3q2026/621757921_georgetown-community_standardcharges.csv.zip,other-facility,,Georgetown Community Hospital ,Georgetown Community Hospital ,KY,2026-07-10,3.0.0,date-within-365-days-version-3,2026-09-09T10:07:32.396Z,50ef6c1946737237fb5ffb4d1ae5204fa729de71111dc393b64a9f22dbcedbc4,cc558fa8c199c1a766662c23377682ee72374d52c70b66df8dce2af69b981813,,
181309,CASEY COUNTY HOSPITAL,KY,identity-or-format-review,publisher-issue,template-version-older-than-3,Publisher inquiry about the declared template version; recheck after their update window,https://caseycountyhospital.com/cms-hpt.txt,206,2026-09-09T10:07:32.329Z,,https://www.caseycountyhospital.com/Content/Uploads/caseycountyhospital.com/files/061705652_Casey-County-Hospital_standardcharges(1).csv,206,https://www.caseycountyhospital.com/Content/Uploads/caseycountyhospital.com/files/061705652_Casey-County-Hospital_standardcharges(1).csv,corroborated,file-name-and-address,Casey County Hospital,Casey County Hospital,KY,2026-03-31,2.0.0,date-within-365-days-older-version,2026-09-09T10:07:32.616Z,8687e81e8c553c0864f2dd51a8a0e9184e8417504ae45b305f4c673a84386a10,41e16e5c6c5154e80d528f29d15126abc8a9344ce7d8d489c770f80caa183896,,Declared version 2.0.0 with a current date; publisher has not adopted the current CMS dictionary.
181314,CAVERNA MEMORIAL HOSPITAL,KY,file-access-review,unresolved,,Browser download attempt on the recorded file URL; a failed automated request is not evidence the file is absent,https://medcenterhealth.org/cms-hpt.txt,200,2026-09-09T10:37:40.636Z,,,,,,,,,,,,,,a753f92586c31eb01a3422d8c8a51543ca3c23399dfc942d4719f3164ca3b9e2,,,
181317,CUMBERLAND COUNTY HOSPITAL,KY,pointer-or-domain-review,unresolved,,Official-domain discovery: confirm the roster facility controls a domain exposing cms-hpt.txt before assigning it,https://cchospital.org/cms-hpt.txt,403,2026-09-09T11:36:45.742Z,,,,,,,,,,,,,,,,,
181318,THE MEDICAL CENTER AT FRANKLIN,KY,file-access-review,unresolved,,Browser download attempt on the recorded file URL; a failed automated request is not evidence the file is absent,https://medcenterhealth.org/cms-hpt.txt,200,2026-09-09T10:37:40.636Z,,https://medcenterhealth.org/charges/mcf/,206,https://d2fdxbmd3bwjx.cloudfront.net/610920842_The-Medical-Center-at-Franklin_20260501.0.zip,mrf-header-does-not-match-unresolved-roster,,610920842 - The Medical Center at Caverna,The Medical Center at Caverna,KY,2026-04-01,3.0.0,date-within-365-days-version-3,2026-09-09T14:41:45.778Z,a753f92586c31eb01a3422d8c8a51543ca3c23399dfc942d4719f3164ca3b9e2,2c63cbdfca29726829f8f4bb674393f4d6c5a32d7cdf26a0789fff4fca6d31d4,,
181321,WAYNE COUNTY HOSPITAL,KY,metadata-or-pointer-review,publisher-issue,pointer-declared-file-404,Publisher inquiry to restore or replace the declared file; recheck after their update window,https://waynehospital.org/cms-hpt.txt,206,2026-09-09T10:07:32.451Z,,https://waynehospital.org/files/galleries/610847215_Wayne-County-Hospital_standardcharges.csv,404,https://waynehospital.org/files/galleries/610847215_Wayne-County_Hospital_standardcharges.csv,corroborated,file-name-and-address,Wayne County Hospital,Wayne County Hospital,KY,2026-09-03,3.0.0,date-within-365-days-version-3,2026-09-09T10:45:32.070Z,5674fa29c83114a9b7c478d10ca006910d975b68e165fca4c2d8f4eb1503dcf9,efd064e5c4afcc91ed10741d6ca86cbf791c1a453ed5755ad2a9238a159b3c8f,,The official pointer declares this file URL and it returns 404 on repeated checks; reproducible broken link.
181324,THE MEDICAL CENTER AT SCOTTSVILLE,KY,file-access-review,correction-verified,,Applied to the local reviewed ledger,https://medcenterhealth.org/cms-hpt.txt,200,2026-09-09T10:37:40.636Z,https://medcenterhealth.org/charges/mcs/,https://medcenterhealth.org/charges/mcs/,206,https://d2fdxbmd3bwjx.cloudfront.net/610920842_The-Medical-Center-at-Scottsville_20260501.0.zip,corroborated,file-name-and-address,610920842 - The Medical Center at Scottsville,The Medical Center at Scottsville,KY,2026-04-01,3.0.0,date-within-365-days-version-3,2026-09-09T14:41:46.050Z,a753f92586c31eb01a3422d8c8a51543ca3c23399dfc942d4719f3164ca3b9e2,27ccb2cda2da585b8cd8e2a3894c1d1a61b16535df4393b825ad9aaf622c3d37,,Correction verified and already recorded in the reviewed ledger.
181325,JANE TODD CRAWFORD HOSPITAL,KY,publisher-template-review,publisher-issue,template-version-older-than-3,Publisher inquiry about the declared template version; recheck after their update window,https://janetoddhospital.com/cms-hpt.txt,206,2026-09-09T10:07:32.761Z,,https://www.janetoddhospital.com/Content/Uploads/janetoddhospital.com/files/204474637_Jane-Todd-Crawford-Hospital_standardcharges.csv,206,https://www.janetoddhospital.com/Content/Uploads/janetoddhospital.com/files/204474637_Jane-Todd-Crawford-Hospital_standardcharges.csv,corroborated,file-name-and-address,"Jane Todd Crawford Memorial Hospital, Inc.",Jane Todd Crawford Hospital,KY,2026-03-31,2.0.0,date-within-365-days-older-version,2026-09-09T10:07:32.975Z,665eda79938224c478eec81a8d42c11c4e494a419df57840a87039cfc4e8869b,a17b83894f1350bcf1040f02dd48e9ff38d9c091f8dc57fa5dbc0ecf03f3834c,,Declared version 2.0.0 with a current date; publisher has not adopted the current CMS dictionary.
181328,KNOX COUNTY HOSPITAL,KY,pointer-or-domain-review,unresolved,,Official-domain discovery: confirm the roster facility controls a domain exposing cms-hpt.txt before assigning it,https://arh.org/wp-content/uploads/2026/06/cms-hpt.txt,206,2026-09-09T10:07:33.243Z,,https://www.arh.org/wp-content/uploads/2026/06/520795508_Summers-County-ARH-Hospital_standardcharges.csv,206,https://www.arh.org/wp-content/uploads/2026/06/520795508_Summers-County-ARH-Hospital_standardcharges.csv,mrf-header-does-not-match-unresolved-roster,,"Appalachian Regional Healthcare, Inc.",Summers County Appalachian Regional Healthcare Hospital,WV,2026-01-01,3.0.0,date-within-365-days-version-3,2026-09-09T10:45:49.375Z,bb8e0e605fea20eba2fb47e1c9ba5cc5a3f85148b94db2cc0128c91f251a6188,3b718fb2868e364dbd59376d3561181aa988c19162b81ee4df0ce97f2b300ae2,,
181333,THE MEDICAL CENTER AT ALBANY,KY,file-access-review,publisher-issue,declared-update-date-over-365-days,"Publisher inquiry with the recorded file URL, declared date and response hash; recheck after their update window",https://medcenterhealth.org/cms-hpt.txt,200,2026-09-09T10:37:40.636Z,,https://medcenterhealth.org/charges/mca/,206,https://d2fdxbmd3bwjx.cloudfront.net/610920842_The-Medical-Center-at-Albany_20260501.0.zip,corroborated,file-name-and-address,610920842 - The Medical Center at Albany,The Medical Center at Albany,KY,2024-07-01,3.0.0,date-over-365-days,2026-09-09T14:41:46.273Z,a753f92586c31eb01a3422d8c8a51543ca3c23399dfc942d4719f3164ca3b9e2,2c188b233041e97cb6c07caf116b01d59b157141359c1ff54dd094766c2c89c8,,Declared date over 365 days at check time.
190007,NATCHITOCHES REGIONAL MEDICAL CENTER,LA,pointer-or-domain-review,unresolved,,Official-domain discovery: confirm the roster facility controls a domain exposing cms-hpt.txt before assigning it,https://nrmchospital.org/cms-hpt.txt,"curl: (28) Connection timed out after 8002 milliseconds
",2026-09-09T11:37:05.084Z,,,,,,,,,,,,,,,,,
190034,ABBEVILLE GENERAL HOSPITAL,LA,pointer-or-domain-review,publisher-issue,file-published-no-machine-pointer,Publisher inquiry: ask the facility to publish a machine-readable pointer (cms-hpt.txt) alongside the file; the file itself is already verified,https://abbevillegeneral.com/cms-hpt.txt,404,2026-09-09T11:36:46.110Z,,https://abbevillegeneral.com/wp-content/uploads/720574846_abbeville-general-hospital_standardcharges.csv,206,https://abbevillegeneral.com/wp-content/uploads/720574846_abbeville-general-hospital_standardcharges.csv,corroborated,file-name-and-address,Abbeville General Hospital,Abbeville General Hospital,LA,2026-02-09,3.0.0,date-within-365-days-version-3,2026-09-09T16:09:00.043Z,,d09b027b32474d5db40a85d1fe67e916286bf86099de1912ec932a27ab51ee5d,,"File served on the facility's own site is current (2026-02-09, version 3.0.0) and its header matches the roster facility, but no machine-readable pointer declares it."
190044,ACADIA GENERAL HOSPITAL,LA,pointer-or-domain-review,publisher-issue,file-declares-conflicting-license-state,Publisher inquiry: ask the facility to correct the license_state field in the file header; recheck on their update,https://www.ochsner.org/cms-hpt.txt,206,2026-09-09T10:08:05.367Z,,https://ochsner-craft.s3.amazonaws.com/core/464958152_acadia-general-hospital-inc_standardcharges.csv.csv,206,https://ochsner-craft.s3.amazonaws.com/core/464958152_acadia-general-hospital-inc_standardcharges.csv.csv,license-state-conflict,exact-name-and-address-with-conflicting-license-state,"ACADIA GENERAL HOSPITAL, INC",OCHSNER ACADIA GENERAL HOSPITAL,CA,2026-04-01,3.0.0,,2026-09-09T10:45:09.068Z,15fe42c1275ca42c1611e524231948f78cf03843eacc03759c1a500459d65477,6774ae6ec38556e7cea98d1b814882c721e39aed2175ab33faf06a6960f8198e,,File header declares license state CA while the roster state is LA; the name and address match the roster exactly and the official pointer lists the file.
190054,IBERIA MEDICAL CENTER,LA,pointer-or-domain-review,correction-verified,,Applied to the local reviewed ledger,https://3d86954a-78cb-4018-bdb5-88df72e688f6.usrfiles.com/ugd/3d8695_286b3eb5cf354998877f6aa530450875.txt,206,2026-09-09T10:07:33.223Z,https://www.iberiamedicalcenter.com/_files/ugd/3d8695_d3d3f8794b6848be8b20bd93b0dea4c3.csv?dn=726014963_iberia-general-hospital-%26-medical-center_standardcharges.csv,https://www.iberiamedicalcenter.com/_files/ugd/3d8695_d3d3f8794b6848be8b20bd93b0dea4c3.csv?dn=726014963_iberia-general-hospital-%26-medical-center_standardcharges.csv,206,https://870d37a1-b62d-4089-a697-4177dc6ddfa5.filesusr.com/ugd/3d8695_d3d3f8794b6848be8b20bd93b0dea4c3.csv?dn=726014963_iberia-general-hospital-%26-medical-center_standardcharges.csv,corroborated,file-name-and-address,Iberia General Hospital & Medical Center,Iberia Medical Center,LA,2026-03-27,3.0.0,date-within-365-days-version-3,2026-09-09T12:17:02.823Z,6dc1a9792e6dee969ffd4154d0bd1f0c4450671e50ceb02d0e969e6a93dcb6ab,7df462faa28e2f5a5d1511f0221c21d11397b384c1f1d4e0bd80e4cf6be7bf50,,Correction verified and already recorded in the reviewed ledger.
190114,CLAIBORNE MEMORIAL MEDICAL CENTER,LA,identity-or-format-review,unresolved,,Complete-file read beyond the capped header to recover identity or metadata fields,https://claibornemedical.com/wp-content/uploads/2026/07/cms-hpt.txt,206,2026-09-09T10:07:34.120Z,,,,,,,,,,,,,,7203775e5ae54aec170e8538571fe87445546de7cc2b9777724ce5b614188fab,,,
190160,GLENWOOD REGIONAL MEDICAL CENTER,LA,publisher-date-review,publisher-issue,declared-update-date-over-365-days,"Publisher inquiry with the recorded file URL, declared date and response hash; recheck after their update window",https://glenwoodregional.org/cms-hpt.txt,200,2026-09-09T10:07:33.324Z,,https://glenwoodregional.org/pricetransparency/994786140_GlenwoodRegionalMedicalCenter_standardcharges.csv,206,https://glenwoodregional.org/pricetransparency/994786140_GlenwoodRegionalMedicalCenter_standardcharges.csv,corroborated,file-name-and-address,HSA GLENWOOD LLC,Glenwood Regional Medical Center,LA,2025-03-19,2.0.0,date-over-365-days,2026-09-09T10:07:33.615Z,53788d233d620c87a9edad212ed7a87a5f1a81f2d6bcfac3cf936591cdaeff65,7e80d981d9b708a7d95d9c78dc16b1a89d4bf641db1105336cad5eeef02b90ee,,Same declared date 2025-03-19 observed again after the earlier check (2026-09-09T01:48:32.008Z).
190167,MERCY REGIONAL MEDICAL CENTER,LA,publisher-template-review,publisher-issue,template-version-older-than-3,Publisher inquiry about the declared template version; recheck after their update window,https://mercyregionalmedical.com/cms-hpt.txt,206,2026-09-09T10:07:33.413Z,,https://mercyregionalmedical.com/824681222_MERCY-REGIONAL-MEDICAL-CENTER_standardcharges.csv,206,https://mercyregionalmedical.com/824681222_MERCY-REGIONAL-MEDICAL-CENTER_standardcharges.csv,corroborated,file-name-and-address,MERCY REGIONAL MEDICAL CENTER,MERCY REGIONAL MEDICAL CENTER,LA,2026-02-02,2.0.0,date-within-365-days-older-version,2026-09-09T10:07:33.674Z,de863a42fcb624525d182aef27d72ad61f1e6f42bae34451458c2e2dfd37f0e4,878c64c2bbaeca0dfc82ee7763dda480dcbd7980c517c19002a394d3dded75d9,,Declared version 2.0.0 with a current date; publisher has not adopted the current CMS dictionary.
190190,"CALDWELL MEMORIAL HOSPITAL, INC",LA,publisher-date-review,publisher-issue,declared-update-date-over-365-days,"Publisher inquiry with the recorded file URL, declared date and response hash; recheck after their update window",https://mycaldwellmemorial.com/cms-hpt.txt,206,2026-09-09T10:07:33.509Z,,https://www.mycaldwellmemorial.com/wp-content/uploads/2020/12/720878037_caldwell-memorial-hospital_standardcharges.csv,206,https://www.mycaldwellmemorial.com/wp-content/uploads/2020/12/720878037_caldwell-memorial-hospital_standardcharges.csv,corroborated,file-name-and-address,Caldwell Memorial Hospital,Caldwell Memorial Hospital,LA,2024-06-27,2.0.0,date-over-365-days,2026-09-09T10:07:34.070Z,25a1cd0bb56c8cf3c9fb22c3acb82cc3718396fc482d4c9e05efb23ae79852c4,ebddd06e5cd768efda1affd4205d54d31d05df7575572d6198946374111672a7,,Same declared date 2024-06-27 observed again after the earlier check (2026-09-09T01:48:31.748Z).
190241,PHYSICIANS MEDICAL CENTER,LA,file-access-review,unresolved,,"Compare the parsed header against facility aliases, renames and campus entries; extend the capped read only if metadata may sit beyond it",https://www.physicianshouma.com/cms-hpt.txt,206,2026-09-09T10:07:34.915Z,,https://www.tghealthsystem.com/documents/price transparency/721275428_physicians-medical-center_standardcharges.csv,206,https://www.tghealthsystem.com/documents/price%20transparency/721275428_physicians-medical-center_standardcharges.csv,mrf-header-has-no-license-state,,,,,,,date-unverified,2026-09-09T10:07:34.170Z,3cde89220382df91b6c9a74945e3d3726885e184056420fb710b9d932e9c5852,bab22dec313bc339699da6da2a4852a725e087b80b64aed926c3ba95075eb4bc,,
190300,ST CHARLES SURGICAL HOSPITAL,LA,pointer-or-domain-review,unresolved,file-belongs-to-other-facility,Adjudicate facility identity: locate this facility's own pointer/file; do not reuse the shared-provider finding,https://www.lcmchealth.org/cms-hpt.txt,206,2026-09-09T11:36:46.628Z,,https://lcmchealthfiles.blob.core.windows.net/mrf/East%20Jefferson%20General%20Hospital-PricingTransparency-2026-07-01%2009_31_23.csv,206,https://lcmchealthfiles.blob.core.windows.net/mrf/East%20Jefferson%20General%20Hospital-PricingTransparency-2026-07-01%2009_31_23.csv,other-facility,,East Jefferson General Hospital,East Jefferson General Hospital|East Jefferson General Hospital|East Jefferson General Hospital|East Jefferson General Hospital,LA,2026-07-01,3.0.0,date-within-365-days-version-3,2026-09-09T12:17:03.383Z,fd9cb1e1c39b58231e4292d9da95237fc5b49b7d9acfd37c9bbd98d51326b339,f78985d25671f5ccedee5890fa8fb4e9e19b1308c2074970385005fbab2d0c45,,
190316,THE GENERAL,LA,file-access-review,unresolved,file-belongs-to-other-facility,Adjudicate facility identity: locate this facility's own pointer/file; do not reuse the shared-provider finding,https://www.brgeneral.org/cms-hpt.txt,200,2026-09-09T10:07:34.326Z,,https://www.brgeneral.org/sites/default/files/721025017_baton-rouge-general-medical-center_standardcharges.zip,200,https://www.brgeneral.org/sites/default/files/721025017_baton-rouge-general-medical-center_standardcharges.zip,other-facility,,BATON ROUGE GENERAL MEDICAL CENTER,BATON ROUGE GENERAL MEDICAL CENTER (ACU)|BATON ROUGE GENERAL MEDICAL CENTER (PSY)|BATON ROUGE GENERAL MEDICAL CENTER (REH)|BATON ROUGE GENERAL MEDICAL CENTER (SNF)|THE GENERAL  (ACU2),LA,2026-03-26,3.0.0,date-within-365-days-version-3,2026-09-09T10:07:34.909Z,8ed51d4e806e21b60584b5cbd3fd94492b028e5141103d478c7ff61960df9276,e2d4bfaabb7a0291a00562c56732bde2a686e6e89d70e6057c869799c5ad216d,,
190319,ALEXANDRIA HOSPITAL,LA,metadata-or-pointer-review,publisher-issue,template-version-older-than-3,Publisher inquiry about the declared template version; recheck after their update window,https://alexandriaer.com/cms-hpt.txt,200,2026-09-09T10:07:34.553Z,,https://www.alexandriaer.com/wp-content/uploads/2025/10/821295425_alexandria-hospital-llc_standardcharges-1in.csv,200,https://www.alexandriaer.com/wp-content/uploads/2025/10/821295425_alexandria-hospital-llc_standardcharges-1in.csv,corroborated-adjudicated,renamed-facility-pointer-label-and-roster-address,Alexandria Emergency Hospital,Alexandria Emergency Hospital,LA,2025-10-10,2.1.0,date-within-365-days-older-version,2026-09-09T10:45:49.396Z,ec47a96988fdfc6d3654eebec63018866b49650857a03f263665a753fd64481a,b901e9d818532ceace8afa6ea68cbf74f94fc8c32a3146e88b62c4bd7ce37162,renamed-facility-pointer-label-and-roster-address,Declared version 2.1.0 with a current date; publisher has not adopted the current CMS dictionary.
191301,UNION GENERAL HOSPITAL,LA,pointer-or-domain-review,unresolved,file-belongs-to-other-facility,Adjudicate facility identity: locate this facility's own pointer/file; do not reuse the shared-provider finding,https://uniongeneralhealthsystem.com/cms-hpt.txt,206,2026-09-09T11:36:46.580Z,,https://uniongeneralhealthsystem.com/wp-content/uploads/2026/03/586025393_union-general-hospital_standardcharges.csv,206,https://uniongeneralhealthsystem.com/wp-content/uploads/2026/03/586025393_union-general-hospital_standardcharges.csv,other-facility,,UNION GENERAL HOSPITAL,UNION GENERAL HOSPITAL,GA,2026-03-23,3.0.0,date-within-365-days-version-3,2026-09-09T11:41:22.077Z,b43b84d4f8d6cb02d397521426e76ba983e76f36421fc467c4b1f63e52660d49,2e93d9e5caf7ccd50b721de9b86a912445ac0ff040082aa94d8f0b38a3025945,,
191304,NORTH CADDO MEDICAL CENTER,LA,pointer-or-domain-review,unresolved,,Official-domain discovery: confirm the roster facility controls a domain exposing cms-hpt.txt before assigning it,https://ncmcla.com/cms-hpt.txt,"curl: (28) Resolving timed out after 8004 milliseconds
",2026-09-09T11:37:06.542Z,,,,,,,,,,,,,,,,,
191318,RIVERLAND MEDICAL CENTER,LA,file-access-review,unresolved,,"Compare the parsed header against facility aliases, renames and campus entries; extend the capped read only if metadata may sit beyond it",https://trinitymed.com/cms-hpt.txt,403,2026-09-09T10:07:35.243Z,,https://www.trinitymed.com/siteuploads/editorimg/file/720578642_trinity-medical_standardcharges.csv,206,https://www.trinitymed.com/siteuploads/editorimg/file/720578642_trinity-medical_standardcharges.csv,mrf-header-does-not-match-unresolved-roster,,CONCORDIA PARISH HOSPITAL SERVICE DISTRICT #1,TRINITY MEDICAL,LA,2024-10-24,2.0.0,date-over-365-days,2026-09-09T16:09:00.051Z,,35f59a5e41c45ca5d3caee7f58a89ae6a662d212524df8d991f99337b172fd0a,,
192010,INTENSIVE SPECIALTY HOSPITAL,LA,pointer-or-domain-review,unresolved,,Official-domain discovery: confirm the roster facility controls a domain exposing cms-hpt.txt before assigning it,https://intensivespecialty.com/cms-hpt.txt,"curl: (28) Resolving timed out after 8008 milliseconds
",2026-09-09T11:37:06.669Z,,,,,,,,,,,,,,,,,
194073,OCEANS HOSPITAL OF BROUSSARD,LA,identity-or-format-review,unresolved,file-belongs-to-other-facility,Adjudicate facility identity: locate this facility's own pointer/file; do not reuse the shared-provider finding,https://oceanshealthcare.com/cms-hpt.txt,200,2026-09-09T10:37:41.695Z,,https://oceanshealthcare.com/wp-content/uploads/2026/06/932646788_Oceans-Behavioral-Hospital-of-Jackson_standardcharges.csv,206,https://oceanshealthcare.com/wp-content/uploads/2026/06/932646788_Oceans-Behavioral-Hospital-of-Jackson_standardcharges.csv,other-facility,,Oceans Behavioral Hospital of Jackson,Oceans Behavioral Hospital of Jackson,MS,2026-04-01,3.0.0,date-within-365-days-version-3,2026-09-09T10:07:35.505Z,fe305d68ba0482c5d0d77c51f2f2efc5a60fdb5a906272cc0dcd1805333cb6f1,417a78e056e567b12f94fb7d40ab12ffae60652ce2a998f4b84d55242e9cf681,,
194074,SERENITY SPRINGS SPECIALTY HOSPITAL,LA,publisher-date-review,publisher-issue,declared-update-date-over-365-days,"Publisher inquiry with the recorded file URL, declared date and response hash; recheck after their update window",https://serenityhospital.com/cms-hpt.txt,206,2026-09-09T10:07:35.430Z,,https://rest.edit.site/filestorage-api-service/4a56fb3b641cb21ae28d316dd3efb637/price-transparency-tall-csv.csv,206,https://static-gcs.edit.site/users-files/4a56fb3b641cb21ae28d316dd3efb637/price-transparency-tall-csv.csv,corroborated,file-name-and-address,Solutions Medical Consulting LLC,Serenity Springs Specialty Hospital,LA,2024-10-14,2.0.0,date-over-365-days,2026-09-09T10:37:42.855Z,b4f3ae6c9ca8af3344b6ac615c2d9f5743d688becaedb08994eb57e870fea242,ac0db4227954ea0a33b94b7ca3858d91366f659034d9082152a002294a2814b4,,Same declared date 2024-10-14 observed again after the earlier check (2026-09-09T02:23:47.588Z).
194080,"BEACON BEHAVIORAL HOSPITAL - NORTHSHORE, LLC",LA,identity-or-format-review,unresolved,file-belongs-to-other-facility,Adjudicate facility identity: locate this facility's own pointer/file; do not reuse the shared-provider finding,https://beaconbh.com/cms-hpt.txt,403,2026-09-09T10:37:42.590Z,,https://beaconbh.com/wp-content/uploads/2026/04/853294005-320433074-1184044430_bunkie-hospital_standardcharges_2026.csv,206,https://beaconbh.com/wp-content/uploads/2026/04/853294005-320433074-1184044430_bunkie-hospital_standardcharges_2026.csv,other-facility,,Beacon Behavioral Hospital Central-Bunkie,"Bunkie, Louisiana",LA,2025-10-01,2.0.0,date-within-365-days-older-version,2026-09-09T16:09:00.056Z,,3e5cef24fe43ddd451707e570ec48081c041550fc1aecdddad35ea1d5cee280c,,
194084,"BEACON BEHAVIORAL HOSPITAL- NEW ORLEANS, LLC",LA,identity-or-format-review,unresolved,,Browser download attempt on the recorded file URL; a failed automated request is not evidence the file is absent,https://beaconbh.com/cms-hpt.txt,403,2026-09-09T10:37:42.590Z,,https://beaconbh.com/wp-content/uploads/2026/04/853294029-273977201-1760437131_new-orleans-hospital_standardcharges_2026.csv,206,https://beaconbh.com/wp-content/uploads/2026/04/853294029-273977201-1760437131_new-orleans-hospital_standardcharges_2026.csv,mrf-header-name-without-location,,Beacon Behavioral Hospital New Orleans,Beacon Behavioral Hospital New Orleans,LA,2025-10-01,2.0.0,date-within-365-days-older-version,2026-09-09T16:09:00.061Z,,bc41796e537257620282cc870f358f871c363a60bb8708c701085c90c8c9deec,,
194087,FREEDOM BEHAVIORAL HOSPITAL OF MONROE,LA,identity-or-format-review,unresolved,,Browser download attempt on the recorded file URL; a failed automated request is not evidence the file is absent,https://freedombehavioral.com/cms-hpt.txt,403,2026-09-09T10:37:42.780Z,,https://freedombehavioral.com/wp-content/uploads/2025/03/811097331_beacham_memorial_hospital_standardcharges28.csv,206,https://freedombehavioral.com/wp-content/uploads/2025/03/811097331_beacham_memorial_hospital_standardcharges28.csv,mrf-header-name-without-location,,BEACHAM MEMORIAL HOSPITAL,BEACHAM MEMORIAL HOSPITAL,MS,2026-07-26,3.0.0,date-within-365-days-version-3,2026-09-09T16:09:00.063Z,,1ad8b6731221bb5f700c04120732a55f3c8c451489b8fed34410cd351a732160,,
194102,"BEACON BEHAVIORAL HOSPITAL, LLC",LA,publisher-template-review,publisher-issue,automated-file-access-denied,"Browser download attempt, then publisher whitelist request with the recorded denial evidence",https://beaconbh.com/cms-hpt.txt,403,2026-09-09T10:37:42.590Z,,https://beaconbh.com/wp-content/uploads/2026/04/853294019-273463367-1881996940_lutcher-hospital_standardcharges_2026.csv,403,,,,,,,,,,2026-09-09T10:07:37.779Z,,,,Automated retrieval denied while the earlier pass corroborated facility identity from this URL; not evidence of a missing file.
194105,"APOLLO BEHAVIORAL HEALTH HOSPITAL, L L C",LA,pointer-or-domain-review,correction-verified,,Applied to the local reviewed ledger,https://apollo-bhh.com/cms-hpt.txt,206,2026-09-09T10:37:42.963Z,https://www.apollo-bhh.com/wp-content/uploads/2026/06/Apollo-Behavioral-Health-Hospital-price-tranperancy-6.15.2026.csv,https://www.apollo-bhh.com/wp-content/uploads/2026/06/Apollo-Behavioral-Health-Hospital-price-tranperancy-6.15.2026.csv,206,https://www.apollo-bhh.com/wp-content/uploads/2026/06/Apollo-Behavioral-Health-Hospital-price-tranperancy-6.15.2026.csv,corroborated-adjudicated,renamed-facility-pointer-label-and-roster-address,Apollo Behavioral Health Hospital,Apollo Behavioral Health Hospital,LA,2026-06-15,3.0.0,date-within-365-days-version-3,2026-09-09T10:37:43.333Z,38917f4d22a046cea0a9a253dd8a1daf334129f88473a06826e16f6dbfd17638,befda09b29f17b1bb11ad856333685da58521b879e92d7a531c0c050136952bc,renamed-facility-pointer-label-and-roster-address,Correction verified and already recorded in the reviewed ledger.
194112,BEACON BEHAVIORAL HOSPITAL - CENTRAL,LA,publisher-template-review,publisher-issue,template-version-older-than-3,Publisher inquiry about the declared template version; recheck after their update window,https://beaconbh.com/cms-hpt.txt,403,2026-09-09T10:37:42.590Z,,https://beaconbh.com/wp-content/uploads/2026/04/853294005-320433074-1184044430_bunkie-hospital_standardcharges_2026.csv,206,https://beaconbh.com/wp-content/uploads/2026/04/853294005-320433074-1184044430_bunkie-hospital_standardcharges_2026.csv,corroborated,file-name-and-address,Beacon Behavioral Hospital Central-Bunkie,"Bunkie, Louisiana",LA,2025-10-01,2.0.0,date-within-365-days-older-version,2026-09-09T16:09:00.056Z,,3e5cef24fe43ddd451707e570ec48081c041550fc1aecdddad35ea1d5cee280c,,Declared version 2.0.0 with a current date; publisher has not adopted the current CMS dictionary.
194113,PERIMETER BEHAVIORAL HOSPITAL OF NEW ORLEANS,LA,pointer-or-domain-review,unresolved,file-belongs-to-other-facility,Adjudicate facility identity: locate this facility's own pointer/file; do not reuse the shared-provider finding,https://www.perimeterhealthcare.com/cms-hpt.txt,206,2026-09-09T10:37:17.094Z,,https://www.perimeterhealthcare.com/arlington/834209160_Perimeter-Behavioral-Hospital-of-Arlington_standardcharges.csv,206,https://www.perimeterhealthcare.com/arlington/834209160_Perimeter-Behavioral-Hospital-of-Arlington_standardcharges.csv,other-facility,,Perimeter Behavioral Hospital of Arlington,"Arlington, TX",TX,2026-03-27,3.0.0,date-within-365-days-version-3,2026-09-09T10:07:02.302Z,ee339fa3be5664792d2aae80ab360711cdb1f4556df0c5511401e28ce42f2656,b9572432beec00aed9edd58734568d5c18acd060e6765c546e0a0d0730c8efd5,,
201305,CALAIS COMMUNITY HOSPITAL,ME,identity-or-format-review,unresolved,,"Compare the parsed header against facility aliases, renames and campus entries; extend the capped read only if metadata may sit beyond it",https://calaishospital.org/cms-hpt.txt,206,2026-09-09T10:37:43.029Z,,https://secure.claraprice.net/price-transparency/IJLS-1755124586280/machine-readable/862728785_calais-community-hospital_standardcharges.json,200,https://secure.claraprice.net/price-transparency/IJLS-1755124586280/machine-readable/862728785_calais-community-hospital_standardcharges.json,mrf-header-has-no-license-state,,Calais Community Hospital,,,,,date-unverified,2026-09-09T10:07:38.704Z,066f03a022dadf5d5fb30714d16c291205e32038e62e85f8c2113bdd18c2da51,cab00ca183a91586a6d2cbb654738bb64c32ef7660653be21b373a5520636dd0,,
204005,MAINEHEALTH BEHAVIORAL HEALTH AT SPRING HARBOR,ME,identity-or-format-review,publisher-issue,declared-update-date-over-365-days,"Publisher inquiry with the recorded file URL, declared date and response hash; recheck after their update window",https://www.mainehealth.org/cms-hpt.txt,206,2026-09-09T10:07:36.385Z,,https://sthpiprd.blob.core.windows.net/machine-readable-files/8065/010238552-1598798787_mainehealth_standardcharges.csv,206,https://sthpiprd.blob.core.windows.net/machine-readable-files/8065/010238552-1598798787_mainehealth_standardcharges.csv,corroborated-adjudicated,renamed-facility-pointer-label-and-roster-address,MaineHealth,Spring Harbor Hospital,ME,2025-08-12,3.0.0,date-over-365-days,2026-09-09T10:07:38.871Z,1833c7c469958fd9c502c7a91d0ec1cfca43ab6d3cd314674346b16ae2855134,73dea2754c8efc703ce2b7623b4f59a86b902c7cdfe3c0703255ac8de9b474f6,renamed-facility-pointer-label-and-roster-address,Same declared date 2025-08-12 observed again after the earlier check (2026-09-09T02:27:57.576Z).
210002,UNIVERSITY OF MARYLAND MEDICAL CENTER,MD,pointer-or-domain-review,unresolved,,Official-domain discovery: confirm the roster facility controls a domain exposing cms-hpt.txt before assigning it,https://umms.org/cms-hpt.txt,403,2026-09-09T11:36:46.856Z,,,,,,,,,,,,,,,,,
210003,UNIVERSITY OF MD CAPITAL REGION MEDICAL CENTER,MD,pointer-or-domain-review,unresolved,,Official-domain discovery: confirm the roster facility controls a domain exposing cms-hpt.txt before assigning it,https://umms.org/cms-hpt.txt,403,2026-09-09T11:36:46.856Z,,,,,,,,,,,,,,,,,
210004,HOLY CROSS HOSPITAL,MD,identity-or-format-review,unresolved,,"Compare the parsed header against facility aliases, renames and campus entries; extend the capped read only if metadata may sit beyond it",https://www.holycrosshealth.org/sites/default/files/price-transparency/cms-hpt.txt,200,2026-09-09T10:06:56.989Z,,https://hpt.trinity-health.org/520738041-1669417838_holy-cross-hospital-silver-spring_standardcharges.zip,206,https://hpt.trinity-health.org/520738041-1669417838_holy-cross-hospital-silver-spring_standardcharges.zip,mrf-header-does-not-match-unresolved-roster,,Holy Cross Hospital-Silver Spring,Holy Cross Hospital-Silver Spring,MD,2026-03-31,3.0.0,date-within-365-days-version-3,2026-09-09T10:06:57.474Z,456139419b94ac121b00387e2cf6c71751d44bfd78dbec6815fbecce8c9b01c3,ae48f3afc78d2f1725c495ea869e0498406d84567d5931a8d106b4209dd8da91,,
210005,FREDERICK HEALTH HOSPITAL,MD,publisher-date-review,publisher-issue,declared-update-date-over-365-days,"Publisher inquiry with the recorded file URL, declared date and response hash; recheck after their update window",https://www.frederickhealth.org/cms-hpt.txt,206,2026-09-09T10:07:36.554Z,,https://www.frederickhealth.org/documents/billing%20and%20finance/52-0591612_FrederickHealthHospital_standardcharges.csv,206,https://www.frederickhealth.org/documents/billing%20and%20finance/52-0591612_FrederickHealthHospital_standardcharges.csv,corroborated,file-name-and-address,"Frederick Health Hospital, Inc.",Frederick Health Hospital,MD,2025-03-17,2.0.0,date-over-365-days,2026-09-09T10:07:37.645Z,b5ab9ff3385698b8862cd090af7d93ac6b77676e13f55420899d8d03e606c5e3,fac8a8bffa9c7ce73d5382b2289fbc73691eb00d776708434217c7e63a10d348,,Same declared date 2025-03-17 observed again after the earlier check (2026-09-09T01:48:52.538Z).
210009,"JOHNS HOPKINS HOSPITAL, THE",MD,metadata-or-pointer-review,publisher-issue,declared-update-date-over-365-days,"Publisher inquiry with the recorded file URL, declared date and response hash; recheck after their update window",,,,,https://jhm-web-assets.s3.amazonaws.com/hopkinsmedicine/prod/charge-fees/520591656_JohnsHopkinsHospital_standardcharges.csv,206,https://jhm-web-assets.s3.amazonaws.com/hopkinsmedicine/prod/charge-fees/520591656_JohnsHopkinsHospital_standardcharges.csv,corroborated,file-name-and-address,The Johns Hopkins Hospital,The Johns Hopkins Hospital,MD,2025-07-01,2.2.0,date-over-365-days,2026-09-09T10:07:38.055Z,,fdeec04b814de0588c65e49af36650b8f29f6485533e810b809d1f4cfac5cb11,,Same declared date 2025-07-01 observed again after the earlier check (2026-09-09T02:26:07.134Z).
210022,SUBURBAN HOSPITAL,MD,metadata-or-pointer-review,publisher-issue,declared-update-date-over-365-days,"Publisher inquiry with the recorded file URL, declared date and response hash; recheck after their update window",,,,,https://jhm-web-assets.s3.amazonaws.com/hopkinsmedicine/prod/charge-fees/520610545_SuburbanHospital_standardcharges.csv,206,https://jhm-web-assets.s3.amazonaws.com/hopkinsmedicine/prod/charge-fees/520610545_SuburbanHospital_standardcharges.csv,corroborated,file-name-and-address,Suburban Hospital,Suburban Hospital,MD,2025-07-01,2.2.0,date-over-365-days,2026-09-09T10:07:38.903Z,,3fd3decf30676b1208ae8074d635738d6e0293f91f23d2af97d3d5a893856c01,,Same declared date 2025-07-01 observed again after the earlier check (2026-09-09T02:26:08.127Z).
210023,"LUMINIS HEALTH ANNE ARUNDEL MEDICAL CENTER, INC",MD,publisher-template-review,publisher-issue,template-version-older-than-3,Publisher inquiry about the declared template version; recheck after their update window,https://www.luminishealth.org/sites/default/files/2026-01/cms-hpt.txt,206,2026-09-09T10:07:36.904Z,,https://www.luminishealth.org/sites/default/files/2026-01/1477517225_annearundelmedicalcenter_standardcharges.csv,206,https://www.luminishealth.org/sites/default/files/2026-01/1477517225_annearundelmedicalcenter_standardcharges.csv,corroborated,file-name-and-address,Luminis Health Anne Arundel Medical Center,Luminis Health Anne Arundel Medical Center,MD,2026-01-15,2.0.0,date-within-365-days-older-version,2026-09-09T10:07:38.104Z,493e5bcfebbca4ba980fba112a1357412376ec6808f78cd51d7235054b0e53a7,18d06a0c071b11608390c8c8dae8028683f37f7d716cc8db390a8707bcd3b1ed,,Declared version 2.0.0 with a current date; publisher has not adopted the current CMS dictionary.
210029,JOHNS HOPKINS BAYVIEW MEDICAL CENTER,MD,metadata-or-pointer-review,publisher-issue,declared-update-date-over-365-days,"Publisher inquiry with the recorded file URL, declared date and response hash; recheck after their update window",,,,,https://jhm-web-assets.s3.amazonaws.com/hopkinsmedicine/prod/charge-fees/521341890_JohnsHopkinsBayview_standardcharges.csv,206,https://jhm-web-assets.s3.amazonaws.com/hopkinsmedicine/prod/charge-fees/521341890_JohnsHopkinsBayview_standardcharges.csv,corroborated,file-name-and-address,Johns Hopkins Bayview Medical Center,Johns Hopkins Bayview Medical Center,MD,2025-07-01,2.2.0,date-over-365-days,2026-09-09T10:07:39.442Z,,565ed37f1f2509ab23fd21e6e616efb956206d2fe02aafced403d781dd0a802c,,Same declared date 2025-07-01 observed again after the earlier check (2026-09-09T02:26:08.602Z).
210030,UNIVERSITY OF MD SHORE MEDICAL CTR AT CHESTERTOWN,MD,pointer-or-domain-review,unresolved,,Official-domain discovery: confirm the roster facility controls a domain exposing cms-hpt.txt before assigning it,https://umms.org/cms-hpt.txt,403,2026-09-09T11:36:46.856Z,,,,,,,,,,,,,,,,,
210035,UNIVERSITY OF MD CHARLES REGIONAL  MEDICAL CENTER,MD,pointer-or-domain-review,unresolved,,Official-domain discovery: confirm the roster facility controls a domain exposing cms-hpt.txt before assigning it,https://umms.org/cms-hpt.txt,403,2026-09-09T11:36:46.856Z,,,,,,,,,,,,,,,,,
210037,UNIVERSITY OF MD SHORE MEDICAL CENTER AT EASTON,MD,pointer-or-domain-review,unresolved,,Official-domain discovery: confirm the roster facility controls a domain exposing cms-hpt.txt before assigning it,https://umms.org/cms-hpt.txt,403,2026-09-09T11:36:46.856Z,,,,,,,,,,,,,,,,,
210038,UNIVERSITY OF MD MEDICAL CENTER MIDTOWN CAMPUS,MD,pointer-or-domain-review,unresolved,,Official-domain discovery: confirm the roster facility controls a domain exposing cms-hpt.txt before assigning it,https://umms.org/cms-hpt.txt,403,2026-09-09T11:36:46.856Z,,,,,,,,,,,,,,,,,
210043,UNIVERSITY OF MD BALTIMORE WASHINGTON MEDICAL CENTER,MD,pointer-or-domain-review,unresolved,,Official-domain discovery: confirm the roster facility controls a domain exposing cms-hpt.txt before assigning it,https://umms.org/cms-hpt.txt,403,2026-09-09T11:36:46.856Z,,,,,,,,,,,,,,,,,
210048,JOHNS HOPKINS HOWARD COUNTY MEDICAL CENTER,MD,metadata-or-pointer-review,publisher-issue,declared-update-date-over-365-days,"Publisher inquiry with the recorded file URL, declared date and response hash; recheck after their update window",,,,,https://jhm-web-assets.s3.amazonaws.com/hopkinsmedicine/prod/charge-fees/522093120_HowardCountyGeneralHospital_standardcharges.csv,206,https://jhm-web-assets.s3.amazonaws.com/hopkinsmedicine/prod/charge-fees/522093120_HowardCountyGeneralHospital_standardcharges.csv,corroborated,file-name-and-address,Johns Hopkins Howard County Medical Center,Johns Hopkins Howard County Medical Center,MD,2025-07-01,2.2.0,date-over-365-days,2026-09-09T10:07:39.949Z,,ba2564c671276fd5107a5f3349bb733a023df6ee012a3298bba9de9623d75139,,Same declared date 2025-07-01 observed again after the earlier check (2026-09-09T02:26:08.989Z).
210049,UMD UPPER CHESAPEAKE MEDICAL CENTER,MD,pointer-or-domain-review,unresolved,,Official-domain discovery: confirm the roster facility controls a domain exposing cms-hpt.txt before assigning it,https://umms.org/cms-hpt.txt,403,2026-09-09T11:36:46.856Z,,,,,,,,,,,,,,,,,
210051,"LUMINIS HEALTH DOCTORS COMMUNITY MEDICAL CTR, INC",MD,publisher-template-review,publisher-issue,template-version-older-than-3,Publisher inquiry about the declared template version; recheck after their update window,https://www.luminishealth.org/sites/default/files/2026-01/cms-hpt.txt,206,2026-09-09T10:07:36.904Z,,https://www.luminishealth.org/sites/default/files/2026-01/1730136532_doctorscommunitymedicalcenter_standardcharges.csv,206,https://www.luminishealth.org/sites/default/files/2026-01/1730136532_doctorscommunitymedicalcenter_standardcharges.csv,corroborated,file-name-and-address,Luminis Health Doctors Community Medical Center,Luminis Health Doctors Community Medical Center,MD,2026-01-15,2.0.0,date-within-365-days-older-version,2026-09-09T10:07:39.406Z,493e5bcfebbca4ba980fba112a1357412376ec6808f78cd51d7235054b0e53a7,9b3afe242b86481ac325ec55566bf1894fd257fdf0b94cbd198b342d94669a7c,,Declared version 2.0.0 with a current date; publisher has not adopted the current CMS dictionary.
210058,UMD REHABILITATION &  ORTHOPAEDIC INSTITUTE,MD,pointer-or-domain-review,unresolved,,Official-domain discovery: confirm the roster facility controls a domain exposing cms-hpt.txt before assigning it,https://umms.org/cms-hpt.txt,403,2026-09-09T11:36:46.856Z,,,,,,,,,,,,,,,,,
210063,UNIVERSITY OF MD ST JOSEPH MEDICAL CENTER,MD,pointer-or-domain-review,unresolved,,Official-domain discovery: confirm the roster facility controls a domain exposing cms-hpt.txt before assigning it,https://umms.org/cms-hpt.txt,403,2026-09-09T11:36:46.856Z,,,,,,,,,,,,,,,,,
210065,HOLY CROSS GERMANTOWN HOSPITAL,MD,metadata-or-pointer-review,unresolved,,"Compare the parsed header against facility aliases, renames and campus entries; extend the capped read only if metadata may sit beyond it",https://www.holycrosshealth.org/sites/default/files/price-transparency/cms-hpt.txt,200,2026-09-09T10:06:56.989Z,,https://hpt.trinity-health.org/520738041-1245655638_holy-cross-germantown-hospital_standardcharges.zip,206,https://hpt.trinity-health.org/520738041-1245655638_holy-cross-germantown-hospital_standardcharges.zip,corroborated,file-name-and-address,Holy Cross Germantown Hospital,Holy Cross Germantown Hospital,MD,2026-03-31,3.0.0,date-within-365-days-version-3,2026-09-09T10:07:38.993Z,456139419b94ac121b00387e2cf6c71751d44bfd78dbec6815fbecce8c9b01c3,c435a8491792df77d1750bba4cbe9eb5a7e156d1f72c4ad1084175711e080f44,,
213300,MOUNT WASHINGTON PEDIATRIC HOSPITAL,MD,pointer-or-domain-review,unresolved,,Official-domain discovery: confirm the roster facility controls a domain exposing cms-hpt.txt before assigning it,https://mwph.org/cms-hpt.txt,403,2026-09-09T11:36:47.284Z,,,,,,,,,,,,,,,,,
214020,LUMINIS HEALTH J KENT MCNEW FAMILY MEDICAL CENTER,MD,publisher-template-review,publisher-issue,template-version-older-than-3,Publisher inquiry about the declared template version; recheck after their update window,https://www.luminishealth.org/sites/default/files/2026-01/cms-hpt.txt,206,2026-09-09T10:07:36.904Z,,https://www.luminishealth.org/sites/default/files/2026-01/1780236992_jkentmcnewfamilymedicalcenter_standardcharges.csv,206,https://www.luminishealth.org/sites/default/files/2026-01/1780236992_jkentmcnewfamilymedicalcenter_standardcharges.csv,corroborated,file-name-and-address,Luminis Health J Kent McNew Family Medical Center,Luminis Health J Kent McNew Medical Center,MD,2026-01-15,2.0.0,date-within-365-days-older-version,2026-09-09T10:07:39.770Z,493e5bcfebbca4ba980fba112a1357412376ec6808f78cd51d7235054b0e53a7,e3820dfd5898a56069ceefedca04c63a30d5fda9fd373ac1e7a1a74f57ab0384,,Declared version 2.0.0 with a current date; publisher has not adopted the current CMS dictionary.
220017,CARNEY HOSPITAL,MA,pointer-or-domain-review,unresolved,,Official-domain discovery: confirm the roster facility controls a domain exposing cms-hpt.txt before assigning it,https://carneyhospital.org/cms-hpt.txt,"curl: (6) Could not resolve host: carneyhospital.org
",2026-09-09T11:36:47.746Z,,,,,,,,,,,,,,,,,
220029,ANNA JAQUES HOSPITAL,MA,pointer-or-domain-review,unresolved,,Official-domain discovery: confirm the roster facility controls a domain exposing cms-hpt.txt before assigning it,https://ajh.org/cms-hpt.txt,"curl: (28) Resolving timed out after 8003 milliseconds
",2026-09-09T11:37:07.134Z,,,,,,,,,,,,,,,,,
220033,NORTHEAST HOSPITAL CORPORATION,MA,pointer-or-domain-review,unresolved,,Official-domain discovery: confirm the roster facility controls a domain exposing cms-hpt.txt before assigning it,https://beverlyhospital.org/cms-hpt.txt,"curl: (28) Resolving timed out after 8000 milliseconds
",2026-09-09T11:37:09.779Z,,,,,,,,,,,,,,,,,
220035,NORTH SHORE MEDICAL CENTER -,MA,identity-or-format-review,unresolved,file-belongs-to-other-facility,Adjudicate facility identity: locate this facility's own pointer/file; do not reuse the shared-provider finding,https://northshoremc.org/cms-hpt.txt,200,2026-09-09T10:07:05.978Z,,https://northshoremc.org/pricetransparency/995020733_NorthShoreMedicalCenter_standardcharges.csv,206,https://northshoremc.org/pricetransparency/995020733_NorthShoreMedicalCenter_standardcharges.csv,other-facility,,HSA NSMC LLC,North Shore Medical Center,FL,2025-02-21,2.0.0,date-over-365-days,2026-09-09T10:07:06.342Z,61fc4bbc21aa1918696c94dfe5888c29ace0884357434569411c4a2f438cbc5c,15579c5b9e13d7e952512e01c660fdb900c5843dd7a80990026102f2b9eced9c,,
220073,BROWN UNIVERSITY HEALTH MORTON HOSPITAL,MA,file-access-review,correction-verified,,Applied to the local reviewed ledger,https://www.brownhealth.org/sites/default/files/2026-05/cms-hpt17.txt,206,2026-09-09T10:07:39.274Z,https://www.brownhealth.org/sites/default/files/2026-05/994836263_morton-hospital-and-medical-center-inc_standardcharges.csv,https://www.brownhealth.org/sites/default/files/2026-05/994836263_morton-hospital-and-medical-center-inc_standardcharges.csv,206,https://www.brownhealth.org/sites/default/files/2026-05/994836263_morton-hospital-and-medical-center-inc_standardcharges.csv,corroborated-adjudicated,renamed-facility-pointer-label-and-roster-address,"Morton Hospital and Medical Center, Inc., Lifespan of Massachusetts - Taunton Inc",Morton Hospital,MA,2026-04-01,3.0.0,date-within-365-days-version-3,2026-09-09T10:07:39.245Z,d93fe93402388b280b36581e2c20d4f18797f5dcc829555347e7ff07967326b9,f3404932999205c56937f1acf352ebdcec85720fe6d7d7d08221050da78c81ee,renamed-facility-pointer-label-and-roster-address,Correction verified and already recorded in the reviewed ledger.
220080,HOLY FAMILY HOSPITAL,MA,pointer-or-domain-review,unresolved,,"Compare the parsed header against facility aliases, renames and campus entries; extend the capped read only if metadata may sit beyond it",,,,,https://www.mhlawrencehospital.org/getmedia/e6c34e8a-4f60-484a-a120-519d4d00f386/042103586_LawerenceGeneralHospital_standardcharges.csv,206,https://www.mhlawrencehospital.org/getmedia/e6c34e8a-4f60-484a-a120-519d4d00f386/042103586_LawerenceGeneralHospital_standardcharges.csv,mrf-header-does-not-match-unresolved-roster,,Lawrence General Hospital,Lawrence General Hospital | Holy Family Hospital - Methuen,MA,2026-04-29,3.0.0,date-within-365-days-version-3,2026-09-09T10:07:39.511Z,,0d34ae7ce49b28cb4180bfaad2861f2719496c96a5880f05c2baa1bef2e74ba7,,
220083,BETH ISRAEL DEACONESS HOSPITAL - NEEDHAM,MA,pointer-or-domain-review,unresolved,,Official-domain discovery: confirm the roster facility controls a domain exposing cms-hpt.txt before assigning it,https://bidneedham.org/cms-hpt.txt,"curl: (28) Resolving timed out after 8009 milliseconds
",2026-09-09T11:37:25.185Z,,,,,,,,,,,,,,,,,
220086,BETH ISRAEL DEACONESS MEDICAL CENTER,MA,pointer-or-domain-review,unresolved,,Official-domain discovery: confirm the roster facility controls a domain exposing cms-hpt.txt before assigning it,https://bidmc.org/cms-hpt.txt,"curl: (28) Resolving timed out after 8011 milliseconds
",2026-09-09T11:37:25.980Z,,,,,,,,,,,,,,,,,
220088,NEW ENGLAND BAPTIST HOSPITAL,MA,pointer-or-domain-review,unresolved,,Official-domain discovery: confirm the roster facility controls a domain exposing cms-hpt.txt before assigning it,https://onlinepatientestimation.com/cms-hpt.txt,"curl: (28) Resolving timed out after 8000 milliseconds
",2026-09-09T11:37:26.353Z,,,,,,,,,,,,,,,,,
220095,HEYWOOD HOSPITAL -,MA,publisher-date-review,publisher-issue,declared-update-date-over-365-days,"Publisher inquiry with the recorded file URL, declared date and response hash; recheck after their update window",https://www.atholhospital.org/cms-hpt.txt,206,2026-09-09T10:07:39.565Z,,https://mrfs.hyvehealthcare.com/HeywoodHealthcare/042103581_heywood-hospital_standardcharges.json,206,https://mrfs.hyvehealthcare.com/HeywoodHealthcare/042103581_heywood-hospital_standardcharges.json,corroborated,file-name-and-address,Heywood Hospital,Heywood Hospital,MA,2025-04-16,2.2.0,date-over-365-days,2026-09-09T10:07:40.022Z,4f53403bb55fba4fcb6e50cccd7302d991106392644442c6d3f1f89a127809a8,9323da4a5a169800b7f3290658d8ec284b0915c853e369873c2785ae315d0cb4,,Same declared date 2025-04-16 observed again after the earlier check (2026-09-09T01:48:38.396Z).
220098,NASHOBA VALLEY MEDICAL CENTER,MA,pointer-or-domain-review,unresolved,,Official-domain discovery: confirm the roster facility controls a domain exposing cms-hpt.txt before assigning it,https://nashobamed.org/cms-hpt.txt,"curl: (28) Resolving timed out after 8002 milliseconds
",2026-09-09T11:37:26.463Z,,,,,,,,,,,,,,,,,
220108,BETH ISRAEL DEACONESS HOSPITAL - MILTON,MA,pointer-or-domain-review,unresolved,,Official-domain discovery: confirm the roster facility controls a domain exposing cms-hpt.txt before assigning it,https://bidmilton.org/cms-hpt.txt,"curl: (28) Resolving timed out after 8002 milliseconds
",2026-09-09T11:37:26.626Z,,,,,,,,,,,,,,,,,
220111,GOOD SAMARITAN MEDICAL CENTER,MA,file-access-review,unresolved,,"Compare the parsed header against facility aliases, renames and campus entries; extend the capped read only if metadata may sit beyond it",https://www.bmchealthsystem.org/cms-hpt.txt,200,2026-09-09T10:07:39.860Z,,https://www.bmchealthsystem.org/wp-content/uploads/272473728_BostonMedicalCenterSouth_standardcharges.csv.zip,200,https://www.bmchealthsystem.org/wp-content/uploads/272473728_BostonMedicalCenterSouth_standardcharges.csv.zip,corroborated-adjudicated,renamed-facility-pointer-label-and-roster-address,Boston Medical Center South,Boston Medical Center South,MA,2026-03-13,3.0.0,date-within-365-days-version-3,2026-09-09T10:46:03.142Z,ef0df8e7c9765d663e03be711ac3c4b4d172e2cf8e74626be93633d6dc4ff826,a4ecdc7651237a8f9944003c142500d704af083dd8d617fc0a3944db60c5d502,renamed-facility-pointer-label-and-roster-address,
221303,ATHOL MEMORIAL HOSPITAL,MA,publisher-date-review,publisher-issue,declared-update-date-over-365-days,"Publisher inquiry with the recorded file URL, declared date and response hash; recheck after their update window",https://www.atholhospital.org/cms-hpt.txt,206,2026-09-09T10:07:39.565Z,,https://mrfs.hyvehealthcare.com/HeywoodHealthcare/042126583_athol-memorial-hospital_standardcharges.json,206,https://mrfs.hyvehealthcare.com/HeywoodHealthcare/042126583_athol-memorial-hospital_standardcharges.json,corroborated,file-name-and-address,Athol Memorial Hospital,Athol Memorial Hospital,MA,2025-04-16,2.2.0,date-over-365-days,2026-09-09T10:07:40.710Z,4f53403bb55fba4fcb6e50cccd7302d991106392644442c6d3f1f89a127809a8,16f953064294d51207f0adacb7914a0c230487999dc5ea044c9239f55d96ad65,,Same declared date 2025-04-16 observed again after the earlier check (2026-09-09T02:23:48.166Z).
223300,FRANCISCAN CHILDREN'S HOSPITAL & REHAB CENTER,MA,pointer-or-domain-review,unresolved,,"Compare the parsed header against facility aliases, renames and campus entries; extend the capped read only if metadata may sit beyond it",https://franciscans.childrenshospital.org/cms-hpt.txt,206,2026-09-09T10:07:40.680Z,,https://franciscans.childrenshospital.org/sites/default/files/shoppable/042156082_Franciscan_Hospital_for_Children_Standardsharges.csv,206,https://franciscans.childrenshospital.org/sites/default/files/shoppable/042156082_Franciscan_Hospital_for_Children_Standardsharges.csv,corroborated-adjudicated,renamed-facility-pointer-label-and-roster-address,Franciscan Hospital For Children,Franciscan Hospital For Children,MA,2026-04-01,3.0.0,date-within-365-days-version-3,2026-09-09T10:07:40.499Z,d4ec1474caae4a1e957b53c15c5b9c88219a066348afc68365e6ce2374d26bc5,f7d22355fb08df5fc1fbf7655b7c632a6dc47b1c79c24d56498be2a9fccc2fcd,renamed-facility-pointer-label-and-roster-address,
224007,MCLEAN HOSPITAL CORPORATION,MA,pointer-or-domain-review,unresolved,,Browser download attempt on the recorded file URL; a failed automated request is not evidence the file is absent,https://mcleanhospital.org/cms-hpt.txt,404,2026-09-09T10:07:40.152Z,,,,,,,,,,,,,,,,,All recorded file leads failed at transport level again this run (reproducible connection failure).
230002,ST JOE MERCY HOSPITAL SYSTEM LIVONIA,MI,identity-or-format-review,unresolved,,"Compare the parsed header against facility aliases, renames and campus entries; extend the capped read only if metadata may sit beyond it",https://www.trinityhealthmichigan.org/sites/default/files/cms-hpt.txt,200,2026-09-09T10:07:40.855Z,,https://hpt.trinity-health.org/383521763_st-mary-mercy-livonia_standardcharges.zip,206,https://hpt.trinity-health.org/383521763_st-mary-mercy-livonia_standardcharges.zip,mrf-header-does-not-match-unresolved-roster,,St Mary Mercy Livonia,St Mary Mercy Livonia,MI,2026-03-31,3.0.0,date-within-365-days-version-3,2026-09-09T10:07:40.806Z,3092125b1c9e17f414578d3cd3219bcd1f815aba0111d1f666905cb413e201d9,7c469440f4ebeea38014f0c575781d887473a4c0ea9b06303600882ae29ec8b3,,
230019,"ASCENSION PROVIDENCE HOSPITAL, SOUTHFIELD AND NOVI",MI,identity-or-format-review,unresolved,file-belongs-to-other-facility,Adjudicate facility identity: locate this facility's own pointer/file; do not reuse the shared-provider finding,https://healthcare.ascension.org/-/media/Healthcare/cms-hpt.txt,206,2026-09-09T10:37:29.467Z,,https://healthcare.ascension.org/-/media/project/ascension/healthcare/price-transparency-files/tx-csv/741109636_ascension-providence_standardcharges.csv,200,https://healthcare.ascension.org/-/media/project/ascension/healthcare/price-transparency-files/tx-csv/741109636_ascension-providence_standardcharges.zip,other-facility,,Ascension Providence,Ascension Providence,TX,2026-01-01,3.0.0,date-within-365-days-version-3,2026-09-09T10:07:42.030Z,f703607d7a9bf1315f42aa6a9ac7fc3ef4cb3e220f2c694a293d2ec6eed37b93,a92cab3efa97e6184503112376d8c6ac7c743b2b8d3c82a0d0db2b1485e24a38,,
230020,BEAUMONT HOSPITAL - DEARBORN,MI,identity-or-format-review,unresolved,,"Compare the parsed header against facility aliases, renames and campus entries; extend the capped read only if metadata may sit beyond it",https://corewellhealth.org/cms-hpt.txt,206,2026-09-09T10:07:41.073Z,,https://assets.contentstack.io/v3/assets/blt3055f692fe7bf193/blt0f9fd2163e3908a4/381360529_corewell-health-butterworth-hospital_standardcharges.csv,206,https://assets.contentstack.io/v3/assets/blt3055f692fe7bf193/blt0f9fd2163e3908a4/381360529_corewell-health-butterworth-hospital_standardcharges.csv,mrf-header-does-not-match-unresolved-roster,,Corewell Health Butterworth Hospital,Corewell Health Butterworth Hospital,MI,2026-04-01,3.0.0,date-within-365-days-version-3,2026-09-09T10:07:41.237Z,d68970f23fc4c614a3ec005f87d47895de4bc496cbe40290c0feee7e5e1fe3df,3fe10871f497d6d90f5726fbce9ea9054604cf537c4e7fac77dd10b3c69b40bb,,
230035,SPECTRUM HEALTH UNITED HOSPITAL,MI,identity-or-format-review,unresolved,,"Compare the parsed header against facility aliases, renames and campus entries; extend the capped read only if metadata may sit beyond it",https://corewellhealth.org/cms-hpt.txt,206,2026-09-09T10:07:41.073Z,,https://assets.contentstack.io/v3/assets/blt3055f692fe7bf193/blt0f9fd2163e3908a4/381360529_corewell-health-butterworth-hospital_standardcharges.csv,206,https://assets.contentstack.io/v3/assets/blt3055f692fe7bf193/blt0f9fd2163e3908a4/381360529_corewell-health-butterworth-hospital_standardcharges.csv,mrf-header-does-not-match-unresolved-roster,,Corewell Health Butterworth Hospital,Corewell Health Butterworth Hospital,MI,2026-04-01,3.0.0,date-within-365-days-version-3,2026-09-09T10:07:41.237Z,d68970f23fc4c614a3ec005f87d47895de4bc496cbe40290c0feee7e5e1fe3df,3fe10871f497d6d90f5726fbce9ea9054604cf537c4e7fac77dd10b3c69b40bb,,
230038,SPECTRUM HEALTH,MI,identity-or-format-review,unresolved,file-belongs-to-other-facility,Adjudicate facility identity: locate this facility's own pointer/file; do not reuse the shared-provider finding,https://corewellhealth.org/cms-hpt.txt,206,2026-09-09T10:07:41.073Z,,https://assets.contentstack.io/v3/assets/blt3055f692fe7bf193/blt0f1ce49eb743d06f/381359517_corewell-health-gerber-hospital_standardcharges.csv,206,https://assets.contentstack.io/v3/assets/blt3055f692fe7bf193/blt0f1ce49eb743d06f/381359517_corewell-health-gerber-hospital_standardcharges.csv,other-facility,,Corewell Health Gerber Hospital,Corewell Health Gerber Hospital,MI,2026-04-01,3.0.0,date-within-365-days-version-3,2026-09-09T10:07:41.844Z,d68970f23fc4c614a3ec005f87d47895de4bc496cbe40290c0feee7e5e1fe3df,137b3c50480988de6ac9d052089df3f27679b6c6e738c90b217021b11ebf5b1d,,
230055,DICKINSON COUNTY MEMORIAL HOSPITAL,MI,identity-or-format-review,unresolved,,"Compare the parsed header against facility aliases, renames and campus entries; extend the capped read only if metadata may sit beyond it",https://www.marshfieldclinic.org/cms-hpt.txt,206,2026-09-09T10:07:41.878Z,,https://www.marshfieldclinic.org/-/media/marshfieldclinic/files/patient%20resources/cms-hpt-documents/382780429_marshfield-medical-center--dickinson_standardcharges.csv,206,https://www.marshfieldclinic.org/-/media/marshfieldclinic/files/patient%20resources/cms-hpt-documents/382780429_marshfield-medical-center--dickinson_standardcharges.csv,corroborated-adjudicated,renamed-facility-pointer-label-and-roster-address,Marshfield Medical Center - Dickinson,Marshfield Medical Center - Dickinson,MI,2026-02-19,3.0.0,date-within-365-days-version-3,2026-09-09T10:07:41.696Z,d6c2b050f4b3959552e79b14ce65550b6527aa6bf7c506d18d56f3514cafd864,494187e5544ba1e246c8807fff0cda1be8d93d7f9f899d77ccae32f5c7cf2ec4,renamed-facility-pointer-label-and-roster-address,
230077,MYMICHIGAN MEDICAL CENTER SAGINAW,MI,identity-or-format-review,unresolved,file-belongs-to-other-facility,Adjudicate facility identity: locate this facility's own pointer/file; do not reuse the shared-provider finding,https://healthcare.ascension.org/-/media/Healthcare/cms-hpt.txt,206,2026-09-09T10:37:29.467Z,,https://healthcare.ascension.org/-/media/project/ascension/healthcare/price-transparency-files/il-csv/362596381_alexian-brothers-medical-center_standardcharges.csv,200,https://healthcare.ascension.org/-/media/project/ascension/healthcare/price-transparency-files/il-csv/362596381_alexian-brothers-medical-center_standardcharges.csv,other-facility,,Alexian Brothers Medical Center,Ascension Alexian Brothers,IL,2026-01-01,3.0.0,date-within-365-days-version-3,2026-09-09T10:07:43.018Z,f703607d7a9bf1315f42aa6a9ac7fc3ef4cb3e220f2c694a293d2ec6eed37b93,da017230962a6a8bc083c377709f27918d7494ce846220167380032567a81f51,,
230089,BEAUMONT HOSPITAL - GROSSE POINTE,MI,identity-or-format-review,unresolved,,"Compare the parsed header against facility aliases, renames and campus entries; extend the capped read only if metadata may sit beyond it",https://corewellhealth.org/cms-hpt.txt,206,2026-09-09T10:07:41.073Z,,https://assets.contentstack.io/v3/assets/blt3055f692fe7bf193/blt5644d1c708026093/183459362_1811044878_william-beaumont-hospital_standardcharges.csv,206,https://assets.contentstack.io/v3/assets/blt3055f692fe7bf193/blt5644d1c708026093/183459362_1811044878_william-beaumont-hospital_standardcharges.csv,corroborated-adjudicated,renamed-facility-pointer-label-and-roster-address,William Beaumont Hospital,Corewell Health Grosse Pointe Hospital,MI,2026-04-01,3.0.0,date-within-365-days-version-3,2026-09-09T10:07:42.279Z,d68970f23fc4c614a3ec005f87d47895de4bc496cbe40290c0feee7e5e1fe3df,9ee1875bfdef62a853425dee70e1a829a5693c0eee077d5fd596015adf091052,renamed-facility-pointer-label-and-roster-address,
230100,TAWAS ST JOSEPH HOSPITAL,MI,identity-or-format-review,unresolved,file-belongs-to-other-facility,Adjudicate facility identity: locate this facility's own pointer/file; do not reuse the shared-provider finding,https://healthcare.ascension.org/-/media/Healthcare/cms-hpt.txt,206,2026-09-09T10:37:29.467Z,,https://healthcare.ascension.org/-/media/project/ascension/healthcare/price-transparency-files/md-csv/520591657_st-agnes-healthcare-inc_standardcharges.csv,200,https://healthcare.ascension.org/-/media/project/ascension/healthcare/price-transparency-files/md-csv/520591657_st-agnes-healthcare-inc_standardcharges.csv,other-facility,,"St. Agnes Healthcare, Inc.",Ascension Saint Agnes Hospital,MD,2026-01-01,3.0.0,date-within-365-days-version-3,2026-09-09T10:07:43.764Z,f703607d7a9bf1315f42aa6a9ac7fc3ef4cb3e220f2c694a293d2ec6eed37b93,531816c3cd0a7d2af9c3a5daeea7659877b07a445c41e937cbce171744aa6d89,,
230117,BORGESS MEDICAL CENTER,MI,identity-or-format-review,unresolved,file-belongs-to-other-facility,Adjudicate facility identity: locate this facility's own pointer/file; do not reuse the shared-provider finding,https://healthcare.ascension.org/-/media/Healthcare/cms-hpt.txt,206,2026-09-09T10:37:29.467Z,,https://healthcare.ascension.org/-/media/project/ascension/healthcare/price-transparency-files/il-csv/362596381_alexian-brothers-medical-center_standardcharges.csv,200,https://healthcare.ascension.org/-/media/project/ascension/healthcare/price-transparency-files/il-csv/362596381_alexian-brothers-medical-center_standardcharges.csv,other-facility,,Alexian Brothers Medical Center,Ascension Alexian Brothers,IL,2026-01-01,3.0.0,date-within-365-days-version-3,2026-09-09T10:07:43.018Z,f703607d7a9bf1315f42aa6a9ac7fc3ef4cb3e220f2c694a293d2ec6eed37b93,da017230962a6a8bc083c377709f27918d7494ce846220167380032567a81f51,,
230146,WYANDOTTE HOSPITAL AND MEDICAL CENTER,MI,identity-or-format-review,unresolved,,"Compare the parsed header against facility aliases, renames and campus entries; extend the capped read only if metadata may sit beyond it",https://www.henryford.com/cms-hpt.txt,206,2026-09-09T10:07:42.690Z,,https://www.henryford.com/-/media/files/henry-ford/patients-visitors/price-transparency-06-26/382791823_henry-ford-wyandotte-hospital_standardcharges.csv,206,https://www.henryford.com/-/media/files/henry-ford/patients-visitors/price-transparency-06-26/382791823_henry-ford-wyandotte-hospital_standardcharges.csv,mrf-header-does-not-match-unresolved-roster,,Henry Ford Wyandotte Hospital,Henry Ford Wyandotte Hospital | Henry Ford Wyandotte Hospital | Henry Ford Brownstown,MI,2026-06-28,3.0.0,date-within-365-days-version-3,2026-09-09T10:07:42.052Z,4bdb50f357a921150f6324c8d1e189237f02e3d110947f3d40c578029715f466,78227197c9b91af6e255e8863a709504b737ff1babe41e42c25d9ccb74b7c8fb,,
230151,BEAUMONT HOSPITAL - FARMINGTON HILLS,MI,identity-or-format-review,unresolved,,"Compare the parsed header against facility aliases, renames and campus entries; extend the capped read only if metadata may sit beyond it",https://corewellhealth.org/cms-hpt.txt,206,2026-09-09T10:07:41.073Z,,https://assets.contentstack.io/v3/assets/blt3055f692fe7bf193/blt0f9fd2163e3908a4/381360529_corewell-health-butterworth-hospital_standardcharges.csv,206,https://assets.contentstack.io/v3/assets/blt3055f692fe7bf193/blt0f9fd2163e3908a4/381360529_corewell-health-butterworth-hospital_standardcharges.csv,mrf-header-does-not-match-unresolved-roster,,Corewell Health Butterworth Hospital,Corewell Health Butterworth Hospital,MI,2026-04-01,3.0.0,date-within-365-days-version-3,2026-09-09T10:07:41.237Z,d68970f23fc4c614a3ec005f87d47895de4bc496cbe40290c0feee7e5e1fe3df,3fe10871f497d6d90f5726fbce9ea9054604cf537c4e7fac77dd10b3c69b40bb,,
230197,ASCENSION GENESYS HOSPITAL,MI,identity-or-format-review,unresolved,file-belongs-to-other-facility,Adjudicate facility identity: locate this facility's own pointer/file; do not reuse the shared-provider finding,https://healthcare.ascension.org/-/media/Healthcare/cms-hpt.txt,206,2026-09-09T10:37:29.467Z,,https://healthcare.ascension.org/-/media/project/ascension/healthcare/price-transparency-files/wi-csv/390905385_ascension-calumet-hospital-inc_standardcharges.csv,200,https://healthcare.ascension.org/-/media/project/ascension/healthcare/price-transparency-files/wi-csv/390905385_ascension-calumet-hospital-inc_standardcharges.zip,other-facility,,"Ascension Calumet Hospital, Inc.",Ascension Calumet Hospital,WI,2026-01-01,3.0.0,date-within-365-days-version-3,2026-09-09T10:07:44.437Z,f703607d7a9bf1315f42aa6a9ac7fc3ef4cb3e220f2c694a293d2ec6eed37b93,c706db2e3935f261dcc3a8d20fed91d375463ecec30b5d54554c237625d6d5c3,,
230208,UNIVERSITY OF MICHIGAN HEALTH-SPARROW CARSON,MI,identity-or-format-review,publisher-issue,file-declares-conflicting-license-state,Publisher inquiry: ask the facility to correct the license_state field in the file header; recheck on their update,https://www.uofmhealthsparrow.org/cms-hpt.txt,200,2026-09-09T10:07:41.894Z,,https://www.uofmhealthsparrow.org/sites/default/files/2026-03/um-health-sparrow-carson-machine-readable-file-03-31-2026.csv,206,https://www.uofmhealthsparrow.org/sites/default/files/2026-03/um-health-sparrow-carson-machine-readable-file-03-31-2026.csv,license-state-conflict,exact-name-and-address-with-conflicting-license-state,University of Michigan Health-Sparrow Carson,University of Michigan Health-Sparrow Carson,CA,2026-04-01,3.1.0,,2026-09-09T10:07:42.256Z,84324065af2b59be2d901a4d5709efd06a19a0b67b1c8e475ee438339689c43b,c23d234d5907089cdd3f783f8f15adc24d5ce9308820f486763fb6d3370b2e8b,,File header declares license state CA while the roster state is MI; the name and address match the roster exactly and the official pointer lists the file.
230217,OAKLAWN HOSPITAL,MI,file-access-review,publisher-issue,pointer-declared-file-404,Publisher inquiry to restore or replace the declared file; recheck after their update window,https://oaklawnhospital.org/cms-hpt.txt,206,2026-09-09T10:07:42.447Z,,https://oaklawnhospital.org/381368347_ella-em-brown-charitable-circle-dba-oaklawn-hospital_standardcharges.csv.zip,404,,,,,,,,,,2026-09-09T10:07:42.543Z,43c1ae77b2d3508ca4e2509712cb6ef2108a7217b045c870094f9d3fb2f7742e,,,The official pointer declares this file URL and it returns 404 on repeated checks; reproducible broken link.
230230,EDWARD W SPARROW HOSPITAL,MI,identity-or-format-review,unresolved,,"Compare the parsed header against facility aliases, renames and campus entries; extend the capped read only if metadata may sit beyond it",https://www.uofmhealthsparrow.org/cms-hpt.txt,200,2026-09-09T10:07:41.894Z,,https://www.uofmhealthsparrow.org/sites/default/files/2026-04/um-health-sparrow-specialty-machine-readable-file-04-08-2026.csv,206,https://www.uofmhealthsparrow.org/sites/default/files/2026-04/um-health-sparrow-specialty-machine-readable-file-04-08-2026.csv,mrf-header-does-not-match-unresolved-roster,,University of Michigan Health-Sparrow Specialty Hospital,University of Michigan Health-Sparrow Specialty Hospital,CA,2026-04-07,4.0.0,date-within-365-days-version-unverified,2026-09-09T10:07:43.346Z,84324065af2b59be2d901a4d5709efd06a19a0b67b1c8e475ee438339689c43b,505020e0d402d862370fa0f5711d291b36538b825e21042d2aad46722c2085ab,,
230241,ASCENSION RIVER DISTRICT HOSPITAL,MI,identity-or-format-review,unresolved,file-belongs-to-other-facility,Adjudicate facility identity: locate this facility's own pointer/file; do not reuse the shared-provider finding,https://healthcare.ascension.org/-/media/Healthcare/cms-hpt.txt,206,2026-09-09T10:37:29.467Z,,https://healthcare.ascension.org/-/media/project/ascension/healthcare/price-transparency-files/tn-csv/474063149_saint-thomas-river-park-hospital-llc_standardcharges.csv,200,https://healthcare.ascension.org/-/media/project/ascension/healthcare/price-transparency-files/tn-csv/474063149_saint-thomas-river-park-hospital-llc_standardcharges.csv,other-facility,,Saint Thomas Regional Hospitals,Ascension Saint Thomas River Park,TN,2026-01-01,3.0.0,date-within-365-days-version-3,2026-09-09T10:07:52.171Z,f703607d7a9bf1315f42aa6a9ac7fc3ef4cb3e220f2c694a293d2ec6eed37b93,cd3470d6b9384b5f9e1206010d3f94824171f1c67e21fa74279a9b6ad4084473,,
230254,ASCENSION PROVIDENCE ROCHESTER HOSPITAL,MI,identity-or-format-review,unresolved,file-belongs-to-other-facility,Adjudicate facility identity: locate this facility's own pointer/file; do not reuse the shared-provider finding,https://healthcare.ascension.org/-/media/Healthcare/cms-hpt.txt,206,2026-09-09T10:37:29.467Z,,https://healthcare.ascension.org/-/media/project/ascension/healthcare/price-transparency-files/tx-csv/741109636_ascension-providence_standardcharges.csv,200,https://healthcare.ascension.org/-/media/project/ascension/healthcare/price-transparency-files/tx-csv/741109636_ascension-providence_standardcharges.zip,other-facility,,Ascension Providence,Ascension Providence,TX,2026-01-01,3.0.0,date-within-365-days-version-3,2026-09-09T10:07:42.030Z,f703607d7a9bf1315f42aa6a9ac7fc3ef4cb3e220f2c694a293d2ec6eed37b93,a92cab3efa97e6184503112376d8c6ac7c743b2b8d3c82a0d0db2b1485e24a38,,
230269,"BEAUMONT HOSPITAL, TROY",MI,identity-or-format-review,unresolved,,"Compare the parsed header against facility aliases, renames and campus entries; extend the capped read only if metadata may sit beyond it",https://corewellhealth.org/cms-hpt.txt,206,2026-09-09T10:07:41.073Z,,https://assets.contentstack.io/v3/assets/blt3055f692fe7bf193/blta76ad74666a452ed/381459362_1811044878_beaumont-hospital-troy_standardcharges.csv,206,https://assets.contentstack.io/v3/assets/blt3055f692fe7bf193/blta76ad74666a452ed/381459362_1811044878_beaumont-hospital-troy_standardcharges.csv,corroborated-adjudicated,renamed-facility-pointer-label-and-roster-address,William Beaumont Hospital,Corewell Health Troy Hospital,MI,2026-04-01,3.0.0,date-within-365-days-version-3,2026-09-09T10:07:42.527Z,d68970f23fc4c614a3ec005f87d47895de4bc496cbe40290c0feee7e5e1fe3df,606af18d296a415aadb30af224db3f84d415c425382eec9cf20a4a8d8f3ae79b,renamed-facility-pointer-label-and-roster-address,
230270,BEAUMONT HOSPITAL - TAYLOR,MI,identity-or-format-review,unresolved,,"Compare the parsed header against facility aliases, renames and campus entries; extend the capped read only if metadata may sit beyond it",https://corewellhealth.org/cms-hpt.txt,206,2026-09-09T10:07:41.073Z,,https://assets.contentstack.io/v3/assets/blt3055f692fe7bf193/blt038c460a72c2b256/381405141_1487605168_oakwood-healthcare-inc_standardcharges.csv,206,https://assets.contentstack.io/v3/assets/blt3055f692fe7bf193/blt038c460a72c2b256/381405141_1487605168_oakwood-healthcare-inc_standardcharges.csv,corroborated-adjudicated,renamed-facility-pointer-label-and-roster-address,Oakwood Healthcare Inc,Corewell Health Taylor Hospital ,MI,2026-04-01,3.0.0,date-within-365-days-version-3,2026-09-09T10:07:42.799Z,d68970f23fc4c614a3ec005f87d47895de4bc496cbe40290c0feee7e5e1fe3df,1128960784881a9b9b74bf7bd173aee1981ad2d2c1f31336a560381aa0f8048f,renamed-facility-pointer-label-and-roster-address,
230275,HEALTHSOURCE SAGINAW,MI,publisher-template-review,publisher-issue,template-version-older-than-3,Publisher inquiry about the declared template version; recheck after their update window,https://healthsourcesaginaw.org/cms-hpt.txt,206,2026-09-09T10:07:42.558Z,,https://www.healthsourcesaginaw.org/wp-content/uploads/2026/01/386004889_healthsource-saginaw_standardcharges.csv,206,https://www.healthsourcesaginaw.org/wp-content/uploads/2026/01/386004889_healthsource-saginaw_standardcharges.csv,corroborated,file-name-and-address,HealthSource Saginaw,HealthSource Saginaw,MI,2026-01-06,2.0.0,date-within-365-days-older-version,2026-09-09T10:07:42.837Z,dce953928a2aba0d404fb583c082fe9068cf0388e5278477276ca0e07a656777,e37be102977b3a09591cb81b943b8df9afee8e55cd85170426819c4ce684e1a5,,Declared version 2.0.0 with a current date; publisher has not adopted the current CMS dictionary.
231305,SAINT MARY'S STANDISH COMMUNITY HOSPITAL,MI,identity-or-format-review,unresolved,file-belongs-to-other-facility,Adjudicate facility identity: locate this facility's own pointer/file; do not reuse the shared-provider finding,https://healthcare.ascension.org/-/media/Healthcare/cms-hpt.txt,206,2026-09-09T10:37:29.467Z,,https://healthcare.ascension.org/-/media/project/ascension/healthcare/price-transparency-files/in-csv/351343019_st-marys-warrick-hospital-inc_standardcharges.csv,200,https://healthcare.ascension.org/-/media/project/ascension/healthcare/price-transparency-files/in-csv/351343019_st-marys-warrick-hospital-inc_standardcharges.csv,other-facility,,"St. Mary's Warrick Hospital, Inc.",Ascension St. Vincent Warrick,IN,2026-01-01,3.0.0,date-within-365-days-version-3,2026-09-09T10:08:06.794Z,f703607d7a9bf1315f42aa6a9ac7fc3ef4cb3e220f2c694a293d2ec6eed37b93,922ebd595ebbf8155b9a40d67ae9365dab9673100fdc15b0e1991b140cff312e,,
231308,MUNISING MEMORIAL HOSPITAL,MI,identity-or-format-review,publisher-issue,declared-update-date-over-365-days,"Publisher inquiry with the recorded file URL, declared date and response hash; recheck after their update window",https://munisingmemorial.org/cms-hpt.txt,206,2026-09-09T10:07:42.892Z,,https://munisingmemorial.org/wp-content/uploads/2025/03/Munising-Memorial-Hospital-Standard-Charges.csv,206,https://munisingmemorial.org/wp-content/uploads/2025/03/Munising-Memorial-Hospital-Standard-Charges.csv,corroborated,file-name-and-address,Munising Memorial Hospital,Munising Memorial Hospital,MI,2025-01-01,2.2.0,date-over-365-days,2026-09-09T10:07:43.481Z,068f3f2db6b470d83f3a414fc8e2910ef3fc4b6d03c4b81a67e03ba529dea550,d411b6dd1eea9e283f2a4819ced9bc009277dd6f83c3e8e44759818bf4a25bdc,,Same declared date 2025-01-01 observed again after the earlier check (2026-09-09T02:28:21.405Z).
231311,DECKERVILLE COMMUNITY HOSPITAL,MI,publisher-date-review,publisher-issue,declared-update-date-over-365-days,"Publisher inquiry with the recorded file URL, declared date and response hash; recheck after their update window",https://aspirerhs.org/cms-hpt.txt,206,2026-09-09T10:07:42.928Z,,https://aspirerhs.org/wp-content/uploads/2024/07/381415390_deckerville-community-hospital_standardcharges.csv,206,https://aspirerhs.org/wp-content/uploads/2024/07/381415390_deckerville-community-hospital_standardcharges.csv,corroborated,file-name-and-address,Deckerville Community Hospital,Deckerville Community Hospital,MI,2025-01-15,2.0.0,date-over-365-days,2026-09-09T10:07:43.129Z,f72dae80c0859fa07ab8e279a683267328a6e87a71115aba15a6a2785d32f57b,284889009e8e7034da9fb03d3f97e53caf0c5632bbc12f3744ae8d3cc8ae8f5e,,Same declared date 2025-01-15 observed again after the earlier check (2026-09-09T01:48:56.433Z).
231314,MCKENZIE HEALTH SYSTEM,MI,publisher-date-review,publisher-issue,declared-update-date-over-365-days,"Publisher inquiry with the recorded file URL, declared date and response hash; recheck after their update window",https://www.mckenziehealth.org/cms-hpt.txt,206,2026-09-09T10:07:43.143Z,,https://www.mckenziehealth.org/documents/content/standard%20charges/381738615_McKenzie-Memorial-Hospital_standardcharges.csv,206,https://www.mckenziehealth.org/documents/content/standard%20charges/381738615_McKenzie-Memorial-Hospital_standardcharges.csv,corroborated,exact-pointer-name-and-file-address,McKenzie_Memorial_Hospital,McKenzie_Memorial_Hospital,MI,2025-05-31,2.0.0,date-over-365-days,2026-09-09T10:07:43.502Z,27055f087049dac84e5d4a8aab67c18d7feffa6a8331df64c0781ac3036aed6e,b4b30e401c2dc4fb437d1d633c0e82682f1ab48e2f4e59fcf2acdd9a325da45c,,Same declared date 2025-05-31 observed again after the earlier check (2026-09-09T01:48:57.052Z).
231315,ASCENSION BORGESS LEE HOSPITAL,MI,identity-or-format-review,unresolved,file-belongs-to-other-facility,Adjudicate facility identity: locate this facility's own pointer/file; do not reuse the shared-provider finding,https://healthcare.ascension.org/-/media/Healthcare/cms-hpt.txt,206,2026-09-09T10:37:29.467Z,,https://healthcare.ascension.org/-/media/project/ascension/healthcare/price-transparency-files/md-csv/520591657_st-agnes-healthcare-inc_standardcharges.csv,200,https://healthcare.ascension.org/-/media/project/ascension/healthcare/price-transparency-files/md-csv/520591657_st-agnes-healthcare-inc_standardcharges.csv,other-facility,,"St. Agnes Healthcare, Inc.",Ascension Saint Agnes Hospital,MD,2026-01-01,3.0.0,date-within-365-days-version-3,2026-09-09T10:07:43.764Z,f703607d7a9bf1315f42aa6a9ac7fc3ef4cb3e220f2c694a293d2ec6eed37b93,531816c3cd0a7d2af9c3a5daeea7659877b07a445c41e937cbce171744aa6d89,,
231316,HILLS & DALES GENERAL HOSPITAL,MI,publisher-date-review,publisher-issue,declared-update-date-over-365-days,"Publisher inquiry with the recorded file URL, declared date and response hash; recheck after their update window",https://aspirerhs.org/cms-hpt.txt,206,2026-09-09T10:07:42.928Z,,https://aspirerhs.org/wp-content/uploads/2024/07/381619577_hills-and-dales-general-hospital_standardcharges.csv,206,https://aspirerhs.org/wp-content/uploads/2024/07/381619577_hills-and-dales-general-hospital_standardcharges.csv,corroborated,exact-pointer-name-and-file-address,Hills and Dales General both,Hills and Dales General both,MI,2025-01-01,2.0.0,date-over-365-days,2026-09-09T10:07:44.249Z,f72dae80c0859fa07ab8e279a683267328a6e87a71115aba15a6a2785d32f57b,7a35de7ea083fdf6d4bbe31b8cd4e95e1adeeed32e036018bf5b83c6f1258b1d,,Same declared date 2025-01-01 observed again after the earlier check (2026-09-09T01:48:57.003Z).
231318,"ASPIRUS IRON RIVER HOSPITAL & CLINICS, INC",MI,publisher-date-review,publisher-issue,declared-update-date-over-365-days,"Publisher inquiry with the recorded file URL, declared date and response hash; recheck after their update window",https://www.aspirus.org/cms-hpt.txt,200,2026-09-09T10:07:43.519Z,,https://www.aspirus.org/Uploads/Public/Documents/PriceEstimate/TransparencyFY26/383236977_aspirus-iron-river-hospital_standardcharges.json,206,https://www.aspirus.org/Uploads/Public/Documents/PriceEstimate/TransparencyFY26/383236977_aspirus-iron-river-hospital_standardcharges.json,corroborated,file-name-and-address,Aspirus Iron River Hospital,Aspirus Iron River Hospital,MI,2025-07-01,2.2.0,date-over-365-days,2026-09-09T10:07:49.782Z,26a95ee79434fbf692ebb03527aca944f9d0e63fde0b0254a07e7d8afc5ecc63,7d8bdc243870dc01cd765c9770a6f731838d28a96c1f9e6513cae7edba97d2b0,,Same declared date 2025-07-01 observed again after the earlier check (2026-09-09T01:48:55.968Z).
231319,ASPIRUS KEWEENAW HOSPITAL AND CLINICS,MI,identity-or-format-review,publisher-issue,declared-update-date-over-365-days,"Publisher inquiry with the recorded file URL, declared date and response hash; recheck after their update window",https://www.aspirus.org/cms-hpt.txt,200,2026-09-09T10:07:43.519Z,,https://www.aspirus.org/Uploads/Public/Documents/PriceEstimate/TransparencyFY26/381443361_aspirus-keweenaw-hospital_standardcharges.json,206,https://www.aspirus.org/Uploads/Public/Documents/PriceEstimate/TransparencyFY26/381443361_aspirus-keweenaw-hospital_standardcharges.json,corroborated-adjudicated,renamed-facility-pointer-label-and-roster-address,Aspirus Keweenaw Hospital,Aspirus Keweenaw Hospital,MI,2025-07-01,2.2.0,date-over-365-days,2026-09-09T10:08:00.745Z,26a95ee79434fbf692ebb03527aca944f9d0e63fde0b0254a07e7d8afc5ecc63,443fe96106fc367ddc5e6ba05c353d7625c11b743d4f691044a6e6d65b910bdc,renamed-facility-pointer-label-and-roster-address,Same declared date 2025-07-01 observed again after the earlier check (2026-09-09T02:26:09.803Z).
231326,UNIVERSITY OF MICHIGAN HEALTH- SPARROW CLINTON,MI,identity-or-format-review,publisher-issue,file-declares-conflicting-license-state,Publisher inquiry: ask the facility to correct the license_state field in the file header; recheck on their update,https://www.uofmhealthsparrow.org/cms-hpt.txt,200,2026-09-09T10:07:41.894Z,,https://www.uofmhealthsparrow.org/sites/default/files/2026-03/um-health-sparrow-clinton-machine-readable-file-03-31-2026.csv,206,https://www.uofmhealthsparrow.org/sites/default/files/2026-03/um-health-sparrow-clinton-machine-readable-file-03-31-2026.csv,license-state-conflict,exact-name-and-address-with-conflicting-license-state,University of Michigan Health-Sparrow Clinton,University of Michigan Health-Sparrow Clinton,CA,2026-04-01,3.1.0,,2026-09-09T10:07:43.645Z,84324065af2b59be2d901a4d5709efd06a19a0b67b1c8e475ee438339689c43b,8f1328dfee109182b0ef94920070dd19b93ce813a2332f2f5a572eda557bded1,,File header declares license state CA while the roster state is MI; the name and address match the roster exactly and the official pointer lists the file.
231327,UNIVERSITY OF MICHIGAN HEALTH - SPARROW EATON,MI,identity-or-format-review,publisher-issue,file-declares-conflicting-license-state,Publisher inquiry: ask the facility to correct the license_state field in the file header; recheck on their update,https://www.uofmhealthsparrow.org/cms-hpt.txt,200,2026-09-09T10:07:41.894Z,,https://www.uofmhealthsparrow.org/sites/default/files/2026-03/um-health-sparrow-eaton-machine-readable-file-03-31-2026.csv,206,https://www.uofmhealthsparrow.org/sites/default/files/2026-03/um-health-sparrow-eaton-machine-readable-file-03-31-2026.csv,license-state-conflict,exact-name-and-address-with-conflicting-license-state,University of Michigan Health-Sparrow Eaton,University of Michigan Health-Sparrow Eaton,CA,2026-04-01,3.1.0,,2026-09-09T10:07:43.905Z,84324065af2b59be2d901a4d5709efd06a19a0b67b1c8e475ee438339689c43b,f64d7a2c393f0edbe4432a25564481b5ad2bda57594e14943ce5365023f8ed40,,File header declares license state CA while the roster state is MI; the name and address match the roster exactly and the official pointer lists the file.
231330,MARLETTE REGIONAL HOSPITAL,MI,publisher-date-review,publisher-issue,declared-update-date-over-365-days,"Publisher inquiry with the recorded file URL, declared date and response hash; recheck after their update window",https://aspirerhs.org/cms-hpt.txt,206,2026-09-09T10:07:42.928Z,,https://aspirerhs.org/wp-content/uploads/2024/07/381507302_marlette-regional-hospital_standardcharges.csv,206,https://aspirerhs.org/wp-content/uploads/2024/07/381507302_marlette-regional-hospital_standardcharges.csv,corroborated,file-name-and-address,Marlette Regional Hospital,Marlette Regional Hospital,MI,2025-01-25,2.0.0,date-over-365-days,2026-09-09T10:07:51.858Z,f72dae80c0859fa07ab8e279a683267328a6e87a71115aba15a6a2785d32f57b,4abbe109a57b2ffa55a75cfde713bcb6d40c79fc9bc29e7f9a1e65496a13075a,,Same declared date 2025-01-25 observed again after the earlier check (2026-09-09T01:48:57.012Z).
231331,SPARROW IONIA HOSPITAL,MI,identity-or-format-review,unresolved,,"Compare the parsed header against facility aliases, renames and campus entries; extend the capped read only if metadata may sit beyond it",https://www.uofmhealthsparrow.org/cms-hpt.txt,200,2026-09-09T10:07:41.894Z,,https://www.uofmhealthsparrow.org/sites/default/files/2026-03/um-health-sparrow-ionia-machine-readable-file-03-31-2026.csv,206,https://www.uofmhealthsparrow.org/sites/default/files/2026-03/um-health-sparrow-ionia-machine-readable-file-03-31-2026.csv,mrf-header-does-not-match-unresolved-roster,,University of Michigan Health-Sparrow Ionia ,University of Michigan Health-Sparrow Ionia ,CA,2026-04-01,4.1.0,date-within-365-days-version-unverified,2026-09-09T10:07:44.171Z,84324065af2b59be2d901a4d5709efd06a19a0b67b1c8e475ee438339689c43b,ab057900b2700ef5cf0f3101135658ca4e715ce96ed92ac16799df2d7e176a28,,
231333,ASPIRUS IRONWOOD HOSPITAL,MI,identity-or-format-review,unresolved,,"Compare the parsed header against facility aliases, renames and campus entries; extend the capped read only if metadata may sit beyond it",https://www.aspirus.org/cms-hpt.txt,200,2026-09-09T10:07:43.519Z,,https://www.aspirus.org/Uploads/Public/Documents/PriceEstimate/TransparencyFY26/382908586_aspirus-ironwood-hospital_standardcharges.json,206,https://www.aspirus.org/Uploads/Public/Documents/PriceEstimate/TransparencyFY26/382908586_aspirus-ironwood-hospital_standardcharges.json,mrf-header-name-without-location,,Aspirus Ironwood Hospital,Aspirus Ironwood Hospital,MI,2025-07-01,2.2.0,date-over-365-days,2026-09-09T10:08:08.983Z,26a95ee79434fbf692ebb03527aca944f9d0e63fde0b0254a07e7d8afc5ecc63,d467e5d8bb97de9334a160d2172881165f46c2219ea971d2fec548b91ee94071,,
231339,COREWELL HEALTH PENNOCK HOSPITAL,MI,file-access-review,unresolved,,"Compare the parsed header against facility aliases, renames and campus entries; extend the capped read only if metadata may sit beyond it",https://corewellhealth.org/cms-hpt.txt,206,2026-09-09T10:07:41.073Z,,https://assets.contentstack.io/v3/assets/blt3055f692fe7bf193/blt0f9fd2163e3908a4/381360529_corewell-health-butterworth-hospital_standardcharges.csv,206,https://assets.contentstack.io/v3/assets/blt3055f692fe7bf193/blt0f9fd2163e3908a4/381360529_corewell-health-butterworth-hospital_standardcharges.csv,mrf-header-does-not-match-unresolved-roster,,Corewell Health Butterworth Hospital,Corewell Health Butterworth Hospital,MI,2026-04-01,3.0.0,date-within-365-days-version-3,2026-09-09T10:07:41.237Z,d68970f23fc4c614a3ec005f87d47895de4bc496cbe40290c0feee7e5e1fe3df,3fe10871f497d6d90f5726fbce9ea9054604cf537c4e7fac77dd10b3c69b40bb,,
234048,PONTIAC GENERAL HOSPITAL,MI,file-access-review,unresolved,,Official-domain discovery: confirm the roster facility controls a domain exposing cms-hpt.txt before assigning it,https://pontiacgeneral.com/cms-hpt.txt,206,2026-09-09T10:07:51.635Z,,,,,,,,,,,,,,60383f73a8ae0f6009cf43f3728a6c523bb16800fc49b7645d0b37b292b67c14,,,
240047,ST LUKES HOSPITAL,MN,publisher-date-review,publisher-issue,declared-update-date-over-365-days,"Publisher inquiry with the recorded file URL, declared date and response hash; recheck after their update window",https://www.aspirus.org/cms-hpt.txt,200,2026-09-09T10:07:43.519Z,,https://www.aspirus.org/Uploads/Public/Documents/PriceEstimate/TransparencyFY26/410714079_aspirus-st-lukes-hospital_standardcharges.json,206,https://www.aspirus.org/Uploads/Public/Documents/PriceEstimate/TransparencyFY26/410714079_aspirus-st-lukes-hospital_standardcharges.json,corroborated,file-name-and-address,Aspirus St. Luke’s Hospital,Aspirus St. Luke’s Hospital,MN,2025-07-01,2.2.0,date-over-365-days,2026-09-09T10:37:43.854Z,26a95ee79434fbf692ebb03527aca944f9d0e63fde0b0254a07e7d8afc5ecc63,d43f79ffcb2f5f1d93b668a52be302410c79063c12537742fbf8afee96416666,,Same declared date 2025-07-01 observed again after the earlier check (2026-09-09T01:49:09.093Z).
240053,PARK NICOLLET METHODIST HOSPITAL,MN,identity-or-format-review,unresolved,,"Compare the parsed header against facility aliases, renames and campus entries; extend the capped read only if metadata may sit beyond it",https://www.healthpartners.com/cms-hpt.txt,206,2026-09-09T10:07:51.894Z,,https://www.healthpartners.com/content/dam/brand-identity/pdfs/care/410832080_MethodistHospital_StandardCharges.csv,206,https://www.healthpartners.com/content/dam/brand-identity/pdfs/care/410832080_MethodistHospital_StandardCharges.csv,mrf-header-does-not-match-unresolved-roster,,Methodist Hospital,Methodist Hospital,MN,2026-03-31,3.0.0,date-within-365-days-version-3,2026-09-09T10:07:52.636Z,00bfadc0bc8d01fc00c894a60271a5f34b23db06fdaee6fe750801714d4c32a4,80f88e3d82fd855940533cba2e19173e7c973fe6f7614835001cec5b20faec5c,,
241301,LAKEWOOD HEALTH CENTER,MN,pointer-or-domain-review,unresolved,,Official-domain discovery: confirm the roster facility controls a domain exposing cms-hpt.txt before assigning it,https://lakewoodhealthcenter.org/cms-hpt.txt,"curl: (28) Resolving timed out after 8007 milliseconds
",2026-09-09T11:37:28.903Z,,,,,,,,,,,,,,,,,
241308,ASPIRUS LAKE VIEW HOSPITAL,MN,publisher-date-review,publisher-issue,declared-update-date-over-365-days,"Publisher inquiry with the recorded file URL, declared date and response hash; recheck after their update window",https://www.aspirus.org/cms-hpt.txt,200,2026-09-09T10:07:43.519Z,,https://www.aspirus.org/Uploads/Public/Documents/PriceEstimate/TransparencyFY26/410786046_aspirus-lake-view-hospital_standardcharges.json,206,https://www.aspirus.org/Uploads/Public/Documents/PriceEstimate/TransparencyFY26/410786046_aspirus-lake-view-hospital_standardcharges.json,corroborated,file-name-and-address,Aspirus Lake View Hospital,Aspirus Lake View Hospital,MN,2025-07-01,2.2.0,date-over-365-days,2026-09-09T10:08:44.123Z,26a95ee79434fbf692ebb03527aca944f9d0e63fde0b0254a07e7d8afc5ecc63,4363eeb50146ca605df293177181f8a573d04381745310959e0f32cab5e37708,,Same declared date 2025-07-01 observed again after the earlier check (2026-09-09T01:49:08.320Z).
241316,BIGFORK VALLEY HOSPITAL,MN,identity-or-format-review,unresolved,,Browser download attempt on the recorded file URL; a failed automated request is not evidence the file is absent,https://bigforkvalley.org/cms-hpt.txt,403,2026-09-09T10:07:51.910Z,,,,,,,,,,,,,,,,,
241319,MURRAY COUNTY MEMORIAL HOSPITAL,MN,identity-or-format-review,unresolved,,Browser download attempt on the recorded file URL; a failed automated request is not evidence the file is absent,https://pushmatahahospital.com/cms-hpt.txt,403,2026-09-09T10:07:52.198Z,,,,,,,,,,,,,,,,,
241320,RIVERVIEW HOSPITAL,MN,pointer-or-domain-review,publisher-issue,pointer-declared-file-404,Publisher inquiry to restore or replace the declared file; recheck after their update window,https://res.cloudinary.com/dpmykpsih/raw/upload/riverview-health-site-275/media/9122285d28014b6db6d3f86e0c095635/cms-hpt.txt,206,2026-09-09T10:08:05.312Z,,https://sthpiprd.blob.core.windows.net/machine-readable-files/7983/410724029_riverview-health-association_standardcharges.csv,404,,,,,,,,,,2026-09-09T10:07:52.059Z,3187777ccbdaeb3bfa83e030e6d5c3378ea1935c001b18bc4373d178b51920ce,,,The official pointer declares this file URL and it returns 404 on repeated checks; reproducible broken link.
241343,AVERA GRANITE FALLS,MN,pointer-or-domain-review,publisher-issue,template-version-unrecognized,Publisher inquiry: confirm which CMS data dictionary version the file implements; recheck on their reply,http://www.avera.org/cms-hpt.txt,403,2026-09-09T10:07:29.048Z,,https://www.avera.org/app/files/public/1ca2d27a-5829-43e7-a1e5-2626ec33931a/843156881_avera-granite-falls-health-center_standardcharges.csv,206,https://www.avera.org/app/files/public/1ca2d27a-5829-43e7-a1e5-2626ec33931a/843156881_avera-granite-falls-health-center_standardcharges.csv,corroborated,file-name-and-address,Avera Granite Falls Health Center,Avera Granite Falls Health Center,MN,2026-04-01,4.0.0,date-within-365-days-version-unverified,2026-09-09T13:11:15.214Z,,84f8b6b071aff74fe0494b4efd1a5359847896971861108816e86d7d78c124ac,,Declared template version 4.0.0 is not a recognized CMS data dictionary version; facility identity and the 2026-04-01 update date are corroborated via browser retrieval.
241348,AVERA TYLER HOSPITAL,MN,pointer-or-domain-review,publisher-issue,template-version-unrecognized,Publisher inquiry: confirm which CMS data dictionary version the file implements; recheck on their reply,http://www.avera.org/cms-hpt.txt,403,2026-09-09T10:07:29.048Z,,https://www.avera.org/app/files/public/30c119ee-35bd-417a-a15e-30ec553ee995/410853163_avera-tyler-hospital_standardcharges.csv,206,https://www.avera.org/app/files/public/30c119ee-35bd-417a-a15e-30ec553ee995/410853163_avera-tyler-hospital_standardcharges.csv,corroborated,file-name-and-address,Avera Tyler Hospital,Avera Tyler ,MN,2026-04-01,4.0.0,date-within-365-days-version-unverified,2026-09-09T13:11:15.222Z,,a9ebcfe3a5d12378daef9532f5d2ad1f80d67625c99d05f714c295df02f14121,,Declared template version 4.0.0 is not a recognized CMS data dictionary version; facility identity and the 2026-04-01 update date are corroborated via browser retrieval.
241350,ESSENTIA HEALTH MOOSE LAKE,MN,identity-or-format-review,unresolved,,"Compare the parsed header against facility aliases, renames and campus entries; extend the capped read only if metadata may sit beyond it",https://www.essentiahealth.org/cms-hpt.txt,206,2026-09-09T10:08:03.360Z,,https://www.essentiahealth.org/standard-charges/2026/845099016_Essentia-Moose-Lake_standardcharges.csv,206,https://www.essentiahealth.org/standard-charges/2026/845099016_Essentia-Moose-Lake_standardcharges.csv,mrf-header-name-without-location,,Essentia Health Moose Lake,Moose Lake Hospital,MN,2026-01-01,2.0.0,date-within-365-days-older-version,2026-09-09T10:07:52.558Z,5da0682c3f7219478e556dade568a3fba22024bc2daa464a170742563f271a49,8e55e539d699a98f614192d29dcb8f14427c552c3b76fa02e0707a24f6c52305,,
241359,AVERA MARSHALL REGIONAL MEDICAL CTR,MN,pointer-or-domain-review,unresolved,,Official-domain discovery: confirm the roster facility controls a domain exposing cms-hpt.txt before assigning it,http://www.avera.org/cms-hpt.txt,403,2026-09-09T10:07:29.048Z,,https://www.avera.org/app/files/public/611b19cb-b403-4845-b370-8ac340480d3f/460380552_avera-marshall-hospital_standardcharges.csv,206,https://www.avera.org/app/files/public/611b19cb-b403-4845-b370-8ac340480d3f/460380552_avera-marshall-hospital_standardcharges.csv,mrf-header-does-not-match-unresolved-roster,,Avera Marshall Hospital,Avera Marshall ,MN,2026-04-01,4.0.0,date-within-365-days-version-unverified,2026-09-09T13:11:15.233Z,,450329253b4295052eb2d1c23effce3025135e755d1b13d12117c285514c72ff,,
241374,PIPESTONE COUNTY  MEDICAL CENTER,MN,pointer-or-domain-review,publisher-issue,template-version-unrecognized,Publisher inquiry: confirm which CMS data dictionary version the file implements; recheck on their reply,http://www.avera.org/cms-hpt.txt,403,2026-09-09T10:07:29.048Z,,https://www.avera.org/app/files/public/6d849323-cf99-4a3e-afbc-49241f8e3b6f/411392082_pipestone-county-medical-center_standardcharges.csv,206,https://www.avera.org/app/files/public/6d849323-cf99-4a3e-afbc-49241f8e3b6f/411392082_pipestone-county-medical-center_standardcharges.csv,corroborated,file-name-and-address,Pipestone County Medical Center,Pipestone County Medical Center,MN,2026-04-01,4.0.0,date-within-365-days-version-unverified,2026-09-09T13:11:15.243Z,,ca076856adfa2cc72da65003b25f3110c7bbbeca95e14cb7eeb740f01ebc7564,,Declared template version 4.0.0 is not a recognized CMS data dictionary version; facility identity and the 2026-04-01 update date are corroborated via browser retrieval.
241377,ST FRANCIS MEDICAL CENTER,MN,pointer-or-domain-review,publisher-issue,pointer-declared-file-404,Publisher inquiry to restore or replace the declared file; recheck after their update window,https://www.allinahealth.org/-/media/allina-health/files/customer-service/billing-and-insurance/price-transparency/price-transparency-txt-file.txt,206,2026-09-09T10:08:03.439Z,,https://www.allinahealth.org/sitecore/service/notfound.aspx,404,https://www.chistfrancishealth.org/content/dam/sfcareorg/website/workfiles/410695598-1639162381_st-francis-medical-center_standardcharges.csv,corroborated,file-name-and-address,ST. FRANCIS MEDICAL CENTER,CHI St. Francis Health,MN,2026-02-28,3.0.0,date-within-365-days-version-3,2026-09-09T10:47:18.153Z,cef9ee6590fc5fb8e71c36df1d44db6980e115c40d215ad36654b0a9398a6beb,9a3e410cacfb4507054efd69b248d2217dce554ff81f36c329d4bccb4ddf9870,,The official pointer declares this file URL and it returns 404 on repeated checks; reproducible broken link.
244015,COMMUNITY BEHAVIORAL HEALTH HOSPITAL - BAXTER,MN,pointer-or-domain-review,unresolved,,Official-domain discovery: confirm the roster facility controls a domain exposing cms-hpt.txt before assigning it,http://www.ecommunity.com/cms-hpt.txt,403,2026-09-09T10:07:27.587Z,,,,,,,,,,,,,,,,,
250002,TISHOMINGO HEALTH SERVICES INC,MS,file-access-review,publisher-issue,pointer-declared-file-404,Publisher inquiry to restore or replace the declared file; recheck after their update window,https://www.nmhs.net/cms-hpt.txt,206,2026-09-09T10:08:03.463Z,,https://apps.nmhs.net/files/pt_mrf/640741047_tishomingo-health-services-inc_standardcharges.json,404,"https://apps.nmhs.net/files/pt_mrf/640741047_tishomingo-health-services,inc-_standardcharges.json",corroborated,file-name-and-address,"TISHOMINGO HEALTH SERVICES,INC ","TISHOMINGO HEALTH SERVICES,INC ",MS,2026-04-01,3.0.0,date-within-365-days-version-3,2026-09-09T10:46:43.596Z,4f7f7f387168c70867b24a21d80287644b02dd4d707448e49542147aff529a0e,ad9e65b6281a95be7f9b63afd28db135b5ebbe86871fb84f689f649c09aa3afd,,The official pointer declares this file URL and it returns 404 on repeated checks; reproducible broken link.
250004,NORTH MISSISSIPPI MEDICAL CENTER,MS,file-access-review,publisher-issue,pointer-declared-file-404,Publisher inquiry to restore or replace the declared file; recheck after their update window,https://www.nmhs.net/cms-hpt.txt,206,2026-09-09T10:08:03.463Z,,https://apps.nmhs.net/files/pt_mrf/640662976_north-mississippi-medical-center-inc_standardcharges.json,404,https://apps.nmhs.net/files/pt_mrf/640662976_north-mississippi-medical-center_standardcharges.json,corroborated,file-name-and-address,North Mississippi Medical Center,North Mississippi Medical Center,MS,2026-04-01,3.0.0,date-within-365-days-version-3,2026-09-09T10:46:42.191Z,4f7f7f387168c70867b24a21d80287644b02dd4d707448e49542147aff529a0e,753fba0a68dd018c6a6ce6d5efd7d73214c2d1ade5dce979669d8aae8f5b4285,,The official pointer declares this file URL and it returns 404 on repeated checks; reproducible broken link.
250017,PROGRESSIVE HEALTH GROUP OF HOUSTON,MS,pointer-or-domain-review,unresolved,,Official-domain discovery: confirm the roster facility controls a domain exposing cms-hpt.txt before assigning it,https://traceregional.com/cms-hpt.txt,"curl: (28) Resolving timed out after 8014 milliseconds
",2026-09-09T11:37:46.277Z,,,,,,,,,,,,,,,,,
250036,GEORGE REGIONAL HEALTH SYSTEM,MS,pointer-or-domain-review,unresolved,,Browser download attempt on the recorded file URL; a failed automated request is not evidence the file is absent,https://www.georgeregional.com/cms-hpt.txt,"curl: (28) Resolving timed out after 8006 milliseconds
",2026-09-09T10:38:03.035Z,,,,,,,,,,,,,,,,,All recorded file leads failed at transport level again this run (reproducible connection failure).
250038,MERIT HEALTH MADISON,MS,identity-or-format-review,unresolved,,"Compare the parsed header against facility aliases, renames and campus entries; extend the capped read only if metadata may sit beyond it",https://umc.edu/cms-hpt.txt,206,2026-09-09T10:08:04.482Z,,https://www.umc.edu/Healthcare/Patients-and-Visitors/Bill%20Pay/Pricing%20Files/646008520-1194770404_university-of-mississippi-medical-center_standardcharges.csv,206,https://www.umc.edu/Healthcare/Patients-and-Visitors/Bill%20Pay/Pricing%20Files/646008520-1194770404_university-of-mississippi-medical-center_standardcharges.csv,corroborated-adjudicated,renamed-facility-pointer-label-and-roster-address,STATE OF MISSISSIPPI-UNIVERSITY OF MISSISSIPPI MEDICAL CENTER,UMMC - MADISON,MS,2026-04-01,3.0.0,date-within-365-days-version-3,2026-09-09T10:08:06.446Z,4e90bcdcd7db39a11b03a5b05c699373d9b3c54fa49af5ffeb841b0cd5aa5b6f,b20edfea7df68f70e44330c2c9632b5e5580edaa65f410faba032f3b300f9a2b,renamed-facility-pointer-label-and-roster-address,
250042,NORTHWEST MISSISSISSIPPI REGIONAL MEDICAL CENTER,MS,identity-or-format-review,unresolved,,"Compare the parsed header against facility aliases, renames and campus entries; extend the capped read only if metadata may sit beyond it",https://www.deltahealthsystem.org/cms-hpt.txt,206,2026-09-09T10:08:05.390Z,,https://www.deltahealthsystem.org/documents/640586958_delta-regional-medical-center_standardcharges.csv,206,https://www.deltahealthsystem.org/documents/640586958_delta-regional-medical-center_standardcharges.csv,mrf-header-name-without-location,,Delta Health System,Delta Health System|Delta Health System (West Campus),MS,2026-08-21,3.0.0,date-within-365-days-version-3,2026-09-09T10:08:07.172Z,c16fd983da06a4e62d0c6a260018ff840f9c28228e8ff3b6c7d22b9921a7c337,c1d07b64e564805713c795a1dd80be0de9ba9c9ca3ed492a950d6d383a43d063,,
250093,BOLIVAR MEDICAL CENTER,MS,pointer-or-domain-review,unresolved,,Official-domain discovery: confirm the roster facility controls a domain exposing cms-hpt.txt before assigning it,https://bolivarmedical.com/cms-hpt.txt,"curl: (28) Resolving timed out after 8010 milliseconds
",2026-09-09T11:37:46.450Z,,,,,,,,,,,,,,,,,
250099,GREENWOOD LEFLORE HOSPITAL,MS,identity-or-format-review,unresolved,file-belongs-to-other-facility,Adjudicate facility identity: locate this facility's own pointer/file; do not reuse the shared-provider finding,https://umc.edu/cms-hpt.txt,206,2026-09-09T10:08:04.482Z,,https://www.umc.edu/Healthcare/Patients-and-Visitors/Bill%20Pay/Pricing%20Files/646008520-1154317527_university-of-mississippi-medical-center_standardcharges.csv,206,https://www.umc.edu/Healthcare/Patients-and-Visitors/Bill%20Pay/Pricing%20Files/646008520-1154317527_university-of-mississippi-medical-center_standardcharges.csv,other-facility,,STATE OF MISSISSIPPI-UNIVERSITY OF MISSISSIPPI MEDICAL CENTER,UNIVERSITY OF MISSISSIPPI MEDICAL CENTER,MS,2026-04-01,3.0.0,date-within-365-days-version-3,2026-09-09T10:08:07.290Z,4e90bcdcd7db39a11b03a5b05c699373d9b3c54fa49af5ffeb841b0cd5aa5b6f,ca8e3f6814f8fb083b0b99c8fa670f101a8881a34b67aced1148f3a9f762326c,,
250124,MAGEE GENERAL HOSPITAL,MS,publisher-date-review,publisher-issue,declared-update-date-over-365-days,"Publisher inquiry with the recorded file URL, declared date and response hash; recheck after their update window",https://mghosp.org/cms-hpt.txt,206,2026-09-09T10:08:04.917Z,,https://mghosp.org/wp-content/uploads/2025/01/640324402_magee-benevolent-association_standardcharges.csv,206,https://mghosp.org/wp-content/uploads/2025/01/640324402_magee-benevolent-association_standardcharges.csv,corroborated,file-name-and-address,MAGEE BENEVOLENT ASSOCIATION,MAGEE GENERAL HOSPITAL,MS,2024-12-26,2.0.0,date-over-365-days,2026-09-09T10:08:06.106Z,524483c7b8158d9203e4824c3169a60e8eb5ee5655ffbceed2ca1d13f5bc2cf9,52a8366ad2b08a813c49291cec4d2503f4db59acd356fdc7639f3f80e2b2e534,,Same declared date 2024-12-26 observed again after the earlier check (2026-09-09T01:49:10.398Z).
250162,OCHSNER MEDICAL CENTER-HANCOCK,MS,identity-or-format-review,publisher-issue,file-declares-conflicting-license-state,Publisher inquiry: ask the facility to correct the license_state field in the file header; recheck on their update,https://www.ochsner.org/cms-hpt.txt,206,2026-09-09T11:36:46.164Z,,https://ochsner-craft.s3.amazonaws.com/core/822869576_ochsner-medical-center-%E2%80%93-hancock-llc_standardcharges.csv_2026-03-26-181953_akak.csv,206,https://ochsner-craft.s3.amazonaws.com/core/822869576_ochsner-medical-center-%E2%80%93-hancock-llc_standardcharges.csv_2026-03-26-181953_akak.csv,license-state-conflict,exact-name-and-address-with-conflicting-license-state,OCHSNER MEDICAL CENTER – HANCOCK LLC,OCHSNER MEDICAL CENTER – HANCOCK,LA,2026-04-01,3.0.0,,2026-09-09T10:08:06.023Z,15fe42c1275ca42c1611e524231948f78cf03843eacc03759c1a500459d65477,f9ffad59cb00733442c0a64f91f7184316c6ad91ffb2a82d0683aba1413b9522,,File header declares license state LA while the roster state is MS; the name and address match the roster exactly and the official pointer lists the file.
250172,HIGHLAND HILLS MEDICAL CENTER,MS,identity-or-format-review,unresolved,,"Compare the parsed header against facility aliases, renames and campus entries; extend the capped read only if metadata may sit beyond it",https://www.deltahealthsystem.org/cms-hpt.txt,206,2026-09-09T10:08:05.390Z,,https://www.deltahealthsystem.org/documents/640586958_delta-regional-medical-center_standardcharges.csv,206,https://www.deltahealthsystem.org/documents/640586958_delta-regional-medical-center_standardcharges.csv,mrf-header-name-without-location,,Delta Health System,Delta Health System|Delta Health System (West Campus),MS,2026-08-21,3.0.0,date-within-365-days-version-3,2026-09-09T10:08:07.172Z,c16fd983da06a4e62d0c6a260018ff840f9c28228e8ff3b6c7d22b9921a7c337,c1d07b64e564805713c795a1dd80be0de9ba9c9ca3ed492a950d6d383a43d063,,
251307,NOXUBEE GENERAL CRITICAL ACCESS HOSP,MS,identity-or-format-review,publisher-issue,declared-update-date-over-365-days,"Publisher inquiry with the recorded file URL, declared date and response hash; recheck after their update window",https://a27d8bef-da4e-4fa0-9e3b-83c28b7fb454.usrfiles.com/ugd/a27d8b_6e61b042ac8e45d18f7bb55ad253b593.txt,206,2026-09-09T10:08:06.328Z,,https://a27d8bef-da4e-4fa0-9e3b-83c28b7fb454.usrfiles.com/ugd/a27d8b_9d82b0e8a9ae4bb59d292b04e35ec2f1.csv,206,https://a27d8bef-da4e-4fa0-9e3b-83c28b7fb454.usrfiles.com/ugd/a27d8b_9d82b0e8a9ae4bb59d292b04e35ec2f1.csv,corroborated-adjudicated,renamed-facility-pointer-label-and-roster-address,Noxubee General Hospital,Noxubee General Hospital,MS,2024-11-01,2.0.0,date-over-365-days,2026-09-09T10:08:06.569Z,07acc8e6390c6471e0b9b41b8513fd39c3c909d8a8c4d2192650ae744b94c21f,26ebb66cfda6159bfd4e2eb49684b79ffa0965adc19783afac4bf744fb034479,renamed-facility-pointer-label-and-roster-address,Same declared date 2024-11-01 observed again after the earlier check (2026-09-09T02:28:37.038Z).
251316,OCHSNER WATKINS HOSPITAL,MS,identity-or-format-review,publisher-issue,file-declares-conflicting-license-state,Publisher inquiry: ask the facility to correct the license_state field in the file header; recheck on their update,https://www.ochsner.org/cms-hpt.txt,206,2026-09-09T11:36:46.164Z,,https://ochsner-craft.s3.amazonaws.com/core/640345119_rush-medical-foundation_standardcharges.csv_2026-03-26-190513_txgc.csv,206,https://ochsner-craft.s3.amazonaws.com/core/640345119_rush-medical-foundation_standardcharges.csv_2026-03-26-190513_txgc.csv,license-state-conflict,exact-name-and-address-with-conflicting-license-state,Rush Medical Foundation,Ochsner Watkins Hospital,LA,2026-04-01,3.0.0,,2026-09-09T10:08:06.744Z,15fe42c1275ca42c1611e524231948f78cf03843eacc03759c1a500459d65477,e554dd5e323c3efef1d05bc9862690c0ec50af34063f829963123979ff88f728,,File header declares license state LA while the roster state is MS; the name and address match the roster exactly and the official pointer lists the file.
251317,SIMPSON GENERAL HOSPITAL CAH,MS,identity-or-format-review,publisher-issue,declared-update-date-over-365-days,"Publisher inquiry with the recorded file URL, declared date and response hash; recheck after their update window",https://simpsongeneral.com/cms-hpt.txt,206,2026-09-09T10:08:06.587Z,,https://apps.para-hcfs.com/PTT/FinalLinks/Reports.aspx?dbName=dbSGHMENDENHALLMS&type=CDMWithoutLabel&fileType=CSV,200,https://apps.para-hcfs.com/PTT/FinalLinks/Reports.aspx?dbName=dbSGHMENDENHALLMS&type=CDMWithoutLabel&fileType=CSV,corroborated-adjudicated,renamed-facility-pointer-label-and-roster-address,SIMPSON COMMUNITY HEALTHCARE INC,SIMPSON COMMUNITY HEALTHCARE INC,MS,2025-04-30,3.0.0,date-over-365-days,2026-09-09T10:08:07.316Z,80205a2cfeb9e64480b531a9f8d63780b70628b938a4976c3b53252f2de0e89f,b2cc8f5c7d81b2a6c980ed90bd994573af4bc2682f5460b2b26141344b546bb4,renamed-facility-pointer-label-and-roster-address,Same declared date 2025-04-30 observed again after the earlier check (2026-09-09T02:30:25.410Z).
251322,OCHSNER LAIRD HOSPITAL,MS,identity-or-format-review,publisher-issue,file-declares-conflicting-license-state,Publisher inquiry: ask the facility to correct the license_state field in the file header; recheck on their update,https://www.ochsner.org/cms-hpt.txt,206,2026-09-09T11:36:46.164Z,,https://ochsner-craft.s3.amazonaws.com/core/201835779_laird-hospital-inc._standardcharges.csv_2026-03-26-184539_copb.csv,206,https://ochsner-craft.s3.amazonaws.com/core/201835779_laird-hospital-inc._standardcharges.csv_2026-03-26-184539_copb.csv,license-state-conflict,exact-name-and-address-with-conflicting-license-state,"Laird Hospital, Inc.",Ochsner Laird Hospital ,LA,2026-04-01,3.0.0,,2026-09-09T10:08:07.551Z,15fe42c1275ca42c1611e524231948f78cf03843eacc03759c1a500459d65477,087f76dc9630c497d3ed7c5dc3d07b833367105b3cfddbb975b4c0a53381cdfe,,File header declares license state LA while the roster state is MS; the name and address match the roster exactly and the official pointer lists the file.
251323,OCHSNER SCOTT REGIONAL,MS,identity-or-format-review,unresolved,,"Compare the parsed header against facility aliases, renames and campus entries; extend the capped read only if metadata may sit beyond it",https://www.ochsner.org/cms-hpt.txt,206,2026-09-09T11:36:46.164Z,,https://ochsner-craft.s3.amazonaws.com/core/260792328_scott-regional-medical-center-inc._standardcharges.csv_2026-03-26-184248_yujh.csv,206,https://ochsner-craft.s3.amazonaws.com/core/260792328_scott-regional-medical-center-inc._standardcharges.csv_2026-03-26-184248_yujh.csv,mrf-header-does-not-match-unresolved-roster,,"Scott Regional Medical Center, Inc.",Ochsner Scott Regional ,LA,2026-04-01,3.0.0,date-within-365-days-version-3,2026-09-09T10:08:21.084Z,15fe42c1275ca42c1611e524231948f78cf03843eacc03759c1a500459d65477,20bf3dd3d70ea67fd387ea6abe88a1d3b2e0625e03a1ecd7a3084de4cdbc337c,,
251325,COVINGTON COUNTY HOSPITAL CAH,MS,pointer-or-domain-review,unresolved,,"Compare the parsed header against facility aliases, renames and campus entries; extend the capped read only if metadata may sit beyond it",,,,,https://covingtoncountyhospital.com/646001549_covington-county-hospital_standardcharges.csv,206,https://covingtoncountyhospital.com/646001549_covington-county-hospital_standardcharges.csv,corroborated,file-name-and-address,covington_county_hospital,covington_county_hospital_.1,MS,2026-07-21,3.0.0,date-within-365-days-version-3,2026-09-09T10:08:06.964Z,,5887c6a402d882373c123b9b6093c9b15fb1084f9b1d33d4b15b1a1477c56fb5,,
251334,CHOCTAW REGIONAL MEDICAL CENTER,MS,identity-or-format-review,unresolved,,Browser download attempt on the recorded file URL; a failed automated request is not evidence the file is absent,,,,,,,,,,,,,,,,,,,,
251335,OCHSNER STENNIS MEMORIAL HOSPITAL,MS,identity-or-format-review,unresolved,,"Compare the parsed header against facility aliases, renames and campus entries; extend the capped read only if metadata may sit beyond it",https://www.ochsner.org/cms-hpt.txt,206,2026-09-09T11:36:46.164Z,,https://ochsner-craft.s3.amazonaws.com/core/271757642_kemper-cah-inc.-_standardcharges.csv.csv,206,https://ochsner-craft.s3.amazonaws.com/core/271757642_kemper-cah-inc.-_standardcharges.csv.csv,mrf-header-does-not-match-unresolved-roster,,"Kemper CAH, Inc. ",Ochsner Stennis Hospital,LA,2026-04-01,3.0.0,date-within-365-days-version-3,2026-09-09T10:08:31.632Z,15fe42c1275ca42c1611e524231948f78cf03843eacc03759c1a500459d65477,d512a8e6a7308ab0277d75971e90cce2a5fadba4cdef9de98cbd8dd1571b4d7c,,
251337,TIPPAH COUNTY HOSPITAL,MS,publisher-date-review,publisher-issue,automated-file-access-denied,"Browser download attempt, then publisher whitelist request with the recorded denial evidence",https://tippahcountyhospital.com/cms-hpt.txt,403,2026-09-09T10:08:07.254Z,,https://www.tippahcountyhospital.com/assets/Uploads/646001350_tippah-county-hospital_standardcharges.csv?vid=3,403,,,,,,,,,,2026-09-09T10:08:07.340Z,,,,Automated retrieval denied while the earlier pass corroborated facility identity from this URL; not evidence of a missing file.
254010,MS STATE HOSPITAL-WHITFIELD,MS,pointer-or-domain-review,unresolved,,Official-domain discovery: confirm the roster facility controls a domain exposing cms-hpt.txt before assigning it,https://www.msh.ms.gov/cms-hpt.txt,206,2026-09-09T12:38:35.913Z,,https://www.msh.ms.gov/sites/msh/files/tmp/646000782_oak-circle-center_standardcharges.csv,206,https://www.msh.ms.gov/sites/msh/files/tmp/646000782_oak-circle-center_standardcharges.csv,corroborated-adjudicated,renamed-facility-pointer-label-and-roster-address,Oak Circle Center,Oak Circle Center,MS,2026-06-16,3.0.0,date-within-365-days-version-3,2026-09-09T12:40:11.551Z,1255463462e4c8ae1e721343d155f92d6a23b952d6f06e8d2ddfe091e566f02e,680b94f344cc6d39876bffe0718b89e55cba94f19beac58ee14018addaaf6563,renamed-facility-pointer-label-and-roster-address,
260017,PHELPS COUNTY REGIONAL MEDICAL CENTER,MO,pointer-or-domain-review,unresolved,,Official-domain discovery: confirm the roster facility controls a domain exposing cms-hpt.txt before assigning it,https://phelpshealth.org/cms-hpt.txt,"curl: (28) Resolving timed out after 8012 milliseconds
",2026-09-09T11:37:46.854Z,,,,,,,,,,,,,,,,,
260025,HANNIBAL REGIONAL HOSPITAL,MO,pointer-or-domain-review,publisher-issue,pointer-declared-file-404,Publisher inquiry to restore or replace the declared file; recheck after their update window,https://www.hannibalregional.org/cms-hpt.txt,206,2026-09-09T10:08:18.800Z,,https://sthpiprd.blob.core.windows.net/machine-readable-files/8042/430662495_hannibal-regional-hospital_standardcharges.csv,404,,,,,,,,,,2026-09-09T10:08:07.522Z,cb5ac393b9092b9af481b5751dc7cfa64a5ef30b4efa66a7e1fcb71664e72670,,,The official pointer declares this file URL and it returns 404 on repeated checks; reproducible broken link.
260061,NEVADA REGIONAL MEDICAL CENTER,MO,publisher-date-review,publisher-issue,declared-update-date-over-365-days,"Publisher inquiry with the recorded file URL, declared date and response hash; recheck after their update window",https://irp.cdn-website.com/5b92682e/files/uploaded/cms-hpt-4ab8d9db.txt,206,2026-09-09T10:08:07.470Z,,https://www.nrmchealth.com/pricing-transparency-mrf-url,206,https://irp.cdn-website.com/5b92682e/files/uploaded/446000696_nevada-city-hospital_standardcharges-a9cfb963.csv,corroborated,file-name-and-address,Nevada City Hospital,Nevada Regional Medical Center,MO,2025-01-14,2.0.0,date-over-365-days,2026-09-09T10:08:20.332Z,57d00ae6d94e828d3f6975a60a0e90c5698c64405188ebdf046962321e1e0d98,f39397ec57a8b69f602b6313a8eb5a16c9eca06654739cc149ef3ab7e6bd8f92,,Same declared date 2025-01-14 observed again after the earlier check (2026-09-09T01:49:09.630Z).
260097,WESTERN MISSOURI MEDICAL CENTER,MO,publisher-date-review,publisher-issue,declared-update-date-over-365-days,"Publisher inquiry with the recorded file URL, declared date and response hash; recheck after their update window",https://wmmc.com/cms-hpt.txt,200,2026-09-09T10:08:18.568Z,,https://wmmc.com/wp-content/uploads/2024/11/440665266_western-missouri-medical-center_standardcharges.csv,206,https://wmmc.com/wp-content/uploads/2024/11/440665266_western-missouri-medical-center_standardcharges.csv,corroborated,file-name-and-address,Western Missouri Medical Center,Western Missouri Medical Center,MO,2024-12-01,2.2.0,date-over-365-days,2026-09-09T10:08:21.963Z,aa8c870e4c210660c3a857dfc0c6a448e33fe616d54bec078cefb141de7847ba,c7b0f74dd3ea065b8bf5fe778030a830492ddeea10352e00ac7846cbd02d2ce0,,Same declared date 2024-12-01 observed again after the earlier check (2026-09-09T01:49:09.923Z).
260110,MERCY HOSPITAL SOUTHEAST,MO,pointer-or-domain-review,unresolved,,"Compare the parsed header against facility aliases, renames and campus entries; extend the capped read only if metadata may sit beyond it",https://www.mercy.net/content/dam/mercy/en/cms-hpt/cms-hpt.txt,206,2026-09-09T10:07:27.282Z,,https://www.mercy.net/content/dam/mercy/en/web-assets/charge-files/430654874_mercy-hospital-southeast_standardcharges.zip,206,https://www.mercy.net/content/dam/mercy/en/web-assets/charge-files/430654874_mercy-hospital-southeast_standardcharges.zip,mrf-header-does-not-match-unresolved-roster,,Southeast Hospital dba Mercy Hospital Southeast,Southeast Hospital dba Mercy Hospital Southeast,OK,2026-06-11,3.0.0,date-within-365-days-version-3,2026-09-09T10:37:44.163Z,c403be0732bbae1950143a79bc083bcca97b638d007cab82b9c7d4bc47f9b3eb,cf28e2ae9af17fdf79e8602f9ca9192f0852a58883eacfeb853ad456c9d48083,,
260137,FREEMAN HEALTH SYSTEM - FREEMAN WEST,MO,publisher-date-review,publisher-issue,declared-update-date-over-365-days,"Publisher inquiry with the recorded file URL, declared date and response hash; recheck after their update window",https://www.freemanhealth.com/sites/default/files/cms0-hpt.txt,206,2026-09-09T10:08:19.355Z,,https://url.us.m.mimecastprotect.com/s/nm_sC4xqW3t9DBojSxhJf4d1dX?domain=hospitalpricedisclosure.com,206,https://cleverleypteusstatic.blob.core.windows.net/readable/431704371_freeman-health-system---freeman-west_standardcharges.json,corroborated,file-name-and-address,Freeman Health System - Freeman West,Freeman Health System - Freeman West|East Campus Freeman Hospital|East Campus Freeman Hospital Acute Rehab|East Campus Freeman Hospital Geriatric Psych|East Campus Freeman Hospital Psych|West Campus Freeman Hospital,MO,2025-05-01,2.2.0,date-over-365-days,2026-09-09T10:38:01.420Z,68db79b55bd321c09bbf4ec1500de2b8e11a3decae74e599d1df8024bb165dde,c9bee501f46ec5d38074d6e96e94fad6ff1ee02b7e5671908b42c4f5db14ef4d,,Same declared date 2025-05-01 observed again after the earlier check (2026-09-09T02:30:50.448Z).
260175,GOLDEN VALLEY MEMORIAL HOSPITAL,MO,pointer-or-domain-review,correction-verified,,Applied to the local reviewed ledger,https://www.gvmh.org/cms-hpt.txt,200,2026-09-09T11:37:55.194Z,https://apim.services.craneware.com/api-pricing-transparency/api/public/e541183863a90b1bd92e5225829d0ea9/charges/mrf,https://apim.services.craneware.com/api-pricing-transparency/api/public/e541183863a90b1bd92e5225829d0ea9/charges/mrf,200,https://apim.services.craneware.com/api-pricing-transparency/api/public/e541183863a90b1bd92e5225829d0ea9/charges/mrf,corroborated,file-name-and-address,Golden Valley Memorial Hospital,Golden Valley Memorial Hospital|Golden Valley Memorial Hospital,MO,2026-07-01,3.0.0,date-within-365-days-version-3,2026-09-09T11:41:23.000Z,bc3241a9e3b033f2b15e5d53a3bee9f386818771e7625dce7051f8b9af11aec9,ebe9e037b0729feb274cb6cd07949d6826879e9684c167c0f0ec20660ab32454,,Correction verified and already recorded in the reviewed ledger.
261302,MADISON MEDICAL CENTER,MO,publisher-date-review,publisher-issue,automated-file-access-denied,"Browser download attempt, then publisher whitelist request with the recorded denial evidence",https://madisonmedicalcenter.net/cms-hpt.txt,403,2026-09-09T10:08:18.933Z,,https://madisonmedicalcenter.net/431445493_Madison%20Medical%20Center_standardcharges.json,403,,,,,,,,,,2026-09-09T10:08:19.065Z,,,,Automated retrieval denied while the earlier pass corroborated facility identity from this URL; not evidence of a missing file.
261303,COMMUNITY HOSPITAL ASSOCIATION,MO,file-access-review,unresolved,,"Compare the parsed header against facility aliases, renames and campus entries; extend the capped read only if metadata may sit beyond it",https://fairfaxmed.com/cms-hpt.txt,403,2026-09-09T10:08:19.085Z,,https://fairfax.pt.panaceainc.com/MRFDownload/fairfax/fairfax,200,https://mrf.panaceainc.com/Download.aspx?org=fairfax&loc=fairfax&ref=,mrf-header-name-without-location,,Community Hospital Association,Community Hospital Fairfax,MO,2026-08-21,3.0.0,date-within-365-days-version-3,2026-09-09T10:08:20.941Z,,31923474ac7d6caf9bdf978f9f52150915388614ce27011e979f2c442fdec871,,
261305,PUTNAM COUNTY MEMORIAL HOSPITAL,MO,identity-or-format-review,unresolved,,"Compare the parsed header against facility aliases, renames and campus entries; extend the capped read only if metadata may sit beyond it",https://www.pcmhosp.com/_files/ugd/715aec_84b5ed9ad0954d16bc85a681eba230f9.txt?dn=cms-hpt%20(2026).txt,206,2026-09-09T10:08:19.334Z,,https://715aec82-78c7-4cfd-9819-25bb620d49bb.usrfiles.com/ugd/715aec_bcdff3c73b64415b8485139001e17eb7.csv,206,https://715aec82-78c7-4cfd-9819-25bb620d49bb.usrfiles.com/ugd/715aec_bcdff3c73b64415b8485139001e17eb7.csv,mrf-header-name-without-location,,Putnam County Memorial Hospital,Putnam County Memorial Hospital,MO,2026-04-09,3.0.0,date-within-365-days-version-3,2026-09-09T10:08:20.486Z,adf1a90f26e47956ea6741f9784e6ff4fe2c8a898909c2f7ee0c970c6b6c6714,24dad2784d20989477bb2d025e219c4142c7dce462622e07dec2880c77590d5b,,
261307,PERSHING MEMORIAL HOSPITAL,MO,publisher-date-review,publisher-issue,declared-update-date-over-365-days,"Publisher inquiry with the recorded file URL, declared date and response hash; recheck after their update window",https://phsmo.org/cms-hpt.txt,200,2026-09-09T10:08:19.554Z,,https://hospitalpricetransparencyfiles.com/general-john-j-pershing-memorial-hospital-association/430715842_General-John-J-Pershing-Memorial-Hospital-Association_standardcharges.csv,206,https://hospitalpricetransparencyfiles.com/general-john-j-pershing-memorial-hospital-association/430715842_General-John-J-Pershing-Memorial-Hospital-Association_standardcharges.csv,corroborated,file-name-and-address,General John J Pershing Memorial Hospital Association,Pershing Memorial Hospital,MO,2025-06-13,3.0.0,date-over-365-days,2026-09-09T10:08:20.907Z,7f0a1a05eb3802ae00db2b1ed514c45292e422a921fd522c63a885477d16a481,430478d74738afdaefa861b32674f8be00563da2a28b3755a74f9c8c8231da3d,,Same declared date 2025-06-13 observed again after the earlier check (2026-09-09T01:49:09.772Z).
261331,FREEMAN NEOSHO HOSPITAL,MO,pointer-or-domain-review,publisher-issue,declared-update-date-over-365-days,"Publisher inquiry with the recorded file URL, declared date and response hash; recheck after their update window",https://www.freemanhealth.com/sites/default/files/cms0-hpt.txt,206,2026-09-09T10:08:19.355Z,,https://url.us.m.mimecastprotect.com/s/32rHC5yrA4hpXZvntyi3fkJCbs?domain=hospitalpricedisclosure.com,206,https://cleverleypteusstatic.blob.core.windows.net/readable/431240629_freeman-neosho-hospital_standardcharges.json,corroborated,file-name-and-address,Freeman Neosho Hospital,Freeman Neosho Hospital|Neosho Hospital Inpatient Critical Access|Neosho Hospital Swing Bed,MO,2025-05-01,2.2.0,date-over-365-days,2026-09-09T10:09:05.938Z,68db79b55bd321c09bbf4ec1500de2b8e11a3decae74e599d1df8024bb165dde,2193cb808f6e75ea3924e9b2a204854bd2236e98210650ec1ef9490e2c2671bc,,Declared date over 365 days at check time.
261332,CARROLL COUNTY MEMORIAL HOSPITAL,MO,identity-or-format-review,unresolved,,"Compare the parsed header against facility aliases, renames and campus entries; extend the capped read only if metadata may sit beyond it",https://www.carrollcountyhospital.org/cms-hpt.txt,206,2026-09-09T10:08:27.551Z,,https://www.carrollcountyhospital.org/Content/Uploads/carrollcountyhospital.org/files/440629397_carroll-county-memorial-hospital_standardcharges.csv.csv,206,https://www.carrollcountyhospital.org/Content/Uploads/carrollcountyhospital.org/files/440629397_carroll-county-memorial-hospital_standardcharges.csv.csv,corroborated,file-name-and-address,Carroll County Memorial Hospital,Carroll County Memorial Hospital,MO,2026-04-01,3.0.,date-within-365-days-version-3,2026-09-09T10:08:28.730Z,764fec9f09e1c3e65abd0a32e37baca42f88f4b47d463f711a3e60ba65a3adde,acb0c07295aba12731fe321de0ac1d6eaab1ffbeb8c64ee0e988452732f6787c,,
270004,BILLINGS CLINIC HOSPITAL,MT,identity-or-format-review,unresolved,,Browser download attempt on the recorded file URL; a failed automated request is not evidence the file is absent,https://stillwaterbillingsclinic.com/cms-hpt.txt,403,2026-09-09T10:08:27.781Z,,,,,,,,,,,,,,,,,
270012,BENEFIS HOSPITALS INC,MT,pointer-or-domain-review,unresolved,,Official-domain discovery: confirm the roster facility controls a domain exposing cms-hpt.txt before assigning it,https://www.benefis.org/cms-hpt.txt,403,2026-09-09T10:37:44.117Z,,,,,,,,,,,,,,,,,
270057,BOZEMAN HEALTH DEACONESS HOSPITAL,MT,identity-or-format-review,publisher-issue,declared-update-date-over-365-days,"Publisher inquiry with the recorded file URL, declared date and response hash; recheck after their update window",https://bozemanhealth.org/cms-hpt.txt,206,2026-09-09T10:37:43.995Z,,https://bozemanhealth.org/wp-content/uploads/2025/01/01/474717998_deaconess-regional-medical-center_standardcharges.json,206,https://bozemanhealth.org/wp-content/uploads/2025/01/01/474717998_deaconess-regional-medical-center_standardcharges.json,corroborated-adjudicated,renamed-facility-pointer-label-and-roster-address,Deaconess Regional Medical Center,Deaconess Regional Medical Center,MT,2024-11-19,2.2.0,date-over-365-days,2026-09-09T10:08:41.771Z,79098aa3edfa01f7b6377984fa5b0cb11f555a55d345e0e5b5a0e7af72a4b057,eeda8bd559b40879b6a784dfc686b12c131cfa3465e0c019cb829de3595dad07,renamed-facility-pointer-label-and-roster-address,Same declared date 2024-11-19 observed again after the earlier check (2026-09-09T02:29:08.703Z).
271311,BIG SANDY MEDICAL CENTER,MT,publisher-date-review,unresolved,,Publisher inquiry on the recorded declared date; recheck after their update window,https://bsmc.org/cms-hpt.txt,206,2026-09-09T10:37:44.945Z,,https://secure.claraprice.net/price-transparency/ZVEI-1742918921118/machine-readable/810291695_big-sandy-medical-center_standardcharges.json,200,https://secure.claraprice.net/price-transparency/ZVEI-1742918921118/machine-readable/810291695_big-sandy-medical-center_standardcharges.json,mrf-header-has-no-license-state,,Big Sandy Medical Center,,,,,date-unverified,2026-09-09T10:08:32.113Z,66d60657dec19fecfab86f0cd9ce8ab6b1a986c053ea3cc498fa6dce3de933ba,60e796140f4c4e4e1be175b6b231db01f1aeb7c833562602035fae5fbea4922f,,
271314,DEER LODGE MEDICAL CENTER,MT,identity-or-format-review,unresolved,,"Compare the parsed header against facility aliases, renames and campus entries; extend the capped read only if metadata may sit beyond it",https://dlmed.org/cms-hpt.txt,206,2026-09-09T10:37:44.698Z,,https://www.dlmed.org/wp-content/uploads/2026/01/Powell-County-Hospital-Standard-Charges.csv,206,https://www.dlmed.org/wp-content/uploads/2026/01/Powell-County-Hospital-Standard-Charges.csv,mrf-header-does-not-match-unresolved-roster,,Powell County Memorial Hospital Association,Deer Lodge Medical Center,CA,2026-01-01,4.0.0,date-within-365-days-version-unverified,2026-09-09T10:37:45.731Z,cdb12c6e3513e7cdf2e79578143fa32759ffd0180d1384d01b814f885e200168,867562e9bddedb066937d28de75b5d0b1972f7c4271c0c1bf9d5bc3dfd6aa515,,
271324,PONDERA MEDICAL CENTER,MT,identity-or-format-review,unresolved,,"Compare the parsed header against facility aliases, renames and campus entries; extend the capped read only if metadata may sit beyond it",https://logan.org/cms-hpt.txt,200,2026-09-09T10:08:39.028Z,,https://hospitalpricedisclosure.com/download.aspx?pi=YI*_*B*_*wvXdFlgmQNXvicF2w*-*,206,https://cleverleypteusstatic.blob.core.windows.net/readable/810232406_logan-health---conrad_standardcharges.json,corroborated-adjudicated,renamed-facility-pointer-label-and-roster-address,Logan Health - Conrad,Logan Health - Conrad,MT,2026-04-01,3.0.0,date-within-365-days-version-3,2026-09-09T10:47:59.312Z,e45689a5aea0c03953cc95a6e4753468f4a5c897cb61db0692c279978ae782c3,514ad57ac6e8c3529db980c878ea9f15729b9317ec5072146d2893413c0c2790,renamed-facility-pointer-label-and-roster-address,
271329,MADISON VALLEY MEDICAL CENTER,MT,pointer-or-domain-review,unresolved,,Official-domain discovery: confirm the roster facility controls a domain exposing cms-hpt.txt before assigning it,https://mvmedcenter.org/cms-hpt.txt,"curl: (28) Resolving timed out after 8000 milliseconds
",2026-09-09T11:38:06.388Z,,,,,,,,,,,,,,,,,
271331,MINERAL COMMUNITY HOSPITAL,MT,identity-or-format-review,publisher-issue,declared-update-date-over-365-days,"Publisher inquiry with the recorded file URL, declared date and response hash; recheck after their update window",https://mineralcommunityhospital.com/cms-hpt.txt,200,2026-09-09T10:08:38.811Z,,https://mineralcommunityhospital.com/wp-content/uploads/2025/04/810421823_Mineral-Community-Hospital_standardcharges07.2024-3.csv,206,https://mineralcommunityhospital.com/wp-content/uploads/2025/04/810421823_Mineral-Community-Hospital_standardcharges07.2024-3.csv,corroborated,file-name-and-address,Mineral Community Hospital,Mineral Community Hospital,MT,2024-07-01,2.0.0,date-over-365-days,2026-09-09T10:08:39.886Z,68931eb7dc6b67b6c5590ed8d18ebc3997ad7b54e57d186ad77cd82b414d4e17,b5f58ac56c41d89c02284fafe00c036ecdea48d6f7164c4387783faef7fba129,,Same declared date 2024-07-01 observed again after the earlier check (2026-09-09T02:29:09.624Z).
271332,GLENDIVE MEDICAL CENTER,MT,file-access-review,unresolved,,Browser download attempt on the recorded file URL; a failed automated request is not evidence the file is absent,https://www.gmc.org/cms-hpt.txt,206,2026-09-09T10:08:40.178Z,,,,,,,,,,,,,,529f80482462d9e53f6f2484da403b0457aff819eb096d22f86ee41639850265,,,
271389,BOZEMAN HEALTH BIG SKY MEDICAL CENTER,MT,publisher-date-review,publisher-issue,declared-update-date-over-365-days,"Publisher inquiry with the recorded file URL, declared date and response hash; recheck after their update window",https://bozemanhealth.org/cms-hpt.txt,206,2026-09-09T10:37:43.995Z,,https://bozemanhealth.org/wp-content/uploads/2025/01/01/474718253_big-sky-medical-center_standardcharges.json,206,https://bozemanhealth.org/wp-content/uploads/2025/01/01/474718253_big-sky-medical-center_standardcharges.json,corroborated,file-name-and-address,Big Sky Medical Center,Big Sky Medical Center,MT,2024-11-19,2.2.0,date-over-365-days,2026-09-09T10:08:58.282Z,79098aa3edfa01f7b6377984fa5b0cb11f555a55d345e0e5b5a0e7af72a4b057,b8d2bc7e3c8c48805fe3547c67e1864d6148dd7cf4702d42b3eb9049bdaf40c4,,Same declared date 2024-11-19 observed again after the earlier check (2026-09-09T01:49:11.101Z).
280065,GREAT PLAINS HEALTH,NE,identity-or-format-review,unresolved,,"Compare the parsed header against facility aliases, renames and campus entries; extend the capped read only if metadata may sit beyond it",https://res.cloudinary.com/dpmykpsih/raw/upload/great-plains-health-site-358/media/c905b76950d842b68b1299e19117ba31/cms-hpt.txt,206,2026-09-09T10:08:40.759Z,,https://secure.claraprice.net/price-transparency/MAPH-1681850094272/machine-readable,200,https://secure.claraprice.net/price-transparency/MAPH-1681850094272/machine-readable/470662290_great-plains-health_standardcharges.json,mrf-header-has-no-license-state,,Great Plains Health,,,,,date-unverified,2026-09-09T10:08:42.644Z,5fb6a54612d417ea8d73c57654cd2d0560f400943e02e119cc5a0442472f27b6,a5e8b9c90658e00df1ebf0b51ba3b21f204489ca9bf6ae36cbbb0683de6f1bef,,
280134,KEARNEY REGIONAL MEDICAL CENTER,NE,pointer-or-domain-review,unresolved,,Browser download attempt on the recorded file URL; a failed automated request is not evidence the file is absent,https://www.bryanhealth.com/cms-hpt.txt,403,2026-09-09T10:08:40.036Z,,,,,,,,,,,,,,,,,
281306,KEARNEY COUNTY HEALTH SERVICES HOSPITAL,NE,identity-or-format-review,unresolved,,"Compare the parsed header against facility aliases, renames and campus entries; extend the capped read only if metadata may sit beyond it",https://kchs.org/cms-hpt.txt,206,2026-09-09T10:08:40.013Z,,https://secure.claraprice.net/price-transparency/ECZN-1713298384823/machine-readable/476014070_kearney-county-hospital_standardcharges.json,200,https://secure.claraprice.net/price-transparency/ECZN-1713298384823/machine-readable/476014070_kearney-county-hospital_standardcharges.json,mrf-header-has-no-license-state,,Kearney County Hospital,,,,,date-unverified,2026-09-09T10:08:43.757Z,ac46dc78007d2402c4e8205c0c626e9e7d22cf45dd2cee09c4254ce4d2d26231,7b45de53474e6fb4d21c2d2ad5ce9b951a909ab77eec017048db465566e32af5,,
281312,GENOA COMMUNITY HOSPITAL,NE,identity-or-format-review,unresolved,,"Compare the parsed header against facility aliases, renames and campus entries; extend the capped read only if metadata may sit beyond it",https://genoamedical.org/cms-hpt.txt,"curl: (28) Resolving timed out after 8006 milliseconds
",2026-09-09T10:38:04.784Z,,https://secure.claraprice.net/price-transparency/60faecd27d40231ea612e844/machine-readable/476006197_genoa-medical_standardcharges.json,200,https://secure.claraprice.net/price-transparency/60faecd27d40231ea612e844/machine-readable/476006197_genoa-medical_standardcharges.json,mrf-header-has-no-license-state,,Genoa Medical Facilities,,,,,date-unverified,2026-09-09T10:09:08.935Z,,9d23aff0f29bcfe87d2521ae681ab2423b8384a300254c50a17fc4fedca7617c,,
281313,GOTHENBURG HEALTH,NE,identity-or-format-review,unresolved,,"Compare the parsed header against facility aliases, renames and campus entries; extend the capped read only if metadata may sit beyond it",https://www.gothenburghealth.org/cms-hpt.txt,206,2026-09-09T10:08:40.345Z,,https://secure.claraprice.net/price-transparency/YTLS-1743523485849/machine-readable/470532605_gothenburg-health_standardcharges.json,200,https://secure.claraprice.net/price-transparency/YTLS-1743523485849/machine-readable/470532605_gothenburg-health_standardcharges.json,mrf-header-has-no-license-state,,Gothenburg Health,,,,,date-unverified,2026-09-09T10:09:21.172Z,d4be0eace7846f824b3689d6764912195185153320bdb169afc243ff48211b39,08004d5bf5b4fa6d7a9d1d406e8518ff4e1fc6360a5604859a8614fda20f8c30,,
281314,ANNIE JEFFREY MEMORIAL COUNTY HEALTH CENTER,NE,pointer-or-domain-review,unresolved,,Official-domain discovery: confirm the roster facility controls a domain exposing cms-hpt.txt before assigning it,https://ajhc.org/cms-hpt.txt,"curl: (28) Resolving timed out after 8008 milliseconds
",2026-09-09T11:38:06.578Z,,,,,,,,,,,,,,,,,
281316,WEBSTER COUNTY COMMUNITY HOSPITAL,NE,identity-or-format-review,unresolved,,"Compare the parsed header against facility aliases, renames and campus entries; extend the capped read only if metadata may sit beyond it",https://websterhospital.org/cms-hpt.txt,"curl: (28) Resolving timed out after 8009 milliseconds
",2026-09-09T10:38:04.806Z,,https://secure.claraprice.net/price-transparency/MMRL-1778188481466/machine-readable/470466032_webster-county-community-hospital_standardcharges.json,200,https://secure.claraprice.net/price-transparency/MMRL-1778188481466/machine-readable/470466032_webster-county-community-hospital_standardcharges.json,mrf-header-has-no-license-state,,Webster County Community Hospital dba Webster County Community Hospital,,,,,date-unverified,2026-09-09T10:09:32.762Z,,5ddab439729279cf91b07b45e976016333e1d8145972f2e40d3f3351323956a6,,
281318,MORRILL COUNTY COMMUNITY HOSPITAL,NE,publisher-date-review,unresolved,,Publisher inquiry on the recorded declared date; recheck after their update window,https://www.morrillcountyhospital.com/storage/app/media/cms-hpt.txt,206,2026-09-09T10:08:41.299Z,,https://secure.claraprice.net/price-transparency/JBRE-1747325086649/machine-readable/470547317_morrill-county-community-hospital_standardcharges.json,200,https://secure.claraprice.net/price-transparency/JBRE-1747325086649/machine-readable/470547317_morrill-county-community-hospital_standardcharges.json,mrf-header-has-no-license-state,,Morrill County Community Hospital,,,,,date-unverified,2026-09-09T10:09:33.491Z,f96a68843fce53a27eb45d7aab80218c83fd686468336507c7f626b1b2d1edfd,1d04fc5db924c88343cda8f23d7ccd25e9cc8040814d9c85b59b7931aaa08293,,
281320,MEMORIAL HOSPITAL,NE,identity-or-format-review,unresolved,file-belongs-to-other-facility,Adjudicate facility identity: locate this facility's own pointer/file; do not reuse the shared-provider finding,https://www.upmc.com/cms-hpt.txt,206,2026-09-09T10:08:40.635Z,,https://dam.upmc.com/-/media/upmc/locations/hospitals/documents/cdm-json-files/machine-readable-csv-not-json/820912090_upmc-memorial_standardcharges.csv?,206,https://dam.upmc.com/-/media/upmc/locations/hospitals/documents/cdm-json-files/machine-readable-csv-not-json/820912090_upmc-memorial_standardcharges.csv?,other-facility,,UPMC Memorial,UPMC Memorial,PA,2026-03-06,3.0.0,date-within-365-days-version-3,2026-09-09T10:08:40.788Z,1e0913bcf5b47584ee390a1c9e4238da6dff99e57596a2ac6773d17ecfbfb167,ef65b46a602646e5dd7faca78a6e085b89d48b4adeda1b32ae05d7a14dfdf36e,,
281325,BROWN COUNTY HOSPITAL,NE,publisher-date-review,unresolved,,Publisher inquiry on the recorded declared date; recheck after their update window,https://browncountyhospital.org/cms-hpt.txt,206,2026-09-09T10:08:40.897Z,,https://secure.claraprice.net/price-transparency/OPOL-1689186416631/machine-readable/470532256_brown-county-hospital_standardcharges.json,200,https://secure.claraprice.net/price-transparency/OPOL-1689186416631/machine-readable/470532256_brown-county-hospital_standardcharges.json,mrf-header-has-no-license-state,,Brown County Hospital,,,,,date-unverified,2026-09-09T10:09:34.030Z,2933d5026829aa50d6357d120d04291d078b7dd4228de27d684c488414c4a744,74e271368d7cacdead21013693c4ca90cd84f66f5601054e0e4e6bbbdd31f4a1,,
281326,ANTELOPE MEMORIAL HOSPITAL,NE,file-access-review,unresolved,,Browser download attempt on the recorded file URL; a failed automated request is not evidence the file is absent,https://amhne.org/cms-hpt.txt,"curl: (28) Connection timed out after 8014 milliseconds
",2026-09-09T10:38:05.084Z,,,,,,,,,,,,,,,,,
281327,COZAD COMMUNITY HOSPITAL,NE,identity-or-format-review,unresolved,,"Compare the parsed header against facility aliases, renames and campus entries; extend the capped read only if metadata may sit beyond it",https://cozadhealthcare.com/cms-hpt.txt,206,2026-09-09T10:08:41.174Z,,https://secure.claraprice.net/price-transparency/YWBX-1689949782535/machine-readable/476007486_cozad-community-hospital_standardcharges.json,200,https://secure.claraprice.net/price-transparency/YWBX-1689949782535/machine-readable/476007486_cozad-community-hospital_standardcharges.json,mrf-header-has-no-license-state,,Cozad Community Hospital,,,,,date-unverified,2026-09-09T10:09:46.516Z,a6d2b24c1727961ba403522c03f5334380b6e047459cf3e328b5fe8ba4b4888c,ed22b221d39765d88eb8066c4ea3b769952b2f2e8798beec28861304b74d3e13,,
281329,AVERA ST ANTHONY'S HOSPITAL,NE,pointer-or-domain-review,publisher-issue,template-version-unrecognized,Publisher inquiry: confirm which CMS data dictionary version the file implements; recheck on their reply,http://www.avera.org/cms-hpt.txt,403,2026-09-09T10:07:29.048Z,,https://www.avera.org/app/files/public/2ee985f1-c8f5-4aff-9e24-196f8b6c838b/470463911_avera-st-anthonys-hospital_standardcharges.csv,206,https://www.avera.org/app/files/public/2ee985f1-c8f5-4aff-9e24-196f8b6c838b/470463911_avera-st-anthonys-hospital_standardcharges.csv,corroborated,file-name-and-address,Avera St. Anthony's Hospital,Avera St. Anthony's,NE,2026-04-01,4.0.0,date-within-365-days-version-unverified,2026-09-09T13:11:15.250Z,,c40a0eed99c68f172e816b9ab8cdab2ad501470b2cb1b5c7fe40af1cf2c108a5,,Declared template version 4.0.0 is not a recognized CMS data dictionary version; facility identity and the 2026-04-01 update date are corroborated via browser retrieval.
281331,AVERA CREIGHTON HOSPITAL,NE,pointer-or-domain-review,unresolved,,Official-domain discovery: confirm the roster facility controls a domain exposing cms-hpt.txt before assigning it,http://www.avera.org/cms-hpt.txt,403,2026-09-09T10:07:29.048Z,,https://www.avera.org/app/files/public/94f0fb48-c0d0-4b65-b98b-5628b62587c7/460225483_avera-creighton-hospital_standardcharges.csv,206,https://www.avera.org/app/files/public/94f0fb48-c0d0-4b65-b98b-5628b62587c7/460225483_avera-creighton-hospital_standardcharges.csv,mrf-header-name-without-location,,Avera Creighton Hospital,Creighton,NE,2026-04-01,4.0.0,date-within-365-days-version-unverified,2026-09-09T13:11:15.256Z,,f5693baad57a813b83644ba7507cd5e73ee82ef7bc1dca5874fbca87cd15fd47,,
281332,BUTLER COUNTY HEALTH,NE,publisher-date-review,unresolved,,Publisher inquiry on the recorded declared date; recheck after their update window,https://www.bchccnet.org/cms-hpt.txt,206,2026-09-09T10:08:41.485Z,,https://secure.claraprice.net/price-transparency/XJEN-1744822433611/machine-readable/470551144_butler-county-health_standardcharges.json,200,https://secure.claraprice.net/price-transparency/XJEN-1744822433611/machine-readable/470551144_butler-county-health_standardcharges.json,mrf-header-has-no-license-state,,Butler County Health,,,,,date-unverified,2026-09-09T10:09:59.005Z,3f53dbf4b6b932a9d6f576f445ba3eabbea35d6782c621f668dad33adf8b7a93,60a90eb1dbe420dd98cfb0febb47ba98e1e15f8bad252682d2cf382f02e0d5ab,,
281334,BOONE COUNTY HEALTH CENTER,NE,identity-or-format-review,unresolved,,"Compare the parsed header against facility aliases, renames and campus entries; extend the capped read only if metadata may sit beyond it",https://boonecohealth.org/cms-hpt.txt,206,2026-09-09T10:08:41.311Z,,https://secure.claraprice.net/price-transparency/AWJB-1737999041661/machine-readable/476000611_boone-county-health-center_standardcharges.json,200,https://secure.claraprice.net/price-transparency/AWJB-1737999041661/machine-readable/476000611_boone-county-health-center_standardcharges.json,mrf-header-has-no-license-state,,Boone County Health Center,,,,,date-unverified,2026-09-09T10:09:59.827Z,6ded27a49ab2007860e07fa46220f61e8bf6161a14fdd0a231d872b90f3826e9,2efbe65814fb9e5480ca29fb5507b134f30ee879ce7961987f6f9d54cd0fb3de,,
281335,CALLAWAY DISTRICT HOSPITAL,NE,identity-or-format-review,unresolved,,"Compare the parsed header against facility aliases, renames and campus entries; extend the capped read only if metadata may sit beyond it",https://www.callawayhospital.org/cms-hpt.txt,200,2026-09-09T10:08:41.654Z,,https://secure.claraprice.net/price-transparency/IHDY-1698614401401/machine-readable/470533576_callaway-district-hospital_standardcharges.json,200,https://secure.claraprice.net/price-transparency/IHDY-1698614401401/machine-readable/470533576_callaway-district-hospital_standardcharges.json,mrf-header-has-no-license-state,,Callaway District Hospital,,,,,date-unverified,2026-09-09T10:10:12.896Z,1e55065d0e53f72980af92e891dc51fa42566608c424a7f7803b038735cedb49,76d25c964b351a8e3848209d16ddb91fc3943f5b4f02377043cdd2bca93e5ac6,,
281338,HOWARD COUNTY MEDICAL CENTER,NE,pointer-or-domain-review,unresolved,,Official-domain discovery: confirm the roster facility controls a domain exposing cms-hpt.txt before assigning it,https://search.hospitalpriceindex.com/cms-hpt.txt,206,2026-09-09T11:37:55.687Z,,,,,,,,,,,,,,,,,
281340,DUNDY COUNTY HOSPITAL,NE,identity-or-format-review,unresolved,,"Compare the parsed header against facility aliases, renames and campus entries; extend the capped read only if metadata may sit beyond it",https://www.dchbenkelman.com/cms-hpt.txt,200,2026-09-09T10:08:41.480Z,,https://secure.claraprice.net/price-transparency/GGVV-1725057844241/machine-readable/47-0487831_dundy-county-hospital_standardcharges.json,200,https://secure.claraprice.net/price-transparency/GGVV-1725057844241/machine-readable/47-0487831_dundy-county-hospital_standardcharges.json,mrf-header-has-no-license-state,,Dundy County Hospital,,,,,date-unverified,2026-09-09T10:10:14.655Z,a8105a193386b17039115fcb0ff4f8fa539b1abd7d09c1fee78356daaca3eea7,23507489a6cbda883852b1de4e3cc652e6de931469712b7ece22413fe3b42510,,
281349,PENDER COMMUNITY HOSPITAL,NE,publisher-date-review,unresolved,,Publisher inquiry on the recorded declared date; recheck after their update window,https://www.pchne.org/cms-hpt.txt,206,2026-09-09T10:08:41.509Z,,https://secure.claraprice.net/price-transparency/TJON-1688566031190/machine-readable/470711662_pender-community-hospital_standardcharges.json,200,https://secure.claraprice.net/price-transparency/TJON-1688566031190/machine-readable/470711662_pender-community-hospital_standardcharges.json,mrf-header-has-no-license-state,,Pender Community Hospital,,,,,date-unverified,2026-09-09T10:10:15.481Z,9cffb7aedd12139667ceae3f336dbf0784a1c67cd5caa713a18115a1587e0546,179269c2f1eaef7244fcc93dd13112be4992cdf9c1c6a757f71b3cf9b7cd8c07,,
281350,JOHNSON COUNTY HOSPITAL,NE,publisher-date-review,unresolved,,Publisher inquiry on the recorded declared date; recheck after their update window,https://jchosp.com/cms-hpt.txt,401,2026-09-09T10:08:41.607Z,,https://secure.claraprice.net/price-transparency/OPIU-1673956354318/machine-readable/476000874_johnson-county-hospital_standardcharges.json,200,https://secure.claraprice.net/price-transparency/OPIU-1673956354318/machine-readable/476000874_johnson-county-hospital_standardcharges.json,mrf-header-has-no-license-state,,Johnson County Hospital,,,,,date-unverified,2026-09-09T10:10:16.381Z,,f3eaac6005b41453425b8775b22a9341f6797f7dfcdaa9e124dc3bc59de315c3,,
281352,"COMMUNITY MEDICAL CENTER, INC",NE,pointer-or-domain-review,unresolved,,Official-domain discovery: confirm the roster facility controls a domain exposing cms-hpt.txt before assigning it,https://www.cmcfc.org/cms-hpt.txt,200,2026-09-09T12:38:47.815Z,,https://secure.claraprice.net/price-transparency/NTWZ-1713817372531/machine-readable/470421272_community-medical-center_standardcharges.json,200,https://secure.claraprice.net/price-transparency/NTWZ-1713817372531/machine-readable/470421272_community-medical-center_standardcharges.json,mrf-header-has-no-license-state,,Community Medical Center,,,,,date-unverified,2026-09-09T12:40:13.194Z,baf61f1aa073ad55aec532b261b1b10d74e87384c61b951999d2b8c3f082bda2,7c9345943ba72c70ac4e38729c444d6f1ffce3da783ace5e7eac6f7a58447a98,,
281353,VALLEY COUNTY HEALTH SYSTEM,NE,pointer-or-domain-review,unresolved,,Official-domain discovery: confirm the roster facility controls a domain exposing cms-hpt.txt before assigning it,https://shop.valleycountyhealthsystem.org/cms-hpt.txt,"curl: (28) Resolving timed out after 8004 milliseconds
",2026-09-09T11:38:06.966Z,,,,,,,,,,,,,,,,,
281357,SIDNEY REGIONAL MEDICAL CENTER,NE,file-access-review,publisher-issue,pointer-declared-file-404,Publisher inquiry to restore or replace the declared file; recheck after their update window,http://www.sidneyrmc.com/cms-hpt.txt,200,2026-09-09T10:08:41.854Z,,https://sthpiprd.blob.core.windows.net/machine-readable-files/8186/470408242_sidney-regional-medical-center_standardcharges.csv,404,,,,,,,,,,2026-09-09T10:08:41.692Z,3e250deb3fad2ada16765197b6984ed5079ba8bee920c852ad2ccaa005e55de8,,,The official pointer declares this file URL and it returns 404 on repeated checks; reproducible broken link.
281364,"BEATRICE COMMUNITY HOSPITAL & HEALTH CENTER, INC",NE,identity-or-format-review,unresolved,,"Compare the parsed header against facility aliases, renames and campus entries; extend the capped read only if metadata may sit beyond it",https://beatricecommunityhospital.com/cms-hpt.txt,206,2026-09-09T10:08:42.883Z,,https://secure.claraprice.net/price-transparency/RNAV-1731102747513/machine-readable/470379834_beatrice-community-hospital_standardcharges.json,200,https://secure.claraprice.net/price-transparency/RNAV-1731102747513/machine-readable/470379834_beatrice-community-hospital_standardcharges.json,mrf-header-has-no-license-state,,Beatrice Community Hospital,,,,,date-unverified,2026-09-09T10:10:17.092Z,1743a8315567862647512939b899bd8b9e674d253562eb1bfc4abb2327f3e1d7,2b9c30d3619171ca78fe3d4e228e3027e79da82c4701f14d92db494c2019d887,,
284009,DOUGLAS COUNTY COMMUNITY MENTAL HEALTH CENTER,NE,pointer-or-domain-review,unresolved,,Browser download attempt on the recorded file URL; a failed automated request is not evidence the file is absent,https://cmhc.douglascounty-ne.gov/cms-hpt.txt,403,2026-09-09T10:08:41.758Z,,,,,,,,,,,,,,,,,
290001,RENOWN REGIONAL MEDICAL CENTER,NV,pointer-or-domain-review,unresolved,,Official-domain discovery: confirm the roster facility controls a domain exposing cms-hpt.txt before assigning it,https://renown.org/cms-hpt.txt,"curl: (28) Resolving timed out after 8011 milliseconds
",2026-09-09T11:38:09.124Z,,,,,,,,,,,,,,,,,
290003,SUNRISE HOSPITAL AND MEDICAL CENTER,NV,publisher-date-review,publisher-issue,declared-update-date-over-365-days,"Publisher inquiry with the recorded file URL, declared date and response hash; recheck after their update window",https://sunrisehospital.com/cms-hpt.txt,200,2026-09-09T10:08:42.042Z,,https://core.secure.ehc.com/src/util/json-detail-price-list/62-1762537_sunrise-hospital-and-medical-center_standardcharges.json,206,https://core.secure.ehc.com/src/util/json-detail-price-list/62-1762537_sunrise-hospital-and-medical-center_standardcharges.json,corroborated,file-name-and-address,SUNRISE HOSPITAL AND MEDICAL CENTER,SUNRISE HOSPITAL AND MEDICAL CENTER|SLS - SUNRISE HOSPITAL AND MC|SLS - MOUNTAINVIEW HOSPITAL|SLS - SOUTHERN HILLS AND MC LV|SUNRISE BURN|SOUTHERN HILLS CRITICAL CARE ASSOCIATES|MOUNTAINVIEW CRITICAL CARE ASSOCIATES|NEVADA CARDIOVASCULAR AND THORACIC INST|MOUNTAINVIEW PMANDR|LAS VEGAS HEART ASSOCIATES|SARAH CANNON BMT CLINIC AT MVH|COLON AND RECTAL SURGERY OF LAS VEGAS|NEVADA NEUROSCIENCES INSTITUTE|NEUROSCIENCES INPATIENT SERVICES|MOUNTAINVIEW MEDICAL ASSOCIATES|MOUNTAINVIEW CARDIOVASCULAR ANDTHORACIC,NV,2024-10-01,2.2.0,date-over-365-days,2026-09-09T10:08:42.673Z,e36d35851e6ad151a0bde6701866a577b25032ae9363ddca36fdcc02860f4aa3,1e6de8b7166d47c4c5cb4e8c102d7da9532a1c75df149162f68168aa0ff14781,,Same declared date 2024-10-01 observed again after the earlier check (2026-09-09T01:49:49.993Z).
290039,MOUNTAINVIEW HOSPITAL,NV,publisher-date-review,publisher-issue,declared-update-date-over-365-days,"Publisher inquiry with the recorded file URL, declared date and response hash; recheck after their update window",https://mountainview-hospital.com/cms-hpt.txt,200,2026-09-09T10:08:42.146Z,,https://core.secure.ehc.com/src/util/json-detail-price-list/62-1600397_mountainview-hospital-and-medical-center_standardcharges.json,206,https://core.secure.ehc.com/src/util/json-detail-price-list/62-1600397_mountainview-hospital-and-medical-center_standardcharges.json,corroborated,exact-pointer-name-and-file-address,MOUNTAINVIEW HOSPITAL AND MEDICAL CENTER,MOUNTAINVIEW HOSPITAL AND MEDICAL CENTER|ER AT ALIANTE|ER AT BOULDER'S EDGE|ER AT SKYE CANYON,NV,2024-10-01,2.2.0,date-over-365-days,2026-09-09T10:08:43.305Z,2f5da0507b9fd075f65debdd7ac437fd6494440612bbe2cfde122b3d194be018,46b8f2e5e5232163834f1ced772c135f3d9ff37228ad3e8c83e25b1986ef9290,,Same declared date 2024-10-01 observed again after the earlier check (2026-09-09T02:29:09.813Z).
290046,SPRING VALLEY HOSPITAL MEDICAL CENTER,NV,pointer-or-domain-review,unresolved,,Official-domain discovery: confirm the roster facility controls a domain exposing cms-hpt.txt before assigning it,https://www.springvalleyhospital.com/cms-hpt.txt,403,2026-09-09T11:38:19.576Z,,,,,,,,,,,,,,,,,
290049,RENOWN SOUTH MEADOWS MEDICAL CENTER,NV,pointer-or-domain-review,unresolved,,Official-domain discovery: confirm the roster facility controls a domain exposing cms-hpt.txt before assigning it,https://renown.org/cms-hpt.txt,"curl: (28) Resolving timed out after 8011 milliseconds
",2026-09-09T11:38:09.124Z,,,,,,,,,,,,,,,,,
291300,MOUNT GRANT GENERAL HOSPITAL,NV,pointer-or-domain-review,unresolved,,Official-domain discovery: confirm the roster facility controls a domain exposing cms-hpt.txt before assigning it,https://mgghnv.org/cms-hpt.txt,"curl: (28) Connection timed out after 8015 milliseconds
",2026-09-09T10:38:12.337Z,,,,,,,,,,,,,,,,,
291303,BATTLE MOUNTAIN GENERAL HOSPITAL,NV,publisher-template-review,publisher-issue,template-version-older-than-3,Publisher inquiry about the declared template version; recheck after their update window,https://bmgh.org/cms-hpt.txt,206,2026-09-09T10:08:42.196Z,,https://bmgh.org/resources/public-pricing/880186024_BattleMountainGeneralHospital_standardcharges-2026.csv,206,https://bmgh.org/resources/public-pricing/880186024_BattleMountainGeneralHospital_standardcharges-2026.csv,corroborated,file-name-and-address,Battle Mountain General Hospital,Battle Mountain General Hospital,NV,2026-01-05,2.0.0,date-within-365-days-older-version,2026-09-09T10:08:43.046Z,163068a61dfbd0414c3c9187948f8f60cf80ff1621afa14fc6dee5febb969401,ba2ae2fe4d119f184363944ceec698e305b249db4c463102a28ace48559e644a,,Declared version 2.0.0 with a current date; publisher has not adopted the current CMS dictionary.
291304,PERSHING GENERAL HOSPITAL,NV,identity-or-format-review,unresolved,,"Compare the parsed header against facility aliases, renames and campus entries; extend the capped read only if metadata may sit beyond it",https://ad3230b5-b9c7-4f2c-a14b-3d713fd2a267.usrfiles.com/ugd/ad3230_89792fb0bf314ed0a68f669819044727.txt,206,2026-09-09T10:08:42.321Z,,https://www.pershinghospital.org/_files/ugd/b92894_afcb05069cf44bbe9414cb42fedd43cc.csv?dn=880201578_PERSHING-GENERAL-HOSPITAL_standardcharges.csv,206,https://21acdfe9-ca50-4a57-8773-62b25d957771.filesusr.com/ugd/b92894_afcb05069cf44bbe9414cb42fedd43cc.csv?dn=880201578_PERSHING-GENERAL-HOSPITAL_standardcharges.csv,mrf-header-name-without-location,,Pershing General Hospital,Pershing General Hospital,NV,2024-10-15,2.0.0,date-over-365-days,2026-09-09T10:08:43.027Z,15462327aee97a29fcec605cc15fbfb272f15fe6338bea5c34c78b41fe57e532,e07d006618f1c40dccb1bdef1bfc1673c3ab29330ad60501a1120635553c991c,,
291309,BOULDER CITY HOSPITAL,NV,publisher-template-review,publisher-issue,template-version-older-than-3,Publisher inquiry about the declared template version; recheck after their update window,https://bchcares.org/cms-hpt.txt,200,2026-09-09T10:08:42.584Z,,https://bchcares.org/880065829_boulder-city-hospital_standard-charges.csv,206,https://bchcares.org/880065829_boulder-city-hospital_standard-charges.csv,corroborated,file-name-and-address,Boulder City  Hospital,Boulder City Hospital,NV,2025-09-30,2.0.0,date-within-365-days-older-version,2026-09-09T10:08:43.161Z,1b9d3fdaa8d7ff11bfd0f7bc8933ce9905db13138c501f5d86d6d1d92347bc3f,aedb08b8c71a1f785917f248040f4600b83561174480239a72176454f89a7af5,,Declared version 2.0.0 with a current date; publisher has not adopted the current CMS dictionary.
291314,SOUTH LYON MEDICAL CENTER,NV,identity-or-format-review,unresolved,,"Compare the parsed header against facility aliases, renames and campus entries; extend the capped read only if metadata may sit beyond it",https://slmcnv.org/cms-hpt.txt,200,2026-09-09T10:08:43.129Z,,https://slmcnv.org/wp-content/uploads/2023/11/880256932_south-lyon-medical-center_standardcharges.csv,200,https://slmcnv.org/wp-content/uploads/2023/11/880256932_south-lyon-medical-center_standardcharges.csv,mrf-header-has-no-license-state,,,,,,,date-unverified,2026-09-09T10:08:43.373Z,8037a812e07c9a3a76e288963521ce312b3920776418c0f3d7ceda7eb1982a26,b685982f206655f7de6b164d4cc891a3c29ff36950a20880d186fc1d1a3450b4,,
294015,"RENO BEHAVIORAL HEALTHCARE HOSPITAL, LLC",NV,identity-or-format-review,unresolved,,Browser download attempt on the recorded file URL; a failed automated request is not evidence the file is absent,https://renobehavioral.com/cms-hpt.txt,403,2026-09-09T10:08:43.176Z,,,,,,,,,,,,,,,,,
300003,MARY HITCHCOCK MEMORIAL HOSPITAL,NH,pointer-or-domain-review,unresolved,,Official-domain discovery: confirm the roster facility controls a domain exposing cms-hpt.txt before assigning it,https://dartmouth-hitchcock.org/cms-hpt.txt,"curl: (28) Resolving timed out after 8000 milliseconds
",2026-09-09T11:38:25.996Z,,,,,,,,,,,,,,,,,
300019,CHESHIRE MEDICAL CENTER,NH,pointer-or-domain-review,unresolved,,Official-domain discovery: confirm the roster facility controls a domain exposing cms-hpt.txt before assigning it,https://cheshiremed.org/cms-hpt.txt,"curl: (28) Resolving timed out after 8006 milliseconds
",2026-09-09T11:38:26.675Z,,,,,,,,,,,,,,,,,
300023,EXETER HOSPITAL INC,NH,pointer-or-domain-review,unresolved,,Official-domain discovery: confirm the roster facility controls a domain exposing cms-hpt.txt before assigning it,https://exeterhospital.com/cms-hpt.txt,"curl: (28) Connection timed out after 8014 milliseconds
",2026-09-09T11:38:26.987Z,,,,,,,,,,,,,,,,,
301301,COTTAGE HOSPITAL,NH,pointer-or-domain-review,unresolved,,Official-domain discovery: confirm the roster facility controls a domain exposing cms-hpt.txt before assigning it,https://cottagehospital.org/cms-hpt.txt,403,2026-09-09T11:38:19.337Z,,,,,,,,,,,,,,,,,
301305,ALICE PECK DAY MEMORIAL HOSPITAL,NH,pointer-or-domain-review,unresolved,,Official-domain discovery: confirm the roster facility controls a domain exposing cms-hpt.txt before assigning it,https://alicepeckday.org/cms-hpt.txt,"curl: (28) Resolving timed out after 8006 milliseconds
",2026-09-09T11:38:27.061Z,,,,,,,,,,,,,,,,,
301308,VALLEY REGIONAL HOSPITAL,NH,pointer-or-domain-review,unresolved,,Official-domain discovery: confirm the roster facility controls a domain exposing cms-hpt.txt before assigning it,https://vrh.org/cms-hpt.txt,"curl: (28) Resolving timed out after 8002 milliseconds
",2026-09-09T11:38:27.484Z,,,,,,,,,,,,,,,,,
310008,HOLY NAME MEDICAL CENTER,NJ,identity-or-format-review,publisher-issue,file-published-no-machine-pointer,Publisher inquiry: ask the facility to publish a machine-readable pointer (cms-hpt.txt) alongside the file; the file itself is already verified,https://holyname.org/cms-hpt.txt,206,2026-09-09T10:08:43.437Z,,https://holyname.org/HospitalCharges/resources/221487322_holy-name_standardcharges.csv,206,https://holyname.org/HospitalCharges/resources/221487322_holy-name_standardcharges.csv,corroborated,file-name-and-address,Holy Name,Holy Name Medical Center,NJ,2025-11-10,3.0.0,date-within-365-days-version-3,2026-09-09T16:09:00.068Z,1c73636f463ece978eff44b849cbf64cbda3b42ca60c85e753b9ddd6ad41fd51,c9faef6f4faa45b72f8e837be8ad7f66357d6aee6e8ba762be4032e69c94f0ac,,"File served on the facility's own site is current (2025-11-10, version 3.0.0) and its header matches the roster facility, but no machine-readable pointer declares it."
310011,CAPE REGIONAL MEDICAL CENTER INC,NJ,pointer-or-domain-review,unresolved,,Official-domain discovery: confirm the roster facility controls a domain exposing cms-hpt.txt before assigning it,https://www.caperegional.com/cms-hpt.txt,"curl: (6) Could not resolve host: www.caperegional.com
",2026-09-09T11:38:20.641Z,,,,,,,,,,,,,,,,,
310016,HEIGHTS UNIVERSITY HOSPITAL,NJ,pointer-or-domain-review,unresolved,,"Compare the parsed header against facility aliases, renames and campus entries; extend the capped read only if metadata may sit beyond it",https://carepointhealth.org/cms-hpt.txt,206,2026-09-09T10:08:43.552Z,,https://images.pricetransparency.healthcare/hudson_regional_health_bayonne/261442063_bayonne-university-hospital_standardcharges.csv,206,https://images.pricetransparency.healthcare/hudson_regional_health_bayonne/261442063_bayonne-university-hospital_standardcharges.csv,mrf-header-does-not-match-unresolved-roster,,Bayonne University Hospital,Bayonne University Hospital,NJ,2026-08-17,3.0.0,date-within-365-days-version-3,2026-09-09T10:37:59.130Z,3b4e3e2a8edfa3b13b56b8f56fc09b620154f31af78e7ce92ace4d82e0d84900,9d1e64cea9fe10917616c2929775f18469e7dada8a7cb7b3f84ad8f185321df1,,
310022,WEST JERSEY HOSPITAL,NJ,pointer-or-domain-review,unresolved,,"Compare the parsed header against facility aliases, renames and campus entries; extend the capped read only if metadata may sit beyond it",https://www.virtua.org/cms-hpt.txt,206,2026-09-09T10:09:05.776Z,,https://www.virtua.org/-/media/Project/Virtua-Tenant/Virtua/PDFs/Hospital-Charges-June-2026/210634532_Virtua-West-Jersey-Health-System-Inc_standardcharges.csv,206,https://www.virtua.org/-/media/Project/Virtua-Tenant/Virtua/PDFs/Hospital-Charges-June-2026/210634532_Virtua-West-Jersey-Health-System-Inc_standardcharges.csv,corroborated-adjudicated,renamed-facility-pointer-label-and-roster-address,Virtua_West_Jersey_Health_System_Inc, Virtua Voorhees Hospital,NJ,2026-06-01,3.0.0,date-within-365-days-version-3,2026-09-09T10:08:54.974Z,997086296f5f9a09fa5ab7c80bb08abd654798a52e2346d877f9575239e035a1,d044c3517e4413b7bac509ad6e21226253ef659d0482ce6e623de945d7b9ed53,renamed-facility-pointer-label-and-roster-address,
310025,CAREPOINT HEALTH - BAYONNE MEDICAL CENTER,NJ,pointer-or-domain-review,unresolved,,"Compare the parsed header against facility aliases, renames and campus entries; extend the capped read only if metadata may sit beyond it",https://carepointhealth.org/cms-hpt.txt,206,2026-09-09T10:08:43.552Z,,https://images.pricetransparency.healthcare/hudson_regional_health_bayonne/261442063_bayonne-university-hospital_standardcharges.csv,206,https://images.pricetransparency.healthcare/hudson_regional_health_bayonne/261442063_bayonne-university-hospital_standardcharges.csv,mrf-header-does-not-match-unresolved-roster,,Bayonne University Hospital,Bayonne University Hospital,NJ,2026-08-17,3.0.0,date-within-365-days-version-3,2026-09-09T10:37:59.130Z,3b4e3e2a8edfa3b13b56b8f56fc09b620154f31af78e7ce92ace4d82e0d84900,9d1e64cea9fe10917616c2929775f18469e7dada8a7cb7b3f84ad8f185321df1,,
310045,ENGLEWOOD HOSPITAL AND MEDICAL CENTER,NJ,identity-or-format-review,correction-verified,,Applied to the local reviewed ledger,https://www.englewoodhealth.org/cms-hpt.txt,206,2026-09-09T10:37:57.633Z,https://englewood.pt.panaceainc.com/MRFDownload/englewood/englewood,https://englewood.pt.panaceainc.com/MRFDownload/englewood/englewood,200,https://mrf.panaceainc.com/Download.aspx?org=englewood&loc=englewood&ref=,corroborated-adjudicated,renamed-facility-pointer-label-and-roster-address,Englewood Health,Englewood Hospital,NJ,2026-02-02,3.0.0,date-within-365-days-version-3,2026-09-09T10:08:58.773Z,3eb4e720482102e33e9099a0ea212a5f583e1aeca65ec6aa4287b66055d50e70,2ff26ce3368b2a8fba247d2b6212cb628403637c9b8878315d11ab8be1952ef0,renamed-facility-pointer-label-and-roster-address,Correction verified and already recorded in the reviewed ledger.
310064,ATLANTICARE REGIONAL MEDICAL CENTER - CITY CAMPUS,NJ,pointer-or-domain-review,unresolved,,"Compare the parsed header against facility aliases, renames and campus entries; extend the capped read only if metadata may sit beyond it",https://www.atlanticare.org/sites/default/files/cms-hpt.txt,200,2026-09-09T10:09:06.122Z,,https://atlanticare.pt.panaceainc.com/MRFDownload/atlanticare/atlanticare,200,https://mrf.panaceainc.com/Download.aspx?org=atlanticare&loc=atlanticare&ref=,mrf-header-does-not-match-unresolved-roster,,AtlantiCare Health System,ACRMC Mainland,NJ,2026-03-18,3.0.0,date-within-365-days-version-3,2026-09-09T10:09:07.071Z,7ee15dcb12f4de1c8bd658c506dd3d95dd966d60b50418e954b6d9ba8f5784c9,51bd0ce410d07131660b017c5b73716c6a466640615faa7636ff6511cd8ebb36,,
310070,SAINT PETER'S UNIVERSITY HOSPITAL,NJ,publisher-template-review,publisher-issue,template-version-older-than-3,Publisher inquiry about the declared template version; recheck after their update window,https://www.saintpetershcs.com/cms-hpt.txt,200,2026-09-09T10:09:06.088Z,,https://www.saintpetershcs.com/getmedia/0238f139-9e06-434b-a0ed-5d387f0e892e/221487330_Saint-Peters-University-Hospital_standard-charges_1.csv,206,https://www.saintpetershcs.com/getmedia/0238f139-9e06-434b-a0ed-5d387f0e892e/221487330_Saint-Peters-University-Hospital_standard-charges_1.csv,corroborated,file-name-and-address,Saint Peters University Hospital,Saint Peters University Hospital,NJ,2025-11-19,2.0.0,date-within-365-days-older-version,2026-09-09T10:09:07.483Z,c26888e9f3be0bbdba3f1cdcfe0ac3f3e1c666a7bc95cb9cee662d2e7ae21b38,bd1f71b424540ac8b8a7b851e9910e953350a757e867f27dd54cd30fbb211dcd,,Declared version 2.0.0 with a current date; publisher has not adopted the current CMS dictionary.
310083,CAREWELL HEALTH MEDICAL CENTER,NJ,pointer-or-domain-review,unresolved,lead-domain-names-facility-no-pointer,Browser pricing-page walk on the named domain to locate the pointer or its replacement,https://carewellhealth.org/cms-hpt.txt,404,2026-09-09T11:38:22.218Z,,,,,,,,,,,,,,,,,Lead domain https://carewellhealth.org/ names the facility on its homepage but serves no readable cms-hpt.txt at the standard location; homepage evidence retained.
310115,AHS HOSPITAL CORP,NJ,pointer-or-domain-review,unresolved,,"Compare the parsed header against facility aliases, renames and campus entries; extend the capped read only if metadata may sit beyond it",https://www.atlantichealth.org/cms-hpt.txt,206,2026-09-09T10:09:06.228Z,,https://www.atlantichealth.org/content/dam/ahs/insurance/price-transparency/52-1958352_hackettstown-medical-center_standardcharges.csv,206,https://www.atlantichealth.org/content/dam/ahs/insurance/price-transparency/52-1958352_hackettstown-medical-center_standardcharges.csv,corroborated-adjudicated,renamed-facility-pointer-label-and-roster-address,Hackettstown Medical Center,Hackettstown Medical Center,NJ,2026-04-01,3.0.0,date-within-365-days-version-3,2026-09-09T10:47:19.878Z,d1bef3a1cef1808a112e48d23b2fb8c8bc7d6677c64b06352b52390cd298b22f,dfa09815dd584ebe7653fd77b13093f2c9dd9f58183f18420ab4eacb77a14db8,renamed-facility-pointer-label-and-roster-address,
310118,HUDSON REGIONAL HOSPITAL,NJ,pointer-or-domain-review,unresolved,,"Compare the parsed header against facility aliases, renames and campus entries; extend the capped read only if metadata may sit beyond it",https://hudsonregionalhospital.com/cms-hpt.txt,206,2026-09-09T10:09:06.222Z,,https://apps.para-hcfs.com/PTT/FinalLinks/Reports.aspx?dbName=dbLHCSECAUCUSNJ&type=CDMWithoutLabel&fileType=CSV,200,https://apps.para-hcfs.com/PTT/FinalLinks/Reports.aspx?dbName=dbLHCSECAUCUSNJ&type=CDMWithoutLabel&fileType=CSV,mrf-header-does-not-match-unresolved-roster,,NJMHMC LLC,NJMHMC LLC,NJ,2026-01-19,3.0.0,date-within-365-days-version-3,2026-09-09T10:08:43.981Z,3b4e3e2a8edfa3b13b56b8f56fc09b620154f31af78e7ce92ace4d82e0d84900,b090869b0d4dd6d4b7fd0bf6abebd98561514b2f5992d4ff567697eb446f400c,,
313302,WEISMAN CHILDRENS REHABILITATION HOSPITAL,NJ,pointer-or-domain-review,unresolved,,Official-domain discovery: confirm the roster facility controls a domain exposing cms-hpt.txt before assigning it,https://weismanchildrens.com/cms-hpt.txt,403,2026-09-09T11:38:30.953Z,,,,,,,,,,,,,,,,,
320001,UNM HOSPITAL,NM,pointer-or-domain-review,unresolved,,"Compare the parsed header against facility aliases, renames and campus entries; extend the capped read only if metadata may sit beyond it",https://unmhealth.org/cms-hpt.txt,206,2026-09-09T10:09:06.653Z,,https://unmhealth.org/patients-visitors/_files/856003005_university-of-new-mexico-hospital_standardcharges.csv,206,https://unmhealth.org/patients-visitors/_files/856003005_university-of-new-mexico-hospital_standardcharges.csv,corroborated-adjudicated,renamed-facility-pointer-label-and-roster-address,University of New Mexico Hospital | UNM Sandoval Regional Medical Center - A Campus of UNM Hospital,University of New Mexico Hospital |University of New Mexico Hospital | UNM Sandoval Regional Medical Center - A Campus of UNM Hospital,NM,2026-03-25,3.0.0,date-within-365-days-version-3,2026-09-09T10:09:07.590Z,452f9f3a3af42db6ec2fc7c8df1199deadfac2a422b6549383a99cdc7a768c1a,397299d0e3c6fd269f170b1ae6c69f1c0393aaa5c3d31bf104976c98e62695b0,renamed-facility-pointer-label-and-roster-address,
330006,ST JOSEPH'S MEDICAL CENTER,NY,file-access-review,publisher-issue,pointer-declared-file-404,Publisher inquiry to restore or replace the declared file; recheck after their update window,https://search.hospitalpriceindex.com/100287/cms-hpt.txt,206,2026-09-09T10:09:06.843Z,,"https://sthpiprd.blob.core.windows.net/machine-readable-files/100287/131740127_st-joseph's-hospital,-yonkers_standardcharges.csv",404,,,,,,,,,,2026-09-09T10:09:06.646Z,6929ff241b93076c656fc0d2532b20e7a3948c4284fbe65cf2c53ca99d1de364,,,The official pointer declares this file URL and it returns 404 on repeated checks; reproducible broken link.
330009,BRONXCARE HOSPITAL CENTER,NY,identity-or-format-review,unresolved,,"Compare the parsed header against facility aliases, renames and campus entries; extend the capped read only if metadata may sit beyond it",https://www.bronxcare.org/cms-hpt.txt,206,2026-09-09T10:09:07.022Z,,https://www.bronxcare.org/about-us/paying-for-care/charges/131974191_bronxcare-health-system-bronxcare-hospital-center-concourse_standardcharges.csv,206,https://www.bronxcare.org/about-us/paying-for-care/charges/131974191_bronxcare-health-system-bronxcare-hospital-center-concourse_standardcharges.csv,mrf-header-does-not-match-unresolved-roster,,BRONXCARE HEALTH SYSTEM,BronxCare Health System - BronxCare Hospital Center Concourse,NY,2026-04-17,3.0.0,date-within-365-days-version-3,2026-09-09T10:09:07.394Z,bd79ed414abb6a03102f7406b4f84ea0f22b349218ccb0a32283ac7433fe5f57,6b6f2efbbcd32c742dc5ca037ec745c72164d6e319d53d39a34d960e7b50a488,,
330011,"OUR LADY OF LOURDES MEMORIAL HOSPITAL, INC",NY,identity-or-format-review,unresolved,file-belongs-to-other-facility,Adjudicate facility identity: locate this facility's own pointer/file; do not reuse the shared-provider finding,https://healthcare.ascension.org/-/media/Healthcare/cms-hpt.txt,206,2026-09-09T10:37:29.467Z,,https://healthcare.ascension.org/-/media/project/ascension/healthcare/price-transparency-files/ks-csv/721526400_wamego-hospital-association_standardcharges.csv,200,https://healthcare.ascension.org/-/media/project/ascension/healthcare/price-transparency-files/ks-csv/721526400_wamego-hospital-association_standardcharges.csv,other-facility,,"Wamego Hospital Association, Inc.",Wamego Health Center,KS,2026-01-01,3.0.0,date-within-365-days-version-3,2026-09-09T10:09:07.671Z,f703607d7a9bf1315f42aa6a9ac7fc3ef4cb3e220f2c694a293d2ec6eed37b93,09eaf2503936d4a7bb84f9c21175f5f8dc59c6e64f5f1f371233f59543342cf1,,
330013,ALBANY MEDICAL CENTER HOSPITAL,NY,file-access-review,unresolved,,"Compare the parsed header against facility aliases, renames and campus entries; extend the capped read only if metadata may sit beyond it",https://www.amc.edu/cms-hpt.txt,200,2026-09-09T10:09:07.635Z,,https://albany.pt.panaceainc.com/MRFDownload/albany/albanyamc,200,https://mrf.panaceainc.com/Download.aspx?org=albany&loc=albanyamc&ref=,mrf-header-name-without-location,,ALBANY MEDICAL CENTER HOSPITAL,Albany Medical Center,NY,2025-12-31,3.0.0,date-within-365-days-version-3,2026-09-09T10:09:08.115Z,4760ba16a945f9059390c0b36b737ff31457bfc3c67845772f6a8298979affd5,296306fac9bbbdb6c40277157a2b94bc3cdec24a8b20c211f7ef0711a572c9f8,,
330027,NASSAU UNIVERSITY MEDICAL CENTER,NY,publisher-template-review,publisher-issue,template-version-older-than-3,Publisher inquiry about the declared template version; recheck after their update window,https://numc.edu/cms-hpt.txt,403,2026-09-09T10:09:07.502Z,,https://sthpiprd.blob.core.windows.net/machine-readable-files/13384/113465690-1801857172_nassau-health-care-corporation_standardcharges.csv,206,https://sthpiprd.blob.core.windows.net/machine-readable-files/13384/113465690-1801857172_nassau-health-care-corporation_standardcharges.csv,corroborated,file-name-and-address, Nassau Health Care Corporation,Nassau University Medical Center,NY,2025-10-28,2.0.0,date-within-365-days-older-version,2026-09-09T10:09:07.918Z,,1f98fe5a8d96a637bd3177ca1a44faa1cf6b8aa2b47f57e276be1081683a18b7,,Declared version 2.0.0 with a current date; publisher has not adopted the current CMS dictionary.
330043,NS/LIJ HS SOUTHSIDE HOSPITAL,NY,identity-or-format-review,unresolved,file-belongs-to-other-facility,Adjudicate facility identity: locate this facility's own pointer/file; do not reuse the shared-provider finding,https://www.northwell.edu/cms-hpt.txt,206,2026-09-09T10:09:07.519Z,,https://www.northwell.edu/sites/northwell.edu/files/machine-readable-files/060646597_danbury-hospital_standardcharges.zip,206,https://www.northwell.edu/sites/northwell.edu/files/machine-readable-files/060646597_danbury-hospital_standardcharges.zip,other-facility,,Danbury Hospital,Danbury Hospital|New Milford Hospital,CT,2026-04-01,3.0.0,date-within-365-days-version-3,2026-09-09T10:09:08.100Z,7d569107a2998280e1f62c3a31cec39c44661a16ac09d2c82675a8b64c991299,e8afea2284a6d24096ff7460755cd355a13898ce6b76949f15acca31b35917fb,,
330047,St Marys Healthcare,NY,file-access-review,unresolved,,"Compare the parsed header against facility aliases, renames and campus entries; extend the capped read only if metadata may sit beyond it",https://www.smha.org/wp-content/uploads/2026/05/cms-hpt-7.txt,206,2026-09-09T10:09:07.652Z,,https://stmaryshospital.pg.revenuemasters.com/shoppable-files/141347719_st-marys-healthcare_shoppable.csv,200,https://stmaryshospital.pg.revenuemasters.com/shoppable-files/141347719_st-marys-healthcare_shoppable.csv,corroborated,file-name-and-address,St. Mary's Healthcare,St. Mary's Healthcare,NY,2026-05-12,3.0.0,date-within-365-days-version-3,2026-09-09T10:09:08.132Z,ff3cdad607c9b8fe70c0f15b70706b90e4c675600521d12adbda0c77d7a282ae,93b37f3dd238311609ecd28acbe2f58bf9990c485beb320fec1059dd46d2c968,,
330080,LINCOLN MEDICAL & MENTAL HEALTH CENTER,NY,pointer-or-domain-review,unresolved,,"Compare the parsed header against facility aliases, renames and campus entries; extend the capped read only if metadata may sit beyond it",https://www.nychealthandhospitals.org/cms-hpt.txt,200,2026-09-09T10:09:07.969Z,,https://nychh.pt.panaceainc.com/MRFDownload/nychh/lincoln-medical,200,https://mrf.panaceainc.com/Download.aspx?org=nychh&loc=lincoln-medical&ref=,corroborated-adjudicated,renamed-facility-pointer-label-and-roster-address,New York City Health and Hospitals Corporation,Lincoln Medical Center,NY,2026-09-05,3.0.0,date-within-365-days-version-3,2026-09-09T10:09:08.628Z,929ac3ec79dcc89ff947a4289a65465cab756c611fdd77e24432699042e794bf,f22e2f8490528f3157581fc64262c0e15fc36551b0d26e5dc847352a6cfac0eb,renamed-facility-pointer-label-and-roster-address,
330094,COLUMBIA MEMORIAL HOSPITAL,NY,file-access-review,correction-verified,,Applied to the local reviewed ledger,https://www.albanymed.org/cms-hpt.txt,200,2026-09-09T10:09:07.731Z,https://albany.pt.panaceainc.com/MRFDownload/albany/albanycmh,https://albany.pt.panaceainc.com/MRFDownload/albany/albanycmh,200,https://mrf.panaceainc.com/Download.aspx?org=albany&loc=albanycmh&ref=,corroborated,file-name-and-address,COLUMBIA MEMORIAL HOSPITAL,Columbia Memorial Hospital,NY,2025-12-31,3.0.0,date-within-365-days-version-3,2026-09-09T10:09:21.566Z,4760ba16a945f9059390c0b36b737ff31457bfc3c67845772f6a8298979affd5,4e7626a6b08c05311c8f91253536b8db8d499df5705b22448e595b6f3d70fa18,,Correction verified and already recorded in the reviewed ledger.
330101,NEW YORK-PRESBYTERIAN HOSPITAL,NY,identity-or-format-review,unresolved,,"Compare the parsed header against facility aliases, renames and campus entries; extend the capped read only if metadata may sit beyond it",https://www.nyp.org/cms-hpt.txt,206,2026-09-09T10:09:08.300Z,,https://nyp.widen.net/content/hisgjrgpuk/original/133957095_NewYork-Presbyterian-Hospital_standardcharges.json.zip?u=n8xzey&download=true,206,https://cf-store.widencdn.net/nyp/5/8/6/58635e75-1ae9-4f86-b7ed-742825163b37.zip?response-content-disposition=attachment%3B%20filename%3D%22133957095_NewYork-Presbyterian-Hospital_standardcharges.json.zip%22&response-content-type=application%2Fzip&Expires=1788955750&Signature=OJyn0~~9gu-Z45-dzxhXtWM7Co2tQSOF7CJv9TIl-eJ1acPh4wcmOFz~9WH6ja1m7hC8DCh7wV5ZkT6M99oq~2-33F~pkBR02xgABKUQkPyLfsv-GaU8PbLfiTZ3JXnERmROsWm1sGb9RNlcmq5-SVguHQ1T7tMIL4K9y8QMjF9e2~xA5QcHvYk6oxRV6PLClInbEEnsBQUoPTzgfSQnDhH6sTA7xczSsiTZNIW77GKuKiO9sE3XOlKJK854WYYNqR46RZ0JDXZBR-BYq8Sqya7H2CrkO3qrfMbeaB9nJQ2SWbQKiEsb4qhfhN3Y8-h5wzFyGsVLi3dEtPvMyagGxQ__&Key-Pair-Id=APKAJD5XONOBVWWOA65A,mrf-header-does-not-match-unresolved-roster,,NewYork-Presbyterian Columbia University Irving Medical Center|NewYork-Presbyterian Weill Cornell Medical Center|NewYork-Presbyterian Brooklyn Methodist Hospital,NewYork-Presbyterian Columbia University Irving Medical Center|NewYork-Presbyterian Weill Cornell Medical Center|NewYork-Presbyterian Allen Hospital|NewYork-Presbyterian Westchester|NewYork-Presbyterian Lower Manhattan Hospital|NewYork-Presbyterian Westchester Behavioral Health|NewYork-Presbyterian Brooklyn Methodist Hospital,NY,2026-03-31,3.0.0,date-within-365-days-version-3,2026-09-09T10:09:08.699Z,f6e58d6e9e82fac0c0483c3bd65597ce1fc8997dbba1d31a0b53de0f4a909576,c197f2e2717d7621e5788b6df5b599b4a840a807b10f8dcac72c296047b10ff0,,
330128,ELMHURST HOSPITAL CENTER,NY,pointer-or-domain-review,unresolved,,"Compare the parsed header against facility aliases, renames and campus entries; extend the capped read only if metadata may sit beyond it",https://www.nychealthandhospitals.org/cms-hpt.txt,200,2026-09-09T10:09:07.969Z,,https://nychh.pt.panaceainc.com/MRFDownload/nychh/elmhurst,200,https://mrf.panaceainc.com/Download.aspx?org=nychh&loc=elmhurst&ref=,mrf-header-name-without-location,,New York City Health and Hospitals Corporation,Elmhurst Hospital Center,NY,2026-09-05,3.0.0,date-within-365-days-version-3,2026-09-09T10:09:21.970Z,929ac3ec79dcc89ff947a4289a65465cab756c611fdd77e24432699042e794bf,6c1254b31df03ba4325aaf51173df1d1612efa180df1be8fa3605e9066307a5d,,
330157,SAMARITAN MEDICAL CENTER,NY,pointer-or-domain-review,correction-verified,,Applied to the local reviewed ledger,https://samaritanhealth.com/cms-hpt.txt,206,2026-09-09T11:38:30.939Z,https://sthpiprd.blob.core.windows.net/machine-readable-files/8502/150533577_samaritan-medical-center_standardcharges.csv,https://sthpiprd.blob.core.windows.net/machine-readable-files/8502/150533577_samaritan-medical-center_standardcharges.csv,206,https://sthpiprd.blob.core.windows.net/machine-readable-files/8502/150533577_samaritan-medical-center_standardcharges.csv,corroborated,file-name-and-address,Samaritan Medical Center,Samaritan Medical Center,NY,2026-02-02,3.0.0,date-within-365-days-version-3,2026-09-09T11:41:22.568Z,7cf4d405c05d693adb28fbbfdcd4ad51d4018706040108a7f6bacea3ae37ec23,ef5564c9de7178aec41e67c2d3a57212b9ca4b13fbd9ab2e06afc77ebe3f6e5a,,Correction verified and already recorded in the reviewed ledger.
330188,MOUNT ST. MARY'S HOSPITAL & HEALTH CENTER,NY,identity-or-format-review,correction-verified,,Applied to the local reviewed ledger,https://chsbuffalo.org/cms-hpt.txt,206,2026-09-09T10:09:08.262Z,https://www.chsbuffalo.org/wp-content/uploads/2026/06/16-1523353_Mount-St-Marys-Hospital_StandardCharges.csv,https://www.chsbuffalo.org/wp-content/uploads/2026/06/16-1523353_Mount-St-Marys-Hospital_StandardCharges.csv,206,https://www.chsbuffalo.org/wp-content/uploads/2026/06/16-1523353_Mount-St-Marys-Hospital_StandardCharges.csv,corroborated-adjudicated,renamed-facility-pointer-label-and-roster-address,Mount St. Mary's Hospital,"Mount St. Mary's Hospital | Lockport Memorial Hospital, a Campus of Mount St Mary's",NY,2026-04-01,3.0.0,date-within-365-days-version-3,2026-09-09T10:09:08.661Z,935a6420b26bc184835b6de9a3b931a8a4772e997934241d7f5c91da3024d11d,c9f44074fb619e7c11066180b6ba01dca99bc9b4e2b60c5c8fe741622d6f42fc,renamed-facility-pointer-label-and-roster-address,Correction verified and already recorded in the reviewed ledger.
330199,METROPOLITAN HOSPITAL CENTER,NY,metadata-or-pointer-review,correction-verified,,Applied to the local reviewed ledger,https://www.nychealthandhospitals.org/cms-hpt.txt,200,2026-09-09T10:09:07.969Z,https://nychh.pt.panaceainc.com/MRFDownload/nychh/metropolitan,https://nychh.pt.panaceainc.com/MRFDownload/nychh/metropolitan,200,https://mrf.panaceainc.com/Download.aspx?org=nychh&loc=metropolitan&ref=,corroborated-adjudicated,exact-name-and-street-with-postal-zip-variant,NYC New York City Health and Hospitals Corporation,Metropolitan Hospital Center,NY,2026-09-05,3.0.0,date-within-365-days-version-3,2026-09-09T10:09:32.785Z,929ac3ec79dcc89ff947a4289a65465cab756c611fdd77e24432699042e794bf,c87549b072c92cefdd681c8f4c73e24d8708a304878ce541945e2b024c74a87f,exact-name-and-street-with-postal-zip-variant,Correction verified and already recorded in the reviewed ledger.
330235,AUBURN  COMMUNITY  HOSPITAL,NY,publisher-date-review,publisher-issue,declared-update-date-over-365-days,"Publisher inquiry with the recorded file URL, declared date and response hash; recheck after their update window",https://www.auburnhospital.org/cms-hpt.txt,206,2026-09-09T10:09:08.247Z,,https://www.auburnhospital.org/wp-content/uploads/2025/01/150532054_auburn-community-hospital_standardcharges-2.zip,206,https://www.auburnhospital.org/wp-content/uploads/2025/01/150532054_auburn-community-hospital_standardcharges-2.zip,corroborated,file-name-and-address,AUBURN COMMUNITY HOSPITAL,AUBURN COMMUNITY HOSPITAL|AUBURN COMMUNITY HOSPITAL,NY,2025-01-19,2.0.0,date-over-365-days,2026-09-09T10:09:08.421Z,a61383df0f2dc52713a6ab058a0d5e99a15580cfd8cc9ecc5634472f6a3ac33d,320d7dec176144fe152f92f5182f72391a585c3d283c57b7f2f287f03017a9f9,,Same declared date 2025-01-19 observed again after the earlier check (2026-09-09T01:49:50.514Z).
330270,HOSPITAL FOR SPECIAL SURGERY,NY,file-access-review,unresolved,,Browser download attempt on the recorded file URL; a failed automated request is not evidence the file is absent,https://www.hss.edu/cms-hpt.txt,206,2026-09-09T10:09:19.530Z,,,,,,,,,,,,,,50bc16f049f7606c91d38625f32508869d871bf9fa726ce4098cab8215dc30ce,,,
330276,NATHAN LITTAUER HOSPITAL,NY,publisher-template-review,publisher-issue,template-version-older-than-3,Publisher inquiry about the declared template version; recheck after their update window,https://nlh.org/cms-hpt.txt,206,2026-09-09T10:09:19.706Z,,https://www.nlh.org/wp-content/uploads/2026/04/1336145168_nathanlittauerhospital_standardcharges.csv,206,https://www.nlh.org/wp-content/uploads/2026/04/1336145168_nathanlittauerhospital_standardcharges.csv,corroborated,file-name-and-address,NATHAN LITTAUER HOSPITAL ASSOCIATION,NATHAN LITTAUER HOSPITAL ASSOCIATION,NY,2026-03-04,2.0.0,date-within-365-days-older-version,2026-09-09T10:37:58.675Z,d4c057e17436b4af9329218cec39b22b043fd85bc3c96550a3eca18f993b8933,69643fd776feb56ae1c6d6eb9f7ca5289ca922cc892ccf3a019b817e686d66bf,,Declared version 2.0.0 with a current date; publisher has not adopted the current CMS dictionary.
330350,SUNY/DOWNSTATE UNIVERSITY HOSPITAL OF BROOKLYN,NY,identity-or-format-review,unresolved,,"Compare the parsed header against facility aliases, renames and campus entries; extend the capped read only if metadata may sit beyond it",https://www.downstate.edu/cms-hpt.txt,206,2026-09-09T10:09:19.579Z,,https://www.downstate.edu/patient-care/_documents/charges/364983111_suny-university-hospital-at-downstate_standardcharges.csv,206,https://www.downstate.edu/patient-care/_documents/charges/364983111_suny-university-hospital-at-downstate_standardcharges.csv,mrf-header-does-not-match-unresolved-roster,,University Hospital of Brooklyn,University Hospital of Brooklyn,NY,2025-04-22,1.0.0,date-over-365-days,2026-09-09T10:09:22.276Z,ee3378155145435fb1a7eaf94a38e1ad31ef8934b274c7c90efb2142bfada0e0,256e0097ad77f3d9f353291a8d744641715a50695a97e3bd53fac3c9ff68090a,,
330395,ST JOHN'S EPISCOPAL HOSPITAL AT SOUTH SHORE,NY,identity-or-format-review,unresolved,,"Compare the parsed header against facility aliases, renames and campus entries; extend the capped read only if metadata may sit beyond it",https://www.northwell.edu/cms-hpt.txt,206,2026-09-09T10:09:07.519Z,,https://www.northwell.edu/sites/northwell.edu/files/machine-readable-files/South_Shore_University_Hospital_StandardCharges.zip,206,https://www.northwell.edu/sites/northwell.edu/files/machine-readable-files/South_Shore_University_Hospital_StandardCharges.zip,mrf-header-does-not-match-unresolved-roster,,South Shore University Hospital,South Shore University Hospital,NY,2026-03-31,3.0.0,date-within-365-days-version-3,2026-09-09T10:09:32.502Z,7d569107a2998280e1f62c3a31cec39c44661a16ac09d2c82675a8b64c991299,b432c0426f182fe106abede1fcec225d5c6a549a9117d9ab7020be9acc6d4195,,
330396,WOODHULL MEDICAL & MENTAL HEALTH CENTER,NY,pointer-or-domain-review,unresolved,,"Compare the parsed header against facility aliases, renames and campus entries; extend the capped read only if metadata may sit beyond it",https://www.nychealthandhospitals.org/cms-hpt.txt,200,2026-09-09T10:09:07.969Z,,https://nychh.pt.panaceainc.com/MRFDownload/nychh/woodhull,200,https://mrf.panaceainc.com/Download.aspx?org=nychh&loc=woodhull&ref=,corroborated-adjudicated,renamed-facility-pointer-label-and-roster-address,New York City Health and Hospitals Corporation,Woodhull Medical Center,NY,2026-09-05,3.0.0,date-within-365-days-version-3,2026-09-09T10:09:33.364Z,929ac3ec79dcc89ff947a4289a65465cab756c611fdd77e24432699042e794bf,ece3252cfba18b97bd4f717ccf53c1af94e3be56372c973373319e120776e260,renamed-facility-pointer-label-and-roster-address,
330405,HELEN HAYES HOSPITAL,NY,publisher-date-review,publisher-issue,declared-update-date-over-365-days,"Publisher inquiry with the recorded file URL, declared date and response hash; recheck after their update window",https://helenhayeshospital.org/cms-hpt.txt,206,2026-09-09T10:37:58.429Z,,https://shop.helenhayeshosp.org/00-0432000_Helen-Hayes-Hospital_standardcharges.csv,206,https://shop.helenhayeshosp.org/00-0432000_Helen-Hayes-Hospital_standardcharges.csv,corroborated,file-name-and-address,Helen Hayes Hospital,West Haverstraw,NY,2024-07-01,1.0.0,date-over-365-days,2026-09-09T10:37:59.055Z,46254319e1365267ca250a16963484de3336768bce6743ddc63aa940cbdd8c64,5be15e9fa8a3d8b30c68fc667a7ea57fc3864efc4ce17adcb0b13a50edcb1a31,,Same declared date 2024-07-01 observed again after the earlier check (2026-09-09T01:49:50.996Z).
333301,BLYTHEDALE CHILDREN'S HOSPITAL,NY,file-access-review,publisher-issue,pointer-declared-file-404,Publisher inquiry to restore or replace the declared file; recheck after their update window,https://www.blythedale.org/cms-hpt.txt,206,2026-09-09T10:09:19.992Z,,https://www.blythedale.org/documents/13-1739922blythedale-childrens-hospitalstandardchargescsv,404,https://www.blythedale.org/documents/13-1739922blythedale-children-s-hospitalstandardcharges,corroborated,file-name-and-address,Blythedale Children's Hospital,Blythedale Children's Hospital,NY,2026-03-01,3.0.0,date-within-365-days-version-3,2026-09-09T10:47:21.924Z,c060db667035742a74a898d26ffae113c69990dc23d8fbb959c7386b0e6c90d3,c1286b755e69fd66ce0ed20ea17d0d728ffc160a5a312ea3819854c347387ed2,,The official pointer declares this file URL and it returns 404 on repeated checks; reproducible broken link.
334022,BRYLIN HOSP,NY,publisher-template-review,publisher-issue,template-version-older-than-3,Publisher inquiry about the declared template version; recheck after their update window,https://brylin.com/cms-hpt.txt,206,2026-09-09T10:09:19.859Z,,https://www.brylin.com/wp-content/uploads/2025/10/16-1163586_BryLin-Hospitals-Inc_standardcharges.csv,206,https://www.brylin.com/wp-content/uploads/2025/10/16-1163586_BryLin-Hospitals-Inc_standardcharges.csv,corroborated,file-name-and-address,"Brylin Hospitals, Inc.",BryLin Hospital,NY,2025-10-15,1.0.0,date-within-365-days-older-version,2026-09-09T10:09:20.031Z,3d74089425ccd8fb0b3986f1c7cc8271ea337a34643464ab6eaefa02ae027aa6,e5a08bc09e48fc62aef55cf5af26886df17b260ae5d3ac878bc605ab1d353f8b,,Declared version 1.0.0 with a current date; publisher has not adopted the current CMS dictionary.
334027,SOUTH OAKS HOSP,NY,identity-or-format-review,unresolved,,"Compare the parsed header against facility aliases, renames and campus entries; extend the capped read only if metadata may sit beyond it",https://www.northwell.edu/cms-hpt.txt,206,2026-09-09T10:09:07.519Z,,https://www.northwell.edu/sites/northwell.edu/files/machine-readable-files/South_Shore_University_Hospital_StandardCharges.zip,206,https://www.northwell.edu/sites/northwell.edu/files/machine-readable-files/South_Shore_University_Hospital_StandardCharges.zip,mrf-header-does-not-match-unresolved-roster,,South Shore University Hospital,South Shore University Hospital,NY,2026-03-31,3.0.0,date-within-365-days-version-3,2026-09-09T10:09:32.502Z,7d569107a2998280e1f62c3a31cec39c44661a16ac09d2c82675a8b64c991299,b432c0426f182fe106abede1fcec225d5c6a549a9117d9ab7020be9acc6d4195,,
340010,UNC HEALTH CARE WAYNE,NC,file-access-review,unresolved,,Browser download attempt on the recorded file URL; a failed automated request is not evidence the file is absent,https://www.unchealth.org/cms-hpt.txt,206,2026-09-09T10:09:20.587Z,,,,,,,,,,,,,,9f31eb3ca1d080b7cbe9dee3e4540bf1070156d2dfe7b1b6fa68a099dfec1e27,,,All recorded file leads failed at transport level again this run (reproducible connection failure).
340042,ONSLOW MEMORIAL HOSPITAL,NC,identity-or-format-review,unresolved,,"Record the direct file URL behind the web page served at the recorded file URL (browser or manual download), then re-verify",https://onslow.org/cms-hpt.txt,403,2026-09-09T10:09:32.094Z,,https://search.hospitalpriceindex.com/hpi2/machineReadable/onslowmemorialhospital/11821,206,https://search.hospitalpriceindex.com/hpi2/machineReadable/onslowmemorialhospital/11821,mrf-header-has-no-license-state,,,,,,,date-unverified,2026-09-09T16:09:00.075Z,,819dcd5ca0c10f602d17276266bf6d234ee6fbf9a708d6bf83aa3d0ab768ba06,,
340047,NORTH CAROLINA BAPTIST HOSPITAL,NC,identity-or-format-review,unresolved,,"Compare the parsed header against facility aliases, renames and campus entries; extend the capped read only if metadata may sit beyond it",https://cdn.atriumhealth.org/-/media/wakeforest/clinical/files/patient-and-family-resources/transparency-files/wfb_cms-hpt.txt?rev=85a171e49f3f48798f921e649fd5bc37&hash=EB0C5382AFF1913F2F21E80EF076A342,206,2026-09-09T10:09:32.720Z,,https://sthpiprd.blob.core.windows.net/machine-readable-files/12945/560552787-1144211301_north-carolina-baptist-hospital_standardcharges.csv,206,https://sthpiprd.blob.core.windows.net/machine-readable-files/12945/560552787-1144211301_north-carolina-baptist-hospital_standardcharges.csv,mrf-header-name-without-location,,North Carolina Baptist Hospital,Davie Medical Center,NC,2025-10-21,3.0.0,date-within-365-days-version-3,2026-09-09T10:09:32.622Z,575327a77b19add3d17abebc0847fc4e54fb9b0cfe0a5370cc2c314106452eab,8c37c93f7453b0cf8bb2356704b8f22d2a456f3db9a9c40f7e0437e11f7ae13e,,
340049,NORTH CAROLINA SPECIALTY HOSPITAL,NC,file-access-review,unresolved,,Browser download attempt on the recorded file URL; a failed automated request is not evidence the file is absent,https://ncspecialty.com/cms-hpt.txt,403,2026-09-09T10:09:32.237Z,,,,,,,,,,,,,,,,,All recorded file leads failed at transport level again this run (reproducible connection failure).
340060,UNC ROCKINGHAM,NC,file-access-review,unresolved,,Browser download attempt on the recorded file URL; a failed automated request is not evidence the file is absent,https://www.unchealth.org/cms-hpt.txt,206,2026-09-09T10:09:20.587Z,,,,,,,,,,,,,,9f31eb3ca1d080b7cbe9dee3e4540bf1070156d2dfe7b1b6fa68a099dfec1e27,,,All recorded file leads failed at transport level again this run (reproducible connection failure).
340061,UNC HOSPITALS,NC,file-access-review,unresolved,,Browser download attempt on the recorded file URL; a failed automated request is not evidence the file is absent,https://www.unchealth.org/cms-hpt.txt,206,2026-09-09T10:09:20.587Z,,,,,,,,,,,,,,9f31eb3ca1d080b7cbe9dee3e4540bf1070156d2dfe7b1b6fa68a099dfec1e27,,,All recorded file leads failed at transport level again this run (reproducible connection failure).
340068,COLUMBUS REGIONAL HEALTHCARE SYSTEM,NC,publisher-date-review,publisher-issue,declared-update-date-over-365-days,"Publisher inquiry with the recorded file URL, declared date and response hash; recheck after their update window",https://crhealthcare.org/cms-hpt.txt,206,2026-09-09T10:09:32.369Z,,"https://sthpiprd.blob.core.windows.net/machine-readable-files/11292/560538020_columbus-regional-healthcare-system,-inc_standardcharges.csv",206,"https://sthpiprd.blob.core.windows.net/machine-readable-files/11292/560538020_columbus-regional-healthcare-system,-inc_standardcharges.csv",corroborated,file-name-and-address,"Columbus Regional Healthcare System, Inc",Columbus Regional Healthcare System,NC,2025-09-01,3.0.0,date-over-365-days,2026-09-09T10:09:33.256Z,3bda9db2377d1934f86468a12e343d2c1ba563073b0454d991d9afc2ef3f531f,2107ffee73c5da8a43b672e32d615b50cc3c399862388cfb1eee9c0e1720fcfb,,Same declared date 2025-09-01 observed again after the earlier check (2026-09-09T01:49:12.656Z).
340090,JOHNSTON HEALTH,NC,file-access-review,unresolved,,Browser download attempt on the recorded file URL; a failed automated request is not evidence the file is absent,https://www.unchealth.org/cms-hpt.txt,206,2026-09-09T10:09:20.587Z,,,,,,,,,,,,,,9f31eb3ca1d080b7cbe9dee3e4540bf1070156d2dfe7b1b6fa68a099dfec1e27,,,All recorded file leads failed at transport level again this run (reproducible connection failure).
340096,LEXINGTON MEMORIAL HOSPITAL INC,NC,identity-or-format-review,unresolved,,"Compare the parsed header against facility aliases, renames and campus entries; extend the capped read only if metadata may sit beyond it",https://cdn.atriumhealth.org/-/media/wakeforest/clinical/files/patient-and-family-resources/transparency-files/wfb_cms-hpt.txt?rev=85a171e49f3f48798f921e649fd5bc37&hash=EB0C5382AFF1913F2F21E80EF076A342,206,2026-09-09T10:09:32.720Z,,https://sthpiprd.blob.core.windows.net/machine-readable-files/11241/560543238_lexington-medical-center_standardcharges.csv,206,https://sthpiprd.blob.core.windows.net/machine-readable-files/11241/560543238_lexington-medical-center_standardcharges.csv,mrf-header-does-not-match-unresolved-roster,,Lexington Medical Center,Lexington Medical Center,NC,2025-10-08,3.0.0,date-within-365-days-version-3,2026-09-09T10:09:33.697Z,575327a77b19add3d17abebc0847fc4e54fb9b0cfe0a5370cc2c314106452eab,11e9e4146f1f4ca98b986480ee7dc9aa5bb9481907ad6ca12a665b615f3a1570,,
340127,GRANVILLE HEALTH SYSTEMS,NC,identity-or-format-review,publisher-issue,declared-update-date-over-365-days,"Publisher inquiry with the recorded file URL, declared date and response hash; recheck after their update window",https://ghshospital.org/cms-hpt.txt,206,2026-09-09T10:09:32.598Z,,https://urldefense.com/v3/__https://ghshospital.org/wp-content/uploads/2025/12/560593547_granville-medical-center_standardcharges.csv__;!!M5erwxGTI6mlTHJSECWB8LY!E0ZeRIB4NX69NhVMX1pl8UWyS2dl1pwPchrfChCVwh1HaZTqaRoclCfDcUhtbfVNGjMynNQYGCDlQrYsF7G1nFdMkVx7mg$,206,https://ghshospital.org/wp-content/uploads/2025/12/560593547_granville-medical-center_standardcharges.csv,corroborated-adjudicated,renamed-facility-pointer-label-and-roster-address,Granville Health System ,Granville Health System ,NC,2025-08-05,2.0.0,date-over-365-days,2026-09-09T10:09:33.223Z,97770136440217590de444a1570b9e7457e63ff50a59ed1dc4cec7cf6d99ac3e,ce78dee2366a8b3f26ed97273946dba016b70ee56151436d0474d15e29b7cfe9,renamed-facility-pointer-label-and-roster-address,Same declared date 2025-08-05 observed again after the earlier check (2026-09-09T02:29:36.725Z).
341320,ALLEGHANY  MEMORIAL HOSPITAL,NC,pointer-or-domain-review,unresolved,,Official-domain discovery: confirm the roster facility controls a domain exposing cms-hpt.txt before assigning it,https://atriumhealth.org/-/media/atrium-health/price-transparency/clt_cms-hpt.txt,206,2026-09-09T11:38:31.727Z,,,,,,,,,,,,,,d06c476ab34a4c0dd9951f3fd0c1120b51a847888c227f7cbfff05a4a2fd109c,,,
341322,ADVENT HEALTH POLK,NC,identity-or-format-review,unresolved,,"Compare the parsed header against facility aliases, renames and campus entries; extend the capped read only if metadata may sit beyond it",https://www.adventhealth.com/cms-hpt.txt,206,2026-09-09T10:37:41.422Z,,https://HospitalPriceDisclosure.com/download.aspx?pi=Z8jTqHwZ1ep3y2PIIVscAg*-*,206,https://cleverleypteusstatic.blob.core.windows.net/readable/560543246_adventhealth-polk_standardcharges.json,mrf-header-does-not-match-unresolved-roster,,AdventHealth Polk,AdventHealth Polk,NC,2026-04-01,3.0.0,date-within-365-days-version-3,2026-09-09T10:09:33.326Z,0b5754844492587410fc44daf0765bb6ec2a3cdf0aecdb31fd3fcb7b9fa622d8,9ad8a5d4ee1a451a10089a1e219f69b2ef99ff5d158eb5260b5f8f5b88e8f65f,,
341325,ASHE MEMORIAL HOSPITAL,NC,file-access-review,unresolved,,Complete-file read beyond the capped header to recover identity or metadata fields,https://ashememorial.org/cms-hpt.txt,"curl: (28) Resolving timed out after 8002 milliseconds
",2026-09-09T10:38:18.238Z,,,,,,,,,,,,,,,,,
344004,CENTRAL REGIONAL HOSPITAL,NC,pointer-or-domain-review,unresolved,,Official-domain discovery: confirm the roster facility controls a domain exposing cms-hpt.txt before assigning it,https://www.ncdhhs.gov/cms-hpt.txt,404,2026-09-09T11:38:31.626Z,,,,,,,,,,,,,,,,,
344023,JULIAN F KEITH ALCOHOL & DRUG ABUSE TX,NC,pointer-or-domain-review,unresolved,,Official-domain discovery: confirm the roster facility controls a domain exposing cms-hpt.txt before assigning it,https://www.ncdhhs.gov/cms-hpt.txt,404,2026-09-09T11:38:31.626Z,,,,,,,,,,,,,,,,,
344025,BROUGHTON HOSPITAL,NC,pointer-or-domain-review,unresolved,,Official-domain discovery: confirm the roster facility controls a domain exposing cms-hpt.txt before assigning it,https://www.ncdhhs.gov/cms-hpt.txt,404,2026-09-09T11:38:31.626Z,,,,,,,,,,,,,,,,,
344026,CHERRY HOSPITAL,NC,pointer-or-domain-review,unresolved,,Official-domain discovery: confirm the roster facility controls a domain exposing cms-hpt.txt before assigning it,https://www.ncdhhs.gov/cms-hpt.txt,404,2026-09-09T11:38:31.626Z,,,,,,,,,,,,,,,,,
344033,WALTER B JONES CENTER LAKESIDE PSYCHIATRIC HOSPITA,NC,pointer-or-domain-review,unresolved,,Official-domain discovery: confirm the roster facility controls a domain exposing cms-hpt.txt before assigning it,https://www.ncdhhs.gov/cms-hpt.txt,404,2026-09-09T11:38:31.626Z,,,,,,,,,,,,,,,,,
344036,IREDELL DAVIS BEHAVIORAL HEALTH HOSPITAL,NC,identity-or-format-review,unresolved,,"Compare the parsed header against facility aliases, renames and campus entries; extend the capped read only if metadata may sit beyond it",https://www.iredelldavis.org/cms-hpt.txt,206,2026-09-09T10:09:33.549Z,,https://iredell.pt.panaceainc.com/MRFDownload/iredell/idbhh,200,https://mrf.panaceainc.com/Download.aspx?org=iredell&loc=idbhh&ref=,mrf-header-name-without-location,,IREDELL MEMORIAL HOSPITAL INCORPORATED,Iredell Davis Behavioral Health Hospital,NC,2025-12-31,3.0.0,date-within-365-days-version-3,2026-09-09T10:09:33.572Z,c13f248d975cb51c66d519c4161f9bf5722ccd10197bd66e573d0e254abc8f43,c4af9621d67220eef9125967f02db586d45713c5363dec25faeeaaa9730e8c04,,
351307,ST ANDREW'S HOSPITAL,ND,identity-or-format-review,unresolved,,"Compare the parsed header against facility aliases, renames and campus entries; extend the capped read only if metadata may sit beyond it",https://smphealth.org/cms-hpt.txt,206,2026-09-09T10:09:33.039Z,,https://secure.claraprice.net/price-transparency/CKEC-1760711468288/machine-readable/450226426_smp-health---st-andrews_standardcharges.json,200,https://secure.claraprice.net/price-transparency/CKEC-1760711468288/machine-readable/450226426_smp-health---st-andrews_standardcharges.json,mrf-header-has-no-license-state,,SMP Health - St. Andrews,,,,,date-unverified,2026-09-09T10:10:39.512Z,84b4ef68f9b71f8d122065c6f4bdd3d8f86226de81f74f9c0e379b4f165c0be3,25e51400e263d08fdbab220aaad90af2a8ba4905c0fed687f329e24809fd7d6a,,
351313,SOUTHWEST HEALTHCARE SERVICES,ND,publisher-template-review,publisher-issue,template-version-older-than-3,Publisher inquiry about the declared template version; recheck after their update window,https://swhealthcare.net/file_download/inline/6a1de74d-5341-449e-8339-9ff3e2f6e18d,200,2026-09-09T10:09:33.876Z,,https://swhealthcare.net/file_download/inline/c967a943-4246-45d6-9ff2-8222bb15dc86,200,https://swhealthcare.net/file_download/inline/c967a943-4246-45d6-9ff2-8222bb15dc86,corroborated,file-name-and-address,SOUTHWEST HEALTHCARE SERVICES,SOUTHWEST HEALTHCARE SERVICES,ND,2025-10-16,2.0.0,date-within-365-days-older-version,2026-09-09T10:09:34.355Z,5512ce1fdc802d63beb0e49ca97d273fd726052ce86ac101d7531eb6bbc77794,9c004f759aabfe6231e365d228dc6761faac0ba6d9590ba8b140ec4cab1a6181,,Declared version 2.0.0 with a current date; publisher has not adopted the current CMS dictionary.
351316,PRESENTATION MEDICAL CENTER,ND,identity-or-format-review,unresolved,,"Compare the parsed header against facility aliases, renames and campus entries; extend the capped read only if metadata may sit beyond it",https://smphealth.org/cms-hpt.txt,206,2026-09-09T10:09:33.039Z,,https://secure.claraprice.net/price-transparency/KPBN-1760641089324/machine-readable/450226729_smp-health---st-aloisius_standardcharges.json,200,https://secure.claraprice.net/price-transparency/KPBN-1760641089324/machine-readable/450226729_smp-health---st-aloisius_standardcharges.json,mrf-header-has-no-license-state,,SMP Health - St. Aloisius dba SMP Health - St. Aloisius,,,,,date-unverified,2026-09-09T10:10:49.851Z,84b4ef68f9b71f8d122065c6f4bdd3d8f86226de81f74f9c0e379b4f165c0be3,3ed277f77381516fdef7b05698a201abd0f5288df1925dfc475b855d5ab1aa48,,
351321,SOUTH CENTRAL HEALTH,ND,pointer-or-domain-review,unresolved,,Official-domain discovery: confirm the roster facility controls a domain exposing cms-hpt.txt before assigning it,https://schealthnd.com/cms-hpt.txt,"curl: (28) Resolving timed out after 8005 milliseconds
",2026-09-09T11:38:47.191Z,,,,,,,,,,,,,,,,,
351326,FIRST CARE HEALTH CENTER,ND,identity-or-format-review,publisher-issue,declared-update-date-over-365-days,"Publisher inquiry with the recorded file URL, declared date and response hash; recheck after their update window",https://www.firstcarehc.com/cms-hpt.txt,206,2026-09-09T10:09:33.348Z,,https://www.firstcarehc.com/wp-content/uploads/2024/06/450232743_First-Care-Health-Center_standardcharges.csv,206,https://www.firstcarehc.com/wp-content/uploads/2024/06/450232743_First-Care-Health-Center_standardcharges.csv,corroborated,file-name-and-address,First Care Health Center,First Care Health Center,ND,2024-06-14,2.0.0,date-over-365-days,2026-09-09T10:09:33.627Z,846bacd063f54ece1725129e7d65dae1fddde7340c9f46d18db866c28951813c,de7d22707abe0403d0562cd6fd989e15c110e07809aa1b68d613c8cbf8697fa4,,Same declared date 2024-06-14 observed again after the earlier check (2026-09-09T02:29:38.030Z).
351328,LINTON HOSPITAL - CAH,ND,identity-or-format-review,unresolved,,"Compare the parsed header against facility aliases, renames and campus entries; extend the capped read only if metadata may sit beyond it",https://lintonregionalmedicalcenter.org/wp-content/uploads/2026/05/Linton-Regional-Medical-Center-cms-hpt.txt,206,2026-09-09T10:09:34.848Z,,https://secure.claraprice.net/price-transparency/VGUK-1776956486915/machine-readable/450253272_linton-regional-medical-center_standardcharges.json,200,https://secure.claraprice.net/price-transparency/VGUK-1776956486915/machine-readable/450253272_linton-regional-medical-center_standardcharges.json,mrf-header-has-no-license-state,,Linton Regional Medical Center dba Linton Regional Medical Center,,,,,date-unverified,2026-09-09T10:11:01.293Z,f80fa03fa1fac19ee1092c82a0b5736f4426b8cae35bc6cc311b50335d09fe6c,39666280c6a0982f30e20f17532ce644aa404db520b9d287769011cd2daadb7a,,
360008,SOUTHERN OHIO MEDICAL CENTER,OH,pointer-or-domain-review,unresolved,,Official-domain discovery: confirm the roster facility controls a domain exposing cms-hpt.txt before assigning it,https://www.somc.org/cms-hpt.txt,403,2026-09-09T10:09:34.837Z,,,,,,,,,,,,,,,,,
360013,WILSON MEMORIAL HOSPITAL,OH,identity-or-format-review,correction-verified,,Applied to the local reviewed ledger,https://www.wilsonhealth.org/cms-hpt.txt,206,2026-09-09T10:09:34.997Z,https://8589329.fs1.hubspotusercontent-na1.net/hubfs/8589329/344427944_shelby-county-memorial-hospital-association_standardcharges.csv,https://8589329.fs1.hubspotusercontent-na1.net/hubfs/8589329/344427944_shelby-county-memorial-hospital-association_standardcharges.csv,206,https://8589329.fs1.hubspotusercontent-na1.net/hubfs/8589329/344427944_shelby-county-memorial-hospital-association_standardcharges.csv,corroborated-adjudicated,renamed-facility-pointer-label-and-roster-address,Shelby County Memorial Hospital Assocation,Wilson Health,OH,2026-03-26,3,date-within-365-days-version-3,2026-09-09T10:09:33.860Z,e15af61a3340524da1cee2a1ecbc59c9d286e5a105ac60823ba8f5a10ba6f47e,a0917833ed5dde01f27ddb790b732ea4d477ae83fda4dde81ce9a0907065f5c0,renamed-facility-pointer-label-and-roster-address,Correction verified and already recorded in the reviewed ledger.
360025,FIRELANDS REGIONAL MEDICAL CENTER,OH,pointer-or-domain-review,unresolved,,Browser download attempt on the recorded file URL; a failed automated request is not evidence the file is absent,https://www.firelands.com/cms-hpt.txt,403,2026-09-09T10:09:43.847Z,,,,,,,,,,,,,,,,,
360029,WOOD COUNTY HOSPITAL,OH,publisher-date-review,publisher-issue,declared-update-date-over-365-days,"Publisher inquiry with the recorded file URL, declared date and response hash; recheck after their update window",https://www.woodcountyhospital.org/cms-hpt.txt,206,2026-09-09T10:09:34.947Z,,https://www.woodcountyhospital.org/media/0x5fw0tn/344440884_wood-county_standardcharges.csv,206,https://www.woodcountyhospital.org/media/0x5fw0tn/344440884_wood-county_standardcharges.csv,corroborated,file-name-and-address,Wood County Hospital Association,Wood County Hospital,OH,2024-06-30,2.0.0,date-over-365-days,2026-09-09T10:09:35.204Z,3c310286a6606945e0eb4c94c25d8f5102d859293056c6c7ee01f9edff967721,16219a06b691cb01c5ff2201e1af38ef7c6a8757962daf245bbc5fb6477e51e5,,Same declared date 2024-06-30 observed again after the earlier check (2026-09-09T01:50:07.315Z).
360039,GENESIS HOSPITAL,OH,metadata-or-pointer-review,publisher-issue,template-version-unrecognized,Publisher inquiry: confirm which CMS data dictionary version the file implements; recheck on their reply,https://www.genesishcs.org/cms-hpt.txt,206,2026-09-09T10:09:36.010Z,,https://genesisgenericblob.blob.core.windows.net/price-transparency/311480941_Genesis-Healthcare-System_standardcharges.csv,206,https://genesisgenericblob.blob.core.windows.net/price-transparency/311480941_Genesis-Healthcare-System_standardcharges.csv,corroborated-adjudicated,renamed-facility-pointer-label-and-roster-address,Genesis Healthcare System,Genesis Healthcare System|Genesis Perry County Medical Center|Genesis Coshocton Medical Center,OH,2026-03-27,5.0.0,date-within-365-days-version-unverified,2026-09-09T10:09:46.291Z,2a4a5a8fb302c081ba0a7fe29b6a1953b6ad0f4ee557d87d1c251786934a360f,4e2cee29a53b76b9270237511629bc0cfeea5a57e6000eadb99538edd208c3a1,renamed-facility-pointer-label-and-roster-address,Declared template version 5.0.0 is not a recognized CMS data dictionary version; facility identity and the 2026-03-27 update date are corroborated.
360041,PARMA COMMUNITY GENERAL HOSPITAL,OH,identity-or-format-review,unresolved,,"Compare the parsed header against facility aliases, renames and campus entries; extend the capped read only if metadata may sit beyond it",https://www.uhhospitals.org/cms-hpt.txt,206,2026-09-09T10:09:44.724Z,,https://sthpiprd.blob.core.windows.net/machine-readable-files/7897/340827442-1164481677_university-hospitals-health-system_standardcharges.csv,206,https://sthpiprd.blob.core.windows.net/machine-readable-files/7897/340827442-1164481677_university-hospitals-health-system_standardcharges.csv,corroborated-adjudicated,renamed-facility-pointer-label-and-roster-address,University Hospitals Health System,University Hospitals Parma Medical Center|University Hospitals Parma Medical Center Psychiatric Unit|University Hospitals Parma Medical Center Rehabilitation Unit,OH,2026-07-14,3.0.0,date-within-365-days-version-3,2026-09-09T10:09:45.214Z,e00ec17ae15593a8098056576d6a73b3c451a5cf1e76603a7707ec82a901bb52,e36d9cb4882a7100f28a7ece94cb820c599d9c34a906ebb88d28ede6f521d8a1,renamed-facility-pointer-label-and-roster-address,
360075,UH REGIONAL HOSPITALS,OH,identity-or-format-review,unresolved,,"Compare the parsed header against facility aliases, renames and campus entries; extend the capped read only if metadata may sit beyond it",https://www.uhhospitals.org/cms-hpt.txt,206,2026-09-09T10:09:44.724Z,,https://sthpiprd.blob.core.windows.net/machine-readable-files/7901/341567805-1043397292_university-hospitals-health-system_standardcharges.csv,206,https://sthpiprd.blob.core.windows.net/machine-readable-files/7901/341567805-1043397292_university-hospitals-health-system_standardcharges.csv,corroborated-adjudicated,renamed-facility-pointer-label-and-roster-address,University Hospitals Health System,University Hospitals Cleveland Medical Center|University Hospitals Cleveland Medical Center|University Hospitals Cleveland Medical Center|University Hospitals Cleveland Medical Center|University Hospitals Cleveland Medical Center|University Hospitals Cleveland Medical Center|University Hospitals Cleveland Medical Center Psychiatric Unit,OH,2026-07-14,3.0.0,date-within-365-days-version-3,2026-09-09T10:47:29.500Z,e00ec17ae15593a8098056576d6a73b3c451a5cf1e76603a7707ec82a901bb52,10ba941b9056c90689fb9215b4e535fd3cc2e3692004d4ac93c074f3c255d4a2,renamed-facility-pointer-label-and-roster-address,
360098,LAKE HEALTH,OH,identity-or-format-review,unresolved,,"Compare the parsed header against facility aliases, renames and campus entries; extend the capped read only if metadata may sit beyond it",https://lakehealth.org/cms-hpt.txt,206,2026-09-09T10:09:44.222Z,,https://sthpiprd.blob.core.windows.net/machine-readable-files/7901/341567805-1043397292_university-hospitals-health-system_standardcharges.csv,206,https://sthpiprd.blob.core.windows.net/machine-readable-files/7901/341567805-1043397292_university-hospitals-health-system_standardcharges.csv,corroborated-adjudicated,renamed-facility-pointer-label-and-roster-address,University Hospitals Health System,University Hospitals Cleveland Medical Center|University Hospitals Cleveland Medical Center|University Hospitals Cleveland Medical Center|University Hospitals Cleveland Medical Center|University Hospitals Cleveland Medical Center|University Hospitals Cleveland Medical Center|University Hospitals Cleveland Medical Center Psychiatric Unit,OH,2026-07-14,3.0.0,date-within-365-days-version-3,2026-09-09T10:47:29.500Z,e00ec17ae15593a8098056576d6a73b3c451a5cf1e76603a7707ec82a901bb52,10ba941b9056c90689fb9215b4e535fd3cc2e3692004d4ac93c074f3c255d4a2,renamed-facility-pointer-label-and-roster-address,
360189,MADISON HEALTH,OH,metadata-or-pointer-review,unresolved,,Official-domain discovery: confirm the roster facility controls a domain exposing cms-hpt.txt before assigning it,https://www.madison-health.com/content/uploads/2026/01/MadisonHealth_2026_Patient_Pricing_Sheet.pdf,206,2026-09-09T11:51:11.860Z,,https://www.madison-health.com/content/uploads/2024/06/166189498_Madison-Health_standardcharges.csv,206,https://www.madison-health.com/content/uploads/2024/06/166189498_Madison-Health_standardcharges.csv,corroborated,file-name-and-address,Madison Health,Madison Health,OH,2026-04-01,3.0.0,date-within-365-days-version-3,2026-09-09T10:09:46.171Z,7ed2454cc8b58dced5cd2853e5bc2654350bbed0ad99308282c64ebcc7a38656,c514380c3171086597d0287d5647bca583910ae12fad82c5d5d27f17f5efc13b,,
360218,LICKING MEMORIAL HOSPITAL,OH,publisher-template-review,publisher-issue,template-version-older-than-3,Publisher inquiry about the declared template version; recheck after their update window,https://lmhealth.org/cms-hpt.txt,206,2026-09-09T10:09:44.388Z,,https://www.lmhealth.org/LMHealth.org/media/314379519_licking-memorial-hospital_standardcharges.zip,206,https://www.lmhealth.org/LMHealth.org/media/314379519_licking-memorial-hospital_standardcharges.zip,corroborated,file-name-and-address,Licking Memorial Hospital,Licking Memorial Hospital,OH,2026-03-16,2.0.0,date-within-365-days-older-version,2026-09-09T10:09:45.292Z,68f1901cd5a2dadeaeec4d257d47d1572a6746f56da2b2df92914afdddfed53a,52f537f8ed2e53695ad45be69b04fec761d4e91de822c946410f1651d15cc29d,,Declared version 2.0.0 with a current date; publisher has not adopted the current CMS dictionary.
360352,SURGICAL HOSPITAL AT SOUTHWOODS,OH,identity-or-format-review,unresolved,,"Record the direct file URL behind the web page served at the recorded file URL (browser or manual download), then re-verify",https://www.southwoodshealth.com/cms-hpt.txt,200,2026-09-09T10:09:44.909Z,,https://www.southwoodshealth.com/pricing-transparency/,200,https://www.southwoodshealth.com/pricing-transparency/,mrf-header-has-no-license-state,,,,,,,date-unverified,2026-09-09T16:09:00.084Z,038d7cf08af0ba0af5766c9123011d5a676c8500b1ff44c222a2c6c0caa23d1a,67caed31c25550896d3572eea9e8108171f6441d60fb781e2938d35a8edeee85,,
361307,UHHS MEMORIAL HOSPITAL OF GENEVA,OH,identity-or-format-review,unresolved,,"Compare the parsed header against facility aliases, renames and campus entries; extend the capped read only if metadata may sit beyond it",https://www.uhhospitals.org/cms-hpt.txt,206,2026-09-09T10:09:44.724Z,,https://sthpiprd.blob.core.windows.net/machine-readable-files/7899/340714461-1225128432_university-hospitals-health-system_standardcharges.csv,206,https://sthpiprd.blob.core.windows.net/machine-readable-files/7899/340714461-1225128432_university-hospitals-health-system_standardcharges.csv,mrf-header-does-not-match-unresolved-roster,,University Hospitals Health System,University Hospitals Geneva Medical Center|University Hospitals Geneva Medical Center Swing Bed Unit,OH,2026-07-14,3.0.0,date-within-365-days-version-3,2026-09-09T10:10:00.013Z,e00ec17ae15593a8098056576d6a73b3c451a5cf1e76603a7707ec82a901bb52,eaaa8720990ebbc61ed2c697bb3e06ec143bf5ad6c9a4a05d2b4f8fd67c6275a,,
361309,"HENRY COUNTY HOSPITAL, INC",OH,publisher-template-review,publisher-issue,template-version-older-than-3,Publisher inquiry about the declared template version; recheck after their update window,https://www.henrycountyhospital.org/cms-hpt.txt,206,2026-09-09T10:09:44.903Z,,https://www.henrycountyhospital.org/documents/344477047_henry-county-hospital_standardcharges.csv,206,https://www.henrycountyhospital.org/documents/344477047_henry-county-hospital_standardcharges.csv,corroborated,file-name-and-address,Henry County Hospital,Henry County Hospital,OH,2025-12-29,2.0.0,date-within-365-days-older-version,2026-09-09T10:09:45.565Z,7c520c12cae633e86c8613d44a25a58c7d84e9d5067dcba9c17e1a6e057d536a,2738cd0664349a291d6450762a054655b739a2329ef7bc6106e5d549fcf1cec3,,Declared version 2.0.0 with a current date; publisher has not adopted the current CMS dictionary.
361311,HARRISON COMMUNITY HOSPITAL,OH,identity-or-format-review,unresolved,,"Compare the parsed header against facility aliases, renames and campus entries; extend the capped read only if metadata may sit beyond it",https://wvumedicine.org/cms-hpt.txt,200,2026-09-09T10:09:44.912Z,,https://wvumedicine.org/wp-content/uploads/2026/08/341571750_Harrison-Community-Hospital-Inc._standardcharges.csv,206,https://wvumedicine.org/wp-content/uploads/2026/08/341571750_Harrison-Community-Hospital-Inc._standardcharges.csv,corroborated,file-name-and-address,"Harrison Community Hospital, Inc.","WVU Medicine|Harrison Community Hospital, Inc.",OH,2026-07-17,3.0.0,date-within-365-days-version-3,2026-09-09T10:09:45.697Z,e7ae43d4a2ed358f6bb3eedc8d26aa969e276f0b827f40684d8daba197aecbc2,9c6d0edbe3b6260c1bfe8d25b626c9692b51db794fc47cc795040f8a8253895d,,
361326,ADAMS COUNTY REGIONAL MEDICAL CENTER,OH,publisher-date-review,publisher-issue,declared-update-date-over-365-days,"Publisher inquiry with the recorded file URL, declared date and response hash; recheck after their update window",https://acrmc.com/wp-content/uploads/2025/03/cms-hpt.txt,206,2026-09-09T10:09:45.234Z,,https://acrmc.com/wp-content/uploads/2025/03/81-2817266_Adams-County-Regional-Medical-Center_standardcharges-1.zip,206,https://acrmc.com/wp-content/uploads/2025/03/81-2817266_Adams-County-Regional-Medical-Center_standardcharges-1.zip,corroborated,file-name-and-address,Adams County Regional Medical Center,Adams County Regional Medical Center,OH,2024-12-25,2.2.0,date-over-365-days,2026-09-09T10:09:45.876Z,6260e34831d7e4ace27b5276dc06efebc0f65fa1de2ae13f81ac3b2fc6c97b1c,e0039b775f61ded216f39765e9d89640e728251780abd14257b0e01a270ed19a,,Same declared date 2024-12-25 observed again after the earlier check (2026-09-09T01:50:05.529Z).
361329,WYANDOT MEMORIAL HOSPITAL,OH,publisher-date-review,publisher-issue,declared-update-date-over-365-days,"Publisher inquiry with the recorded file URL, declared date and response hash; recheck after their update window",https://wyandotmemorial.org/cms-hpt.txt,206,2026-09-09T10:09:45.494Z,,https://www.wyandotmemorial.org/wp-content/uploads/2025/04/WMH-MRF-PT-4.8-4-increased.csv,206,https://www.wyandotmemorial.org/wp-content/uploads/2025/04/WMH-MRF-PT-4.8-4-increased.csv,corroborated,file-name-and-address,Wyandot Memorial Hospital,Wyandot Memorial Hospital,OH,2024-12-31,2.0.0,date-over-365-days,2026-09-09T10:09:45.985Z,e299d40b071c2f73e533c2545447763214a841e4818cb23fb609c5ed715bb229,5400ab001e320801acb986eb13ff0bcf28604afc2c293574c643ca47f30c8e65,,Same declared date 2024-12-31 observed again after the earlier check (2026-09-09T01:50:07.412Z).
361333,FULTON COUNTY HEALTH CENTER,OH,pointer-or-domain-review,unresolved,,Official-domain discovery: confirm the roster facility controls a domain exposing cms-hpt.txt before assigning it,https://fultoncountyhealthcenter.org/cms-hpt.txt,"curl: (28) Connection timed out after 8007 milliseconds
",2026-09-09T11:38:51.533Z,,,,,,,,,,,,,,,,,
363303,AKRON CHILDREN'S HOSPITAL,OH,file-access-review,unresolved,,"Compare the parsed header against facility aliases, renames and campus entries; extend the capped read only if metadata may sit beyond it",https://www.akronchildrens.org/cms-hpt.txt,206,2026-09-09T10:09:56.873Z,,https://akronchildrens.pt.panaceainc.com/MRFDownload/akronchildrens/akronchildrenshospital,200,https://mrf.panaceainc.com/Download.aspx?org=akronchildrens&loc=akronchildrenshospital&ref=,mrf-header-name-without-location,,Children's Hospital Medical Center of Akron,Akron Children's Hospital Main Campus | Akron Children's Hospital Mahoning Valley,OH,2025-11-11,3.0.0,date-within-365-days-version-3,2026-09-09T10:09:59.688Z,123fdeafa956d25824f26be63821ece7712ec0e5fc2b7c746ae5596d9899532b,381120608132a5ad7c4b7b63ba081bbd90eb1403fb11b8bc946fadc63bc9e13b,,
364048,HAVEN BEHAVIORAL HOSPITAL OF DAYTON,OH,identity-or-format-review,unresolved,file-belongs-to-other-facility,Adjudicate facility identity: locate this facility's own pointer/file; do not reuse the shared-provider finding,https://oceanshealthcare.com/cms-hpt.txt,200,2026-09-09T10:37:41.695Z,,https://oceanshealthcare.com/wp-content/uploads/2026/07/260394526_Haven-Behavioral-Hospital-of-Phoenix_standardcharges.csv,206,https://oceanshealthcare.com/wp-content/uploads/2026/07/260394526_Haven-Behavioral-Hospital-of-Phoenix_standardcharges.csv,other-facility,,Haven Behavioral Hospital of Phoenix,Haven Behavioral Hospital of Phoenix,AZ,2026-04-01,3.0.0,date-within-365-days-version-3,2026-09-09T10:45:56.609Z,fe305d68ba0482c5d0d77c51f2f2efc5a60fdb5a906272cc0dcd1805333cb6f1,8ed761e46b2534c737c4a297c8c127ee5da305227436af70e0b481b908e79c7a,,
370002,Integris Health Woodward Hospital,OK,pointer-or-domain-review,unresolved,,Official-domain discovery: confirm the roster facility controls a domain exposing cms-hpt.txt before assigning it,https://integrishealth.org/cms-hpt.txt,403,2026-09-09T11:38:32.064Z,,,,,,,,,,,,,,,,,
370006,INTEGRIS HEALTH PONCA CITY,OK,pointer-or-domain-review,unresolved,,Official-domain discovery: confirm the roster facility controls a domain exposing cms-hpt.txt before assigning it,https://integrishealth.org/cms-hpt.txt,403,2026-09-09T11:38:32.064Z,,,,,,,,,,,,,,,,,
370008,NORMAN REGIONAL,OK,publisher-template-review,publisher-issue,template-version-older-than-3,Publisher inquiry about the declared template version; recheck after their update window,https://www.normanregional.com/cms-hpt.txt,206,2026-09-09T10:09:57.200Z,,https://www.normanregional.com/documents/736048282_norman-regional-health-system_standardcharges.csv,206,https://www.normanregional.com/documents/736048282_norman-regional-health-system_standardcharges.csv,corroborated,file-name-and-address,Norman Regional Health System,Norman Regional Health System|Norman Regional Hospital|Norman Regional Moore |Norman Regional Nine ,OK,2026-01-01,2.2.0,date-within-365-days-older-version,2026-09-09T10:09:58.632Z,ce32092064ca2bbee9c37c7bce5ce7dd23fed443c081e6ac938dbb6a1e2c82e6,fe703ed30683c703ed57d210c19b91e16db0988f77cf116bf4d6b9f7e46bafc0,,Declared version 2.2.0 with a current date; publisher has not adopted the current CMS dictionary.
370083,PUSHMATAHA HOSPITAL,OK,publisher-date-review,publisher-issue,automated-file-access-denied,"Browser download attempt, then publisher whitelist request with the recorded denial evidence",https://pushmatahahospital.com/cms-hpt.txt,403,2026-09-09T10:07:52.198Z,,https://pushmatahahospital.com/images/docs/736069650_pushmataha-county---city-of-antlers-hospital-authority_standardcharges.csv,403,,,,,,,,,,2026-09-09T10:37:43.599Z,,,,Automated retrieval denied while the earlier pass corroborated facility identity from this URL; not evidence of a missing file.
370093,O U MEDICAL CENTER,OK,identity-or-format-review,unresolved,,"Compare the parsed header against facility aliases, renames and campus entries; extend the capped read only if metadata may sit beyond it",https://www.ouhealth.com/cms-hpt.txt,206,2026-09-09T10:09:57.966Z,,https://apim.services.craneware.com/api-pricing-transparency/api/public/ebdcd27316bbcd47fb02c60d601d05cc/charges/mrf,200,https://apim.services.craneware.com/api-pricing-transparency/api/public/ebdcd27316bbcd47fb02c60d601d05cc/charges/mrf,corroborated-adjudicated,renamed-facility-pointer-label-and-roster-address,OU Health - University of Oklahoma Medical Center,OU Health|OU Health - University of Oklahoma Medical Center|Oklahoma Childrens Hospital OU Health|OU Health Edmond Medical Center,OK,2026-07-29,3.0.0,date-within-365-days-version-3,2026-09-09T10:09:59.490Z,3279f6515519d02a5011bc3ecfba5fd9fd2ef526ae80931dea57d67991a22bc2,77fa8bcf8625fddd7c88f2576e5688285ed105ceb9ea3aa1b81365675b156e93,renamed-facility-pointer-label-and-roster-address,
370097,SOUTHWESTERN MEDICAL CENTER,OK,pointer-or-domain-review,unresolved,,Official-domain discovery: confirm the roster facility controls a domain exposing cms-hpt.txt before assigning it,https://swmconline.com/cms-hpt.txt,"curl: (60) schannel: SNI or certificate check failed: SEC_E_WRONG_PRINCIPAL (0x80090322) - The target principal name is incorrect.
More details here: https://c",2026-09-09T11:38:32.260Z,,,,,,,,,,,,,,,,,
370199,"LAKESIDE WOMEN'S HOSPITAL, A MEMBER OF INTEGRIS HE",OK,pointer-or-domain-review,unresolved,,Official-domain discovery: confirm the roster facility controls a domain exposing cms-hpt.txt before assigning it,https://integrishealth.org/cms-hpt.txt,403,2026-09-09T11:38:32.064Z,,,,,,,,,,,,,,,,,
370201,SURGICAL HOSPITAL OF OKLAHOMA,OK,identity-or-format-review,publisher-issue,file-declares-conflicting-license-state,Publisher inquiry: ask the facility to correct the license_state field in the file header; recheck on their update,https://surgicalhospitalok.net/cms-hpt.txt,206,2026-09-09T10:09:57.908Z,,https://surgicalhospitalok.net/sho__2026_standard_charges__v1_0_0_tall__2026-08-17T16_41_17.728462979Z.csv,206,https://surgicalhospitalok.net/sho__2026_standard_charges__v1_0_0_tall__2026-08-17T16_41_17.728462979Z.csv,license-state-conflict,exact-name-and-address-with-conflicting-license-state,Surgical Hospital of Oklahoma,Surgical Hospital of Oklahoma,KS,2026-08-17,3.0.0,,2026-09-09T10:09:58.911Z,7cfd2db9015234963b2598a30c64e16740cdc8e2cf2538c60a378ab4a05b1fc3,c12f81a517b90053103192e2675446a50d7b3998c2314e666b1f87067cc888bb,,File header declares license state KS while the roster state is OK; the name and address match the roster exactly and the official pointer lists the file.
370203,"COMMUNITY HOSPITAL, LLC",OK,pointer-or-domain-review,unresolved,,Official-domain discovery: confirm the roster facility controls a domain exposing cms-hpt.txt before assigning it,https://communityhospitalokc.com/cms-hpt.txt,403,2026-09-09T11:38:32.243Z,,,,,,,,,,,,,,,,,
370222,MCBRIDE ORTHOPEDIC HOSPITAL,OK,identity-or-format-review,unresolved,,"Compare the parsed header against facility aliases, renames and campus entries; extend the capped read only if metadata may sit beyond it",https://mcboh.com/cms-hpt.txt,206,2026-09-09T10:09:57.954Z,,https://secure.claraprice.net/price-transparency/VDLQ-1687968511716/machine-readable/200561474_mcbride-orthopedic-hospital_standardcharges.json,200,https://secure.claraprice.net/price-transparency/VDLQ-1687968511716/machine-readable/200561474_mcbride-orthopedic-hospital_standardcharges.json,mrf-header-has-no-license-state,,McBride Orthopedic Hospital,,,,,date-unverified,2026-09-09T10:11:02.047Z,91e6799ba29d3a03ae625c3a7c362746598680506e597e824fec3ae1141f71b4,a1215f60dd61a741b44df6d0fa32a2c9364ad1f28c8177a763579e2f002c10f7,,
371307,CIMARRON MEMORIAL HOSPITAL,OK,publisher-date-review,unresolved,,Publisher inquiry on the recorded declared date; recheck after their update window,https://cmhok.com/cms-hpt.txt,206,2026-09-09T10:09:58.126Z,,https://secure.claraprice.net/price-transparency/RSPS-1743612723843/machine-readable/736060907_cimarron-memorial-hospital_standardcharges.json,200,https://secure.claraprice.net/price-transparency/RSPS-1743612723843/machine-readable/736060907_cimarron-memorial-hospital_standardcharges.json,mrf-header-has-no-license-state,,Cimarron Memorial Hospital,,,,,date-unverified,2026-09-09T10:11:15.261Z,b49ccece999db6125c315576aa5efb8c14a561dec3fbc496159d47223435e5c4,f74b8ef4aa1bc8e1005a8b2f294db02f828e147174447bf3d85010ce24f7e09d,,
371314,THE PHYSICIANS' HOSPITAL IN ANADARKO,OK,pointer-or-domain-review,unresolved,,Official-domain discovery: confirm the roster facility controls a domain exposing cms-hpt.txt before assigning it,https://rwanadarko.com/cms-hpt.txt,206,2026-09-09T12:39:00.845Z,,https://rwanadarko.com/wp-content/uploads/872889222_rural-wellness-anadarko_standardcharges.json,206,https://rwanadarko.com/wp-content/uploads/872889222_rural-wellness-anadarko_standardcharges.json,corroborated-adjudicated,renamed-facility-pointer-label-and-roster-address,Rural Wellness Anadarko Inc,Rural Wellness Anadarko,OK,2026-03-23,3.0.0,date-within-365-days-version-3,2026-09-09T12:40:12.735Z,1e7a7aa9a155ec3b89c63900d5956401e388f70bafd757e9a8c91e22e0f3603e,cf4707569d0890ca60bb65ee1ac9e876e30a217de116821900a5a47e4deeb777,renamed-facility-pointer-label-and-roster-address,
371320,CLEVELAND AREA HOSPITAL,OK,publisher-date-review,publisher-issue,declared-update-date-over-365-days,"Publisher inquiry with the recorded file URL, declared date and response hash; recheck after their update window",https://f01f54e7-88bc-4da1-b172-3386a48f3183.usrfiles.com/ugd/f01f54_5b7c18cab1b84eb5b51ddd5342367a52.txt,206,2026-09-09T10:09:58.467Z,,https://www.clevelandareahospital.com/_files/ugd/f01f54_5b69ac08fe9841c9a70139a0ce50a4ca.csv?dn=263778478_cleveland-area-hospital_standardcharges.csv,206,https://www.clevelandareahospital.com/_files/ugd/f01f54_5b69ac08fe9841c9a70139a0ce50a4ca.csv?dn=263778478_cleveland-area-hospital_standardcharges.csv,corroborated,file-name-and-address,CLEVELAND AREA HOSPITAL,CLEVELAND AREA HOSPITAL|CLEVELAND AREA HOSPITAL,OK,2025-03-04,2.0.0,date-over-365-days,2026-09-09T10:09:59.301Z,c7f228254dfd8f49605a213961fc295cd7c1a921e5272b1564d6a6da9e9b0110,99845a5049b5f5e5ad2926dcba32c9ec5434dc2d4092be2a916546e350f18d9e,,Same declared date 2025-03-04 observed again after the earlier check (2026-09-09T01:50:07.458Z).
371322,BEAVER COUNTY MEMORIAL HOSPITAL,OK,pointer-or-domain-review,unresolved,,Official-domain discovery: confirm the roster facility controls a domain exposing cms-hpt.txt before assigning it,https://beavercountyhospitalauthority.com/cms-hpt.txt,"curl: (28) Connection timed out after 8004 milliseconds
",2026-09-09T11:38:52.268Z,,,,,,,,,,,,,,,,,
380005,ASANTE ASHLAND COMMUNITY HOSPITAL,OR,pointer-or-domain-review,unresolved,,Browser download attempt on the recorded file URL; a failed automated request is not evidence the file is absent,https://www.asante.org/cms-hpt.txt,403,2026-09-09T10:09:58.905Z,,,,,,,,,,,,,,,,,
380102,SACRED HEART MEDICAL CENTER - RIVERBEND,OR,pointer-or-domain-review,unresolved,,Official-domain discovery: confirm the roster facility controls a domain exposing cms-hpt.txt before assigning it,https://www.peacehealth.org/cms-hpt.txt,403,2026-09-09T11:38:32.774Z,,,,,,,,,,,,,,,,,
381301,PEACEHEALTH COTTAGE GROVE COMMUNITY MEDICAL CENTER,OR,pointer-or-domain-review,unresolved,,Official-domain discovery: confirm the roster facility controls a domain exposing cms-hpt.txt before assigning it,https://www.peacehealth.org/cms-hpt.txt,403,2026-09-09T11:38:32.774Z,,,,,,,,,,,,,,,,,
381316,PEACE HARBOR MEDICAL CENTER,OR,pointer-or-domain-review,unresolved,,Official-domain discovery: confirm the roster facility controls a domain exposing cms-hpt.txt before assigning it,https://www.peacehealth.org/cms-hpt.txt,403,2026-09-09T11:38:32.774Z,,,,,,,,,,,,,,,,,
381317,ADVENTIST HEALTH TILLAMOOK,OR,identity-or-format-review,unresolved,,"Compare the parsed header against facility aliases, renames and campus entries; extend the capped read only if metadata may sit beyond it",https://www.adventisthealth.org/cms-hpt.txt,206,2026-09-09T10:07:03.540Z,,https://apps.para-hcfs.com/PTT/FinalLinks/Reports.aspx?dbName=dbAHTTILLAMOOKOR&type=CDMWithoutLabel&fileType=CSV,200,https://apps.para-hcfs.com/PTT/FinalLinks/Reports.aspx?dbName=dbAHTTILLAMOOKOR&type=CDMWithoutLabel&fileType=CSV,corroborated-adjudicated,renamed-facility-pointer-label-and-roster-address,NORTHWEST MEDICAL FOUNDATION OF TILLAMOOK,NORTHWEST MEDICAL FOUNDATION OF TILLAMOOK,OR,2026-05-22,3.0.0,date-within-365-days-version-3,2026-09-09T10:45:52.793Z,c6d8fb5a104c88f16439950764213f118d0c883d4e71f285d7021627392917e5,d3c9309ab3b50e81180baa52bf43c194b904fc71759492b477a3c959d18514c1,renamed-facility-pointer-label-and-roster-address,
381321,GRANDE RONDE HOSPITAL,OR,file-access-review,publisher-issue,pointer-declared-file-404,Publisher inquiry to restore or replace the declared file; recheck after their update window,https://res.cloudinary.com/dpmykpsih/raw/upload/grande-ronde-2024-site-487/media/r/c2c54056abfc458fbae9748c1bb9db93/cms-hpt.txt,206,2026-09-09T10:09:58.807Z,,https://www.grh.org/clientfiles/GetFile/930505325_grande-ronde-hospital_standardcharges.csv,404,https://www.grh.org/clientfiles/GetFile/08-2026_930505325_grande-ronde-hospital_standardcharges.csv,corroborated,file-name-and-address,Grande Ronde Hospital,Grande Ronde Hospital,OR,2026-03-31,3.0.0,date-within-365-days-version-3,2026-09-09T10:47:26.073Z,68adac30413c8f38c94ef6d722d2870489baa2afba39e81cee6664c084eab955,96f7c679f92613f1753016cea5787e4e3c7adf5bcb87b9bc8bd36297c7a09df6,,The official pointer declares this file URL and it returns 404 on repeated checks; reproducible broken link.
384008,OREGON STATE HOSPITAL DISTINCT PART,OR,pointer-or-domain-review,unresolved,,Official-domain discovery: confirm the roster facility controls a domain exposing cms-hpt.txt before assigning it,https://www.oregon.gov/cms-hpt.txt,404,2026-09-09T11:38:33.338Z,,,,,,,,,,,,,,,,,
390030,SCHUYLKILL MEDICAL CENTER - SOUTH JACKSON STREET,PA,pointer-or-domain-review,unresolved,,"Compare the parsed header against facility aliases, renames and campus entries; extend the capped read only if metadata may sit beyond it",https://www.lvhn.org/sites/default/files/2026-03/cms-hpt.txt,200,2026-09-09T10:09:59.660Z,,https://lvhn.pt.panaceainc.com/MRFDownload/lvhn/Schuylkill,200,https://mrf.panaceainc.com/Download.aspx?org=lvhn&loc=Schuylkill&ref=,corroborated-adjudicated,renamed-facility-pointer-label-and-roster-address,LEHIGH VALLEY HOSPITAL - SCHUYLKILL,Lehigh Valley Hospital - Schuylkill S. Jackson Street | Lehigh Valley Hospital - Schuylkill E. Norwegian Street,PA,2026-07-01,3.0.0,date-within-365-days-version-3,2026-09-09T10:09:59.850Z,eb79e48da1fb0d91177d8699ff96755c3a99a6d7283bf8ee9d8dd56aab94dfd2,c09768b84e94c20a72d9cceca3b11a5ea92c7b931ce29ab5810f7a3df7795493,renamed-facility-pointer-label-and-roster-address,
390056,PENN HIGHLANDS HUNTINGDON,PA,file-access-review,correction-verified,,Applied to the local reviewed ledger,https://www.phhealthcare.org/cms-hpt.txt,200,2026-09-09T10:09:59.656Z,https://www.phhealthcare.org/download/?id=15373,https://www.phhealthcare.org/download/?id=15373,200,https://www.phhealthcare.org/download/?id=15373,corroborated,file-name-and-address,Penn Highlands Huntingdon,Penn Highlands Huntingdon|Penn Highlands State College,PA,2026-04-01,3.0.0,date-within-365-days-version-3,2026-09-09T14:42:25.409Z,f4228a4c568c733f22fc505df9023323776c81df7cce3348710a9095107aec10,cef449b7cbc82ae5daa58dbabfec626ea5e2f4c8c350f9b7ee5e34d3a898e3b4,,Correction verified and already recorded in the reviewed ledger.
390086,PENN HIGHLANDS DUBOIS,PA,file-access-review,publisher-issue,declared-update-date-over-365-days,"Publisher inquiry with the recorded file URL, declared date and response hash; recheck after their update window",https://www.phhealthcare.org/cms-hpt.txt,200,2026-09-09T10:09:59.656Z,,https://www.phhealthcare.org/download/?id=15371,200,https://www.phhealthcare.org/download/?id=15371,corroborated,file-name-and-address,Penn Highlands Dubois,Penn Highlands Dubois|Penn Highlands Clearfield|Penn Highlands DuBois Behavorial Health,PA,2025-08-01,2.2.0,date-over-365-days,2026-09-09T14:42:25.445Z,f4228a4c568c733f22fc505df9023323776c81df7cce3348710a9095107aec10,1d6ebf8fc96ff5680005398dc7d72d6550e97bd61782d9ee4d9c06e433bd2cc7,,Declared date over 365 days at check time.
390093,INDEPENDENCE HEALTH SYSTEM CLARION HOSPITAL,PA,identity-or-format-review,unresolved,,"Compare the parsed header against facility aliases, renames and campus entries; extend the capped read only if metadata may sit beyond it",https://www.butlerhealthsystem.org/cms-hpt.txt,206,2026-09-09T10:10:14.313Z,,https://www.independence.health/documents/content/251010039_Butler-Clarion_standardcharges.csv,206,https://www.independence.health/documents/content/251010039_Butler-Clarion_standardcharges.csv,mrf-header-does-not-match-unresolved-roster,,Clarion Hospital,Clarion Hospital,PA,2026-01-01,3.0.0,date-within-365-days-version-3,2026-09-09T10:10:12.960Z,3a33c62fbbf0201360099e663e7b84f86c8d7be3a4a8825333b9db963e840c96,b23bbbc976a37fd6f421ef9c4ac41bdebedb3b835c29b9434bc4bae0fd001c81,,
390116,SUBURBAN COMMUNITY HOSPITAL,PA,identity-or-format-review,unresolved,,Browser download attempt on the recorded file URL; a failed automated request is not evidence the file is absent,https://suburbanhosp.org/cms-hpt.txt,403,2026-09-09T10:10:10.941Z,,,,,,,,,,,,,,,,,
390125,WAYNE MEMORIAL HOSPITAL,PA,publisher-template-review,publisher-issue,template-version-older-than-3,Publisher inquiry about the declared template version; recheck after their update window,https://www.wmh.org/wp-content/uploads/2026/04/cms-hpt.txt,206,2026-09-09T10:10:13.526Z,,https://www.wmh.org/wp-content/uploads/2026/04/240798839_wayne-memorial-hospital_standardcharges.csv,206,https://www.wmh.org/wp-content/uploads/2026/04/240798839_wayne-memorial-hospital_standardcharges.csv,corroborated,file-name-and-address,Wayne Memorial Hospital ,Wayne Memorial Hospital ,PA,2026-03-11,2.0.0,date-within-365-days-older-version,2026-09-09T10:10:13.397Z,290f85ba8f8cc538544c0307f743d5209313ae9cedc17a2f8ea3ecbba0baacd2,576687752191dc11de630375286128d06a98ddd1aecfed93d3a66004231a6c8d,,Declared version 2.0.0 with a current date; publisher has not adopted the current CMS dictionary.
390137,WILKES-BARRE GENERAL HOSPITAL,PA,pointer-or-domain-review,publisher-issue,declared-update-date-over-365-days,"Publisher inquiry with the recorded file URL, declared date and response hash; recheck after their update window",,,,,https://commonwealthhealth.net/wp-content/uploads/sheets/263632648_wilkes-barre-general-hospital_standardcharges.csv,206,https://commonwealthhealth.net/wp-content/uploads/sheets/263632648_wilkes-barre-general-hospital_standardcharges.csv,corroborated,file-name-and-address,Wilkes-Barre General Hospital,Wilkes-Barre General Hospital,PA,2024-12-01,2.0.0,date-over-365-days,2026-09-09T10:10:13.157Z,,2b5272f6283d22e11c0b1f7e404d5ae8a38075382123fe7936e1c281a635d8f0,,Same declared date 2024-12-01 observed again after the earlier check (2026-09-09T02:31:33.350Z).
390146,WARREN GENERAL HOSPITAL,PA,metadata-or-pointer-review,publisher-issue,template-version-older-than-3,Publisher inquiry about the declared template version; recheck after their update window,https://static1.squarespace.com/static/64011f10da897a3162ea8900/t/6776f053cd105d551055e8f0/1735848019153/cms-hpt.txt,206,2026-09-09T10:10:11.022Z,,https://www.wgh.org/s/250965598_warren-general-hospital_standardcharges.csv,206,https://static1.squarespace.com/static/64011f10da897a3162ea8900/t/69c2f9644677087da232d22d/1774385508257/250965598_warren-general-hospital_standardcharges.csv,corroborated,file-name-and-address,Warren General Hospital ,Warren General Hospital ,PA,2026-03-12,2.0.0,date-within-365-days-older-version,2026-09-09T10:10:13.059Z,c594f76e2ca2e86b6acaaf7494e9f1c295ef8f1e20c385ad1f077eae5d0f8aad,f20471e9b8e1d8ff847c6bebef5da330055970f981fcd311773e9e59d08a7103,,Declared version 2.0.0 with a current date; publisher has not adopted the current CMS dictionary.
390147,PENN HIGHLANDS MON VALLEY,PA,file-access-review,correction-verified,,Applied to the local reviewed ledger,https://www.phhealthcare.org/cms-hpt.txt,200,2026-09-09T10:09:59.656Z,https://www.phhealthcare.org/download/?id=14847,https://www.phhealthcare.org/download/?id=14847,200,https://www.phhealthcare.org/download/?id=14847,corroborated,file-name-and-address,Monogahela Valley Hospital,Penn Highlands Mon Valley,PA,2026-02-02,3.0.0,date-within-365-days-version-3,2026-09-09T14:42:25.473Z,f4228a4c568c733f22fc505df9023323776c81df7cce3348710a9095107aec10,a1a752254530ca26a5a3190f1810293293339fb64a71622fac4e4c4906ba4303,,Correction verified and already recorded in the reviewed ledger.
390168,INDEPENDENCE HEALTH SYSTEM BUTLER MEMORIAL HOSPITA,PA,identity-or-format-review,unresolved,,"Compare the parsed header against facility aliases, renames and campus entries; extend the capped read only if metadata may sit beyond it",https://www.butlerhealthsystem.org/cms-hpt.txt,206,2026-09-09T10:10:14.313Z,,https://www.independence.health/documents/content/250965274_Butler-Memorial_StandardCharges.csv,206,https://www.independence.health/documents/content/250965274_Butler-Memorial_StandardCharges.csv,mrf-header-does-not-match-unresolved-roster,,Butler Healthcare Providers_ DBA Butler Memorial Hospital,Butler Memorial Hospital,PA,2026-01-01,3.0.0,date-within-365-days-version-3,2026-09-09T10:10:15.147Z,3a33c62fbbf0201360099e663e7b84f86c8d7be3a4a8825333b9db963e840c96,e0a36a4e75160508553d496ff41245ee0fefe968eaa242b7e8c3c449ead5d27a,,
390180,CROZER CHESTER MEDICAL CENTER,PA,pointer-or-domain-review,unresolved,,Official-domain discovery: confirm the roster facility controls a domain exposing cms-hpt.txt before assigning it,https://crozerhealth.org/cms-hpt.txt,404,2026-09-09T11:38:32.756Z,,,,,,,,,,,,,,,,,
390184,PENN HIGHLANDS CONNELLSVILLE,PA,file-access-review,correction-verified,,Applied to the local reviewed ledger,https://www.phhealthcare.org/cms-hpt.txt,200,2026-09-09T10:09:59.656Z,https://www.phhealthcare.org/download/?id=14597,https://www.phhealthcare.org/download/?id=14597,200,https://www.phhealthcare.org/download/?id=14597,corroborated,file-name-and-address,Highlands Hospital,Penn Highlands Connellsville,PA,2026-02-02,3.0.0,date-within-365-days-version-3,2026-09-09T14:42:25.491Z,f4228a4c568c733f22fc505df9023323776c81df7cce3348710a9095107aec10,dd06a6f5bb5ce5972d55c9c9ad9559e7243c14e39a5255343bd63342442e04b3,,Correction verified and already recorded in the reviewed ledger.
390211,SHARON REGIONAL MEDICAL CENTER,PA,pointer-or-domain-review,unresolved,,"Compare the parsed header against facility aliases, renames and campus entries; extend the capped read only if metadata may sit beyond it",,,,,https://sharonregionalhealthsystem.org/wp-content/uploads/2025/05/332621724_SharonRegional_standardcharges.zip,206,https://sharonregionalhealthsystem.org/wp-content/uploads/2025/05/332621724_SharonRegional_standardcharges.zip,mrf-header-does-not-match-unresolved-roster,,Sharon Regional Health System,Steward Sharon Regional Health System,PA,2024-07-04,2.0.0,date-over-365-days,2026-09-09T10:10:13.674Z,,7560c5af405f5699c5c6c108dea3772f3b960c9c38b3585ba602f8e7e8f6d17c,,
390219,EXCELA HEALTH LATROBE HOSPITAL,PA,identity-or-format-review,unresolved,,"Compare the parsed header against facility aliases, renames and campus entries; extend the capped read only if metadata may sit beyond it",https://www.excelahealth.org/cms-hpt.txt,206,2026-09-09T10:10:12.189Z,,https://www.independence.health/documents/content/250965414_LatrobeAreaHospital_StandardCharges.csv,206,https://www.independence.health/documents/content/250965414_LatrobeAreaHospital_StandardCharges.csv,mrf-header-does-not-match-unresolved-roster,,Independence Health System Latrobe Area Hospital,Latrobe Area Hospital,PA,2025-12-17,3.0.0,date-within-365-days-version-3,2026-09-09T10:10:15.777Z,3a33c62fbbf0201360099e663e7b84f86c8d7be3a4a8825333b9db963e840c96,d8959d491315ccc6473e39c4e8bb3e7e6c1640ccdcb01eadcb8bf65927b7ff18,,
390237,REGIONAL HOSPITAL OF SCRANTON,PA,pointer-or-domain-review,unresolved,,"Compare the parsed header against facility aliases, renames and campus entries; extend the capped read only if metadata may sit beyond it",,,,,https://commonwealthhealth.net/wp-content/uploads/sheets/452672023_moses-taylor-hospital_standardcharges.csv,206,https://commonwealthhealth.net/wp-content/uploads/sheets/452672023_moses-taylor-hospital_standardcharges.csv,mrf-header-name-without-location,,Regional Hospital of Scranton,Moses Taylor Hospital,PA,2024-12-02,2.0.0,date-over-365-days,2026-09-09T10:10:14.929Z,,293716615e79a03bcf3fd9c168eb56e670cff9401b8ff9a00b3e698e049567ef,,
390270,GEISINGER WYOMING VALLEY MEDICAL CENTER,PA,identity-or-format-review,unresolved,,"Record the direct file URL behind the web page served at the recorded file URL (browser or manual download), then re-verify",https://www.geisinger.org/cms-hpt.txt,200,2026-09-09T10:10:11.742Z,,https://www.geisinger.org/-/media/OneGeisinger/pdfs/ghs/patient-care/patients-and-visitors/billing-and-insurance/hosp-charges-csv/23-1996150_Geisinger-Wyoming-Valley_standardcharges,200,"https://validate.perfdrive.com/?ssa=ae9ca3e5-9343-4c85-9d3b-81d2702cd962&ssb=36006239374&ssc=https%3A%2F%2Fwww.geisinger.org%2F-%2Fmedia%2FOneGeisinger%2Fpdfs%2Fghs%2Fpatient-care%2Fpatients-and-visitors%2Fbilling-and-insurance%2Fhosp-charges-csv%2F23-1996150_Geisinger-Wyoming-Valley_standardcharges&ssi=aa62ed03-d5ku-402f-94f2-53dbac76e0b9&ssk=[email removed]&ssm=40110141204717488109345112499068&ssn=e5c381bae47cf2663d86d52302e101bb180afc6550d4-156c-4455-8dc2cb&sso=f5c76fae-bbabb167eea95e478116245d62fa686588fe66688ceb4a9e&ssp=02183675171788982309178890085795724&ssq=43989674861359035752648613316717341166399&ssr=MzcuMTkuMjIwLjE5Nw==&sst=Mozilla/5.0%20(Windows%20NT%2010.0;%20Win64;%20x64)%20AppleWebKit/537.36%20(KHTML,%20like%20Gecko)%20Chrome/131.0.0.0%20Safari/537.36&ssu=&ssv=&ssw=&ssx=eyJyZCI6ImdlaXNpbmdlci5vcmciLCJ1em14IjoiN2ZjMDAwYzBmNDE5NmUtOGU1Yy00NWQ4LTkzYWEtMmM5MWJjODY0ODE1MS0xNzg4OTQ4NjEzNTgxMC0wMDRmZWQ5NmNiZjgwMDFmZWFjMTAiLCJfX3V6bWYiOiI3ZjkwMDBmYzY1NTBkNC0xNTZjLTQ0NTUtOGZhZS1iYmFiYjE2N2VlYTkxLTE3ODg5NDg2MTM1ODEwLTAwNDIyMDIyOWJmNjI2ZTRlYWYxMCJ9",mrf-header-has-no-license-state,,,,,,,date-unverified,2026-09-09T10:10:11.975Z,7c341ce9c841fce9e9a473d312569f63241e68c1676eb2669fdbf1aa18f69e36,7dad8c438cda839842f23911a945295537474d3a51ec1199938ca6df0801144d,,
390272,VALLEY FORGE MEDICAL CENTER,PA,identity-or-format-review,publisher-issue,template-version-older-than-3,Publisher inquiry about the declared template version; recheck after their update window,https://cdn.prod.website-files.com/6684743004f3e45bc8afff2e/693883d6049ac7d72bb67020_cms-hpt.txt,206,2026-09-09T10:10:12.252Z,,https://cdn.prod.website-files.com/6684743004f3e45bc8afff2e/692f679ae69474d0c09a68b8_863012091_avenuesrecovery_valleyforge_standardcharges_v2_tall_filled_fixcode_clean_codetype.csv,206,https://cdn.prod.website-files.com/6684743004f3e45bc8afff2e/692f679ae69474d0c09a68b8_863012091_avenuesrecovery_valleyforge_standardcharges_v2_tall_filled_fixcode_clean_codetype.csv,corroborated-adjudicated,renamed-facility-pointer-label-and-roster-address,Avenues Recovery Medical Center at Valley Forge,Avenues Recovery Medical Center at Valley Forge,PA,2025-12-02,2.0.0,date-within-365-days-older-version,2026-09-09T10:10:12.069Z,a52a418fa9014a650fd871cb5c5328b96bda6c6091498da4b0cc3a31b18afc21,5d310a89ebc6bb4614dcc455c2edcd690a3f4e5e226980349352b513291294cf,renamed-facility-pointer-label-and-roster-address,Declared version 2.0.0 with a current date; publisher has not adopted the current CMS dictionary.
390278,EAGLEVILLE HOSPITAL,PA,pointer-or-domain-review,unresolved,lead-domain-names-facility-no-pointer,Browser pricing-page walk on the named domain to locate the pointer or its replacement,https://eaglevillehospital.com/cms-hpt.txt,"curl: (56) schannel: server closed abruptly (missing close_notify)
",2026-09-09T11:38:33.480Z,,,,,,,,,,,,,,,,,Lead domain https://eaglevillehospital.com/ names the facility on its homepage but serves no readable cms-hpt.txt at the standard location; homepage evidence retained.
390307,EDGEWOOD SURGICAL HOSPITAL,PA,pointer-or-domain-review,unresolved,lead-domain-names-facility-no-pointer,Browser pricing-page walk on the named domain to locate the pointer or its replacement,https://edgewoodsurgical.com/cms-hpt.txt,404,2026-09-09T11:38:33.992Z,,,,,,,,,,,,,,,,,Lead domain https://edgewoodsurgical.com/ names the facility on its homepage but serves no readable cms-hpt.txt at the standard location; homepage evidence retained.
390316,SURGICAL INSTITUTE OF READING,PA,pointer-or-domain-review,unresolved,,Official-domain discovery: confirm the roster facility controls a domain exposing cms-hpt.txt before assigning it,https://sireading.com/cms-hpt.txt,403,2026-09-09T11:38:33.177Z,,,,,,,,,,,,,,,,,
390325,OSS ORTHOPAEDIC HOSPITAL,PA,identity-or-format-review,publisher-issue,file-published-no-machine-pointer,Publisher inquiry: ask the facility to publish a machine-readable pointer (cms-hpt.txt) alongside the file; the file itself is already verified,https://osshealth.com/cms-hpt.txt,206,2026-09-09T10:10:12.325Z,,https://osshealth.com/uploads/docs/800458999_oss-orthopaedic-hospital_standardcharges_2026-04-09-171951_gboz.csv,206,https://osshealth.com/uploads/docs/800458999_oss-orthopaedic-hospital_standardcharges_2026-04-09-171951_gboz.csv,corroborated,file-name-and-address,OSS Orthopaedic Hospital,OSS Orthopaedic Hospital,PA,2026-04-01,3.0.0,date-within-365-days-version-3,2026-09-09T16:09:00.097Z,d89e07a3fa2dada629f77be91ec02949825d5ce3eeab934982e5b3568180d230,42865d8e62fd7045c6b227e0215c46bceea2b1fe04d30573a1d4ed44d693c29e,,"File served on the facility's own site is current (2026-04-01, version 3.0.0) and its header matches the roster facility, but no machine-readable pointer declares it."
391303,FULTON COUNTY MEDICAL CENTER,PA,publisher-template-review,unresolved,,Browser download attempt on the recorded file URL; a failed automated request is not evidence the file is absent,https://www.fcmcpa.org/cms-hpt.txt,"curl: (28) Connection timed out after 8002 milliseconds
",2026-09-09T10:38:18.996Z,,,,,,,,,,,,,,,,,All recorded file leads failed at transport level again this run (reproducible connection failure).
391304,BUCKTAIL MEDICAL CENTER,PA,file-access-review,unresolved,,"Record the direct file URL behind the web page served at the recorded file URL (browser or manual download), then re-verify",https://bucktailmedicalcenter.org/cms-hpt.txt,200,2026-09-09T10:10:12.768Z,,https://bucktailmedicalcenter.org/wp-content/uploads/2026/04/240701920_bucktail-medical-center_standardcharges-1.zip,206,https://bucktailmedicalcenter.org/wp-content/uploads/2026/04/240701920_bucktail-medical-center_standardcharges-1.zip,corroborated,file-name-and-address,The Bucktail Medical Center,Bucktail Medical Center,PA,2026-03-29,3.0.0,date-within-365-days-version-3,2026-09-09T10:10:13.309Z,a78d278016370ef548afdc9d44f5d6cb7c068e9500ac80ae4bd950e04eebfbeb,cc51b59c9db9940fba2804c59cd354df77539529bdd0b038f8f899959295f1d5,,
391306,ENDLESS MOUNTAINS HEALTH SYSTEMS,PA,metadata-or-pointer-review,publisher-issue,declared-update-date-over-365-days,"Publisher inquiry with the recorded file URL, declared date and response hash; recheck after their update window",,,,,https://www.endlesscare.org/s/232720289_endless-mountains-health-systems_standardcharges.csv,206,https://static1.squarespace.com/static/5e2a43167c7a0842b4db6d5d/t/67c0b51cbf55e12e66fde57d/1740682525645/232720289_endless-mountains-health-systems_standardcharges.csv,corroborated,file-name-and-address,Endless Mountains Health Systems,Montrose PA,PA,2025-02-25,1.10,date-over-365-days,2026-09-09T10:10:13.618Z,,f83d29d3c7c4c7d5180d9e1e089c32308a27aff834b5a25b91c64f409f580cb9,,Same declared date 2025-02-25 observed again after the earlier check (2026-09-09T02:26:34.732Z).
391307,PENN HIGHLANDS TYRONE,PA,file-access-review,correction-verified,,Applied to the local reviewed ledger,https://www.phhealthcare.org/cms-hpt.txt,200,2026-09-09T10:09:59.656Z,https://www.phhealthcare.org/download/?id=15375,https://www.phhealthcare.org/download/?id=15375,200,https://www.phhealthcare.org/download/?id=15375,corroborated,file-name-and-address,Penn Highlands Tyrone,Penn Highlands Tyrone,PA,2026-04-01,3.0.0,date-within-365-days-version-3,2026-09-09T14:42:25.504Z,f4228a4c568c733f22fc505df9023323776c81df7cce3348710a9095107aec10,93d685bc125c9c14fbcb0b67efe3c7259000e377758468784cbaa13e22d23325,,Correction verified and already recorded in the reviewed ledger.
391309,BARNES-KASSON COUNTY HOSPITAL,PA,pointer-or-domain-review,unresolved,,Official-domain discovery: confirm the roster facility controls a domain exposing cms-hpt.txt before assigning it,https://barnes-kasson.org/cms-hpt.txt,"curl: (28) Resolving timed out after 8000 milliseconds
",2026-09-09T11:38:53.233Z,,,,,,,,,,,,,,,,,
391312,PENN HIGHLANDS BROOKVILLE,PA,file-access-review,correction-verified,,Applied to the local reviewed ledger,https://www.phhealthcare.org/cms-hpt.txt,200,2026-09-09T10:09:59.656Z,https://www.phhealthcare.org/download/?id=15368,https://www.phhealthcare.org/download/?id=15368,200,https://www.phhealthcare.org/download/?id=15368,corroborated,file-name-and-address,Penn Highlands Brookville,Penn Highlands Brookville,PA,2026-04-01,3.0.0,date-within-365-days-version-3,2026-09-09T14:42:25.523Z,f4228a4c568c733f22fc505df9023323776c81df7cce3348710a9095107aec10,3af8549ef5461dbb61ce45a5b4dce6e9ffa6a4cdb393fdd7e87d2f6a4585953c,,Correction verified and already recorded in the reviewed ledger.
391315,PENN HIGHLANDS ELK,PA,file-access-review,correction-verified,,Applied to the local reviewed ledger,https://www.phhealthcare.org/cms-hpt.txt,200,2026-09-09T10:09:59.656Z,https://www.phhealthcare.org/download/?id=15372,https://www.phhealthcare.org/download/?id=15372,200,https://www.phhealthcare.org/download/?id=15372,corroborated,file-name-and-address,Penn Highlands Elk,Penn Highlands Elk,PA,2026-04-01,3.0.0,date-within-365-days-version-3,2026-09-09T14:42:25.550Z,f4228a4c568c733f22fc505df9023323776c81df7cce3348710a9095107aec10,c4767aae19f70f7842f8c326c70e893e20b871c0ee1e8cee60f945202acff557,,Correction verified and already recorded in the reviewed ledger.
393304,CHILDREN'S HOME OF PITTSBURGH,PA,publisher-template-review,publisher-issue,automated-file-access-denied,"Browser download attempt, then publisher whitelist request with the recorded denial evidence",https://childrenshomepgh.org/cms-hpt.txt,403,2026-09-09T10:10:13.085Z,,https://www.childrenshomepgh.org/pricetransparency/250965292_the-children's-home-of-pittsburgh_standardcharges.csv,403,,,,,,,,,,2026-09-09T10:10:13.552Z,,,,Automated retrieval denied while the earlier pass corroborated facility identity from this URL; not evidence of a missing file.
394027,FAIRMOUNT BEHAVIORAL HEALTH SYSTEM,PA,pointer-or-domain-review,unresolved,,Official-domain discovery: confirm the roster facility controls a domain exposing cms-hpt.txt before assigning it,https://fairmountbhs.com/cms-hpt.txt,403,2026-09-09T11:38:33.490Z,,,,,,,,,,,,,,,,,
394034,HORSHAM CLINIC,PA,pointer-or-domain-review,unresolved,,Official-domain discovery: confirm the roster facility controls a domain exposing cms-hpt.txt before assigning it,https://horshamclinic.com/cms-hpt.txt,403,2026-09-09T11:38:44.763Z,,,,,,,,,,,,,,,,,
394040,MEADOWS PSYCHIATRIC CENTER,PA,pointer-or-domain-review,unresolved,,Official-domain discovery: confirm the roster facility controls a domain exposing cms-hpt.txt before assigning it,https://themeadows.net/cms-hpt.txt,403,2026-09-09T11:38:44.879Z,,,,,,,,,,,,,,,,,
394043,CLARION PSYCHIATRIC CENTER,PA,pointer-or-domain-review,unresolved,,Official-domain discovery: confirm the roster facility controls a domain exposing cms-hpt.txt before assigning it,https://clarioncenter.com/cms-hpt.txt,403,2026-09-09T11:38:44.986Z,,,,,,,,,,,,,,,,,
394049,BROOKE GLEN BEHAVIORAL HOSPITAL,PA,pointer-or-domain-review,unresolved,,Official-domain discovery: confirm the roster facility controls a domain exposing cms-hpt.txt before assigning it,https://brookeglenhospital.com/cms-hpt.txt,403,2026-09-09T11:38:45.053Z,,,,,,,,,,,,,,,,,
394050,ROXBURY TREATMENT CENTER,PA,pointer-or-domain-review,unresolved,,Official-domain discovery: confirm the roster facility controls a domain exposing cms-hpt.txt before assigning it,https://roxburyhospital.com/cms-hpt.txt,403,2026-09-09T11:38:45.117Z,,,,,,,,,,,,,,,,,
394052,HAVEN BEHAVIORAL HOSPITAL OF EASTERN PENNSYLVANIA,PA,identity-or-format-review,unresolved,,"Compare the parsed header against facility aliases, renames and campus entries; extend the capped read only if metadata may sit beyond it",https://www.havenreading.com/cms-hpt.txt,404,2026-09-09T10:10:13.682Z,,https://oceanshealthcare.com/wp-content/uploads/2026/07/272799973_Haven-Behavioral-Hospital-of-Eastern-Pennsylvania_standardcharges.csv,206,https://oceanshealthcare.com/wp-content/uploads/2026/07/272799973_Haven-Behavioral-Hospital-of-Eastern-Pennsylvania_standardcharges.csv,corroborated,file-name-and-address,Haven Behavioral Hospital of Eastern Pennsylvania,Haven Behavioral Hospital of Eastern Pennsylvania,PA,2026-04-01,3.0.0,date-within-365-days-version-3,2026-09-09T10:10:14.151Z,,4f4f6f55ebee1f1170071a493ab7e8c56dd9e11dd660deef930aa72e4ab05ec5,,
394057,MALVERN BEHAVIORAL HEALTH,PA,pointer-or-domain-review,unresolved,lead-domain-names-facility-no-pointer,Browser pricing-page walk on the named domain to locate the pointer or its replacement,https://malvernbh.com/cms-hpt.txt,"curl: (28) Operation timed out after 11647 milliseconds with 0 bytes received
",2026-09-09T11:39:09.059Z,,,,,,,,,,,,,,,,,Lead domain https://malvernbh.com/ names the facility on its homepage but serves no readable cms-hpt.txt at the standard location; homepage evidence retained.
400003,HOSPITAL METROPOLITANO DR PILA,PR,pointer-or-domain-review,unresolved,,Official-domain discovery: confirm the roster facility controls a domain exposing cms-hpt.txt before assigning it,https://hmdrpila.com/cms-hpt.txt,"curl: (28) Resolving timed out after 8005 milliseconds
",2026-09-09T11:39:05.149Z,,,,,,,,,,,,,,,,,
400006,DOCTORS' CENTER HOSPITAL SAN JUAN,PR,identity-or-format-review,unresolved,,"Compare the parsed header against facility aliases, renames and campus entries; extend the capped read only if metadata may sit beyond it",https://www.doctorscenterhospital.com/cms-hpt.txt,200,2026-09-09T10:10:14.707Z,,https://secure.claraprice.net/price-transparency/EPCT-1699383596813/machine-readable/660686840_doctors-center-hospital---san-juan_standardcharges.json,200,https://secure.claraprice.net/price-transparency/EPCT-1699383596813/machine-readable/660686840_doctors-center-hospital---san-juan_standardcharges.json,mrf-header-has-no-license-state,,Doctors' Center Hospital - San Juan,,,,,date-unverified,2026-09-09T10:11:16.177Z,0b3012e2f4f21bccdcc029ce26ccb2cfb90a46adaca616388ab1b55bb17365a5,cc81c9144c11f60b1d58a8df8f930407898fd9c085c03b8b04f782eac696c511,,
400019,HOSPITAL PAVIA SANTURCE,PR,pointer-or-domain-review,unresolved,,Official-domain discovery: confirm the roster facility controls a domain exposing cms-hpt.txt before assigning it,https://hospitalpaviapr.com/cms-hpt.txt,"curl: (28) Resolving timed out after 8004 milliseconds
",2026-09-09T11:39:05.211Z,,,,,,,,,,,,,,,,,
400102,DOCTORS' CENTER BAYAMON,PR,pointer-or-domain-review,unresolved,,"Compare the parsed header against facility aliases, renames and campus entries; extend the capped read only if metadata may sit beyond it",https://www.doctorscenterhospital.com/cms-hpt.txt,200,2026-09-09T10:10:14.707Z,,https://secure.claraprice.net/price-transparency/KKXU-1699383282623/machine-readable/660874686_doctors-center-hospital---dorado_standardcharges.json,200,https://secure.claraprice.net/price-transparency/KKXU-1699383282623/machine-readable/660874686_doctors-center-hospital---dorado_standardcharges.json,mrf-header-has-no-license-state,,Doctors' Center Hospital - Dorado,,,,,date-unverified,2026-09-09T10:11:16.663Z,0b3012e2f4f21bccdcc029ce26ccb2cfb90a46adaca616388ab1b55bb17365a5,e64f57b51ca967158d2056d033277f39ba4e6c8c08f201d45f3936be71991a68,,
400106,METROPOLITAN HOSPITAL,PR,pointer-or-domain-review,unresolved,,Official-domain discovery: confirm the roster facility controls a domain exposing cms-hpt.txt before assigning it,https://hospitalmetropolitanopr.com/cms-hpt.txt,"curl: (28) Resolving timed out after 8002 milliseconds
",2026-09-09T11:39:05.614Z,,,,,,,,,,,,,,,,,
400110,HOSPITAL PAVIA YAUCO,PR,pointer-or-domain-review,unresolved,,Official-domain discovery: confirm the roster facility controls a domain exposing cms-hpt.txt before assigning it,https://hospitalpaviayauco.com/cms-hpt.txt,"curl: (28) Resolving timed out after 8004 milliseconds
",2026-09-09T11:39:07.185Z,,,,,,,,,,,,,,,,,
400117,HOSPITAL METROPOLITANO  DR SUSONI,PR,pointer-or-domain-review,unresolved,,Official-domain discovery: confirm the roster facility controls a domain exposing cms-hpt.txt before assigning it,https://hospitaldrsusoni.com/cms-hpt.txt,"curl: (28) Resolving timed out after 8012 milliseconds
",2026-09-09T11:39:07.721Z,,,,,,,,,,,,,,,,,
400118,"DOCTORS' CENTER HOSPITAL, INC",PR,identity-or-format-review,unresolved,,"Compare the parsed header against facility aliases, renames and campus entries; extend the capped read only if metadata may sit beyond it",https://www.doctorscenterhospital.com/cms-hpt.txt,200,2026-09-09T10:10:14.707Z,,https://secure.claraprice.net/price-transparency/KKXU-1699383282623/machine-readable/660874686_doctors-center-hospital---dorado_standardcharges.json,200,https://secure.claraprice.net/price-transparency/KKXU-1699383282623/machine-readable/660874686_doctors-center-hospital---dorado_standardcharges.json,mrf-header-has-no-license-state,,Doctors' Center Hospital - Dorado,,,,,date-unverified,2026-09-09T10:11:16.663Z,0b3012e2f4f21bccdcc029ce26ccb2cfb90a46adaca616388ab1b55bb17365a5,e64f57b51ca967158d2056d033277f39ba4e6c8c08f201d45f3936be71991a68,,
400122,PROFESSIONAL HOSPITAL GUAYNABO INC,PR,file-access-review,publisher-issue,pointer-declared-file-404,Publisher inquiry to restore or replace the declared file; recheck after their update window,https://professionalhospital.net/cms-hpt.txt,200,2026-09-09T10:10:14.321Z,,https://professionalhospital.net/wp-content/uploads/2023/10/660714964_PROFESSIONAL-HOSPITAL-GUAYNABO_standardcharges.csv,404,,,,,,,,,,2026-09-09T10:10:15.026Z,6e2a184ed6c8a25404c232b23950ac732c9b298b199c4c9fe2f44f83324af88d,,,The official pointer declares this file URL and it returns 404 on repeated checks; reproducible broken link.
400123,HOSPITAL PEREA,PR,pointer-or-domain-review,unresolved,,Official-domain discovery: confirm the roster facility controls a domain exposing cms-hpt.txt before assigning it,https://hospitalperea.com/cms-hpt.txt,"curl: (28) Resolving timed out after 8012 milliseconds
",2026-09-09T11:39:11.745Z,,,,,,,,,,,,,,,,,
400128,"HOSPITAL PAVIA HATO REY, INC",PR,pointer-or-domain-review,unresolved,,Official-domain discovery: confirm the roster facility controls a domain exposing cms-hpt.txt before assigning it,https://hospitalpaviapr.com/cms-hpt.txt,"curl: (28) Resolving timed out after 8004 milliseconds
",2026-09-09T11:39:05.211Z,,,,,,,,,,,,,,,,,
400130,HOSPITAL METROPOLITANO DE LA MONTANA,PR,pointer-or-domain-review,unresolved,,Official-domain discovery: confirm the roster facility controls a domain exposing cms-hpt.txt before assigning it,https://hospitalmetroutuado.com/cms-hpt.txt,"curl: (28) Resolving timed out after 8004 milliseconds
",2026-09-09T11:39:12.435Z,,,,,,,,,,,,,,,,,
400132,DOCTORS CENTER HOSPITAL  CAROLINA LLC,PR,identity-or-format-review,unresolved,,"Compare the parsed header against facility aliases, renames and campus entries; extend the capped read only if metadata may sit beyond it",https://www.doctorscenterhospital.com/cms-hpt.txt,200,2026-09-09T10:10:14.707Z,,https://secure.claraprice.net/price-transparency/KXCB-1699383416708/machine-readable/660665951_doctors-center-hospital---manatí_standardcharges.json,200,https://secure.claraprice.net/price-transparency/KXCB-1699383416708/machine-readable/660665951_doctors-center-hospital---manat%C3%AD_standardcharges.json,mrf-header-has-no-license-state,,Doctors' Center Hospital - Manati,,,,,date-unverified,2026-09-09T10:47:29.110Z,0b3012e2f4f21bccdcc029ce26ccb2cfb90a46adaca616388ab1b55bb17365a5,9f8da09753cbc947deb0f18292af7e592a281f62ae29eb9b6dbd6aa97847ea87,,
404007,HOSPITAL METROPOLITANO  PSIQUIATRICO DE CABO ROJO,PR,pointer-or-domain-review,unresolved,,Official-domain discovery: confirm the roster facility controls a domain exposing cms-hpt.txt before assigning it,https://hospitalmetrocaborojo.com/cms-hpt.txt,"curl: (28) Resolving timed out after 8004 milliseconds
",2026-09-09T11:39:13.374Z,,,,,,,,,,,,,,,,,
420010,CAROLINA PINES REGIONAL MEDICAL CENTER,SC,pointer-or-domain-review,unresolved,,Official-domain discovery: confirm the roster facility controls a domain exposing cms-hpt.txt before assigning it,https://cprmc.com/cms-hpt.txt,406,2026-09-09T11:39:07.702Z,,,,,,,,,,,,,,,,,
420030,COLLETON MEDICAL CENTER,SC,publisher-date-review,publisher-issue,declared-update-date-over-365-days,"Publisher inquiry with the recorded file URL, declared date and response hash; recheck after their update window",https://colletonmedical.com/cms-hpt.txt,200,2026-09-09T10:10:14.702Z,,https://core.secure.ehc.com/src/util/json-detail-price-list/57-0712623_colleton-medical-center_standardcharges.json,206,https://core.secure.ehc.com/src/util/json-detail-price-list/57-0712623_colleton-medical-center_standardcharges.json,corroborated,file-name-and-address,COLLETON MEDICAL CENTER,COLLETON MEDICAL CENTER,SC,2024-10-01,2.2.0,date-over-365-days,2026-09-09T10:10:15.123Z,0d50d2a6b70f4af2c2a08914d0ddbf58dc739293dace3ff886dc56d9563d1631,33786fcabc90b667e351484d12de95ffc4269382022564ab94198527a77b0ea8,,Same declared date 2024-10-01 observed again after the earlier check (2026-09-09T01:50:21.176Z).
420051,MCLEOD REGIONAL MEDICAL CENTER-PEE DEE,SC,identity-or-format-review,unresolved,,"Compare the parsed header against facility aliases, renames and campus entries; extend the capped read only if metadata may sit beyond it",https://www.mcleodhealth.org/cms-hpt.txt,206,2026-09-09T10:10:14.848Z,,https://www.mcleodhealth.org/wp-content/uploads/price-transparency/57-0370242_mcleod-regional-medical-center_standardcharges.csv,206,https://www.mcleodhealth.org/wp-content/uploads/price-transparency/57-0370242_mcleod-regional-medical-center_standardcharges.csv,mrf-header-does-not-match-unresolved-roster,,McLeod Health,McLeod Health MRMC,SC,2026-07-21,3.0.0,date-within-365-days-version-3,2026-09-09T10:10:15.222Z,850fdf8d9cd9c905ba2a7195bd14f37ce3d3c92893bf1d19fe10837d3c9eb32d,9c5cb74f751a81ffdd9415000b8233b13d75b3f33b1a1e293863eef13e1ab745,,
420072,HAMPTON REGIONAL MEDICAL CENTER,SC,file-access-review,unresolved,,Official-domain discovery: confirm the roster facility controls a domain exposing cms-hpt.txt before assigning it,https://www.hamptonregional.org/cms-hpt.txt,"curl: (28) Resolving timed out after 8004 milliseconds
",2026-09-09T12:39:19.433Z,,,,,,,,,,,,,,,,,
420073,LEXINGTON MEDICAL CENTER,SC,metadata-or-pointer-review,unresolved,,"Compare the parsed header against facility aliases, renames and campus entries; extend the capped read only if metadata may sit beyond it",,,,,https://lexhealth.com/lexhealth/docs/852276567_lexington-medical-center_standardcharges-Q2-2026.json,206,https://lexhealth.com/lexhealth/docs/852276567_lexington-medical-center_standardcharges-Q2-2026.json,corroborated,file-name-and-address,Lexington Medical Center,Lexington Medical Center,SC,2026-04-01,3.0.0,date-within-365-days-version-3,2026-09-09T10:10:15.658Z,,f37a40a31f7db4a395b4eb698fb0fa65c34c9f07b8e0ed010e3eed3f15b805b9,,
420082,AIKEN REGIONAL MEDICAL CENTER,SC,pointer-or-domain-review,unresolved,,Official-domain discovery: confirm the roster facility controls a domain exposing cms-hpt.txt before assigning it,https://aikenregional.com/cms-hpt.txt,403,2026-09-09T11:39:07.787Z,,,,,,,,,,,,,,,,,
420104,MOUNT PLEASANT HOSPITAL,SC,pointer-or-domain-review,unresolved,,Official-domain discovery: confirm the roster facility controls a domain exposing cms-hpt.txt before assigning it,https://www.rsfh.com/cms-hpt.txt,403,2026-09-09T10:10:15.051Z,,,,,,,,,,,,,,,,,
430012,AVERA SACRED HEART HOSPITAL,SD,pointer-or-domain-review,publisher-issue,template-version-unrecognized,Publisher inquiry: confirm which CMS data dictionary version the file implements; recheck on their reply,http://www.avera.org/cms-hpt.txt,403,2026-09-09T10:07:29.048Z,,https://www.avera.org/app/files/public/14ca39ed-760e-484f-8e7e-19bb3f14df01/460225483_avera-sacred-heart-hospital_standardcharges.csv,206,https://www.avera.org/app/files/public/14ca39ed-760e-484f-8e7e-19bb3f14df01/460225483_avera-sacred-heart-hospital_standardcharges.csv,corroborated,file-name-and-address,Avera Sacred Heart Hospital,Avera Sacred Heart,SD,2026-04-01,4.0.0,date-within-365-days-version-unverified,2026-09-09T13:11:15.272Z,,dc9db282b981a977a0336a8dd0a238af9491f7a4e4eab6ea667c2a8024aa0ea4,,Declared template version 4.0.0 is not a recognized CMS data dictionary version; facility identity and the 2026-04-01 update date are corroborated via browser retrieval.
430014,AVERA ST LUKES,SD,pointer-or-domain-review,unresolved,,Official-domain discovery: confirm the roster facility controls a domain exposing cms-hpt.txt before assigning it,http://www.avera.org/cms-hpt.txt,403,2026-09-09T10:07:29.048Z,,https://www.avera.org/app/files/public/552f58d0-bf09-4093-b27e-8b2b093f53ab/460224598_avera-st-lukes-hospital_standardcharges.csv,206,https://www.avera.org/app/files/public/552f58d0-bf09-4093-b27e-8b2b093f53ab/460224598_avera-st-lukes-hospital_standardcharges.csv,mrf-header-name-without-location,,Avera St. Luke's,Avera St. Luke's,SD,2026-04-01,4.0.0,date-within-365-days-version-unverified,2026-09-09T13:11:15.280Z,,023d2cbac2b0abd963c47f83dfe94f20cb4997b247ca9c886c57be9366626731,,
430015,AVERA ST MARY'S HOSPITAL,SD,pointer-or-domain-review,publisher-issue,template-version-unrecognized,Publisher inquiry: confirm which CMS data dictionary version the file implements; recheck on their reply,http://www.avera.org/cms-hpt.txt,403,2026-09-09T10:07:29.048Z,,https://www.avera.org/app/files/public/985ab805-8b07-4669-a6de-6f9fa35484d3/460230199_avera-st-marys-hospital_standardcharges.csv,206,https://www.avera.org/app/files/public/985ab805-8b07-4669-a6de-6f9fa35484d3/460230199_avera-st-marys-hospital_standardcharges.csv,corroborated,file-name-and-address,Avera St. Mary's Hospital,Avera St. Mary's,SD,2026-04-01,4.0.0,date-within-365-days-version-unverified,2026-09-09T13:11:15.287Z,,d02de214c0fbd1660f0d128652487f449724786e24bc94a3f6623a9b749b134f,,Declared template version 4.0.0 is not a recognized CMS data dictionary version; facility identity and the 2026-04-01 update date are corroborated via browser retrieval.
430016,AVERA MCKENNAN HOSPITAL & UNIVERSITY HEALTH CENTER,SD,pointer-or-domain-review,unresolved,,Official-domain discovery: confirm the roster facility controls a domain exposing cms-hpt.txt before assigning it,http://www.avera.org/cms-hpt.txt,403,2026-09-09T10:07:29.048Z,,https://www.avera.org/app/files/public/2b9aa38c-4c89-40ef-b4b6-f3c7b8c158ac/460024743_avera-mckennan-hospital_standardcharges.csv,206,https://www.avera.org/app/files/public/2b9aa38c-4c89-40ef-b4b6-f3c7b8c158ac/460024743_avera-mckennan-hospital_standardcharges.csv,mrf-header-does-not-match-unresolved-roster,,Avera McKennan Hospital,Avera McKennan,SD,2026-04-01,4.0.0,date-within-365-days-version-unverified,2026-09-09T13:11:15.297Z,,23f9a8b128fb66fe48945b95956bdc804cc4b37ff097d65e78a12273adb59b52,,
430091,BLACK HILLS SURGICAL HOSPITAL LLC,SD,publisher-template-review,publisher-issue,template-version-older-than-3,Publisher inquiry about the declared template version; recheck after their update window,https://www.sanfordhealth.org/cms-hpt.txt,206,2026-09-09T10:10:15.601Z,,https://www.sanfordhealth.org/-/media/org/files/patients-and-visitors/billing-insurance/price-estimates/black-hills-surgical-hospital_standard-charges.csv,206,https://www.sanfordhealth.org/-/media/org/files/patients-and-visitors/billing-insurance/price-estimates/black-hills-surgical-hospital_standard-charges.csv,corroborated-adjudicated,exact-name-and-street-with-postal-zip-variant,Black Hills Surgical Hospital,Black Hills Surgical Hospital,SD,2026-01-30,2.0.0,date-within-365-days-older-version,2026-09-09T10:10:16.032Z,c03bff2f6cccdc6897e67c1867a94d7f51b7748611b15b9563d088ea453c0ddf,b69ee35003997f9782e112cb9661a4d396010a3475373a62dd3f7b25eb351f5a,exact-name-and-street-with-postal-zip-variant,Declared version 2.0.0 with a current date; publisher has not adopted the current CMS dictionary.
430095,AVERA HEART HOSPITAL OF SOUTH DAKOTA,SD,pointer-or-domain-review,unresolved,,Official-domain discovery: confirm the roster facility controls a domain exposing cms-hpt.txt before assigning it,http://www.avera.org/cms-hpt.txt,403,2026-09-09T10:07:29.048Z,,https://www.avera.org/app/files/public/e7eff1f2-d4d9-45bf-a244-4c4107534673/562143771_avera-heart-hospital_standardcharges.csv,206,https://www.avera.org/app/files/public/e7eff1f2-d4d9-45bf-a244-4c4107534673/562143771_avera-heart-hospital_standardcharges.csv,mrf-header-does-not-match-unresolved-roster,,Avera Heart Hospital,Avera Heart ,SD,2026-04-01,4.0.0,date-within-365-days-version-unverified,2026-09-09T13:11:15.315Z,,0a630f1aa85d1a70dc41316c511d8fa3f137ee3bdafbe83f5d13aae6dbfbed8c,,
430779,LANDMANN JUNGMAN MEMORIAL HOSPITAL CORPORATION,SD,pointer-or-domain-review,unresolved,,Official-domain discovery: confirm the roster facility controls a domain exposing cms-hpt.txt before assigning it,http://www.avera.org/cms-hpt.txt,403,2026-09-09T10:07:29.048Z,,https://www.avera.org/app/files/public/d99637b9-e0f3-44c9-8ed7-babbb31f95f8/466015787_landmann-jungman-hospital_standardcharges.csv,206,https://www.avera.org/app/files/public/d99637b9-e0f3-44c9-8ed7-babbb31f95f8/466015787_landmann-jungman-hospital_standardcharges.csv,mrf-header-does-not-match-unresolved-roster,,Landmann-Jungman Hosp,Landmann-Jungman ,SD,2026-04-01,4.0.0,date-within-365-days-version-unverified,2026-09-09T13:11:15.328Z,,27168369adb3cb947e540a6ef97843cc0d63d0727e41b25790c6d3e68de034c2,,
431300,MADISON REGIONAL HEALTH SYSTEM,SD,pointer-or-domain-review,unresolved,,Official-domain discovery: confirm the roster facility controls a domain exposing cms-hpt.txt before assigning it,https://madisonregionalhealth.org/cms-hpt.txt,403,2026-09-09T11:39:07.969Z,,,,,,,,,,,,,,,,,
431302,AVERA MISSOURI RIVER HEALTH CENTER,SD,pointer-or-domain-review,publisher-issue,template-version-unrecognized,Publisher inquiry: confirm which CMS data dictionary version the file implements; recheck on their reply,http://www.avera.org/cms-hpt.txt,403,2026-09-09T10:07:29.048Z,,https://www.avera.org/app/files/public/5380b4cd-f869-4c7e-87f7-01531b5e668d/460234354_avera-missouri-river-center_standardcharges.csv,206,https://www.avera.org/app/files/public/5380b4cd-f869-4c7e-87f7-01531b5e668d/460234354_avera-missouri-river-center_standardcharges.csv,corroborated,file-name-and-address,Avera Missouri River Health Center,Avera Missouri River Health Center,SD,2026-04-01,4.0.0,date-within-365-days-version-unverified,2026-09-09T13:11:15.334Z,,3c9fd8940e356255d6fee5dee7844913723b737c2db4350ad0c5f701bb5a78dc,,Declared template version 4.0.0 is not a recognized CMS data dictionary version; facility identity and the 2026-04-01 update date are corroborated via browser retrieval.
431306,PLATTE HEALTH CENTER,SD,pointer-or-domain-review,unresolved,,Official-domain discovery: confirm the roster facility controls a domain exposing cms-hpt.txt before assigning it,http://www.avera.org/cms-hpt.txt,403,2026-09-09T10:07:29.048Z,,https://www.avera.org/app/files/public/33083bd4-0d43-4161-8b74-740eb128cdf4/460239781_platte-healthcare_standardcharges.csv,206,https://www.avera.org/app/files/public/33083bd4-0d43-4161-8b74-740eb128cdf4/460239781_platte-healthcare_standardcharges.csv,mrf-header-name-without-location,,Platte Healthcare,Platte Healthcare,SD,2026-04-01,4.0.0,date-within-365-days-version-unverified,2026-09-09T13:11:15.338Z,,d86b4055fe722bf5849bd2bcf391865e0d5e760a87a6d1fcacc69677105544ad,,
431308,EUREKA COMMUNITY HEALTH SERVICES - CAH,SD,pointer-or-domain-review,unresolved,,Official-domain discovery: confirm the roster facility controls a domain exposing cms-hpt.txt before assigning it,https://www.avera.org/cms-hpt.txt,200,2026-09-09T13:08:44.577Z,,,,,,,,,,,,,,97327205a8d72029a47e18a9f3b06b8336c6b070e1be50fc6d03029724fb995a,,,
431310,AVERA FLANDREAU HOSPITAL - CAH,SD,pointer-or-domain-review,publisher-issue,template-version-unrecognized,Publisher inquiry: confirm which CMS data dictionary version the file implements; recheck on their reply,http://www.avera.org/cms-hpt.txt,403,2026-09-09T10:07:29.048Z,,https://www.avera.org/app/files/public/1e3c55a9-2dbc-464c-87ba-19e0db01977a/460224743_avera-flandreau-hospital_standardcharges.csv,206,https://www.avera.org/app/files/public/1e3c55a9-2dbc-464c-87ba-19e0db01977a/460224743_avera-flandreau-hospital_standardcharges.csv,corroborated,file-name-and-address,Avera Flandreau Hospital,Avera Flandreau ,SD,2026-04-01,4.0.0,date-within-365-days-version-unverified,2026-09-09T13:11:15.352Z,,e0bee0a59e1dbf5deab7092615b75ff916af5b79fad531eb32573630a3f30867,,Declared template version 4.0.0 is not a recognized CMS data dictionary version; facility identity and the 2026-04-01 update date are corroborated via browser retrieval.
431312,MARSHALL COUNTY HEALTHCARE CENTER - CAH,SD,pointer-or-domain-review,unresolved,,Official-domain discovery: confirm the roster facility controls a domain exposing cms-hpt.txt before assigning it,http://www.avera.org/cms-hpt.txt,403,2026-09-09T10:07:29.048Z,,https://www.avera.org/app/files/public/adabfaf5-88dc-4bc8-9cca-aad4515e53b0/460380552_marshall-county-hospital_standardcharges.csv,206,https://www.avera.org/app/files/public/adabfaf5-88dc-4bc8-9cca-aad4515e53b0/460380552_marshall-county-hospital_standardcharges.csv,mrf-header-does-not-match-unresolved-roster,,Marshall County Hospital,Marshall County ,SD,2026-04-01,4.0.0,date-within-365-days-version-unverified,2026-09-09T13:11:15.363Z,,179e77c6cfeab8e6dabfdd3ed0c5952ec04ac0c1ffbedee86b783a304b693fd8,,
431313,FREEMAN MEDICAL CENTER - CAH,SD,pointer-or-domain-review,unresolved,lead-domain-names-facility-no-pointer,Browser pricing-page walk on the named domain to locate the pointer or its replacement,http://www.avera.org/cms-hpt.txt,403,2026-09-09T10:07:29.048Z,,,,,,,,,,,,,,,,,Lead domain https://freemanregional.com/ names the facility on its homepage but serves no readable cms-hpt.txt at the standard location; homepage evidence retained.
431314,BENNETT COUNTY HOSPITAL AND NURSING HOME - CAH,SD,identity-or-format-review,unresolved,,"Compare the parsed header against facility aliases, renames and campus entries; extend the capped read only if metadata may sit beyond it",https://bennettcountyhospital.com/cms-hpt.txt,403,2026-09-09T10:10:15.620Z,,https://bennettcountyhospital.com/wp-content/uploads/2025/01/432040599_bennett-county-hospital-nursing-home_standardcharges.csv,206,https://bennettcountyhospital.com/wp-content/uploads/2025/01/432040599_bennett-county-hospital-nursing-home_standardcharges.csv,mrf-header-name-without-location,,Bennett County Hospital & Nursing Home,Bennett County Hospital,SD,2025-01-03,2.0.0,date-over-365-days,2026-09-09T10:10:15.828Z,,44f0a64cce2126c3520f281c7c2ff60f32616693f1518f26e31238cab1f8c1dc,,
431315,WAGNER COMMUNITY MEMORIAL HOSPITAL - CAH,SD,pointer-or-domain-review,unresolved,,Official-domain discovery: confirm the roster facility controls a domain exposing cms-hpt.txt before assigning it,http://www.avera.org/cms-hpt.txt,403,2026-09-09T10:07:29.048Z,,https://www.avera.org/app/files/public/5c231d09-7aaa-4454-9d0a-a311162cb1cc/460226283_wagner-community-memorial_standardcharges.csv,206,https://www.avera.org/app/files/public/5c231d09-7aaa-4454-9d0a-a311162cb1cc/460226283_wagner-community-memorial_standardcharges.csv,mrf-header-does-not-match-unresolved-roster,,Wagner Community Memorial,Wagner Community Memorial,SD,2026-04-01,4.0.0,date-within-365-days-version-unverified,2026-09-09T13:11:15.367Z,,1f842782daa260727f88c4147307c0a15815043bf4435e5b3bd8d2b2a00a388d,,
431316,COMMUNITY MEMORIAL HOSPITAL,SD,pointer-or-domain-review,unresolved,,Official-domain discovery: confirm the roster facility controls a domain exposing cms-hpt.txt before assigning it,http://www.avera.org/cms-hpt.txt,403,2026-09-09T10:07:29.048Z,,https://www.avera.org/app/files/public/ab83b4b4-beb0-4a03-897d-6ce6983a71c5/466000400_redfield-community-memorial_standardcharges.csv,206,https://www.avera.org/app/files/public/ab83b4b4-beb0-4a03-897d-6ce6983a71c5/466000400_redfield-community-memorial_standardcharges.csv,mrf-header-name-without-location,,Community Memorial Hospital,Community Memorial Hospital - Redfield,SD,2026-04-01,4.0.0,date-within-365-days-version-unverified,2026-09-09T13:11:15.454Z,,250b2cd568192c82ea7044f84989837a0cd648b98946451359eba6d9cbf7a0fd,,
431318,BOWDLE HOSPITAL - CAH,SD,pointer-or-domain-review,unresolved,,Official-domain discovery: confirm the roster facility controls a domain exposing cms-hpt.txt before assigning it,http://www.avera.org/cms-hpt.txt,403,2026-09-09T10:07:29.048Z,,,,,,,,,,,,,,,,,
431319,HANS P PETERSON MEMORIAL HOSPITAL - CAH,SD,identity-or-format-review,unresolved,,"Compare the parsed header against facility aliases, renames and campus entries; extend the capped read only if metadata may sit beyond it",https://www.philiphealthservices.com/cms-hpt.txt,206,2026-09-09T10:10:15.624Z,,https://www.philiphealthservices.com/460361016_Philip-Health-Services-Inc_standardcharges.csv,206,https://www.philiphealthservices.com/460361016_Philip-Health-Services-Inc_standardcharges.csv,mrf-header-does-not-match-unresolved-roster,,Philip Health Service Inc,Philip Health Service Inc,SD,2024-07-01,2.0.0,date-over-365-days,2026-09-09T10:10:15.683Z,2a927663ab1e2cbee9224070f2eeff60cd5c6c9e248df958fe4c307bb4f7314c,24eceeb9202406d3515145b42258cc0bcce7fa7a4d0f318007aa6b6dbec4c783,,
431322,FALL RIVER HOSPITAL - CAH,SD,identity-or-format-review,unresolved,,Browser download attempt on the recorded file URL; a failed automated request is not evidence the file is absent,https://frhssd.org/cms-hpt.txt,"curl: (28) Connection timed out after 8006 milliseconds
",2026-09-09T10:38:19.317Z,,,,,,,,,,,,,,,,,All recorded file leads failed at transport level again this run (reproducible connection failure).
431324,AVERA WESKOTA MEMORIAL MEDICAL CENTER - CAH,SD,pointer-or-domain-review,publisher-issue,template-version-unrecognized,Publisher inquiry: confirm which CMS data dictionary version the file implements; recheck on their reply,http://www.avera.org/cms-hpt.txt,403,2026-09-09T10:07:29.048Z,,https://www.avera.org/app/files/public/a1d389d7-460f-4083-a41e-f5e4849e761b/460224604_avera-weskota-memorial-med-center_standardcharges.csv,206,https://www.avera.org/app/files/public/a1d389d7-460f-4083-a41e-f5e4849e761b/460224604_avera-weskota-memorial-med-center_standardcharges.csv,corroborated,file-name-and-address,Avera Weskota Memorial Med Ctr,Avera Weskota Memorial Med Ctr,SD,2026-04-01,4.0.0,date-within-365-days-version-unverified,2026-09-09T13:11:15.375Z,,1f756e724a438612d16bf8ea698077b5c1fc291b8f4cff5eb3164c9277848f8b,,Declared template version 4.0.0 is not a recognized CMS data dictionary version; facility identity and the 2026-04-01 update date are corroborated via browser retrieval.
431326,MILBANK AREA HOSPITAL/AVERA HEALTH,SD,pointer-or-domain-review,unresolved,,Browser download attempt on the recorded file URL; a failed automated request is not evidence the file is absent,http://www.avera.org/cms-hpt.txt,403,2026-09-09T10:07:29.048Z,,https://www.avera.org/app/files/public/2e1bd421-a31b-49d2-aa47-b2e43dfccccc/460224743_avera-dell-rapids-hospital_standardcharges.csv,206,https://www.avera.org/app/files/public/2e1bd421-a31b-49d2-aa47-b2e43dfccccc/460224743_avera-dell-rapids-hospital_standardcharges.csv,mrf-header-does-not-match-unresolved-roster,,Avera Dell Rapids Hospital,Avera Dell Rapids ,SD,2026-04-01,4.0.0,date-within-365-days-version-unverified,2026-09-09T15:11:26.618Z,,714ba674ce6085c6fac5549c2ae3c0f57148b535838433c748f5da96c65f1c50,,
431327,ST MICHAEL'S HOSPITAL - CAH,SD,pointer-or-domain-review,publisher-issue,template-version-unrecognized,Publisher inquiry: confirm which CMS data dictionary version the file implements; recheck on their reply,http://www.avera.org/cms-hpt.txt,403,2026-09-09T10:07:29.048Z,,https://www.avera.org/app/files/public/3de91237-7976-4ad2-bc47-6a294697805e/460225414_st-michaels-hospital_standardcharges.csv,206,https://www.avera.org/app/files/public/3de91237-7976-4ad2-bc47-6a294697805e/460225414_st-michaels-hospital_standardcharges.csv,corroborated,file-name-and-address,St Michael's Hospital,St Michael's ,SD,2026-04-01,4.0.0,date-within-365-days-version-unverified,2026-09-09T13:11:15.392Z,,db9d1e71db15889f4a7b42a77b787a0aae1641757b1b1056ef8eb01835d14bcb,,Declared template version 4.0.0 is not a recognized CMS data dictionary version; facility identity and the 2026-04-01 update date are corroborated via browser retrieval.
431330,AVERA ST BENEDICT HEALTH CENTER - CAH,SD,pointer-or-domain-review,unresolved,,Official-domain discovery: confirm the roster facility controls a domain exposing cms-hpt.txt before assigning it,http://www.avera.org/cms-hpt.txt,403,2026-09-09T10:07:29.048Z,,https://www.avera.org/app/files/public/39440a2e-2d60-4ac7-bf8d-2664d68da7ae/460226738_avera-st-benedicts-hospital_standardcharges.csv,206,https://www.avera.org/app/files/public/39440a2e-2d60-4ac7-bf8d-2664d68da7ae/460226738_avera-st-benedicts-hospital_standardcharges.csv,mrf-header-does-not-match-unresolved-roster,,Avera St. Benedicts,Avera St. Benedicts,SD,2026-04-01,4.0.0,date-within-365-days-version-unverified,2026-09-09T13:11:15.396Z,,9bd78c242d36d8501139b229e36fa007be0b2e54aa656f8bc914b74c6d9ecadf,,
431331,AVERA DELLS AREA HOSPITAL  - CAH,SD,pointer-or-domain-review,unresolved,,Official-domain discovery: confirm the roster facility controls a domain exposing cms-hpt.txt before assigning it,http://www.avera.org/cms-hpt.txt,403,2026-09-09T10:07:29.048Z,,https://www.avera.org/app/files/public/2e1bd421-a31b-49d2-aa47-b2e43dfccccc/460224743_avera-dell-rapids-hospital_standardcharges.csv,206,https://www.avera.org/app/files/public/2e1bd421-a31b-49d2-aa47-b2e43dfccccc/460224743_avera-dell-rapids-hospital_standardcharges.csv,mrf-header-does-not-match-unresolved-roster,,Avera Dell Rapids Hospital,Avera Dell Rapids ,SD,2026-04-01,4.0.0,date-within-365-days-version-unverified,2026-09-09T15:11:26.618Z,,714ba674ce6085c6fac5549c2ae3c0f57148b535838433c748f5da96c65f1c50,,
431332,AVERA DE SMET MEMORIAL HOSPITAL - CAH,SD,pointer-or-domain-review,unresolved,,Official-domain discovery: confirm the roster facility controls a domain exposing cms-hpt.txt before assigning it,http://www.avera.org/cms-hpt.txt,403,2026-09-09T10:07:29.048Z,,https://www.avera.org/app/files/public/2e34ab5e-829e-46eb-9b0e-c49857a0ce65/460224604_avera-desmet-hospital_standardcharges.csv,206,https://www.avera.org/app/files/public/2e34ab5e-829e-46eb-9b0e-c49857a0ce65/460224604_avera-desmet-hospital_standardcharges.csv,mrf-header-does-not-match-unresolved-roster,,Avera DeSmet,Avera DeSmet,SD,2026-04-01,4.0.0,date-within-365-days-version-unverified,2026-09-09T13:11:15.415Z,,29c075a6758798087f36fdb38fb65305550fc60e849b3587460f055a8426ed45,,
431337,AVERA HAND COUNTY MEMORIAL HOSPITAL AND CLINIC,SD,pointer-or-domain-review,unresolved,,Official-domain discovery: confirm the roster facility controls a domain exposing cms-hpt.txt before assigning it,http://www.avera.org/cms-hpt.txt,403,2026-09-09T10:07:29.048Z,,https://www.avera.org/app/files/public/468ebeb8-79b8-437d-979c-c6c2c81783e2/460224743_avera-hand-county-hospital_standardcharges.csv,206,https://www.avera.org/app/files/public/468ebeb8-79b8-437d-979c-c6c2c81783e2/460224743_avera-hand-county-hospital_standardcharges.csv,mrf-header-does-not-match-unresolved-roster,,Avera Hand County Hospital,Avera Hand County ,SD,2026-04-01,4.0.0,date-within-365-days-version-unverified,2026-09-09T13:11:15.423Z,,25c4e28db74c8f3a38b3a344ebe4bc524418719de556521ca68e3e363a3cf671,,
431338,AVERA GREGORY HOSPITAL,SD,pointer-or-domain-review,unresolved,,Official-domain discovery: confirm the roster facility controls a domain exposing cms-hpt.txt before assigning it,http://www.avera.org/cms-hpt.txt,403,2026-09-09T10:07:29.048Z,,https://www.avera.org/app/files/public/f4c0aa3d-4558-43d3-a8ee-1294599240ef/460224743_avera-gregory-hospital_standardcharges.csv,206,https://www.avera.org/app/files/public/f4c0aa3d-4558-43d3-a8ee-1294599240ef/460224743_avera-gregory-hospital_standardcharges.csv,mrf-header-name-without-location,,Avera Gregory Hospital,Avera Gregory,SD,2026-04-01,4.0.0,date-within-365-days-version-unverified,2026-09-09T13:11:15.429Z,,3263514450fae2145ce08579c4ddffb38886feae8a7f3904b1c34467342198d1,,
431340,AVERA QUEEN OF PEACE,SD,pointer-or-domain-review,unresolved,,Official-domain discovery: confirm the roster facility controls a domain exposing cms-hpt.txt before assigning it,http://www.avera.org/cms-hpt.txt,403,2026-09-09T10:07:29.048Z,,https://www.avera.org/app/files/public/589ce456-2d0d-4c19-84d6-c333e65f7b62/460224604_avera-queen-of-peace-hospital_standardcharges.csv,206,https://www.avera.org/app/files/public/589ce456-2d0d-4c19-84d6-c333e65f7b62/460224604_avera-queen-of-peace-hospital_standardcharges.csv,mrf-header-name-without-location,,Avera Queen of Peace,Avera Queen of Peace,SD,2026-04-01,4.0.0,date-within-365-days-version-unverified,2026-09-09T13:11:15.439Z,,21ec95db41b5fd0a61867f4c025937bde5435d88ee1c2844cede7a35432e9484,,
440002,JACKSON-MADISON COUNTY GENERAL HOSPITAL,TN,metadata-or-pointer-review,unresolved,,"Compare the parsed header against facility aliases, renames and campus entries; extend the capped read only if metadata may sit beyond it",,,,,https://www.wth.org/wp-content/uploads/standard-charges/62-6010402_JH_standard_Charges.csv,206,https://www.wth.org/wp-content/uploads/standard-charges/62-6010402_JH_standard_Charges.csv,corroborated,file-name-and-address,Jackson-Madison County General Hospital,Jackson-Madison County General Hospital,TN,2026-06-05,3.0.0,date-within-365-days-version-3,2026-09-09T10:10:16.146Z,,2bc2da7c00090addada905306e9252b6fd33a59fe9001f928d823684a6f37f60,,
440029,WILLIAMSON MEDICAL CENTER,TN,file-access-review,publisher-issue,pointer-declared-file-404,Publisher inquiry to restore or replace the declared file; recheck after their update window,https://williamsonhealth.org/cms-hpt.txt,206,2026-09-09T10:10:15.914Z,,https://williamsonhealth.org/content/uploads/2026/04/621501534_williamson-medical-center_standardcharges.csv,404,https://williamsonhealth.org/content/uploads/2026/08/621501534_williamson-medical-center_standardcharges.csv,corroborated,file-name-and-address,Williamson County Hospital District,Williamson Medical Center,TN,2026-08-01,3.0.0,date-within-365-days-version-3,2026-09-09T10:47:28.502Z,773d505691f1f8fb61004d7300ebb48663d95026498ca135cbd57f8edbc12274,5f89083b42bc00fb22c42075378c1ffbb3d308681f4a05e9f05374cdeef66433,,The official pointer declares this file URL and it returns 404 on repeated checks; reproducible broken link.
440058,SOUTHERN TENNESSEE REGIONAL HEALTH SYSTEM WINCHEST,TN,identity-or-format-review,unresolved,,"Compare the parsed header against facility aliases, renames and campus entries; extend the capped read only if metadata may sit beyond it",https://www.highpointhealthsystem.com/cms-hpt.txt,206,2026-09-09T10:10:16.333Z,,https://www.highpointhealthsystem.com/docs/ahhighpointhealthlibraries/hcl/mrf3q2026/621762469_riverview-regional-medical-center_standardcharges.csv.zip,206,https://www.highpointhealthsystem.com/docs/ahhighpointhealthlibraries/hcl/mrf3q2026/621762469_riverview-regional-medical-center_standardcharges.csv.zip,mrf-header-does-not-match-unresolved-roster,,Riverview Regional Medical Center ,Riverview Regional Medical Center ,TN,2026-07-10,3.0.0,date-within-365-days-version-3,2026-09-09T10:10:16.410Z,438e438e23026cca57cfd561414fb7e9e30b26f6a4779a5084850ed04c08d9dc,4d6bd2555c582c2f6f81ad6d49794eeb133bd2f41705dff5ef294975e63902cb,,
440060,WEST TENNESSEE HEALTHCARE MILAN HOSPITAL,TN,identity-or-format-review,unresolved,,"Compare the parsed header against facility aliases, renames and campus entries; extend the capped read only if metadata may sit beyond it",,,,,https://www.wth.org/wp-content/uploads/standard-charges/62-1753289_MH_Standard_Charges.csv,206,https://www.wth.org/wp-content/uploads/standard-charges/62-1753289_MH_Standard_Charges.csv,corroborated,file-name-and-address,West Tennessee Healthcare Milan Hospital,West Tennessee Healthcare Milan Hospital,TN,2026-06-02,3.0.0,date-within-365-days-version-3,2026-09-09T10:10:17.245Z,,ddf6263a5b5cc516a57580e9f958e0fad2cb9b58ec11ebb722aa47769e8fa403,,
440061,VOLUNTEER COMMUNITY HOSPITAL,TN,identity-or-format-review,unresolved,file-belongs-to-other-facility,Adjudicate facility identity: locate this facility's own pointer/file; do not reuse the shared-provider finding,,,,,https://www.wth.org/wp-content/uploads/standard-charges/62-6010402_JH_standard_Charges.csv,206,https://www.wth.org/wp-content/uploads/standard-charges/62-6010402_JH_standard_Charges.csv,other-facility,,Jackson-Madison County General Hospital,Jackson-Madison County General Hospital,TN,2026-06-05,3.0.0,date-within-365-days-version-3,2026-09-09T10:10:16.146Z,,2bc2da7c00090addada905306e9252b6fd33a59fe9001f928d823684a6f37f60,,
440072,DYERSBURG REGIONAL MEDICAL CENTER,TN,identity-or-format-review,unresolved,file-belongs-to-other-facility,Adjudicate facility identity: locate this facility's own pointer/file; do not reuse the shared-provider finding,,,,,https://www.wth.org/wp-content/uploads/standard-charges/62-6010402_JH_standard_Charges.csv,206,https://www.wth.org/wp-content/uploads/standard-charges/62-6010402_JH_standard_Charges.csv,other-facility,,Jackson-Madison County General Hospital,Jackson-Madison County General Hospital,TN,2026-06-05,3.0.0,date-within-365-days-version-3,2026-09-09T10:10:16.146Z,,2bc2da7c00090addada905306e9252b6fd33a59fe9001f928d823684a6f37f60,,
440091,"MEMORIAL HEALTHCARE SYSTEM, INC",TN,identity-or-format-review,unresolved,,"Compare the parsed header against facility aliases, renames and campus entries; extend the capped read only if metadata may sit beyond it",https://www.commonspirit.org/cms-hpt.txt,206,2026-09-09T10:07:02.326Z,,https://www.commonspirit.org/content/dam/commonspiritorg/en/dhsoc/casc/finance/price-transparency/815009488-1477610640_dignity-community-care_standardcharges.json,206,https://www.commonspirit.org/content/dam/commonspiritorg/en/dhsoc/casc/finance/price-transparency/815009488-1477610640_dignity-community-care_standardcharges.json,mrf-header-does-not-match-unresolved-roster,,DIGNITY COMMUNITY CARE,Glendale Memorial Hospital and Health Center,CA,2026-02-28,3.0.0,date-within-365-days-version-3,2026-09-09T10:10:16.617Z,385a5f374bb39ccdd5be2df699183bea76528f3dface47743372b8d4824a335f,3f37e4fbd2e326722906aa22b6709a2872cd9feb2faa2b661daee78ca786fc8d,,
440102,LINCOLN MEDICAL CENTER,TN,file-access-review,unresolved,,"Compare the parsed header against facility aliases, renames and campus entries; extend the capped read only if metadata may sit beyond it",https://lincolnhealthsystem.com/cms-hpt.txt,206,2026-09-09T10:10:16.657Z,,https://lincolnhealthsystem.com/wp-content/uploads/882472117_hh-health-system-lincoln-inc_standardcharges.csv,206,https://lincolnhealthsystem.com/wp-content/uploads/882472117_hh-health-system-lincoln-inc_standardcharges.csv,corroborated,file-name-and-address,HH Health System Lincoln Inc,Lincoln Medical Center,TN,2026-07-31,3.0.0,date-within-365-days-version-3,2026-09-09T10:10:17.207Z,5997acca08b78a5a537a7d58c6d443c47f7f59c56369de0381bee0f380c2fe9c,0f89cd0eed13a34bfd9e50efd0f7d509744c77e63bd45db53984f295ac99844a,,
440104,ERLANGER MEDICAL CENTER,TN,identity-or-format-review,unresolved,,"Compare the parsed header against facility aliases, renames and campus entries; extend the capped read only if metadata may sit beyond it",https://www.erlanger.org/cms-hpt.txt,206,2026-09-09T10:10:17.155Z,,https://erlanger.pt.panaceainc.com/MRFDownload/erlanger/baroness,200,https://mrf.panaceainc.com/Download.aspx?org=erlanger&loc=baroness&ref=,corroborated-adjudicated,renamed-facility-pointer-label-and-roster-address,ERLANGER HEALTH,Erlanger Baroness Hospital | Erlanger East Hospital | Children's Hospital at Erlanger | Kennedy Outpatient Center | Erlanger North Hospital,TN,2026-01-25,3.0.0,date-within-365-days-version-3,2026-09-09T10:10:28.719Z,396a8cbf55e92af502f6847281a57b220b04b08dd6b4db2c4ec1a2c6cf120995,81797f30c56439cce3d6ef87508cc046de9ae56b245f2ed2f66984d2a923ea03,renamed-facility-pointer-label-and-roster-address,
440111,METRO NASHVILLE GENERAL HOSPITAL,TN,publisher-date-review,publisher-issue,declared-update-date-over-365-days,"Publisher inquiry with the recorded file URL, declared date and response hash; recheck after their update window",https://nashvillegeneral.org/cms-hpt.txt,206,2026-09-09T10:10:17.162Z,,https://nashvillegeneral-440111.s3.amazonaws.com/62-1383977_METRO-NASHVILLE-GENERAL-HOSPITAL_standardcharges.csv,206,https://nashvillegeneral-440111.s3.amazonaws.com/62-1383977_METRO-NASHVILLE-GENERAL-HOSPITAL_standardcharges.csv,corroborated,file-name-and-address,METRO NASHVILLE GENERAL HOSPITAL,METRO NASHVILLE GENERAL HOSPITAL,TN,2024-07-01,1.0.0,date-over-365-days,2026-09-09T10:38:12.205Z,3f44447929473883ec668d48daeb9d1842249a13db2beac8748344591cb69019,2e75447bfd4d865895f30e6d1c1ae851d6bdf98bbdc44f0152d94254ab68bedf,,Same declared date 2024-07-01 observed again after the earlier check (2026-09-09T01:50:23.729Z).
440152,REGIONAL ONE HEALTH,TN,publisher-date-review,publisher-issue,declared-update-date-over-365-days,"Publisher inquiry with the recorded file URL, declared date and response hash; recheck after their update window",https://www.regionalonehealth.org/cms-hpt.txt,206,2026-09-09T10:38:10.584Z,,https://www.regionalonehealth.org/wp-content/uploads/2024/12/621113169_shelby-county-health-care_standardcharges.csv,206,https://www.regionalonehealth.org/wp-content/uploads/2024/12/621113169_shelby-county-health-care_standardcharges.csv,corroborated,file-name-and-address,Shelby County Health Care Corporation,Regional One Health| Regional One Health Rehabilitation Hospital| Regional One Health Subacute Care,TN,2025-01-06,2.0.0,date-over-365-days,2026-09-09T10:10:39.946Z,a0b1954b7cfc62dfdad3a36af4bc0114d9d79c62cbb5e644229972c76074c249,1b52522e4171a2551cd26f6d919b3178607ec9284fc43596513ed88605eaa59d,,Same declared date 2025-01-06 observed again after the earlier check (2026-09-09T01:50:23.899Z).
440161,TRISTAR CENTENNIAL MEDICAL CENTER,TN,pointer-or-domain-review,publisher-issue,automated-file-access-denied,"Browser download attempt, then publisher whitelist request with the recorded denial evidence",https://www.tristarhealth.com/cms-hpt.txt,200,2026-09-09T10:38:11.935Z,,https://stctrprodsnsvc00455826e6.blob.core.windows.net/pt-final-posting-files/62-1113737_TRISTAR-CENTENNIAL-MEDICAL-CENTER_standardcharges.json?si=dpx-pt-json-access-policy&spr=https&sv=2024-11-04&sr=c&sig=vdmkLz8lCE1qb%2BnsaFfL8tcI7Gg6B%2B3s%2Fny3TPZ1kqs%3D,403,https://stctrprodsnsvc00455826e6.blob.core.windows.net/pt-final-posting-files/62-1113737_TRISTAR-CENTENNIAL-MEDICAL-CENTER_standardcharges.json?si=dpx-pt-json-access-policy&spr=https&sv=2026-02-06&sr=c&sig=ks%2BgfAjyEHlZmeP2PYJ%2F9NpMuCoRStjTb2bhIy9Y6LM%3D,corroborated,file-name-and-address,TRISTAR CENTENNIAL MEDICAL CENTER,TRISTAR SPRING HILL ER|TRISTAR CENTENNIAL PARTHENON PAVILION|TRISTAR BELLEVUE FSER|TRISTAR CENTENNIAL MEDICAL CENTER|TRISTAR CENTENNIAL WOMEN'S HOSPITAL|TRISTAR CENTENNIAL CHILDREN'S HOSPITAL,TN,2026-03-01,3.0.0,date-within-365-days-version-3,2026-09-09T10:47:31.658Z,446de3cf157008be2f0695db1758b60c64a9bf909d30ce601459dc019e2b942a,fe026dabf2c99ae34141d60e0a1b26f063fbf5d85e7296676e11049283902aa6,,Automated retrieval denied while the earlier pass corroborated facility identity from this URL; not evidence of a missing file.
440187,LIVINGSTON REGIONAL HOSPITAL,TN,pointer-or-domain-review,unresolved,,Official-domain discovery: confirm the roster facility controls a domain exposing cms-hpt.txt before assigning it,https://www.chs.net/404,200,2026-09-09T11:39:09.550Z,,,,,,,,,,,,,,,,,
440200,STONES RIVER HOSPITAL,TN,identity-or-format-review,unresolved,file-belongs-to-other-facility,Adjudicate facility identity: locate this facility's own pointer/file; do not reuse the shared-provider finding,https://healthcare.ascension.org/-/media/Healthcare/cms-hpt.txt,206,2026-09-09T10:37:29.467Z,,https://healthcare.ascension.org/-/media/project/ascension/healthcare/price-transparency-files/tn-csv/474063149_saint-thomas-river-park-hospital-llc_standardcharges.csv,200,https://healthcare.ascension.org/-/media/project/ascension/healthcare/price-transparency-files/tn-csv/474063149_saint-thomas-river-park-hospital-llc_standardcharges.csv,other-facility,,Saint Thomas Regional Hospitals,Ascension Saint Thomas River Park,TN,2026-01-01,3.0.0,date-within-365-days-version-3,2026-09-09T10:07:52.171Z,f703607d7a9bf1315f42aa6a9ac7fc3ef4cb3e220f2c694a293d2ec6eed37b93,cd3470d6b9384b5f9e1206010d3f94824171f1c67e21fa74279a9b6ad4084473,,
441316,WEST TENNESSEE HEALTHCARE CAMDEN HOSPITAL,TN,metadata-or-pointer-review,unresolved,,"Compare the parsed header against facility aliases, renames and campus entries; extend the capped read only if metadata may sit beyond it",,,,,https://www.wth.org/wp-content/uploads/standard-charges/58-1884314_CH_Standard_Charges.csv,206,https://www.wth.org/wp-content/uploads/standard-charges/58-1884314_CH_Standard_Charges.csv,corroborated,file-name-and-address,West Tennessee Healthcare Camden Hospital,West Tennessee Healthcare Camden Hospital,TN,2026-06-02,3.0.0,date-within-365-days-version-3,2026-09-09T10:10:39.167Z,,d9d0e76c5fcd4e2fde7e3ff9c9dc1cefdbe3de885209dfc4390ade416e01c966,,
441320,WEST TENNESSEE HEALTHCARE BOLIVAR HOSPITAL,TN,metadata-or-pointer-review,unresolved,,"Compare the parsed header against facility aliases, renames and campus entries; extend the capped read only if metadata may sit beyond it",,,,,https://www.wth.org/wp-content/uploads/standard-charges/62-1624171_BH_Standard_Charges.csv,206,https://www.wth.org/wp-content/uploads/standard-charges/62-1624171_BH_Standard_Charges.csv,corroborated,file-name-and-address,West Tennessee Healthcare Bolivar Hospital,West Tennessee Healthcare Bolivar Hospital,TN,2026-06-02,3.0.0,date-within-365-days-version-3,2026-09-09T10:10:49.789Z,,dd67e2153cc5461b4073d8c06de59dc6bf437d2cd3f126d895a6cedda690c492,,
441322,HOUSTON COUNTY COMMUNITY HOSPITAL,TN,identity-or-format-review,unresolved,file-belongs-to-other-facility,Adjudicate facility identity: locate this facility's own pointer/file; do not reuse the shared-provider finding,https://shamrock.health/cms-hpt.txt,206,2026-09-09T10:38:23.207Z,,https://shamrock.health/downloads/862345211_Houston-County-Community-Hospital_standardcharges.csv,206,https://shamrock.health/downloads/862345211_Houston-County-Community-Hospital_standardcharges.csv,other-facility,,Houston County Community Hospital,Houston County Community Hopsital,TN,2026-06-30,3.0.0,date-within-365-days-version-3,2026-09-09T10:10:38.394Z,781e46ea257f175438abfcf8acb658b30a1c8fb5aa6c1762ddbe4de48ff84ab0,c422f4efd91e3626ccef4137785964539725d85476ab9c5f1fc9f712ea4bf374,,
441323,BIG SOUTH FORK MEDICAL CENTER,TN,identity-or-format-review,unresolved,,Browser download attempt on the recorded file URL; a failed automated request is not evidence the file is absent,https://bigsouthforkmc.com/cms-hpt.txt,"curl: (28) Connection timed out after 8008 milliseconds
",2026-09-09T10:38:32.026Z,,,,,,,,,,,,,,,,,All recorded file leads failed at transport level again this run (reproducible connection failure).
443303,EAST TENNESSEE CHILDRENS HOSPITAL,TN,pointer-or-domain-review,unresolved,,Browser download attempt on the recorded file URL; a failed automated request is not evidence the file is absent,https://www.dollychildrens.org/cms-hpt.txt,403,2026-09-09T10:10:37.703Z,,,,,,,,,,,,,,,,,
444010,"PATHWAYS OF TENNESSEE, INC",TN,identity-or-format-review,unresolved,file-belongs-to-other-facility,Adjudicate facility identity: locate this facility's own pointer/file; do not reuse the shared-provider finding,,,,,https://www.wth.org/wp-content/uploads/standard-charges/62-6010402_JH_standard_Charges.csv,206,https://www.wth.org/wp-content/uploads/standard-charges/62-6010402_JH_standard_Charges.csv,other-facility,,Jackson-Madison County General Hospital,Jackson-Madison County General Hospital,TN,2026-06-05,3.0.0,date-within-365-days-version-3,2026-09-09T10:10:16.146Z,,2bc2da7c00090addada905306e9252b6fd33a59fe9001f928d823684a6f37f60,,
444014,MIDDLE TN MENTAL HEALTH INSTITUTE,TN,pointer-or-domain-review,unresolved,,Official-domain discovery: confirm the roster facility controls a domain exposing cms-hpt.txt before assigning it,https://www.tn.gov/cms-hpt.txt,404,2026-09-09T11:39:10.014Z,,,,,,,,,,,,,,,,,
444023,PERIMETER BEHAVIORAL CENTER OF JACKSON,TN,pointer-or-domain-review,unresolved,file-belongs-to-other-facility,Adjudicate facility identity: locate this facility's own pointer/file; do not reuse the shared-provider finding,https://www.perimeterhealthcare.com/cms-hpt.txt,206,2026-09-09T10:37:17.094Z,,https://www.perimeterhealthcare.com/arlington/834209160_Perimeter-Behavioral-Hospital-of-Arlington_standardcharges.csv,206,https://www.perimeterhealthcare.com/arlington/834209160_Perimeter-Behavioral-Hospital-of-Arlington_standardcharges.csv,other-facility,,Perimeter Behavioral Hospital of Arlington,"Arlington, TX",TX,2026-03-27,3.0.0,date-within-365-days-version-3,2026-09-09T10:07:02.302Z,ee339fa3be5664792d2aae80ab360711cdb1f4556df0c5511401e28ce42f2656,b9572432beec00aed9edd58734568d5c18acd060e6765c546e0a0d0730c8efd5,,
450010,UNITED REGIONAL HEALTH CARE SYSTEM,TX,publisher-template-review,publisher-issue,template-version-older-than-3,Publisher inquiry about the declared template version; recheck after their update window,https://unitedregional.org/getContentAsset/87726b46-3db7-42d1-b3d7-11de88ed5834/c204d644-0ccb-43d4-a505-69664b0a9bc3/cms-hpt.txt?language=en,206,2026-09-09T10:10:37.385Z,,https://unitedregional.org/getContentAsset/a128db8c-8ea3-461b-9531-3197f7c0b635/c204d644-0ccb-43d4-a505-69664b0a9bc3/751912147-united-regional-healthcare-system-standardcharges-in.csv?language=en,200,https://unitedregional.org/getContentAsset/a128db8c-8ea3-461b-9531-3197f7c0b635/c204d644-0ccb-43d4-a505-69664b0a9bc3/751912147-united-regional-healthcare-system-standardcharges-in.csv?language=en,corroborated,file-name-and-address,United Regional Health Care System ,United Regional Health Care System ,TX,2025-11-15,2.0.0,date-within-365-days-older-version,2026-09-09T10:10:39.873Z,81628a45e22cd6b8f73e7f8f771c7d35f5e572aaf713c05b2703a31f6a9392e6,c90c0bfbd7993b4c3ea16021ed87a4ea6033940e0ecdc6092e6af73e06e2c5a4,,Declared version 2.0.0 with a current date; publisher has not adopted the current CMS dictionary.
450018,UNIVERSITY OF TEXAS MEDICAL BRANCH GALVESTON,TX,identity-or-format-review,unresolved,,Official-domain discovery: confirm the roster facility controls a domain exposing cms-hpt.txt before assigning it,https://www.utmb.edu/cms-hpt.txt,206,2026-09-09T12:39:06.496Z,,https://liveutmb.sharepoint.com/:x:/s/collaboration/webfiles/EXxx-KfEbOZNqDZ52D-EicQBE8nnpDp5CQyKD0F86zxp4A?download=1,200,https://login.microsoftonline.com/7bef256d-85db-4526-a72d-31aea2546852/oauth2/authorize?client%5Fid=00000003%2D0000%2D0ff1%2Dce00%2D000000000000&response%5Fmode=form%5Fpost&ear%5Fjwe%5Fcrypto=eyJhbGciOiJFQ0RILUVTIiwiZW5jIjoiQTI1NkdDTSIsImFwdiI6IkFBQUFDVVZoY2tOc2FXVnVkR2dBQUFCRlEwc3pNQUFBQUFOQk9DUHFsWHlUNXVBMEw1ZGlKcjVUTm5SY2MvMk55Q3dVTXJnZ1JOUS91eHlMRE1VMjdCalBWUW1IR3A0NmVSeUpGdVR2L3VDRmpmbmQ3RG0zS0Rid3Urb1hTaGJLMkJSemFjZ1R0aEozeUVIVkt3UHhUWkFXaTJaQTlQTzVOUUFBQUJpT1hPeWNyTlNzTW53ekFyZm8vd3NWMlNudFl3Y20zQk09In0%3D&ear%5Fjwk=eyJhbGciOiJFQ0RILUVTIiwiY3J2IjoiUC0zODQiLCJ4IjoiQUFBQU1BTkJPQ1BxbFh5VDV1QTBMNWRpSnI1VE5uUmNjLzJOeUN3VU1yZ2dSTlEvdXh5TERNVTI3QmpQVlFtSEdwNDZlUT09IiwieSI6IkFBQUFNQnlKRnVUdi91Q0ZqZm5kN0RtM0tEYnd1K29YU2hiSzJCUnphY2dUdGhKM3lFSFZLd1B4VFpBV2kyWkE5UE81TlE9PSIsImt0eSI6IkVDIn0%3D&spa%5Fclient%5Fid=08e18876%2D6177%2D487e%2Db8b5%2Dcf950c1e598c&client%5Finfo=1&response%5Ftype=code%20id%5Ftoken%20spa%5Frt&resource=00000003%2D0000%2D0ff1%2Dce00%2D000000000000&scope=openid&nonce=C9E7F9AC6CAFEDF116B71D856229DA2FB72A4D883E821912%2DB59EA7076A817040AB94A2B84A846A62ECE5B1A870AF869E656940B204FF10EF&redirect%5Furi=https%3A%2F%2Fliveutmb%2Esharepoint%2Ecom%2F%5Fforms%2Fdefault%2Easpx&state=OD0wJjMyPUFBTHRFQUFBQUJRNzI4MlFkU1lLamZBU0pYSiUyRmI4aVo4VzV2aHBJbmVTb0h1aXhCaSUyRjhhSVp5cjNrazFLSGZDeFFnbzJVeHp0OXY3NmhsZmI3a09MaFQxamFlWHZuTFFzUGQ0STdqNUgycEVGbjBROHp2VDJNeGcxcGd3UVcybEdlQ0pLTyUyQkVVZmxYa0V0cmk5c0NHbnltdjBVTzVScWd5U2RkQmdHaHZvR2xEVFNMUlBiYnl1VG4xS2pjMzF0dTNRU2FDR0xJbWslMkJRSFV0cmxqNHlBekMwbDVSM01FQmNTdW5ueUJBMGR4d2h4cmwlMkZkTkFHNUNqcDRzcVglMkJCJTJGQUs3WEZxWVZJWVNvSVJrRmFCU2NrRHJYZ3dvVEpvajdQciUyRk15blJua1Y0ODA1SzhubVJqRmIlMkJGWTVTU3RGaDVmV3Nvc1ZSU2ZaNUNsa2JYT3VYaWdkb1VwTzMzSTZocXlHTTJ6azFKNEU0Q3NwVFExR2k1UjM0UFdUWlIxY21HazBBJTNEJTNE&claims=%7B%22id%5Ftoken%22%3A%7B%22xms%5Fcc%22%3A%7B%22values%22%3A%5B%22CP1%22%5D%7D%7D%7D&wsucxt=1&cobrandid=11bd8083%2D87e0%2D41b5%2Dbb78%2D0bc43c8a8e8a&client%2Drequest%2Did=327d39a2%2D20b9%2Df000%2D3dca%2Dbd6da2e35e3c,mrf-header-has-no-license-state,,,,,,,date-unverified,2026-09-09T10:11:01.337Z,55219f38156d9c01275c1956db22dbb2107a8179b402a5539f1cd2458cdc236a,ebf329157305b07ca633a6ef738e00c40b433c63c0b57df2038156e32806556c,,
450035,ST JOSEPH MEDICAL CENTER,TX,publisher-date-review,publisher-issue,declared-update-date-over-365-days,"Publisher inquiry with the recorded file URL, declared date and response hash; recheck after their update window",https://sjmctx.org/cms-hpt.txt,200,2026-09-09T10:10:38.235Z,,https://sjmctx.org/pricetransparency/994785298_StJosephMedicalCenter_standardcharges.csv,206,https://sjmctx.org/pricetransparency/994785298_StJosephMedicalCenter_standardcharges.csv,corroborated,file-name-and-address,HSA ST. JOSEPH LLC,St. Joseph Medical Center,TX,2024-12-23,2.0.0,date-over-365-days,2026-09-09T10:10:39.240Z,7bd9cf1a828dcf2a4c88d8234dbff1f56b024a4f48474a32392e2deba44b1e0c,f2a88cb3c51f1bd93fa4f9aa95d8b0f0cb6cfd548039f08d034130f88004035e,,Same declared date 2024-12-23 observed again after the earlier check (2026-09-09T02:31:30.207Z).
450055,ROLLING PLAINS MEMORIAL HOSPITAL,TX,identity-or-format-review,unresolved,,"Compare the parsed header against facility aliases, renames and campus entries; extend the capped read only if metadata may sit beyond it",https://uploads-ssl.webflow.com/61e370c0cff8aef768e7d5cd/65cf8a10fe53011a1331244f_cms-hpt%20(1).txt,206,2026-09-09T10:10:49.158Z,,https://secure.claraprice.net/price-transparency/NWM3481600293/machine-readable,200,https://secure.claraprice.net/price-transparency/NWM3481600293/machine-readable/756003896_rolling-plains-memorial-hospital_standardcharges.json,mrf-header-has-no-license-state,,Rolling Plains Memorial Hospital,,,,,date-unverified,2026-09-09T10:11:46.989Z,4ab74a7bf85a757ab0841f7ca27a1992dbd8c3940242ec6232c13331f2f88fe8,654c52dde3ab3342a442e0b5b65e2f90628517f729103f9c95c3a45a4c952468,,
450090,NORTH TEXAS MEDICAL CENTER,TX,pointer-or-domain-review,unresolved,,Official-domain discovery: confirm the roster facility controls a domain exposing cms-hpt.txt before assigning it,https://ntmconline.net/cms-hpt.txt,"curl: (28) Resolving timed out after 8008 milliseconds
",2026-09-09T11:39:29.105Z,,,,,,,,,,,,,,,,,
450107,LAS PALMAS MEDICAL CENTER A CAMPUS OF LPDS HEALTHC,TX,pointer-or-domain-review,correction-verified,,Applied to the local reviewed ledger,https://www.laspalmasdelsolhealthcare.com/cms-hpt.txt,200,2026-09-09T10:10:49.502Z,https://stctrprodsnsvc00455826e6.blob.core.windows.net/pt-final-posting-files/74-2499952_LAS-PALMAS-MEDICAL-CENTER_standardcharges.json?si=dpx-pt-json-access-policy&spr=https&sv=2026-02-06&sr=c&sig=ks%2BgfAjyEHlZmeP2PYJ%2f9NpMuCoRStjTb2bhIy9Y6LM%3D,https://stctrprodsnsvc00455826e6.blob.core.windows.net/pt-final-posting-files/74-2499952_LAS-PALMAS-MEDICAL-CENTER_standardcharges.json?si=dpx-pt-json-access-policy&spr=https&sv=2026-02-06&sr=c&sig=ks%2BgfAjyEHlZmeP2PYJ%2f9NpMuCoRStjTb2bhIy9Y6LM%3D,206,https://stctrprodsnsvc00455826e6.blob.core.windows.net/pt-final-posting-files/74-2499952_LAS-PALMAS-MEDICAL-CENTER_standardcharges.json?si=dpx-pt-json-access-policy&spr=https&sv=2026-02-06&sr=c&sig=ks%2BgfAjyEHlZmeP2PYJ%2f9NpMuCoRStjTb2bhIy9Y6LM%3D,corroborated-adjudicated,renamed-facility-pointer-label-and-roster-address,LAS PALMAS MEDICAL CENTER,LAS PALMAS DEL SOL EMERGENCY CENTER - WEST|LAS PALMAS MEDICAL CENTER|LAS PALMAS DEL SOL HEALTHCARE - NORTHEAST,TX,2026-03-01,3.0.0,date-within-365-days-version-3,2026-09-09T10:10:49.658Z,840250c9ba6878cfaae9fb9f51d4321ff6b213aa6463e099cee8e45f2e898fc5,f0b01af3d93382fe2e5fffb1e8d1df2991551c0c39458c998c54065667445022,renamed-facility-pointer-label-and-roster-address,Correction verified and already recorded in the reviewed ledger.
450133,MIDLAND MEMORIAL HOSPITAL,TX,file-access-review,publisher-issue,pointer-declared-file-404,Publisher inquiry to restore or replace the declared file; recheck after their update window,https://www.midlandhealth.org/cms-hpt.txt,200,2026-09-09T10:10:49.621Z,,https://www.midlandhealth.org/Uploads/Public/Documents/Price%20Transparency/751584559_midland-health_standardcharges.csv,404,,,,,,,,,,2026-09-09T10:10:49.682Z,710dad31e59ad6993323f0a418a3e90c1575480eaaa87389dc0a9c8a043c3b2b,,,The official pointer declares this file URL and it returns 404 on repeated checks; reproducible broken link.
450155,HEREFORD REGIONAL MEDICAL CENTER,TX,identity-or-format-review,unresolved,,Complete-file read beyond the capped header to recover identity or metadata fields,https://dschd.org/cms-hpt.txt,200,2026-09-09T10:10:49.523Z,,,,,,,,,,,,,,df3cf98d8874d8fba751e7c16b91a7e19b0045e4edb6b110ac6db4af6ff42174,,,
450196,PARIS REGIONAL MEDICAL CENTER,TX,pointer-or-domain-review,unresolved,,"Compare the parsed header against facility aliases, renames and campus entries; extend the capped read only if metadata may sit beyond it",https://www.parisregionalhealth.com/cms-hpt.txt,206,2026-09-09T10:11:00.802Z,,https://www.parisregionalhealth.com/docs/ahparisregionalhealthlibraries/hcl/mrf3q262/331073948_paris-regional-medical-center_standardcharges.csv,206,https://www.parisregionalhealth.com/docs/ahparisregionalhealthlibraries/hcl/mrf3q262/331073948_paris-regional-medical-center_standardcharges.csv,corroborated,file-name-and-address,Paris Regional Medical Center,Paris Regional Medical Center,TX,2026-07-17,3.0.0,date-within-365-days-version-3,2026-09-09T10:38:17.838Z,c9a12ce0fde9b17419f2e6faf28f17dd4fd1b4b3ba7bda63cd54fdc6152a91c2,244cda59351078853ce9cfe7d362c226ab3008ab65d01509d39054c8c3fd24f6,,
450200,WADLEY REGIONAL MEDICAL CENTER,TX,identity-or-format-review,unresolved,,"Compare the parsed header against facility aliases, renames and campus entries; extend the capped read only if metadata may sit beyond it",https://www.christushealth.org/cms-hpt.txt,206,2026-09-09T10:11:00.913Z,,https://www.christushealth.org/-/media/christus-health/plan-care/files/bill-pay/machine-readable-files/850138775_geraldchampionregionalmedicalcenter_standardcharges.ashx,206,https://www.christushealth.org/-/media/christus-health/plan-care/files/bill-pay/machine-readable-files/850138775_geraldchampionregionalmedicalcenter_standardcharges.ashx,mrf-header-does-not-match-unresolved-roster,,Gerald Champion Regional Medical Center,Gerald Champion Regional Medical Center,NM,2026-01-12,3.0.0,date-within-365-days-version-3,2026-09-09T10:11:01.089Z,549263ce2336f948998e057beb9fe3b9cf461ae701ba913dbb55085c1af6f26d,97012126966a06f84c08175ae50c273ec8da3e9b17d99b765bd5d42d7ea2f051,,
450209,NORTHWEST TEXAS HOSPITAL,TX,pointer-or-domain-review,unresolved,,Official-domain discovery: confirm the roster facility controls a domain exposing cms-hpt.txt before assigning it,https://nwths.com/cms-hpt.txt,403,2026-09-09T11:39:09.262Z,,,,,,,,,,,,,,,,,
450235,MEMORIAL HOSPITAL,TX,pointer-or-domain-review,unresolved,,Official-domain discovery: confirm the roster facility controls a domain exposing cms-hpt.txt before assigning it,https://www.gonzaleshealthcare.com/cms-hpt.txt,206,2026-09-09T11:39:10.201Z,,https://hospitalpricetransparencyfiles.com/gonzales-healthcare-systems/741625013_Gonzales-Healthcare-Systems_standardcharges.csv,206,https://hospitalpricetransparencyfiles.com/gonzales-healthcare-systems/741625013_Gonzales-Healthcare-Systems_standardcharges.csv,mrf-header-does-not-match-unresolved-roster,,Gonzales Healthcare Systems,Gonzales Memorial Hospital,TX,2026-01-07,3.0.0,date-within-365-days-version-3,2026-09-09T12:17:03.005Z,46534ba50e78425f6d810c65621a2e7104de585a3e9ec36f8415cb80ba4e32c1,527b73df27240cad148e1eb000d601589b5c878d7fca186d4fcf8fa751a2047e,,
450237,CHRISTUS SANTA ROSA MEDICAL CENTER,TX,file-access-review,publisher-issue,pointer-declared-file-404,Publisher inquiry to restore or replace the declared file; recheck after their update window,https://www.christushealth.org/cms-hpt.txt,206,2026-09-09T10:11:00.913Z,,https://www.christushealth.org/sitecore/service/notfound.aspx,404,https://www.christushealth.org/-/media/christus-health/plan-care/files/bill-pay/machine-readable-files/741109665_santarosaemergencycenteralon_standardcharges.json,mrf-header-does-not-match-unresolved-roster,,Santa Rosa Emergency Center - Alon,Santa Rosa Emergency Center - Alon,TX,2026-01-13,3.0.0,date-within-365-days-version-3,2026-09-09T10:11:13.686Z,549263ce2336f948998e057beb9fe3b9cf461ae701ba913dbb55085c1af6f26d,a878cb63741680a5b3f67d1c184f1aa6e643c07afed544f6a9fbad1811ce5dcb,,The official pointer declares this file URL and it returns 404 on repeated checks; reproducible broken link.
450241,FAITH COMMUNITY HOSPITAL,TX,identity-or-format-review,publisher-issue,file-published-no-machine-pointer,Publisher inquiry: ask the facility to publish a machine-readable pointer (cms-hpt.txt) alongside the file; the file itself is already verified,https://fchtexas.com/cms-hpt.txt,206,2026-09-09T10:11:00.725Z,,https://fchtexas.slicedhealth.io/pricer/38-3850788-1790777696_FaithCommunityHospital_standardcharges.CSV,206,https://fchtexas.slicedhealth.io/pricer/38-3850788-1790777696_FaithCommunityHospital_standardcharges.CSV,corroborated,file-name-and-address,Faith Community Hospital,FaithCommunityHospital|Faith Community Hospital,TX,2026-01-29,3.0.0,date-within-365-days-version-3,2026-09-09T16:09:00.102Z,5639b4ecab037b79a056e74e69d4f62749ce5a99db081bf847cca9bf1f3fd622,9cf9a252f3f9c729d98052b90a4bbbca117e4a8c16121364dc1a519e4af8038b,,"File served on the facility's own site is current (2026-01-29, version 3.0.0) and its header matches the roster facility, but no machine-readable pointer declares it."
450253,BELLVILLE MEDICAL CENTER,TX,identity-or-format-review,unresolved,file-belongs-to-other-facility,Adjudicate facility identity: locate this facility's own pointer/file; do not reuse the shared-provider finding,https://www.sjhsyr.org/sites/default/files/price-transparency/cms-hpt.txt,200,2026-09-09T10:11:01.113Z,,https://hpt.trinity-health.org/150532254_st-josephs-hospital-health-center_standardcharges.zip,206,https://hpt.trinity-health.org/150532254_st-josephs-hospital-health-center_standardcharges.zip,other-facility,,St Josephs Hospital Health Center,St Josephs Hospital Health Center,NY,2026-03-31,3.0.0,date-within-365-days-version-3,2026-09-09T10:11:01.104Z,da4c7dd1adce6ea1f6cb3e61351436199c89755fece63d4ef807d20414f513de,be167dcacfb6b3926de41266a4a4b0b5c4f16e1bc408a8d2474832544e195efa,,
450347,HUNTSVILLE MEMORIAL HOSPITAL,TX,pointer-or-domain-review,unresolved,,Official-domain discovery: confirm the roster facility controls a domain exposing cms-hpt.txt before assigning it,https://huntsvillememorial.com/cms-hpt.txt,"curl: (28) Resolving timed out after 8016 milliseconds
",2026-09-09T11:39:29.644Z,,,,,,,,,,,,,,,,,
450399,BROWNFIELD REGIONAL MEDICAL CENTER,TX,publisher-date-review,unresolved,,Publisher inquiry on the recorded declared date; recheck after their update window,https://www.brownfield-rmc.org/_functions/getCmsText,200,2026-09-09T10:11:01.130Z,,https://secure.claraprice.net/price-transparency/KBH1622057832/machine-readable/751227032_brownfield-regional-medical-center_standardcharges.json,200,https://secure.claraprice.net/price-transparency/KBH1622057832/machine-readable/751227032_brownfield-regional-medical-center_standardcharges.json,mrf-header-has-no-license-state,,Brownfield Regional Medical Center,,,,,date-unverified,2026-09-09T10:11:47.462Z,088889599bb622331cf8c52614f59077d3c2944b9ce8f69866a4155709c74238,e07ff278308f34a1d48a20ee4a943c683be8a8ca77656c67f458252f32fe4e02,,
450400,PARKVIEW REGIONAL HOSPITAL,TX,pointer-or-domain-review,unresolved,,Official-domain discovery: confirm the roster facility controls a domain exposing cms-hpt.txt before assigning it,https://www.parkview.com/cms-hpt.txt,206,2026-09-09T10:07:28.929Z,,https://parkview.com/-/media/parkview-media/file/price-transparency/341048666_parkview-bryan-hospital_standardcharges.ashx,206,https://www.parkview.com/-/media/parkview-media/file/price-transparency/341048666_parkview-bryan-hospital_standardcharges.ashx,mrf-header-does-not-match-unresolved-roster,,Parkview Bryan Hospital,Parkview Bryan Hospital|Parkview Montpelier Hospital,OH,2026-04-01,3.0.0,date-within-365-days-version-3,2026-09-09T10:45:24.880Z,4e7a785a10276d3e4789f740aa37e89070c47b4566b251c454a1734c5907089f,ee41a6c01e86646ac2457fd3a0a5d66bfeba69021744abe29e7513dd902043a5,,
450489,MEDICAL ARTS HOSPITAL,TX,identity-or-format-review,unresolved,,Complete-file read beyond the capped header to recover identity or metadata fields,https://medicalartshospital.org/cms-hpt.txt,403,2026-09-09T10:11:01.081Z,,,,,,,,,,,,,,,,,
450508,NACOGDOCHES MEMORIAL HOSPITAL,TX,publisher-date-review,unresolved,,Publisher inquiry on the recorded declared date; recheck after their update window,https://nacmem.org/cms-hpt.txt,206,2026-09-09T10:11:01.007Z,,"https://linkprotect.cudasvc.com/url?a=https%3a%2f%2fsecure.claraprice.net%2fprice-transparency%2fMUXR-1741132099318%2fmachine-readable%2f756000602_nacogdoches-memorial-hospital_standardcharges.json&c=E,1,QCFikZbxV7FRDVARBPGPRRUyWFLqp2p5kscCbtmUQBbhpiRqcGUW5nqCKBIhkgo69LvxBvxN9S5Tg-7xeKmyhEfopv1Ee864dNyMQ_DHwH0MNLdG7BKd&typo=1",200,https://secure.claraprice.net/price-transparency/MUXR-1741132099318/machine-readable/756000602_nacogdoches-memorial-hospital_standardcharges.json,mrf-header-has-no-license-state,,Nacogdoches Memorial Hospital,,,,,date-unverified,2026-09-09T10:11:15.298Z,f746b651a67c309256d166391eae825a1ef19b8b96361a2ffcb3166af898acb6,424ed868f0c4e90d06b4a93ede6862388bd835b3012e9143108b7132a0f91c81,,
450518,THE MEDICAL CENTER OF SOUTHEAST TEXAS,TX,publisher-date-review,publisher-issue,declared-update-date-over-365-days,"Publisher inquiry with the recorded file URL, declared date and response hash; recheck after their update window",https://medicalcentersetexas.org/cms-hpt.txt,200,2026-09-09T10:11:01.117Z,,https://medicalcentersetexas.org/pricetransparency/994785659_MedicalCenterSETexas_standardcharges.csv,206,https://medicalcentersetexas.org/pricetransparency/994785659_MedicalCenterSETexas_standardcharges.csv,corroborated,file-name-and-address,HSA PORT ARTHUR LLC,The Medical Center of Southeast Texas,TX,2024-12-26,2.0.0,date-over-365-days,2026-09-09T10:11:01.574Z,f6fdfc605a09ff1b0b5868be7e97de216b864aafb95fd8fe9457dbec14fd1389,0b48b400cfc51f0c7f16cdc0e2c036a891abf2119989523c9f0c09c58a16ef8f,,Same declared date 2024-12-26 observed again after the earlier check (2026-09-09T01:51:07.985Z).
450641,NOCONA GENERAL HOSPITAL,TX,file-access-review,publisher-issue,template-version-unrecognized,Publisher inquiry: confirm which CMS data dictionary version the file implements; recheck on their reply,https://noconageneral.com/cms-hpt.txt,206,2026-09-09T10:11:01.194Z,,https://noconageneral.com/wp-content/uploads/2026/03/751368648_nocona-general-hospital_standardcharges-02.26.2026.csv,200,https://noconageneral.com/wp-content/uploads/2026/03/751368648_nocona-general-hospital_standardcharges-02.26.2026.csv,corroborated,file-name-and-address,Nocona General Hospital ,Nocona General Hosptial,TX,2026-02-25,ERSION 4.0,date-within-365-days-version-unverified,2026-09-09T10:11:01.547Z,008082c28e4f20e9496c08b83f6fde8c00e45ce670b9265733f635a18e058b17,db4d3dd5fe71408732a410260a9bb6980bca54811bed817296918978b7129f7e,,Declared template version ERSION 4.0 is not a recognized CMS data dictionary version; facility identity and the 2026-02-25 update date are corroborated.
450653,SCENIC MOUNTAIN MEDICAL CENTER,TX,pointer-or-domain-review,unresolved,file-belongs-to-other-facility,Adjudicate facility identity: locate this facility's own pointer/file; do not reuse the shared-provider finding,https://www.shannonhealth.com/cms-hpt.txt,206,2026-09-09T10:11:12.960Z,,https://sthpiprd.blob.core.windows.net/machine-readable-files/11019/752559845-1992707228_shannon-medical-center_standardcharges.csv,206,https://sthpiprd.blob.core.windows.net/machine-readable-files/11019/752559845-1992707228_shannon-medical-center_standardcharges.csv,other-facility,,Shannon Medical Center,Shannon Medical Center|Shannon Medical Center South|Shannon Medical Center St John's Campus,TX,2025-12-08,3.0.0,date-within-365-days-version-3,2026-09-09T10:11:01.690Z,f28434a717fad42a7f77d24589a10e34438262e260aee401f351e7a6bc1f1f9f,a609bbbc1e6e17eecce5f232cf6a56d0e26db295c27f111fd5e45539f90bdc42,,
450674,"WOMANS HOSPITAL OF TEXAS,THE",TX,pointer-or-domain-review,unresolved,,Browser download attempt on the recorded file URL; a failed automated request is not evidence the file is absent,https://www.womanshospital.com/cms-hpt.txt,200,2026-09-09T10:11:01.402Z,,,,,,,,,,,,,,33198cb3865ce9c94b504d4a0fcbc56bf831dfe678aeec4766a7d33160f412c0,,,
450698,LAMB HEALTHCARE CENTER,TX,pointer-or-domain-review,unresolved,file-belongs-to-other-facility,Adjudicate facility identity: locate this facility's own pointer/file; do not reuse the shared-provider finding,,,,,https://covingtoncountyhospital.com/646001549_covington-county-hospital_standardcharges.csv,206,https://covingtoncountyhospital.com/646001549_covington-county-hospital_standardcharges.csv,other-facility,,covington_county_hospital,covington_county_hospital_.1,MS,2026-07-21,3.0.0,date-within-365-days-version-3,2026-09-09T10:08:06.964Z,,5887c6a402d882373c123b9b6093c9b15fb1084f9b1d33d4b15b1a1477c56fb5,,
450747,PALESTINE REGIONAL MEDICAL CENTER,TX,pointer-or-domain-review,unresolved,,Official-domain discovery: confirm the roster facility controls a domain exposing cms-hpt.txt before assigning it,https://palestineregional.com/cms-hpt.txt,406,2026-09-09T11:39:10.296Z,,,,,,,,,,,,,,,,,
450774,TOPS SURGICAL SPECIALTY HOSPITAL,TX,pointer-or-domain-review,unresolved,,Official-domain discovery: confirm the roster facility controls a domain exposing cms-hpt.txt before assigning it,https://tops-hospital.com/cms-hpt.txt,403,2026-09-09T11:39:10.332Z,,,,,,,,,,,,,,,,,
450804,TEXAS ORTHOPEDIC HOSPITAL,TX,pointer-or-domain-review,unresolved,,Browser download attempt on the recorded file URL; a failed automated request is not evidence the file is absent,https://www.texasorthopedic.com/cms-hpt.txt,200,2026-09-09T10:11:01.619Z,,,,,,,,,,,,,,4f2ec1131b351b5af4244c629b198039f53b53920174c46394b9092f72901d7b,,,
450831,SURGERY SPECIALTY HOSPITALS OF AMERICA SE HOUSTON,TX,pointer-or-domain-review,publisher-issue,pointer-declared-file-404,Publisher inquiry to restore or replace the declared file; recheck after their update window,https://ssha.us.com/cms-hpt.txt,206,2026-09-09T10:11:01.645Z,,https://machine-readable-files.com/ssha-pasadena-tx/760600805_Surgery-Specialty-Hospitals-of-America_standardcharges.csv,404,,,,,,,,,,2026-09-09T10:11:01.671Z,6a8ffa242a763e087e46565321d443696cef3d3c724e2998223e0f25ab907c03,,,The official pointer declares this file URL and it returns 404 on repeated checks; reproducible broken link.
450833,ENNIS REGIONAL MEDICAL CENTER,TX,pointer-or-domain-review,unresolved,,Official-domain discovery: confirm the roster facility controls a domain exposing cms-hpt.txt before assigning it,https://ennisregional.com/cms-hpt.txt,406,2026-09-09T11:39:10.477Z,,,,,,,,,,,,,,,,,
450834,"PHYSICIANS CENTRE,THE",TX,pointer-or-domain-review,unresolved,,Official-domain discovery: confirm the roster facility controls a domain exposing cms-hpt.txt before assigning it,https://www.bswhealth.com/cms-hpt.txt,200,2026-09-09T10:11:14.808Z,,,,,,,,,,,,,,cdeb9de705d263a60679c9a8cd6865a6ec915698bdf9653c083fb56501d1e73d,,,
450860,SUGAR LAND SURGICAL HOSPITAL LLP,TX,pointer-or-domain-review,unresolved,,Browser download attempt on the recorded file URL; a failed automated request is not evidence the file is absent,https://memorialhermann.org/cms-hpt.txt,"curl: (28) Connection timed out after 8014 milliseconds
",2026-09-09T10:38:32.729Z,,,,,,,,,,,,,,,,,All recorded file leads failed at transport level again this run (reproducible connection failure).
450889,TEXAS INSTITUTE FOR SURGERY AT PRESBYTERIAN HOSPIT,TX,identity-or-format-review,unresolved,,"Compare the parsed header against facility aliases, renames and campus entries; extend the capped read only if metadata may sit beyond it",https://texasinstituteforsurgery.com/cms-hpt.txt,200,2026-09-09T10:11:12.826Z,,https://www.texasinstituteforsurgery.com/wp-content/uploads/2023/07/770628004_Texas-Institute-for-Surgery_standardcharges.csv,206,https://www.texasinstituteforsurgery.com/wp-content/uploads/2023/07/770628004_Texas-Institute-for-Surgery_standardcharges.csv,mrf-header-has-no-license-state,,,,,,,date-unverified,2026-09-09T10:11:15.536Z,10e6a6204eda99a20f98d2db1385e56fc359c439aac18dace95f96beb1842545,b05ab44d2cf6d12c8a70494802517b18c21d8675d47ef403494138c7e58aa154,,
451309,MC CAMEY HOSPITAL,TX,identity-or-format-review,unresolved,,"Compare the parsed header against facility aliases, renames and campus entries; extend the capped read only if metadata may sit beyond it",https://mccameyhospital.org/cms-hpt.txt,200,2026-09-09T10:11:12.970Z,,https://secure.claraprice.net/price-transparency/IWPW-1774366795883/machine-readable/751246166_mccamey-county-hospital-district_standardcharges.json,200,https://secure.claraprice.net/price-transparency/IWPW-1774366795883/machine-readable/751246166_mccamey-county-hospital-district_standardcharges.json,mrf-header-has-no-license-state,,McCamey County Hospital District,,,,,date-unverified,2026-09-09T10:12:00.762Z,27c47465d669008284de354272660676b8741831779c9f7c1999b545449e5001,b6cf880c398ee8991b5709cc4f2a0f0d477a512296fa8bb5635e50373b84886e,,
451310,BALLINGER MEMORIAL HOSPITAL,TX,file-access-review,unresolved,,Browser download attempt on the recorded file URL; a failed automated request is not evidence the file is absent,https://cdn.prod.website-files.com/5adf6cdd38b7220028f13ac3/67a0e64b708de2c840578fb1_cms-hpt.txt,206,2026-09-09T10:11:13.527Z,,,,,,,,,,,,,,a4d1a800ea13fa38cebf748a8681dbd08caeee6060a365a6f957bc337c2a0264,,,All recorded file leads failed at transport level again this run (reproducible connection failure).
451312,RICE MEDICAL CENTER,TX,file-access-review,unresolved,,"Compare the parsed header against facility aliases, renames and campus entries; extend the capped read only if metadata may sit beyond it",https://irp.cdn-website.com/1a9a1f05/files/uploaded/cms-hpt-updated.txt,206,2026-09-09T10:11:14.233Z,,"https://ricemedicalcenter.slicedhealth.io/pricer/270565499_cahrmc,-dba-rice-medical-center_standardcharges.csv",206,"https://ricemedicalcenter.slicedhealth.io/pricer/270565499_cahrmc,-dba-rice-medical-center_standardcharges.csv",mrf-header-does-not-match-unresolved-roster,,CAHRMC,3.0.0,TX,,2026-02-19,date-unverified,2026-09-09T10:11:14.781Z,a21330928b4ff846a1137fe09dda18661aa3f8123b2896733cbde4468ebbfa86,992c8ec39fccfd0095bad033642b4bc412ddaa72fdae60e2608c2adc1fb0f938,,
451338,CULBERSON HOSPITAL,TX,pointer-or-domain-review,unresolved,,Official-domain discovery: confirm the roster facility controls a domain exposing cms-hpt.txt before assigning it,https://culbersonhospital.org/cms-hpt.txt,"curl: (28) Resolving timed out after 8007 milliseconds
",2026-09-09T11:39:29.660Z,,,,,,,,,,,,,,,,,
451347,COLEMAN COUNTY MEDICAL CENTER COMPANY,TX,pointer-or-domain-review,unresolved,,Official-domain discovery: confirm the roster facility controls a domain exposing cms-hpt.txt before assigning it,https://colemancountymc.com/cms-hpt.txt,"curl: (28) Resolving timed out after 8002 milliseconds
",2026-09-09T11:39:30.839Z,,,,,,,,,,,,,,,,,
451350,PLAINS MEMORIAL HOSPITAL,TX,pointer-or-domain-review,unresolved,,Official-domain discovery: confirm the roster facility controls a domain exposing cms-hpt.txt before assigning it,https://castrocountyhospital.com/cms-hpt.txt,206,2026-09-09T12:39:06.415Z,,https://secure.claraprice.net/price-transparency/XFT2817387427/machine-readable/756003939_castro-county-hospital-district_standardcharges.json,200,https://secure.claraprice.net/price-transparency/XFT2817387427/machine-readable/756003939_castro-county-hospital-district_standardcharges.json,mrf-header-has-no-license-state,,Castro County Hospital District,,,,,date-unverified,2026-09-09T12:40:15.244Z,e9eb0494ae3feb7b76c2bab1e04e7a98942dcf7acb1ffb68ce4ef360b53992dc,c967540d4f21f2468d94d7ad5d6490d8e605ddcdf0d3e4a78fb4209f791fb850,,
451353,CRANE COUNTY HOSPITAL DISTRICT,TX,identity-or-format-review,unresolved,,"Compare the parsed header against facility aliases, renames and campus entries; extend the capped read only if metadata may sit beyond it",https://www.cranememorial.org/cms-hpt.txt,"curl: (28) Connection timed out after 8006 milliseconds
",2026-09-09T10:38:38.350Z,,https://secure.claraprice.net/price-transparency/BQJH-1670278124636/machine-readable/352336501_crane-memorial-hospital_standardcharges.json,200,https://secure.claraprice.net/price-transparency/BQJH-1670278124636/machine-readable/352336501_crane-memorial-hospital_standardcharges.json,mrf-header-has-no-license-state,,Crane Memorial Hospital,,,,,date-unverified,2026-09-09T10:12:14.636Z,,eafee0c2db9f172d7f2a736360795a715a72da9db104d50f9de4b4cdcfb10839,,
451355,COLLINGSWORTH GENERAL HOSPITAL,TX,pointer-or-domain-review,unresolved,,Official-domain discovery: confirm the roster facility controls a domain exposing cms-hpt.txt before assigning it,https://collingsworthgeneral.net/cms-hpt.txt,"curl: (28) Resolving timed out after 8002 milliseconds
",2026-09-09T11:39:31.840Z,,,,,,,,,,,,,,,,,
451358,MEMORIAL HOSPITAL,TX,pointer-or-domain-review,unresolved,,Official-domain discovery: confirm the roster facility controls a domain exposing cms-hpt.txt before assigning it,https://seminolehospitaldistrict.com/cms-hpt.txt,"curl: (28) Resolving timed out after 8019 milliseconds
",2026-09-09T11:39:32.547Z,,,,,,,,,,,,,,,,,
451361,SABINE COUNTY HOSPITAL,TX,pointer-or-domain-review,unresolved,,Official-domain discovery: confirm the roster facility controls a domain exposing cms-hpt.txt before assigning it,https://sabinecountyhospital.com/cms-hpt.txt,"curl: (28) Resolving timed out after 8006 milliseconds
",2026-09-09T11:39:33.476Z,,,,,,,,,,,,,,,,,
451370,TMC- BONHAM HOSPITAL,TX,pointer-or-domain-review,unresolved,,Official-domain discovery: confirm the roster facility controls a domain exposing cms-hpt.txt before assigning it,https://tmcbonham.com/cms-hpt.txt,403,2026-09-09T11:39:32.925Z,,,,,,,,,,,,,,,,,
451372,MULESHOE AREA MEDICAL CENTER,TX,pointer-or-domain-review,unresolved,,Official-domain discovery: confirm the roster facility controls a domain exposing cms-hpt.txt before assigning it,https://muleshoehospital.com/cms-hpt.txt,"curl: (28) Resolving timed out after 8000 milliseconds
",2026-09-09T11:39:49.732Z,,,,,,,,,,,,,,,,,
451373,WARD MEMORIAL HOSPITAL,TX,publisher-date-review,unresolved,,Publisher inquiry on the recorded declared date; recheck after their update window,https://www.wardmemorial.com/cms-hpt.txt,"curl: (28) Connection timed out after 8001 milliseconds
",2026-09-09T10:38:39.315Z,,https://secure.claraprice.net/price-transparency/VQPK-1746646727450/machine-readable/756001193_ward-memorial-hospital_standardcharges.json,200,https://secure.claraprice.net/price-transparency/VQPK-1746646727450/machine-readable/756001193_ward-memorial-hospital_standardcharges.json,mrf-header-has-no-license-state,,Ward Memorial Hospital,,,,,date-unverified,2026-09-09T10:12:15.780Z,,eaaa27e0e870b42a4e7803ad65c6c3d4fb5eab15697e126973f59a62ab94aa15,,
451379,CORYELL MEMORIAL HOSPITAL,TX,identity-or-format-review,unresolved,,"Compare the parsed header against facility aliases, renames and campus entries; extend the capped read only if metadata may sit beyond it",https://coryellhealth.org/cms-hpt.txt,200,2026-09-09T10:11:14.230Z,,https://secure.claraprice.net/price-transparency/FTKZ-1722971887692/machine-readable/74-1857100_coryell-health_standardcharges.json,200,https://secure.claraprice.net/price-transparency/FTKZ-1722971887692/machine-readable/74-1857100_coryell-health_standardcharges.json,mrf-header-has-no-license-state,,Coryell Health,,,,,date-unverified,2026-09-09T10:47:32.511Z,f47c5729c2ded6aefc88250afade71f80cea1d04e8f063ff1623b0fbd57b6f04,f20a88820d452f5d064e6742a8ee63f32a782632bd02027146cd1cc729ed57fe,,
451386,MEMORIAL HOSPITAL,TX,pointer-or-domain-review,unresolved,,Official-domain discovery: confirm the roster facility controls a domain exposing cms-hpt.txt before assigning it,https://mchd.net/cms-hpt.txt,206,2026-09-09T11:39:33.301Z,,https://moorecountyhospitaldistrict.pg.quadax.revenuemasters.com/cdm-files/751302152_moore-county-hospital-district_standardcharges.csv,206,https://moorecountyhospitaldistrict.pg.quadax.revenuemasters.com/cdm-files/751302152_moore-county-hospital-district_standardcharges.csv,corroborated-adjudicated,renamed-facility-pointer-label-and-roster-address,Moore County Hospital District,Moore County Hospital District,TX,2026-03-30,3.0.0,date-within-365-days-version-3,2026-09-09T12:17:02.959Z,ef7d253aa80f8a777352d9ceb9f7afb12f4125da3b85fc43531316dcb8083f0d,67e2dcb193949cb20ac8fb7a895f048ea99a1886f7442e65219cad7c6d383451,renamed-facility-pointer-label-and-roster-address,
451396,MID COAST MEDICAL CENTER - CENTRAL,TX,identity-or-format-review,unresolved,file-belongs-to-other-facility,Adjudicate facility identity: locate this facility's own pointer/file; do not reuse the shared-provider finding,https://www.bswhealth.com/cms-hpt.txt,200,2026-09-09T12:39:06.501Z,,https://wadcdn.azureedge.net/bswhealth/com/siteassets/pricing-transparency/751837454_baylor-university-medical-center_standardcharges.csv,206,https://wadcdn.azureedge.net/bswhealth/com/siteassets/pricing-transparency/751837454_baylor-university-medical-center_standardcharges.csv,other-facility,,Baylor University Medical Center,Baylor University Medical Center,TX,2026-06-29,3.0.0,date-within-365-days-version-3,2026-09-09T10:11:15.189Z,cdeb9de705d263a60679c9a8cd6865a6ec915698bdf9653c083fb56501d1e73d,6c844fac191271911c002f9c1c7473f4581685b5d8b312a4e6dcf13533e4b438,,
453301,DRISCOLL CHILDRENS HOSPITAL,TX,publisher-template-review,publisher-issue,template-version-older-than-3,Publisher inquiry about the declared template version; recheck after their update window,https://driscollchildrens.org/cms-hpt.txt,200,2026-09-09T10:11:15.384Z,,https://driscollchildrens.org/wp-content/uploads/742577746-1548286172_Driscoll-Childrens-Hospital_standardcharges.csv,206,https://driscollchildrens.org/wp-content/uploads/742577746-1548286172_Driscoll-Childrens-Hospital_standardcharges.csv,corroborated,file-name-and-address,Driscoll Children’s Hospital,Driscoll Children’s Hospital|Driscoll Children's Hospital (Main Campus and Neonatal Care Center),TX,2025-10-06,2.0.0,date-within-365-days-older-version,2026-09-09T10:11:15.744Z,36bdac1a49d1ba07ebeeb7dc268682f9c52129e27df9ed30b0f66b81a53f4bb3,f055a2dca0356199495520d9733c9fb74e8317a928c37876414091beb0ded2cb,,Declared version 2.0.0 with a current date; publisher has not adopted the current CMS dictionary.
453321,DRISCOLL CHILDREN'S HOSPITAL RIO GRANDE VALLEY,TX,identity-or-format-review,unresolved,,"Compare the parsed header against facility aliases, renames and campus entries; extend the capped read only if metadata may sit beyond it",https://driscollchildrens.org/cms-hpt.txt,200,2026-09-09T10:11:15.384Z,,https://driscollchildrens.org/wp-content/uploads/742577746-1124796081_Driscoll-Childrens-Hospital_standardcharges.csv,206,https://driscollchildrens.org/wp-content/uploads/742577746-1124796081_Driscoll-Childrens-Hospital_standardcharges.csv,mrf-header-name-without-location,,Driscoll Children’s Hospital,Driscoll Children’s Hospital|Driscoll Children's Hospital Rio Grande Valley,TX,2025-10-06,2.0.0,date-within-365-days-older-version,2026-09-09T10:11:16.383Z,36bdac1a49d1ba07ebeeb7dc268682f9c52129e27df9ed30b0f66b81a53f4bb3,14d29f1dec36a8927160f97e2533db0628c2127358559d488f184bf34ec7f5c4,,
454076,HARRIS COUNTY PSYCHIATRIC CENTER,TX,pointer-or-domain-review,unresolved,lead-domain-names-facility-no-pointer,Browser pricing-page walk on the named domain to locate the pointer or its replacement,https://hcpc.uth.edu/cms-hpt.txt,404,2026-09-09T11:39:33.465Z,,,,,,,,,,,,,,,,,Lead domain https://hcpc.uth.edu/ names the facility on its homepage but serves no readable cms-hpt.txt at the standard location; homepage evidence retained.
454129,GEORGETOWN BEHAVIORAL HEALTH INSTITUTE,TX,publisher-date-review,publisher-issue,automated-file-access-denied,"Browser download attempt, then publisher whitelist request with the recorded denial evidence",https://auroraarizona.com/cms-hpt.txt,403,2026-09-09T10:11:15.481Z,,https://www.georgetownbehavioral.com/sites/default/files/462465087_Georgetown%20Behavioral%20Insitute_Standardcharges.csv,403,,,,,,,,,,2026-09-09T10:11:15.485Z,,,,Automated retrieval denied while the earlier pass corroborated facility identity from this URL; not evidence of a missing file.
454132,SAN ANTONIO BEHAVIORAL HEALTHCARE HOSPITAL,TX,publisher-template-review,publisher-issue,template-version-older-than-3,Publisher inquiry about the declared template version; recheck after their update window,https://www.sanantoniobehavioral.com/cms-hpt.txt,206,2026-09-09T10:11:15.942Z,,https://www.sanantoniobehavioral.com/wp-content/uploads/2025/09/461064226_San-Antonio-Behavioral-Healthcare-Hospital_standardcharges.csv,206,https://www.sanantoniobehavioral.com/wp-content/uploads/2025/09/461064226_San-Antonio-Behavioral-Healthcare-Hospital_standardcharges.csv,corroborated,exact-pointer-name-and-file-address,SAN ANTONIO BEHAVIORAL HEALTHCARE,SAN ANTONIO BEHAVIORAL HEALTHCARE,TX,2025-09-17,2.0.0,date-within-365-days-older-version,2026-09-09T10:11:15.730Z,d0ecffebeae45b25119a64a9a6bcb7422088dcbbc6f065a582a549db3e32c4d9,ce4034cd37f6ad005f6857a87eaed9dfbda0e2508cac8e87e793b5119c9ef41d,,Declared version 2.0.0 with a current date; publisher has not adopted the current CMS dictionary.
454161,MEDICAL CITY MENTAL HEALTH AND WELLNESS CENTER,TX,identity-or-format-review,unresolved,file-belongs-to-other-facility,Adjudicate facility identity: locate this facility's own pointer/file; do not reuse the shared-provider finding,https://www.medicalcityhealthcare.com/cms-hpt.txt,200,2026-09-09T10:11:16.231Z,,https://stctrprodsnsvc00455826e6.blob.core.windows.net/pt-final-posting-files/46-4027347_MEDICAL-CITY-MENTAL-HEALTH-AND-WELLNESS-CENTER-ALLIANCE_standardcharges.json?si=dpx-pt-json-access-policy&spr=https&sv=2026-02-06&sr=c&sig=ks%2BgfAjyEHlZmeP2PYJ%2f9NpMuCoRStjTb2bhIy9Y6LM%3D,206,https://stctrprodsnsvc00455826e6.blob.core.windows.net/pt-final-posting-files/46-4027347_MEDICAL-CITY-MENTAL-HEALTH-AND-WELLNESS-CENTER-ALLIANCE_standardcharges.json?si=dpx-pt-json-access-policy&spr=https&sv=2026-02-06&sr=c&sig=ks%2BgfAjyEHlZmeP2PYJ%2f9NpMuCoRStjTb2bhIy9Y6LM%3D,other-facility,,MEDICAL CITY MENTAL HEALTH AND WELLNESS CENTER ALLIANCE,MEDICAL CITY MENTAL HEALTH AND WELLNESS CENTER ALLIANCE,TX,2026-03-01,3.0.0,date-within-365-days-version-3,2026-09-09T10:11:15.908Z,1b1c6fdefd5c75fdc2d29fa7c86e4f8e54d3385a6d0911c37bae52f1130cedad,a9817e8970dc1579e4aac23e56c2012352b791a3cb5a60babfaf47067b514250,,
460005,OGDEN REGIONAL MEDICAL CENTER,UT,publisher-date-review,publisher-issue,declared-update-date-over-365-days,"Publisher inquiry with the recorded file URL, declared date and response hash; recheck after their update window",https://www.mountainstar.com/cms-hpt.txt,200,2026-09-09T10:11:15.764Z,,https://www.hcadam.com/api/public/content/60297fd2cdf147a6bd8450b739878a54?download=true,206,https://www.hcadam.com/api/public/content/60297fd2cdf147a6bd8450b739878a54?download=true,corroborated,file-name-and-address,OGDEN REGIONAL MEDICAL CENTER,OGDEN REGIONAL MEDICAL CENTER,UT,2024-10-01,2.2.0,date-over-365-days,2026-09-09T10:11:16.095Z,7e1dde60d13db664874b2394fccc11fcac63d9d7295b453cc116ba0452d3dfc4,9779ff2096c78b1a4eb9ed4a379610b6c8fb6c3e13476913b1bd2fe51eb376b8,,Same declared date 2024-10-01 observed again after the earlier check (2026-09-09T02:26:35.082Z).
460009,UNIVERSITY OF UTAH HOSPITAL AND CLINICS,UT,publisher-date-review,publisher-issue,declared-update-date-over-365-days,"Publisher inquiry with the recorded file URL, declared date and response hash; recheck after their update window",https://healthcare.utah.edu/cms-hpt.txt,200,2026-09-09T10:11:15.952Z,,https://md.utah.edu/pricing/876000525_UNIVERSITY-OF-UTAH-HOSPITAL-AND-CLINICS_standardcharges.csv,206,https://md.utah.edu/pricing/876000525_UNIVERSITY-OF-UTAH-HOSPITAL-AND-CLINICS_standardcharges.csv,corroborated,file-name-and-address,UNIVERSITY OF UTAH HOSPITAL AND CLINICS,UNIVERSITY OF UTAH HOSPITAL AND CLINICS,UT,2025-07-01,2.0.0,date-over-365-days,2026-09-09T10:11:16.909Z,236dedd6ec848cc32b6482c94cf58220a9f56a6ecf6f1c0254157687913c7033,05ffd4d313955a9113a7a81150a37962cfc7c2b24ed44bcf64b8b078ce728247,,Same declared date 2025-07-01 observed again after the earlier check (2026-09-09T02:26:35.358Z).
460013,MOUNTAIN VIEW HOSPITAL,UT,publisher-date-review,publisher-issue,declared-update-date-over-365-days,"Publisher inquiry with the recorded file URL, declared date and response hash; recheck after their update window",https://www.mountainstar.com/cms-hpt.txt,200,2026-09-09T10:11:15.764Z,,https://www.hcadam.com/api/public/content/ed92b53525bd4968b7a7fc42d1e3b85d?download=true,206,https://www.hcadam.com/api/public/content/ed92b53525bd4968b7a7fc42d1e3b85d?download=true,corroborated,file-name-and-address,MOUNTAIN VIEW HOSPITAL,MOUNTAIN VIEW HOSPITAL,UT,2024-10-01,2.2.0,date-over-365-days,2026-09-09T10:11:16.499Z,7e1dde60d13db664874b2394fccc11fcac63d9d7295b453cc116ba0452d3dfc4,2571fbd517f975b95e3117c993de701e0ff0f938991c3738aa19a6c86b1470a0,,Same declared date 2024-10-01 observed again after the earlier check (2026-09-09T02:26:35.389Z).
460017,BRIGHAM CITY COMMUNITY HOSPITAL,UT,publisher-date-review,publisher-issue,declared-update-date-over-365-days,"Publisher inquiry with the recorded file URL, declared date and response hash; recheck after their update window",https://www.mountainstar.com/cms-hpt.txt,200,2026-09-09T10:11:15.764Z,,https://www.hcadam.com/api/public/content/365bdb8ed9a84537afc36e1a2addfe8e?download=true,206,https://www.hcadam.com/api/public/content/365bdb8ed9a84537afc36e1a2addfe8e?download=true,corroborated,file-name-and-address,BRIGHAM CITY COMMUNITY HOSPITAL,BRIGHAM CITY COMMUNITY HOSPITAL,UT,2024-10-01,2.2.0,date-over-365-days,2026-09-09T10:11:16.922Z,7e1dde60d13db664874b2394fccc11fcac63d9d7295b453cc116ba0452d3dfc4,cfb2a859533226108eaa020551039ef95361bf7029afb079feaf95d13a549064,,Same declared date 2024-10-01 observed again after the earlier check (2026-09-09T02:26:35.941Z).
460042,LAKEVIEW HOSPITAL,UT,publisher-date-review,publisher-issue,declared-update-date-over-365-days,"Publisher inquiry with the recorded file URL, declared date and response hash; recheck after their update window",https://www.mountainstar.com/cms-hpt.txt,200,2026-09-09T10:11:15.764Z,,https://www.hcadam.com/api/public/content/ff147b50990440edae816f9adf8525e8?download=true,206,https://www.hcadam.com/api/public/content/ff147b50990440edae816f9adf8525e8?download=true,corroborated,file-name-and-address,LAKEVIEW HOSPITAL,LAKEVIEW HOSPITAL,UT,2024-10-01,2.2.0,date-over-365-days,2026-09-09T10:11:29.825Z,7e1dde60d13db664874b2394fccc11fcac63d9d7295b453cc116ba0452d3dfc4,b527ee78b10c1d134c13ffea3166ccf112cd3b5e97550de1764d3a16be1e3d38,,Same declared date 2024-10-01 observed again after the earlier check (2026-09-09T02:26:36.260Z).
460047,ST MARK'S HOSPITAL,UT,publisher-date-review,publisher-issue,declared-update-date-over-365-days,"Publisher inquiry with the recorded file URL, declared date and response hash; recheck after their update window",https://www.mountainstar.com/cms-hpt.txt,200,2026-09-09T10:11:15.764Z,,https://www.hcadam.com/api/public/content/2ddf8eab94114b028790e2ef86501adc?download=true,206,https://www.hcadam.com/api/public/content/2ddf8eab94114b028790e2ef86501adc?download=true,corroborated,file-name-and-address,ST MARK'S HOSPITAL,ST MARK'S HOSPITAL|TAYLORSVILLE EMERGENCY CENTER|WEST VALLEY EMERGENCY,UT,2024-10-01,2.2.0,date-over-365-days,2026-09-09T10:11:47.997Z,7e1dde60d13db664874b2394fccc11fcac63d9d7295b453cc116ba0452d3dfc4,6f72b58e6b6ace0311f8c6833c875b662b49b75b56dbc1e79f78a782b8f60faf,,Same declared date 2024-10-01 observed again after the earlier check (2026-09-09T02:26:36.821Z).
460052,TIMPANOGOS REGIONAL HOSPITAL,UT,publisher-date-review,publisher-issue,declared-update-date-over-365-days,"Publisher inquiry with the recorded file URL, declared date and response hash; recheck after their update window",https://www.mountainstar.com/cms-hpt.txt,200,2026-09-09T10:11:15.764Z,,https://www.hcadam.com/api/public/content/66b2df40ef8849b7a94bf34274cf69c7?download=true,206,https://www.hcadam.com/api/public/content/66b2df40ef8849b7a94bf34274cf69c7?download=true,corroborated,file-name-and-address,TIMPANOGOS REGIONAL HOSPITAL,TIMPANOGOS REGIONAL HOSPITAL|WESTLAKE EMERGENCY CTR,UT,2024-10-01,2.2.0,date-over-365-days,2026-09-09T10:12:01.433Z,7e1dde60d13db664874b2394fccc11fcac63d9d7295b453cc116ba0452d3dfc4,584aa3ca535581d85471965e28e39794f077ac44de117b1ac4e0c0a0fc17b2a8,,Same declared date 2024-10-01 observed again after the earlier check (2026-09-09T02:26:37.111Z).
460054,CACHE VALLEY HOSPITAL,UT,publisher-date-review,publisher-issue,declared-update-date-over-365-days,"Publisher inquiry with the recorded file URL, declared date and response hash; recheck after their update window",https://www.mountainstar.com/cms-hpt.txt,200,2026-09-09T10:11:15.764Z,,https://www.hcadam.com/api/public/content/917b8d7e2b4e49079d6df0fddc138a7f?download=true,206,https://www.hcadam.com/api/public/content/917b8d7e2b4e49079d6df0fddc138a7f?download=true,corroborated,file-name-and-address,CACHE VALLEY  HOSPITAL,CACHE VALLEY  HOSPITAL,UT,2024-10-01,2.2.0,date-over-365-days,2026-09-09T10:12:14.696Z,7e1dde60d13db664874b2394fccc11fcac63d9d7295b453cc116ba0452d3dfc4,8367379ff279a9e203e30faf8c38c3fd7a0be732aee622803dd3eae5e9c94110,,Same declared date 2024-10-01 observed again after the earlier check (2026-09-09T02:26:49.199Z).
460060,LONE PEAK HOSPITAL,UT,publisher-date-review,publisher-issue,declared-update-date-over-365-days,"Publisher inquiry with the recorded file URL, declared date and response hash; recheck after their update window",https://www.mountainstar.com/cms-hpt.txt,200,2026-09-09T10:11:15.764Z,,https://www.hcadam.com/api/public/content/65ebdd902aea4b6d9ee5a03ee8ecef72?download=true,206,https://www.hcadam.com/api/public/content/65ebdd902aea4b6d9ee5a03ee8ecef72?download=true,corroborated,file-name-and-address,LONE PEAK HOSPITAL,LONE PEAK HOSPITAL,UT,2024-10-01,2.2.0,date-over-365-days,2026-09-09T10:12:15.237Z,7e1dde60d13db664874b2394fccc11fcac63d9d7295b453cc116ba0452d3dfc4,9ae406de76a09446516fc5909e16b6fb6f143d781920e68db6e82feb3d27c814,,Same declared date 2024-10-01 observed again after the earlier check (2026-09-09T02:26:49.429Z).
461300,INTERMOUNTAIN HEALTH DELTA COMMUNITY HOSPITAL,UT,identity-or-format-review,unresolved,,"Compare the parsed header against facility aliases, renames and campus entries; extend the capped read only if metadata may sit beyond it",https://intermountainhealthcare.org/sc10media/files/intermountain-health/locations/hospital-prices/price-transparency.txt,206,2026-09-09T10:07:26.276Z,,https://intermountainhealthcare.org/-/media/files/intermountain-health/locations/hospital-prices/942854057_delta-community-hospital_standardcharges.ashx,206,https://intermountainhealthcare.org/-/media/files/intermountain-health/locations/hospital-prices/942854057_delta-community-hospital_standardcharges.ashx,mrf-header-name-without-location,,"IHC Health Services Inc., DBA Intermountain Health Delta Community Hospital",Intermountain Health Delta Community Hospital ,UT,2026-07-28,3.0.0,date-within-365-days-version-3,2026-09-09T10:11:45.789Z,27519a841abdd3d59fb115053eff5b949c411d60684197447a47eae07bc207a5,f8338d02f7bb64e1c78ac519350fd21118ba396ba39acf9b20a80ff89d0fa3b7,,
461301,INTERMOUNTAIN HEALTH FILLMORE COMMUNITY HOSPITAL,UT,identity-or-format-review,unresolved,,"Compare the parsed header against facility aliases, renames and campus entries; extend the capped read only if metadata may sit beyond it",https://intermountainhealthcare.org/sc10media/files/intermountain-health/locations/hospital-prices/price-transparency.txt,206,2026-09-09T10:07:26.276Z,,https://intermountainhealthcare.org/-/media/files/intermountain-health/locations/hospital-prices/942854057_fillmore-community-hospital_standardcharges.ashx,206,https://intermountainhealthcare.org/-/media/files/intermountain-health/locations/hospital-prices/942854057_fillmore-community-hospital_standardcharges.ashx,mrf-header-name-without-location,,"IHC Health Services Inc., DBA Intermountain Health Fillmore Community Hospital",Intermountain Health Fillmore Community Hospital,UT,2026-08-05,3.0.0,date-within-365-days-version-3,2026-09-09T10:12:11.323Z,27519a841abdd3d59fb115053eff5b949c411d60684197447a47eae07bc207a5,c3101a9f9456245b980f27be4950f499f6874e86080ae70713a833d34be83973,,
461302,MOAB REGIONAL HOSPITAL,UT,pointer-or-domain-review,unresolved,,Official-domain discovery: confirm the roster facility controls a domain exposing cms-hpt.txt before assigning it,https://mrhmoab.org/cms-hpt.txt,"curl: (28) Resolving timed out after 8009 milliseconds
",2026-09-09T11:39:51.794Z,,,,,,,,,,,,,,,,,
461303,INTERMOUNTAIN HEALTH SANPETE VALLEY HOSPITAL,UT,identity-or-format-review,correction-verified,,Applied to the local reviewed ledger,https://intermountainhealthcare.org/sc10media/files/intermountain-health/locations/hospital-prices/price-transparency.txt,206,2026-09-09T10:07:26.276Z,https://intermountainhealthcare.org/-/media/files/intermountain-health/locations/hospital-prices/942854057_sanpete-valley-hospital_standardcharges.ashx,https://intermountainhealthcare.org/-/media/files/intermountain-health/locations/hospital-prices/942854057_sanpete-valley-hospital_standardcharges.ashx,206,https://intermountainhealthcare.org/-/media/files/intermountain-health/locations/hospital-prices/942854057_sanpete-valley-hospital_standardcharges.ashx,corroborated,file-name-and-address,"IHC Health Services Inc., DBA Intermountain Health Sanpete Valley Hospital",Intermountain Health Sanpete Valley Hospital,UT,2026-08-05,3.0.0,date-within-365-days-version-3,2026-09-09T10:12:32.573Z,27519a841abdd3d59fb115053eff5b949c411d60684197447a47eae07bc207a5,c0922648d1a28e472be7bcd193f401155b50bba67b2c9271831b2d8860ba3343,,Correction verified and already recorded in the reviewed ledger.
461306,GUNNISON VALLEY HOSPITAL,UT,pointer-or-domain-review,unresolved,,Official-domain discovery: confirm the roster facility controls a domain exposing cms-hpt.txt before assigning it,https://gvhospital.org/cms-hpt.txt,403,2026-09-09T11:39:33.653Z,,,,,,,,,,,,,,,,,
461310,BLUE MOUNTAIN HOSPITAL,UT,pointer-or-domain-review,unresolved,file-belongs-to-other-facility,Adjudicate facility identity: locate this facility's own pointer/file; do not reuse the shared-provider finding,https://bluemountainhospital.org/cms-hpt.txt,206,2026-09-09T11:39:33.853Z,,https://apps.para-hcfs.com/PTT/FinalLinks/Reports.aspx?dbName=dbBMHJOHNDAYOR&type=CDMWithoutLabel&fileType=CSV,200,https://apps.para-hcfs.com/PTT/FinalLinks/Reports.aspx?dbName=dbBMHJOHNDAYOR&type=CDMWithoutLabel&fileType=CSV,other-facility,,BLUE MOUNTAIN HOSPITAL DISTRICT,BLUE MOUNTAIN HOSPITAL DISTRICT,OR,2026-09-01,3.0.0,date-within-365-days-version-3,2026-09-09T11:41:22.893Z,e5f6d7e851b6a21ce1be09c6321686174afaba39068fe128eac7111856cd9ba0,f8dd985e7478335a94af52e1b932dd2dd3faf59675483d8375af998d1fe9679a,,
461333,INTERMOUNTAIN HEALTH GARFIELD MEMORIAL HOSPITAL,UT,file-access-review,correction-verified,,Applied to the local reviewed ledger,https://intermountainhealthcare.org/sc10media/files/intermountain-health/locations/hospital-prices/price-transparency.txt,206,2026-09-09T10:07:26.276Z,https://intermountainhealthcare.org/-/media/files/intermountain-health/locations/hospital-prices/942854057_garfield-memorial-hospital_standardcharges.ashx,https://intermountainhealthcare.org/-/media/files/intermountain-health/locations/hospital-prices/942854057_garfield-memorial-hospital_standardcharges.ashx,206,https://intermountainhealthcare.org/-/media/files/intermountain-health/locations/hospital-prices/942854057_garfield-memorial-hospital_standardcharges.ashx,corroborated,file-name-and-address,"Garfield County, a political subdivision of the State of Utah, DBA Intermountain Health Garfield Memorial Hospital",Intermountain Health Garfield Memorial Hospital,UT,2026-08-05,3.0.0,date-within-365-days-version-3,2026-09-09T10:12:57.967Z,27519a841abdd3d59fb115053eff5b949c411d60684197447a47eae07bc207a5,b9a845755f464dfa6ddbb5e19d9f1f1401c7875e017ec2baba62254c889e05cb,,Correction verified and already recorded in the reviewed ledger.
470001,CENTRAL VERMONT MEDICAL CENTER,VT,identity-or-format-review,unresolved,,Browser download attempt on the recorded file URL; a failed automated request is not evidence the file is absent,https://cvmc.org/cms-hpt.txt,403,2026-09-09T10:11:16.157Z,,,,,,,,,,,,,,,,,
470012,SOUTHWESTERN VERMONT MEDICAL CENTER,VT,file-access-review,unresolved,,Browser download attempt on the recorded file URL; a failed automated request is not evidence the file is absent,https://svhealthcare.org/cms-hpt.txt,206,2026-09-09T10:11:16.303Z,,,,,,,,,,,,,,6ada201814955bc2938748b945016fac1de3140cafc483d4bdb6424b37e32073,,,All recorded file leads failed at transport level again this run (reproducible connection failure).
471300,GRACE COTTAGE HOSPITAL,VT,identity-or-format-review,unresolved,,"Compare the parsed header against facility aliases, renames and campus entries; extend the capped read only if metadata may sit beyond it",https://gracecottage.org/cms-hpt.txt,206,2026-09-09T10:11:16.437Z,,https://secure.claraprice.net/price-transparency/5f6520a384/machine-readable/030343282_grace-cottage-hospital_standardcharges.json,200,https://secure.claraprice.net/price-transparency/5f6520a384/machine-readable/030343282_grace-cottage-hospital_standardcharges.json,mrf-header-has-no-license-state,,Grace Cottage Hospital,,,,,date-unverified,2026-09-09T10:12:16.444Z,02a9a555c08dac282f00a3a8a47959d1661aeee99de788b99c9d9df8ff6a6f0e,19e26da151ebb32ad430065f458333fafb11df36e854a72df4dca7977aae1f58,,
471305,COPLEY HOSPITAL,VT,file-access-review,publisher-issue,pointer-declared-file-404,Publisher inquiry to restore or replace the declared file; recheck after their update window,https://www.copleyvt.org/cms-hpt.txt,200,2026-09-09T10:11:16.487Z,,https://www.copleyvt.org/030179423_Copley-Hospital_standardcharges.csv,404,https://www.copleyvt.org/03-0179423_Copley-Hospital_standardcharges.csv,corroborated,file-name-and-address,Copley Hospital,Copley Hospital,VT,2026-06-05,3.0.0,date-within-365-days-version-3,2026-09-09T10:47:33.388Z,0829940060165b48439925537981502916bf2ee985ab2f14c4fa53642bb40670,dfed54c3f9a16c8bd01d6149f0261ad647f3f4feb4cd38f7fd93a8eaa9a230d4,,The official pointer declares this file URL and it returns 404 on repeated checks; reproducible broken link.
471306,SPRINGFIELD HOSPITAL,VT,identity-or-format-review,unresolved,,"Compare the parsed header against facility aliases, renames and campus entries; extend the capped read only if metadata may sit beyond it",https://springfieldhospital.org/cms-hpt.txt,206,2026-09-09T10:11:16.564Z,,https://secure.claraprice.net/price-transparency/XGDZ-1751991682610/machine-readable/030179437_springfield-hospital_standardcharges.json,200,https://secure.claraprice.net/price-transparency/XGDZ-1751991682610/machine-readable/030179437_springfield-hospital_standardcharges.json,mrf-header-has-no-license-state,,Springfield Hospital,,,,,date-unverified,2026-09-09T10:12:17.995Z,3f3362cc74e0f67bad3055cf9436c8321fb60220cbee8660163cdfa31c9076c2,26aef1ff8bdd396271d395e183a7310a70135a7c1954f4ff9580e421f903ba2c,,
490020,JOHN RANDOLPH MEDICAL CENTER,VA,pointer-or-domain-review,unresolved,file-belongs-to-other-facility,Adjudicate facility identity: locate this facility's own pointer/file; do not reuse the shared-provider finding,https://www.hcavirginia.com/cms-hpt.txt,200,2026-09-09T10:11:16.698Z,,https://stctrprodsnsvc00455826e6.blob.core.windows.net/pt-final-posting-files/62-1760148_LEWISGALE-MEDICAL-CENTER_standardcharges.json?si=dpx-pt-json-access-policy&spr=https&sv=2026-02-06&sr=c&sig=ks%2BgfAjyEHlZmeP2PYJ%2f9NpMuCoRStjTb2bhIy9Y6LM%3D,206,https://stctrprodsnsvc00455826e6.blob.core.windows.net/pt-final-posting-files/62-1760148_LEWISGALE-MEDICAL-CENTER_standardcharges.json?si=dpx-pt-json-access-policy&spr=https&sv=2026-02-06&sr=c&sig=ks%2BgfAjyEHlZmeP2PYJ%2f9NpMuCoRStjTb2bhIy9Y6LM%3D,other-facility,,LEWISGALE MEDICAL CENTER,BLUE HILLS FSER|LEWISGALE MEDICAL CENTER|LEWISGALE MEDICAL CENTER CAVE SPRING ER,VA,2026-03-07,3.0.0,date-within-365-days-version-3,2026-09-09T10:11:16.899Z,2c86c37e9102b7a1cef5b731a1a07cf5355bdc3e1caf161d9deec80ff0e58ea7,998efca3f9f236bc687b359af05405a14ad44ae2c57180b8a8272895efc6a9e6,,
490021,CENTRA HEALTH -  LYNCHBURG GEN HOSPITAL,VA,pointer-or-domain-review,unresolved,,Official-domain discovery: confirm the roster facility controls a domain exposing cms-hpt.txt before assigning it,http://www.centrahealth.com/cms-hpt.txt,403,2026-09-09T10:11:27.426Z,,,,,,,,,,,,,,,,,
490022,MARY WASHINGTON HOSPITAL,VA,publisher-date-review,publisher-issue,declared-update-date-over-365-days,"Publisher inquiry with the recorded file URL, declared date and response hash; recheck after their update window",https://www.marywashingtonhealthcare.com/cms-hpt.txt,206,2026-09-09T10:11:16.780Z,,https://www.marywashingtonhealthcare.com/documents/540519577_mary-washington-hospital_standardcharges.csv,206,https://www.marywashingtonhealthcare.com/documents/540519577_mary-washington-hospital_standardcharges.csv,corroborated,file-name-and-address,Mary Washington Hospital,Mary Washington Hospital,VA,2024-12-30,2.0.0,date-over-365-days,2026-09-09T10:11:17.076Z,838cfb97d15718fb688628575dffaaac7bba5a62b53a284f006f2f739086494b,257781d8e181e5881bcc96f731f83cb591080c4c9ab8ada07abf3c81ff9a255b,,Same declared date 2024-12-30 observed again after the earlier check (2026-09-09T01:51:12.724Z).
490032,MEDICAL COLLEGE OF VIRGINIA HOSPITALS,VA,file-access-review,unresolved,,"Compare the parsed header against facility aliases, renames and campus entries; extend the capped read only if metadata may sit beyond it",https://www.vcuhealth.org/cms-hpt.txt,206,2026-09-09T10:11:44.648Z,,https://vcuhealth.pt.panaceainc.com/MRFDownload/vcuhealth/vcumedicalcenter,200,https://mrf.panaceainc.com/Download.aspx?org=vcuhealth&loc=vcumedicalcenter&ref=,mrf-header-does-not-match-unresolved-roster,,VIRGINIA COMMONWEALTH UNIVERSITY HEALTH SYSTEM AUTHORITY,VCU Medical Center,VA,2026-01-02,3.0.0,date-within-365-days-version-3,2026-09-09T10:11:30.068Z,60f11386818d4eb414f745c80c69eb06ef1656896d64803987320fab9c4a288f,dcd612aa80a850d9aa25500301d061411e0454ff0fe1d1b4776687d9616d0512,,
490104,HIRAM W DAVIS MEDICAL CENTER,VA,identity-or-format-review,unresolved,,"Compare the parsed header against facility aliases, renames and campus entries; extend the capped read only if metadata may sit beyond it",https://dbhds.virginia.gov/cms-hpt.txt,206,2026-09-09T10:11:29.483Z,,https://dbhds.virginia.gov/wp-content/uploads/2025/11/541013630_hiram-w-davis-medical-center_standardcharges.csv,206,https://dbhds.virginia.gov/wp-content/uploads/2025/11/541013630_hiram-w-davis-medical-center_standardcharges.csv,mrf-header-name-without-location,,Hiram W Davis Medical Center,Hiram W Davis Medical Center,VA,2025-07-21,2.0.0,date-over-365-days,2026-09-09T10:11:45.443Z,3ee6eff525752eb42931375aa6348c621bc81a3f4ca854f67542fbc982d598fd,2f7cff26a16031d13a08e70fa9126cf7d68cdb66abcf93513cf64a181848f35e,,
490112,CJW MEDICAL CENTER,VA,pointer-or-domain-review,unresolved,,"Compare the parsed header against facility aliases, renames and campus entries; extend the capped read only if metadata may sit beyond it",https://www.hcavirginia.com/cms-hpt.txt,200,2026-09-09T10:11:16.698Z,,https://stctrprodsnsvc00455826e6.blob.core.windows.net/pt-final-posting-files/54-1779911_CHIPPENHAM-HOSPITAL_standardcharges.json?si=dpx-pt-json-access-policy&spr=https&sv=2026-02-06&sr=c&sig=ks%2BgfAjyEHlZmeP2PYJ%2f9NpMuCoRStjTb2bhIy9Y6LM%3D,206,https://stctrprodsnsvc00455826e6.blob.core.windows.net/pt-final-posting-files/54-1779911_CHIPPENHAM-HOSPITAL_standardcharges.json?si=dpx-pt-json-access-policy&spr=https&sv=2026-02-06&sr=c&sig=ks%2BgfAjyEHlZmeP2PYJ%2f9NpMuCoRStjTb2bhIy9Y6LM%3D,mrf-header-does-not-match-unresolved-roster,,CHIPPENHAM HOSPITAL,SWIFT CREEK ER|CHIPPENHAM HOSPITAL,VA,2026-03-01,3.0.0,date-within-365-days-version-3,2026-09-09T10:11:39.150Z,2c86c37e9102b7a1cef5b731a1a07cf5355bdc3e1caf161d9deec80ff0e58ea7,bfb6f13799f509cf48123de404a88b8c4bb32a480010bc0d74cb82d4c526fbe2,,
490140,"STAFFORD HOSPITAL, LLC",VA,publisher-date-review,publisher-issue,declared-update-date-over-365-days,"Publisher inquiry with the recorded file URL, declared date and response hash; recheck after their update window",https://www.marywashingtonhealthcare.com/cms-hpt.txt,206,2026-09-09T10:11:16.780Z,,https://www.marywashingtonhealthcare.com/documents/134316364_stafford-hospital_standardcharges.csv,206,https://www.marywashingtonhealthcare.com/documents/134316364_stafford-hospital_standardcharges.csv,corroborated,file-name-and-address,Stafford Hospital,Stafford Hospital,VA,2024-12-30,2.0.0,date-over-365-days,2026-09-09T10:11:48.006Z,838cfb97d15718fb688628575dffaaac7bba5a62b53a284f006f2f739086494b,f8748e3814c67a91daaee17e1396558016cd2aad4a6d1b8bfc12fc111099c1a2,,Same declared date 2024-12-30 observed again after the earlier check (2026-09-09T01:51:12.928Z).
491300,BATH COMMUNITY HOSPITAL,VA,pointer-or-domain-review,unresolved,,Official-domain discovery: confirm the roster facility controls a domain exposing cms-hpt.txt before assigning it,https://bathhospital.org/cms-hpt.txt,"curl: (28) Resolving timed out after 8000 milliseconds
",2026-09-09T11:39:53.564Z,,,,,,,,,,,,,,,,,
491304,CARILION STONEWALL JACKSON HOSPITAL,VA,pointer-or-domain-review,unresolved,,"Compare the parsed header against facility aliases, renames and campus entries; extend the capped read only if metadata may sit beyond it",https://www.carilionclinic.org/sites/default/files/cms-hpt.txt,206,2026-09-09T10:11:45.046Z,,https://www.carilionclinic.org/540480606_Carilion-Franklin-Memorial-Hospital_StandardCharges.csv,206,https://www.carilionclinic.org/540480606_carilion-franklin-memorial-hospital_standardcharges.csv,mrf-header-name-without-location,,Carilion Franklin Memorial Hospital,Carilion Franklin Memorial Hospital,VA,2025-12-15,3.0.0,date-within-365-days-version-3,2026-09-09T10:11:48.075Z,cb34d77a90cf48874a2fe20558ae6a81d0bb33fff6bad1735e2a592fffc4609d,71d3b790e81b84c1acf1c0dc7166b97f65db3ce0a1a68bb92b5b47a4b7b2e14b,,
494010,NORTHERN VIRGINIA MENTAL HEALTH INSTI,VA,publisher-date-review,publisher-issue,declared-update-date-over-365-days,"Publisher inquiry with the recorded file URL, declared date and response hash; recheck after their update window",https://dbhds.virginia.gov/cms-hpt.txt,206,2026-09-09T10:11:29.483Z,,https://dbhds.virginia.gov/wp-content/uploads/2025/11/540807019_northern-virginia-mental-health-institute_standardcharges.csv,206,https://dbhds.virginia.gov/wp-content/uploads/2025/11/540807019_northern-virginia-mental-health-institute_standardcharges.csv,corroborated,file-name-and-address,Northern Virginia Mental Health Institute,Northern Virginia Mental Health Institute,VA,2025-07-21,2.0.0,date-over-365-days,2026-09-09T10:11:46.287Z,3ee6eff525752eb42931375aa6348c621bc81a3f4ca854f67542fbc982d598fd,a329be6bfe282cf081a723919efc0dc8640189968f2d0e2966fc75375b460707,,Same declared date 2025-07-21 observed again after the earlier check (2026-09-09T02:26:34.884Z).
494017,SOUTHERN VIRGINIA MENTAL HEALTH INSTITUTE,VA,publisher-date-review,publisher-issue,declared-update-date-over-365-days,"Publisher inquiry with the recorded file URL, declared date and response hash; recheck after their update window",https://dbhds.virginia.gov/cms-hpt.txt,206,2026-09-09T10:11:29.483Z,,https://dbhds.virginia.gov/wp-content/uploads/2025/11/541004175_southern-virginia-mental-health-institute_standardcharges.csv,206,https://dbhds.virginia.gov/wp-content/uploads/2025/11/541004175_southern-virginia-mental-health-institute_standardcharges.csv,corroborated,file-name-and-address,Southern Virginia Mental Health Institute,Southern Virginia Mental Health Institute,VA,2025-07-21,2.0.0,date-over-365-days,2026-09-09T10:11:46.479Z,3ee6eff525752eb42931375aa6348c621bc81a3f4ca854f67542fbc982d598fd,0c2f83ec64e877033839dde82c81bd6504fcf660046eb76f6b1b60787e513682,,Same declared date 2025-07-21 observed again after the earlier check (2026-09-09T02:26:34.956Z).
494021,WESTERN STATE HOSPITAL,VA,identity-or-format-review,unresolved,,"Compare the parsed header against facility aliases, renames and campus entries; extend the capped read only if metadata may sit beyond it",https://dbhds.virginia.gov/cms-hpt.txt,206,2026-09-09T10:11:29.483Z,,https://dbhds.virginia.gov/wp-content/uploads/2025/11/546001817_western-state-hospital_standardcharges.csv,206,https://dbhds.virginia.gov/wp-content/uploads/2025/11/546001817_western-state-hospital_standardcharges.csv,mrf-header-name-without-location,,Western State Hospital,Western State Hospital,VA,2025-01-01,2.0.0,date-over-365-days,2026-09-09T10:47:35.130Z,3ee6eff525752eb42931375aa6348c621bc81a3f4ca854f67542fbc982d598fd,d1fb74a222d54d4006927f4f8eee46e470b79947c6b6333e467f368459e3a139,,
494023,DOMINION HOSPITAL,VA,pointer-or-domain-review,unresolved,,"Compare the parsed header against facility aliases, renames and campus entries; extend the capped read only if metadata may sit beyond it",https://www.hcavirginia.com/cms-hpt.txt,200,2026-09-09T10:11:16.698Z,,https://stctrprodsnsvc00455826e6.blob.core.windows.net/pt-final-posting-files/62-1113733_RETREAT-DOCTORS-HOSPITAL_standardcharges.json?si=dpx-pt-json-access-policy&spr=https&sv=2026-02-06&sr=c&sig=ks%2BgfAjyEHlZmeP2PYJ%2f9NpMuCoRStjTb2bhIy9Y6LM%3D,206,https://stctrprodsnsvc00455826e6.blob.core.windows.net/pt-final-posting-files/62-1113733_RETREAT-DOCTORS-HOSPITAL_standardcharges.json?si=dpx-pt-json-access-policy&spr=https&sv=2026-02-06&sr=c&sig=ks%2BgfAjyEHlZmeP2PYJ%2f9NpMuCoRStjTb2bhIy9Y6LM%3D,mrf-header-does-not-match-unresolved-roster,,RETREAT DOCTORS HOSPITAL,RETREAT DOCTORS HOSPITAL,VA,2026-03-01,3.0.0,date-within-365-days-version-3,2026-09-09T10:11:46.638Z,2c86c37e9102b7a1cef5b731a1a07cf5355bdc3e1caf161d9deec80ff0e58ea7,53ad91f90645a2699f210163e841b7e1ecad67f89c51499ad39d7e0595d42379,,
494029,SOUTHWESTERN VIRGINIA MENTAL HEALTH INSTITUTE,VA,identity-or-format-review,unresolved,,"Compare the parsed header against facility aliases, renames and campus entries; extend the capped read only if metadata may sit beyond it",https://dbhds.virginia.gov/cms-hpt.txt,206,2026-09-09T10:11:29.483Z,,https://dbhds.virginia.gov/wp-content/uploads/2025/11/546001769_southwestern-virginia-mental-health-institute_standardcharges.csv,206,https://dbhds.virginia.gov/wp-content/uploads/2025/11/546001769_southwestern-virginia-mental-health-institute_standardcharges.csv,mrf-header-name-without-location,,Southwestern Virginia Mental Health Institute,Southwestern Virginia Mental Health Institute,VA,2025-01-01,2.0.0,date-over-365-days,2026-09-09T10:11:46.761Z,3ee6eff525752eb42931375aa6348c621bc81a3f4ca854f67542fbc982d598fd,f6145e1222efc28b595719451a62a766513a5aa055316a23740dd8f3ad73dc4c,,
494033,CATAWBA HOSPITAL,VA,publisher-date-review,publisher-issue,declared-update-date-over-365-days,"Publisher inquiry with the recorded file URL, declared date and response hash; recheck after their update window",https://dbhds.virginia.gov/cms-hpt.txt,206,2026-09-09T10:11:29.483Z,,https://dbhds.virginia.gov/wp-content/uploads/2025/11/546001711_catawba-hospital_standardcharges.csv,206,https://dbhds.virginia.gov/wp-content/uploads/2025/11/546001711_catawba-hospital_standardcharges.csv,corroborated,file-name-and-address,Catawba Hospital,Catawba Hospital,VA,2025-01-01,2.0.0,date-over-365-days,2026-09-09T10:11:46.863Z,3ee6eff525752eb42931375aa6348c621bc81a3f4ca854f67542fbc982d598fd,00b051a3f905b2d494088b32590564ba62f3b58d280059b8fb9155f02f97939e,,Same declared date 2025-01-01 observed again after the earlier check (2026-09-09T02:26:36.255Z).
500007,ISLAND HOSPITAL,WA,file-access-review,publisher-issue,pointer-declared-file-404,Publisher inquiry to restore or replace the declared file; recheck after their update window,https://islandhospital.org/cms-hpt.txt,200,2026-09-09T10:11:44.623Z,,https://mrfs.hyvehealthcare.com/IslandHealthSystem/910729255_island-health_standardcharges.csv,404,,,,,,,,,,2026-09-09T10:11:44.808Z,d586019ea0ecf13d0a2b01d33dbb5c3b7db4425d2b0d1ea1797ed43eebcd1fe4,,,The official pointer declares this file URL and it returns 404 on repeated checks; reproducible broken link.
500030,PEACEHEALTH ST JOSEPH MEDICAL CENTER,WA,pointer-or-domain-review,unresolved,,Official-domain discovery: confirm the roster facility controls a domain exposing cms-hpt.txt before assigning it,https://www.peacehealth.org/cms-hpt.txt,403,2026-09-09T11:38:32.774Z,,,,,,,,,,,,,,,,,
500031,GRAYS HARBOR COMMUNITY HOSPITAL,WA,file-access-review,publisher-issue,pointer-declared-file-404,Publisher inquiry to restore or replace the declared file; recheck after their update window,https://static1.squarespace.com/static/5e90f5d75542933b842d0964/t/681d2dd1e71fc254c48f7fa0/1746742737725/cms-hpt.txt,206,2026-09-09T10:11:44.813Z,,http://machine-readable-files.com/harbor-regional-health/910568304_Harbor-Regional-Health_standardcharges.csv,404,https://hospitalpricetransparencyfiles.com/grays-harbor-community-hospital/910568304_Grays-Harbor-Community-Hospital_standardcharges.csv,corroborated,file-name-and-address,Grays Harbor Community Hospital,Harbor Regional Health,WA,2025-11-21,3.0.0,date-within-365-days-version-3,2026-09-09T10:47:50.571Z,a0b277e01dc9421fe3d63e12b934591f5614bcd6dae84e9890db2af0189f8946,c216eac4fd35f0c7b0c1196a07968590eaaf1344a8452d6c4a73064b94f0e51f,,The official pointer declares this file URL and it returns 404 on repeated checks; reproducible broken link.
500041,PEACEHEALTH ST JOHN MEDICAL CENTER,WA,pointer-or-domain-review,unresolved,,Official-domain discovery: confirm the roster facility controls a domain exposing cms-hpt.txt before assigning it,https://www.peacehealth.org/cms-hpt.txt,403,2026-09-09T11:38:32.774Z,,,,,,,,,,,,,,,,,
500044,DEACONESS MEDICAL CENTER,WA,identity-or-format-review,unresolved,,"Compare the parsed header against facility aliases, renames and campus entries; extend the capped read only if metadata may sit beyond it",https://www.multicare.org/cms-hpt.txt,206,2026-09-09T10:11:45.469Z,,https://sthpiprd.blob.core.windows.net/machine-readable-files/8063/911352172-1356528269_multicare-deaconess-hospital_standardcharges.csv,206,https://sthpiprd.blob.core.windows.net/machine-readable-files/8063/911352172-1356528269_multicare-deaconess-hospital_standardcharges.csv,mrf-header-does-not-match-unresolved-roster,,MultiCare Deaconess Hospital,MultiCare Deaconess Hospital|MultiCare Deaconess North Emergency Center,WA,2026-08-27,3.0.0,date-within-365-days-version-3,2026-09-09T10:11:46.697Z,7981ae2ab16b08e52b2e8eb1120a3176f1d751b3d780b2499318b00a55b7273e,66b79dfc5b03760d2d8208e1c88bb660f794a265bcd0d34114cce35818272bda,,
500050,PEACEHEALTH SOUTHWEST MEDICAL CENTE,WA,pointer-or-domain-review,unresolved,,Official-domain discovery: confirm the roster facility controls a domain exposing cms-hpt.txt before assigning it,https://www.peacehealth.org/cms-hpt.txt,403,2026-09-09T11:38:32.774Z,,,,,,,,,,,,,,,,,
500054,PROV SACRED HRT MED CTR & CHILDS HOSP.,WA,pointer-or-domain-review,unresolved,,"Compare the parsed header against facility aliases, renames and campus entries; extend the capped read only if metadata may sit beyond it",https://www.providence.org/cms-hpt.txt,206,2026-09-09T10:11:47.058Z,,https://pricetransparency.providence.org/wamt/live/364640211_providence-sacred-hrt-med-center-and-childs-hosp_standardcharges.json,206,https://pricetransparency.providencemedia.org/wamt/live/364640211_providence-sacred-hrt-med-center-and-childs-hosp_standardcharges.json,mrf-header-does-not-match-unresolved-roster,,Providence Health And Services - Washington,Providence Sacred Heart Medical Center and Children's Hospital,WA,2026-04-01,3.0.0,date-within-365-days-version-3,2026-09-09T10:11:47.208Z,b8eac725ab54836f3bfaa189bf44ac848c2dc87f23a56133a3454bdf6bd2a5d5,fbdcd5c019563bb23ac8c33aa29e28f032ca9a7a4462ba6776d0a780363abb17,,
501312,PROSSER MEMORIAL HOSPITAL,WA,publisher-date-review,publisher-issue,declared-update-date-over-365-days,"Publisher inquiry with the recorded file URL, declared date and response hash; recheck after their update window",https://www.prosserhealth.org/cms-hpt.txt,206,2026-09-09T10:11:46.544Z,,https://res.cloudinary.com/dpmykpsih/raw/upload/prosser-health-site-416/media/r/98285db682424129bd554acc0db84c2a/91-6013490_prosser-memorial-health-hospital_standardcharges.csv,206,https://res.cloudinary.com/dpmykpsih/raw/upload/prosser-health-site-416/media/r/98285db682424129bd554acc0db84c2a/91-6013490_prosser-memorial-health-hospital_standardcharges.csv,corroborated,file-name-and-address,Prosser Memorial Health Hospital,Prosser Memorial Health Hospital|Benton City Clinic RHC|Grandview Clinic RHC|Prosser Clinic RHC|Prosser Specialty Clinic|Benton City Dermatology Clinic,WA,2025-01-01,2.0.0,date-over-365-days,2026-09-09T10:11:47.292Z,c76b259798faf98e08c089dc281ad21f4751f91495d4791f5ddac24e4b5dfefe,2452807d959defcc170f6dddf21e7aa83267ce7056266282eb89e6114c8121c9,,Same declared date 2025-01-01 observed again after the earlier check (2026-09-09T01:51:14.084Z).
501316,KLICKITAT VALLEY HOSPITAL,WA,identity-or-format-review,unresolved,,"Compare the parsed header against facility aliases, renames and campus entries; extend the capped read only if metadata may sit beyond it",https://kvhealth.net/cms-hpt.txt,206,2026-09-09T10:11:47.055Z,,https://klickitat.pt.panaceainc.com/MRFDownload/klickitat/klickitat,200,https://mrf.panaceainc.com/Download.aspx?org=klickitat&loc=klickitat&ref=,corroborated,file-name-and-address,Klickitat Valley Hospital,Klickitat Valley Hospital,WA,2026-03-31,3.0.0,date-within-365-days-version-3,2026-09-09T10:12:01.481Z,b65ce5737fa7ac0004f7bd52ca3bf8b50d26eb4a9e6aacbc73c3820e9d028e8d,44f894a12c881cc9280f7fe173d1fdcd616f56088bfd86179c0acbcc503f51a8,,
501329,PEACEHEALTH UNITED GENERAL MEDICAL CENTER,WA,pointer-or-domain-review,unresolved,,Official-domain discovery: confirm the roster facility controls a domain exposing cms-hpt.txt before assigning it,https://www.peacehealth.org/cms-hpt.txt,403,2026-09-09T11:38:32.774Z,,,,,,,,,,,,,,,,,
501340,PEACEHEALTH PEACE ISLAND MEDICAL CENTER,WA,pointer-or-domain-review,unresolved,,Official-domain discovery: confirm the roster facility controls a domain exposing cms-hpt.txt before assigning it,https://www.peacehealth.org/cms-hpt.txt,403,2026-09-09T11:38:32.774Z,,,,,,,,,,,,,,,,,
504002,BHC FAIRFAX HOSPITAL,WA,pointer-or-domain-review,unresolved,,Official-domain discovery: confirm the roster facility controls a domain exposing cms-hpt.txt before assigning it,https://fairfaxhospital.com/cms-hpt.txt,"curl: (28) Operation timed out after 11321 milliseconds with 0 bytes received
",2026-09-09T11:39:57.082Z,,,,,,,,,,,,,,,,,
510002,"CAMC GREENBRIER VALLEY MEDICAL CENTER, INC",WV,file-access-review,publisher-issue,pointer-declared-file-404,Publisher inquiry to restore or replace the declared file; recheck after their update window,https://www.camc.org/cms-hpt.txt,206,2026-09-09T10:11:58.073Z,,https://app.box.com/public/static/aidlfax3cyzn902r713m3ofochu48bev.csv,404,https://public.boxcloud.com/d/1/b1!xNqCm0aHBQfPC5RIm2_BhthvTjVnT11J3ExU2vevMWdIvufpJO4Zkw1eWCDZsMR8uFwVYh-zdvglnSfSbWNOkvA2JWmisAOXyXviRfeG4VKbABeew-jZDmY3uIaaFfuYg8oteWl72KYO71hV9zLgJ_38NHmJwA7Xs7akgmfOlXkIm_2WSvK_MaU2fttiR2ESe7Ds4h4JWtes3aopEaSTzTfBLbVzAHXLw_F3svHwnmVK5tpl79mkxRaz7wS72tAKVlQXArMX7svU7Q2YsjSMfZD253PWxS-QDoN6xaq2PjYXTMtL4ZG7Yh04cZev52xk8T9u9IaEHSf6WrIelhYJ748OkFgEBTfw_mk1nUNYGm47s1DWGwbyDjIQMbGR1wHCCTbh-XNuhtkXy3jh2TIXNm2ZblUAZDhxhvMoHUbQo7dQp00g22Miye_tbSBKdBCtp5T2ImYiQHCVzseRIcijt8Vq5tUL7kI-Sy4ZYc8CiE1_wxjpLYAAgMOQXDJaIVZC8xoJ7Fv1lU_8SCoTvo_LissP9v9CYYIfCSVjdCBk4KRswLhUZeCJXXEWVvTr4OjSAl7q2OvHAjt9HAfbEbVrpJuCJYpNWk2-1oBZEioGnaCkB-TumbBMM0HVNmNgI6k3s6I1lHCX4usvrh1WFTQ7axN-ZE6obdDNv7lDyBqhyXt4bIQyr6mSrsZJozBm8F0LMjmIg5EgHegruKXhTasCYIHBuxixdbPMkOqEKmRAkmdbpZ0hcd_5fHUy2CQaHTF5a-ytAlswVL6N-Zn7QnxQsebu_tMIWjUvICmd7ri0rCIAnajj68Y42W5i5bSZeRxIj3WhDwvLtTQjNtwzPttRPYmEg6SVdraaonaWvK3ReZE2JaBgwN_wTvyIekRx9DWpolmWPxly37593AwnGl16qHWC8wXtqffF0J_9Ol8PE1wn9P50kBDl-3gpLp0pzSsMlAPrUNmsOsZx6A2JwS491XwXQOfY2fsSOnhFEag49Du1OqzLhvYqvie7FMlBSbkCJvlNNOjfzL69JOYkXe5D6_BKguAq9KPbNH5fwXa42Vf-dfZYje87FY2FpEEcDYuL6-LAOy56DIJBmFir6KSym5cvZ-Q8WfAh_Kryf_Iq0sSSDSg7PGkFZb6M6zMRDZsS31ndKkIIIIKQsa6il9dWEzSgmTO6BDtOEkqPATnMXFJ2nWXo01WIMlPoHqhAsl3hazPjtlywL9BrLh_3V27T-7ZEx5X42HVnOvWPt_yfZzsVNW4IK5MqzBpKs_DtlZ0F9zWnQB2q0rVBArfn_nxcnf45YSGrFIddKVPAITZWSjQFyO12ivHNSUpzdjuAVA2H0yprsOwHTGiXg8Kv5ZjGXikPKplSZdPmerNF4CpebHpXsuMDlB_8-XSsNEqJCvlmmxtngQHa6jlC8bDWWNrlaoTLwIfncOBgtkEgxk5BfA8DaxCRm09QeCaN2Ep9vRRpKPsUpUmzKr4Ok3oqAK124qT8e5P2diNrU-NDanorWWmmhm7iwzydK1f47qrHFiqKE6fPUISDixTRsWgYwEE9kDxIy5DNhmXZw4LMJPoui3_1TzVkZh7GGQsSG9N2vY9R00ZRpYwAbNYcgKb7dca2331AQZhU7XcgT0-1-Tw./download,corroborated,file-name-and-address,Greenbrier Valley Medical Center,Greenbrier Valley Medical Center,WV,2026-07-15,3.0.0,date-within-365-days-version-3,2026-09-09T10:47:54.251Z,656577bf66c3065222ccbd554364230331ab8fdee18d3db86da51cfefeb4adc4,5b383e0448606bcb19d16161e8319e10f6fa47a1cb1ef7344ccbbe90cb70ffb5,,The official pointer declares this file URL and it returns 404 on repeated checks; reproducible broken link.
510030,DAVIS MEDICAL CENTER,WV,file-access-review,publisher-issue,pointer-declared-file-404,Publisher inquiry to restore or replace the declared file; recheck after their update window,https://davishealthsystem.org/cms-hpt.txt,206,2026-09-09T10:11:58.368Z,,https://sthpiprd.blob.core.windows.net/machine-readable-files/8555/550375433_davis-memorial-hospital_standardcharges.csv,404,https://sthpiprd.blob.core.windows.net/machine-readable-files/8555/550375433_davis-medical-center_standardcharges.csv,corroborated,file-name-and-address,Davis Medical Center,Davis Medical Center|Davis Medical Center|Davis Medical Center|Davis Medical Center,WV,2026-07-30,3.0.0,date-within-365-days-version-3,2026-09-09T10:48:43.406Z,7f7926ab6452c61e8214d4c86ad7f9d2ab52680a2b81aa43818c6b75637c0117,22629a37dac5c748df05b8703a29699fabd8bd0ec0eae4fca2504ac435464d14,,The official pointer declares this file URL and it returns 404 on repeated checks; reproducible broken link.
510048,LOGAN REGIONAL MEDICAL CENTER,WV,pointer-or-domain-review,unresolved,file-belongs-to-other-facility,Adjudicate facility identity: locate this facility's own pointer/file; do not reuse the shared-provider finding,https://logan.org/cms-hpt.txt,200,2026-09-09T10:08:39.028Z,,https://HospitalPriceDisclosure.com/Download.aspx?pi=nlnNge8MhLiec440RvxqVQ*-*,206,https://cleverleypteusstatic.blob.core.windows.net/readable/237293874_logan-health-medical-center_standardcharges.json,other-facility,,Logan Health Medical Center,Logan Health Medical Center,MT,2026-04-01,3.0.0,date-within-365-days-version-3,2026-09-09T10:08:40.109Z,e45689a5aea0c03953cc95a6e4753468f4a5c897cb61db0692c279978ae782c3,86a071bd8d035f0f74a880b86f7851d9454b704de0f6659ccf9f97c98cbce18b,,
510086,WELCH COMMUNITY HOSPITAL,WV,pointer-or-domain-review,unresolved,,Official-domain discovery: confirm the roster facility controls a domain exposing cms-hpt.txt before assigning it,https://wvumedicine.org/cms-hpt.txt,200,2026-09-09T10:09:44.912Z,,,,,,,,,,,,,,e7ae43d4a2ed358f6bb3eedc8d26aa969e276f0b827f40684d8daba197aecbc2,,,
510091,CAMC CHARLESTON SURGICAL HOSPITAL,WV,pointer-or-domain-review,publisher-issue,pointer-declared-file-404,Publisher inquiry to restore or replace the declared file; recheck after their update window,https://www.camc.org/cms-hpt.txt,206,2026-09-09T10:11:58.073Z,,https://www.camc.org/sites/default/files/CSH/550526191_Charleston-Surgical-Hospital%2C-LLC_standardcharges.csv,404,,,,,,,,,,2026-09-09T10:11:59.533Z,656577bf66c3065222ccbd554364230331ab8fdee18d3db86da51cfefeb4adc4,,,The official pointer declares this file URL and it returns 404 on repeated checks; reproducible broken link.
511306,ROANE GENERAL HOSPITAL,WV,pointer-or-domain-review,unresolved,,Official-domain discovery: confirm the roster facility controls a domain exposing cms-hpt.txt before assigning it,https://roanegeneralhospital.com/cms-hpt.txt,"curl: (28) Connection timed out after 8003 milliseconds
",2026-09-09T11:40:06.824Z,,,,,,,,,,,,,,,,,
514009,MILDRED MITCHELL-BATEMAN HOSPITAL,WV,pointer-or-domain-review,unresolved,,Official-domain discovery: confirm the roster facility controls a domain exposing cms-hpt.txt before assigning it,https://batemanhospital.org/cms-hpt.txt,"curl: (35) schannel: failed to receive handshake, SSL/TLS connection failed
",2026-09-09T11:40:02.349Z,,,,,,,,,,,,,,,,,
514012,"WILLIAM R SHARPE, JR HOSPITAL",WV,pointer-or-domain-review,unresolved,,Official-domain discovery: confirm the roster facility controls a domain exposing cms-hpt.txt before assigning it,https://dhhr.wv.gov/cms-hpt.txt,404,2026-09-09T11:39:47.674Z,,,,,,,,,,,,,,,,,
520002,"ASPIRUS STEVENS POINT HOSPITAL & CLINICS, INC.",WI,publisher-date-review,publisher-issue,declared-update-date-over-365-days,"Publisher inquiry with the recorded file URL, declared date and response hash; recheck after their update window",https://www.aspirus.org/cms-hpt.txt,200,2026-09-09T10:07:43.519Z,,https://www.aspirus.org/Uploads/Public/Documents/PriceEstimate/TransparencyFY26/390808443_aspirus-stevens-point-hospital_standardcharges.json,206,https://www.aspirus.org/Uploads/Public/Documents/PriceEstimate/TransparencyFY26/390808443_aspirus-stevens-point-hospital_standardcharges.json,corroborated,file-name-and-address,Aspirus Stevens Point Hospital,Aspirus Stevens Point Hospital,WI,2025-07-01,2.2.0,date-over-365-days,2026-09-09T10:12:01.254Z,26a95ee79434fbf692ebb03527aca944f9d0e63fde0b0254a07e7d8afc5ecc63,873276bd2035a960b5a2c008652f38e33bc729c791c8dc36b2dde19642c182b1,,Same declared date 2025-07-01 observed again after the earlier check (2026-09-09T02:25:05.583Z).
520019,ASPIRUS RHINELANDER HOSPITAL,WI,publisher-date-review,publisher-issue,declared-update-date-over-365-days,"Publisher inquiry with the recorded file URL, declared date and response hash; recheck after their update window",https://www.aspirus.org/cms-hpt.txt,200,2026-09-09T10:07:43.519Z,,https://www.aspirus.org/Uploads/Public/Documents/PriceEstimate/TransparencyFY26/391390638_aspirus-rhinelander-hospital_standardcharges.json,206,https://www.aspirus.org/Uploads/Public/Documents/PriceEstimate/TransparencyFY26/391390638_aspirus-rhinelander-hospital_standardcharges.json,corroborated,file-name-and-address,Aspirus Rhinelander Hospital,Aspirus Rhinelander Hospital,WI,2025-07-01,2.2.0,date-over-365-days,2026-09-09T10:12:15.167Z,26a95ee79434fbf692ebb03527aca944f9d0e63fde0b0254a07e7d8afc5ecc63,052f88d11322de82891e00ac556138c7687b6519b27f389c6f4340df0404cb01,,Same declared date 2025-07-01 observed again after the earlier check (2026-09-09T02:25:17.621Z).
520021,FROEDTERT SOUTH INC.,WI,identity-or-format-review,unresolved,file-belongs-to-other-facility,Adjudicate facility identity: locate this facility's own pointer/file; do not reuse the shared-provider finding,https://www.froedtert.com/sites/default/files/upload/docs/patients-visitors/cms-hpt.txt,206,2026-09-09T10:11:58.675Z,,https://sthpiprd.blob.core.windows.net/machine-readable-files/7864/396105970_froedtert-memorial-lutheran-hospital-inc_standardcharges.csv,206,https://sthpiprd.blob.core.windows.net/machine-readable-files/7864/396105970_froedtert-memorial-lutheran-hospital-inc_standardcharges.csv,other-facility,,Froedtert Memorial Lutheran Hospital Inc,Froedtert Hospital,WI,2025-12-31,3.0.0,date-within-365-days-version-3,2026-09-09T10:12:14.501Z,ad7ecea79a89bfd46e0b4dae8acad34fa4351f6b599cfc8a586d0a326b7e2fea,86a1c80b6d061a62bd7d20aeb72b80b793425479c7a7538d320c3b6976e587a0,,
520030,ASPIRUS WAUSAU HOSPITAL,WI,publisher-date-review,publisher-issue,declared-update-date-over-365-days,"Publisher inquiry with the recorded file URL, declared date and response hash; recheck after their update window",https://www.aspirus.org/cms-hpt.txt,200,2026-09-09T10:07:43.519Z,,https://www.aspirus.org/Uploads/Public/Documents/PriceEstimate/TransparencyFY26/391138241_aspirus-wausau-hospital_standardcharges.json,206,https://www.aspirus.org/Uploads/Public/Documents/PriceEstimate/TransparencyFY26/391138241_aspirus-wausau-hospital_standardcharges.json,corroborated,file-name-and-address,Aspirus Wausau Hospital,Aspirus Wausau Hospital,WI,2025-07-01,2.2.0,date-over-365-days,2026-09-09T10:12:21.400Z,26a95ee79434fbf692ebb03527aca944f9d0e63fde0b0254a07e7d8afc5ecc63,ae7921c7001f3fca6dd75971fce1d3cdbec0fa49724b3f4eb4eebc1a585e0330,,Same declared date 2025-07-01 observed again after the earlier check (2026-09-09T02:26:08.972Z).
520033,ASPIRUS RIVERVIEW HOSPITAL & CLINICS INC,WI,file-access-review,unresolved,,Official-domain discovery: confirm the roster facility controls a domain exposing cms-hpt.txt before assigning it,https://www.aspirus.org/cms-hpt.txt,200,2026-09-09T10:07:43.519Z,,https://www.aspirus.org/Uploads/Public/Documents/PriceEstimate/TransparencyFY26/390868982_aspirus-wisconsin-rapids-hospital_standardcharges.json,206,https://www.aspirus.org/Uploads/Public/Documents/PriceEstimate/TransparencyFY26/390868982_aspirus-wisconsin-rapids-hospital_standardcharges.json,mrf-header-does-not-match-unresolved-roster,,Aspirus Wisconsin Rapids Hospital,Aspirus Wisconsin Rapids Hospital,WI,2025-07-01,2.2.0,date-over-365-days,2026-09-09T10:12:27.708Z,26a95ee79434fbf692ebb03527aca944f9d0e63fde0b0254a07e7d8afc5ecc63,af30b9fb1ff447d0c1a969c5c9c778d36c87a9f229a57cc450db5896e282077d,,
520041,ASPIRUS DIVINE SAVIOR HOSPITAL,WI,publisher-date-review,publisher-issue,declared-update-date-over-365-days,"Publisher inquiry with the recorded file URL, declared date and response hash; recheck after their update window",https://www.aspirus.org/cms-hpt.txt,200,2026-09-09T10:07:43.519Z,,https://www.aspirus.org/Uploads/Public/Documents/PriceEstimate/TransparencyFY26/390806250_aspirus-divine-savior-hospital_standardcharges.json,206,https://www.aspirus.org/Uploads/Public/Documents/PriceEstimate/TransparencyFY26/390806250_aspirus-divine-savior-hospital_standardcharges.json,corroborated,file-name-and-address,Aspirus Divine Savior Hospital,Aspirus Divine Savior Hospital,WI,2025-07-01,2.2.0,date-over-365-days,2026-09-09T10:12:34.067Z,26a95ee79434fbf692ebb03527aca944f9d0e63fde0b0254a07e7d8afc5ecc63,7ad82f9492019514a14955d880d257beb5476a29cd41c8c80960f22048fa84ce,,Same declared date 2025-07-01 observed again after the earlier check (2026-09-09T01:51:14.215Z).
520091,HOWARD YOUNG MEDICAL CENTER,WI,publisher-date-review,publisher-issue,declared-update-date-over-365-days,"Publisher inquiry with the recorded file URL, declared date and response hash; recheck after their update window",https://www.aspirus.org/cms-hpt.txt,200,2026-09-09T10:07:43.519Z,,https://www.aspirus.org/Uploads/Public/Documents/PriceEstimate/TransparencyFY26/390873606_howard-young-medical-center_standardcharges.json,206,https://www.aspirus.org/Uploads/Public/Documents/PriceEstimate/TransparencyFY26/390873606_howard-young-medical-center_standardcharges.json,corroborated,file-name-and-address,Howard Young Medical Center,Howard Young Medical Center,WI,2025-07-01,2.2.0,date-over-365-days,2026-09-09T10:12:35.130Z,26a95ee79434fbf692ebb03527aca944f9d0e63fde0b0254a07e7d8afc5ecc63,e533676d7b6043dfb5b740cd23b6c1c0295b3b8a328aa8cea359387ab61daa16,,Same declared date 2025-07-01 observed again after the earlier check (2026-09-09T01:51:59.618Z).
520103,COMMUNITY MEMORIAL HOSPITAL,WI,identity-or-format-review,unresolved,file-belongs-to-other-facility,Adjudicate facility identity: locate this facility's own pointer/file; do not reuse the shared-provider finding,https://www.froedtert.com/sites/default/files/upload/docs/patients-visitors/cms-hpt.txt,206,2026-09-09T10:11:58.675Z,,https://sthpiprd.blob.core.windows.net/machine-readable-files/7864/396105970_froedtert-memorial-lutheran-hospital-inc_standardcharges.csv,206,https://sthpiprd.blob.core.windows.net/machine-readable-files/7864/396105970_froedtert-memorial-lutheran-hospital-inc_standardcharges.csv,other-facility,,Froedtert Memorial Lutheran Hospital Inc,Froedtert Hospital,WI,2025-12-31,3.0.0,date-within-365-days-version-3,2026-09-09T10:12:14.501Z,ad7ecea79a89bfd46e0b4dae8acad34fa4351f6b599cfc8a586d0a326b7e2fea,86a1c80b6d061a62bd7d20aeb72b80b793425479c7a7538d320c3b6976e587a0,,
520116,WATERTOWN MEMORIAL HOSPITAL,WI,pointer-or-domain-review,unresolved,,Official-domain discovery: confirm the roster facility controls a domain exposing cms-hpt.txt before assigning it,https://watertownregional.com/cms-hpt.txt,406,2026-09-09T11:39:56.118Z,,,,,,,,,,,,,,,,,
521300,ASPIRUS EAGLE RIVER HOSPITAL,WI,publisher-date-review,publisher-issue,declared-update-date-over-365-days,"Publisher inquiry with the recorded file URL, declared date and response hash; recheck after their update window",https://www.aspirus.org/cms-hpt.txt,200,2026-09-09T10:07:43.519Z,,https://www.aspirus.org/Uploads/Public/Documents/PriceEstimate/TransparencyFY26/390985690_aspirus-eagle-river-hospital_standardcharges.json,206,https://www.aspirus.org/Uploads/Public/Documents/PriceEstimate/TransparencyFY26/390985690_aspirus-eagle-river-hospital_standardcharges.json,corroborated,file-name-and-address,Aspirus Eagle River Hospital,Aspirus Eagle River Hospital,WI,2025-07-01,2.2.0,date-over-365-days,2026-09-09T10:12:41.156Z,26a95ee79434fbf692ebb03527aca944f9d0e63fde0b0254a07e7d8afc5ecc63,f6950f33b063005fd41804f2312ff4e56bdbd9e3cb9a64e4d6fcab5efc416308,,Same declared date 2025-07-01 observed again after the earlier check (2026-09-09T01:51:14.413Z).
521307,CHIPPEWA VALLEY HOSPITAL,WI,identity-or-format-review,unresolved,file-belongs-to-other-facility,Adjudicate facility identity: locate this facility's own pointer/file; do not reuse the shared-provider finding,https://www.adventhealth.com/cms-hpt.txt,206,2026-09-09T10:37:41.422Z,,https://HospitalPriceDisclosure.com/download.aspx?pi=8TD412ABjMMB7Z3bph2isQ*-*,206,https://cleverleypteusstatic.blob.core.windows.net/readable/831869297_texas-health-hospital-mansfield_standardcharges.json,other-facility,,Texas Health Hospital Mansfield,Texas Health Hospital Mansfield,TX,2026-04-01,3.0.0,date-within-365-days-version-3,2026-09-09T10:12:01.235Z,0b5754844492587410fc44daf0765bb6ec2a3cdf0aecdb31fd3fcb7b9fa622d8,6cb23bf2c5358f845bd77b9949d0d72f83389f5977cafedc839c088447c42fac,,
521311,ASPIRUS STANLEY HOSPITAL,WI,file-access-review,publisher-issue,declared-update-date-over-365-days,"Publisher inquiry with the recorded file URL, declared date and response hash; recheck after their update window",https://www.aspirus.org/cms-hpt.txt,200,2026-09-09T10:07:43.519Z,,https://www.aspirus.org/Uploads/Public/Documents/PriceEstimate/TransparencyFY26/390807065_aspirus-stanley-hospital_standardcharges.json,206,https://www.aspirus.org/Uploads/Public/Documents/PriceEstimate/TransparencyFY26/390807065_aspirus-stanley-hospital_standardcharges.json,corroborated,file-name-and-address,Aspirus Stanley Hospital,Aspirus Stanley Hospital,WI,2025-07-01,2.2.0,date-over-365-days,2026-09-09T10:12:56.310Z,26a95ee79434fbf692ebb03527aca944f9d0e63fde0b0254a07e7d8afc5ecc63,2f59a15acc11004c1c943c19d972b02039f8825c3b1ce06218fc8289757790ff,,Same declared date 2025-07-01 observed again after the earlier check (2026-09-09T02:25:18.564Z).
521313,ASPIRUS TOMAHAWK HOSPITAL,WI,publisher-date-review,publisher-issue,declared-update-date-over-365-days,"Publisher inquiry with the recorded file URL, declared date and response hash; recheck after their update window",https://www.aspirus.org/cms-hpt.txt,200,2026-09-09T10:07:43.519Z,,https://www.aspirus.org/Uploads/Public/Documents/PriceEstimate/TransparencyFY26/391390638_aspirus-tomahawk-hospital_standardcharges.json,206,https://www.aspirus.org/Uploads/Public/Documents/PriceEstimate/TransparencyFY26/391390638_aspirus-tomahawk-hospital_standardcharges.json,corroborated,file-name-and-address,Aspirus Tomahawk Hospital,Aspirus Tomahawk Hospital,WI,2025-07-01,2.2.0,date-over-365-days,2026-09-09T10:12:57.143Z,26a95ee79434fbf692ebb03527aca944f9d0e63fde0b0254a07e7d8afc5ecc63,64bc904b95946ef68165e8d1c9b7eda38b5b48b1584e491890c316ab73426c2c,,Same declared date 2025-07-01 observed again after the earlier check (2026-09-09T02:26:08.370Z).
521324,"ASPIRUS MEDFORD HOSPITAL & CLINICS, INC",WI,identity-or-format-review,publisher-issue,declared-update-date-over-365-days,"Publisher inquiry with the recorded file URL, declared date and response hash; recheck after their update window",https://www.aspirus.org/cms-hpt.txt,200,2026-09-09T10:07:43.519Z,,https://www.aspirus.org/Uploads/Public/Documents/PriceEstimate/TransparencyFY26/390964813_aspirus-medford-hospital-_standardcharges.json,206,https://www.aspirus.org/Uploads/Public/Documents/PriceEstimate/TransparencyFY26/390964813_aspirus-medford-hospital-_standardcharges.json,corroborated-adjudicated,renamed-facility-pointer-label-and-roster-address,Aspirus Medford Hospital ,Aspirus Medford Hospital ,WI,2025-07-01,2.2.0,date-over-365-days,2026-09-09T10:13:03.264Z,26a95ee79434fbf692ebb03527aca944f9d0e63fde0b0254a07e7d8afc5ecc63,1db6706516d45ce5e83e40083ecdb7f8bb2137fe2a39b4d454f6be6b70b1f6aa,renamed-facility-pointer-label-and-roster-address,Same declared date 2025-07-01 observed again after the earlier check (2026-09-09T02:25:30.496Z).
521331,BURNETT MEDICAL CENTER,WI,publisher-date-review,publisher-issue,declared-update-date-over-365-days,"Publisher inquiry with the recorded file URL, declared date and response hash; recheck after their update window",https://www.burnettmedicalcenter.com/cms-hpt.txt,206,2026-09-09T10:11:58.823Z,,https://www.burnettmedicalcenter.com/wp-content/uploads/2025/03/390938661_BurnettMedicalCenter_standardcharges.csv,206,https://www.burnettmedicalcenter.com/wp-content/uploads/2025/03/390938661_BurnettMedicalCenter_standardcharges.csv,corroborated,file-name-and-address,Burnett Medical Center,Grantsburg,WI,2024-07-01,2.0.0,date-over-365-days,2026-09-09T10:12:00.383Z,4212f2d8e5591586aaebda2d4d90cb7180bb72e69ae5960c2fefec98bff7fa44,659de0009e5f13f0a0fd9fc8126c2df386b37380b19d8b6f087f37cdbe22ccdd,,Same declared date 2024-07-01 observed again after the earlier check (2026-09-09T01:51:14.710Z).
521335,HUDSON HOSPITAL,WI,identity-or-format-review,publisher-issue,file-declares-conflicting-license-state,Publisher inquiry: ask the facility to correct the license_state field in the file header; recheck on their update,https://www.healthpartners.com/cms-hpt.txt,206,2026-09-09T10:07:51.894Z,,https://www.healthpartners.com/content/dam/brand-identity/pdfs/care/390804125_hudsonhospital_standardcharges.csv,206,https://www.healthpartners.com/content/dam/brand-identity/pdfs/care/390804125_hudsonhospital_standardcharges.csv,license-state-conflict,exact-name-and-address-with-conflicting-license-state,Hudson Hospital,Hudson Hospital,MN,2026-03-31,3.0.0,,2026-09-09T10:38:30.948Z,00bfadc0bc8d01fc00c894a60271a5f34b23db06fdaee6fe750801714d4c32a4,5685ab2483fed07e209461b2bb0a3309db12c51772fff3c212df0f37cb23d087,,File header declares license state MN while the roster state is WI; the name and address match the roster exactly and the official pointer lists the file.
521339,ASPIRUS MERRILL HOSPITAL,WI,publisher-date-review,publisher-issue,declared-update-date-over-365-days,"Publisher inquiry with the recorded file URL, declared date and response hash; recheck after their update window",https://www.aspirus.org/cms-hpt.txt,200,2026-09-09T10:07:43.519Z,,https://www.aspirus.org/Uploads/Public/Documents/PriceEstimate/TransparencyFY26/390808503_aspirus-merrill-hospital_standardcharges.json,206,https://www.aspirus.org/Uploads/Public/Documents/PriceEstimate/TransparencyFY26/390808503_aspirus-merrill-hospital_standardcharges.json,corroborated,file-name-and-address,Aspirus Merrill Hospital,Aspirus Merrill Hospital,WI,2025-07-01,2.2.0,date-over-365-days,2026-09-09T10:13:10.043Z,26a95ee79434fbf692ebb03527aca944f9d0e63fde0b0254a07e7d8afc5ecc63,81ac2c609d048c81c51ac5db1273d1d3ecacda6614cd97240f0bfeaa0022c5de,,Same declared date 2025-07-01 observed again after the earlier check (2026-09-09T01:51:14.604Z).
521350,LANGLADE HOSPITAL,WI,identity-or-format-review,publisher-issue,declared-update-date-over-365-days,"Publisher inquiry with the recorded file URL, declared date and response hash; recheck after their update window",https://www.aspirus.org/cms-hpt.txt,200,2026-09-09T10:07:43.519Z,,https://www.aspirus.org/Uploads/Public/Documents/PriceEstimate/TransparencyFY26/390806429_aspirus-langlade-hospital_standardcharges.json,206,https://www.aspirus.org/Uploads/Public/Documents/PriceEstimate/TransparencyFY26/390806429_aspirus-langlade-hospital_standardcharges.json,corroborated-adjudicated,renamed-facility-pointer-label-and-roster-address,Aspirus Langlade Hospital,Aspirus Langlade Hospital,WI,2025-07-01,2.2.0,date-over-365-days,2026-09-09T10:13:25.690Z,26a95ee79434fbf692ebb03527aca944f9d0e63fde0b0254a07e7d8afc5ecc63,cc34511377a0bb17eb488dc2a1400241a325a71ff835e5222cef228b40d98747,renamed-facility-pointer-label-and-roster-address,Same declared date 2025-07-01 observed again after the earlier check (2026-09-09T02:25:18.564Z).
524017,NORTH CENTRAL HEALTH CARE,WI,file-access-review,unresolved,,"Compare the parsed header against facility aliases, renames and campus entries; extend the capped read only if metadata may sit beyond it",https://www.norcen.org/cms-hpt.txt,206,2026-09-09T10:11:58.971Z,,https://machine-readable-files.com/north-central-health-care/930801810_North-Central-Health-Care_standardcharges.csv,206,https://machine-readable-files.com/north-central-health-care/930801810_North-Central-Health-Care_standardcharges.csv,mrf-header-name-without-location,,North Central Health Care,North Central Health Care,WI,2024-01-19,2.0.0,date-over-365-days,2026-09-09T10:11:59.781Z,8bdc6d3f2941cac479e347fb17a20f9a1112853e9c221714ae8c7b2f0611c1b5,d21ddcea369931dbae32665b7fe12e968aa93850cc8fe7302cab4fa19ec97b16,,
524019,NORWOOD HEALTH CENTER,WI,file-access-review,publisher-issue,template-version-unrecognized,Publisher inquiry: confirm which CMS data dictionary version the file implements; recheck on their reply,https://woodcountywi.gov/cms-hpt.txt,206,2026-09-09T10:11:59.974Z,,https://www.woodcountywi.gov/Departments/Norwood/Doc/39-6005763_Norwood-Health-Center_standardcharges.csv,206,https://www.woodcountywi.gov/Departments/Norwood/Doc/39-6005763_Norwood-Health-Center_standardcharges.csv,corroborated,file-name-and-address,Norwood Health Center,Wood County Annex & Health Center,WI,2026-04-01,4.0.0,date-within-365-days-version-unverified,2026-09-09T10:12:00.255Z,04f947d8ac86d0acfb5d0e9263c9f60352624930f4c5cbc4f0d74212121292bd,41b308e36fd05024211199d3109bec5957d06cc48a9d1208e5abab954c927efb,,Declared template version 4.0.0 is not a recognized CMS data dictionary version; facility identity and the 2026-04-01 update date are corroborated.
530008,SAGEWEST HEALTH CARE,WY,pointer-or-domain-review,unresolved,,Official-domain discovery: confirm the roster facility controls a domain exposing cms-hpt.txt before assigning it,https://sagewesthealthcare.com/cms-hpt.txt,406,2026-09-09T11:39:56.193Z,,,,,,,,,,,,,,,,,
530012,BANNER WYOMING MEDICAL CENTER,WY,pointer-or-domain-review,unresolved,,Official-domain discovery: confirm the roster facility controls a domain exposing cms-hpt.txt before assigning it,https://www.bannerhealth.com/cms-hpt.txt,206,2026-09-09T10:06:55.794Z,,https://images.pricetransparency.healthcare/public-mrfs/banner/900389314_banner-boswell-medical-center_standardcharges.csv,206,https://images.pricetransparency.healthcare/public-mrfs/banner/900389314_banner-boswell-medical-center_standardcharges.csv,mrf-header-name-without-location,,Banner Boswell Medical Center,Banner Boswell Medical Center,AZ,2026-03-02,3.0.0,date-within-365-days-version-3,2026-09-09T10:06:56.413Z,8c055297b0d82603af0d40cb85d5fce1c2c019f2c354e4f527d020dc932a231f,893311a0920f90e9d9e63103a86c5f49f094ee02d2ff6ae00d6215bafb0b524d,,
530034,SUMMIT MEDICAL CENTER,WY,pointer-or-domain-review,unresolved,file-belongs-to-other-facility,Adjudicate facility identity: locate this facility's own pointer/file; do not reuse the shared-provider finding,https://www.hcamidwest.com/cms-hpt.txt,200,2026-09-09T10:12:14.739Z,,https://stctrprodsnsvc00455826e6.blob.core.windows.net/pt-final-posting-files/45-0503141_LEE'S-SUMMIT-MEDICAL-CENTER_standardcharges.json?si=dpx-pt-json-access-policy&spr=https&sv=2026-02-06&sr=c&sig=ks%2BgfAjyEHlZmeP2PYJ%2f9NpMuCoRStjTb2bhIy9Y6LM%3D,206,https://stctrprodsnsvc00455826e6.blob.core.windows.net/pt-final-posting-files/45-0503141_LEE'S-SUMMIT-MEDICAL-CENTER_standardcharges.json?si=dpx-pt-json-access-policy&spr=https&sv=2026-02-06&sr=c&sig=ks%2BgfAjyEHlZmeP2PYJ%2f9NpMuCoRStjTb2bhIy9Y6LM%3D,other-facility,,LEE'S SUMMIT MEDICAL CENTER,LEE'S SUMMIT MEDICAL CENTER,MO,2026-03-01,3.0.0,date-within-365-days-version-3,2026-09-09T10:12:01.300Z,670e3e87274644d8a51edeb7a97ca6374657d2c8154c5985eabac314c6a5b752,99829eadf480a38fa7b8a12c3ce273970270f3bfdfd3106380827b01d066c6bc,,
531313,STAR VALLEY MEDICAL CENTER,WY,pointer-or-domain-review,unresolved,,"Compare the parsed header against facility aliases, renames and campus entries; extend the capped read only if metadata may sit beyond it",https://starvalleyhealth.org/cms-hpt.txt,206,2026-09-09T10:12:00.590Z,,https://starvalleyhealth.org/wp-content/uploads/830327251_star-valley-health_standardcharges.csv,206,https://starvalleyhealth.org/wp-content/uploads/830327251_star-valley-health_standardcharges.csv,mrf-header-does-not-match-unresolved-roster,,Star Valley Health,Star Valley Health,WY,2024-11-12,2.0.0,date-over-365-days,2026-09-09T10:12:01.495Z,0f5d533949b21deec60aac0078941d308247a8908aa6e0cc0db1eb3ef0dba53f,9026a7b3dcbfce473f5c67f5291a2ae298df5ce4eaf03a57499ecec3a407dc74,,
640001,LBJ TROPICAL MEDICAL CENTER,AS,file-access-review,unresolved,,Browser download attempt on the recorded file URL; a failed automated request is not evidence the file is absent,https://lbjtmc.org/cms-hpt.txt,206,2026-09-09T10:12:11.785Z,,,,,,,,,,,,,,ad43ff0d75df06516d4e96f0ee8b764fceedf587c2c92dd27df8eff0c74ba69e,,,All recorded file leads failed at transport level again this run (reproducible connection failure).
650001,GUAM MEMORIAL  HOSPITAL AUTHORITY,GU,pointer-or-domain-review,unresolved,,Official-domain discovery: confirm the roster facility controls a domain exposing cms-hpt.txt before assigning it,https://gmha.org/cms-hpt.txt,"curl: (28) Operation timed out after 11795 milliseconds with 0 bytes received
",2026-09-09T11:40:21.155Z,,,,,,,,,,,,,,,,,
660001,COMMONWEALTH HEALTH CENTER,MP,pointer-or-domain-review,unresolved,,Official-domain discovery: confirm the roster facility controls a domain exposing cms-hpt.txt before assigning it,https://chcc.health/cms-hpt.txt,"curl: (60) schannel: SNI or certificate check failed: SEC_E_WRONG_PRINCIPAL (0x80090322) - The target principal name is incorrect.
More details here: https://c",2026-09-09T11:39:56.586Z,,,,,,,,,,,,,,,,,
670006,THE HOSPITAL AT WESTLAKE MEDICAL CENTER,TX,identity-or-format-review,unresolved,,"Compare the parsed header against facility aliases, renames and campus entries; extend the capped read only if metadata may sit beyond it",https://www.westlakemedical.com/cms-hpt.txt,200,2026-09-09T10:12:11.953Z,,https://www.westlakemedical.com/wp-content/uploads/2024/10/820578078_westlake-surgical_standardcharges.csv,206,https://www.westlakemedical.com/wp-content/uploads/2024/10/820578078_westlake-surgical_standardcharges.csv,mrf-header-name-without-location,,THE HOSPITAL AT WESTLAKE MEDICAL CENTER,THE HOSPITAL AT WESTLAKE MEDICAL CENTER|THE HOSPITAL AT WESTLAKE MEDICAL CENTER,TX,2024-09-02,2.0.0,date-over-365-days,2026-09-09T10:47:54.302Z,6b1799dc91d7b91e8a20b1d3a431d3db19d2471e00da029e49d9dba80c6d19d9,fb7d372c1c2c4da024570366d9015e6c1bd72425f802314dd3f61c0ec16a2c1c,,
670056,ASCENSION  SETON HAYS,TX,identity-or-format-review,unresolved,file-belongs-to-other-facility,Adjudicate facility identity: locate this facility's own pointer/file; do not reuse the shared-provider finding,https://healthcare.ascension.org/-/media/Healthcare/cms-hpt.txt,206,2026-09-09T10:37:29.467Z,,https://healthcare.ascension.org/-/media/project/ascension/healthcare/price-transparency-files/tx-csv/741109643-1124137054_ascension-seton_standardcharges.csv,200,https://healthcare.ascension.org/-/media/project/ascension/healthcare/price-transparency-files/tx-csv/741109643-1124137054_ascension-seton_standardcharges.zip,other-facility,,Ascension Seton,Ascension Seton Northwest,TX,2026-01-01,3.0.0,date-within-365-days-version-3,2026-09-09T10:48:47.637Z,f703607d7a9bf1315f42aa6a9ac7fc3ef4cb3e220f2c694a293d2ec6eed37b93,56047ead0e038b3348676f32e821dfdfcaf24ba00ed75e3f9da1e59c92f79a54,,
670090,CRESCENT MEDICAL CENTER LANCASTER,TX,identity-or-format-review,unresolved,,"Compare the parsed header against facility aliases, renames and campus entries; extend the capped read only if metadata may sit beyond it",https://crescentregionalhospital.com/cms-hpt.txt,206,2026-09-09T10:12:12.096Z,,https://secure.claraprice.net/price-transparency/HRHW-1731105964107/machine-readable/273815440_crescent-regional-hospital_standardcharges.json,200,https://secure.claraprice.net/price-transparency/HRHW-1731105964107/machine-readable/273815440_crescent-regional-hospital_standardcharges.json,mrf-header-has-no-license-state,,Crescent Regional Hospital,,,,,date-unverified,2026-09-09T10:12:31.610Z,c29575d0cbb16a89bcd3fc8b0e7b296e61df68167fc62d5b33df1fe65c01034f,1a5e5ab9773190c29cc2004b6c2370ecceca12c7d7cbd8771f206949bc0017fa,,
670109,BAYTOWN MEDICAL CENTER LP,TX,pointer-or-domain-review,unresolved,file-belongs-to-other-facility,Adjudicate facility identity: locate this facility's own pointer/file; do not reuse the shared-provider finding,https://www.houstonmethodist.org/cms-hpt.txt,206,2026-09-09T11:39:56.940Z,,https://www.houstonmethodist.org/-/media/files/patient-resources/741287015_houston-methodist-baytown-hospital_standardcharges.ashx,206,https://www.houstonmethodist.org/-/media/files/patient-resources/741287015_houston-methodist-baytown-hospital_standardcharges.ashx,other-facility,,Houston Methodist Baytown Hospital,Houston Methodist Baytown Hospital,TX,2026-04-01,3.0.0,date-within-365-days-version-3,2026-09-09T11:41:22.789Z,faaa4f0638f636ec7bbef022f72124919f5375e3c8268ad123331c19b862f2d6,beb6df17d81ccd958c58bf5b1b4b27d991ef904b3610759987c2a455f0cd7437,,
670115,CLEVELAND EMERGENCY HOSPITAL,TX,pointer-or-domain-review,unresolved,,Official-domain discovery: confirm the roster facility controls a domain exposing cms-hpt.txt before assigning it,https://emergencyhospitals.care/cms-hpt.txt,200,2026-09-09T11:39:56.743Z,,,,,,,,,,,,,,,,,
670135,"ALTUS HOUSTON HOSPITAL, LP",TX,pointer-or-domain-review,unresolved,lead-domain-names-facility-no-pointer,Browser pricing-page walk on the named domain to locate the pointer or its replacement,https://altushospitals.org/cms-hpt.txt,404,2026-09-09T11:39:56.570Z,,,,,,,,,,,,,,,,,Lead domain https://altushc.com/ names the facility on its homepage but serves no readable cms-hpt.txt at the standard location; homepage evidence retained.
670314,ST MICHAELS MEDICAL HOSPITAL LLC,TX,pointer-or-domain-review,unresolved,,"Compare the parsed header against facility aliases, renames and campus entries; extend the capped read only if metadata may sit beyond it",,,,,https://24hrer.com/wp-content/uploads/2026/03/842589283_St-Michaels_-Elite-Hospital_Standardcharges.csv,206,https://24hrer.com/wp-content/uploads/2026/03/842589283_St-Michaels_-Elite-Hospital_Standardcharges.csv,mrf-header-has-no-license-state,,,,,,,date-unverified,2026-09-09T10:12:12.833Z,,ec1bf64f5bf695121ab71b56ffb579c44a5534bf9ef1f1617ad133a8371a9e01,,
670321,ADVANCED DALLAS HOSPITALS AND CLINICS,TX,publisher-date-review,publisher-issue,declared-update-date-over-365-days,"Publisher inquiry with the recorded file URL, declared date and response hash; recheck after their update window",https://adhealthcare.com/cms-hpt.txt,206,2026-09-09T10:12:13.308Z,,https://hospitalpricetransparencyfiles.com/advanced-dallas-hospital-and-clinics/852671865_Advanced-Dallas-Hospital-and-Clinics-LLC_standardcharges.csv,206,https://hospitalpricetransparencyfiles.com/advanced-dallas-hospital-and-clinics/852671865_Advanced-Dallas-Hospital-and-Clinics-LLC_standardcharges.csv,corroborated,file-name-and-address,Advanced Dallas Hospital and Clinics LLC,Advanced Dallas Hospital and Clinics,TX,2025-07-20,3.0.0,date-over-365-days,2026-09-09T10:12:13.917Z,5c0ac782256d4033b83735f8b90fdeb32d7c7d60c3f760fd45bcc5c506aa4d97,47ef80d64a3581db67473f8fa31fdcce5997013cbec52cc172194722c184d943,,Same declared date 2025-07-20 observed again after the earlier check (2026-09-09T01:50:32.575Z).
670336,BANDERA FAMILY HOSPITAL,TX,publisher-date-review,publisher-issue,declared-update-date-over-365-days,"Publisher inquiry with the recorded file URL, declared date and response hash; recheck after their update window",https://fhsmc.com/price-transparency/cms-hpt-txt/?tmstv=1773081269,200,2026-09-09T10:12:13.601Z,,https://fhsmc.com/price-transparency/920323729_bandera-family-hospital_standardcharges.csv,200,https://fhsmc.com/price-transparency/920323729_bandera-family-hospital_standardcharges.csv,corroborated,file-name-and-address,Bandera Family Hospital,Bandera Family Hospital,TX,2025-08-29,2.0.0,date-over-365-days,2026-09-09T10:12:14.582Z,20107a2dc163a78a2bc804b684d769909ff8a3b1e435cc573d6652317de98734,ec20a6e75409fa621bb14d588d06603fbcbce34bfd8cf39f96c35269275c86b1,,Same declared date 2025-08-29 observed again after the earlier check (2026-09-09T01:50:33.132Z).
671300,GRAHAM REGIONAL MEDICAL CENTER,TX,publisher-date-review,unresolved,,Publisher inquiry on the recorded declared date; recheck after their update window,https://3a8fe0be-6bd3-4fb3-8ed2-9c9666b2b893.usrfiles.com/ugd/3a8fe0_de920787b0134273a40628d34dff9fb1.txt,206,2026-09-09T10:12:14.173Z,,https://secure.claraprice.net/price-transparency/JXVV-1691592288793/machine-readable/752597537_graham-regional-medical-center_standardcharges.json,200,https://secure.claraprice.net/price-transparency/JXVV-1691592288793/machine-readable/752597537_graham-regional-medical-center_standardcharges.json,mrf-header-has-no-license-state,,Graham Regional Medical Center,,,,,date-unverified,2026-09-09T10:12:34.142Z,ae0b0e262e18c3d9eab240101b6b4c510c0d40bb10f34e753665063294a90b03,7a9d1a096960a42387f863cab3b3e0ad865f6a369e08f097c6c267e958326897,,
671303,EASTLAND MEMORIAL HOSPITAL,TX,publisher-date-review,unresolved,,Publisher inquiry on the recorded declared date; recheck after their update window,https://eastlandmemorial.com/cms-hpt.txt,"curl: (28) Connection timed out after 8008 milliseconds
",2026-09-09T10:38:43.302Z,,https://secure.claraprice.net/price-transparency/LQY8707441269/machine-readable/752313255_eastland-memorial-hospital_standardcharges.json,200,https://secure.claraprice.net/price-transparency/LQY8707441269/machine-readable/752313255_eastland-memorial-hospital_standardcharges.json,mrf-header-has-no-license-state,,Eastland Memorial Hospital,,,,,date-unverified,2026-09-09T10:12:35.690Z,,b5c3adbc01b8c1e7706e40107f2924583febe8e6087d39b6a1a01f04aab37a86,,
