ccn,hospital_name,state,old_finding,status,website,pointer,identity,file_access,metadata,pointer_url,mrf_url,date,version,source_page,checked_at
021310,MANIILAQ HEALTH CENTER,AK,compliant-date-unverified,identity-or-format-review,host returned pointer,entries retrieved,unresolved,response received,unverified,https://maniilaq.mdsave.com/cms-hpt.txt,,,,,2026-09-09T01:41:55.572Z
021311,PEACEHEALTH KETCHIKAN MEDICAL CENTER,AK,pointer-blocked-to-automation,pointer-or-domain-review,HTTP request timeout,not retrieved,unresolved,unresolved,unverified,,,,,,2026-09-09T01:42:05.446Z
021312,SAMUEL SIMMONDS MEMORIAL HOSPITAL,AK,not-assessed-site-unreachable,pointer-or-domain-review,HTTP 200,not retrieved,unresolved,unresolved,unverified,,,,,,2026-09-09T01:41:56.173Z
021305,SEARHC WRANGELL MEDICAL CENTER & LTC,AK,no-cms-hpt-txt-published,pointer-or-domain-review,HTTP 200,not retrieved,unresolved,unresolved,unverified,,,,,,2026-09-09T01:41:55.598Z
021314,SOUTHEAST ALASKA REGIONAL HEALTH CONSORTIUM,AK,mrf-stale-over-365-days,metadata-or-pointer-review,HTTP 200,not retrieved,unresolved,response received,unverified,,,,,,2026-09-09T01:41:56.008Z
010036,ANDALUSIA HEALTH,AL,not-assessed-site-unreachable,pointer-or-domain-review,HTTP request timeout,not retrieved,unresolved,unresolved,unverified,,,,,,2026-09-09T01:41:55.440Z
010079,ATHENS LIMESTONE HOSPITAL,AL,not-assessed-site-unreachable,pointer-or-domain-review,HTTP request timeout,not retrieved,unresolved,unresolved,unverified,,,,,,2026-09-09T01:42:05.315Z
010169,ATMORE COMMUNITY HOSPITAL,AL,mrf-stale-over-365-days,metadata-or-pointer-review,HTTP request timeout,not retrieved,unresolved,response received,unverified,,,,,,2026-09-09T01:42:05.565Z
010083,BALDWIN HEALTH,AL,no-cms-hpt-txt-published,pointer-or-domain-review,HTTP 200,not retrieved,unresolved,unresolved,unverified,,,,,,2026-09-09T01:41:55.650Z
010023,BAPTIST MEDICAL CENTER SOUTH,AL,compliant-date-unverified,identity-quarantined,HTTP request timeout,not retrieved,unresolved,unresolved,unverified,,,,,https://www.baptistfirst.org/patients-visitors/before-your-visit/get-a-price-estimate,2026-09-09T01:42:05.648Z
014015,BEACON CHILDREN'S HOSPITAL,AL,old-template-version,identity-or-format-review,HTTP request timeout,not retrieved,unresolved,response received,unverified,,,,,,2026-09-09T01:42:06.043Z
010073,CLAY COUNTY HOSPITAL,AL,compliant-date-unverified,identity-or-format-review,HTTP request timeout,not retrieved,unresolved,response received,unverified,,,,,,2026-09-09T01:42:05.881Z
010034,COMMUNITY HOSPITAL INC,AL,no-cms-hpt-txt-published,pointer-or-domain-review,HTTP 200,not retrieved,unresolved,unresolved,unverified,,,,,,2026-09-09T01:41:56.245Z
010164,COOSA VALLEY MEDICAL CENTER,AL,compliant-date-unverified,identity-or-format-review,HTTP request timeout,not retrieved,unresolved,response received,unverified,,,,,,2026-09-09T01:42:05.696Z
011308,CRENSHAW COMMUNITY HOSPITAL,AL,old-template-version,metadata-or-pointer-review,HTTP request timeout,not retrieved,unresolved,response received,unverified,,,,,,2026-09-09T01:42:06.693Z
010131,CRESTWOOD MEDICAL CENTER,AL,not-assessed-site-unreachable,pointer-or-domain-review,HTTP request timeout,not retrieved,unresolved,unresolved,unverified,,,,,,2026-09-09T01:42:05.348Z
010099,D W MCMILLAN MEMORIAL HOSPITAL,AL,mrf-stale-over-365-days,metadata-or-pointer-review,HTTP request timeout,not retrieved,unresolved,response received,unverified,,,,,,2026-09-09T01:42:05.597Z
010092,DCH REGIONAL MEDICAL CENTER,AL,compliant-date-unverified,pointer-or-domain-review,HTTP request timeout,not retrieved,unresolved,unresolved,unverified,,,,,,2026-09-09T01:42:05.997Z
010085,DECATUR MORGAN HOSPITAL - DECATUR CAMPUS,AL,not-assessed-site-unreachable,pointer-or-domain-review,HTTP request timeout,not retrieved,unresolved,unresolved,unverified,,,,,,2026-09-09T01:42:05.315Z
010012,DEKALB REGIONAL MEDICAL CENTER,AL,not-assessed-not-named-in-file,pointer-or-domain-review,HTTP request timeout,not retrieved,unresolved,unresolved,unverified,,,,,,2026-09-09T01:42:06.370Z
010148,EVERGREEN MEDICAL CENTER,AL,mrf-blocked-to-automation,pointer-or-domain-review,HTTP request timeout,not retrieved,unresolved,unresolved,unverified,,,,,,2026-09-09T01:42:06.448Z
010045,FAYETTE MEDICAL CENTER,AL,compliant-date-unverified,pointer-or-domain-review,HTTP request timeout,not retrieved,unresolved,unresolved,unverified,,,,,,2026-09-09T01:42:05.997Z
010019,HELEN KELLER HOSPITAL,AL,not-assessed-site-unreachable,pointer-or-domain-review,HTTP request timeout,not retrieved,unresolved,unresolved,unverified,,,,,,2026-09-09T01:42:05.315Z
010061,HIGHLANDS MEDICAL CENTER,AL,not-assessed-site-unreachable,pointer-or-domain-review,HTTP request timeout,not retrieved,unresolved,unresolved,unverified,,,,,,2026-09-09T01:42:07.321Z
014000,HILL CREST BEHAVIORAL HEALTH SERVICES,AL,pointer-blocked-to-automation,pointer-or-domain-review,HTTP request timeout,not retrieved,unresolved,unresolved,unverified,,,,,,2026-09-09T01:42:16.647Z
010168,JACK HUGHSTON MEMORIAL HOSPITAL,AL,mrf-url-unreachable,identity-or-format-review,HTTP 200,not retrieved,unresolved,response received,unverified,,,,,,2026-09-09T01:42:25.525Z
011311,LAKELAND COMMUNITY HOSPITAL,AL,no-cms-hpt-txt-published,pointer-or-domain-review,HTTP 200,not retrieved,unresolved,unresolved,unverified,,,,,,2026-09-09T01:42:35.373Z
010007,MIZELL MEMORIAL HOSPITAL,AL,mrf-stale-over-365-days,metadata-or-pointer-review,HTTP 200,not retrieved,unresolved,response received,unverified,,,,,,2026-09-09T01:42:35.420Z
014006,MOUNTAIN VIEW HOSPITAL,AL,mrf-stale-over-365-days,identity-or-format-review,HTTP 200,not retrieved,unresolved,response received,unverified,,,,,,2026-09-09T01:42:35.515Z
011304,OCHSNER CHOCTAW GENERAL,AL,not-assessed-not-named-in-file,identity-or-format-review,HTTP 200,not retrieved,unresolved,response received,unverified,,,,,,2026-09-09T01:42:35.592Z
011302,RED BAY HOSPITAL,AL,not-assessed-not-named-in-file,pointer-or-domain-review,HTTP 302,not retrieved,unresolved,unresolved,unverified,,,,,,2026-09-09T01:42:35.641Z
010065,RUSSELL MEDICAL CENTER,AL,no-cms-hpt-txt-published,metadata-or-pointer-review,HTTP 200,not retrieved,unresolved,response received,unverified,,,,,,2026-09-09T01:42:35.735Z
011306,TANNER MEDICAL CENTER-EAST ALABAMA,AL,mrf-stale-over-365-days,metadata-or-pointer-review,HTTP 200,not retrieved,unresolved,response received,unverified,,,,,,2026-09-09T01:42:35.924Z
010150,THE HEALTH CARE AUTHORITY OF THE CITY OF GREENVILLE- LV STABLER HOSPITAL,AL,mrf-stale-over-365-days,pointer-or-domain-review,HTTP Client network socket disconnected before secure TLS connection was established,not retrieved,unresolved,unresolved,unverified,,,,,,2026-09-09T01:42:36.034Z
010126,TROY REGIONAL MEDICAL CENTER,AL,mrf-stale-over-365-days,metadata-or-pointer-review,HTTP 200,not retrieved,unresolved,response received,unverified,,,,,,2026-09-09T01:42:36.079Z
010118,VAUGHAN REGIONAL MEDICAL CENTER PARKWAY CAMPUS,AL,not-assessed-site-unreachable,pointer-or-domain-review,HTTP 406,not retrieved,unresolved,unresolved,unverified,,,,,,2026-09-09T01:42:36.404Z
010112,WHITFIELD REGIONAL HOSPITAL,AL,no-cms-hpt-txt-published,pointer-or-domain-review,HTTP 200,not retrieved,unresolved,unresolved,unverified,,,,,,2026-09-09T01:42:36.484Z
040039,ARKANSAS METHODIST MEDICAL CENTER,AR,compliant-date-unverified,identity-or-format-review,HTTP 200,not retrieved,unresolved,response received,unverified,,,,,,2026-09-09T01:42:36.829Z
044011,ARKANSAS STATE HOSPITAL,AR,no-cms-hpt-txt-published,pointer-or-domain-review,HTTP 200,not retrieved,unresolved,unresolved,unverified,,,,,,2026-09-09T01:42:37.535Z
040147,ARKANSAS SURGICAL HOSPITAL,AR,no-cms-hpt-txt-published,pointer-or-domain-review,HTTP 200,not retrieved,unresolved,unresolved,unverified,,,,,,2026-09-09T01:42:40.969Z
040011,CHAMBERS MEMORIAL HOSPITAL,AR,compliant-date-unverified,identity-or-format-review,host returned pointer,entries retrieved,unresolved,response received,unverified,https://chambershealth.org/cms-hpt.txt,,,,,2026-09-09T01:42:40.585Z
040069,GREAT RIVER MEDICAL CENTER,AR,mrf-stale-over-365-days,identity-or-format-review,host returned pointer,entries retrieved,unresolved,response received,unverified,https://www.mchsys.org/cms-hpt.txt,,,,,2026-09-09T01:42:41.347Z
040002,JOHNSON REGIONAL MEDICAL CENTER,AR,old-template-version,identity-or-format-review,host returned pointer,entries retrieved,unresolved,response received,unverified,https://www.jrmc.com/cms-hpt.txt,,,,,2026-09-09T01:42:41.247Z
041309,LAWRENCE MEMORIAL HOSPITAL,AR,mrf-url-unreachable,file-access-review,host returned pointer,entries retrieved,unresolved,unresolved,unverified,https://www.mhlawrencehospital.org/cms-hpt.txt,,,,,2026-09-09T01:42:41.852Z
040017,NORTH ARKANSAS REGIONAL MEDICAL CENTER,AR,old-template-version,publisher-template-review,host returned pointer,entries retrieved,corroborated,response received,date-within-365-days-older-version,https://www.narmc.com/cms-hpt.txt,https://www.narmc.com/images/710787860_north-arkansas-regional-medical-center_standardcharges.csv,2025-11-25,2.0.0,https://www.narmc.com/bill-pay/price-transparency,2026-09-09T01:47:30.684Z
040022,NORTHWEST MEDICAL CENTER-SPRINGDALE,AR,not-assessed-site-unreachable,pointer-or-domain-review,HTTP 200,not retrieved,unresolved,unresolved,unverified,,,,,,2026-09-09T01:42:42.344Z
041313,OZARK HEALTH,AR,not-assessed-not-named-in-file,metadata-or-pointer-review,HTTP 200,not retrieved,unresolved,response received,unverified,,,,,,2026-09-09T01:42:42.218Z
044021,PERIMETER BEHAVIORAL HOSPITAL OF WEST MEMPHIS,AR,not-assessed-not-named-in-file,pointer-or-domain-review,HTTP request timeout,not retrieved,unresolved,unresolved,unverified,,,,,,2026-09-09T01:42:06.043Z
041330,PIGGOTT COMMUNITY HOSPITAL,AR,pointer-blocked-to-automation,correction-verified,host returned pointer,entries retrieved,corroborated,response received,date-within-365-days-version-3,https://piggotthealthsystem.com/cms-hpt.txt,https://apps.para-hcfs.com/PTT/FinalLinks/Reports.aspx?dbName=dbPCHPIGGOTTAR&type=CDM&fileType=CSV,2026-04-02,3.00,https://apps.para-hcfs.com/PTT/FinalLinks/Piggottcommunity.aspx,2026-09-09T01:47:30.979Z
040001,SILOAM SPRINGS REGIONAL HOSPITAL,AR,not-assessed-site-unreachable,pointer-or-domain-review,HTTP 200,not retrieved,unresolved,unresolved,unverified,,,,,,2026-09-09T01:42:42.344Z
040782,SOUTH MISSISSIPPI COUNTY REGIONAL MEDICAL CENTER,AR,mrf-stale-over-365-days,identity-or-format-review,host returned pointer,entries retrieved,unresolved,response received,unverified,https://www.mchsys.org/cms-hpt.txt,,,,,2026-09-09T01:42:41.347Z
040164,UNITY HEALTH - JACKSONVILLE,AR,mrf-stale-over-365-days,publisher-date-review,host returned pointer,entries retrieved,corroborated,response received,date-over-365-days,https://res.cloudinary.com/dpmykpsih/raw/upload/unity-health-2024-site-471/media/r/6ffa86dd7af948a4b4216e06cb522e07/unity-healthcms-hpt.txt,https://res.cloudinary.com/dpmykpsih/raw/upload/unity-health-2024-site-471/media/r/9853a0e7e4714bd59ef913643cafb308/86-2564877_unity-health-jacksonville_standardcharges.json,2025-03-01,2.2.0,https://www.unity-health.org/patients-visitors/pricing/,2026-09-09T01:47:31.340Z
041332,UNITY HEALTH - NEWPORT,AR,mrf-stale-over-365-days,publisher-date-review,host returned pointer,entries retrieved,corroborated,response received,date-over-365-days,https://res.cloudinary.com/dpmykpsih/raw/upload/unity-health-2024-site-471/media/r/6ffa86dd7af948a4b4216e06cb522e07/unity-healthcms-hpt.txt,https://res.cloudinary.com/dpmykpsih/raw/upload/unity-health-2024-site-471/media/r/e095f26cd5034d22b9124fc30dcecb5a/86-1835149_unity-health-newport_standardcharges.json,2025-03-01,2.2.0,https://www.unity-health.org/patients-visitors/pricing/,2026-09-09T01:47:31.400Z
040014,WHITE COUNTY MEDICAL CENTER,AR,mrf-stale-over-365-days,publisher-date-review,host returned pointer,entries retrieved,corroborated,response received,date-over-365-days,https://res.cloudinary.com/dpmykpsih/raw/upload/unity-health-2024-site-471/media/r/6ffa86dd7af948a4b4216e06cb522e07/unity-healthcms-hpt.txt,https://res.cloudinary.com/dpmykpsih/raw/upload/unity-health-2024-site-471/media/r/f7b14e4eba234333a31eb2d09e307e62/71-0772737_unity-health-white-county-medical-center_standardcharges.json,2025-03-01,2.2.0,https://www.unity-health.org/patients-visitors/pricing/,2026-09-09T01:47:31.550Z
640001,LBJ TROPICAL MEDICAL CENTER,AS,compliant-date-unverified,file-access-review,host returned pointer,entries retrieved,unresolved,unresolved,unverified,https://lbjtmc.org/cms-hpt.txt,,,,,2026-09-09T01:42:42.841Z
034035,AVENIR BEHAVIORAL HEALTH CENTER,AZ,old-template-version,publisher-template-review,host returned pointer,entries retrieved,corroborated,response received,date-within-365-days-older-version,https://g5-assets-cld-res.cloudinary.com/raw/upload/v1759426049/g5/g5-c-5hk8rftzt-avenir-senior-living-single-domain/g5-cl-1ivmhxc3h3-avenir-senior-living/uploads/cms-hptt_ggurj3.txt,https://g5-assets-cld-res.cloudinary.com/raw/upload/v1759418416/g5/g5-c-5hk8rftzt-avenir-senior-living-single-domain/g5-cl-1ivmlhcajg-avenir-center-for-behavioral-health-at-surprise/uploads/400629305_avenir_behavioral_center_standardcharges_wrurw3.csv,2025-09-30,2.0.0,https://www.avenirseniorliving.com/senior-living/az/surprise/behavioral-health/pricing-transparency,2026-09-09T01:47:31.754Z
030002,BANNER - UNIVERSITY MEDICAL CENTER PHOENIX,AZ,pointer-blocked-to-automation,pointer-or-domain-review,HTTP Parse Error: Header overflow,not retrieved,unresolved,unresolved,unverified,,,,,,2026-09-09T01:42:43.244Z
030064,BANNER - UNIVERSITY MEDICAL CENTER TUCSON CAMPUS,AZ,pointer-blocked-to-automation,pointer-or-domain-review,HTTP Parse Error: Header overflow,not retrieved,unresolved,unresolved,unverified,,,,,,2026-09-09T01:42:43.244Z
030088,BANNER BAYWOOD MEDICAL CENTER,AZ,pointer-blocked-to-automation,pointer-or-domain-review,HTTP Parse Error: Header overflow,not retrieved,unresolved,unresolved,unverified,,,,,,2026-09-09T01:42:43.244Z
034004,BANNER BEHAVIORAL HEALTH HOSPITAL,AZ,pointer-blocked-to-automation,pointer-or-domain-review,HTTP Parse Error: Header overflow,not retrieved,unresolved,unresolved,unverified,,,,,,2026-09-09T01:42:43.244Z
030061,BANNER BOSWELL MEDICAL CENTER,AZ,pointer-blocked-to-automation,pointer-or-domain-review,HTTP Parse Error: Header overflow,not retrieved,unresolved,unresolved,unverified,,,,,,2026-09-09T01:42:43.244Z
030016,BANNER CASA GRANDE MEDICAL CENTER,AZ,pointer-blocked-to-automation,pointer-or-domain-review,HTTP Parse Error: Header overflow,not retrieved,unresolved,unresolved,unverified,,,,,,2026-09-09T01:42:43.244Z
030093,BANNER DEL E. WEBB MEDICAL CENTER,AZ,pointer-blocked-to-automation,pointer-or-domain-review,HTTP Parse Error: Header overflow,not retrieved,unresolved,unresolved,unverified,,,,,,2026-09-09T01:42:43.244Z
030065,BANNER DESERT MEDICAL CENTER,AZ,pointer-blocked-to-automation,pointer-or-domain-review,HTTP Parse Error: Header overflow,not retrieved,unresolved,unresolved,unverified,,,,,,2026-09-09T01:42:43.244Z
030115,BANNER ESTRELLA MEDICAL CENTER,AZ,pointer-blocked-to-automation,pointer-or-domain-review,HTTP Parse Error: Header overflow,not retrieved,unresolved,unresolved,unverified,,,,,,2026-09-09T01:42:43.244Z
030122,BANNER GATEWAY MEDICAL CENTER,AZ,pointer-blocked-to-automation,pointer-or-domain-review,HTTP Parse Error: Header overflow,not retrieved,unresolved,unresolved,unverified,,,,,,2026-09-09T01:42:43.244Z
030134,BANNER GOLDFIELD MEDICAL CENTER,AZ,pointer-blocked-to-automation,pointer-or-domain-review,HTTP Parse Error: Header overflow,not retrieved,unresolved,unresolved,unverified,,,,,,2026-09-09T01:42:43.244Z
030105,BANNER HEART HOSPITAL,AZ,pointer-blocked-to-automation,pointer-or-domain-review,HTTP Parse Error: Header overflow,not retrieved,unresolved,unresolved,unverified,,,,,,2026-09-09T01:42:43.244Z
030130,BANNER IRONWOOD MEDICAL CENTER,AZ,pointer-blocked-to-automation,pointer-or-domain-review,HTTP Parse Error: Header overflow,not retrieved,unresolved,unresolved,unverified,,,,,,2026-09-09T01:42:43.244Z
030147,BANNER OCOTILLO MEDICAL CENTER,AZ,pointer-blocked-to-automation,pointer-or-domain-review,HTTP Parse Error: Header overflow,not retrieved,unresolved,unresolved,unverified,,,,,,2026-09-09T01:42:43.244Z
031318,BANNER PAYSON MEDICAL CENTER,AZ,pointer-blocked-to-automation,pointer-or-domain-review,HTTP Parse Error: Header overflow,not retrieved,unresolved,unresolved,unverified,,,,,,2026-09-09T01:42:43.244Z
030089,BANNER THUNDERBIRD MEDICAL CENTER,AZ,pointer-blocked-to-automation,pointer-or-domain-review,HTTP Parse Error: Header overflow,not retrieved,unresolved,unresolved,unverified,,,,,,2026-09-09T01:42:43.244Z
030111,BANNER-UNIVERSITY MEDICAL CENTER SOUTH CAMPUS,AZ,pointer-blocked-to-automation,pointer-or-domain-review,HTTP Parse Error: Header overflow,not retrieved,unresolved,unresolved,unverified,,,,,,2026-09-09T01:42:43.244Z
030138,CITY OF HOPE CANCER CENTER PHOENIX,AZ,pointer-blocked-to-automation,pointer-or-domain-review,HTTP 403,not retrieved,unresolved,unresolved,unverified,,,,,,2026-09-09T01:42:43.222Z
034013,COLLEGE MEDICAL CENTER PHOENIX,AZ,old-template-version,publisher-template-review,host returned pointer,entries retrieved,corroborated,response received,date-within-365-days-older-version,https://cmcphoenix.com/cms-hpt.txt,https://cmcphoenix.com/331313844_college-medical-center-phoenix_standardcharges-3/,2026-03-11,1,https://cmcphoenix.com/price-transparency/,2026-09-09T01:47:31.818Z
034034,DESTINY SPRINGS HEALTHCARE,AZ,mrf-url-unreachable,file-access-review,host returned pointer,entries retrieved,unresolved,unresolved,unverified,https://5798232a-0473-45d2-b484-accd085e50e0.usrfiles.com/ugd/579823_c1d62be5375442a28d99445b448b1c3e.txt,,,,,2026-09-09T01:42:43.262Z
030153,EAST VALLEY ER & HOSPITAL,AZ,old-template-version,publisher-template-review,host returned pointer,entries retrieved,corroborated,response received,date-within-365-days-older-version,https://eastvalleyhospital.com/cms-hpt.txt,https://eastvalleyhospital.com/wp-content/uploads/2025/10/862195601-1881352037_east-valley-hospital-llc_standardcharges-3in.csv,2025-10-10,2.1.0,https://eastvalleyhospital.com/price-transparency/,2026-09-09T01:47:31.832Z
031313,HOLY CROSS HOSPITAL,AZ,not-assessed-not-named-in-file,identity-or-format-review,HTTP 200,not retrieved,unresolved,response received,unverified,,,,,,2026-09-09T01:42:43.380Z
031304,PAGE HOSPITAL,AZ,pointer-blocked-to-automation,pointer-or-domain-review,HTTP Parse Error: Header overflow,not retrieved,unresolved,unresolved,unverified,,,,,,2026-09-09T01:42:43.244Z
031309,SAGE MEMORIAL HOSPITAL,AZ,no-cms-hpt-txt-published,pointer-or-domain-review,HTTP 200,not retrieved,unresolved,unresolved,unverified,,,,,,2026-09-09T01:42:44.100Z
030062,SUMMIT HEALTHCARE REGIONAL MEDICAL CENTER,AZ,mrf-stale-over-365-days,publisher-date-review,host returned pointer,entries retrieved,corroborated,response received,date-over-365-days,https://summithealthcare.net/cms-hpt.txt,https://hospitalpricedisclosure.com/download.aspx?pi=L*__*5isnkJWsT9OFJEKfZzfA*-*,2025-01-01,2.2.0,https://hospitalpricedisclosure.com/default.aspx?pi=L*__*5isnkJWsT9OFJEKfZzfA*-*,2026-09-09T01:47:32.030Z
030108,THE CORE INSTITUTE SPECIALTY HOSP,AZ,no-cms-hpt-txt-published,metadata-or-pointer-review,HTTP 200,not retrieved,unresolved,response received,unverified,,,,,,2026-09-09T01:42:44.234Z
034023,THE GUIDANCE CENTER,AZ,no-cms-hpt-txt-published,pointer-or-domain-review,HTTP 200,not retrieved,unresolved,unresolved,unverified,,,,,,2026-09-09T01:42:43.662Z
034025,THE HEALING PLACE,AZ,old-template-version,publisher-template-review,host returned pointer,entries retrieved,corroborated,response received,date-within-365-days-older-version,https://static1.squarespace.com/static/641cdb99a1fef46a48846e0c/t/69177051ff07795f6421eb3a/1763143790342/cms-hpt.txt,https://www.polarahealth.com/s/TheHealingPlace_MainCampus_StandardCharges.csv,2025-11-04,2.0.0,https://www.polarahealth.com/resourcecenter,2026-09-09T01:47:32.126Z
050455,ADVENTIST HEALTH BAKERSFIELD,CA,not-assessed-not-named-in-file,identity-or-format-review,host returned pointer,entries retrieved,unresolved,response received,unverified,https://www.adventisthealth.org/cms-hpt.txt,,,,,2026-09-09T01:42:44.034Z
050236,ADVENTIST HEALTH SIMI VALLEY,CA,not-assessed-not-named-in-file,identity-or-format-review,host returned pointer,entries retrieved,unresolved,response received,unverified,https://www.adventisthealth.org/cms-hpt.txt,,,,,2026-09-09T01:42:44.034Z
050211,ALAMEDA HOSPITAL,CA,not-assessed-site-unreachable,pointer-or-domain-review,HTTP request deadline exceeded,not retrieved,unresolved,unresolved,unverified,,,,,,2026-09-09T01:42:53.269Z
054158,"ALISO RIDGE BEHAVIORAL HEALTH, LLC",CA,mrf-stale-over-365-days,publisher-date-review,host returned pointer,entries retrieved,corroborated,response received,date-over-365-days,https://www.ocspecialtyhealth.com/cms-hpt.txt,https://www.ocspecialtyhealth.com/wp-content/uploads/2025/03/811504286_aliso-ridge-behavioral-health-llc_standardcharges.csv,2025-03-21,2.0.0,https://www.ocspecialtyhealth.com/standard-services/,2026-09-09T01:47:43.539Z
050043,ALTA BATES SUMMIT MEDICAL CENTER,CA,not-assessed-site-unreachable,metadata-or-pointer-review,HTTP 200,not retrieved,unresolved,response received,unverified,,,,,,2026-09-09T01:42:43.799Z
050305,ALTA BATES SUMMIT MEDICAL CENTER - ALTA BATES CAMP,CA,not-assessed-site-unreachable,metadata-or-pointer-review,HTTP 200,not retrieved,unresolved,response received,unverified,,,,,,2026-09-09T01:42:43.799Z
050854,"ANAHEIM COMMUNITY HOSPITAL, LLC",CA,mrf-stale-over-365-days,publisher-date-review,host returned pointer,entries retrieved,corroborated,response received,date-over-365-days,https://anaheimcommunityhospital.com/cms-hpt.txt,https://www.anaheimcommunityhospital.com/wp-content/uploads/2025/03/854314119_anaheim-community-hospital-llc_standardcharges.csv,2025-03-03,2.0.0,https://www.anaheimcommunityhospital.com/standard-services/,2026-09-09T01:47:44.736Z
054078,AURORA LAS ENCINAS,CA,mrf-url-unreachable,file-access-review,host returned pointer,entries retrieved,unresolved,unresolved,unverified,https://www.vistadelmarhospital.com/cms-hpt.txt,,,,,2026-09-09T01:42:44.009Z
051320,BANNER LASSEN MEDICAL CENTER,CA,pointer-blocked-to-automation,pointer-or-domain-review,HTTP Parse Error: Header overflow,not retrieved,unresolved,unresolved,unverified,,,,,,2026-09-09T01:42:43.244Z
051335,BEAR VALLEY COMMUNITY HOSPITAL,CA,mrf-stale-over-365-days,publisher-date-review,host returned pointer,entries retrieved,corroborated,response received,date-over-365-days,https://bvchd.com/cms-hpt.txt,https://bvchd.com/wp-content/uploads/2024/09/330294751_BEAR-VALLEY-COMMUNITY-HOSPITAL_standardcharges.csv,2024-08-29,2.0.0,https://bvchd.com/for-patients/price-transparency/,2026-09-09T01:47:44.821Z
050055,CALIFORNIA PACIFIC MEDICAL CENTER - MISSION BERNAL,CA,not-assessed-site-unreachable,identity-or-format-review,HTTP 200,not retrieved,unresolved,response received,unverified,,,,,,2026-09-09T01:42:43.799Z
050047,CALIFORNIA PACIFIC MEDICAL CENTER- VAN NESS CAMPUS,CA,not-assessed-site-unreachable,identity-or-format-review,HTTP 200,not retrieved,unresolved,response received,unverified,,,,,,2026-09-09T01:42:43.799Z
050008,CALIFORNIA PACIFIC MEDICAL CTR-DAVIES CAMPUS HOSP,CA,not-assessed-site-unreachable,identity-or-format-review,HTTP 200,not retrieved,unresolved,response received,unverified,,,,,,2026-09-09T01:42:43.799Z
050625,CEDARS-SINAI MEDICAL CENTER,CA,old-template-version,publisher-template-review,host returned pointer,entries retrieved,corroborated,response received,date-within-365-days-older-version,https://www.cedars-sinai.org/cms-hpt.txt,https://www.cedars-sinai.org/content/dam/cedars-sinai/billing-insurance/documents/951644600_CEDARS-SINAI-MEDICAL-CENTER_standardcharges.json,2025-11-26,2.0.0,https://cedars-sinai.org/price-transparency.html,2026-09-09T01:47:44.996Z
053302,CHILDREN'S HOSP OF LOS ANGELES,CA,mrf-blocked-to-automation,file-access-review,host returned pointer,entries retrieved,unresolved,unresolved,unverified,https://www.chla.org/cms-hpt.txt,,,,,2026-09-09T01:42:44.601Z
050543,COLLEGE HOSPITAL COSTA MESA,CA,no-cms-hpt-txt-published,pointer-or-domain-review,HTTP 202,not retrieved,unresolved,unresolved,unverified,,,,,,2026-09-09T01:42:44.291Z
050776,COLLEGE MEDICAL CENTER,CA,compliant-date-unverified,file-access-review,host returned pointer,entries retrieved,unresolved,unresolved,unverified,https://collegemedicalcenter.com/cms-hpt.txt,,,,,2026-09-09T01:42:44.193Z
050785,DOCS SURGICAL HOSPITAL,CA,pointer-blocked-to-automation,pointer-or-domain-review,HTTP 200,not retrieved,unresolved,unresolved,unverified,,,,,,2026-09-09T01:42:46.171Z
051300,EASTERN PLUMAS HOSPITAL - PORTOLA CAMPUS,CA,mrf-stale-over-365-days,identity-quarantined,host returned pointer,entries retrieved,unresolved,response received,unverified,https://www.ephc.org/cms-hpt.txt,,,,https://www.ephc.org/price-transparency.php,2026-09-09T01:42:44.577Z
050488,EDEN MEDICAL CENTER,CA,not-assessed-site-unreachable,identity-or-format-review,HTTP 200,not retrieved,unresolved,response received,unverified,,,,,,2026-09-09T01:42:43.799Z
050708,FRESNO SURGICAL HOSPITAL,CA,pointer-blocked-to-automation,pointer-or-domain-review,HTTP 403,not retrieved,unresolved,unresolved,unverified,,,,,,2026-09-09T01:42:44.169Z
054028,GATEWAYS HOSP  MENTAL HEALTH CTR,CA,mrf-stale-over-365-days,publisher-date-review,host returned pointer,entries retrieved,corroborated,response received,date-over-365-days,https://gatewayshospital.org/cms-hpt.txt,https://www.gatewayshospital.org/price-transparency/95-1691011_gateways-hospital-and-mental-health-center_standardcharges.csv,2025-08-06,3.0.0,https://www.gatewayshospital.org/hospital-price-transparency/,2026-09-09T01:47:45.521Z
051306,GLENN MEDICAL CENTER,CA,old-template-version,publisher-template-review,host returned pointer,entries retrieved,corroborated,response received,date-within-365-days-older-version,https://gmcmed.org/cms-hpt.txt,https://apps.para-hcfs.com/PTT/FinalLinks/Reports.aspx?dbName=dbGMCWILLOWSCA&type=CDMWithoutLabel&fileType=CSV,2025-10-04,2.0.0,https://apps.para-hcfs.com/PTT/FinalLinks/AmericanAdvancedGlenn.aspx,2026-09-09T01:47:47.543Z
050320,HIGHLAND HOSPITAL,CA,not-assessed-site-unreachable,pointer-or-domain-review,HTTP request deadline exceeded,not retrieved,unresolved,unresolved,unverified,,,,,,2026-09-09T01:42:53.269Z
050438,HUNTINGTON HOSPITAL,CA,pointer-blocked-to-automation,pointer-or-domain-review,HTTP 403,not retrieved,unresolved,unresolved,unverified,,,,,,2026-09-09T01:42:44.680Z
050763,L A DOWNTOWN MEDICAL CENTER,CA,mrf-stale-over-365-days,identity-or-format-review,host returned pointer,entries retrieved,unresolved,response received,unverified,https://ladowntownmc.com/cms-hpt.txt,,,,,2026-09-09T01:42:44.685Z
050028,MAD RIVER COMMUNITY HOSPITAL,CA,no-cms-hpt-txt-published,pointer-or-domain-review,HTTP 202,not retrieved,unresolved,unresolved,unverified,,,,,,2026-09-09T01:42:44.807Z
050528,MEMORIAL HOSPITAL LOS BANOS,CA,not-assessed-site-unreachable,identity-or-format-review,HTTP 200,not retrieved,unresolved,response received,unverified,,,,,,2026-09-09T01:42:43.799Z
050557,MEMORIAL MEDICAL CENTER,CA,not-assessed-site-unreachable,identity-or-format-review,HTTP 200,not retrieved,unresolved,response received,unverified,,,,,,2026-09-09T01:42:43.799Z
050704,MISSION COMMUNITY HOSPITAL,CA,not-assessed-not-named-in-file,pointer-or-domain-review,HTTP request deadline exceeded,not retrieved,unresolved,unresolved,unverified,,,,,,2026-09-09T01:43:17.907Z
051324,NORTHERN INYO HOSPITAL,CA,mrf-stale-over-365-days,publisher-date-review,host returned pointer,entries retrieved,corroborated,response received,date-over-365-days,https://www.nih.org/cms-hpt.txt,https://www.nih.org/documents/956005449_northern-inyo-hospital_standardcharges.csv,2024-10-01,2.2.0,https://www.nih.org/resources/price-transparency/,2026-09-09T01:47:45.589Z
050131,NOVATO COMMUNITY HOSPITAL,CA,not-assessed-site-unreachable,identity-or-format-review,HTTP 200,not retrieved,unresolved,response received,unverified,,,,,,2026-09-09T01:42:43.799Z
050378,PACIFICA HOSPITAL OF THE VALLEY,CA,compliant-date-unverified,identity-or-format-review,host returned pointer,entries retrieved,unresolved,response received,unverified,https://pacificahospital.com/cms-hpt.txt,,,,,2026-09-09T01:42:45.013Z
050115,PALOMAR HEALTH DOWNTOWN CAMPUS,CA,no-cms-hpt-txt-published,pointer-or-domain-review,HTTP 200,not retrieved,unresolved,unresolved,unverified,,,,,,2026-09-09T01:43:20.467Z
050636,PALOMAR MEDICAL CENTER POWAY,CA,no-cms-hpt-txt-published,pointer-or-domain-review,HTTP 200,not retrieved,unresolved,unresolved,unverified,,,,,,2026-09-09T01:43:20.467Z
050007,PENINSULA MEDICAL CENTER,CA,not-assessed-site-unreachable,identity-or-format-review,HTTP 200,not retrieved,unresolved,response received,unverified,,,,,,2026-09-09T01:42:43.799Z
050292,RIVERSIDE UNIVERSITY HEALTH SYSTEM-MEDICAL CENTER,CA,old-template-version,metadata-or-pointer-review,host returned pointer,entries retrieved,corroborated,response received,date-within-365-days-version-unverified,https://ruhealth.org/cms-hpt.txt,https://www.ruhealth.org/956000930_riverside-university-health-system_standardcharges.csv,2026-03-30,2026.1.0,https://www.ruhealth.org/resources/hospital-price-transparency,2026-09-09T01:47:49.024Z
050167,SAN JOAQUIN GENERAL HOSPITAL,CA,compliant-date-unverified,file-access-review,host returned pointer,entries retrieved,unresolved,unresolved,unverified,https://www.sanjoaquingeneral.org/cms-hpt.txt,,,,,2026-09-09T01:42:45.165Z
050261,SIERRA VIEW MEDICAL CENTER,CA,compliant-date-unverified,file-access-review,host returned pointer,entries retrieved,unresolved,unresolved,unverified,https://www.sierra-view.com/cms-hpt.txt,,,,,2026-09-09T01:43:17.640Z
050726,STANISLAUS SURGICAL HOSPITAL,CA,not-assessed-site-unreachable,pointer-or-domain-review,HTTP getaddrinfo ENOTFOUND stanislaussurgical.com,not retrieved,unresolved,unresolved,unverified,,,,,,2026-09-09T01:43:16.757Z
050014,SUTTER AMADOR HOSPITAL,CA,not-assessed-site-unreachable,identity-or-format-review,HTTP 200,not retrieved,unresolved,response received,unverified,,,,,,2026-09-09T01:42:43.799Z
050498,SUTTER AUBURN FAITH HOSPITAL,CA,not-assessed-site-unreachable,identity-or-format-review,HTTP 200,not retrieved,unresolved,response received,unverified,,,,,,2026-09-09T01:42:43.799Z
054096,SUTTER CENTER FOR PSYCHIATRY,CA,not-assessed-site-unreachable,identity-or-format-review,HTTP 200,not retrieved,unresolved,response received,unverified,,,,,,2026-09-09T01:42:43.799Z
050417,SUTTER COAST HOSPITAL,CA,not-assessed-site-unreachable,identity-or-format-review,HTTP 200,not retrieved,unresolved,response received,unverified,,,,,,2026-09-09T01:42:43.799Z
050537,SUTTER DAVIS HOSPITAL,CA,not-assessed-site-unreachable,identity-or-format-review,HTTP 200,not retrieved,unresolved,response received,unverified,,,,,,2026-09-09T01:42:43.799Z
050523,SUTTER DELTA MEDICAL CENTER,CA,not-assessed-site-unreachable,identity-or-format-review,HTTP 200,not retrieved,unresolved,response received,unverified,,,,,,2026-09-09T01:42:43.799Z
051329,SUTTER LAKESIDE HOSPITAL,CA,not-assessed-site-unreachable,identity-or-format-review,HTTP 200,not retrieved,unresolved,response received,unverified,,,,,,2026-09-09T01:42:43.799Z
050714,SUTTER MATERNITY & SURGERY CENTER OF SANTA CRUZ,CA,not-assessed-site-unreachable,identity-or-format-review,HTTP 200,not retrieved,unresolved,response received,unverified,,,,,,2026-09-09T01:42:43.799Z
050108,"SUTTER MEDICAL CENTER, SACRAMENTO",CA,not-assessed-site-unreachable,identity-or-format-review,HTTP 200,not retrieved,unresolved,response received,unverified,,,,,,2026-09-09T01:42:43.799Z
050309,SUTTER ROSEVILLE MEDICAL CENTER,CA,not-assessed-site-unreachable,identity-or-format-review,HTTP 200,not retrieved,unresolved,response received,unverified,,,,,,2026-09-09T01:42:43.799Z
050291,SUTTER SANTA ROSA REGIONAL HOSPITAL,CA,not-assessed-site-unreachable,identity-or-format-review,HTTP 200,not retrieved,unresolved,response received,unverified,,,,,,2026-09-09T01:42:43.799Z
050101,SUTTER SOLANO MEDICAL CENTER,CA,not-assessed-site-unreachable,identity-or-format-review,HTTP 200,not retrieved,unresolved,response received,unverified,,,,,,2026-09-09T01:42:43.799Z
050766,SUTTER SURGICAL HOSPITAL - NORTH VALLEY,CA,not-assessed-site-unreachable,identity-or-format-review,HTTP 200,not retrieved,unresolved,response received,unverified,,,,,,2026-09-09T01:42:43.799Z
050313,SUTTER TRACY COMMUNITY HOSPITAL,CA,not-assessed-site-unreachable,identity-or-format-review,HTTP 200,not retrieved,unresolved,response received,unverified,,,,,,2026-09-09T01:42:43.799Z
050128,TRI-CITY MEDICAL CENTER,CA,old-template-version,correction-verified,host returned pointer,entries retrieved,corroborated,response received,date-within-365-days-version-3,https://tricitymed.org/cms-hpt.txt,https://downloads.ctfassets.net/pxcfulgsd9e2/4gjlqHWnZQNgtiSy8ZJLrL/462e87c011e61ee6d9262dedaaddd95d/952126937_tricity-medical-center_standardcharges.csv,2026-05-29,3.0.0,https://www.sharp.com/billing/estimate,2026-09-09T01:47:49.775Z
050025,UC SAN DIEGO HEALTH HILLCREST - HILLCREST MED CTR,CA,not-assessed-site-unreachable,pointer-or-domain-review,HTTP getaddrinfo EAI_AGAIN health.ucsd.edu,not retrieved,unresolved,unresolved,unverified,,,,,,2026-09-09T01:43:26.706Z
050152,UCSF HEALTH SAINT FRANCIS HOSPITAL,CA,not-assessed-not-named-in-file,identity-or-format-review,host returned pointer,entries retrieved,unresolved,response received,unverified,https://www.commonspirit.org/cms-hpt.txt,,,,,2026-09-09T01:43:17.275Z
050457,UCSF HEALTH ST. MARY'S HOSPITAL,CA,not-assessed-not-named-in-file,identity-or-format-review,host returned pointer,entries retrieved,unresolved,response received,unverified,https://www.commonspirit.org/cms-hpt.txt,,,,,2026-09-09T01:43:17.275Z
060126,BANNER FORT COLLINS MEDICAL CENTER,CO,pointer-blocked-to-automation,pointer-or-domain-review,HTTP Parse Error: Header overflow,not retrieved,unresolved,unresolved,unverified,,,,,,2026-09-09T01:42:43.244Z
060030,BANNER NORTH CO MEDICAL CENTER - LOVELAND CAMPUS,CO,pointer-blocked-to-automation,pointer-or-domain-review,HTTP Parse Error: Header overflow,not retrieved,unresolved,unresolved,unverified,,,,,,2026-09-09T01:42:43.244Z
060001,BANNER NORTH COLORADO MEDICAL CENTER,CO,pointer-blocked-to-automation,pointer-or-domain-review,HTTP Parse Error: Header overflow,not retrieved,unresolved,unresolved,unverified,,,,,,2026-09-09T01:42:43.244Z
063303,CHILDREN'S HOSPITAL COLORADO - COLORADO SPRINGS,CO,not-assessed-not-named-in-file,identity-or-format-review,host returned pointer,entries retrieved,unresolved,response received,unverified,https://www.childrenscolorado.org/cms-hpt.txt,,,,,2026-09-09T01:43:17.271Z
061303,EAST MORGAN COUNTY HOSPITAL,CO,pointer-blocked-to-automation,pointer-or-domain-review,HTTP Parse Error: Header overflow,not retrieved,unresolved,unresolved,unverified,,,,,,2026-09-09T01:42:43.244Z
061325,EASTERN RIO BLANCO COUNTY HEALTH SERVICE DISTRICT,CO,compliant-date-unverified,identity-or-format-review,host returned pointer,entries retrieved,unresolved,response received,unverified,https://www.pioneershospital.org/cms-hpt.txt,,,,,2026-09-09T01:43:17.301Z
061312,ESTES PARK MEDICAL CENTER,CO,no-cms-hpt-txt-published,pointer-or-domain-review,HTTP 200,not retrieved,unresolved,unresolved,unverified,,,,,,2026-09-09T01:43:17.191Z
061304,HAXTUN HOSPITAL DISTRICT,CO,compliant-date-unverified,identity-or-format-review,host returned pointer,entries retrieved,unresolved,response received,unverified,https://haxtunhealth.org/cms-hpt.txt,,,,,2026-09-09T01:43:17.307Z
061343,KEEFE MEMORIAL HOSPITAL,CO,mrf-stale-over-365-days,publisher-date-review,host returned pointer,entries retrieved,corroborated,response received,date-over-365-days,https://keefemh.org/cms-hpt.txt,https://keefemh.org/wp-content/uploads/2025/07/472340447_keefe-memorial-health-service-district_standardcharges.csv,2025-06-30,2.0.0,https://keefemh.org/patient-resources/pricing-transparency/,2026-09-09T01:47:50.518Z
061306,LINCOLN HEALTH HOSPITAL,CO,no-cms-hpt-txt-published,pointer-or-domain-review,HTTP 202,not retrieved,unresolved,unresolved,unverified,,,,,,2026-09-09T01:43:17.130Z
060020,"PARKVIEW MEDICAL CENTER, INC",CO,mrf-url-unreachable,file-access-review,host returned pointer,entries retrieved,unresolved,unresolved,unverified,https://www.uchealth.org/cms-hpt.txt,,,,,2026-09-09T01:43:17.414Z
061323,PROWERS MEDICAL CENTER,CO,mrf-stale-over-365-days,identity-or-format-review,host returned pointer,entries retrieved,unresolved,response received,unverified,https://www.prowersmedical.com/cms-hpt.txt,,,,,2026-09-09T01:43:17.910Z
061308,SAN LUIS VALLEY HEALTH CONEJOS COUNTY HOSPITAL,CO,not-assessed-not-named-in-file,identity-or-format-review,host returned pointer,entries retrieved,unresolved,response received,unverified,https://www.sanluisvalleyhealth.org/cms-hpt.txt,,,,,2026-09-09T01:43:17.562Z
061311,SOUTHEAST COLORADO HOSPITAL DISTRICT,CO,compliant-date-unverified,identity-or-format-review,host returned pointer,entries retrieved,unresolved,response received,unverified,https://www.sechosp.org/cms-hpt.txt,,,,,2026-09-09T01:43:17.796Z
061327,SOUTHWEST MEMORIAL HOSPITAL,CO,compliant-date-unverified,identity-or-format-review,host returned pointer,entries retrieved,unresolved,response received,unverified,http://www.swhealth.org/cms-hpt.txt,,,,,2026-09-09T01:43:17.644Z
060076,STERLING REGIONAL MEDCENTER,CO,pointer-blocked-to-automation,pointer-or-domain-review,HTTP Parse Error: Header overflow,not retrieved,unresolved,unresolved,unverified,,,,,,2026-09-09T01:42:43.244Z
060022,UCH-MEMORIAL HEALTH SYSTEM,CO,not-assessed-not-named-in-file,identity-or-format-review,host returned pointer,entries retrieved,unresolved,response received,unverified,https://www.uchealth.org/cms-hpt.txt,,,,,2026-09-09T01:43:17.414Z
061309,WRAY COMMUNITY DISTRICT HOSPITAL,CO,no-cms-hpt-txt-published,pointer-or-domain-review,HTTP 403,not retrieved,unresolved,unresolved,unverified,,,,,,2026-09-09T01:43:17.437Z
070010,BRIDGEPORT HOSPITAL,CT,mrf-url-unreachable,file-access-review,host returned pointer,entries retrieved,unresolved,unresolved,unverified,https://www.bridgeporthospital.org/BHAssets/cms-hpt.txt,,,,,2026-09-09T01:43:18.023Z
070025,HARTFORD HOSPITAL,CT,no-cms-hpt-txt-published,metadata-or-pointer-review,HTTP 200,not retrieved,unresolved,response received,unverified,,,,,,2026-09-09T01:43:17.894Z
070036,JOHN DEMPSEY HOSPITAL OF THE UNIVERSITY OF CONNECT,CT,compliant-date-unverified,file-access-review,host returned pointer,entries retrieved,unresolved,unresolved,unverified,https://health.uconn.edu/cms-hpt.txt,,,,,2026-09-09T01:43:17.675Z
074016,MASONICARE HEALTH CENTER,CT,mrf-stale-over-365-days,identity-or-format-review,host returned pointer,entries retrieved,unresolved,response received,unverified,https://www.masonicare.org/cms-hpt.txt,,,,,2026-09-09T01:43:18.153Z
070022,YALE-NEW HAVEN HOSPITAL,CT,mrf-url-unreachable,file-access-review,host returned pointer,entries retrieved,unresolved,unresolved,unverified,https://www.ynhh.org/YNHHAssets/cms-hpt.txt,,,,,2026-09-09T01:43:18.280Z
094004,PSYCHIATRIC INSTITUTE OF WASHINGTON,DC,pointer-blocked-to-automation,pointer-or-domain-review,HTTP 403,not retrieved,unresolved,unresolved,unverified,,,,,,2026-09-09T01:43:17.917Z
090005,SIBLEY MEMORIAL HOSPITAL,DC,pointer-blocked-to-automation,pointer-or-domain-review,HTTP 403,not retrieved,unresolved,unresolved,unverified,,,,,,2026-09-09T01:43:17.929Z
090008,UNITED MEDICAL CENTER,DC,not-assessed-site-unreachable,pointer-or-domain-review,HTTP request deadline exceeded,not retrieved,unresolved,unresolved,unverified,,,,,,2026-09-09T01:43:17.962Z
084004,DOVER BEHAVIORAL HEALTH SYSTEM,DE,pointer-blocked-to-automation,pointer-or-domain-review,HTTP 403,not retrieved,unresolved,unresolved,unverified,,,,,,2026-09-09T01:43:17.991Z
084005,SUN BEHAVIORAL DELAWARE LLC,DE,no-cms-hpt-txt-published,pointer-or-domain-review,HTTP 202,not retrieved,unresolved,unresolved,unverified,,,,,,2026-09-09T01:43:18.315Z
100244,CAPE CORAL HOSPITAL,FL,mrf-blocked-to-automation,file-access-review,host returned pointer,entries retrieved,unresolved,unresolved,unverified,https://www.leehealth.org/cms-hpt.txt,,,,,2026-09-09T01:43:18.364Z
100161,CENTRAL FLORIDA LAKE MONROE HOSPITAL,FL,mrf-blocked-to-automation,pointer-or-domain-review,HTTP request deadline exceeded,not retrieved,unresolved,unresolved,unverified,,,,,,2026-09-09T01:43:28.621Z
104024,"CIRCLES OF CARE, INC",FL,old-template-version,publisher-template-review,host returned pointer,entries retrieved,corroborated,response received,date-within-365-days-older-version,https://circlesofcare.org/cms-hpt.txt,https://www.circlesofcare.org/wp-content/uploads/2025/12/591101553_circles-of-care-inc_standardcharges.csv,2025-12-12,2.0.0,https://www.circlesofcare.org/financial-transparency/,2026-09-09T01:47:52.152Z
100105,CLEVELAND CLINIC INDIAN RIVER HOSPITAL,FL,compliant-date-unverified,file-access-review,host returned pointer,entries retrieved,unresolved,unresolved,unverified,https://my.clevelandclinic.org/cms-hpt.txt,,,,,2026-09-09T01:43:18.511Z
100044,CLEVELAND CLINIC MARTIN NORTH HOSPITAL,FL,compliant-date-unverified,identity-or-format-review,host returned pointer,entries retrieved,unresolved,response received,unverified,https://my.clevelandclinic.org/cms-hpt.txt,,,,,2026-09-09T01:43:18.511Z
100183,CORAL GABLES HOSPITAL,FL,mrf-stale-over-365-days,publisher-date-review,host returned pointer,entries retrieved,corroborated,response received,date-over-365-days,https://coralgableshospital.org/cms-hpt.txt,https://coralgableshospital.org/pricetransparency/995038459_CoralGablesHospital_standardcharges.csv,2025-02-21,2.0.0,https://coralgableshospital.org/price-transparency/,2026-09-09T01:47:54.698Z
100277,DOUGLAS GARDENS HOSPITAL,FL,no-cms-hpt-txt-published,pointer-or-domain-review,HTTP 202,not retrieved,unresolved,unresolved,unverified,,,,,,2026-09-09T01:43:19.999Z
100134,ED FRASER MEMORIAL HOSPITAL,FL,mrf-url-unreachable,metadata-or-pointer-review,HTTP 200,not retrieved,unresolved,response received,unverified,,,,,,2026-09-09T01:43:28.353Z
100090,FLAGLER HOSPITAL,FL,not-assessed-site-unreachable,pointer-or-domain-review,HTTP 404,not retrieved,unresolved,unresolved,unverified,,,,,,2026-09-09T01:43:28.378Z
100298,FLORIDA STATE HOSPITAL UNIT 31 MED,FL,no-cms-hpt-txt-published,pointer-or-domain-review,HTTP 200,not retrieved,unresolved,unresolved,unverified,,,,,,2026-09-09T01:43:28.429Z
100266,GULF BREEZE HOSPITAL,FL,compliant-date-unverified,file-access-review,host returned pointer,entries retrieved,unresolved,unresolved,unverified,https://www.ebaptisthealthcare.org/cms-hpt.txt,,,,,2026-09-09T01:43:28.506Z
100220,GULF COAST MEDICAL CENTER LEE HEALTH,FL,mrf-blocked-to-automation,file-access-review,host returned pointer,entries retrieved,unresolved,unresolved,unverified,https://www.leehealth.org/cms-hpt.txt,,,,,2026-09-09T01:43:18.364Z
100330,HALIFAX HEALTH /UF HEALTH MEDICAL CENTER OF DELTON,FL,compliant-date-unverified,file-access-review,host returned pointer,entries retrieved,unresolved,unresolved,unverified,https://halifaxhealth.org/cms-hpt.txt,,,,,2026-09-09T01:43:28.258Z
100131,HCA FLORIDA AVENTURA HOSPITAL,FL,mrf-blocked-to-automation,pointer-or-domain-review,HTTP request deadline exceeded,not retrieved,unresolved,unresolved,unverified,,,,,,2026-09-09T01:43:28.621Z
100256,HCA FLORIDA BAYONET POINT HOSPITAL,FL,mrf-blocked-to-automation,pointer-or-domain-review,HTTP request deadline exceeded,not retrieved,unresolved,unresolved,unverified,,,,,,2026-09-09T01:43:28.621Z
100213,HCA FLORIDA BLAKE HOSPITAL,FL,mrf-blocked-to-automation,pointer-or-domain-review,HTTP request deadline exceeded,not retrieved,unresolved,unresolved,unverified,,,,,,2026-09-09T01:43:28.621Z
100243,HCA FLORIDA BRANDON HOSPITAL,FL,mrf-blocked-to-automation,pointer-or-domain-review,HTTP request deadline exceeded,not retrieved,unresolved,unresolved,unverified,,,,,,2026-09-09T01:43:28.621Z
100254,HCA FLORIDA CAPITAL HOSPITAL,FL,mrf-blocked-to-automation,pointer-or-domain-review,HTTP request deadline exceeded,not retrieved,unresolved,unresolved,unverified,,,,,,2026-09-09T01:43:28.621Z
100023,HCA FLORIDA CITRUS HOSPITAL,FL,mrf-blocked-to-automation,pointer-or-domain-review,HTTP request deadline exceeded,not retrieved,unresolved,unresolved,unverified,,,,,,2026-09-09T01:43:28.621Z
100267,HCA FLORIDA ENGLEWOOD HOSPITAL,FL,mrf-blocked-to-automation,pointer-or-domain-review,HTTP request deadline exceeded,not retrieved,unresolved,unresolved,unverified,,,,,,2026-09-09T01:43:28.621Z
100236,HCA FLORIDA FAWCETT HOSPITAL,FL,mrf-blocked-to-automation,pointer-or-domain-review,HTTP request deadline exceeded,not retrieved,unresolved,unresolved,unverified,,,,,,2026-09-09T01:43:28.621Z
100223,HCA FLORIDA FORT WALTON-DESTIN HOSPITAL,FL,mrf-blocked-to-automation,pointer-or-domain-review,HTTP request deadline exceeded,not retrieved,unresolved,unresolved,unverified,,,,,,2026-09-09T01:43:28.621Z
100242,HCA FLORIDA GULF COAST HOSPITAL,FL,mrf-blocked-to-automation,pointer-or-domain-review,HTTP request deadline exceeded,not retrieved,unresolved,unresolved,unverified,,,,,,2026-09-09T01:43:28.621Z
100049,HCA FLORIDA HIGHLANDS HOSPITAL,FL,mrf-blocked-to-automation,pointer-or-domain-review,HTTP request deadline exceeded,not retrieved,unresolved,unresolved,unverified,,,,,,2026-09-09T01:43:28.621Z
100080,HCA FLORIDA JFK HOSPITAL,FL,mrf-blocked-to-automation,pointer-or-domain-review,HTTP request deadline exceeded,not retrieved,unresolved,unresolved,unverified,,,,,,2026-09-09T01:43:28.621Z
100209,HCA FLORIDA KENDALL HOSPITAL,FL,mrf-blocked-to-automation,pointer-or-domain-review,HTTP request deadline exceeded,not retrieved,unresolved,unresolved,unverified,,,,,,2026-09-09T01:43:28.621Z
100156,HCA FLORIDA LAKE CITY HOSPITAL,FL,mrf-blocked-to-automation,pointer-or-domain-review,HTTP request deadline exceeded,not retrieved,unresolved,unresolved,unverified,,,,,,2026-09-09T01:43:28.621Z
100248,HCA FLORIDA LARGO HOSPITAL,FL,mrf-blocked-to-automation,pointer-or-domain-review,HTTP request deadline exceeded,not retrieved,unresolved,unresolved,unverified,,,,,,2026-09-09T01:43:28.621Z
100246,HCA FLORIDA LAWNWOOD HOSPITAL,FL,mrf-blocked-to-automation,pointer-or-domain-review,HTTP request deadline exceeded,not retrieved,unresolved,unresolved,unverified,,,,,,2026-09-09T01:43:28.621Z
100179,HCA FLORIDA MEMORIAL HOSPITAL,FL,mrf-blocked-to-automation,pointer-or-domain-review,HTTP request deadline exceeded,not retrieved,unresolved,unresolved,unverified,,,,,,2026-09-09T01:43:28.621Z
100167,HCA FLORIDA MERCY HOSPITAL,FL,mrf-blocked-to-automation,identity-quarantined,HTTP request deadline exceeded,not retrieved,unresolved,unresolved,unverified,,,,,,2026-09-09T01:43:28.621Z
100204,HCA FLORIDA NORTH FLORIDA HOSPITAL,FL,mrf-blocked-to-automation,pointer-or-domain-review,HTTP request deadline exceeded,not retrieved,unresolved,unresolved,unverified,,,,,,2026-09-09T01:43:28.621Z
100238,HCA FLORIDA NORTHSIDE HOSPITAL,FL,mrf-blocked-to-automation,pointer-or-domain-review,HTTP request deadline exceeded,not retrieved,unresolved,unresolved,unverified,,,,,,2026-09-09T01:43:28.621Z
100189,HCA FLORIDA NORTHWEST HOSPITAL,FL,mrf-blocked-to-automation,pointer-or-domain-review,HTTP request deadline exceeded,not retrieved,unresolved,unresolved,unverified,,,,,,2026-09-09T01:43:28.621Z
100264,HCA FLORIDA OAK HILL HOSPITAL,FL,mrf-blocked-to-automation,pointer-or-domain-review,HTTP request deadline exceeded,not retrieved,unresolved,unresolved,unverified,,,,,,2026-09-09T01:43:28.621Z
100226,HCA FLORIDA ORANGE PARK HOSPITAL,FL,mrf-blocked-to-automation,pointer-or-domain-review,HTTP request deadline exceeded,not retrieved,unresolved,unresolved,unverified,,,,,,2026-09-09T01:43:28.621Z
100110,HCA FLORIDA OSCEOLA HOSPITAL,FL,mrf-blocked-to-automation,pointer-or-domain-review,HTTP request deadline exceeded,not retrieved,unresolved,unresolved,unverified,,,,,,2026-09-09T01:43:28.621Z
100269,HCA FLORIDA PALMS WEST HOSPITAL,FL,mrf-blocked-to-automation,pointer-or-domain-review,HTTP request deadline exceeded,not retrieved,unresolved,unresolved,unverified,,,,,,2026-09-09T01:43:28.621Z
100126,HCA FLORIDA PASADENA HOSPITAL A PART OF HCA FLORID,FL,mrf-blocked-to-automation,pointer-or-domain-review,HTTP request deadline exceeded,not retrieved,unresolved,unresolved,unverified,,,,,,2026-09-09T01:43:28.621Z
100320,HCA FLORIDA POINCIANA HOSPITAL,FL,mrf-blocked-to-automation,pointer-or-domain-review,HTTP request deadline exceeded,not retrieved,unresolved,unresolved,unverified,,,,,,2026-09-09T01:43:28.621Z
100232,HCA FLORIDA PUTNAM HOSPITAL,FL,mrf-blocked-to-automation,pointer-or-domain-review,HTTP request deadline exceeded,not retrieved,unresolved,unresolved,unverified,,,,,,2026-09-09T01:43:28.621Z
100252,HCA FLORIDA RAULERSON HOSPITAL,FL,mrf-blocked-to-automation,pointer-or-domain-review,HTTP request deadline exceeded,not retrieved,unresolved,unresolved,unverified,,,,,,2026-09-09T01:43:28.621Z
100166,HCA FLORIDA SARASOTA DOCTORS HOSPITAL,FL,mrf-blocked-to-automation,pointer-or-domain-review,HTTP request deadline exceeded,not retrieved,unresolved,unresolved,unverified,,,,,,2026-09-09T01:43:28.621Z
100259,HCA FLORIDA SOUTH SHORE HOSPITAL,FL,mrf-blocked-to-automation,pointer-or-domain-review,HTTP request deadline exceeded,not retrieved,unresolved,unresolved,unverified,,,,,,2026-09-09T01:43:28.621Z
100206,HCA FLORIDA SOUTH TAMPA HOSPITAL,FL,mrf-blocked-to-automation,pointer-or-domain-review,HTTP request deadline exceeded,not retrieved,unresolved,unresolved,unverified,,,,,,2026-09-09T01:43:28.621Z
100180,HCA FLORIDA ST PETERSBURG HOSPITAL,FL,mrf-blocked-to-automation,pointer-or-domain-review,HTTP request deadline exceeded,not retrieved,unresolved,unresolved,unverified,,,,,,2026-09-09T01:43:28.621Z
100191,HCA FLORIDA TRINITY HOSPITAL,FL,mrf-blocked-to-automation,pointer-or-domain-review,HTTP request deadline exceeded,not retrieved,unresolved,unresolved,unverified,,,,,,2026-09-09T01:43:28.621Z
100054,HCA FLORIDA TWIN CITIES HOSPITAL,FL,mrf-blocked-to-automation,pointer-or-domain-review,HTTP request deadline exceeded,not retrieved,unresolved,unresolved,unverified,,,,,,2026-09-09T01:43:28.621Z
100360,HCA FLORIDA UNIVERSITY HOSPITAL,FL,mrf-blocked-to-automation,pointer-or-domain-review,HTTP request deadline exceeded,not retrieved,unresolved,unresolved,unverified,,,,,,2026-09-09T01:43:28.621Z
100231,HCA FLORIDA WEST HOSPITAL,FL,mrf-blocked-to-automation,pointer-or-domain-review,HTTP request deadline exceeded,not retrieved,unresolved,unresolved,unverified,,,,,,2026-09-09T01:43:28.621Z
100053,HIALEAH HOSPITAL,FL,mrf-stale-over-365-days,publisher-date-review,host returned pointer,entries retrieved,corroborated,response received,date-over-365-days,https://hialeahhosp.org/cms-hpt.txt,https://hialeahhosp.org/pricetransparency/995053647_HialeahHospital_standardcharges.csv,2025-02-21,2.0.0,https://hialeahhosp.org/price-transparency/,2026-09-09T01:47:57.201Z
103300,JOHNS HOPKINS ALL CHILDREN'S HOSPITAL,FL,pointer-blocked-to-automation,pointer-or-domain-review,HTTP 403,not retrieved,unresolved,unresolved,unverified,,,,,,2026-09-09T01:43:28.526Z
100253,JUPITER MEDICAL CENTER,FL,old-template-version,publisher-template-review,host returned pointer,entries retrieved,corroborated,response received,date-within-365-days-older-version,https://www.jupitermed.com/cms-hpt.txt,https://www.jupitermed.com/documents/content/59-1460239_jupiter-medical-center_standardcharges.csv,2025-10-01,2.2.0,https://www.jupitermed.com/patients-visitors/for-patients/billing-financial-information/hospital-pricing/,2026-09-09T01:47:57.478Z
101303,LAKE BUTLER HOSPITAL,FL,no-cms-hpt-txt-published,pointer-or-domain-review,HTTP 202,not retrieved,unresolved,unresolved,unverified,,,,,,2026-09-09T01:43:28.686Z
100299,LAKEWOOD RANCH MEDICAL CENTER,FL,pointer-blocked-to-automation,pointer-or-domain-review,HTTP 403,not retrieved,unresolved,unresolved,unverified,,,,,,2026-09-09T01:43:29.601Z
100012,LEE MEMORIAL HOSPITAL,FL,mrf-blocked-to-automation,file-access-review,host returned pointer,entries retrieved,unresolved,unresolved,unverified,https://www.leehealth.org/cms-hpt.txt,,,,,2026-09-09T01:43:18.364Z
104084,NEUROBEHAVIORAL HOSPITAL OF THE PALM BEACHES-NORTH,FL,old-template-version,publisher-template-review,host returned pointer,entries retrieved,corroborated,response received,date-within-365-days-older-version,https://nbhospitals.com/cms-hpt.txt,https://nbhospitals.com/standard-services/Pricing-guidelinesNeuro.csv,2026-01-01,1,https://nbhospitals.com/cms-standard-services/,2026-09-09T01:47:59.628Z
104085,NEUROBEHAVIORAL HOSPITAL OF THE PALM BEACHES-SOUTH,FL,old-template-version,publisher-template-review,host returned pointer,entries retrieved,corroborated,response received,date-within-365-days-older-version,https://nbhospitals.com/cms-hpt.txt,https://nbhospitals.com/standard-services/Pricing-guidelinesNeuro.csv,2026-01-01,1,https://nbhospitals.com/cms-standard-services/,2026-09-09T01:47:59.628Z
100029,NORTH SHORE MEDICAL CENTER,FL,mrf-stale-over-365-days,publisher-date-review,host returned pointer,entries retrieved,corroborated,response received,date-over-365-days,https://northshoremc.org/cms-hpt.txt,https://northshoremc.org/pricetransparency/995020733_NorthShoreMedicalCenter_standardcharges.csv,2025-02-21,2.0.0,https://northshoremc.org/price-transparency/,2026-09-09T01:47:59.636Z
104007,NORTHEAST FLORIDA STATE HOSPITAL,FL,no-cms-hpt-txt-published,pointer-or-domain-review,HTTP 200,not retrieved,unresolved,unresolved,unverified,,,,,,2026-09-09T01:43:28.429Z
100329,OVIEDO MEDICAL CENTER,FL,mrf-blocked-to-automation,pointer-or-domain-review,HTTP request deadline exceeded,not retrieved,unresolved,unresolved,unverified,,,,,,2026-09-09T01:43:28.621Z
100187,PALMETTO GENERAL HOSPITAL,FL,mrf-stale-over-365-days,publisher-date-review,host returned pointer,entries retrieved,corroborated,response received,date-over-365-days,https://palmettogeneral.org/cms-hpt.txt,https://palmettogeneral.org/pricetransparency/995002378_PalmettoGeneralHospital_standardcharges.csv,2025-02-20,2.0.0,https://palmettogeneral.org/price-transparency/,2026-09-09T01:47:59.720Z
100067,ST ANTHONYS HOSPITAL,FL,mrf-url-unreachable,file-access-review,host returned pointer,entries retrieved,unresolved,unresolved,unverified,https://baycare.org/cms-hpt.txt,,,,,2026-09-09T01:43:29.863Z
100135,TALLAHASSEE MEMORIAL HEALTHCARE,FL,mrf-stale-over-365-days,publisher-date-review,host returned pointer,entries retrieved,corroborated,response received,date-over-365-days,https://www.tmh.org/sites/default/files/price-transparency/cms-hpt.txt,https://www.tmh.org/sites/default/files/price-transparency/591917016_tallahassee-memorial-hospital_standardcharges.csv,2025-05-15,2.0.0,https://www.tmh.org/patients-and-visitors/billing-and-financial-assistance-information#standardrates,2026-09-09T01:48:00.044Z
100071,TAMPA GENERAL HOSPITAL BROOKSVILLE,FL,mrf-url-unreachable,file-access-review,host returned pointer,entries retrieved,unresolved,unresolved,unverified,https://www.tgh.org/cms-hpt.txt,,,,,2026-09-09T01:43:30.297Z
100249,TAMPA GENERAL HOSPITAL CRYSTAL RIVER,FL,mrf-url-unreachable,file-access-review,host returned pointer,entries retrieved,unresolved,unresolved,unverified,https://www.tgh.org/cms-hpt.txt,,,,,2026-09-09T01:43:30.297Z
100350,UCF LAKE NONA HOSPITAL,FL,mrf-blocked-to-automation,pointer-or-domain-review,HTTP request deadline exceeded,not retrieved,unresolved,unresolved,unverified,,,,,,2026-09-09T01:43:28.621Z
100275,WELLINGTON REGIONAL MEDICAL CENTER,FL,pointer-blocked-to-automation,pointer-or-domain-review,HTTP 403,not retrieved,unresolved,unresolved,unverified,,,,,,2026-09-09T01:43:29.907Z
113300,ATHUR M BLANK HOSPITAL,GA,not-assessed-site-unreachable,pointer-or-domain-review,HTTP getaddrinfo ENOTFOUND choaassets.choa.org,not retrieved,unresolved,unresolved,unverified,,,,,,2026-09-09T01:43:29.845Z
110024,CANDLER HOSPITAL,GA,mrf-stale-over-365-days,publisher-date-review,host returned pointer,entries retrieved,corroborated,response received,date-over-365-days,https://www.sjchs.org/cms-hpt.txt,https://www.sjchs.org/docs/default-source/default-document-library/580593388_candler-hospital_standardcharges293f9cd3-a627-4d74-aabc-b691b192010e.json,2025-07-01,2.2.0,https://www.sjchs.org/pay-my-bill,2026-09-09T01:48:00.077Z
113301,CHILDREN'S HEALTHCARE OF ATLANTA AT SCOTTISH RITE,GA,not-assessed-site-unreachable,pointer-or-domain-review,HTTP getaddrinfo ENOTFOUND choaassets.choa.org,not retrieved,unresolved,unresolved,unverified,,,,,,2026-09-09T01:43:29.845Z
110236,COMMONSPIRIT-MEMORIAL HOSPITAL-NORTH GEORGIA,GA,not-assessed-not-named-in-file,identity-or-format-review,host returned pointer,entries retrieved,unresolved,response received,unverified,https://www.commonspirit.org/cms-hpt.txt,,,,,2026-09-09T01:43:17.275Z
110194,DONALSONVILLE HOSPITAL INC,GA,no-cms-hpt-txt-published,pointer-or-domain-review,HTTP 202,not retrieved,unresolved,unresolved,unverified,,,,,,2026-09-09T01:43:30.157Z
111337,ELBERT MEMORIAL HOSPITAL,GA,no-cms-hpt-txt-published,pointer-or-domain-review,HTTP 202,not retrieved,unresolved,unresolved,unverified,,,,,,2026-09-09T01:43:30.377Z
111314,LIFEBRITE COMMUNITY HOSPITAL OF EARLY,GA,not-assessed-not-named-in-file,identity-or-format-review,host returned pointer,entries retrieved,unresolved,response received,unverified,https://www2.novanthealth.org/Public_Files/regulatory/cms-hpt.txt,,,,,2026-09-09T01:43:30.414Z
110128,MEMORIAL HEALTH MEADOWS HOSPITAL,GA,mrf-url-unreachable,pointer-or-domain-review,HTTP 200,not retrieved,unresolved,unresolved,unverified,,,,,,2026-09-09T01:43:40.701Z
111318,MONROE COUNTY HOSPITAL,GA,no-cms-hpt-txt-published,pointer-or-domain-review,HTTP 202,not retrieved,unresolved,unresolved,unverified,,,,,,2026-09-09T01:43:30.498Z
110161,NORTHSIDE HOSPITAL,GA,mrf-blocked-to-automation,file-access-review,host returned pointer,entries retrieved,unresolved,unresolved,unverified,https://www.northside.com/cms-hpt.txt,,,,,2026-09-09T01:43:30.653Z
110008,NORTHSIDE HOSPITAL CHEROKEE,GA,mrf-blocked-to-automation,file-access-review,host returned pointer,entries retrieved,unresolved,unresolved,unverified,https://www.northside.com/cms-hpt.txt,,,,,2026-09-09T01:43:30.653Z
110252,NORTHSIDE HOSPITAL DULUTH,GA,mrf-blocked-to-automation,file-access-review,host returned pointer,entries retrieved,unresolved,unresolved,unverified,https://www.northside.com/cms-hpt.txt,,,,,2026-09-09T01:43:30.653Z
110005,NORTHSIDE HOSPITAL FORSYTH,GA,mrf-blocked-to-automation,file-access-review,host returned pointer,entries retrieved,unresolved,unresolved,unverified,https://www.northside.com/cms-hpt.txt,,,,,2026-09-09T01:43:30.653Z
110087,NORTHSIDE HOSPITAL GWINNETT,GA,mrf-blocked-to-automation,file-access-review,host returned pointer,entries retrieved,unresolved,unresolved,unverified,https://www.northside.com/cms-hpt.txt,,,,,2026-09-09T01:43:30.653Z
110253,SOUTH GEORGIA SPECIALTY HOSPITAL,GA,mrf-stale-over-365-days,identity-or-format-review,host returned pointer,entries retrieved,unresolved,response received,unverified,https://southgeorgiaspecialtyhospital.com/cms-hpt.txt,,,,,2026-09-09T01:43:30.741Z
110146,SOUTHEAST GEORGIA HEALTH SYSTEM -- CAMDEN CAMPUS,GA,mrf-stale-over-365-days,publisher-date-review,host returned pointer,entries retrieved,corroborated,response received,date-over-365-days,https://www.sghs.org/cms-hpt.txt,https://res.cloudinary.com/dpmykpsih/raw/upload/southeast-georgia-site-441/media/r/2b7af40f710742bdb73b6db38189c1a2/581911751_southeast-georgia-health-system-camden-campus_standardcharges.csv,2025-01-28,2.0.0,https://www.sghs.org/patients-visitors/billing-information/understanding-health-care-pricing/,2026-09-09T01:48:01.109Z
110025,SOUTHEAST GEORGIA HEALTH SYSTEM- BRUNSWICK CAMPUS,GA,mrf-stale-over-365-days,publisher-date-review,host returned pointer,entries retrieved,corroborated,response received,date-over-365-days,https://www.sghs.org/cms-hpt.txt,https://res.cloudinary.com/dpmykpsih/raw/upload/southeast-georgia-site-441/media/r/3973089e73b74845a679c5863cedd135/581911751_southeast-georgia-health-system-brunswick-campus_standardcharg.csv,2025-01-01,2.0.0,https://www.sghs.org/patients-visitors/billing-information/understanding-health-care-pricing/,2026-09-09T01:48:01.189Z
110233,"SOUTHEASTERN REGIONAL MEDICAL CENTER, INC",GA,pointer-blocked-to-automation,pointer-or-domain-review,HTTP 403,not retrieved,unresolved,unresolved,unverified,,,,,,2026-09-09T01:42:43.222Z
110101,"SOUTHWELL MEDICAL, A CAMPUS OF TRMC",GA,no-cms-hpt-txt-published,pointer-or-domain-review,HTTP 200,not retrieved,unresolved,unresolved,unverified,,,,,,2026-09-09T01:43:30.691Z
110129,ST FRANCIS HOSPITAL- EMORY HEALTHCARE,GA,not-assessed-site-unreachable,pointer-or-domain-review,HTTP 406,not retrieved,unresolved,unresolved,unverified,,,,,,2026-09-09T01:43:30.604Z
110006,ST MARY'S HOSPITAL,GA,mrf-stale-over-365-days,file-access-review,host returned pointer,entries retrieved,unresolved,unresolved,unverified,https://www.stmaryshealthcaresystem.org/sites/default/files/cms-hpt.txt,,,,,2026-09-09T01:43:30.979Z
111329,ST MARYS GOOD SAMARITAN HOSPITAL,GA,mrf-stale-over-365-days,file-access-review,host returned pointer,entries retrieved,unresolved,unresolved,unverified,https://www.stmaryshealthcaresystem.org/sites/default/files/cms-hpt.txt,,,,,2026-09-09T01:43:30.979Z
114004,SUMMITRIDGE CENTER- PSYCHIATRY & ADDICTIVE MED,GA,pointer-blocked-to-automation,pointer-or-domain-review,HTTP 403,not retrieved,unresolved,unresolved,unverified,,,,,,2026-09-09T01:43:30.807Z
110015,TANNER MEDICAL CENTER VILLA RICA,GA,mrf-stale-over-365-days,metadata-or-pointer-review,HTTP 200,not retrieved,unresolved,response received,unverified,,,,,,2026-09-09T01:42:35.924Z
110002,UPSON REGIONAL MEDICAL CENTER,GA,not-assessed-site-unreachable,pointer-or-domain-review,HTTP 200,not retrieved,unresolved,unresolved,unverified,,,,,,2026-09-09T01:43:32.566Z
110124,WAYNE MEMORIAL HOSPITAL,GA,old-template-version,correction-verified,host returned pointer,entries retrieved,corroborated,response received,date-within-365-days-version-3,https://wmhweb.com/cms-hpt.txt,https://wmhweb.slicedhealth.io/pricer/586011876_wayne-memorial-hospital_standardcharges.csv,2026-03-24,3.0.0,https://wmhweb.com/sb-505/,2026-09-09T01:48:01.431Z
650001,GUAM MEMORIAL  HOSPITAL AUTHORITY,GU,no-cms-hpt-txt-published,pointer-or-domain-review,HTTP 200,not retrieved,unresolved,unresolved,unverified,,,,,,2026-09-09T01:43:40.756Z
120026,PALI MOMI MEDICAL CENTER,HI,compliant-date-unverified,correction-verified,host returned pointer,entries retrieved,corroborated,response received,date-within-365-days-version-3,https://www.hawaiipacifichealth.org/cms-hpt.txt,https://hph.pt.panaceainc.com/MRFDownload/hph/palimomi/990274038_Pali-Momi-Medical-Center_standardcharges.csv,2026-02-12,3.0.0,https://www.hawaiipacifichealth.org/patients-visitors/price-transparency/,2026-09-09T01:48:01.488Z
161351,AVERA HOLY FAMILY HOSPITAL,IA,old-template-version,pointer-or-domain-review,HTTP 403,not retrieved,unresolved,unresolved,unverified,,,,,,2026-09-09T01:43:39.479Z
161321,AVERA MERRILL PIONEER HOSPITAL,IA,old-template-version,pointer-or-domain-review,HTTP 403,not retrieved,unresolved,unresolved,unverified,,,,,,2026-09-09T01:43:39.479Z
160101,BROADLAWNS MEDICAL CENTER,IA,mrf-stale-over-365-days,correction-verified,host returned pointer,entries retrieved,corroborated,response received,date-within-365-days-version-3,https://www.broadlawns.org/cms-hpt.txt,https://HospitalPriceDisclosure.com/Default.aspx?ci=1VwSuyXntiJ*_*QU4uafbKPQ*-*,2026-09-01,3.0.0,https://www.broadlawns.org/patients-and-visitors/billing-financial/price-list-and-cost-estimates,2026-09-09T01:48:01.599Z
161359,BURGESS HEALTH CENTER,IA,mrf-url-unreachable,file-access-review,host returned pointer,entries retrieved,unresolved,unresolved,unverified,https://burgesshc.org/cms-hpt.txt,,,,,2026-09-09T01:43:31.248Z
161348,CLARKE COUNTY HOSPITAL,IA,pointer-blocked-to-automation,pointer-or-domain-review,HTTP getaddrinfo EAI_AGAIN clarkehosp.org,not retrieved,unresolved,unresolved,unverified,,,,,,2026-09-09T01:43:41.017Z
161368,FLOYD VALLEY HEALTHCARE,IA,old-template-version,pointer-or-domain-review,HTTP 403,not retrieved,unresolved,unresolved,unverified,,,,,,2026-09-09T01:43:39.479Z
161365,GREATER REGIONAL MEDICAL CENTER,IA,compliant-date-unverified,identity-or-format-review,host returned pointer,entries retrieved,unresolved,response received,unverified,https://e363f8c5-d982-49c6-ae27-e8ee9e1ff4a3.usrfiles.com/ugd/e363f8_36f15900d3274b44968a27af2c5b43c9.txt,,,,,2026-09-09T01:43:42.269Z
161380,HANSEN FAMILY HOSPITAL,IA,not-assessed-not-named-in-file,identity-or-format-review,host returned pointer,entries retrieved,unresolved,response received,unverified,https://www.mercyone.org/sites/default/files/cms-hpt.txt,,,,,2026-09-09T01:43:42.839Z
161336,HEGG MEMORIAL HEALTH CENTER,IA,old-template-version,pointer-or-domain-review,HTTP 403,not retrieved,unresolved,unresolved,unverified,,,,,,2026-09-09T01:43:39.479Z
161329,JACKSON COUNTY REGIONAL HEALTH CENTER,IA,pointer-lists-no-mrf-url,identity-or-format-review,HTTP 200,not retrieved,unresolved,response received,unverified,,,,,,2026-09-09T01:43:39.765Z
160124,LAKES REGIONAL HEALTHCARE,IA,old-template-version,pointer-or-domain-review,HTTP 403,not retrieved,unresolved,unresolved,unverified,,,,,,2026-09-09T01:43:39.479Z
160153,MERCYONE SIOUXLAND MEDICAL CENTER,IA,not-assessed-not-named-in-file,identity-or-format-review,host returned pointer,entries retrieved,unresolved,response received,unverified,https://www.mercyone.org/sites/default/files/cms-hpt.txt,,,,,2026-09-09T01:43:42.839Z
161363,MONTGOMERY COUNTY MEMORIAL HOSPITAL,IA,compliant-date-unverified,file-access-review,host returned pointer,entries retrieved,unresolved,unresolved,unverified,https://www.mcmh.org/cms-hpt.txt,,,,,2026-09-09T01:43:42.316Z
161345,OSCEOLA COMMUNITY HOSPITAL,IA,old-template-version,pointer-or-domain-review,HTTP 403,not retrieved,unresolved,unresolved,unverified,,,,,,2026-09-09T01:43:39.479Z
161328,REGIONAL HEALTH SERVICES OF HOWARD COUNTY,IA,old-template-version,pointer-or-domain-review,HTTP 403,not retrieved,unresolved,unresolved,unverified,,,,,,2026-09-09T01:43:39.479Z
161346,SIOUX CENTER HEALTH,IA,old-template-version,pointer-or-domain-review,HTTP 403,not retrieved,unresolved,unresolved,unverified,,,,,,2026-09-09T01:43:39.479Z
160057,SOUTHEAST IOWA REGIONAL MEDICAL CENTER,IA,compliant-date-unverified,file-access-review,host returned pointer,entries retrieved,unresolved,unresolved,unverified,https://res.cloudinary.com/dpmykpsih/raw/upload/great-river-site-504/media/be62bfca32244d0dad6104b3e0b7586d/cms-hpt.txt,,,,,2026-09-09T01:43:43.281Z
160112,SPENCER MUNICIPAL HOSPITAL,IA,mrf-stale-over-365-days,correction-verified,host returned pointer,entries retrieved,corroborated,response received,date-within-365-days-version-3,http://www.spencerhospital.org/cms-hpt.txt,https://www.spencerhospital.org/webres/File/Pricing/426005883_spencer-municipal-hospital_standardcharges.csv,2026-01-01,3.0.0,https://www.spencerhospital.org/patients-visitors/patients/price-transparency/,2026-09-09T01:48:03.862Z
161350,STEWART MEMORIAL COMMUNITY HOSPITAL,IA,mrf-stale-over-365-days,publisher-date-review,host returned pointer,entries retrieved,corroborated,response received,date-over-365-days,https://stewartmemorial.org/cms-hpt.txt,https://www.stewartmemorial.org/wp-content/uploads/2025/12/420860039_Stewart-Memorial-Community-Hospital_StandardCharges.csv,2024-10-08,2.0.0,https://www.stewartmemorial.org/patients/price-transparency/,2026-09-09T01:48:03.889Z
131326,CASSIA REGIONAL HOSPITAL,ID,compliant-date-unverified,file-access-review,host returned pointer,entries retrieved,unresolved,unresolved,unverified,https://intermountainhealthcare.org/sc10media/files/intermountain-health/locations/hospital-prices/price-transparency.txt,,,,,2026-09-09T01:43:43.038Z
131327,GRITMAN MEDICAL CENTER,ID,no-cms-hpt-txt-published,pointer-or-domain-review,HTTP 202,not retrieved,unresolved,unresolved,unverified,,,,,,2026-09-09T01:43:43.908Z
131319,MINIDOKA MEMORIAL HOSPITAL,ID,mrf-url-unreachable,file-access-review,host returned pointer,entries retrieved,unresolved,unresolved,unverified,https://minidokamemorial.org/cms-hpt.txt,,,,,2026-09-09T01:43:43.009Z
130003,ST JOSEPH REGIONAL MEDICAL CENTER,ID,not-assessed-site-unreachable,pointer-or-domain-review,HTTP 406,not retrieved,unresolved,unresolved,unverified,,,,,,2026-09-09T01:43:42.893Z
130063,TREASURE VALLEY HOSPITAL,ID,mrf-stale-over-365-days,publisher-date-review,host returned pointer,entries retrieved,corroborated,response received,date-over-365-days,https://treasurevalleyhospital.com/cms-hpt.txt,https://cdn.sanity.io/files/rlbzokv7/production/063a7fda12ee958c90577c83cec3c34abe54407c.csv,2024-07-01,2.0.0,https://treasurevalleyhospital.com/price-transparency/,2026-09-09T01:48:03.989Z
140289,ANDERSON HOSPITAL,IL,not-assessed-site-unreachable,pointer-or-domain-review,HTTP 202,not retrieved,unresolved,unresolved,unverified,,,,,,2026-09-09T01:43:43.746Z
141306,COMMUNITY HOSPITAL OF STAUNTON,IL,no-cms-hpt-txt-published,pointer-or-domain-review,HTTP 202,not retrieved,unresolved,unresolved,unverified,,,,,,2026-09-09T01:43:43.984Z
140029,COPLEY MEMORIAL HOSPITAL,IL,compliant-date-unverified,pointer-or-domain-review,HTTP 200,not retrieved,unresolved,unresolved,unverified,,,,,,2026-09-09T01:43:42.966Z
140172,FRANCISCAN HEALTH OLYMPIA & CHICAGO HEIGHTS,IL,not-assessed-not-named-in-file,identity-or-format-review,host returned pointer,entries retrieved,unresolved,response received,unverified,https://www.franciscanhealth.org/cms-hpt.txt,,,,,2026-09-09T01:43:44.234Z
141321,FRANKLIN HOSPITAL,IL,old-template-version,identity-or-format-review,host returned pointer,entries retrieved,unresolved,response received,unverified,https://www.franklinhospital.net/cms-hpt.txt,,,,,2026-09-09T01:43:43.658Z
141317,GIBSON COMMUNITY HOSPITAL,IL,old-template-version,identity-or-format-review,host returned pointer,entries retrieved,unresolved,response received,unverified,https://gibsonhospital.org/cms-hpt.txt,,,,,2026-09-09T01:43:43.289Z
140184,HEARTLAND REGIONAL MEDICAL CENTER,IL,not-assessed-not-named-in-file,identity-or-format-review,host returned pointer,entries retrieved,unresolved,response received,unverified,https://deaconess.com/cms-hpt.txt,,,,,2026-09-09T01:43:43.757Z
141332,HILLSBORO AREA HOSPITAL,IL,not-assessed-site-unreachable,pointer-or-domain-review,HTTP Hostname/IP does not match certificate's altnames: Host: hillsboroareahospital.org. is not in the cert's altnames: DNS:dev4.starkmedia.com,not retrieved,unresolved,unresolved,unverified,,,,,,2026-09-09T01:43:43.384Z
141330,HOPEDALE HOSPITAL,IL,no-cms-hpt-txt-published,pointer-or-domain-review,HTTP 200,not retrieved,unresolved,unresolved,unverified,,,,,,2026-09-09T01:43:43.838Z
141353,IROQUOIS MEMORIAL HOSPITAL,IL,old-template-version,metadata-or-pointer-review,host returned pointer,entries retrieved,corroborated,response received,date-unverified,https://iroquoismemorial.com/cms-hpt.txt,https://iroquois.slicedhealth.io/pricer/37-0673512_IroquoisMemorialHospital_standardcharges.CSV,,2,https://iroquois.slicedhealth.io/home,2026-09-09T01:48:05.075Z
140082,LOUIS A WEISS MEMORIAL HOSPITAL,IL,mrf-stale-over-365-days,publisher-date-review,host returned pointer,entries retrieved,corroborated,response received,date-over-365-days,https://www.weisshospital.com/8453_Weiss%20Memorial%20Hospital_2025-04-01.txt,https://sthpiprd.blob.core.windows.net/machine-readable-files/12711/352637418_resilience-healthcare-weiss-memorial-hospital-llc_standardcharges.csv,2025-03-17,2.0.0,https://search.hospitalpriceindex.com/hpi2/machineReadable/WeissMemorialHospital/12711,2026-09-09T01:48:06.392Z
140008,LOYOLA GOTTLIEB MEMORIAL HOSPITAL,IL,compliant-date-unverified,correction-verified,host returned pointer,entries retrieved,corroborated,response received,date-within-365-days-version-3,https://www.loyolamedicine.org/sites/default/files/cms-hpt.txt,https://trinityhealth.pt.panaceainc.com/MRFDownload/trinityhealth/gottliebmemorialhospital,2026-03-31,3.0.0,https://www.loyolamedicine.org/for-patients/billing-and-insurance/insurance-information/price-estimates-list,2026-09-09T01:48:05.514Z
140148,MEMORIAL MEDICAL CENTER,IL,not-assessed-not-named-in-file,identity-or-format-review,host returned pointer,entries retrieved,unresolved,response received,unverified,https://memorial.health/cms-hpt.txt,,,,,2026-09-09T01:43:44.205Z
141335,MERCY HARVARD HOSPITAL,IL,not-assessed-not-named-in-file,identity-or-format-review,host returned pointer,entries retrieved,unresolved,response received,unverified,https://res.cloudinary.com/dpmykpsih/raw/upload/mercyhealth-site-398/media/18f42ccebb5847e98aa8a810d0c7b763/cms-hpt.txt,,,,,2026-09-09T01:44:04.706Z
141302,MIDWEST MEDICAL CENTER,IL,mrf-stale-over-365-days,publisher-date-review,host returned pointer,entries retrieved,corroborated,response received,date-over-365-days,https://www.midwestmedicalcenter.org/cms-hpt.txt,https://www.midwestmedicalcenter.org/content/pdfs/204560540_midwest-medical-center_standardcharges.csv,2025-01-02,2.0.0,https://www.midwestmedicalcenter.org/patients-visitors/standard-charges,2026-09-09T01:48:06.716Z
140100,"MIDWESTERN REGION MED CENTER, INC",IL,pointer-blocked-to-automation,pointer-or-domain-review,HTTP 403,not retrieved,unresolved,unresolved,unverified,,,,,,2026-09-09T01:42:43.222Z
140010,NORTHSHORE UNIVERSITY HEALTHSYSTEM - EVANSTON HOSPITAL,IL,not-assessed-site-unreachable,pointer-or-domain-review,"HTTP unable to verify the first certificate; if the root CA is installed locally, try running Node.js with --use-system-ca",not retrieved,unresolved,unresolved,unverified,,,,,,2026-09-09T01:43:43.997Z
140180,PRESENCE SAINTS MARY AND ELIZABETH MEDICAL CENTER,IL,not-assessed-not-named-in-file,identity-or-format-review,host returned pointer,entries retrieved,unresolved,response received,unverified,https://healthcare.ascension.org/-/media/Healthcare/cms-hpt.txt,,,,,2026-09-09T01:43:44.066Z
140063,RUSH OAK PARK HOSPITAL,IL,compliant-date-unverified,pointer-or-domain-review,HTTP 200,not retrieved,unresolved,unresolved,unverified,,,,,,2026-09-09T01:43:42.966Z
140119,RUSH UNIVERSITY MEDICAL CENTER,IL,compliant-date-unverified,pointer-or-domain-review,HTTP 200,not retrieved,unresolved,unresolved,unverified,,,,,,2026-09-09T01:43:42.966Z
140095,SAINT ANTHONY HOSPITAL,IL,not-assessed-not-named-in-file,pointer-or-domain-review,HTTP 200,not retrieved,unresolved,unresolved,unverified,,,,,,2026-09-09T01:43:53.994Z
140166,ST MARYS HOSPITAL,IL,mrf-stale-over-365-days,correction-verified,host returned pointer,entries retrieved,corroborated,response received,date-within-365-days-version-3,https://www.hshs.org/cms-hpt.txt,https://www.hshs.org/getmedia/c0370a76-b1d6-446e-888b-7f17a823117e/370661244_st-marys-hospital-decatur-of-hospital-sisters-of-the-third-order-of-st-francis_standardcharges.zip,2026-03-25,3.0.0,https://www.hshs.org/patients/billing/price,2026-09-09T01:48:15.163Z
140114,SWEDISH HOSPITAL,IL,pointer-blocked-to-automation,identity-or-format-review,HTTP 200,not retrieved,unresolved,response received,unverified,,,,,,2026-09-09T01:43:58.605Z
140228,UW HEALTH,IL,not-assessed-not-named-in-file,pointer-or-domain-review,HTTP getaddrinfo EAI_AGAIN uwhealth.org,not retrieved,unresolved,unresolved,unverified,,,,,,2026-09-09T01:43:54.136Z
140084,VISTA MEDICAL CENTER EAST,IL,mrf-stale-over-365-days,metadata-or-pointer-review,HTTP 200,not retrieved,unresolved,response received,unverified,,,,,,2026-09-09T01:43:54.225Z
140049,WEST SUBURBAN MEDICAL CENTER,IL,mrf-stale-over-365-days,metadata-or-pointer-review,HTTP 200,not retrieved,unresolved,response received,unverified,,,,,,2026-09-09T01:43:54.227Z
154056,EVANSVILLE STATE HOSPITAL,IN,old-template-version,metadata-or-pointer-review,HTTP 200,not retrieved,unresolved,response received,unverified,,,,,,2026-09-09T01:43:54.240Z
150179,FAIRBANKS,IN,not-assessed-not-named-in-file,pointer-or-domain-review,HTTP 403,not retrieved,unresolved,unresolved,unverified,,,,,,2026-09-09T01:44:04.573Z
150193,FRANCISCAN HEALTH ORTHOPEDIC HOSPITAL CARMEL,IN,mrf-stale-over-365-days,identity-or-format-review,host returned pointer,entries retrieved,unresolved,response received,unverified,https://www.franciscanhealth.org/cms-hpt.txt,,,,,2026-09-09T01:43:44.234Z
154009,HAMILTON CENTER INC,IN,old-template-version,publisher-template-review,host returned pointer,entries retrieved,corroborated,response received,date-within-365-days-older-version,https://hamiltoncenter.org/cms-hpt.txt,https://www.hamiltoncenter.org/351140758_hamilton-center-inc-_standardcharges/,2026-02-09,2,https://www.hamiltoncenter.org/price-transparency/,2026-09-09T01:48:16.683Z
154054,HARSHA BEHAVIORAL CENTER INC,IN,compliant-date-unverified,metadata-or-pointer-review,HTTP 200,not retrieved,unresolved,response received,unverified,,,,,,2026-09-09T01:44:05.354Z
150051,INDIANA UNIVERSITY HEALTH BLOOMINGTON HOSPITAL,IN,not-assessed-not-named-in-file,identity-or-format-review,host returned pointer,entries retrieved,unresolved,response received,unverified,https://cdn.iuhealth.org/global/cms-hpt.txt,,,,,2026-09-09T01:43:58.500Z
154019,MADISON STATE HOSPITAL,IN,old-template-version,metadata-or-pointer-review,HTTP 200,not retrieved,unresolved,response received,unverified,,,,,,2026-09-09T01:43:54.240Z
151329,MARGARET MARY COMMUNITY HOSPITAL INC,IN,no-cms-hpt-txt-published,identity-or-format-review,HTTP 200,not retrieved,unresolved,response received,unverified,,,,,,2026-09-09T01:44:04.235Z
150011,MARION GENERAL HOSPITAL,IN,compliant-date-unverified,identity-or-format-review,host returned pointer,entries retrieved,unresolved,response received,unverified,https://www.marionhealth.com/cms-hpt.txt,,,,,2026-09-09T01:44:05.607Z
154008,NEURODIAGNOSTIC INSTITUTE,IN,old-template-version,metadata-or-pointer-review,HTTP 200,not retrieved,unresolved,response received,unverified,,,,,,2026-09-09T01:43:54.240Z
154050,NORTHEASTERN CENTER,IN,old-template-version,publisher-template-review,host returned pointer,entries retrieved,corroborated,response received,date-within-365-days-older-version,https://nec.org/cms-hpt.txt,https://www.nec.org/wp-content/uploads/2026/06/351403134_Northeastern-Center_standardcharges-1.csv,2026-06-01,2.0.0,https://www.nec.org/about-northeastern-center/price-transparency/,2026-09-09T01:48:18.422Z
154060,"PARK CENTER, INC",IN,not-assessed-not-named-in-file,identity-or-format-review,host returned pointer,entries retrieved,unresolved,response received,unverified,https://www.parkview.com/cms-hpt.txt,,,,,2026-09-09T01:44:05.510Z
151322,PERRY COUNTY MEMORIAL HOSPITAL,IN,mrf-blocked-to-automation,identity-or-format-review,host returned pointer,entries retrieved,unresolved,response received,unverified,https://www.pchospital.org/cms-hpt.txt,,,,,2026-09-09T01:44:04.792Z
154018,RICHMOND STATE HOSPITAL,IN,old-template-version,identity-or-format-review,HTTP 200,not retrieved,unresolved,response received,unverified,,,,,,2026-09-09T01:43:54.240Z
150065,SCHNECK MEDICAL CENTER,IN,mrf-stale-over-365-days,publisher-date-review,host returned pointer,entries retrieved,corroborated,response received,date-over-365-days,https://www.schneckmed.org/cms-hpt.txt,https://d188lfxfyq6i9j.cloudfront.net/general-uploads/PDF-Assets/35-1163135_Jackson-County-Schneck-Memorial-Hospital_standardcharges.csv,2024-01-24,2.0.0,https://www.schneckmed.org/patients-visitors/patient-information/billing-insurance#price-transparency---chargemaster,2026-09-09T01:48:19.133Z
150046,TERRE HAUTE REGIONAL HOSPITAL,IN,not-assessed-site-unreachable,pointer-or-domain-review,HTTP Hostname/IP does not match certificate's altnames: Host: regionalhospital.com. is not in the cert's altnames: DNS:*.secure.ehc.com,not retrieved,unresolved,unresolved,unverified,,,,,,2026-09-09T01:44:05.113Z
171329,CALDWELL REGIONAL MEDICAL CENTER,KS,compliant-date-unverified,identity-or-format-review,host returned pointer,entries retrieved,unresolved,response received,unverified,https://crmcks.com/cms-hpt.txt,,,,,2026-09-09T01:44:05.087Z
173300,CHILDREN'S MERCY SOUTH,KS,not-assessed-not-named-in-file,identity-or-format-review,host returned pointer,entries retrieved,unresolved,response received,unverified,https://www.childrensmercy.org/cms-hpt.txt,,,,,2026-09-09T01:44:05.754Z
171385,COFFEY COUNTY HOSPITAL,KS,mrf-stale-over-365-days,identity-or-format-review,host returned pointer,entries retrieved,unresolved,response received,unverified,https://coffeyhealth.org/communities/coffeyhealth2020-2/cms-hpt.txt,,,,,2026-09-09T01:44:06.645Z
171359,GREELEY COUNTY HEALTH SERVICES,KS,no-cms-hpt-txt-published,metadata-or-pointer-review,HTTP 200,not retrieved,unresolved,response received,unverified,,,,,,2026-09-09T01:44:06.996Z
171341,HIAWATHA COMMUNITY HOSPITAL,KS,pointer-blocked-to-automation,pointer-or-domain-review,HTTP 403,not retrieved,unresolved,unresolved,unverified,,,,,,2026-09-09T01:44:05.654Z
171357,HILLSBORO COMMUNITY HOSPITAL,KS,compliant-date-unverified,identity-or-format-review,host returned pointer,entries retrieved,unresolved,response received,unverified,https://www.hillsborohospital.com/cms-hpt.txt,,,,,2026-09-09T01:44:05.745Z
170188,KANSAS CITY ORTHOPAEDIC INSTITUTE,KS,compliant-date-unverified,file-access-review,host returned pointer,entries retrieved,unresolved,unresolved,unverified,https://www.kcoi.com/cms-hpt.txt,,,,,2026-09-09T01:44:06.178Z
170183,KANSAS SURGERY & RECOVERY CENTER,KS,mrf-stale-over-365-days,publisher-date-review,host returned pointer,entries retrieved,corroborated,response received,date-over-365-days,https://irp.cdn-website.com/fa377abf/files/uploaded/cms-hpt202504.txt,https://irp.cdn-website.com/fa377abf/files/uploaded/481148580_kansas-surgery---recovery-center-llc_standardcharges.csv,2025-03-25,2.0.0,https://www.kansas.surgery/price-transparency,2026-09-09T01:48:19.708Z
171321,MEADE DISTRICT HOSPITAL,KS,mrf-stale-over-365-days,publisher-date-review,host returned pointer,entries retrieved,corroborated,response received,date-over-365-days,https://3293c1a2-894d-4ca5-9b72-fc018865f82e.usrfiles.com/ugd/3293c1_0c176796799b488382354a99e253f472.txt,https://a9a4b96f-06fd-48d5-afab-60ad79a55e97.filesusr.com/ugd/3293c1_b634e2c6081e4736bc6956dddef01d94.json?dn=480966086_Meade%20District%20Hospital_standardcharges%20(3).json,2024-12-31,2.2.0,https://www.avhealthsystem.com/pricing-information,2026-09-09T01:48:19.835Z
170006,"MERCY HOSPITAL PITTSBURG, INC",KS,not-assessed-not-named-in-file,identity-or-format-review,host returned pointer,entries retrieved,unresolved,response received,unverified,https://healthcare.ascension.org/-/media/Healthcare/cms-hpt.txt,,,,,2026-09-09T01:43:44.066Z
171386,MORTON COUNTY HOSPITAL,KS,compliant-date-unverified,identity-or-format-review,host returned pointer,entries retrieved,unresolved,response received,unverified,https://mchswecare.com/cms-hpt.txt,,,,,2026-09-09T01:44:06.183Z
170103,NMC HEALTH,KS,compliant-date-unverified,identity-or-format-review,HTTP 200,not retrieved,unresolved,response received,unverified,,,,,,2026-09-09T01:44:17.095Z
170027,PRATT REGIONAL MEDICAL CENTER,KS,compliant-date-unverified,identity-or-format-review,host returned pointer,entries retrieved,unresolved,response received,unverified,https://prmc.org/cms-hpt.txt,,,,,2026-09-09T01:44:06.005Z
170204,"ROCK REGIONAL HOSPITAL, LLC",KS,not-assessed-site-unreachable,pointer-or-domain-review,HTTP getaddrinfo ENOTFOUND lucky77.id,not retrieved,unresolved,unresolved,unverified,,,,,,2026-09-09T01:44:06.429Z
170198,"SUMMIT SURGICAL, LLC",KS,mrf-stale-over-365-days,correction-verified,host returned pointer,entries retrieved,corroborated,response received,date-within-365-days-version-3,https://summitks.com/cms-hpt.txt,https://summitks.com/wp-content/uploads/203283620_summit-surgical-llc_standardcharges_9.1.26.csv,2026-08-19,3.0.0,https://summitks.com/patients-visitors/price-transparency/,2026-09-09T01:48:28.362Z
170017,SUSAN B ALLEN MEMORIAL HOSPITAL,KS,mrf-stale-over-365-days,metadata-or-pointer-review,HTTP 200,not retrieved,unresolved,response received,unverified,,,,,,2026-09-09T01:44:17.091Z
180043,AdventHealthManchester,KY,not-assessed-not-named-in-file,identity-or-format-review,host returned pointer,entries retrieved,unresolved,response received,unverified,https://www.adventhealth.com/cms-hpt.txt,,,,,2026-09-09T01:44:06.923Z
181309,CASEY COUNTY HOSPITAL,KY,old-template-version,identity-or-format-review,host returned pointer,entries retrieved,unresolved,response received,unverified,https://caseycountyhospital.com/cms-hpt.txt,,,,,2026-09-09T01:44:07.136Z
181314,CAVERNA MEMORIAL HOSPITAL,KY,mrf-blocked-to-automation,file-access-review,host returned pointer,entries retrieved,unresolved,unresolved,unverified,https://medcenterhealth.org/cms-hpt.txt,,,,,2026-09-09T01:44:06.479Z
180092,CLARK REGIONAL MEDICAL CENTER,KY,not-assessed-not-named-in-file,identity-or-format-review,HTTP 200,not retrieved,unresolved,response received,unverified,,,,,,2026-09-09T01:44:16.603Z
181317,CUMBERLAND COUNTY HOSPITAL,KY,pointer-blocked-to-automation,pointer-or-domain-review,HTTP 403,not retrieved,unresolved,unresolved,unverified,,,,,,2026-09-09T01:44:06.626Z
181325,JANE TODD CRAWFORD HOSPITAL,KY,old-template-version,publisher-template-review,host returned pointer,entries retrieved,corroborated,response received,date-within-365-days-older-version,https://janetoddhospital.com/cms-hpt.txt,https://www.janetoddhospital.com/Content/Uploads/janetoddhospital.com/files/204474637_Jane-Todd-Crawford-Hospital_standardcharges.csv,2026-03-31,2.0.0,https://www.janetoddhospital.com/Content/Uploads/janetoddhospital.com/files/204474637_Jane-Todd-Crawford-Hospital_standardcharges.csv,2026-09-09T01:48:29.763Z
180009,KING'S DAUGHTERS' MEDICAL CENTER,KY,no-cms-hpt-txt-published,correction-verified,HTTP 200,entries retrieved,corroborated,response received,date-within-365-days-version-3,https://search.hospitalpriceindex.com/7804/cms-hpt.txt,https://sthpiprd.blob.core.windows.net/machine-readable-files/7804/610444716_ashland-hospital-corporation_standardcharges.csv,2025-10-14,3.0.0,https://search.hospitalpriceindex.com/hpi2/machineReadable/KingsDaughterMedicalCenterKentucky/7804,2026-09-09T01:48:30.052Z
181328,KNOX COUNTY HOSPITAL,KY,not-assessed-not-named-in-file,pointer-or-domain-review,HTTP getaddrinfo EAI_AGAIN arh.org,not retrieved,unresolved,unresolved,unverified,,,,,,2026-09-09T01:44:16.573Z
180013,THE MEDICAL CENTER (BOWLING GREEN),KY,not-assessed-not-named-in-file,file-access-review,host returned pointer,entries retrieved,unresolved,unresolved,unverified,https://medcenterhealth.org/cms-hpt.txt,,,,,2026-09-09T01:44:06.479Z
181333,THE MEDICAL CENTER AT ALBANY,KY,mrf-blocked-to-automation,file-access-review,host returned pointer,entries retrieved,unresolved,unresolved,unverified,https://medcenterhealth.org/cms-hpt.txt,,,,,2026-09-09T01:44:06.479Z
181318,THE MEDICAL CENTER AT FRANKLIN,KY,mrf-blocked-to-automation,file-access-review,host returned pointer,entries retrieved,unresolved,unresolved,unverified,https://medcenterhealth.org/cms-hpt.txt,,,,,2026-09-09T01:44:06.479Z
180066,The Medical Center at Russellville,KY,pointer-blocked-to-automation,pointer-or-domain-review,HTTP 403,not retrieved,unresolved,unresolved,unverified,,,,,,2026-09-09T01:44:16.650Z
181324,THE MEDICAL CENTER AT SCOTTSVILLE,KY,mrf-blocked-to-automation,file-access-review,host returned pointer,entries retrieved,unresolved,unresolved,unverified,https://medcenterhealth.org/cms-hpt.txt,,,,,2026-09-09T01:44:06.479Z
181321,WAYNE COUNTY HOSPITAL,KY,old-template-version,metadata-or-pointer-review,HTTP 200,not retrieved,unresolved,response received,unverified,,,,,,2026-09-09T01:44:16.713Z
190034,ABBEVILLE GENERAL HOSPITAL,LA,not-assessed-site-unreachable,pointer-or-domain-review,HTTP 200,not retrieved,unresolved,unresolved,unverified,,,,,,2026-09-09T01:44:16.921Z
190044,ACADIA GENERAL HOSPITAL,LA,not-assessed-site-unreachable,pointer-or-domain-review,HTTP request deadline exceeded,not retrieved,unresolved,unresolved,unverified,,,,,,2026-09-09T01:44:16.998Z
190319,ALEXANDRIA HOSPITAL,LA,old-template-version,metadata-or-pointer-review,HTTP 200,not retrieved,unresolved,response received,unverified,,,,,,2026-09-09T01:44:17.155Z
194105,"APOLLO BEHAVIORAL HEALTH HOSPITAL, L L C",LA,not-assessed-site-unreachable,pointer-or-domain-review,HTTP request timeout,not retrieved,unresolved,unresolved,unverified,,,,,,2026-09-09T01:44:17.325Z
194112,BEACON BEHAVIORAL HOSPITAL - CENTRAL,LA,old-template-version,publisher-template-review,host returned pointer,entries retrieved,corroborated,response received,date-within-365-days-older-version,https://beaconbh.com/cms-hpt.txt,https://beaconbh.com/wp-content/uploads/2026/04/853294005-320433074-1184044430_bunkie-hospital_standardcharges_2026.csv,2025-10-01,2.0.0,https://www.beaconbh.com/price-transparency/,2026-09-09T01:48:31.510Z
194080,"BEACON BEHAVIORAL HOSPITAL - NORTHSHORE, LLC",LA,old-template-version,identity-or-format-review,host returned pointer,entries retrieved,unresolved,response received,unverified,https://beaconbh.com/cms-hpt.txt,,,,,2026-09-09T01:44:18.256Z
194084,"BEACON BEHAVIORAL HOSPITAL- NEW ORLEANS, LLC",LA,old-template-version,identity-or-format-review,host returned pointer,entries retrieved,unresolved,response received,unverified,https://beaconbh.com/cms-hpt.txt,,,,,2026-09-09T01:44:18.256Z
194102,"BEACON BEHAVIORAL HOSPITAL, LLC",LA,old-template-version,publisher-template-review,host returned pointer,entries retrieved,corroborated,response received,date-within-365-days-older-version,https://beaconbh.com/cms-hpt.txt,https://beaconbh.com/wp-content/uploads/2026/04/853294019-273463367-1881996940_lutcher-hospital_standardcharges_2026.csv,2025-10-01,2.0.0,https://www.beaconbh.com/price-transparency/,2026-09-09T01:48:31.624Z
190190,"CALDWELL MEMORIAL HOSPITAL, INC",LA,mrf-stale-over-365-days,publisher-date-review,host returned pointer,entries retrieved,corroborated,response received,date-over-365-days,https://mycaldwellmemorial.com/cms-hpt.txt,https://www.mycaldwellmemorial.com/wp-content/uploads/2020/12/720878037_caldwell-memorial-hospital_standardcharges.csv,2024-06-27,2.0.0,https://mycaldwellmemorial.com/faqs,2026-09-09T01:48:31.748Z
190114,CLAIBORNE MEMORIAL MEDICAL CENTER,LA,mrf-blocked-to-automation,identity-or-format-review,host returned pointer,entries retrieved,unresolved,response received,unverified,https://claibornemedical.com/wp-content/uploads/2026/07/cms-hpt.txt,,,,,2026-09-09T01:44:23.130Z
191307,DEQUINCY MEMORIAL HOSPITAL,LA,mrf-url-unreachable,correction-verified,host returned pointer,entries retrieved,corroborated,response received,date-within-365-days-version-3,https://dequincymemorial.com/cms-hpt.txt,https://dequincymemorial.com/36-4911029_DEQUINCY-MEMORIAL-HOSPITAL_standardcharges.csv,2026-05-14,3.0.0,https://dequincymemorial.com,2026-09-09T01:48:31.855Z
194087,FREEDOM BEHAVIORAL HOSPITAL OF MONROE,LA,old-template-version,identity-or-format-review,host returned pointer,entries retrieved,unresolved,response received,unverified,https://freedombehavioral.com/cms-hpt.txt,,,,,2026-09-09T01:44:23.316Z
190160,GLENWOOD REGIONAL MEDICAL CENTER,LA,mrf-stale-over-365-days,publisher-date-review,host returned pointer,entries retrieved,corroborated,response received,date-over-365-days,https://glenwoodregional.org/cms-hpt.txt,https://glenwoodregional.org/pricetransparency/994786140_GlenwoodRegionalMedicalCenter_standardcharges.csv,2025-03-19,2.0.0,https://glenwoodregional.org/price-transparency,2026-09-09T01:48:32.008Z
190054,IBERIA MEDICAL CENTER,LA,pointer-lists-no-mrf-url,pointer-or-domain-review,HTTP 200,not retrieved,unresolved,unresolved,unverified,,,,,,2026-09-09T01:44:23.768Z
192010,INTENSIVE SPECIALTY HOSPITAL,LA,no-cms-hpt-txt-published,pointer-or-domain-review,HTTP 202,not retrieved,unresolved,unresolved,unverified,,,,,,2026-09-09T01:44:23.858Z
190020,LANE REGIONAL MEDICAL CENTER,LA,compliant-date-unverified,identity-or-format-review,host returned pointer,entries retrieved,unresolved,response received,unverified,https://www.lanermc.org/cms-hpt.txt,,,,,2026-09-09T01:44:24.318Z
190167,MERCY REGIONAL MEDICAL CENTER,LA,old-template-version,publisher-template-review,host returned pointer,entries retrieved,corroborated,response received,date-within-365-days-older-version,https://mercyregionalmedical.com/cms-hpt.txt,https://mercyregionalmedical.com/824681222_MERCY-REGIONAL-MEDICAL-CENTER_standardcharges.csv,2026-02-02,2.0.0,https://mercyregionalmedical.com/,2026-09-09T01:48:32.119Z
190007,NATCHITOCHES REGIONAL MEDICAL CENTER,LA,no-cms-hpt-txt-published,pointer-or-domain-review,HTTP 202,not retrieved,unresolved,unresolved,unverified,,,,,,2026-09-09T01:44:23.951Z
191304,NORTH CADDO MEDICAL CENTER,LA,no-cms-hpt-txt-published,pointer-or-domain-review,HTTP 202,not retrieved,unresolved,unresolved,unverified,,,,,,2026-09-09T01:44:23.948Z
194073,OCEANS HOSPITAL OF BROUSSARD,LA,not-assessed-not-named-in-file,identity-or-format-review,host returned pointer,entries retrieved,unresolved,response received,unverified,https://oceanshealthcare.com/cms-hpt.txt,,,,,2026-09-09T01:44:24.181Z
194113,PERIMETER BEHAVIORAL HOSPITAL OF NEW ORLEANS,LA,not-assessed-not-named-in-file,pointer-or-domain-review,HTTP request timeout,not retrieved,unresolved,unresolved,unverified,,,,,,2026-09-09T01:42:06.043Z
190241,PHYSICIANS MEDICAL CENTER,LA,not-assessed-not-named-in-file,file-access-review,host returned pointer,entries retrieved,unresolved,unresolved,unverified,https://www.physicianshouma.com/cms-hpt.txt,,,,,2026-09-09T01:44:25.280Z
194115,REGIONS BEHAVIORAL HOSPITAL,LA,old-template-version,file-access-review,host returned pointer,entries retrieved,unresolved,unresolved,unverified,https://regionsbh.com/cms-hpt.txt,,,,,2026-09-09T01:44:24.346Z
191318,RIVERLAND MEDICAL CENTER,LA,mrf-stale-over-365-days,file-access-review,host returned pointer,entries retrieved,unresolved,unresolved,unverified,https://www.trinitymed.com/cms-hpt.txt,,,,,2026-09-09T01:44:25.093Z
194074,SERENITY SPRINGS SPECIALTY HOSPITAL,LA,mrf-stale-over-365-days,file-access-review,host returned pointer,entries retrieved,unresolved,unresolved,unverified,https://serenityhospital.com/cms-hpt.txt,,,,,2026-09-09T01:44:24.500Z
190300,ST CHARLES SURGICAL HOSPITAL,LA,no-cms-hpt-txt-published,pointer-or-domain-review,HTTP 202,not retrieved,unresolved,unresolved,unverified,,,,,,2026-09-09T01:44:24.609Z
190316,THE GENERAL,LA,not-assessed-not-named-in-file,file-access-review,host returned pointer,entries retrieved,unresolved,unresolved,unverified,https://www.brgeneral.org/cms-hpt.txt,,,,,2026-09-09T01:44:24.849Z
191301,UNION GENERAL HOSPITAL,LA,not-assessed-site-unreachable,pointer-or-domain-review,HTTP request deadline exceeded,not retrieved,unresolved,unresolved,unverified,,,,,,2026-09-09T01:44:34.371Z
220029,ANNA JAQUES HOSPITAL,MA,not-assessed-site-unreachable,pointer-or-domain-review,HTTP request deadline exceeded,not retrieved,unresolved,unresolved,unverified,,,,,,2026-09-09T01:44:34.511Z
221303,ATHOL MEMORIAL HOSPITAL,MA,mrf-stale-over-365-days,file-access-review,host returned pointer,entries retrieved,unresolved,unresolved,unverified,https://www.atholhospital.org/cms-hpt.txt,,,,,2026-09-09T01:44:25.229Z
220108,BETH ISRAEL DEACONESS HOSPITAL - MILTON,MA,not-assessed-site-unreachable,pointer-or-domain-review,HTTP request deadline exceeded,not retrieved,unresolved,unresolved,unverified,,,,,,2026-09-09T01:44:34.774Z
220083,BETH ISRAEL DEACONESS HOSPITAL - NEEDHAM,MA,not-assessed-site-unreachable,pointer-or-domain-review,HTTP request deadline exceeded,not retrieved,unresolved,unresolved,unverified,,,,,,2026-09-09T01:44:34.782Z
220086,BETH ISRAEL DEACONESS MEDICAL CENTER,MA,not-assessed-site-unreachable,pointer-or-domain-review,HTTP request deadline exceeded,not retrieved,unresolved,unresolved,unverified,,,,,,2026-09-09T01:44:34.811Z
220073,BROWN UNIVERSITY HEALTH MORTON HOSPITAL,MA,not-assessed-not-named-in-file,file-access-review,host returned pointer,entries retrieved,unresolved,unresolved,unverified,https://www.brownhealth.org/sites/default/files/2026-05/cms-hpt17.txt,,,,,2026-09-09T01:44:25.222Z
220017,CARNEY HOSPITAL,MA,not-assessed-site-unreachable,pointer-or-domain-review,HTTP getaddrinfo ENOTFOUND carneyhospital.org,not retrieved,unresolved,unresolved,unverified,,,,,,2026-09-09T01:44:24.945Z
223300,FRANCISCAN CHILDREN'S HOSPITAL & REHAB CENTER,MA,not-assessed-site-unreachable,pointer-or-domain-review,"HTTP unable to verify the first certificate; if the root CA is installed locally, try running Node.js with --use-system-ca",not retrieved,unresolved,unresolved,unverified,,,,,,2026-09-09T01:44:25.171Z
220111,GOOD SAMARITAN MEDICAL CENTER,MA,not-assessed-not-named-in-file,file-access-review,host returned pointer,entries retrieved,unresolved,unresolved,unverified,https://www.bmchealthsystem.org/cms-hpt.txt,,,,,2026-09-09T01:44:25.314Z
220095,HEYWOOD HOSPITAL -,MA,mrf-stale-over-365-days,publisher-date-review,host returned pointer,entries retrieved,corroborated,response received,date-over-365-days,https://www.atholhospital.org/cms-hpt.txt,https://mrfs.hyvehealthcare.com/HeywoodHealthcare/042103581_heywood-hospital_standardcharges.json,2025-04-16,2.2.0,https://mrfs.hyvehealthcare.com/HeywoodHealthcare/,2026-09-09T01:48:38.396Z
220080,HOLY FAMILY HOSPITAL,MA,no-cms-hpt-txt-published,pointer-or-domain-review,HTTP 200,not retrieved,unresolved,unresolved,unverified,,,,,,2026-09-09T01:44:25.332Z
224007,MCLEAN HOSPITAL CORPORATION,MA,mrf-url-unreachable,pointer-or-domain-review,HTTP 200,not retrieved,unresolved,unresolved,unverified,,,,,,2026-09-09T01:44:25.377Z
220098,NASHOBA VALLEY MEDICAL CENTER,MA,not-assessed-site-unreachable,pointer-or-domain-review,"HTTP unable to verify the first certificate; if the root CA is installed locally, try running Node.js with --use-system-ca",not retrieved,unresolved,unresolved,unverified,,,,,,2026-09-09T01:44:25.349Z
220088,NEW ENGLAND BAPTIST HOSPITAL,MA,not-assessed-site-unreachable,pointer-or-domain-review,HTTP getaddrinfo EAI_AGAIN onlinepatientestimation.com,not retrieved,unresolved,unresolved,unverified,,,,,,2026-09-09T01:44:35.318Z
220035,NORTH SHORE MEDICAL CENTER -,MA,not-assessed-not-named-in-file,identity-or-format-review,host returned pointer,entries retrieved,unresolved,response received,unverified,https://northshoremc.org/cms-hpt.txt,,,,,2026-09-09T01:43:29.672Z
220033,NORTHEAST HOSPITAL CORPORATION,MA,not-assessed-site-unreachable,pointer-or-domain-review,HTTP request deadline exceeded,not retrieved,unresolved,unresolved,unverified,,,,,,2026-09-09T01:44:35.475Z
220100,SOUTH SHORE HOSPITAL,MA,pointer-blocked-to-automation,correction-verified,host returned pointer,entries retrieved,corroborated,response received,date-within-365-days-version-3,https://www.southshorehealth.org/cms-hpt.txt,https://zencloud-southshorehealth.s3.us-east-1.amazonaws.com/www.southshorehealth.org/assets/2026-03/042769210_south-shore-hospital_standardcharges.json,2026-04-01,3.0.0,https://www.southshorehealth.org/patient-resources/billing-insurance/pricing-information,2026-09-09T01:48:43.474Z
210005,FREDERICK HEALTH HOSPITAL,MD,mrf-stale-over-365-days,publisher-date-review,host returned pointer,entries retrieved,corroborated,response received,date-over-365-days,https://www.frederickhealth.org/cms-hpt.txt,https://www.frederickhealth.org/documents/billing%20and%20finance/52-0591612_FrederickHealthHospital_standardcharges.csv,2025-03-17,2.0.0,https://www.frederickhealth.org/about/billing-financial-assistance/,2026-09-09T01:48:52.538Z
210065,HOLY CROSS GERMANTOWN HOSPITAL,MD,pointer-lists-no-mrf-url,metadata-or-pointer-review,HTTP 200,not retrieved,unresolved,response received,unverified,,,,,,2026-09-09T01:42:43.380Z
210004,HOLY CROSS HOSPITAL,MD,not-assessed-not-named-in-file,identity-or-format-review,HTTP 200,not retrieved,unresolved,response received,unverified,,,,,,2026-09-09T01:42:43.380Z
210029,JOHNS HOPKINS BAYVIEW MEDICAL CENTER,MD,mrf-stale-over-365-days,metadata-or-pointer-review,HTTP 403,not retrieved,unresolved,response received,unverified,,,,,,2026-09-09T01:43:17.929Z
210009,"JOHNS HOPKINS HOSPITAL, THE",MD,mrf-stale-over-365-days,metadata-or-pointer-review,HTTP 403,not retrieved,unresolved,response received,unverified,,,,,,2026-09-09T01:43:17.929Z
210048,JOHNS HOPKINS HOWARD COUNTY MEDICAL CENTER,MD,mrf-stale-over-365-days,metadata-or-pointer-review,HTTP 403,not retrieved,unresolved,response received,unverified,,,,,,2026-09-09T01:43:17.929Z
213301,KENNEDY KRIEGER INSTITUTE,MD,mrf-stale-over-365-days,correction-verified,host returned pointer,entries retrieved,corroborated,response received,date-within-365-days-version-3,https://www.kennedykrieger.org/cms-hpt.txt,https://www.kennedykrieger.org/sites/default/files/library/documents/about-us/Financial%20Docs/520607971-1619075926_kennedy-krieger-institute_standardcharges.csv.csv,2026-08-27,3.0.0,https://www.kennedykrieger.org/patient-care/preparing-for-your-appointment-admission/make-an-appointment/hospital-charges,2026-09-09T01:48:52.917Z
210023,"LUMINIS HEALTH ANNE ARUNDEL MEDICAL CENTER, INC",MD,old-template-version,publisher-template-review,host returned pointer,entries retrieved,corroborated,response received,date-within-365-days-older-version,https://www.luminishealth.org/sites/default/files/2026-01/cms-hpt.txt,https://www.luminishealth.org/sites/default/files/2026-01/1477517225_annearundelmedicalcenter_standardcharges.csv,2026-01-15,2.0.0,https://www.luminishealth.org/en/price-transparency,2026-09-09T01:48:53.084Z
210051,"LUMINIS HEALTH DOCTORS COMMUNITY MEDICAL CTR, INC",MD,old-template-version,publisher-template-review,host returned pointer,entries retrieved,corroborated,response received,date-within-365-days-older-version,https://www.luminishealth.org/sites/default/files/2026-01/cms-hpt.txt,https://www.luminishealth.org/sites/default/files/2026-01/1730136532_doctorscommunitymedicalcenter_standardcharges.csv,2026-01-15,2.0.0,https://www.luminishealth.org/en/price-transparency,2026-09-09T01:48:53.124Z
214020,LUMINIS HEALTH J KENT MCNEW FAMILY MEDICAL CENTER,MD,old-template-version,publisher-template-review,host returned pointer,entries retrieved,corroborated,response received,date-within-365-days-older-version,https://www.luminishealth.org/sites/default/files/2026-01/cms-hpt.txt,https://www.luminishealth.org/sites/default/files/2026-01/1780236992_jkentmcnewfamilymedicalcenter_standardcharges.csv,2026-01-15,2.0.0,https://www.luminishealth.org/en/price-transparency,2026-09-09T01:48:53.129Z
213300,MOUNT WASHINGTON PEDIATRIC HOSPITAL,MD,pointer-blocked-to-automation,pointer-or-domain-review,HTTP 403,not retrieved,unresolved,unresolved,unverified,,,,,,2026-09-09T01:44:29.482Z
210022,SUBURBAN HOSPITAL,MD,mrf-stale-over-365-days,metadata-or-pointer-review,HTTP 403,not retrieved,unresolved,response received,unverified,,,,,,2026-09-09T01:43:17.929Z
210058,UMD REHABILITATION &  ORTHOPAEDIC INSTITUTE,MD,pointer-blocked-to-automation,pointer-or-domain-review,HTTP 403,not retrieved,unresolved,unresolved,unverified,,,,,,2026-09-09T01:44:29.578Z
210049,UMD UPPER CHESAPEAKE MEDICAL CENTER,MD,pointer-blocked-to-automation,pointer-or-domain-review,HTTP 403,not retrieved,unresolved,unresolved,unverified,,,,,,2026-09-09T01:44:29.578Z
210002,UNIVERSITY OF MARYLAND MEDICAL CENTER,MD,pointer-blocked-to-automation,pointer-or-domain-review,HTTP 403,not retrieved,unresolved,unresolved,unverified,,,,,,2026-09-09T01:44:29.578Z
210043,UNIVERSITY OF MD BALTIMORE WASHINGTON MEDICAL CENTER,MD,pointer-blocked-to-automation,pointer-or-domain-review,HTTP 403,not retrieved,unresolved,unresolved,unverified,,,,,,2026-09-09T01:44:29.578Z
210003,UNIVERSITY OF MD CAPITAL REGION MEDICAL CENTER,MD,pointer-blocked-to-automation,pointer-or-domain-review,HTTP 403,not retrieved,unresolved,unresolved,unverified,,,,,,2026-09-09T01:44:29.578Z
210035,UNIVERSITY OF MD CHARLES REGIONAL  MEDICAL CENTER,MD,pointer-blocked-to-automation,pointer-or-domain-review,HTTP 403,not retrieved,unresolved,unresolved,unverified,,,,,,2026-09-09T01:44:29.578Z
210038,UNIVERSITY OF MD MEDICAL CENTER MIDTOWN CAMPUS,MD,pointer-blocked-to-automation,pointer-or-domain-review,HTTP 403,not retrieved,unresolved,unresolved,unverified,,,,,,2026-09-09T01:44:29.578Z
210037,UNIVERSITY OF MD SHORE MEDICAL CENTER AT EASTON,MD,pointer-blocked-to-automation,pointer-or-domain-review,HTTP 403,not retrieved,unresolved,unresolved,unverified,,,,,,2026-09-09T01:44:29.578Z
210030,UNIVERSITY OF MD SHORE MEDICAL CTR AT CHESTERTOWN,MD,pointer-blocked-to-automation,pointer-or-domain-review,HTTP 403,not retrieved,unresolved,unresolved,unverified,,,,,,2026-09-09T01:44:29.578Z
210063,UNIVERSITY OF MD ST JOSEPH MEDICAL CENTER,MD,pointer-blocked-to-automation,pointer-or-domain-review,HTTP 403,not retrieved,unresolved,unresolved,unverified,,,,,,2026-09-09T01:44:29.578Z
201305,CALAIS COMMUNITY HOSPITAL,ME,compliant-date-unverified,identity-or-format-review,HTTP 200,not retrieved,unresolved,response received,unverified,,,,,,2026-09-09T01:44:29.718Z
204005,MAINEHEALTH BEHAVIORAL HEALTH AT SPRING HARBOR,ME,not-assessed-not-named-in-file,identity-or-format-review,host returned pointer,entries retrieved,unresolved,response received,unverified,https://www.mainehealth.org/cms-hpt.txt,,,,,2026-09-09T01:44:29.812Z
200020,YORK HOSPITAL,ME,compliant-date-unverified,correction-verified,host returned pointer,entries retrieved,corroborated,response received,date-within-365-days-version-3,https://www.yorkhospital.com/cms-hpt.txt,https://www.yorkhospital.com/download_file/view/b51e4a30-f2e2-4e69-a7d1-2ec25eeaa1d7/286,2026-07-04,3.0.0,https://www.yorkhospital.com/patients-and-visitors/patient-price-list,2026-09-09T01:48:55.074Z
231315,ASCENSION BORGESS LEE HOSPITAL,MI,not-assessed-not-named-in-file,identity-or-format-review,host returned pointer,entries retrieved,unresolved,response received,unverified,https://healthcare.ascension.org/-/media/Healthcare/cms-hpt.txt,,,,,2026-09-09T01:43:44.066Z
230197,ASCENSION GENESYS HOSPITAL,MI,not-assessed-not-named-in-file,identity-or-format-review,host returned pointer,entries retrieved,unresolved,response received,unverified,https://healthcare.ascension.org/-/media/Healthcare/cms-hpt.txt,,,,,2026-09-09T01:43:44.066Z
230019,"ASCENSION PROVIDENCE HOSPITAL, SOUTHFIELD AND NOVI",MI,not-assessed-not-named-in-file,identity-or-format-review,host returned pointer,entries retrieved,unresolved,response received,unverified,https://healthcare.ascension.org/-/media/Healthcare/cms-hpt.txt,,,,,2026-09-09T01:43:44.066Z
230254,ASCENSION PROVIDENCE ROCHESTER HOSPITAL,MI,not-assessed-not-named-in-file,identity-or-format-review,host returned pointer,entries retrieved,unresolved,response received,unverified,https://healthcare.ascension.org/-/media/Healthcare/cms-hpt.txt,,,,,2026-09-09T01:43:44.066Z
230241,ASCENSION RIVER DISTRICT HOSPITAL,MI,not-assessed-not-named-in-file,identity-or-format-review,host returned pointer,entries retrieved,unresolved,response received,unverified,https://healthcare.ascension.org/-/media/Healthcare/cms-hpt.txt,,,,,2026-09-09T01:43:44.066Z
231318,"ASPIRUS IRON RIVER HOSPITAL & CLINICS, INC",MI,mrf-stale-over-365-days,publisher-date-review,host returned pointer,entries retrieved,corroborated,response received,date-over-365-days,https://www.aspirus.org/cms-hpt.txt,https://www.aspirus.org/Uploads/Public/Documents/PriceEstimate/TransparencyFY26/383236977_aspirus-iron-river-hospital_standardcharges.json,2025-07-01,2.2.0,https://www.aspirus.org/price-estimate,2026-09-09T01:48:55.968Z
231333,ASPIRUS IRONWOOD HOSPITAL,MI,mrf-stale-over-365-days,identity-or-format-review,host returned pointer,entries retrieved,unresolved,response received,unverified,https://www.aspirus.org/cms-hpt.txt,,,,,2026-09-09T01:44:29.866Z
231319,ASPIRUS KEWEENAW HOSPITAL AND CLINICS,MI,mrf-stale-over-365-days,identity-or-format-review,host returned pointer,entries retrieved,unresolved,response received,unverified,https://www.aspirus.org/cms-hpt.txt,,,,,2026-09-09T01:44:29.866Z
230020,BEAUMONT HOSPITAL - DEARBORN,MI,not-assessed-not-named-in-file,identity-or-format-review,host returned pointer,entries retrieved,unresolved,response received,unverified,https://corewellhealth.org/cms-hpt.txt,,,,,2026-09-09T01:44:29.861Z
230151,BEAUMONT HOSPITAL - FARMINGTON HILLS,MI,pointer-lists-no-mrf-url,identity-or-format-review,host returned pointer,entries retrieved,unresolved,response received,unverified,https://corewellhealth.org/cms-hpt.txt,,,,,2026-09-09T01:44:29.861Z
230089,BEAUMONT HOSPITAL - GROSSE POINTE,MI,not-assessed-not-named-in-file,identity-or-format-review,host returned pointer,entries retrieved,unresolved,response received,unverified,https://corewellhealth.org/cms-hpt.txt,,,,,2026-09-09T01:44:29.861Z
230270,BEAUMONT HOSPITAL - TAYLOR,MI,not-assessed-not-named-in-file,identity-or-format-review,host returned pointer,entries retrieved,unresolved,response received,unverified,https://corewellhealth.org/cms-hpt.txt,,,,,2026-09-09T01:44:29.861Z
230269,"BEAUMONT HOSPITAL, TROY",MI,not-assessed-not-named-in-file,identity-or-format-review,host returned pointer,entries retrieved,unresolved,response received,unverified,https://corewellhealth.org/cms-hpt.txt,,,,,2026-09-09T01:44:29.861Z
230117,BORGESS MEDICAL CENTER,MI,not-assessed-not-named-in-file,identity-or-format-review,host returned pointer,entries retrieved,unresolved,response received,unverified,https://healthcare.ascension.org/-/media/Healthcare/cms-hpt.txt,,,,,2026-09-09T01:43:44.066Z
231339,COREWELL HEALTH PENNOCK HOSPITAL,MI,mrf-url-unreachable,file-access-review,host returned pointer,entries retrieved,unresolved,unresolved,unverified,https://corewellhealth.org/cms-hpt.txt,,,,,2026-09-09T01:44:29.905Z
231311,DECKERVILLE COMMUNITY HOSPITAL,MI,mrf-stale-over-365-days,publisher-date-review,host returned pointer,entries retrieved,corroborated,response received,date-over-365-days,https://aspirerhs.org/cms-hpt.txt,https://aspirerhs.org/wp-content/uploads/2024/07/381415390_deckerville-community-hospital_standardcharges.csv,2025-01-15,2.0.0,https://aspirerhs.org/billing/,2026-09-09T01:48:56.433Z
230055,DICKINSON COUNTY MEMORIAL HOSPITAL,MI,not-assessed-not-named-in-file,identity-or-format-review,host returned pointer,entries retrieved,unresolved,response received,unverified,https://www.marshfieldclinic.org/cms-hpt.txt,,,,,2026-09-09T01:44:31.198Z
230230,EDWARD W SPARROW HOSPITAL,MI,not-assessed-not-named-in-file,identity-or-format-review,host returned pointer,entries retrieved,unresolved,response received,unverified,https://www.uofmhealthsparrow.org/cms-hpt.txt,,,,,2026-09-09T01:44:30.326Z
230275,HEALTHSOURCE SAGINAW,MI,old-template-version,publisher-template-review,host returned pointer,entries retrieved,corroborated,response received,date-within-365-days-older-version,https://healthsourcesaginaw.org/cms-hpt.txt,https://www.healthsourcesaginaw.org/wp-content/uploads/2026/01/386004889_healthsource-saginaw_standardcharges.csv,2026-01-06,2.0.0,https://www.healthsourcesaginaw.org,2026-09-09T01:48:56.903Z
231316,HILLS & DALES GENERAL HOSPITAL,MI,mrf-stale-over-365-days,publisher-date-review,host returned pointer,entries retrieved,corroborated,response received,date-over-365-days,https://aspirerhs.org/cms-hpt.txt,https://aspirerhs.org/wp-content/uploads/2024/07/381619577_hills-and-dales-general-hospital_standardcharges.csv,2025-01-01,2.0.0,https://aspirerhs.org/billing/,2026-09-09T01:48:57.003Z
231330,MARLETTE REGIONAL HOSPITAL,MI,mrf-stale-over-365-days,publisher-date-review,host returned pointer,entries retrieved,corroborated,response received,date-over-365-days,https://aspirerhs.org/cms-hpt.txt,https://aspirerhs.org/wp-content/uploads/2024/07/381507302_marlette-regional-hospital_standardcharges.csv,2025-01-25,2.0.0,https://aspirerhs.org/billing/,2026-09-09T01:48:57.012Z
231314,MCKENZIE HEALTH SYSTEM,MI,mrf-stale-over-365-days,publisher-date-review,host returned pointer,entries retrieved,corroborated,response received,date-over-365-days,https://www.mckenziehealth.org/cms-hpt.txt,https://www.mckenziehealth.org/documents/content/standard%20charges/381738615_McKenzie-Memorial-Hospital_standardcharges.csv,2025-05-31,2.0.0,https://www.mckenziehealth.org/patients-visitors/billing-insurance/,2026-09-09T01:48:57.052Z
231308,MUNISING MEMORIAL HOSPITAL,MI,compliant-date-unverified,identity-or-format-review,host returned pointer,entries retrieved,unresolved,response received,unverified,https://munisingmemorial.org/cms-hpt.txt,,,,,2026-09-09T01:44:30.207Z
230077,MYMICHIGAN MEDICAL CENTER SAGINAW,MI,not-assessed-not-named-in-file,identity-or-format-review,host returned pointer,entries retrieved,unresolved,response received,unverified,https://healthcare.ascension.org/-/media/Healthcare/cms-hpt.txt,,,,,2026-09-09T01:43:44.066Z
230217,OAKLAWN HOSPITAL,MI,mrf-url-unreachable,file-access-review,host returned pointer,entries retrieved,unresolved,unresolved,unverified,https://oaklawnhospital.org/cms-hpt.txt,,,,,2026-09-09T01:44:30.569Z
234048,PONTIAC GENERAL HOSPITAL,MI,compliant-date-unverified,file-access-review,host returned pointer,entries retrieved,unresolved,unresolved,unverified,https://pontiacgeneral.com/cms-hpt.txt,,,,,2026-09-09T01:44:30.502Z
231305,SAINT MARY'S STANDISH COMMUNITY HOSPITAL,MI,not-assessed-not-named-in-file,identity-or-format-review,host returned pointer,entries retrieved,unresolved,response received,unverified,https://healthcare.ascension.org/-/media/Healthcare/cms-hpt.txt,,,,,2026-09-09T01:43:44.066Z
231331,SPARROW IONIA HOSPITAL,MI,not-assessed-not-named-in-file,identity-or-format-review,host returned pointer,entries retrieved,unresolved,response received,unverified,https://www.uofmhealthsparrow.org/cms-hpt.txt,,,,,2026-09-09T01:44:30.326Z
230038,SPECTRUM HEALTH,MI,not-assessed-not-named-in-file,identity-or-format-review,host returned pointer,entries retrieved,unresolved,response received,unverified,https://corewellhealth.org/cms-hpt.txt,,,,,2026-09-09T01:44:29.905Z
230035,SPECTRUM HEALTH UNITED HOSPITAL,MI,not-assessed-not-named-in-file,identity-or-format-review,host returned pointer,entries retrieved,unresolved,response received,unverified,https://corewellhealth.org/cms-hpt.txt,,,,,2026-09-09T01:44:29.905Z
230002,ST JOE MERCY HOSPITAL SYSTEM LIVONIA,MI,not-assessed-not-named-in-file,identity-or-format-review,host returned pointer,entries retrieved,unresolved,response received,unverified,https://www.trinityhealthmichigan.org/sites/default/files/cms-hpt.txt,,,,,2026-09-09T01:44:30.580Z
230100,TAWAS ST JOSEPH HOSPITAL,MI,not-assessed-not-named-in-file,identity-or-format-review,host returned pointer,entries retrieved,unresolved,response received,unverified,https://healthcare.ascension.org/-/media/Healthcare/cms-hpt.txt,,,,,2026-09-09T01:43:44.066Z
231327,UNIVERSITY OF MICHIGAN HEALTH - SPARROW EATON,MI,not-assessed-not-named-in-file,identity-or-format-review,host returned pointer,entries retrieved,unresolved,response received,unverified,https://www.uofmhealthsparrow.org/cms-hpt.txt,,,,,2026-09-09T01:44:30.326Z
231326,UNIVERSITY OF MICHIGAN HEALTH- SPARROW CLINTON,MI,not-assessed-not-named-in-file,identity-or-format-review,host returned pointer,entries retrieved,unresolved,response received,unverified,https://www.uofmhealthsparrow.org/cms-hpt.txt,,,,,2026-09-09T01:44:30.326Z
230208,UNIVERSITY OF MICHIGAN HEALTH-SPARROW CARSON,MI,not-assessed-not-named-in-file,identity-or-format-review,host returned pointer,entries retrieved,unresolved,response received,unverified,https://www.uofmhealthsparrow.org/cms-hpt.txt,,,,,2026-09-09T01:44:30.326Z
230146,WYANDOTTE HOSPITAL AND MEDICAL CENTER,MI,not-assessed-not-named-in-file,identity-or-format-review,host returned pointer,entries retrieved,unresolved,response received,unverified,https://www.henryford.com/cms-hpt.txt,,,,,2026-09-09T01:44:31.929Z
241308,ASPIRUS LAKE VIEW HOSPITAL,MN,mrf-stale-over-365-days,publisher-date-review,host returned pointer,entries retrieved,corroborated,response received,date-over-365-days,https://www.aspirus.org/cms-hpt.txt,https://www.aspirus.org/Uploads/Public/Documents/PriceEstimate/TransparencyFY26/410786046_aspirus-lake-view-hospital_standardcharges.json,2025-07-01,2.2.0,https://www.aspirus.org/price-estimate,2026-09-09T01:49:08.320Z
241343,AVERA GRANITE FALLS,MN,old-template-version,pointer-or-domain-review,HTTP 403,not retrieved,unresolved,unresolved,unverified,,,,,,2026-09-09T01:43:39.479Z
241359,AVERA MARSHALL REGIONAL MEDICAL CTR,MN,old-template-version,pointer-or-domain-review,HTTP 403,not retrieved,unresolved,unresolved,unverified,,,,,,2026-09-09T01:43:39.479Z
241348,AVERA TYLER HOSPITAL,MN,old-template-version,pointer-or-domain-review,HTTP 403,not retrieved,unresolved,unresolved,unverified,,,,,,2026-09-09T01:43:39.479Z
241316,BIGFORK VALLEY HOSPITAL,MN,mrf-stale-over-365-days,identity-or-format-review,host returned pointer,entries retrieved,unresolved,response received,unverified,https://bigforkvalley.org/cms-hpt.txt,,,,,2026-09-09T01:44:30.889Z
244015,COMMUNITY BEHAVIORAL HEALTH HOSPITAL - BAXTER,MN,not-assessed-not-named-in-file,pointer-or-domain-review,HTTP 403,not retrieved,unresolved,unresolved,unverified,,,,,,2026-09-09T01:44:04.573Z
241350,ESSENTIA HEALTH MOOSE LAKE,MN,old-template-version,identity-or-format-review,host returned pointer,entries retrieved,unresolved,response received,unverified,https://www.essentiahealth.org/cms-hpt.txt,,,,,2026-09-09T01:44:31.011Z
241301,LAKEWOOD HEALTH CENTER,MN,not-assessed-site-unreachable,pointer-or-domain-review,HTTP getaddrinfo EAI_AGAIN lakewoodhealthcenter.org,not retrieved,unresolved,unresolved,unverified,,,,,,2026-09-09T01:44:31.365Z
241319,MURRAY COUNTY MEMORIAL HOSPITAL,MN,not-assessed-not-named-in-file,identity-or-format-review,host returned pointer,entries retrieved,unresolved,response received,unverified,https://pushmatahahospital.com/cms-hpt.txt,,,,,2026-09-09T01:44:31.826Z
240053,PARK NICOLLET METHODIST HOSPITAL,MN,not-assessed-not-named-in-file,identity-or-format-review,host returned pointer,entries retrieved,unresolved,response received,unverified,https://www.healthpartners.com/cms-hpt.txt,,,,,2026-09-09T01:44:33.315Z
241374,PIPESTONE COUNTY  MEDICAL CENTER,MN,old-template-version,pointer-or-domain-review,HTTP 403,not retrieved,unresolved,unresolved,unverified,,,,,,2026-09-09T01:43:39.479Z
241320,RIVERVIEW HOSPITAL,MN,mrf-url-unreachable,pointer-or-domain-review,HTTP 200,not retrieved,unresolved,unresolved,unverified,,,,,,2026-09-09T01:44:43.494Z
241377,ST FRANCIS MEDICAL CENTER,MN,mrf-url-unreachable,pointer-or-domain-review,HTTP 200,not retrieved,unresolved,unresolved,unverified,,,,,,2026-09-09T01:44:43.339Z
240047,ST LUKES HOSPITAL,MN,mrf-stale-over-365-days,publisher-date-review,host returned pointer,entries retrieved,corroborated,response received,date-over-365-days,https://www.aspirus.org/cms-hpt.txt,https://www.aspirus.org/Uploads/Public/Documents/PriceEstimate/TransparencyFY26/410714079_aspirus-st-lukes-hospital_standardcharges.json,2025-07-01,2.2.0,https://www.aspirus.org/price-estimate,2026-09-09T01:49:09.093Z
261332,CARROLL COUNTY MEMORIAL HOSPITAL,MO,mrf-stale-over-365-days,identity-or-format-review,host returned pointer,entries retrieved,unresolved,response received,unverified,https://www.carrollcountyhospital.org/cms-hpt.txt,,,,,2026-09-09T01:44:33.669Z
261303,COMMUNITY HOSPITAL ASSOCIATION,MO,mrf-url-unreachable,file-access-review,host returned pointer,entries retrieved,unresolved,unresolved,unverified,https://fairfaxmed.com/cms-hpt.txt,,,,,2026-09-09T01:44:33.420Z
260137,FREEMAN HEALTH SYSTEM - FREEMAN WEST,MO,mrf-stale-over-365-days,pointer-or-domain-review,HTTP 200,not retrieved,unresolved,unresolved,unverified,,,,,,2026-09-09T01:44:43.434Z
261331,FREEMAN NEOSHO HOSPITAL,MO,mrf-stale-over-365-days,pointer-or-domain-review,HTTP 200,not retrieved,unresolved,unresolved,unverified,,,,,,2026-09-09T01:44:43.434Z
260175,GOLDEN VALLEY MEMORIAL HOSPITAL,MO,no-cms-hpt-txt-published,pointer-or-domain-review,HTTP 200,not retrieved,unresolved,unresolved,unverified,,,,,,2026-09-09T01:44:43.324Z
260025,HANNIBAL REGIONAL HOSPITAL,MO,mrf-url-unreachable,pointer-or-domain-review,HTTP 200,not retrieved,unresolved,unresolved,unverified,,,,,,2026-09-09T01:44:43.431Z
261302,MADISON MEDICAL CENTER,MO,mrf-stale-over-365-days,metadata-or-pointer-review,HTTP 200,not retrieved,unresolved,response received,unverified,,,,,,2026-09-09T01:44:43.689Z
260110,MERCY HOSPITAL SOUTHEAST,MO,not-assessed-not-named-in-file,pointer-or-domain-review,HTTP 200,not retrieved,unresolved,unresolved,unverified,,,,,,2026-09-09T01:43:53.994Z
260061,NEVADA REGIONAL MEDICAL CENTER,MO,mrf-stale-over-365-days,publisher-date-review,host returned pointer,entries retrieved,corroborated,response received,date-over-365-days,https://irp.cdn-website.com/5b92682e/files/uploaded/cms-hpt-4ab8d9db.txt,https://www.nrmchealth.com/pricing-transparency-mrf-url,2025-01-14,2.0.0,https://www.nrmchealth.com/pricing-transparency,2026-09-09T01:49:09.630Z
261307,PERSHING MEMORIAL HOSPITAL,MO,mrf-stale-over-365-days,publisher-date-review,host returned pointer,entries retrieved,corroborated,response received,date-over-365-days,https://phsmo.org/cms-hpt.txt,https://hospitalpricetransparencyfiles.com/general-john-j-pershing-memorial-hospital-association/430715842_General-John-J-Pershing-Memorial-Hospital-Association_standardcharges.csv,2025-06-13,3.0.0,https://www.ezcost.info/pershing-memorial-hospital,2026-09-09T01:49:09.772Z
260017,PHELPS COUNTY REGIONAL MEDICAL CENTER,MO,not-assessed-site-unreachable,pointer-or-domain-review,HTTP Hostname/IP does not match certificate's altnames: Host: cdmpricing.com. is not in the cert's altnames: DNS:*.azureedge.net,not retrieved,unresolved,unresolved,unverified,,,,,,2026-09-09T01:44:46.581Z
261305,PUTNAM COUNTY MEMORIAL HOSPITAL,MO,not-assessed-site-unreachable,identity-or-format-review,HTTP 200,not retrieved,unresolved,response received,unverified,,,,,,2026-09-09T01:44:47.111Z
260097,WESTERN MISSOURI MEDICAL CENTER,MO,mrf-stale-over-365-days,publisher-date-review,host returned pointer,entries retrieved,corroborated,response received,date-over-365-days,https://wmmc.com/cms-hpt.txt,https://wmmc.com/wp-content/uploads/2024/11/440665266_western-missouri-medical-center_standardcharges.csv,2024-12-01,2.2.0,https://wmmc.com/price-transparency/,2026-09-09T01:49:09.923Z
660001,COMMONWEALTH HEALTH CENTER,MP,not-assessed-site-unreachable,pointer-or-domain-review,"HTTP Hostname/IP does not match certificate's altnames: Host: chcc.health. is not in the cert's altnames: DNS:*.chcc.health, DNS:cpn-primary.chcc.health, DNS:cvapp.chcc.health, DNS:cvdb.chcc.health, DNS:ehdp.chcc.health, DNS:lf-app.chcc.health, DNS:lf-prod.chcc.health, DNS:pacs.chcc.health, DNS:pos-prod.chcc.health, DNS:pos-prod-jobs.chcc.health, DNS:pos-prod-services.chcc.health, DNS:pos-training.chcc.health, DNS:pos-training-jobs.chcc.health, DNS:pos-training-services.chcc.health, DNS:pos-trainingrpt.chcc.health, DNS:rcmapp.chcc.health, DNS:rcmdb.chcc.health, DNS:rcmweb.chcc.health, DNS:remote.chcc.health, DNS:vita.chcc.health, DNS:web.chcc.health, DNS:webiz.chcc.health, DNS:pos-prod-rpt.chcc.health, DNS:pos-prod-reports.chcc.health, DNS:ehr.chcc.health, DNS:websso.chcc.health",not retrieved,unresolved,unresolved,unverified,,,,,,2026-09-09T01:44:47.021Z
250093,BOLIVAR MEDICAL CENTER,MS,not-assessed-site-unreachable,pointer-or-domain-review,HTTP 406,not retrieved,unresolved,unresolved,unverified,,,,,,2026-09-09T01:44:47.182Z
251334,CHOCTAW REGIONAL MEDICAL CENTER,MS,no-cms-hpt-txt-published,identity-or-format-review,HTTP 200,not retrieved,unresolved,response received,unverified,,,,,,2026-09-09T01:44:48.837Z
251320,CLAIBORNE COUNTY HOSPITAL,MS,compliant-date-unverified,correction-verified,host returned pointer,entries retrieved,corroborated,response received,date-within-365-days-version-3,https://www.ccmcms.org/cms-hpt.txt,https://www.ccmcms.us/docs/844_BILLINGITEMSLIST_CsvWidev3.0.0_20260521154214.csv,2026-05-21,3.0.0,https://www.ccmcms.org/getpage.php?name=Price_Transparency,2026-09-09T01:49:10.066Z
251325,COVINGTON COUNTY HOSPITAL CAH,MS,pointer-blocked-to-automation,pointer-or-domain-review,HTTP 200,not retrieved,unresolved,unresolved,unverified,,,,,,2026-09-09T01:44:47.654Z
250036,GEORGE REGIONAL HEALTH SYSTEM,MS,no-cms-hpt-txt-published,pointer-or-domain-review,HTTP 202,not retrieved,unresolved,unresolved,unverified,,,,,,2026-09-09T01:44:48.116Z
250099,GREENWOOD LEFLORE HOSPITAL,MS,not-assessed-not-named-in-file,identity-or-format-review,host returned pointer,entries retrieved,unresolved,response received,unverified,https://umc.edu/cms-hpt.txt,,,,,2026-09-09T01:44:48.101Z
250172,HIGHLAND HILLS MEDICAL CENTER,MS,not-assessed-not-named-in-file,identity-or-format-review,host returned pointer,entries retrieved,unresolved,response received,unverified,https://www.deltahealthsystem.org/cms-hpt.txt,,,,,2026-09-09T01:44:48.866Z
250124,MAGEE GENERAL HOSPITAL,MS,mrf-stale-over-365-days,publisher-date-review,host returned pointer,entries retrieved,corroborated,response received,date-over-365-days,https://mghosp.org/cms-hpt.txt,https://mghosp.org/wp-content/uploads/2025/01/640324402_magee-benevolent-association_standardcharges.csv,2024-12-26,2.0.0,https://mghosp.org/price-transparency/,2026-09-09T01:49:10.398Z
250007,Memorial Hospital Biloxi,MS,compliant-date-unverified,file-access-review,host returned pointer,entries retrieved,unresolved,unresolved,unverified,https://wearememorial.com/cms-hpt.txt,,,,,2026-09-09T01:44:48.277Z
250038,MERIT HEALTH MADISON,MS,not-assessed-not-named-in-file,identity-or-format-review,host returned pointer,entries retrieved,unresolved,response received,unverified,https://umc.edu/cms-hpt.txt,,,,,2026-09-09T01:44:48.101Z
254010,MS STATE HOSPITAL-WHITFIELD,MS,not-assessed-site-unreachable,pointer-or-domain-review,"HTTP Hostname/IP does not match certificate's altnames: Host: msh.state.ms.us. is not in the cert's altnames: DNS:www.ms.gov, DNS:www.gcsd.ms.gov, DNS:www.mississippi.gov, DNS:mississippi.gov, DNS:www.dps.state.ms.us, DNS:www.transparency.mississippi.gov, DNS:www.msbmt.ms.gov, DNS:www.firstcircuitcourt.ms.gov, DNS:www.msbrpg.ms.gov, DNS:www.msbpa.ms.gov, DNS:www.charterschoolboard.ms.gov, DNS:www.highwaysafety.ms.gov, DNS:www.homelandsecurity.ms.gov, DNS:www.vhpb.ms.gov, DNS:www.women.ms.gov, DNS:www.ess.ms.gov, DNS:www.jobfairs.ms.gov, DNS:www.judicialperformance.ms.gov, DNS:www.psychologyboard.ms.gov, DNS:www.smsh.ms.gov, DNS:www.therez.ms.gov, DNS:www.wcc.ms.gov, DNS:www.mswcc.ms.gov, DNS:www.swmft.ms.gov, DNS:www.pcc.ms.gov, DNS:www.msbml.ms.gov, DNS:www.borf.ms.gov, DNS:www.drive.ms.gov, DNS:www.physicalfitness.ms.gov, DNS:www.auctioneers.ms.gov, DNS:www.mbp.ms.gov, DNS:www.peer.ms.gov, DNS:www.mdoc.ms.gov, DNS:www.driverservicebureau.dps.ms.gov, DNS:www.egov.ms.gov, DNS:www.hcua.ms.gov, DNS:www.mdrs.ms.gov, DNS:www.msbn.ms.gov, DNS:www.orp.ms.gov, DNS:www.pers.ms.gov, DNS:www.psc.ms.gov, DNS:www.ethics.ms.gov, DNS:www.giscouncil.ms.gov, DNS:www.transparency.ms.gov, DNS:www.access.ms.gov, DNS:www.dsb.dps.ms.gov, DNS:www.nibrs.dps.ms.gov, DNS:www.mpus.ms.gov, DNS:www.msautismboard.ms.gov, DNS:www.monticello.ms.gov, DNS:www.brc.ms.gov, DNS:www.grandgulfpark.ms.gov, DNS:www.coronavirus.ms.gov, DNS:www.msboa.ms.gov, DNS:www.forfeiture.ms.gov, DNS:www.mathiston.ms.gov, DNS:www.beaumont.ms.gov, DNS:www.pepls.ms.gov, DNS:www.dentalboard.ms.gov, DNS:www.psychiatry.msh.ms.gov, DNS:psychiatry.msh.ms.gov, DNS:www.nmrc.ms.gov, DNS:www.houston.ms.gov, DNS:www.beam.ms.gov, DNS:www.psychology.msh.ms.gov, DNS:www.mdcps.ms.gov, DNS:www.sunflowercounty.ms.gov, DNS:www.boxing.ms.gov, DNS:www.ng.ms.gov, DNS:www.mmcp.ms.gov, DNS:www.safetysummit.dps.ms.gov, DNS:www.emsh.ms.gov, DNS:www.mspip.ms.gov, DNS:www.pmp.mbp.ms.gov, DNS:pmp.mbp.ms.gov, DNS:www.forensicservices.msh.ms.gov, DNS:www.smrc.ms.gov, DNS:www.mmvc.ms.gov, DNS:www.mama.ms.gov, DNS:www.pwsd.ms.gov, DNS:www.eab.ms.gov, DNS:www.hrc.ms.gov, DNS:www.mspb.ms.gov, DNS:www.mehc.ms.gov, DNS:www.msbce.ms.gov, DNS:www.nmsh.ms.gov, DNS:www.msh.ms.gov, DNS:www.ospd.ms.gov, DNS:www.stf.ms.gov, DNS:www.msjrc.ms.gov, DNS:www.mhid.ms.gov, DNS:www.mab.ms.gov, DNS:www.msbpt.ms.gov, DNS:www.osa.ms.gov, DNS:www.abbeville.ms.gov, DNS:www.mayersville.ms.gov, DNS:www.rollingfork.ms.gov, DNS:www.ripley.ms.gov, DNS:ms.gov",not retrieved,unresolved,unresolved,unverified,,,,,,2026-09-09T01:44:48.376Z
250004,NORTH MISSISSIPPI MEDICAL CENTER,MS,mrf-url-unreachable,file-access-review,host returned pointer,entries retrieved,unresolved,unresolved,unverified,https://www.nmhs.net/cms-hpt.txt,,,,,2026-09-09T01:44:48.676Z
250042,NORTHWEST MISSISSISSIPPI REGIONAL MEDICAL CENTER,MS,not-assessed-not-named-in-file,identity-or-format-review,host returned pointer,entries retrieved,unresolved,response received,unverified,https://www.deltahealthsystem.org/cms-hpt.txt,,,,,2026-09-09T01:44:48.866Z
251307,NOXUBEE GENERAL CRITICAL ACCESS HOSP,MS,mrf-stale-over-365-days,identity-or-format-review,host returned pointer,entries retrieved,unresolved,response received,unverified,https://a27d8bef-da4e-4fa0-9e3b-83c28b7fb454.usrfiles.com/ugd/a27d8b_6e61b042ac8e45d18f7bb55ad253b593.txt,,,,,2026-09-09T01:44:48.673Z
251322,OCHSNER LAIRD HOSPITAL,MS,not-assessed-not-named-in-file,identity-or-format-review,HTTP 200,not retrieved,unresolved,response received,unverified,,,,,,2026-09-09T01:42:35.592Z
250162,OCHSNER MEDICAL CENTER-HANCOCK,MS,not-assessed-not-named-in-file,identity-or-format-review,host returned pointer,entries retrieved,unresolved,response received,unverified,https://www.ochsner.org/cms-hpt.txt,,,,,2026-09-09T01:44:48.720Z
251323,OCHSNER SCOTT REGIONAL,MS,not-assessed-not-named-in-file,identity-or-format-review,HTTP 200,not retrieved,unresolved,response received,unverified,,,,,,2026-09-09T01:42:35.592Z
251335,OCHSNER STENNIS MEMORIAL HOSPITAL,MS,not-assessed-not-named-in-file,identity-or-format-review,HTTP 200,not retrieved,unresolved,response received,unverified,,,,,,2026-09-09T01:42:35.592Z
251316,OCHSNER WATKINS HOSPITAL,MS,not-assessed-not-named-in-file,identity-or-format-review,HTTP 200,not retrieved,unresolved,response received,unverified,,,,,,2026-09-09T01:42:35.592Z
250017,PROGRESSIVE HEALTH GROUP OF HOUSTON,MS,no-cms-hpt-txt-published,pointer-or-domain-review,HTTP 200,not retrieved,unresolved,unresolved,unverified,,,,,,2026-09-09T01:44:48.696Z
251317,SIMPSON GENERAL HOSPITAL CAH,MS,mrf-stale-over-365-days,identity-or-format-review,host returned pointer,entries retrieved,unresolved,response received,unverified,https://simpsongeneral.com/cms-hpt.txt,,,,,2026-09-09T01:44:48.826Z
251337,TIPPAH COUNTY HOSPITAL,MS,mrf-stale-over-365-days,publisher-date-review,host returned pointer,entries retrieved,corroborated,response received,date-over-365-days,https://tippahcountyhospital.com/cms-hpt.txt,https://www.tippahcountyhospital.com/assets/Uploads/646001350_tippah-county-hospital_standardcharges.csv?vid=3,2025-07-29,2.0.0,https://www.tippahcountyhospital.com/patients-and-visitors/pricing-transparency,2026-09-09T01:49:10.665Z
250002,TISHOMINGO HEALTH SERVICES INC,MS,mrf-url-unreachable,file-access-review,host returned pointer,entries retrieved,unresolved,unresolved,unverified,https://www.nmhs.net/cms-hpt.txt,,,,,2026-09-09T01:44:48.676Z
270012,BENEFIS HOSPITALS INC,MT,not-assessed-not-named-in-file,pointer-or-domain-review,HTTP 403,not retrieved,unresolved,unresolved,unverified,,,,,,2026-09-09T01:44:48.935Z
271311,BIG SANDY MEDICAL CENTER,MT,compliant-date-unverified,identity-or-format-review,host returned pointer,entries retrieved,unresolved,response received,unverified,https://bsmc.org/cms-hpt.txt,,,,,2026-09-09T01:44:49.007Z
270004,BILLINGS CLINIC HOSPITAL,MT,mrf-stale-over-365-days,identity-or-format-review,host returned pointer,entries retrieved,unresolved,response received,unverified,https://stillwaterbillingsclinic.com/cms-hpt.txt,,,,,2026-09-09T01:44:49.117Z
271389,BOZEMAN HEALTH BIG SKY MEDICAL CENTER,MT,mrf-stale-over-365-days,publisher-date-review,host returned pointer,entries retrieved,corroborated,response received,date-over-365-days,https://bozemanhealth.org/cms-hpt.txt,https://bozemanhealth.org/wp-content/uploads/2025/01/01/474718253_big-sky-medical-center_standardcharges.json,2024-11-19,2.2.0,https://bozemanhealth.org/services/patient-financial-services/pricing-transparency/,2026-09-09T01:49:11.101Z
270057,BOZEMAN HEALTH DEACONESS HOSPITAL,MT,mrf-stale-over-365-days,identity-or-format-review,host returned pointer,entries retrieved,unresolved,response received,unverified,https://bozemanhealth.org/cms-hpt.txt,,,,,2026-09-09T01:44:48.952Z
271314,DEER LODGE MEDICAL CENTER,MT,old-template-version,identity-or-format-review,host returned pointer,entries retrieved,unresolved,response received,unverified,https://dlmed.org/cms-hpt.txt,,,,,2026-09-09T01:44:49.138Z
271332,GLENDIVE MEDICAL CENTER,MT,mrf-blocked-to-automation,file-access-review,host returned pointer,entries retrieved,unresolved,unresolved,unverified,https://www.gmc.org/cms-hpt.txt,,,,,2026-09-09T01:44:49.952Z
271329,MADISON VALLEY MEDICAL CENTER,MT,no-cms-hpt-txt-published,pointer-or-domain-review,HTTP 202,not retrieved,unresolved,unresolved,unverified,,,,,,2026-09-09T01:44:49.381Z
271331,MINERAL COMMUNITY HOSPITAL,MT,compliant-date-unverified,identity-or-format-review,host returned pointer,entries retrieved,unresolved,response received,unverified,https://mineralcommunityhospital.com/cms-hpt.txt,,,,,2026-09-09T01:44:49.205Z
271324,PONDERA MEDICAL CENTER,MT,not-assessed-not-named-in-file,identity-or-format-review,host returned pointer,entries retrieved,unresolved,response received,unverified,https://logan.org/cms-hpt.txt,,,,,2026-09-09T01:44:49.527Z
341322,ADVENT HEALTH POLK,NC,not-assessed-not-named-in-file,identity-or-format-review,host returned pointer,entries retrieved,unresolved,response received,unverified,https://www.adventhealth.com/cms-hpt.txt,,,,,2026-09-09T01:44:06.923Z
341320,ALLEGHANY  MEMORIAL HOSPITAL,NC,not-assessed-site-unreachable,pointer-or-domain-review,HTTP 202,not retrieved,unresolved,unresolved,unverified,,,,,,2026-09-09T01:44:49.272Z
341325,ASHE MEMORIAL HOSPITAL,NC,mrf-url-unreachable,file-access-review,host returned pointer,entries retrieved,unresolved,unresolved,unverified,https://www.ashememorial.org/cms-hpt.txt,,,,,2026-09-09T01:44:49.549Z
344025,BROUGHTON HOSPITAL,NC,no-cms-hpt-txt-published,pointer-or-domain-review,HTTP 200,not retrieved,unresolved,unresolved,unverified,,,,,,2026-09-09T01:44:49.516Z
344004,CENTRAL REGIONAL HOSPITAL,NC,no-cms-hpt-txt-published,pointer-or-domain-review,HTTP 200,not retrieved,unresolved,unresolved,unverified,,,,,,2026-09-09T01:44:49.516Z
344026,CHERRY HOSPITAL,NC,no-cms-hpt-txt-published,pointer-or-domain-review,HTTP 200,not retrieved,unresolved,unresolved,unverified,,,,,,2026-09-09T01:44:49.516Z
340068,COLUMBUS REGIONAL HEALTHCARE SYSTEM,NC,mrf-stale-over-365-days,publisher-date-review,host returned pointer,entries retrieved,corroborated,response received,date-over-365-days,https://crhealthcare.org/cms-hpt.txt,"https://sthpiprd.blob.core.windows.net/machine-readable-files/11292/560538020_columbus-regional-healthcare-system,-inc_standardcharges.csv",2025-09-01,3.0.0,https://crhealthcare.org/patients-visitors/crhs-financial-assistance/,2026-09-09T01:49:12.656Z
340127,GRANVILLE HEALTH SYSTEMS,NC,mrf-stale-over-365-days,identity-or-format-review,host returned pointer,entries retrieved,unresolved,response received,unverified,https://ghshospital.org/cms-hpt.txt,,,,,2026-09-09T01:44:49.476Z
344036,IREDELL DAVIS BEHAVIORAL HEALTH HOSPITAL,NC,compliant-date-unverified,identity-or-format-review,host returned pointer,entries retrieved,unresolved,response received,unverified,https://www.iredelldavis.org/cms-hpt.txt,,,,,2026-09-09T01:44:50.109Z
340039,IREDELL MEMORIAL HOSPITAL INC,NC,compliant-date-unverified,correction-verified,host returned pointer,entries retrieved,corroborated,response received,date-within-365-days-version-3,https://www.iredellphysiciannetwork.com/cms-hpt.txt,https://iredell.pt.panaceainc.com/MRFDownload/iredell/iredell,2025-12-31,3.0.0,https://www.iredellhealth.org/patients-and-visitors/billing-and-insurance/price-transparency/,2026-09-09T01:49:13.453Z
340090,JOHNSTON HEALTH,NC,compliant-date-unverified,file-access-review,host returned pointer,entries retrieved,unresolved,unresolved,unverified,https://www.unchealth.org/cms-hpt.txt,,,,,2026-09-09T01:44:49.884Z
344023,JULIAN F KEITH ALCOHOL & DRUG ABUSE TX,NC,no-cms-hpt-txt-published,pointer-or-domain-review,HTTP 200,not retrieved,unresolved,unresolved,unverified,,,,,,2026-09-09T01:44:49.516Z
340096,LEXINGTON MEMORIAL HOSPITAL INC,NC,not-assessed-not-named-in-file,identity-or-format-review,host returned pointer,entries retrieved,unresolved,response received,unverified,https://cdn.atriumhealth.org/-/media/wakeforest/clinical/files/patient-and-family-resources/transparency-files/wfb_cms-hpt.txt?rev=85a171e49f3f48798f921e649fd5bc37&hash=EB0C5382AFF1913F2F21E80EF076A342,,,,,2026-09-09T01:44:50.735Z
340047,NORTH CAROLINA BAPTIST HOSPITAL,NC,not-assessed-not-named-in-file,identity-or-format-review,host returned pointer,entries retrieved,unresolved,response received,unverified,https://cdn.atriumhealth.org/-/media/wakeforest/clinical/files/patient-and-family-resources/transparency-files/wfb_cms-hpt.txt?rev=85a171e49f3f48798f921e649fd5bc37&hash=EB0C5382AFF1913F2F21E80EF076A342,,,,,2026-09-09T01:44:50.735Z
340049,NORTH CAROLINA SPECIALTY HOSPITAL,NC,compliant-date-unverified,file-access-review,host returned pointer,entries retrieved,unresolved,unresolved,unverified,https://ncspecialty.com/cms-hpt.txt,,,,,2026-09-09T01:44:49.698Z
340042,ONSLOW MEMORIAL HOSPITAL,NC,compliant-date-unverified,identity-or-format-review,host returned pointer,entries retrieved,unresolved,response received,unverified,https://onslow.org/cms-hpt.txt,,,,,2026-09-09T01:44:49.782Z
340010,UNC HEALTH CARE WAYNE,NC,compliant-date-unverified,file-access-review,host returned pointer,entries retrieved,unresolved,unresolved,unverified,https://www.unchealth.org/cms-hpt.txt,,,,,2026-09-09T01:44:49.884Z
340061,UNC HOSPITALS,NC,compliant-date-unverified,file-access-review,host returned pointer,entries retrieved,unresolved,unresolved,unverified,https://www.unchealth.org/cms-hpt.txt,,,,,2026-09-09T01:44:49.884Z
340060,UNC ROCKINGHAM,NC,compliant-date-unverified,file-access-review,host returned pointer,entries retrieved,unresolved,unresolved,unverified,https://www.unchealth.org/cms-hpt.txt,,,,,2026-09-09T01:44:49.884Z
344033,WALTER B JONES CENTER LAKESIDE PSYCHIATRIC HOSPITA,NC,no-cms-hpt-txt-published,pointer-or-domain-review,HTTP 200,not retrieved,unresolved,unresolved,unverified,,,,,,2026-09-09T01:44:49.516Z
351326,FIRST CARE HEALTH CENTER,ND,compliant-date-unverified,identity-or-format-review,host returned pointer,entries retrieved,unresolved,response received,unverified,https://www.firstcarehc.com/cms-hpt.txt,,,,,2026-09-09T01:44:49.989Z
351335,JAMESTOWN REGIONAL MEDICAL CENTER,ND,compliant-date-unverified,identity-or-format-review,host returned pointer,entries retrieved,unresolved,response received,unverified,https://jrmcnd.com/cms-hpt.txt,,,,,2026-09-09T01:44:49.943Z
351328,LINTON HOSPITAL - CAH,ND,compliant-date-unverified,identity-or-format-review,host returned pointer,entries retrieved,unresolved,response received,unverified,https://lintonregionalmedicalcenter.org/wp-content/uploads/2026/05/Linton-Regional-Medical-Center-cms-hpt.txt,,,,,2026-09-09T01:44:50.404Z
351316,PRESENTATION MEDICAL CENTER,ND,not-assessed-not-named-in-file,identity-or-format-review,host returned pointer,entries retrieved,unresolved,response received,unverified,https://smphealth.org/cms-hpt.txt,,,,,2026-09-09T01:44:49.900Z
351327,SMP HEALTH ST ALOISIUS,ND,compliant-date-unverified,identity-or-format-review,host returned pointer,entries retrieved,unresolved,response received,unverified,https://smphealth.org/cms-hpt.txt,,,,,2026-09-09T01:44:49.900Z
351321,SOUTH CENTRAL HEALTH,ND,no-cms-hpt-txt-published,pointer-or-domain-review,HTTP 202,not retrieved,unresolved,unresolved,unverified,,,,,,2026-09-09T01:44:50.217Z
351313,SOUTHWEST HEALTHCARE SERVICES,ND,old-template-version,file-access-review,host returned pointer,entries retrieved,unresolved,unresolved,unverified,https://swhealthcare.net/file_download/inline/6a1de74d-5341-449e-8339-9ff3e2f6e18d,,,,,2026-09-09T01:44:50.594Z
351307,ST ANDREW'S HOSPITAL,ND,compliant-date-unverified,identity-or-format-review,host returned pointer,entries retrieved,unresolved,response received,unverified,https://smphealth.org/cms-hpt.txt,,,,,2026-09-09T01:44:49.900Z
351300,TIOGA MEDICAL CENTER,ND,compliant-date-unverified,identity-or-format-review,host returned pointer,entries retrieved,unresolved,response received,unverified,https://51e5d73e-a7ba-4ecf-9e98-ab943c753632.usrfiles.com/ugd/51e5d7_1c0e13a9bda74111810e55b9c6e6452b.txt,,,,,2026-09-09T01:44:50.229Z
281314,ANNIE JEFFREY MEMORIAL COUNTY HEALTH CENTER,NE,not-assessed-site-unreachable,pointer-or-domain-review,HTTP request timeout,not retrieved,unresolved,unresolved,unverified,,,,,,2026-09-09T01:44:59.967Z
281326,ANTELOPE MEMORIAL HOSPITAL,NE,mrf-blocked-to-automation,file-access-review,host returned pointer,entries retrieved,unresolved,unresolved,unverified,https://www.amhne.org/cms-hpt.txt,,,,,2026-09-09T01:44:50.522Z
281331,AVERA CREIGHTON HOSPITAL,NE,old-template-version,pointer-or-domain-review,HTTP 403,not retrieved,unresolved,unresolved,unverified,,,,,,2026-09-09T01:43:39.479Z
281329,AVERA ST ANTHONY'S HOSPITAL,NE,old-template-version,pointer-or-domain-review,HTTP 403,not retrieved,unresolved,unresolved,unverified,,,,,,2026-09-09T01:43:39.479Z
281364,"BEATRICE COMMUNITY HOSPITAL & HEALTH CENTER, INC",NE,compliant-date-unverified,identity-or-format-review,host returned pointer,entries retrieved,unresolved,response received,unverified,https://beatricecommunityhospital.com/cms-hpt.txt,,,,,2026-09-09T01:44:52.526Z
281334,BOONE COUNTY HEALTH CENTER,NE,compliant-date-unverified,identity-or-format-review,host returned pointer,entries retrieved,unresolved,response received,unverified,https://boonecohealth.org/cms-hpt.txt,,,,,2026-09-09T01:44:50.257Z
281325,BROWN COUNTY HOSPITAL,NE,compliant-date-unverified,identity-or-format-review,host returned pointer,entries retrieved,unresolved,response received,unverified,https://browncountyhospital.org/cms-hpt.txt,,,,,2026-09-09T01:44:50.414Z
281332,BUTLER COUNTY HEALTH,NE,compliant-date-unverified,identity-or-format-review,host returned pointer,entries retrieved,unresolved,response received,unverified,https://www.bchccnet.org/cms-hpt.txt,,,,,2026-09-09T01:44:50.560Z
281335,CALLAWAY DISTRICT HOSPITAL,NE,compliant-date-unverified,identity-or-format-review,host returned pointer,entries retrieved,unresolved,response received,unverified,https://www.callawayhospital.org/cms-hpt.txt,,,,,2026-09-09T01:44:50.867Z
281352,"COMMUNITY MEDICAL CENTER, INC",NE,not-assessed-site-unreachable,pointer-or-domain-review,HTTP request timeout,not retrieved,unresolved,unresolved,unverified,,,,,,2026-09-09T01:45:00.419Z
281327,COZAD COMMUNITY HOSPITAL,NE,compliant-date-unverified,identity-or-format-review,host returned pointer,entries retrieved,unresolved,response received,unverified,https://cozadhealthcare.com/cms-hpt.txt,,,,,2026-09-09T01:44:50.744Z
284009,DOUGLAS COUNTY COMMUNITY MENTAL HEALTH CENTER,NE,mrf-blocked-to-automation,pointer-or-domain-review,HTTP 403,not retrieved,unresolved,unresolved,unverified,,,,,,2026-09-09T01:44:50.649Z
281340,DUNDY COUNTY HOSPITAL,NE,compliant-date-unverified,identity-or-format-review,host returned pointer,entries retrieved,unresolved,response received,unverified,https://www.dchbenkelman.com/cms-hpt.txt,,,,,2026-09-09T01:44:50.889Z
281312,GENOA COMMUNITY HOSPITAL,NE,compliant-date-unverified,identity-or-format-review,host returned pointer,entries retrieved,unresolved,response received,unverified,https://www.genoamedical.org/cms-hpt.txt,,,,,2026-09-09T01:44:51.321Z
281358,GORDON MEMORIAL HOSPITAL DISTRICT,NE,compliant-date-unverified,identity-or-format-review,host returned pointer,entries retrieved,unresolved,response received,unverified,https://gordonmemorial.org/cms-hpt.txt,,,,,2026-09-09T01:44:50.884Z
281313,GOTHENBURG HEALTH,NE,compliant-date-unverified,identity-or-format-review,host returned pointer,entries retrieved,unresolved,response received,unverified,https://www.gothenburghealth.org/cms-hpt.txt,,,,,2026-09-09T01:44:51.107Z
280065,GREAT PLAINS HEALTH,NE,compliant-date-unverified,identity-or-format-review,HTTP request timeout,not retrieved,unresolved,response received,unverified,,,,,,2026-09-09T01:45:01.842Z
281338,HOWARD COUNTY MEDICAL CENTER,NE,no-cms-hpt-txt-published,pointer-or-domain-review,HTTP 200,not retrieved,unresolved,unresolved,unverified,,,,,,2026-09-09T01:43:17.191Z
281350,JOHNSON COUNTY HOSPITAL,NE,compliant-date-unverified,identity-or-format-review,host returned pointer,entries retrieved,unresolved,response received,unverified,https://jchosp.com/cms-hpt.txt,,,,,2026-09-09T01:44:50.962Z
281306,KEARNEY COUNTY HEALTH SERVICES HOSPITAL,NE,compliant-date-unverified,identity-or-format-review,host returned pointer,entries retrieved,unresolved,response received,unverified,https://kchs.org/cms-hpt.txt,,,,,2026-09-09T01:44:51.013Z
280134,KEARNEY REGIONAL MEDICAL CENTER,NE,mrf-stale-over-365-days,pointer-or-domain-review,HTTP 403,not retrieved,unresolved,unresolved,unverified,,,,,,2026-09-09T01:44:51.160Z
281320,MEMORIAL HOSPITAL,NE,not-assessed-not-named-in-file,identity-or-format-review,host returned pointer,entries retrieved,unresolved,response received,unverified,https://www.upmc.com/cms-hpt.txt,,,,,2026-09-09T01:44:51.293Z
281318,MORRILL COUNTY COMMUNITY HOSPITAL,NE,compliant-date-unverified,identity-or-format-review,host returned pointer,entries retrieved,unresolved,response received,unverified,https://www.morrillcountyhospital.com/storage/app/media/cms-hpt.txt,,,,,2026-09-09T01:44:51.809Z
281355,OGALLALA COMMUNITY HOSPITAL,NE,pointer-blocked-to-automation,pointer-or-domain-review,HTTP Parse Error: Header overflow,not retrieved,unresolved,unresolved,unverified,,,,,,2026-09-09T01:42:43.244Z
281349,PENDER COMMUNITY HOSPITAL,NE,compliant-date-unverified,identity-or-format-review,host returned pointer,entries retrieved,unresolved,response received,unverified,https://www.pchne.org/cms-hpt.txt,,,,,2026-09-09T01:44:51.252Z
281333,ROCK COUNTY HOSPITAL,NE,compliant-date-unverified,identity-or-format-review,host returned pointer,entries retrieved,unresolved,response received,unverified,https://rockcountyhospital.com/cms-hpt.txt,,,,,2026-09-09T01:44:51.496Z
281357,SIDNEY REGIONAL MEDICAL CENTER,NE,mrf-url-unreachable,file-access-review,host returned pointer,entries retrieved,unresolved,unresolved,unverified,http://www.sidneyrmc.com/cms-hpt.txt,,,,,2026-09-09T01:44:51.661Z
281309,SYRACUSE AREA HEALTH,NE,compliant-date-unverified,identity-or-format-review,host returned pointer,entries retrieved,unresolved,response received,unverified,https://syracuseareahealth.com/cms-hpt.txt,,,,,2026-09-09T01:44:51.449Z
281304,THAYER COUNTY HEALTH SERVICES,NE,compliant-date-unverified,identity-or-format-review,host returned pointer,entries retrieved,unresolved,response received,unverified,https://thayercountyhealth.com/cms-hpt.txt,,,,,2026-09-09T01:44:51.507Z
281353,VALLEY COUNTY HEALTH SYSTEM,NE,not-assessed-site-unreachable,pointer-or-domain-review,HTTP request timeout,not retrieved,unresolved,unresolved,unverified,,,,,,2026-09-09T01:45:01.461Z
281316,WEBSTER COUNTY COMMUNITY HOSPITAL,NE,compliant-date-unverified,identity-or-format-review,host returned pointer,entries retrieved,unresolved,response received,unverified,https://websterhospital.org/cms-hpt.txt,,,,,2026-09-09T01:44:51.770Z
281343,WEST HOLT MEMORIAL HOSPITAL,NE,compliant-date-unverified,identity-or-format-review,HTTP request timeout,not retrieved,unresolved,response received,unverified,,,,,,2026-09-09T01:45:01.699Z
301305,ALICE PECK DAY MEMORIAL HOSPITAL,NH,not-assessed-site-unreachable,pointer-or-domain-review,HTTP request timeout,not retrieved,unresolved,unresolved,unverified,,,,,,2026-09-09T01:45:01.586Z
300019,CHESHIRE MEDICAL CENTER,NH,not-assessed-site-unreachable,pointer-or-domain-review,HTTP request timeout,not retrieved,unresolved,unresolved,unverified,,,,,,2026-09-09T01:45:01.677Z
301301,COTTAGE HOSPITAL,NH,pointer-blocked-to-automation,pointer-or-domain-review,HTTP request timeout,not retrieved,unresolved,unresolved,unverified,,,,,,2026-09-09T01:45:01.780Z
300023,EXETER HOSPITAL INC,NH,not-assessed-site-unreachable,pointer-or-domain-review,HTTP request timeout,not retrieved,unresolved,unresolved,unverified,,,,,,2026-09-09T01:45:01.828Z
300003,MARY HITCHCOCK MEMORIAL HOSPITAL,NH,not-assessed-site-unreachable,pointer-or-domain-review,HTTP request timeout,not retrieved,unresolved,unresolved,unverified,,,,,,2026-09-09T01:45:02.542Z
301308,VALLEY REGIONAL HOSPITAL,NH,not-assessed-site-unreachable,pointer-or-domain-review,HTTP request timeout,not retrieved,unresolved,unresolved,unverified,,,,,,2026-09-09T01:45:04.552Z
310115,AHS HOSPITAL CORP,NJ,not-assessed-not-named-in-file,pointer-or-domain-review,HTTP request timeout,not retrieved,unresolved,unresolved,unverified,,,,,,2026-09-09T01:45:04.558Z
310064,ATLANTICARE REGIONAL MEDICAL CENTER - CITY CAMPUS,NJ,not-assessed-not-named-in-file,pointer-or-domain-review,HTTP request timeout,not retrieved,unresolved,unresolved,unverified,,,,,,2026-09-09T01:45:04.814Z
310011,CAPE REGIONAL MEDICAL CENTER INC,NJ,not-assessed-site-unreachable,pointer-or-domain-review,HTTP request timeout,not retrieved,unresolved,unresolved,unverified,,,,,,2026-09-09T01:45:04.817Z
310025,CAREPOINT HEALTH - BAYONNE MEDICAL CENTER,NJ,not-assessed-not-named-in-file,pointer-or-domain-review,HTTP request timeout,not retrieved,unresolved,unresolved,unverified,,,,,,2026-09-09T01:45:04.845Z
310083,CAREWELL HEALTH MEDICAL CENTER,NJ,no-cms-hpt-txt-published,pointer-or-domain-review,HTTP request timeout,not retrieved,unresolved,unresolved,unverified,,,,,,2026-09-09T01:45:05.517Z
310045,ENGLEWOOD HOSPITAL AND MEDICAL CENTER,NJ,compliant-date-unverified,identity-or-format-review,HTTP request timeout,not retrieved,unresolved,response received,unverified,,,,,,2026-09-09T01:45:30.006Z
310016,HEIGHTS UNIVERSITY HOSPITAL,NJ,not-assessed-not-named-in-file,pointer-or-domain-review,HTTP request timeout,not retrieved,unresolved,unresolved,unverified,,,,,,2026-09-09T01:45:04.845Z
310008,HOLY NAME MEDICAL CENTER,NJ,compliant-date-unverified,identity-or-format-review,HTTP request timeout,not retrieved,unresolved,response received,unverified,,,,,,2026-09-09T01:45:30.464Z
310118,HUDSON REGIONAL HOSPITAL,NJ,not-assessed-not-named-in-file,pointer-or-domain-review,HTTP request timeout,not retrieved,unresolved,unresolved,unverified,,,,,,2026-09-09T01:45:31.507Z
310070,SAINT PETER'S UNIVERSITY HOSPITAL,NJ,old-template-version,metadata-or-pointer-review,HTTP request timeout,not retrieved,unresolved,response received,unverified,,,,,,2026-09-09T01:45:31.620Z
310047,SHORE MEDICAL CENTER,NJ,compliant-date-unverified,metadata-or-pointer-review,HTTP request timeout,not retrieved,unresolved,response received,unverified,,,,,,2026-09-09T01:45:31.715Z
313302,WEISMAN CHILDRENS REHABILITATION HOSPITAL,NJ,pointer-blocked-to-automation,pointer-or-domain-review,HTTP request timeout,not retrieved,unresolved,unresolved,unverified,,,,,,2026-09-09T01:45:31.730Z
310022,WEST JERSEY HOSPITAL,NJ,not-assessed-not-named-in-file,pointer-or-domain-review,HTTP request timeout,not retrieved,unresolved,unresolved,unverified,,,,,,2026-09-09T01:45:31.824Z
320779,GUADALUPE COUNTY HOSPITAL,NM,compliant-date-unverified,identity-or-format-review,HTTP request timeout,not retrieved,unresolved,response received,unverified,,,,,,2026-09-09T01:45:31.854Z
321313,REHOBOTH MCKINLEY CHRISTIAN HEALTH CARE SERVICES,NM,compliant-date-unverified,identity-or-format-review,HTTP request timeout,not retrieved,unresolved,response received,unverified,,,,,,2026-09-09T01:45:31.869Z
320001,UNM HOSPITAL,NM,not-assessed-not-named-in-file,pointer-or-domain-review,HTTP request timeout,not retrieved,unresolved,unresolved,unverified,,,,,,2026-09-09T01:45:32.573Z
291313,BANNER CHURCHILL COMMUNITY HOSPITAL,NV,pointer-blocked-to-automation,pointer-or-domain-review,HTTP Parse Error: Header overflow,not retrieved,unresolved,unresolved,unverified,,,,,,2026-09-09T01:42:43.244Z
291303,BATTLE MOUNTAIN GENERAL HOSPITAL,NV,old-template-version,metadata-or-pointer-review,HTTP request timeout,not retrieved,unresolved,response received,unverified,,,,,,2026-09-09T01:45:34.580Z
291309,BOULDER CITY HOSPITAL,NV,old-template-version,metadata-or-pointer-review,HTTP request timeout,not retrieved,unresolved,response received,unverified,,,,,,2026-09-09T01:45:34.584Z
290019,CARSON TAHOE REGIONAL MEDICAL CENTER,NV,pointer-blocked-to-automation,pointer-or-domain-review,HTTP request timeout,not retrieved,unresolved,unresolved,unverified,,,,,,2026-09-09T01:45:34.866Z
291306,CARSON VALLEY HEALTH,NV,compliant-date-unverified,metadata-or-pointer-review,HTTP request timeout,not retrieved,unresolved,response received,unverified,,,,,,2026-09-09T01:45:34.870Z
291300,MOUNT GRANT GENERAL HOSPITAL,NV,mrf-url-unreachable,pointer-or-domain-review,HTTP request timeout,not retrieved,unresolved,unresolved,unverified,,,,,,2026-09-09T01:45:34.874Z
290039,MOUNTAINVIEW HOSPITAL,NV,mrf-stale-over-365-days,identity-or-format-review,HTTP request timeout,not retrieved,unresolved,response received,unverified,,,,,,2026-09-09T01:45:35.567Z
291304,PERSHING GENERAL HOSPITAL,NV,mrf-stale-over-365-days,identity-or-format-review,host returned pointer,entries retrieved,unresolved,response received,unverified,https://ad3230b5-b9c7-4f2c-a14b-3d713fd2a267.usrfiles.com/ugd/ad3230_89792fb0bf314ed0a68f669819044727.txt,,,,,2026-09-09T01:45:57.093Z
294015,"RENO BEHAVIORAL HEALTHCARE HOSPITAL, LLC",NV,not-assessed-not-named-in-file,identity-or-format-review,host returned pointer,entries retrieved,unresolved,response received,unverified,https://renobehavioral.com/cms-hpt.txt,,,,,2026-09-09T01:45:56.968Z
290001,RENOWN REGIONAL MEDICAL CENTER,NV,pointer-blocked-to-automation,pointer-or-domain-review,HTTP 429,not retrieved,unresolved,unresolved,unverified,,,,,,2026-09-09T01:45:56.987Z
290049,RENOWN SOUTH MEADOWS MEDICAL CENTER,NV,pointer-blocked-to-automation,pointer-or-domain-review,HTTP 429,not retrieved,unresolved,unresolved,unverified,,,,,,2026-09-09T01:45:56.987Z
291314,SOUTH LYON MEDICAL CENTER,NV,compliant-date-unverified,identity-or-format-review,host returned pointer,entries retrieved,unresolved,response received,unverified,https://slmcnv.org/cms-hpt.txt,,,,,2026-09-09T01:45:56.946Z
290046,SPRING VALLEY HOSPITAL MEDICAL CENTER,NV,pointer-blocked-to-automation,pointer-or-domain-review,HTTP 403,not retrieved,unresolved,unresolved,unverified,,,,,,2026-09-09T01:45:57.104Z
290003,SUNRISE HOSPITAL AND MEDICAL CENTER,NV,mrf-stale-over-365-days,publisher-date-review,host returned pointer,entries retrieved,corroborated,response received,date-over-365-days,https://sunrisehospital.com/cms-hpt.txt,https://core.secure.ehc.com/src/util/json-detail-price-list/62-1762537_sunrise-hospital-and-medical-center_standardcharges.json,2024-10-01,2.2.0,https://sunrisehospital.com/about/legal/pricing-transparency-cms-required-file-of-standard-charges.dot,2026-09-09T01:49:49.993Z
330013,ALBANY MEDICAL CENTER HOSPITAL,NY,compliant-date-unverified,file-access-review,host returned pointer,entries retrieved,unresolved,unresolved,unverified,https://www.amc.edu/cms-hpt.txt,,,,,2026-09-09T01:45:57.289Z
330090,ARNOT OGDEN MEDICAL CENTER,NY,compliant-date-unverified,file-access-review,host returned pointer,entries retrieved,unresolved,unresolved,unverified,https://arnothealth.org/cms-hpt.txt,,,,,2026-09-09T01:45:57.163Z
330235,AUBURN  COMMUNITY  HOSPITAL,NY,mrf-stale-over-365-days,publisher-date-review,host returned pointer,entries retrieved,corroborated,response received,date-over-365-days,https://www.auburnhospital.org/cms-hpt.txt,https://www.auburnhospital.org/wp-content/uploads/2025/01/150532054_auburn-community-hospital_standardcharges-2.zip,2025-01-19,2.0.0,https://www.auburnhospital.org/patients-and-visitors/billing/,2026-09-09T01:49:50.514Z
330204,BELLEVUE HOSPITAL CENTER,NY,compliant-date-unverified,pointer-or-domain-review,HTTP 403,not retrieved,unresolved,unresolved,unverified,,,,,,2026-09-09T01:45:57.463Z
333301,BLYTHEDALE CHILDREN'S HOSPITAL,NY,mrf-url-unreachable,file-access-review,host returned pointer,entries retrieved,unresolved,unresolved,unverified,https://www.blythedale.org/cms-hpt.txt,,,,,2026-09-09T01:45:57.364Z
330009,BRONXCARE HOSPITAL CENTER,NY,not-assessed-not-named-in-file,identity-or-format-review,host returned pointer,entries retrieved,unresolved,response received,unverified,https://www.bronxcare.org/cms-hpt.txt,,,,,2026-09-09T01:45:57.156Z
334022,BRYLIN HOSP,NY,old-template-version,publisher-template-review,host returned pointer,entries retrieved,corroborated,response received,date-within-365-days-older-version,https://brylin.com/cms-hpt.txt,https://www.brylin.com/wp-content/uploads/2025/10/16-1163586_BryLin-Hospitals-Inc_standardcharges.csv,2025-10-15,1.0.0,https://www.brylin.com/price-transparency/,2026-09-09T01:49:50.763Z
330307,CAYUGA MEDICAL CENTER AT ITHACA,NY,compliant-date-unverified,correction-verified,host returned pointer,entries retrieved,corroborated,response received,date-within-365-days-version-3,https://arnothealth.org/cms-hpt.txt,https://cayugahealth.pt.panaceainc.com/MRFDownload/CayugaHealth/CayugaHealth,2026-03-27,3.0.0,https://centralushealth.org/billing,2026-09-09T01:49:50.768Z
330094,COLUMBIA MEMORIAL HOSPITAL,NY,compliant-date-unverified,file-access-review,host returned pointer,entries retrieved,unresolved,unresolved,unverified,https://www.albanymed.org/cms-hpt.txt,,,,,2026-09-09T01:45:57.410Z
331302,ELIZABETHTOWN COMMUNITY HOSPITAL,NY,pointer-blocked-to-automation,correction-verified,host returned pointer,entries retrieved,corroborated,response received,date-within-365-days-version-3,https://www.uvmhealth.org/cms-hpt.txt,https://www.uvmhealth.org/sites/default/files/141364513_elizabethtown-community-hospital_standardcharges.csv,2026-04-28,3.0.0,https://www.uvmhealth.org/patients-visitors/billing-insurance/price-transparency,2026-09-09T01:49:50.901Z
330128,ELMHURST HOSPITAL CENTER,NY,compliant-date-unverified,pointer-or-domain-review,HTTP 403,not retrieved,unresolved,unresolved,unverified,,,,,,2026-09-09T01:45:57.463Z
330405,HELEN HAYES HOSPITAL,NY,mrf-stale-over-365-days,publisher-date-review,host returned pointer,entries retrieved,corroborated,response received,date-over-365-days,https://helenhayeshospital.org/cms-hpt.txt,https://shop.helenhayeshosp.org/00-0432000_Helen-Hayes-Hospital_standardcharges.csv,2024-07-01,1.0.0,https://shop.helenhayeshosp.org/,2026-09-09T01:49:50.996Z
330270,HOSPITAL FOR SPECIAL SURGERY,NY,mrf-blocked-to-automation,file-access-review,host returned pointer,entries retrieved,unresolved,unresolved,unverified,https://www.hss.edu/cms-hpt.txt,,,,,2026-09-09T01:45:57.312Z
330800,IRA DAVENPORT MEMORIAL HOSPITAL,NY,compliant-date-unverified,file-access-review,host returned pointer,entries retrieved,unresolved,unresolved,unverified,https://arnothealth.org/cms-hpt.txt,,,,,2026-09-09T01:45:57.163Z
330102,KENMORE MERCY HOSPITAL,NY,mrf-stale-over-365-days,correction-verified,host returned pointer,entries retrieved,corroborated,response received,date-within-365-days-version-3,https://chsbuffalo.org/cms-hpt.txt,https://www.chsbuffalo.org/wp-content/uploads/2026/06/16-0762843_Kenmore-Mercy-Hospital_StandardCharges.csv,2026-04-01,3.0.0,https://www.chsbuffalo.org/billing-insurance/price-transparency/,2026-09-09T01:49:51.156Z
330202,KINGS COUNTY HOSPITAL CENTER,NY,compliant-date-unverified,metadata-or-pointer-review,HTTP 403,not retrieved,unresolved,response received,unverified,,,,,,2026-09-09T01:45:57.463Z
330080,LINCOLN MEDICAL & MENTAL HEALTH CENTER,NY,not-assessed-not-named-in-file,pointer-or-domain-review,HTTP 403,not retrieved,unresolved,unresolved,unverified,,,,,,2026-09-09T01:45:57.463Z
330279,MERCY HOSPITAL OF BUFFALO,NY,mrf-stale-over-365-days,correction-verified,host returned pointer,entries retrieved,corroborated,response received,date-within-365-days-version-3,https://chsbuffalo.org/cms-hpt.txt,https://www.chsbuffalo.org/wp-content/uploads/2026/06/16-0756336_Mercy-Hospital-of-Buffalo_StandardCharges.csv,2026-04-01,3.0.0,https://www.chsbuffalo.org/billing-insurance/price-transparency/,2026-09-09T01:49:51.376Z
330199,METROPOLITAN HOSPITAL CENTER,NY,compliant-date-unverified,metadata-or-pointer-review,HTTP 403,not retrieved,unresolved,response received,unverified,,,,,,2026-09-09T01:45:57.463Z
330188,MOUNT ST. MARY'S HOSPITAL & HEALTH CENTER,NY,mrf-stale-over-365-days,identity-or-format-review,host returned pointer,entries retrieved,unresolved,response received,unverified,https://chsbuffalo.org/cms-hpt.txt,,,,,2026-09-09T01:45:57.214Z
330027,NASSAU UNIVERSITY MEDICAL CENTER,NY,old-template-version,publisher-template-review,host returned pointer,entries retrieved,corroborated,response received,date-within-365-days-older-version,https://numc.edu/cms-hpt.txt,https://sthpiprd.blob.core.windows.net/machine-readable-files/13384/113465690-1801857172_nassau-health-care-corporation_standardcharges.csv,2025-10-28,2.0.0,https://search.hospitalpriceindex.com/hpi2/machineReadable/NassauHealthCareCorporation/13384,2026-09-09T01:49:52.005Z
330276,NATHAN LITTAUER HOSPITAL,NY,old-template-version,metadata-or-pointer-review,host returned pointer,entries retrieved,unresolved,response received,unverified,https://nlh.org/cms-hpt.txt,,,,,2026-09-09T01:45:57.385Z
330101,NEW YORK-PRESBYTERIAN HOSPITAL,NY,not-assessed-not-named-in-file,identity-or-format-review,host returned pointer,entries retrieved,unresolved,response received,unverified,https://www.nyp.org/cms-hpt.txt,,,,,2026-09-09T01:45:57.437Z
330043,NS/LIJ HS SOUTHSIDE HOSPITAL,NY,not-assessed-not-named-in-file,identity-or-format-review,host returned pointer,entries retrieved,unresolved,response received,unverified,https://www.northwell.edu/cms-hpt.txt,,,,,2026-09-09T01:45:57.302Z
330011,"OUR LADY OF LOURDES MEMORIAL HOSPITAL, INC",NY,not-assessed-not-named-in-file,identity-or-format-review,host returned pointer,entries retrieved,unresolved,response received,unverified,https://healthcare.ascension.org/-/media/Healthcare/cms-hpt.txt,,,,,2026-09-09T01:43:44.066Z
330028,RICHMOND UNIVERSITY MEDICAL CENTER,NY,compliant-date-unverified,correction-verified,host returned pointer,entries retrieved,corroborated,response received,date-within-365-days-version-3,https://rumcsi.org/cms-hpt.txt,https://rumcsi.pt.panaceainc.com/MRFDownload/rumcsi/rumcsi,2026-08-06,3.0.0,https://www.rumcsi.org/patients-visitors/billing-and-insurance/price-transparency/,2026-09-09T01:49:52.924Z
330157,SAMARITAN MEDICAL CENTER,NY,no-cms-hpt-txt-published,pointer-or-domain-review,HTTP 200,not retrieved,unresolved,unresolved,unverified,,,,,,2026-09-09T01:43:17.191Z
331313,SCHUYLER HOSPITAL,NY,compliant-date-unverified,correction-verified,host returned pointer,entries retrieved,corroborated,response received,date-within-365-days-version-3,https://arnothealth.org/cms-hpt.txt,https://cayugahealth.pt.panaceainc.com/MRFDownload/CayugaHealth/schuylerhospital,2026-03-27,3.0.0,https://centralushealth.org/billing,2026-09-09T01:49:53.243Z
330078,SISTERS OF CHARITY HOSPITAL,NY,mrf-stale-over-365-days,correction-verified,host returned pointer,entries retrieved,corroborated,response received,date-within-365-days-version-3,https://chsbuffalo.org/cms-hpt.txt,https://www.chsbuffalo.org/wp-content/uploads/2026/09/16-0743187_Sisters-of-Charity-Hospital_StandardCharges.csv,2026-04-01,3.0.0,https://www.chsbuffalo.org/billing-insurance/price-transparency/,2026-09-09T01:49:53.885Z
334027,SOUTH OAKS HOSP,NY,not-assessed-not-named-in-file,identity-or-format-review,host returned pointer,entries retrieved,unresolved,response received,unverified,https://www.northwell.edu/cms-hpt.txt,,,,,2026-09-09T01:45:57.302Z
330395,ST JOHN'S EPISCOPAL HOSPITAL AT SOUTH SHORE,NY,not-assessed-not-named-in-file,identity-or-format-review,host returned pointer,entries retrieved,unresolved,response received,unverified,https://www.northwell.edu/cms-hpt.txt,,,,,2026-09-09T01:45:57.302Z
330006,ST JOSEPH'S MEDICAL CENTER,NY,mrf-url-unreachable,file-access-review,host returned pointer,entries retrieved,unresolved,unresolved,unverified,https://search.hospitalpriceindex.com/100287/cms-hpt.txt,,,,,2026-09-09T01:45:57.898Z
330047,St Marys Healthcare,NY,compliant-date-unverified,file-access-review,host returned pointer,entries retrieved,unresolved,unresolved,unverified,https://www.smha.org/wp-content/uploads/2026/05/cms-hpt-7.txt,,,,,2026-09-09T01:45:57.980Z
330350,SUNY/DOWNSTATE UNIVERSITY HOSPITAL OF BROOKLYN,NY,mrf-stale-over-365-days,identity-or-format-review,host returned pointer,entries retrieved,unresolved,response received,unverified,https://www.downstate.edu/cms-hpt.txt,,,,,2026-09-09T01:45:57.377Z
330396,WOODHULL MEDICAL & MENTAL HEALTH CENTER,NY,mrf-stale-over-365-days,pointer-or-domain-review,HTTP 403,not retrieved,unresolved,unresolved,unverified,,,,,,2026-09-09T01:45:57.463Z
361326,ADAMS COUNTY REGIONAL MEDICAL CENTER,OH,mrf-stale-over-365-days,publisher-date-review,host returned pointer,entries retrieved,corroborated,response received,date-over-365-days,https://acrmc.com/wp-content/uploads/2025/03/cms-hpt.txt,https://acrmc.com/wp-content/uploads/2025/03/81-2817266_Adams-County-Regional-Medical-Center_standardcharges-1.zip,2024-12-25,2.2.0,https://acrmc.com/price-transparency/,2026-09-09T01:50:05.529Z
363303,AKRON CHILDREN'S HOSPITAL,OH,compliant-date-unverified,file-access-review,host returned pointer,entries retrieved,unresolved,unresolved,unverified,https://www.akronchildrens.org/cms-hpt.txt,,,,,2026-09-09T01:45:57.689Z
360027,AKRON GENERAL MEDICAL CENTER,OH,compliant-date-unverified,file-access-review,host returned pointer,entries retrieved,unresolved,unresolved,unverified,https://my.clevelandclinic.org/cms-hpt.txt,,,,,2026-09-09T01:43:18.511Z
364056,ASSURANCE HEALTH CINCINNATI LLC,OH,mrf-stale-over-365-days,correction-verified,host returned pointer,entries retrieved,corroborated,response received,date-within-365-days-version-3,https://assurancehealthsystem.com/cms-hpt.txt,https://assurancehealthsystem.com/32-0466432_assurance-health-cincinnati-llc_standardcharges.csv,2026-04-01,3.0.0,https://assurancehealthsystem.com/price-transparency,2026-09-09T01:50:05.792Z
364059,ASSURANCE HEALTH HUDSON LLC,OH,mrf-stale-over-365-days,correction-verified,host returned pointer,entries retrieved,corroborated,response received,date-within-365-days-version-3,https://assurancehealthsystem.com/cms-hpt.txt,https://assurancehealthsystem.com/61-1807112_assurance-health-hudson-llc_standardcharges.csv,2026-04-01,3.0.0,https://assurancehealthsystem.com/price-transparency,2026-09-09T01:50:05.847Z
360364,CLEVELAND CLINIC AVON HOSPITAL,OH,old-template-version,identity-or-format-review,host returned pointer,entries retrieved,unresolved,response received,unverified,https://my.clevelandclinic.org/cms-hpt.txt,,,,,2026-09-09T01:43:18.511Z
360077,FAIRVIEW HOSPITAL,OH,compliant-date-unverified,file-access-review,host returned pointer,entries retrieved,unresolved,unresolved,unverified,https://my.clevelandclinic.org/cms-hpt.txt,,,,,2026-09-09T01:43:18.511Z
360025,FIRELANDS REGIONAL MEDICAL CENTER,OH,mrf-blocked-to-automation,pointer-or-domain-review,HTTP 403,not retrieved,unresolved,unresolved,unverified,,,,,,2026-09-09T01:45:57.582Z
361333,FULTON COUNTY HEALTH CENTER,OH,no-cms-hpt-txt-published,pointer-or-domain-review,HTTP 202,not retrieved,unresolved,unresolved,unverified,,,,,,2026-09-09T01:45:57.644Z
360039,GENESIS HOSPITAL,OH,old-template-version,metadata-or-pointer-review,host returned pointer,entries retrieved,corroborated,response received,date-within-365-days-version-unverified,https://www.genesishcs.org/cms-hpt.txt,https://genesisgenericblob.blob.core.windows.net/price-transparency/311480941_Genesis-Healthcare-System_standardcharges.csv,2026-03-27,5.0.0,https://genesishcs.org/patients/billing-insurance/price-list,2026-09-09T01:50:06.168Z
361311,HARRISON COMMUNITY HOSPITAL,OH,pointer-lists-no-mrf-url,identity-or-format-review,host returned pointer,entries retrieved,unresolved,response received,unverified,https://wvumedicine.org/cms-hpt.txt,,,,,2026-09-09T01:45:57.514Z
364048,HAVEN BEHAVIORAL HOSPITAL OF DAYTON,OH,mrf-url-unreachable,identity-or-format-review,host returned pointer,entries retrieved,unresolved,response received,unverified,https://oceanshealthcare.com/cms-hpt.txt,,,,,2026-09-09T01:44:24.181Z
361309,"HENRY COUNTY HOSPITAL, INC",OH,old-template-version,publisher-template-review,host returned pointer,entries retrieved,corroborated,response received,date-within-365-days-older-version,https://www.henrycountyhospital.org/cms-hpt.txt,https://www.henrycountyhospital.org/documents/344477047_henry-county-hospital_standardcharges.csv,2025-12-29,2.0.0,https://www.henrycountyhospital.org/,2026-09-09T01:50:06.549Z
360361,KINGS DAUGHTERS MEDICAL CENTER OHIO,OH,no-cms-hpt-txt-published,correction-verified,HTTP 200,entries retrieved,corroborated,response received,date-within-365-days-version-3,https://search.hospitalpriceindex.com/7805/cms-hpt.txt,https://sthpiprd.blob.core.windows.net/machine-readable-files/7805/453215312_portsmouth-hospital-corporation_standardcharges.csv,2025-10-14,3.0.0,https://search.hospitalpriceindex.com/hpi2/machineReadable/KingsDaughterMedicalCenterOhio/7805,2026-09-09T01:48:30.360Z
360098,LAKE HEALTH,OH,not-assessed-not-named-in-file,identity-or-format-review,host returned pointer,entries retrieved,unresolved,response received,unverified,https://lakehealth.org/cms-hpt.txt,,,,,2026-09-09T01:45:58.162Z
360218,LICKING MEMORIAL HOSPITAL,OH,old-template-version,publisher-template-review,host returned pointer,entries retrieved,corroborated,response received,date-within-365-days-older-version,https://lmhealth.org/cms-hpt.txt,https://www.lmhealth.org/LMHealth.org/media/314379519_licking-memorial-hospital_standardcharges.zip,2026-03-16,2.0.0,https://www.lmhealth.org/Patients-Visitors/Before-You-Arrive/Patient-Pricing,2026-09-09T01:50:06.795Z
360189,MADISON HEALTH,OH,no-cms-hpt-txt-published,metadata-or-pointer-review,HTTP 200,not retrieved,unresolved,response received,unverified,,,,,,2026-09-09T01:45:58.087Z
360143,MARYMOUNT HOSPITAL,OH,compliant-date-unverified,file-access-review,host returned pointer,entries retrieved,unresolved,unresolved,unverified,https://my.clevelandclinic.org/cms-hpt.txt,,,,,2026-09-09T01:43:18.511Z
360091,MEDINA HOSPITAL,OH,compliant-date-unverified,file-access-review,host returned pointer,entries retrieved,unresolved,unresolved,unverified,https://my.clevelandclinic.org/cms-hpt.txt,,,,,2026-09-09T01:43:18.511Z
360041,PARMA COMMUNITY GENERAL HOSPITAL,OH,not-assessed-not-named-in-file,identity-or-format-review,host returned pointer,entries retrieved,unresolved,response received,unverified,https://www.uhhospitals.org/cms-hpt.txt,,,,,2026-09-09T01:45:58.596Z
360008,SOUTHERN OHIO MEDICAL CENTER,OH,mrf-url-unreachable,pointer-or-domain-review,HTTP 403,not retrieved,unresolved,unresolved,unverified,,,,,,2026-09-09T01:45:57.723Z
360155,SOUTHWEST GENERAL HEALTH CENTER,OH,compliant-date-unverified,file-access-review,host returned pointer,entries retrieved,unresolved,unresolved,unverified,https://www.swgeneral.com/cms-hpt.txt,,,,,2026-09-09T01:45:58.308Z
360352,SURGICAL HOSPITAL AT SOUTHWOODS,OH,compliant-date-unverified,identity-or-format-review,host returned pointer,entries retrieved,unresolved,response received,unverified,https://www.southwoodshealth.com/cms-hpt.txt,,,,,2026-09-09T01:45:57.880Z
360075,UH REGIONAL HOSPITALS,OH,not-assessed-not-named-in-file,identity-or-format-review,host returned pointer,entries retrieved,unresolved,response received,unverified,https://www.uhhospitals.org/cms-hpt.txt,,,,,2026-09-09T01:45:58.596Z
361307,UHHS MEMORIAL HOSPITAL OF GENEVA,OH,not-assessed-not-named-in-file,identity-or-format-review,host returned pointer,entries retrieved,unresolved,response received,unverified,https://www.uhhospitals.org/cms-hpt.txt,,,,,2026-09-09T01:45:58.596Z
360013,WILSON MEMORIAL HOSPITAL,OH,old-template-version,identity-or-format-review,host returned pointer,entries retrieved,unresolved,response received,unverified,https://www.wilsonhealth.org/cms-hpt.txt,,,,,2026-09-09T01:45:58.054Z
360029,WOOD COUNTY HOSPITAL,OH,mrf-stale-over-365-days,publisher-date-review,host returned pointer,entries retrieved,corroborated,response received,date-over-365-days,https://www.woodcountyhospital.org/cms-hpt.txt,https://www.woodcountyhospital.org/media/0x5fw0tn/344440884_wood-county_standardcharges.csv,2024-06-30,2.0.0,https://www.woodcountyhospital.org/patients-visitors/billing-and-insurance/services-pricing/,2026-09-09T01:50:07.315Z
361329,WYANDOT MEMORIAL HOSPITAL,OH,mrf-stale-over-365-days,publisher-date-review,host returned pointer,entries retrieved,corroborated,response received,date-over-365-days,https://wyandotmemorial.org/cms-hpt.txt,https://www.wyandotmemorial.org/wp-content/uploads/2025/04/WMH-MRF-PT-4.8-4-increased.csv,2024-12-31,2.0.0,https://www.wyandotmemorial.org/pricing/,2026-09-09T01:50:07.412Z
371328,ARBUCKLE MEMORIAL HOSPITAL AUTHORITY,OK,compliant-date-unverified,identity-or-format-review,host returned pointer,entries retrieved,unresolved,response received,unverified,https://arbucklehospital.com/cms-hpt.txt,,,,,2026-09-09T01:45:58.203Z
371322,BEAVER COUNTY MEMORIAL HOSPITAL,OK,not-assessed-site-unreachable,pointer-or-domain-review,HTTP 202,not retrieved,unresolved,unresolved,unverified,,,,,,2026-09-09T01:45:58.448Z
371307,CIMARRON MEMORIAL HOSPITAL,OK,compliant-date-unverified,identity-or-format-review,host returned pointer,entries retrieved,unresolved,response received,unverified,https://cmhok.com/cms-hpt.txt,,,,,2026-09-09T01:45:58.182Z
371320,CLEVELAND AREA HOSPITAL,OK,mrf-stale-over-365-days,publisher-date-review,host returned pointer,entries retrieved,corroborated,response received,date-over-365-days,https://f01f54e7-88bc-4da1-b172-3386a48f3183.usrfiles.com/ugd/f01f54_5b7c18cab1b84eb5b51ddd5342367a52.txt,https://www.clevelandareahospital.com/_files/ugd/f01f54_5b69ac08fe9841c9a70139a0ce50a4ca.csv?dn=263778478_cleveland-area-hospital_standardcharges.csv,2025-03-04,2.0.0,https://www.clevelandareahospital.com/hospital-pricing,2026-09-09T01:50:07.458Z
370203,"COMMUNITY HOSPITAL, LLC",OK,pointer-blocked-to-automation,pointer-or-domain-review,HTTP 403,not retrieved,unresolved,unresolved,unverified,,,,,,2026-09-09T01:45:58.231Z
370006,INTEGRIS HEALTH PONCA CITY,OK,pointer-blocked-to-automation,pointer-or-domain-review,"HTTP write EPROTO 20020000:error:0A000438:SSL routines:ssl3_read_bytes:tlsv1 alert internal error:openssl\ssl\record\rec_layer_s3.c:918:SSL alert number 80
",not retrieved,unresolved,unresolved,unverified,,,,,,2026-09-09T01:45:58.315Z
370002,Integris Health Woodward Hospital,OK,pointer-blocked-to-automation,pointer-or-domain-review,HTTP 403,not retrieved,unresolved,unresolved,unverified,,,,,,2026-09-09T01:45:58.376Z
370199,"LAKESIDE WOMEN'S HOSPITAL, A MEMBER OF INTEGRIS HE",OK,pointer-blocked-to-automation,pointer-or-domain-review,HTTP 403,not retrieved,unresolved,unresolved,unverified,,,,,,2026-09-09T01:45:58.420Z
370222,MCBRIDE ORTHOPEDIC HOSPITAL,OK,compliant-date-unverified,identity-or-format-review,host returned pointer,entries retrieved,unresolved,response received,unverified,https://mcboh.com/cms-hpt.txt,,,,,2026-09-09T01:45:58.599Z
370008,NORMAN REGIONAL,OK,old-template-version,publisher-template-review,host returned pointer,entries retrieved,corroborated,response received,date-within-365-days-older-version,https://www.normanregional.com/cms-hpt.txt,https://www.normanregional.com/documents/736048282_norman-regional-health-system_standardcharges.csv,2026-01-01,2.2.0,https://www.normanregional.com/patients-visitors/price-transparency/,2026-09-09T01:50:07.625Z
370093,O U MEDICAL CENTER,OK,not-assessed-not-named-in-file,identity-or-format-review,host returned pointer,entries retrieved,unresolved,response received,unverified,https://www.ouhealth.com/cms-hpt.txt,,,,,2026-09-09T01:45:59.604Z
370083,PUSHMATAHA HOSPITAL,OK,mrf-stale-over-365-days,publisher-date-review,host returned pointer,entries retrieved,corroborated,response received,date-over-365-days,https://pushmatahahospital.com/cms-hpt.txt,https://pushmatahahospital.com/images/docs/736069650_pushmataha-county---city-of-antlers-hospital-authority_standardcharges.csv,2024-10-03,2.0.0,https://pushmatahahospital.com/index.php/component/sppagebuilder/?view=page&id=74,2026-09-09T01:49:08.803Z
370097,SOUTHWESTERN MEDICAL CENTER,OK,not-assessed-site-unreachable,pointer-or-domain-review,HTTP Hostname/IP does not match certificate's altnames: Host: swmconline.com. is not in the cert's altnames: DNS:*.adobeaemcloud.com,not retrieved,unresolved,unresolved,unverified,,,,,,2026-09-09T01:45:58.440Z
370201,SURGICAL HOSPITAL OF OKLAHOMA,OK,not-assessed-not-named-in-file,identity-or-format-review,host returned pointer,entries retrieved,unresolved,response received,unverified,https://surgicalhospitalok.net/cms-hpt.txt,,,,,2026-09-09T01:45:59.066Z
371314,THE PHYSICIANS' HOSPITAL IN ANADARKO,OK,not-assessed-site-unreachable,pointer-or-domain-review,HTTP getaddrinfo ENOTFOUND anadarkohospital.com,not retrieved,unresolved,unresolved,unverified,,,,,,2026-09-09T01:45:58.702Z
381317,ADVENTIST HEALTH TILLAMOOK,OR,not-assessed-not-named-in-file,identity-or-format-review,host returned pointer,entries retrieved,unresolved,response received,unverified,https://www.adventisthealth.org/cms-hpt.txt,,,,,2026-09-09T01:42:44.034Z
380005,ASANTE ASHLAND COMMUNITY HOSPITAL,OR,mrf-blocked-to-automation,pointer-or-domain-review,HTTP 403,not retrieved,unresolved,unresolved,unverified,,,,,,2026-09-09T01:45:59.041Z
381321,GRANDE RONDE HOSPITAL,OR,mrf-url-unreachable,file-access-review,host returned pointer,entries retrieved,unresolved,unresolved,unverified,https://res.cloudinary.com/dpmykpsih/raw/upload/grande-ronde-2024-site-487/media/r/c2c54056abfc458fbae9748c1bb9db93/cms-hpt.txt,,,,,2026-09-09T01:46:00.147Z
384008,OREGON STATE HOSPITAL DISTINCT PART,OR,not-assessed-site-unreachable,pointer-or-domain-review,HTTP request timeout,not retrieved,unresolved,unresolved,unverified,,,,,,2026-09-09T01:46:00.249Z
381316,PEACE HARBOR MEDICAL CENTER,OR,pointer-blocked-to-automation,pointer-or-domain-review,HTTP request timeout,not retrieved,unresolved,unresolved,unverified,,,,,,2026-09-09T01:42:05.446Z
381301,PEACEHEALTH COTTAGE GROVE COMMUNITY MEDICAL CENTER,OR,pointer-blocked-to-automation,pointer-or-domain-review,HTTP request timeout,not retrieved,unresolved,unresolved,unverified,,,,,,2026-09-09T01:42:05.446Z
380102,SACRED HEART MEDICAL CENTER - RIVERBEND,OR,pointer-blocked-to-automation,pointer-or-domain-review,HTTP request timeout,not retrieved,unresolved,unresolved,unverified,,,,,,2026-09-09T01:42:05.446Z
380022,SAMARITAN ALBANY GENERAL HOSPITAL,OR,compliant-date-unverified,file-access-review,host returned pointer,entries retrieved,unresolved,unresolved,unverified,https://samhealth.org/cms-hpt.txt,,,,,2026-09-09T01:45:58.853Z
381314,SAMARITAN PACIFIC COMMUNITY HOSPITAL,OR,compliant-date-unverified,correction-verified,host returned pointer,entries retrieved,corroborated,response received,date-within-365-days-version-3,https://samhealth.org/cms-hpt.txt,https://samaritanhealth.pt.panaceainc.com/MRFDownload/samaritanhealth/pacific,2026-01-31,3.0.0,https://samhealth.org/patient-visitors/make-a-payment/learn-more-about-price-transparency/,2026-09-09T01:50:08.167Z
391309,BARNES-KASSON COUNTY HOSPITAL,PA,not-assessed-site-unreachable,pointer-or-domain-review,HTTP request deadline exceeded,not retrieved,unresolved,unresolved,unverified,,,,,,2026-09-09T01:46:08.708Z
394049,BROOKE GLEN BEHAVIORAL HOSPITAL,PA,pointer-blocked-to-automation,pointer-or-domain-review,HTTP 403,not retrieved,unresolved,unresolved,unverified,,,,,,2026-09-09T01:45:58.843Z
391304,BUCKTAIL MEDICAL CENTER,PA,compliant-date-unverified,file-access-review,host returned pointer,entries retrieved,unresolved,unresolved,unverified,https://bucktailmedicalcenter.org/cms-hpt.txt,,,,,2026-09-09T01:45:59.054Z
393304,CHILDREN'S HOME OF PITTSBURGH,PA,old-template-version,publisher-template-review,host returned pointer,entries retrieved,corroborated,response received,date-within-365-days-older-version,https://childrenshomepgh.org/cms-hpt.txt,https://www.childrenshomepgh.org/pricetransparency/250965292_the-children's-home-of-pittsburgh_standardcharges.csv,2025-11-21,2.0.0,https://www.childrenshomepgh.org/price-transparency/,2026-09-09T01:50:08.405Z
394043,CLARION PSYCHIATRIC CENTER,PA,pointer-blocked-to-automation,pointer-or-domain-review,HTTP 403,not retrieved,unresolved,unresolved,unverified,,,,,,2026-09-09T01:45:58.954Z
390180,CROZER CHESTER MEDICAL CENTER,PA,no-cms-hpt-txt-published,pointer-or-domain-review,HTTP 200,not retrieved,unresolved,unresolved,unverified,,,,,,2026-09-09T01:45:59.061Z
390278,EAGLEVILLE HOSPITAL,PA,no-cms-hpt-txt-published,pointer-or-domain-review,HTTP 200,not retrieved,unresolved,unresolved,unverified,,,,,,2026-09-09T01:45:59.095Z
390307,EDGEWOOD SURGICAL HOSPITAL,PA,no-cms-hpt-txt-published,pointer-or-domain-review,HTTP 200,not retrieved,unresolved,unresolved,unverified,,,,,,2026-09-09T01:46:00.092Z
391306,ENDLESS MOUNTAINS HEALTH SYSTEMS,PA,no-cms-hpt-txt-published,metadata-or-pointer-review,HTTP 200,not retrieved,unresolved,response received,unverified,,,,,,2026-09-09T01:45:59.616Z
390219,EXCELA HEALTH LATROBE HOSPITAL,PA,not-assessed-not-named-in-file,identity-or-format-review,host returned pointer,entries retrieved,unresolved,response received,unverified,https://www.excelahealth.org/cms-hpt.txt,,,,,2026-09-09T01:45:59.912Z
394027,FAIRMOUNT BEHAVIORAL HEALTH SYSTEM,PA,pointer-blocked-to-automation,pointer-or-domain-review,HTTP 403,not retrieved,unresolved,unresolved,unverified,,,,,,2026-09-09T01:45:59.214Z
391303,FULTON COUNTY MEDICAL CENTER,PA,old-template-version,publisher-template-review,host returned pointer,entries retrieved,corroborated,response received,date-within-365-days-older-version,https://www.fcmcpa.org/cms-hpt.txt,https://www.fcmcpa.org/docs/231401561_fulton-county-medical-center_standardcharges.csv,2026-03-12,2.0.0,https://www.fcmcpa.org/getpage.php?name=Pricing_Transparency,2026-09-09T01:50:09.229Z
390270,GEISINGER WYOMING VALLEY MEDICAL CENTER,PA,compliant-date-unverified,identity-or-format-review,host returned pointer,entries retrieved,unresolved,response received,unverified,https://www.geisinger.org/cms-hpt.txt,,,,,2026-09-09T01:45:59.504Z
394052,HAVEN BEHAVIORAL HOSPITAL OF EASTERN PENNSYLVANIA,PA,mrf-stale-over-365-days,identity-or-format-review,HTTP 200,not retrieved,unresolved,response received,unverified,,,,,,2026-09-09T01:45:59.253Z
394034,HORSHAM CLINIC,PA,pointer-blocked-to-automation,pointer-or-domain-review,HTTP 403,not retrieved,unresolved,unresolved,unverified,,,,,,2026-09-09T01:45:59.393Z
390168,INDEPENDENCE HEALTH SYSTEM BUTLER MEMORIAL HOSPITA,PA,not-assessed-not-named-in-file,identity-or-format-review,host returned pointer,entries retrieved,unresolved,response received,unverified,https://www.butlerhealthsystem.org/cms-hpt.txt,,,,,2026-09-09T01:46:00.543Z
390093,INDEPENDENCE HEALTH SYSTEM CLARION HOSPITAL,PA,not-assessed-not-named-in-file,identity-or-format-review,host returned pointer,entries retrieved,unresolved,response received,unverified,https://www.butlerhealthsystem.org/cms-hpt.txt,,,,,2026-09-09T01:46:00.543Z
394057,MALVERN BEHAVIORAL HEALTH,PA,no-cms-hpt-txt-published,pointer-or-domain-review,HTTP 200,not retrieved,unresolved,unresolved,unverified,,,,,,2026-09-09T01:46:00.118Z
394040,MEADOWS PSYCHIATRIC CENTER,PA,pointer-blocked-to-automation,pointer-or-domain-review,HTTP 403,not retrieved,unresolved,unresolved,unverified,,,,,,2026-09-09T01:45:59.629Z
390325,OSS ORTHOPAEDIC HOSPITAL,PA,compliant-date-unverified,identity-or-format-review,host returned pointer,entries retrieved,unresolved,response received,unverified,https://osshealth.com/cms-hpt.txt,,,,,2026-09-09T01:45:59.623Z
391312,PENN HIGHLANDS BROOKVILLE,PA,mrf-blocked-to-automation,file-access-review,host returned pointer,entries retrieved,unresolved,unresolved,unverified,https://www.phhealthcare.org/cms-hpt.txt,,,,,2026-09-09T01:46:00.122Z
390184,PENN HIGHLANDS CONNELLSVILLE,PA,mrf-blocked-to-automation,file-access-review,host returned pointer,entries retrieved,unresolved,unresolved,unverified,https://www.phhealthcare.org/cms-hpt.txt,,,,,2026-09-09T01:46:00.125Z
390086,PENN HIGHLANDS DUBOIS,PA,mrf-blocked-to-automation,file-access-review,host returned pointer,entries retrieved,unresolved,unresolved,unverified,https://www.phhealthcare.org/cms-hpt.txt,,,,,2026-09-09T01:46:00.122Z
391315,PENN HIGHLANDS ELK,PA,mrf-blocked-to-automation,file-access-review,host returned pointer,entries retrieved,unresolved,unresolved,unverified,https://www.phhealthcare.org/cms-hpt.txt,,,,,2026-09-09T01:46:00.122Z
390056,PENN HIGHLANDS HUNTINGDON,PA,mrf-blocked-to-automation,file-access-review,host returned pointer,entries retrieved,unresolved,unresolved,unverified,https://www.phhealthcare.org/cms-hpt.txt,,,,,2026-09-09T01:46:00.122Z
390147,PENN HIGHLANDS MON VALLEY,PA,mrf-blocked-to-automation,file-access-review,host returned pointer,entries retrieved,unresolved,unresolved,unverified,https://www.phhealthcare.org/cms-hpt.txt,,,,,2026-09-09T01:46:00.038Z
391307,PENN HIGHLANDS TYRONE,PA,mrf-blocked-to-automation,file-access-review,host returned pointer,entries retrieved,unresolved,unresolved,unverified,https://www.phhealthcare.org/cms-hpt.txt,,,,,2026-09-09T01:46:00.122Z
390237,REGIONAL HOSPITAL OF SCRANTON,PA,no-cms-hpt-txt-published,pointer-or-domain-review,HTTP 200,not retrieved,unresolved,unresolved,unverified,,,,,,2026-09-09T01:46:01.114Z
394050,ROXBURY TREATMENT CENTER,PA,pointer-blocked-to-automation,pointer-or-domain-review,HTTP 403,not retrieved,unresolved,unresolved,unverified,,,,,,2026-09-09T01:46:00.171Z
390030,SCHUYLKILL MEDICAL CENTER - SOUTH JACKSON STREET,PA,not-assessed-not-named-in-file,pointer-or-domain-review,HTTP 200,not retrieved,unresolved,unresolved,unverified,,,,,,2026-09-09T01:46:10.495Z
390211,SHARON REGIONAL MEDICAL CENTER,PA,no-cms-hpt-txt-published,pointer-or-domain-review,HTTP request timeout,not retrieved,unresolved,unresolved,unverified,,,,,,2026-09-09T01:46:00.309Z
390116,SUBURBAN COMMUNITY HOSPITAL,PA,not-assessed-not-named-in-file,identity-or-format-review,host returned pointer,entries retrieved,unresolved,response received,unverified,https://suburbanhosp.org/cms-hpt.txt,,,,,2026-09-09T01:46:00.467Z
390316,SURGICAL INSTITUTE OF READING,PA,pointer-blocked-to-automation,pointer-or-domain-review,HTTP request timeout,not retrieved,unresolved,unresolved,unverified,,,,,,2026-09-09T01:46:00.320Z
390272,VALLEY FORGE MEDICAL CENTER,PA,old-template-version,identity-or-format-review,HTTP 200,entries retrieved,unresolved,response received,unverified,https://cdn.prod.website-files.com/6684743004f3e45bc8afff2e/693883d6049ac7d72bb67020_cms-hpt.txt,,,,,2026-09-09T01:46:10.482Z
390146,WARREN GENERAL HOSPITAL,PA,mrf-url-unreachable,metadata-or-pointer-review,HTTP 200,not retrieved,unresolved,response received,unverified,,,,,,2026-09-09T01:46:10.486Z
390125,WAYNE MEMORIAL HOSPITAL,PA,old-template-version,metadata-or-pointer-review,HTTP 200,not retrieved,unresolved,response received,unverified,,,,,,2026-09-09T01:46:11.218Z
390137,WILKES-BARRE GENERAL HOSPITAL,PA,no-cms-hpt-txt-published,pointer-or-domain-review,HTTP 200,not retrieved,unresolved,unresolved,unverified,,,,,,2026-09-09T01:46:01.114Z
400132,DOCTORS CENTER HOSPITAL  CAROLINA LLC,PR,compliant-date-unverified,identity-or-format-review,HTTP 200,not retrieved,unresolved,response received,unverified,,,,,,2026-09-09T01:46:10.467Z
400102,DOCTORS' CENTER BAYAMON,PR,not-assessed-not-named-in-file,pointer-or-domain-review,HTTP 200,not retrieved,unresolved,unresolved,unverified,,,,,,2026-09-09T01:46:10.467Z
400006,DOCTORS' CENTER HOSPITAL SAN JUAN,PR,compliant-date-unverified,identity-or-format-review,HTTP 200,not retrieved,unresolved,response received,unverified,,,,,,2026-09-09T01:46:10.467Z
400118,"DOCTORS' CENTER HOSPITAL, INC",PR,compliant-date-unverified,identity-or-format-review,HTTP 200,not retrieved,unresolved,response received,unverified,,,,,,2026-09-09T01:46:10.467Z
400117,HOSPITAL METROPOLITANO  DR SUSONI,PR,no-cms-hpt-txt-published,pointer-or-domain-review,HTTP 202,not retrieved,unresolved,unresolved,unverified,,,,,,2026-09-09T01:46:10.474Z
404007,HOSPITAL METROPOLITANO  PSIQUIATRICO DE CABO ROJO,PR,no-cms-hpt-txt-published,pointer-or-domain-review,HTTP 202,not retrieved,unresolved,unresolved,unverified,,,,,,2026-09-09T01:46:10.532Z
400130,HOSPITAL METROPOLITANO DE LA MONTANA,PR,no-cms-hpt-txt-published,pointer-or-domain-review,HTTP 202,not retrieved,unresolved,unresolved,unverified,,,,,,2026-09-09T01:46:10.552Z
400003,HOSPITAL METROPOLITANO DR PILA,PR,no-cms-hpt-txt-published,pointer-or-domain-review,HTTP 202,not retrieved,unresolved,unresolved,unverified,,,,,,2026-09-09T01:46:10.701Z
400128,"HOSPITAL PAVIA HATO REY, INC",PR,no-cms-hpt-txt-published,pointer-or-domain-review,HTTP 202,not retrieved,unresolved,unresolved,unverified,,,,,,2026-09-09T01:46:11.883Z
400019,HOSPITAL PAVIA SANTURCE,PR,no-cms-hpt-txt-published,pointer-or-domain-review,HTTP 202,not retrieved,unresolved,unresolved,unverified,,,,,,2026-09-09T01:46:11.883Z
400110,HOSPITAL PAVIA YAUCO,PR,no-cms-hpt-txt-published,pointer-or-domain-review,HTTP 202,not retrieved,unresolved,unresolved,unverified,,,,,,2026-09-09T01:46:11.864Z
400123,HOSPITAL PEREA,PR,no-cms-hpt-txt-published,pointer-or-domain-review,HTTP 202,not retrieved,unresolved,unresolved,unverified,,,,,,2026-09-09T01:46:11.887Z
400106,METROPOLITAN HOSPITAL,PR,no-cms-hpt-txt-published,pointer-or-domain-review,HTTP 202,not retrieved,unresolved,unresolved,unverified,,,,,,2026-09-09T01:46:11.890Z
400122,PROFESSIONAL HOSPITAL GUAYNABO INC,PR,mrf-url-unreachable,file-access-review,host returned pointer,entries retrieved,unresolved,unresolved,unverified,https://professionalhospital.net/cms-hpt.txt,,,,,2026-09-09T01:46:11.918Z
420082,AIKEN REGIONAL MEDICAL CENTER,SC,pointer-blocked-to-automation,pointer-or-domain-review,HTTP 403,not retrieved,unresolved,unresolved,unverified,,,,,,2026-09-09T01:46:11.769Z
420010,CAROLINA PINES REGIONAL MEDICAL CENTER,SC,not-assessed-site-unreachable,pointer-or-domain-review,HTTP 406,not retrieved,unresolved,unresolved,unverified,,,,,,2026-09-09T01:46:11.965Z
420030,COLLETON MEDICAL CENTER,SC,mrf-stale-over-365-days,publisher-date-review,host returned pointer,entries retrieved,corroborated,response received,date-over-365-days,https://colletonmedical.com/cms-hpt.txt,https://core.secure.ehc.com/src/util/json-detail-price-list/57-0712623_colleton-medical-center_standardcharges.json,2024-10-01,2.2.0,https://colletonmedical.com/about/legal/pricing-transparency-cms-required-file-of-standard-charges.dot,2026-09-09T01:50:21.176Z
420072,HAMPTON REGIONAL MEDICAL CENTER,SC,mrf-url-unreachable,file-access-review,host returned pointer,entries retrieved,unresolved,unresolved,unverified,https://www.hamptonregional.org/cms-hpt.txt,,,,,2026-09-09T01:46:12.649Z
420073,LEXINGTON MEDICAL CENTER,SC,no-cms-hpt-txt-published,metadata-or-pointer-review,HTTP 200,not retrieved,unresolved,response received,unverified,,,,,,2026-09-09T01:46:12.868Z
420051,MCLEOD REGIONAL MEDICAL CENTER-PEE DEE,SC,not-assessed-not-named-in-file,identity-or-format-review,host returned pointer,entries retrieved,unresolved,response received,unverified,https://www.mcleodhealth.org/cms-hpt.txt,,,,,2026-09-09T01:46:12.568Z
420104,MOUNT PLEASANT HOSPITAL,SC,not-assessed-not-named-in-file,pointer-or-domain-review,HTTP 403,not retrieved,unresolved,unresolved,unverified,,,,,,2026-09-09T01:46:12.103Z
431332,AVERA DE SMET MEMORIAL HOSPITAL - CAH,SD,old-template-version,pointer-or-domain-review,HTTP 403,not retrieved,unresolved,unresolved,unverified,,,,,,2026-09-09T01:43:39.479Z
431331,AVERA DELLS AREA HOSPITAL  - CAH,SD,old-template-version,pointer-or-domain-review,HTTP 403,not retrieved,unresolved,unresolved,unverified,,,,,,2026-09-09T01:43:39.479Z
431310,AVERA FLANDREAU HOSPITAL - CAH,SD,old-template-version,pointer-or-domain-review,HTTP 403,not retrieved,unresolved,unresolved,unverified,,,,,,2026-09-09T01:43:39.479Z
431338,AVERA GREGORY HOSPITAL,SD,old-template-version,pointer-or-domain-review,HTTP 403,not retrieved,unresolved,unresolved,unverified,,,,,,2026-09-09T01:43:39.479Z
431337,AVERA HAND COUNTY MEMORIAL HOSPITAL AND CLINIC,SD,old-template-version,pointer-or-domain-review,HTTP 403,not retrieved,unresolved,unresolved,unverified,,,,,,2026-09-09T01:43:39.479Z
430095,AVERA HEART HOSPITAL OF SOUTH DAKOTA,SD,old-template-version,pointer-or-domain-review,HTTP 403,not retrieved,unresolved,unresolved,unverified,,,,,,2026-09-09T01:43:39.479Z
430016,AVERA MCKENNAN HOSPITAL & UNIVERSITY HEALTH CENTER,SD,old-template-version,pointer-or-domain-review,HTTP 403,not retrieved,unresolved,unresolved,unverified,,,,,,2026-09-09T01:43:39.479Z
431302,AVERA MISSOURI RIVER HEALTH CENTER,SD,old-template-version,pointer-or-domain-review,HTTP 403,not retrieved,unresolved,unresolved,unverified,,,,,,2026-09-09T01:43:39.479Z
431340,AVERA QUEEN OF PEACE,SD,old-template-version,pointer-or-domain-review,HTTP 403,not retrieved,unresolved,unresolved,unverified,,,,,,2026-09-09T01:43:39.479Z
430012,AVERA SACRED HEART HOSPITAL,SD,old-template-version,pointer-or-domain-review,HTTP 403,not retrieved,unresolved,unresolved,unverified,,,,,,2026-09-09T01:43:39.479Z
431330,AVERA ST BENEDICT HEALTH CENTER - CAH,SD,old-template-version,pointer-or-domain-review,HTTP 403,not retrieved,unresolved,unresolved,unverified,,,,,,2026-09-09T01:43:39.479Z
430014,AVERA ST LUKES,SD,old-template-version,pointer-or-domain-review,HTTP 403,not retrieved,unresolved,unresolved,unverified,,,,,,2026-09-09T01:43:39.479Z
430015,AVERA ST MARY'S HOSPITAL,SD,old-template-version,pointer-or-domain-review,HTTP 403,not retrieved,unresolved,unresolved,unverified,,,,,,2026-09-09T01:43:39.479Z
431324,AVERA WESKOTA MEMORIAL MEDICAL CENTER - CAH,SD,old-template-version,pointer-or-domain-review,HTTP 403,not retrieved,unresolved,unresolved,unverified,,,,,,2026-09-09T01:43:39.479Z
431314,BENNETT COUNTY HOSPITAL AND NURSING HOME - CAH,SD,mrf-stale-over-365-days,identity-or-format-review,host returned pointer,entries retrieved,unresolved,response received,unverified,https://bennettcountyhospital.com/cms-hpt.txt,,,,,2026-09-09T01:46:12.578Z
430091,BLACK HILLS SURGICAL HOSPITAL LLC,SD,old-template-version,publisher-template-review,host returned pointer,entries retrieved,corroborated,response received,date-within-365-days-older-version,https://www.sanfordhealth.org/cms-hpt.txt,https://www.sanfordhealth.org/-/media/org/files/patients-and-visitors/billing-insurance/price-estimates/black-hills-surgical-hospital_standard-charges.csv,2026-01-30,2.0.0,https://www.sanfordhealth.org/patients-and-visitors/billing-and-insurance/price-estimates,2026-09-09T01:50:22.194Z
431318,BOWDLE HOSPITAL - CAH,SD,not-assessed-not-named-in-file,pointer-or-domain-review,HTTP 403,not retrieved,unresolved,unresolved,unverified,,,,,,2026-09-09T01:43:39.479Z
431316,COMMUNITY MEMORIAL HOSPITAL,SD,mrf-blocked-to-automation,pointer-or-domain-review,HTTP 403,not retrieved,unresolved,unresolved,unverified,,,,,,2026-09-09T01:43:39.479Z
431308,EUREKA COMMUNITY HEALTH SERVICES - CAH,SD,not-assessed-not-named-in-file,pointer-or-domain-review,HTTP 403,not retrieved,unresolved,unresolved,unverified,,,,,,2026-09-09T01:43:39.479Z
431322,FALL RIVER HOSPITAL - CAH,SD,compliant-date-unverified,identity-or-format-review,host returned pointer,entries retrieved,unresolved,response received,unverified,https://www.frhssd.org/cms-hpt.txt,,,,,2026-09-09T01:46:12.803Z
431313,FREEMAN MEDICAL CENTER - CAH,SD,not-assessed-not-named-in-file,pointer-or-domain-review,HTTP 403,not retrieved,unresolved,unresolved,unverified,,,,,,2026-09-09T01:43:39.479Z
431319,HANS P PETERSON MEMORIAL HOSPITAL - CAH,SD,mrf-stale-over-365-days,identity-or-format-review,host returned pointer,entries retrieved,unresolved,response received,unverified,https://www.philiphealthservices.com/cms-hpt.txt,,,,,2026-09-09T01:46:12.606Z
430779,LANDMANN JUNGMAN MEMORIAL HOSPITAL CORPORATION,SD,old-template-version,pointer-or-domain-review,HTTP 403,not retrieved,unresolved,unresolved,unverified,,,,,,2026-09-09T01:43:39.479Z
431300,MADISON REGIONAL HEALTH SYSTEM,SD,no-cms-hpt-txt-published,pointer-or-domain-review,HTTP request deadline exceeded,not retrieved,unresolved,unresolved,unverified,,,,,,2026-09-09T01:46:22.482Z
431312,MARSHALL COUNTY HEALTHCARE CENTER - CAH,SD,old-template-version,pointer-or-domain-review,HTTP 403,not retrieved,unresolved,unresolved,unverified,,,,,,2026-09-09T01:43:39.479Z
431326,MILBANK AREA HOSPITAL/AVERA HEALTH,SD,old-template-version,pointer-or-domain-review,HTTP 403,not retrieved,unresolved,unresolved,unverified,,,,,,2026-09-09T01:43:39.479Z
431306,PLATTE HEALTH CENTER,SD,old-template-version,pointer-or-domain-review,HTTP 403,not retrieved,unresolved,unresolved,unverified,,,,,,2026-09-09T01:43:39.479Z
431327,ST MICHAEL'S HOSPITAL - CAH,SD,old-template-version,pointer-or-domain-review,HTTP 403,not retrieved,unresolved,unresolved,unverified,,,,,,2026-09-09T01:43:39.479Z
431315,WAGNER COMMUNITY MEMORIAL HOSPITAL - CAH,SD,old-template-version,pointer-or-domain-review,HTTP 403,not retrieved,unresolved,unresolved,unverified,,,,,,2026-09-09T01:43:39.479Z
441323,BIG SOUTH FORK MEDICAL CENTER,TN,old-template-version,identity-or-format-review,HTTP 202,not retrieved,unresolved,response received,unverified,,,,,,2026-09-09T01:46:13.041Z
440072,DYERSBURG REGIONAL MEDICAL CENTER,TN,no-cms-hpt-txt-published,identity-or-format-review,HTTP 200,not retrieved,unresolved,response received,unverified,,,,,,2026-09-09T01:46:12.991Z
443303,EAST TENNESSEE CHILDRENS HOSPITAL,TN,mrf-blocked-to-automation,pointer-or-domain-review,HTTP 403,not retrieved,unresolved,unresolved,unverified,,,,,,2026-09-09T01:46:13.154Z
441306,ERLANGER BLEDSOE HOSPITAL,TN,compliant-date-unverified,file-access-review,host returned pointer,entries retrieved,unresolved,unresolved,unverified,https://www.erlanger.org/cms-hpt.txt,,,,,2026-09-09T01:46:12.966Z
440104,ERLANGER MEDICAL CENTER,TN,not-assessed-not-named-in-file,identity-or-format-review,host returned pointer,entries retrieved,unresolved,response received,unverified,https://www.erlanger.org/cms-hpt.txt,,,,,2026-09-09T01:46:12.966Z
441322,HOUSTON COUNTY COMMUNITY HOSPITAL,TN,not-assessed-not-named-in-file,identity-or-format-review,host returned pointer,entries retrieved,unresolved,response received,unverified,https://shamrock.health/cms-hpt.txt,,,,,2026-09-09T01:46:13.043Z
440002,JACKSON-MADISON COUNTY GENERAL HOSPITAL,TN,no-cms-hpt-txt-published,metadata-or-pointer-review,HTTP 200,not retrieved,unresolved,response received,unverified,,,,,,2026-09-09T01:46:12.991Z
440102,LINCOLN MEDICAL CENTER,TN,not-assessed-not-named-in-file,file-access-review,host returned pointer,entries retrieved,unresolved,unresolved,unverified,https://lincolnhealthsystem.com/cms-hpt.txt,,,,,2026-09-09T01:46:12.937Z
440187,LIVINGSTON REGIONAL HOSPITAL,TN,not-assessed-site-unreachable,pointer-or-domain-review,HTTP 406,not retrieved,unresolved,unresolved,unverified,,,,,,2026-09-09T01:46:12.819Z
440091,"MEMORIAL HEALTHCARE SYSTEM, INC",TN,not-assessed-not-named-in-file,identity-or-format-review,host returned pointer,entries retrieved,unresolved,response received,unverified,https://www.commonspirit.org/cms-hpt.txt,,,,,2026-09-09T01:43:17.275Z
440111,METRO NASHVILLE GENERAL HOSPITAL,TN,mrf-stale-over-365-days,publisher-date-review,host returned pointer,entries retrieved,corroborated,response received,date-over-365-days,https://nashvillegeneral.org/cms-hpt.txt,https://nashvillegeneral-440111.s3.amazonaws.com/62-1383977_METRO-NASHVILLE-GENERAL-HOSPITAL_standardcharges.csv,2024-07-01,1.0.0,https://nashvillegeneral.org/patient-visitor-info/billing-insurance,2026-09-09T01:50:23.729Z
444014,MIDDLE TN MENTAL HEALTH INSTITUTE,TN,not-assessed-site-unreachable,pointer-or-domain-review,HTTP 200,not retrieved,unresolved,unresolved,unverified,,,,,,2026-09-09T01:46:13.016Z
444010,"PATHWAYS OF TENNESSEE, INC",TN,no-cms-hpt-txt-published,identity-or-format-review,HTTP 200,not retrieved,unresolved,response received,unverified,,,,,,2026-09-09T01:46:12.991Z
444023,PERIMETER BEHAVIORAL CENTER OF JACKSON,TN,not-assessed-not-named-in-file,pointer-or-domain-review,HTTP request timeout,not retrieved,unresolved,unresolved,unverified,,,,,,2026-09-09T01:42:06.043Z
440152,REGIONAL ONE HEALTH,TN,mrf-stale-over-365-days,publisher-date-review,host returned pointer,entries retrieved,corroborated,response received,date-over-365-days,https://www.regionalonehealth.org/cms-hpt.txt,https://www.regionalonehealth.org/wp-content/uploads/2024/12/621113169_shelby-county-health-care_standardcharges.csv,2025-01-06,2.0.0,https://www.regionalonehealth.org/estimated-charges-for-services/,2026-09-09T01:50:23.899Z
440058,SOUTHERN TENNESSEE REGIONAL HEALTH SYSTEM WINCHEST,TN,not-assessed-not-named-in-file,identity-or-format-review,host returned pointer,entries retrieved,unresolved,response received,unverified,https://www.highpointhealthsystem.com/cms-hpt.txt,,,,,2026-09-09T01:46:13.794Z
443302,ST JUDE CHILDRENS RESEARCH HOSPITAL,TN,compliant-date-unverified,correction-verified,host returned pointer,entries retrieved,corroborated,response received,date-within-365-days-version-3,https://www.stjude.org/cms-hpt.txt,https://stjude.pt.panaceainc.com/MRFDownload/stjude/stjude,2026-07-01,3.0.0,https://www.stjude.org/legal/standard-charges.html,2026-09-09T01:50:25.077Z
440200,STONES RIVER HOSPITAL,TN,not-assessed-not-named-in-file,identity-or-format-review,host returned pointer,entries retrieved,unresolved,response received,unverified,https://healthcare.ascension.org/-/media/Healthcare/cms-hpt.txt,,,,,2026-09-09T01:43:44.066Z
440161,TRISTAR CENTENNIAL MEDICAL CENTER,TN,mrf-blocked-to-automation,pointer-or-domain-review,HTTP request deadline exceeded,not retrieved,unresolved,unresolved,unverified,,,,,,2026-09-09T01:46:23.566Z
440061,VOLUNTEER COMMUNITY HOSPITAL,TN,no-cms-hpt-txt-published,identity-or-format-review,HTTP 200,not retrieved,unresolved,response received,unverified,,,,,,2026-09-09T01:46:12.991Z
441320,WEST TENNESSEE HEALTHCARE BOLIVAR HOSPITAL,TN,no-cms-hpt-txt-published,metadata-or-pointer-review,HTTP 200,not retrieved,unresolved,response received,unverified,,,,,,2026-09-09T01:46:12.991Z
441316,WEST TENNESSEE HEALTHCARE CAMDEN HOSPITAL,TN,no-cms-hpt-txt-published,metadata-or-pointer-review,HTTP 200,not retrieved,unresolved,response received,unverified,,,,,,2026-09-09T01:46:12.991Z
440060,WEST TENNESSEE HEALTHCARE MILAN HOSPITAL,TN,no-cms-hpt-txt-published,identity-or-format-review,HTTP 200,not retrieved,unresolved,response received,unverified,,,,,,2026-09-09T01:46:12.991Z
440029,WILLIAMSON MEDICAL CENTER,TN,mrf-url-unreachable,file-access-review,host returned pointer,entries retrieved,unresolved,unresolved,unverified,https://williamsonhealth.org/cms-hpt.txt,,,,,2026-09-09T01:46:13.182Z
670321,ADVANCED DALLAS HOSPITALS AND CLINICS,TX,mrf-stale-over-365-days,publisher-date-review,host returned pointer,entries retrieved,corroborated,response received,date-over-365-days,https://adhealthcare.com/cms-hpt.txt,https://hospitalpricetransparencyfiles.com/advanced-dallas-hospital-and-clinics/852671865_Advanced-Dallas-Hospital-and-Clinics-LLC_standardcharges.csv,2025-07-20,3.0.0,https://ezcost.info/advanceddallas,2026-09-09T01:50:32.575Z
670135,"ALTUS HOUSTON HOSPITAL, LP",TX,not-assessed-site-unreachable,pointer-or-domain-review,HTTP 200,not retrieved,unresolved,unresolved,unverified,,,,,,2026-09-09T01:46:13.163Z
670056,ASCENSION  SETON HAYS,TX,compliant-date-unverified,identity-or-format-review,host returned pointer,entries retrieved,unresolved,response received,unverified,https://healthcare.ascension.org/-/media/Healthcare/cms-hpt.txt,,,,,2026-09-09T01:43:44.066Z
451310,BALLINGER MEMORIAL HOSPITAL,TX,compliant-date-unverified,file-access-review,host returned pointer,entries retrieved,unresolved,unresolved,unverified,https://cdn.prod.website-files.com/5adf6cdd38b7220028f13ac3/67a0e64b708de2c840578fb1_cms-hpt.txt,,,,,2026-09-09T01:46:13.946Z
670336,BANDERA FAMILY HOSPITAL,TX,mrf-stale-over-365-days,publisher-date-review,host returned pointer,entries retrieved,corroborated,response received,date-over-365-days,https://fhsmc.com/price-transparency/cms-hpt-txt/?tmstv=1773081269,https://fhsmc.com/price-transparency/920323729_bandera-family-hospital_standardcharges.csv,2025-08-29,2.0.0,https://fhsmc.com/price-transparency/,2026-09-09T01:50:33.132Z
670109,BAYTOWN MEDICAL CENTER LP,TX,not-assessed-site-unreachable,pointer-or-domain-review,HTTP 200,not retrieved,unresolved,unresolved,unverified,,,,,,2026-09-09T01:46:13.163Z
450253,BELLVILLE MEDICAL CENTER,TX,not-assessed-not-named-in-file,identity-or-format-review,host returned pointer,entries retrieved,unresolved,response received,unverified,https://www.sjhsyr.org/sites/default/files/price-transparency/cms-hpt.txt,,,,,2026-09-09T01:46:13.589Z
450399,BROWNFIELD REGIONAL MEDICAL CENTER,TX,compliant-date-unverified,identity-or-format-review,host returned pointer,entries retrieved,unresolved,response received,unverified,https://www.brownfield-rmc.org/_functions/getCmsText,,,,,2026-09-09T01:46:14.606Z
450237,CHRISTUS SANTA ROSA MEDICAL CENTER,TX,mrf-url-unreachable,file-access-review,host returned pointer,entries retrieved,unresolved,unresolved,unverified,https://www.christushealth.org/cms-hpt.txt,,,,,2026-09-09T01:46:15.279Z
450046,CHRISTUS SPOHN HOSPITAL CORPUS CHRISTI,TX,mrf-url-unreachable,correction-verified,host returned pointer,entries retrieved,corroborated,response received,date-within-365-days-version-3,https://www.christushealth.org/cms-hpt.txt,https://www.christushealth.org/-/media/christus-health/plan-care/files/bill-pay/machine-readable-files/741109836_spohnhospitalcorpuschristishoreline_standardcharges.json,2026-01-13,3.0.0,https://www.christushealth.org/plan-care/bill-pay/pricing-transparency,2026-09-09T01:50:33.675Z
670115,CLEVELAND EMERGENCY HOSPITAL,TX,no-cms-hpt-txt-published,pointer-or-domain-review,HTTP 200,not retrieved,unresolved,unresolved,unverified,,,,,,2026-09-09T01:46:13.970Z
451384,COGDELL MEMORIAL HOSPITAL,TX,compliant-date-unverified,identity-or-format-review,host returned pointer,entries retrieved,unresolved,response received,unverified,https://cogdellhospital.com/cms-hpt.txt,,,,,2026-09-09T01:46:14.008Z
451347,COLEMAN COUNTY MEDICAL CENTER COMPANY,TX,no-cms-hpt-txt-published,pointer-or-domain-review,HTTP 202,not retrieved,unresolved,unresolved,unverified,,,,,,2026-09-09T01:46:14.413Z
451355,COLLINGSWORTH GENERAL HOSPITAL,TX,no-cms-hpt-txt-published,pointer-or-domain-review,HTTP 202,not retrieved,unresolved,unresolved,unverified,,,,,,2026-09-09T01:46:14.560Z
453300,COOK CHILDRENS MEDICAL CENTER,TX,compliant-date-unverified,correction-verified,host returned pointer,entries retrieved,corroborated,response received,date-within-365-days-version-3,https://www.cookchildrens.org/cms-hpt.txt,https://cookchildrens.pt.panaceainc.com/MRFDownload/cookchildrens/cookchildrens,2026-01-01,3.0.0,https://www.cookchildrens.org/about/compliance/standard-charges/,2026-09-09T01:50:34.048Z
453317,COOK CHILDRENS MEDICAL CENTER PROSPER,TX,compliant-date-unverified,correction-verified,host returned pointer,entries retrieved,corroborated,response received,date-within-365-days-version-3,https://www.cookchildrens.org/cms-hpt.txt,https://cookchildrens.pt.panaceainc.com/MRFDownload/cookchildrens/cookchildrensprosper,2026-01-01,3.0.0,https://www.cookchildrens.org/about/compliance/standard-charges/,2026-09-09T01:50:34.151Z
451379,CORYELL MEMORIAL HOSPITAL,TX,compliant-date-unverified,identity-or-format-review,host returned pointer,entries retrieved,unresolved,response received,unverified,https://coryellhealth.org/cms-hpt.txt,,,,,2026-09-09T01:46:14.679Z
451353,CRANE COUNTY HOSPITAL DISTRICT,TX,compliant-date-unverified,identity-or-format-review,host returned pointer,entries retrieved,unresolved,response received,unverified,https://www.cranememorial.org/cms-hpt.txt,,,,,2026-09-09T01:46:14.683Z
670090,CRESCENT MEDICAL CENTER LANCASTER,TX,compliant-date-unverified,identity-or-format-review,host returned pointer,entries retrieved,unresolved,response received,unverified,https://crescentregionalhospital.com/cms-hpt.txt,,,,,2026-09-09T01:46:15.013Z
451338,CULBERSON HOSPITAL,TX,no-cms-hpt-txt-published,pointer-or-domain-review,HTTP 202,not retrieved,unresolved,unresolved,unverified,,,,,,2026-09-09T01:46:15.084Z
451390,DIMMIT REGIONAL HOSPITAL,TX,compliant-date-unverified,identity-or-format-review,host returned pointer,entries retrieved,unresolved,response received,unverified,https://www.dimmitregionalhospital.com/cms-hpt.txt,,,,,2026-09-09T01:46:15.252Z
453321,DRISCOLL CHILDREN'S HOSPITAL RIO GRANDE VALLEY,TX,old-template-version,identity-or-format-review,host returned pointer,entries retrieved,unresolved,response received,unverified,https://driscollchildrens.org/cms-hpt.txt,,,,,2026-09-09T01:46:15.128Z
453301,DRISCOLL CHILDRENS HOSPITAL,TX,old-template-version,publisher-template-review,host returned pointer,entries retrieved,corroborated,response received,date-within-365-days-older-version,https://driscollchildrens.org/cms-hpt.txt,https://driscollchildrens.org/wp-content/uploads/742577746-1548286172_Driscoll-Childrens-Hospital_standardcharges.csv,2025-10-06,2.0.0,https://driscollchildrens.org/patients/resources/price-transparency/,2026-09-09T01:50:43.266Z
671303,EASTLAND MEMORIAL HOSPITAL,TX,compliant-date-unverified,identity-or-format-review,host returned pointer,entries retrieved,unresolved,response received,unverified,https://www.eastlandmemorial.com/cms-hpt.txt,,,,,2026-09-09T01:46:15.367Z
450833,ENNIS REGIONAL MEDICAL CENTER,TX,not-assessed-site-unreachable,pointer-or-domain-review,HTTP 406,not retrieved,unresolved,unresolved,unverified,,,,,,2026-09-09T01:46:15.048Z
450241,FAITH COMMUNITY HOSPITAL,TX,compliant-date-unverified,identity-or-format-review,host returned pointer,entries retrieved,unresolved,response received,unverified,https://fchtexas.com/cms-hpt.txt,,,,,2026-09-09T01:46:15.112Z
451391,FRIO REGIONAL HOSPITAL,TX,compliant-date-unverified,identity-or-format-review,host returned pointer,entries retrieved,unresolved,response received,unverified,https://frioregionalhospital.com/cms-hpt.txt,,,,,2026-09-09T01:46:15.106Z
454129,GEORGETOWN BEHAVIORAL HEALTH INSTITUTE,TX,mrf-stale-over-365-days,publisher-date-review,host returned pointer,entries retrieved,corroborated,response received,date-over-365-days,https://auroraarizona.com/cms-hpt.txt,https://www.georgetownbehavioral.com/sites/default/files/462465087_Georgetown%20Behavioral%20Insitute_Standardcharges.csv,2024-10-16,2.0.0,https://www.georgetownbehavioral.com/standard-services,2026-09-09T01:50:43.442Z
450451,GLEN ROSE MEDICAL CENTER,TX,compliant-date-unverified,file-access-review,host returned pointer,entries retrieved,unresolved,unresolved,unverified,https://glenrosemedicalcenter.com/wp-content/uploads/2024/12/cms-hpt.txt,,,,,2026-09-09T01:46:15.204Z
671300,GRAHAM REGIONAL MEDICAL CENTER,TX,compliant-date-unverified,identity-or-format-review,host returned pointer,entries retrieved,unresolved,response received,unverified,https://3a8fe0be-6bd3-4fb3-8ed2-9c9666b2b893.usrfiles.com/ugd/3a8fe0_de920787b0134273a40628d34dff9fb1.txt,,,,,2026-09-09T01:46:15.450Z
454076,HARRIS COUNTY PSYCHIATRIC CENTER,TX,not-assessed-site-unreachable,pointer-or-domain-review,HTTP 200,not retrieved,unresolved,unresolved,unverified,,,,,,2026-09-09T01:46:15.513Z
450155,HEREFORD REGIONAL MEDICAL CENTER,TX,pointer-lists-no-mrf-url,identity-or-format-review,HTTP 200,not retrieved,unresolved,response received,unverified,,,,,,2026-09-09T01:46:15.327Z
451395,HILL REGIONAL HOSPITAL,TX,compliant-date-unverified,identity-or-format-review,host returned pointer,entries retrieved,unresolved,response received,unverified,https://hillregionalhospital.com/cms-hpt.txt,,,,,2026-09-09T01:46:15.468Z
450347,HUNTSVILLE MEMORIAL HOSPITAL,TX,no-cms-hpt-txt-published,pointer-or-domain-review,HTTP 202,not retrieved,unresolved,unresolved,unverified,,,,,,2026-09-09T01:46:15.351Z
450698,LAMB HEALTHCARE CENTER,TX,pointer-blocked-to-automation,pointer-or-domain-review,HTTP 200,not retrieved,unresolved,unresolved,unverified,,,,,,2026-09-09T01:44:47.654Z
450107,LAS PALMAS MEDICAL CENTER A CAMPUS OF LPDS HEALTHC,TX,not-assessed-not-named-in-file,pointer-or-domain-review,HTTP request deadline exceeded,not retrieved,unresolved,unresolved,unverified,,,,,,2026-09-09T01:46:25.755Z
451375,LIBERTY DAYTON REGIONAL MEDICAL CENTER,TX,compliant-date-unverified,file-access-review,host returned pointer,entries retrieved,unresolved,unresolved,unverified,https://libertydaytonrmc.com/cms-hpt.txt,,,,,2026-09-09T01:46:15.528Z
454118,LONE STAR BEHAVIORAL HEALTH CYPRESS,TX,old-template-version,correction-verified,host returned pointer,entries retrieved,corroborated,response received,date-within-365-days-version-3,https://lonestarbehavioralhealth.com/cms-hpt.txt,https://lonestarbehavioralhealth.com/wp-content/uploads/2026/09/452428528_lone-star-behavioral-health_standardcharges.csv,2026-09-01,3.0.0,https://lonestarbehavioralhealth.com/price-transparency/,2026-09-09T01:50:46.532Z
450465,MATAGORDA REGIONAL MEDICAL CENTER,TX,compliant-date-unverified,identity-or-format-review,host returned pointer,entries retrieved,unresolved,response received,unverified,https://matagordaregional.org/cms-hpt.txt,,,,,2026-09-09T01:46:15.772Z
451309,MC CAMEY HOSPITAL,TX,compliant-date-unverified,identity-or-format-review,host returned pointer,entries retrieved,unresolved,response received,unverified,https://mccameyhospital.org/cms-hpt.txt,,,,,2026-09-09T01:46:15.478Z
450489,MEDICAL ARTS HOSPITAL,TX,compliant-date-unverified,identity-or-format-review,host returned pointer,entries retrieved,unresolved,response received,unverified,https://medicalartshospital.org/cms-hpt.txt,,,,,2026-09-09T01:46:15.812Z
454161,MEDICAL CITY MENTAL HEALTH AND WELLNESS CENTER,TX,mrf-stale-over-365-days,identity-or-format-review,host returned pointer,entries retrieved,unresolved,response received,unverified,https://www.medicalcityhealthcare.com/cms-hpt.txt,,,,,2026-09-09T01:46:24.854Z
450235,MEMORIAL HOSPITAL,TX,pointer-blocked-to-automation,pointer-or-domain-review,HTTP 403,not retrieved,unresolved,unresolved,unverified,,,,,,2026-09-09T01:46:15.628Z
451358,MEMORIAL HOSPITAL,TX,pointer-blocked-to-automation,pointer-or-domain-review,HTTP 403,not retrieved,unresolved,unresolved,unverified,,,,,,2026-09-09T01:46:15.628Z
451386,MEMORIAL HOSPITAL,TX,pointer-blocked-to-automation,pointer-or-domain-review,HTTP 403,not retrieved,unresolved,unresolved,unverified,,,,,,2026-09-09T01:46:15.628Z
451396,MID COAST MEDICAL CENTER - CENTRAL,TX,not-assessed-not-named-in-file,identity-or-format-review,host returned pointer,entries retrieved,unresolved,response received,unverified,https://www.bswhealth.com/cms-hpt.txt,,,,,2026-09-09T01:46:15.834Z
450133,MIDLAND MEMORIAL HOSPITAL,TX,mrf-url-unreachable,file-access-review,host returned pointer,entries retrieved,unresolved,unresolved,unverified,https://www.midlandhealth.org/cms-hpt.txt,,,,,2026-09-09T01:46:15.795Z
451335,MUENSTER MEMORIAL HOSPITAL,TX,compliant-date-unverified,identity-or-format-review,host returned pointer,entries retrieved,unresolved,response received,unverified,https://muensterhospital.com/cms-hpt.txt,,,,,2026-09-09T01:46:15.638Z
451372,MULESHOE AREA MEDICAL CENTER,TX,no-cms-hpt-txt-published,pointer-or-domain-review,HTTP 202,not retrieved,unresolved,unresolved,unverified,,,,,,2026-09-09T01:46:16.049Z
450508,NACOGDOCHES MEMORIAL HOSPITAL,TX,compliant-date-unverified,file-access-review,host returned pointer,entries retrieved,unresolved,unresolved,unverified,https://nacmem.org/cms-hpt.txt,,,,,2026-09-09T01:46:15.776Z
450641,NOCONA GENERAL HOSPITAL,TX,old-template-version,file-access-review,host returned pointer,entries retrieved,unresolved,unresolved,unverified,https://noconageneral.com/cms-hpt.txt,,,,,2026-09-09T01:46:15.942Z
450090,NORTH TEXAS MEDICAL CENTER,TX,no-cms-hpt-txt-published,pointer-or-domain-review,HTTP 202,not retrieved,unresolved,unresolved,unverified,,,,,,2026-09-09T01:46:16.066Z
450209,NORTHWEST TEXAS HOSPITAL,TX,pointer-blocked-to-automation,pointer-or-domain-review,HTTP 403,not retrieved,unresolved,unresolved,unverified,,,,,,2026-09-09T01:46:15.960Z
451359,OCHILTREE GENERAL HOSPITAL,TX,compliant-date-unverified,identity-or-format-review,host returned pointer,entries retrieved,unresolved,response received,unverified,https://www.ochiltreehospital.com/cms-hpt.txt,,,,,2026-09-09T01:46:16.615Z
450747,PALESTINE REGIONAL MEDICAL CENTER,TX,not-assessed-site-unreachable,pointer-or-domain-review,HTTP 406,not retrieved,unresolved,unresolved,unverified,,,,,,2026-09-09T01:46:16.090Z
450196,PARIS REGIONAL MEDICAL CENTER,TX,compliant-date-unverified,pointer-or-domain-review,HTTP 200,not retrieved,unresolved,unresolved,unverified,,,,,,2026-09-09T01:46:16.653Z
451334,PARKVIEW HOSPITAL,TX,compliant-date-unverified,file-access-review,host returned pointer,entries retrieved,unresolved,unresolved,unverified,https://parkviewhosp.org/cms-hpt.txt,,,,,2026-09-09T01:46:16.166Z
450400,PARKVIEW REGIONAL HOSPITAL,TX,not-assessed-site-unreachable,pointer-or-domain-review,HTTP 406,not retrieved,unresolved,unresolved,unverified,,,,,,2026-09-09T01:46:16.246Z
450834,"PHYSICIANS CENTRE,THE",TX,not-assessed-site-unreachable,pointer-or-domain-review,HTTP request timeout,not retrieved,unresolved,unresolved,unverified,,,,,,2026-09-09T01:46:16.468Z
451350,PLAINS MEMORIAL HOSPITAL,TX,not-assessed-site-unreachable,pointer-or-domain-review,HTTP 200,not retrieved,unresolved,unresolved,unverified,,,,,,2026-09-09T01:46:16.349Z
451312,RICE MEDICAL CENTER,TX,old-template-version,file-access-review,host returned pointer,entries retrieved,unresolved,unresolved,unverified,https://irp.cdn-website.com/1a9a1f05/files/uploaded/cms-hpt-updated.txt,,,,,2026-09-09T01:46:16.678Z
450055,ROLLING PLAINS MEMORIAL HOSPITAL,TX,compliant-date-unverified,identity-or-format-review,HTTP 200,not retrieved,unresolved,response received,unverified,,,,,,2026-09-09T01:46:26.591Z
451361,SABINE COUNTY HOSPITAL,TX,pointer-blocked-to-automation,pointer-or-domain-review,HTTP 202,not retrieved,unresolved,unresolved,unverified,,,,,,2026-09-09T01:46:16.763Z
454132,SAN ANTONIO BEHAVIORAL HEALTHCARE HOSPITAL,TX,old-template-version,pointer-or-domain-review,HTTP 200,not retrieved,unresolved,unresolved,unverified,,,,,,2026-09-09T01:46:26.767Z
450653,SCENIC MOUNTAIN MEDICAL CENTER,TX,not-assessed-not-named-in-file,pointer-or-domain-review,HTTP request deadline exceeded,not retrieved,unresolved,unresolved,unverified,,,,,,2026-09-09T01:46:26.622Z
450035,ST JOSEPH MEDICAL CENTER,TX,mrf-stale-over-365-days,pointer-or-domain-review,HTTP 200,not retrieved,unresolved,unresolved,unverified,,,,,,2026-09-09T01:46:26.626Z
670314,ST MICHAELS MEDICAL HOSPITAL LLC,TX,no-cms-hpt-txt-published,pointer-or-domain-review,HTTP 200,not retrieved,unresolved,unresolved,unverified,,,,,,2026-09-09T01:46:26.652Z
450860,SUGAR LAND SURGICAL HOSPITAL LLP,TX,not-assessed-not-named-in-file,pointer-or-domain-review,HTTP 200,not retrieved,unresolved,unresolved,unverified,,,,,,2026-09-09T01:46:26.699Z
450831,SURGERY SPECIALTY HOSPITALS OF AMERICA SE HOUSTON,TX,mrf-url-unreachable,pointer-or-domain-review,HTTP 200,not retrieved,unresolved,unresolved,unverified,,,,,,2026-09-09T01:46:26.760Z
450889,TEXAS INSTITUTE FOR SURGERY AT PRESBYTERIAN HOSPIT,TX,compliant-date-unverified,identity-or-format-review,HTTP 200,not retrieved,unresolved,response received,unverified,,,,,,2026-09-09T01:46:26.930Z
450804,TEXAS ORTHOPEDIC HOSPITAL,TX,mrf-blocked-to-automation,pointer-or-domain-review,HTTP request timeout,not retrieved,unresolved,unresolved,unverified,,,,,,2026-09-09T01:46:38.428Z
670006,THE HOSPITAL AT WESTLAKE MEDICAL CENTER,TX,mrf-stale-over-365-days,identity-or-format-review,host returned pointer,entries retrieved,unresolved,response received,unverified,https://www.westlakemedical.com/cms-hpt.txt,,,,,2026-09-09T01:46:28.277Z
450518,THE MEDICAL CENTER OF SOUTHEAST TEXAS,TX,mrf-stale-over-365-days,publisher-date-review,host returned pointer,entries retrieved,corroborated,response received,date-over-365-days,https://medicalcentersetexas.org/cms-hpt.txt,https://medicalcentersetexas.org/pricetransparency/994785659_MedicalCenterSETexas_standardcharges.csv,2024-12-26,2.0.0,https://medicalcentersetexas.org/price-transparency,2026-09-09T01:51:07.985Z
451339,THROCKMORTON COUNTY MEMORIAL HOSPITAL,TX,compliant-date-unverified,identity-or-format-review,host returned pointer,entries retrieved,unresolved,response received,unverified,https://throckmortonhospital.com/cms-hpt.txt,,,,,2026-09-09T01:46:28.045Z
451370,TMC- BONHAM HOSPITAL,TX,pointer-blocked-to-automation,pointer-or-domain-review,HTTP 403,not retrieved,unresolved,unresolved,unverified,,,,,,2026-09-09T01:46:28.055Z
450774,TOPS SURGICAL SPECIALTY HOSPITAL,TX,pointer-blocked-to-automation,pointer-or-domain-review,HTTP 403,not retrieved,unresolved,unresolved,unverified,,,,,,2026-09-09T01:46:28.454Z
450010,UNITED REGIONAL HEALTH CARE SYSTEM,TX,old-template-version,publisher-template-review,host returned pointer,entries retrieved,corroborated,response received,date-within-365-days-older-version,https://unitedregional.org/getContentAsset/87726b46-3db7-42d1-b3d7-11de88ed5834/c204d644-0ccb-43d4-a505-69664b0a9bc3/cms-hpt.txt?language=en,https://unitedregional.org/getContentAsset/a128db8c-8ea3-461b-9531-3197f7c0b635/c204d644-0ccb-43d4-a505-69664b0a9bc3/751912147-united-regional-healthcare-system-standardcharges-in.csv?language=en,2025-11-15,2.0.0,https://unitedregional.org/patients-and-visitors/price-transparency,2026-09-09T01:51:08.178Z
450018,UNIVERSITY OF TEXAS MEDICAL BRANCH GALVESTON,TX,compliant-date-unverified,identity-or-format-review,host returned pointer,entries retrieved,unresolved,response received,unverified,https://www.utmb.edu/cms-hpt.txt,,,,,2026-09-09T01:46:29.228Z
450200,WADLEY REGIONAL MEDICAL CENTER,TX,not-assessed-not-named-in-file,identity-or-format-review,host returned pointer,entries retrieved,unresolved,response received,unverified,https://www.christushealth.org/cms-hpt.txt,,,,,2026-09-09T01:46:15.279Z
451373,WARD MEMORIAL HOSPITAL,TX,compliant-date-unverified,identity-or-format-review,host returned pointer,entries retrieved,unresolved,response received,unverified,https://www.wardmemorial.com/cms-hpt.txt,,,,,2026-09-09T01:46:29.257Z
450674,"WOMANS HOSPITAL OF TEXAS,THE",TX,mrf-blocked-to-automation,pointer-or-domain-review,HTTP request timeout,not retrieved,unresolved,unresolved,unverified,,,,,,2026-09-09T01:46:39.466Z
461310,BLUE MOUNTAIN HOSPITAL,UT,no-cms-hpt-txt-published,pointer-or-domain-review,HTTP 200,not retrieved,unresolved,unresolved,unverified,,,,,,2026-09-09T01:46:29.582Z
460017,BRIGHAM CITY COMMUNITY HOSPITAL,UT,mrf-stale-over-365-days,metadata-or-pointer-review,HTTP request timeout,not retrieved,unresolved,response received,unverified,,,,,,2026-09-09T01:46:39.567Z
460054,CACHE VALLEY HOSPITAL,UT,mrf-stale-over-365-days,metadata-or-pointer-review,HTTP request timeout,not retrieved,unresolved,response received,unverified,,,,,,2026-09-09T01:46:39.567Z
461306,GUNNISON VALLEY HOSPITAL,UT,no-cms-hpt-txt-published,pointer-or-domain-review,HTTP 200,not retrieved,unresolved,unresolved,unverified,,,,,,2026-09-09T01:46:39.531Z
461300,INTERMOUNTAIN HEALTH DELTA COMMUNITY HOSPITAL,UT,compliant-date-unverified,identity-or-format-review,host returned pointer,entries retrieved,unresolved,response received,unverified,https://intermountainhealthcare.org/sc10media/files/intermountain-health/locations/hospital-prices/price-transparency.txt,,,,,2026-09-09T01:43:43.038Z
461301,INTERMOUNTAIN HEALTH FILLMORE COMMUNITY HOSPITAL,UT,compliant-date-unverified,identity-or-format-review,host returned pointer,entries retrieved,unresolved,response received,unverified,https://intermountainhealthcare.org/sc10media/files/intermountain-health/locations/hospital-prices/price-transparency.txt,,,,,2026-09-09T01:43:43.038Z
461333,INTERMOUNTAIN HEALTH GARFIELD MEMORIAL HOSPITAL,UT,compliant-date-unverified,file-access-review,host returned pointer,entries retrieved,unresolved,unresolved,unverified,https://intermountainhealthcare.org/sc10media/files/intermountain-health/locations/hospital-prices/price-transparency.txt,,,,,2026-09-09T01:43:43.038Z
461303,INTERMOUNTAIN HEALTH SANPETE VALLEY HOSPITAL,UT,compliant-date-unverified,identity-or-format-review,host returned pointer,entries retrieved,unresolved,response received,unverified,https://intermountainhealthcare.org/sc10media/files/intermountain-health/locations/hospital-prices/price-transparency.txt,,,,,2026-09-09T01:43:43.038Z
460042,LAKEVIEW HOSPITAL,UT,mrf-stale-over-365-days,metadata-or-pointer-review,HTTP request timeout,not retrieved,unresolved,response received,unverified,,,,,,2026-09-09T01:46:39.567Z
460060,LONE PEAK HOSPITAL,UT,mrf-stale-over-365-days,metadata-or-pointer-review,HTTP request timeout,not retrieved,unresolved,response received,unverified,,,,,,2026-09-09T01:46:39.567Z
461302,MOAB REGIONAL HOSPITAL,UT,no-cms-hpt-txt-published,pointer-or-domain-review,HTTP 202,not retrieved,unresolved,unresolved,unverified,,,,,,2026-09-09T01:46:29.543Z
460013,MOUNTAIN VIEW HOSPITAL,UT,mrf-stale-over-365-days,metadata-or-pointer-review,HTTP request timeout,not retrieved,unresolved,response received,unverified,,,,,,2026-09-09T01:46:39.567Z
460005,OGDEN REGIONAL MEDICAL CENTER,UT,mrf-stale-over-365-days,metadata-or-pointer-review,HTTP request timeout,not retrieved,unresolved,response received,unverified,,,,,,2026-09-09T01:46:39.567Z
460047,ST MARK'S HOSPITAL,UT,mrf-stale-over-365-days,metadata-or-pointer-review,HTTP request timeout,not retrieved,unresolved,response received,unverified,,,,,,2026-09-09T01:46:39.567Z
460052,TIMPANOGOS REGIONAL HOSPITAL,UT,mrf-stale-over-365-days,metadata-or-pointer-review,HTTP request timeout,not retrieved,unresolved,response received,unverified,,,,,,2026-09-09T01:46:39.567Z
460019,UINTAH BASIN MEDICAL CENTER,UT,no-cms-hpt-txt-published,correction-verified,HTTP 200,entries retrieved,corroborated,response received,date-within-365-days-version-3,https://s46669.pcdn.co/wp-content/uploads/sites/227/2026/05/cms-hpt.txt,https://apim.services.craneware.com/api-pricing-transparency/api/public/6e8a5a2ffad6b97f31198aa99dbc26b1/charges/mrf,2026-04-21,3.0.0,https://www.cdmpricing.com/6e8a5a2ffad6b97f31198aa99dbc26b1,2026-09-09T01:51:11.715Z
460009,UNIVERSITY OF UTAH HOSPITAL AND CLINICS,UT,mrf-stale-over-365-days,metadata-or-pointer-review,HTTP 200,not retrieved,unresolved,response received,unverified,,,,,,2026-09-09T01:46:39.643Z
491300,BATH COMMUNITY HOSPITAL,VA,not-assessed-site-unreachable,pointer-or-domain-review,HTTP 202,not retrieved,unresolved,unresolved,unverified,,,,,,2026-09-09T01:46:39.705Z
491304,CARILION STONEWALL JACKSON HOSPITAL,VA,not-assessed-not-named-in-file,pointer-or-domain-review,HTTP 200,not retrieved,unresolved,unresolved,unverified,,,,,,2026-09-09T01:46:39.814Z
494033,CATAWBA HOSPITAL,VA,mrf-stale-over-365-days,metadata-or-pointer-review,HTTP 200,not retrieved,unresolved,response received,unverified,,,,,,2026-09-09T01:46:40.038Z
490021,CENTRA HEALTH -  LYNCHBURG GEN HOSPITAL,VA,not-assessed-not-named-in-file,pointer-or-domain-review,HTTP 403,not retrieved,unresolved,unresolved,unverified,,,,,,2026-09-09T01:46:40.054Z
490112,CJW MEDICAL CENTER,VA,not-assessed-not-named-in-file,pointer-or-domain-review,HTTP request timeout,not retrieved,unresolved,unresolved,unverified,,,,,,2026-09-09T01:46:40.524Z
494023,DOMINION HOSPITAL,VA,not-assessed-not-named-in-file,pointer-or-domain-review,HTTP request timeout,not retrieved,unresolved,unresolved,unverified,,,,,,2026-09-09T01:46:40.524Z
490104,HIRAM W DAVIS MEDICAL CENTER,VA,mrf-stale-over-365-days,identity-or-format-review,HTTP 200,not retrieved,unresolved,response received,unverified,,,,,,2026-09-09T01:46:40.038Z
490020,JOHN RANDOLPH MEDICAL CENTER,VA,not-assessed-not-named-in-file,pointer-or-domain-review,HTTP request timeout,not retrieved,unresolved,unresolved,unverified,,,,,,2026-09-09T01:46:40.524Z
490022,MARY WASHINGTON HOSPITAL,VA,mrf-stale-over-365-days,publisher-date-review,host returned pointer,entries retrieved,corroborated,response received,date-over-365-days,https://www.marywashingtonhealthcare.com/cms-hpt.txt,https://www.marywashingtonhealthcare.com/documents/540519577_mary-washington-hospital_standardcharges.csv,2024-12-30,2.0.0,https://www.marywashingtonhealthcare.com/patients-visitors/cost-estimates/,2026-09-09T01:51:12.724Z
490032,MEDICAL COLLEGE OF VIRGINIA HOSPITALS,VA,not-assessed-site-unreachable,file-access-review,host returned pointer,entries retrieved,unresolved,unresolved,unverified,https://www.vcuhealth.org/cms-hpt.txt,,,,,2026-09-09T01:46:42.115Z
494010,NORTHERN VIRGINIA MENTAL HEALTH INSTI,VA,mrf-stale-over-365-days,metadata-or-pointer-review,HTTP 200,not retrieved,unresolved,response received,unverified,,,,,,2026-09-09T01:46:40.038Z
494017,SOUTHERN VIRGINIA MENTAL HEALTH INSTITUTE,VA,mrf-stale-over-365-days,metadata-or-pointer-review,HTTP 200,not retrieved,unresolved,response received,unverified,,,,,,2026-09-09T01:46:40.038Z
494029,SOUTHWESTERN VIRGINIA MENTAL HEALTH INSTITUTE,VA,mrf-stale-over-365-days,identity-or-format-review,HTTP 200,not retrieved,unresolved,response received,unverified,,,,,,2026-09-09T01:46:40.038Z
490140,"STAFFORD HOSPITAL, LLC",VA,mrf-stale-over-365-days,publisher-date-review,host returned pointer,entries retrieved,corroborated,response received,date-over-365-days,https://www.marywashingtonhealthcare.com/cms-hpt.txt,https://www.marywashingtonhealthcare.com/documents/134316364_stafford-hospital_standardcharges.csv,2024-12-30,2.0.0,https://www.marywashingtonhealthcare.com/patients-visitors/cost-estimates/,2026-09-09T01:51:12.928Z
494021,WESTERN STATE HOSPITAL,VA,mrf-stale-over-365-days,identity-or-format-review,host returned pointer,entries retrieved,unresolved,response received,unverified,https://dbhds.virginia.gov/cms-hpt.txt,,,,,2026-09-09T01:46:41.641Z
470001,CENTRAL VERMONT MEDICAL CENTER,VT,pointer-blocked-to-automation,identity-or-format-review,host returned pointer,entries retrieved,unresolved,response received,unverified,https://www.uvmhealth.org/cms-hpt.txt,,,,,2026-09-09T01:46:42.419Z
471305,COPLEY HOSPITAL,VT,mrf-url-unreachable,file-access-review,host returned pointer,entries retrieved,unresolved,unresolved,unverified,https://www.copleyvt.org/cms-hpt.txt,,,,,2026-09-09T01:46:42.468Z
471300,GRACE COTTAGE HOSPITAL,VT,compliant-date-unverified,identity-or-format-review,host returned pointer,entries retrieved,unresolved,response received,unverified,https://gracecottage.org/cms-hpt.txt,,,,,2026-09-09T01:46:42.198Z
471307,PORTER HOSPITAL INC,VT,pointer-blocked-to-automation,correction-verified,host returned pointer,entries retrieved,corroborated,response received,date-within-365-days-version-3,https://www.uvmhealth.org/cms-hpt.txt,https://www.uvmhealth.org/sites/default/files/030181058_porter-hospital-inc_standardcharges.csv,2026-04-28,3.0.0,https://www.uvmhealth.org/patients-visitors/billing-insurance/price-transparency,2026-09-09T01:51:13.103Z
470012,SOUTHWESTERN VERMONT MEDICAL CENTER,VT,compliant-date-unverified,file-access-review,host returned pointer,entries retrieved,unresolved,unresolved,unverified,https://svhealthcare.org/cms-hpt.txt,,,,,2026-09-09T01:46:42.452Z
471306,SPRINGFIELD HOSPITAL,VT,compliant-date-unverified,identity-or-format-review,host returned pointer,entries retrieved,unresolved,response received,unverified,https://springfieldhospital.org/cms-hpt.txt,,,,,2026-09-09T01:46:42.443Z
504002,BHC FAIRFAX HOSPITAL,WA,pointer-blocked-to-automation,pointer-or-domain-review,HTTP 403,not retrieved,unresolved,unresolved,unverified,,,,,,2026-09-09T01:46:42.680Z
500044,DEACONESS MEDICAL CENTER,WA,not-assessed-not-named-in-file,identity-or-format-review,host returned pointer,entries retrieved,unresolved,response received,unverified,https://www.multicare.org/cms-hpt.txt,,,,,2026-09-09T01:46:43.299Z
500031,GRAYS HARBOR COMMUNITY HOSPITAL,WA,mrf-url-unreachable,file-access-review,host returned pointer,entries retrieved,unresolved,unresolved,unverified,https://static1.squarespace.com/static/5e90f5d75542933b842d0964/t/681d2dd1e71fc254c48f7fa0/1746742737725/cms-hpt.txt,,,,,2026-09-09T01:46:43.552Z
500007,ISLAND HOSPITAL,WA,mrf-url-unreachable,file-access-review,host returned pointer,entries retrieved,unresolved,unresolved,unverified,https://islandhospital.org/cms-hpt.txt,,,,,2026-09-09T01:46:42.744Z
501316,KLICKITAT VALLEY HOSPITAL,WA,mrf-stale-over-365-days,identity-or-format-review,host returned pointer,entries retrieved,unresolved,response received,unverified,https://kvhealth.net/cms-hpt.txt,,,,,2026-09-09T01:46:42.798Z
501340,PEACEHEALTH PEACE ISLAND MEDICAL CENTER,WA,pointer-blocked-to-automation,pointer-or-domain-review,HTTP request timeout,not retrieved,unresolved,unresolved,unverified,,,,,,2026-09-09T01:42:05.446Z
500050,PEACEHEALTH SOUTHWEST MEDICAL CENTE,WA,pointer-blocked-to-automation,pointer-or-domain-review,HTTP request timeout,not retrieved,unresolved,unresolved,unverified,,,,,,2026-09-09T01:42:05.446Z
500041,PEACEHEALTH ST JOHN MEDICAL CENTER,WA,pointer-blocked-to-automation,pointer-or-domain-review,HTTP request timeout,not retrieved,unresolved,unresolved,unverified,,,,,,2026-09-09T01:42:05.446Z
500030,PEACEHEALTH ST JOSEPH MEDICAL CENTER,WA,pointer-blocked-to-automation,pointer-or-domain-review,HTTP request timeout,not retrieved,unresolved,unresolved,unverified,,,,,,2026-09-09T01:42:05.446Z
501329,PEACEHEALTH UNITED GENERAL MEDICAL CENTER,WA,pointer-blocked-to-automation,pointer-or-domain-review,HTTP request timeout,not retrieved,unresolved,unresolved,unverified,,,,,,2026-09-09T01:42:05.446Z
501312,PROSSER MEMORIAL HOSPITAL,WA,mrf-stale-over-365-days,publisher-date-review,host returned pointer,entries retrieved,corroborated,response received,date-over-365-days,https://www.prosserhealth.org/cms-hpt.txt,https://res.cloudinary.com/dpmykpsih/raw/upload/prosser-health-site-416/media/r/98285db682424129bd554acc0db84c2a/91-6013490_prosser-memorial-health-hospital_standardcharges.csv,2025-01-01,2.0.0,https://www.prosserhealth.org/patients-and-visitors/financial-services/pricing-transparency/,2026-09-09T01:51:14.084Z
500054,PROV SACRED HRT MED CTR & CHILDS HOSP.,WA,not-assessed-not-named-in-file,pointer-or-domain-review,HTTP 200,not retrieved,unresolved,unresolved,unverified,,,,,,2026-09-09T01:46:53.821Z
520041,ASPIRUS DIVINE SAVIOR HOSPITAL,WI,mrf-stale-over-365-days,publisher-date-review,host returned pointer,entries retrieved,corroborated,response received,date-over-365-days,https://www.aspirus.org/cms-hpt.txt,https://www.aspirus.org/Uploads/Public/Documents/PriceEstimate/TransparencyFY26/390806250_aspirus-divine-savior-hospital_standardcharges.json,2025-07-01,2.2.0,https://www.aspirus.org/price-estimate,2026-09-09T01:51:14.215Z
521300,ASPIRUS EAGLE RIVER HOSPITAL,WI,mrf-stale-over-365-days,publisher-date-review,host returned pointer,entries retrieved,corroborated,response received,date-over-365-days,https://www.aspirus.org/cms-hpt.txt,https://www.aspirus.org/Uploads/Public/Documents/PriceEstimate/TransparencyFY26/390985690_aspirus-eagle-river-hospital_standardcharges.json,2025-07-01,2.2.0,https://www.aspirus.org/price-estimate,2026-09-09T01:51:14.413Z
521324,"ASPIRUS MEDFORD HOSPITAL & CLINICS, INC",WI,mrf-stale-over-365-days,identity-or-format-review,host returned pointer,entries retrieved,unresolved,response received,unverified,https://www.aspirus.org/cms-hpt.txt,,,,,2026-09-09T01:44:29.866Z
521339,ASPIRUS MERRILL HOSPITAL,WI,mrf-stale-over-365-days,publisher-date-review,host returned pointer,entries retrieved,corroborated,response received,date-over-365-days,https://www.aspirus.org/cms-hpt.txt,https://www.aspirus.org/Uploads/Public/Documents/PriceEstimate/TransparencyFY26/390808503_aspirus-merrill-hospital_standardcharges.json,2025-07-01,2.2.0,https://www.aspirus.org/price-estimate,2026-09-09T01:51:14.604Z
520019,ASPIRUS RHINELANDER HOSPITAL,WI,mrf-stale-over-365-days,file-access-review,host returned pointer,entries retrieved,unresolved,unresolved,unverified,https://www.aspirus.org/cms-hpt.txt,,,,,2026-09-09T01:44:29.866Z
520033,ASPIRUS RIVERVIEW HOSPITAL & CLINICS INC,WI,mrf-stale-over-365-days,file-access-review,host returned pointer,entries retrieved,unresolved,unresolved,unverified,https://www.aspirus.org/cms-hpt.txt,,,,,2026-09-09T01:44:29.866Z
521311,ASPIRUS STANLEY HOSPITAL,WI,mrf-stale-over-365-days,file-access-review,host returned pointer,entries retrieved,unresolved,unresolved,unverified,https://www.aspirus.org/cms-hpt.txt,,,,,2026-09-09T01:44:29.866Z
520002,"ASPIRUS STEVENS POINT HOSPITAL & CLINICS, INC.",WI,mrf-stale-over-365-days,file-access-review,host returned pointer,entries retrieved,unresolved,unresolved,unverified,https://www.aspirus.org/cms-hpt.txt,,,,,2026-09-09T01:44:29.866Z
521313,ASPIRUS TOMAHAWK HOSPITAL,WI,mrf-stale-over-365-days,file-access-review,host returned pointer,entries retrieved,unresolved,unresolved,unverified,https://www.aspirus.org/cms-hpt.txt,,,,,2026-09-09T01:44:29.866Z
520030,ASPIRUS WAUSAU HOSPITAL,WI,mrf-stale-over-365-days,file-access-review,host returned pointer,entries retrieved,unresolved,unresolved,unverified,https://www.aspirus.org/cms-hpt.txt,,,,,2026-09-09T01:44:29.866Z
521331,BURNETT MEDICAL CENTER,WI,mrf-stale-over-365-days,publisher-date-review,host returned pointer,entries retrieved,corroborated,response received,date-over-365-days,https://www.burnettmedicalcenter.com/cms-hpt.txt,https://www.burnettmedicalcenter.com/wp-content/uploads/2025/03/390938661_BurnettMedicalCenter_standardcharges.csv,2024-07-01,2.0.0,https://www.burnettmedicalcenter.com/patients-visitors/price-transparency/,2026-09-09T01:51:14.710Z
521307,CHIPPEWA VALLEY HOSPITAL,WI,not-assessed-not-named-in-file,identity-or-format-review,host returned pointer,entries retrieved,unresolved,response received,unverified,https://www.adventhealth.com/cms-hpt.txt,,,,,2026-09-09T01:44:06.923Z
520103,COMMUNITY MEMORIAL HOSPITAL,WI,not-assessed-not-named-in-file,identity-or-format-review,host returned pointer,entries retrieved,unresolved,response received,unverified,https://www.froedtert.com/sites/default/files/upload/docs/patients-visitors/cms-hpt.txt,,,,,2026-09-09T01:46:44.055Z
520071,FORT MEMORIAL HOSPITAL,WI,compliant-date-unverified,file-access-review,host returned pointer,entries retrieved,unresolved,unresolved,unverified,https://www.forthealthcare.com/cms-hpt.txt,,,,,2026-09-09T01:46:43.955Z
520021,FROEDTERT SOUTH INC.,WI,not-assessed-not-named-in-file,identity-or-format-review,host returned pointer,entries retrieved,unresolved,response received,unverified,https://www.froedtert.com/sites/default/files/upload/docs/patients-visitors/cms-hpt.txt,,,,,2026-09-09T01:46:44.055Z
520091,HOWARD YOUNG MEDICAL CENTER,WI,mrf-stale-over-365-days,publisher-date-review,host returned pointer,entries retrieved,corroborated,response received,date-over-365-days,https://www.aspirus.org/cms-hpt.txt,https://www.aspirus.org/Uploads/Public/Documents/PriceEstimate/TransparencyFY26/390873606_howard-young-medical-center_standardcharges.json,2025-07-01,2.2.0,https://www.aspirus.org/price-estimate,2026-09-09T01:51:59.618Z
521335,HUDSON HOSPITAL,WI,not-assessed-not-named-in-file,identity-or-format-review,host returned pointer,entries retrieved,unresolved,response received,unverified,https://www.healthpartners.com/cms-hpt.txt,,,,,2026-09-09T01:44:33.315Z
521350,LANGLADE HOSPITAL,WI,mrf-stale-over-365-days,identity-or-format-review,host returned pointer,entries retrieved,unresolved,response received,unverified,https://www.aspirus.org/cms-hpt.txt,,,,,2026-09-09T01:44:29.866Z
524017,NORTH CENTRAL HEALTH CARE,WI,mrf-stale-over-365-days,file-access-review,host returned pointer,entries retrieved,unresolved,unresolved,unverified,https://www.norcen.org/cms-hpt.txt,,,,,2026-09-09T01:46:43.630Z
524019,NORWOOD HEALTH CENTER,WI,old-template-version,file-access-review,host returned pointer,entries retrieved,unresolved,unresolved,unverified,https://woodcountywi.gov/cms-hpt.txt,,,,,2026-09-09T01:46:43.914Z
520116,WATERTOWN MEMORIAL HOSPITAL,WI,not-assessed-site-unreachable,pointer-or-domain-review,HTTP request timeout,not retrieved,unresolved,unresolved,unverified,,,,,,2026-09-09T01:46:43.866Z
510091,CAMC CHARLESTON SURGICAL HOSPITAL,WV,mrf-url-unreachable,pointer-or-domain-review,HTTP 200,not retrieved,unresolved,unresolved,unverified,,,,,,2026-09-09T01:46:53.932Z
510002,"CAMC GREENBRIER VALLEY MEDICAL CENTER, INC",WV,mrf-url-unreachable,file-access-review,HTTP 200,entries retrieved,unresolved,unresolved,unverified,https://www.camc.org/cms-hpt.txt,,,,,2026-09-09T01:46:53.944Z
510030,DAVIS MEDICAL CENTER,WV,mrf-url-unreachable,file-access-review,HTTP 200,entries retrieved,unresolved,unresolved,unverified,https://search.hospitalpriceindex.com/8555/cms-hpt.txt,,,,,2026-09-09T01:46:53.930Z
510048,LOGAN REGIONAL MEDICAL CENTER,WV,not-assessed-site-unreachable,pointer-or-domain-review,HTTP 406,not retrieved,unresolved,unresolved,unverified,,,,,,2026-09-09T01:46:53.959Z
514009,MILDRED MITCHELL-BATEMAN HOSPITAL,WV,not-assessed-site-unreachable,pointer-or-domain-review,HTTP Client network socket disconnected before secure TLS connection was established,not retrieved,unresolved,unresolved,unverified,,,,,,2026-09-09T01:46:54.075Z
511306,ROANE GENERAL HOSPITAL,WV,no-cms-hpt-txt-published,pointer-or-domain-review,HTTP 202,not retrieved,unresolved,unresolved,unverified,,,,,,2026-09-09T01:46:56.661Z
510086,WELCH COMMUNITY HOSPITAL,WV,not-assessed-site-unreachable,pointer-or-domain-review,HTTP 200,not retrieved,unresolved,unresolved,unverified,,,,,,2026-09-09T01:46:58.354Z
514012,"WILLIAM R SHARPE, JR HOSPITAL",WV,not-assessed-site-unreachable,pointer-or-domain-review,HTTP 200,not retrieved,unresolved,unresolved,unverified,,,,,,2026-09-09T01:46:58.354Z
530012,BANNER WYOMING MEDICAL CENTER,WY,not-assessed-site-unreachable,pointer-or-domain-review,HTTP request deadline exceeded,not retrieved,unresolved,unresolved,unverified,,,,,,2026-09-09T01:47:01.367Z
531305,PLATTE COUNTY HOSPITAL,WY,pointer-blocked-to-automation,pointer-or-domain-review,HTTP Parse Error: Header overflow,not retrieved,unresolved,unresolved,unverified,,,,,,2026-09-09T01:42:43.244Z
530008,SAGEWEST HEALTH CARE,WY,not-assessed-site-unreachable,pointer-or-domain-review,HTTP 406,not retrieved,unresolved,unresolved,unverified,,,,,,2026-09-09T01:47:01.371Z
531313,STAR VALLEY MEDICAL CENTER,WY,mrf-stale-over-365-days,pointer-or-domain-review,HTTP 200,not retrieved,unresolved,unresolved,unverified,,,,,,2026-09-09T01:47:02.081Z
530034,SUMMIT MEDICAL CENTER,WY,not-assessed-not-named-in-file,pointer-or-domain-review,HTTP request timeout,not retrieved,unresolved,unresolved,unverified,,,,,,2026-09-09T01:47:04.006Z
531306,WASHAKIE MEDICAL CENTER,WY,pointer-blocked-to-automation,pointer-or-domain-review,HTTP Parse Error: Header overflow,not retrieved,unresolved,unresolved,unverified,,,,,,2026-09-09T01:42:43.244Z
