ccn,hospital_name,state,old_finding,status,website,pointer,identity,file_access,metadata,pointer_url,mrf_url,date,version,source_page,checked_at,recorded_pointer_url,recorded_mrf_url,queue,next_action,evidence_file,evidence_key
021310,MANIILAQ HEALTH CENTER,AK,compliant-date-unverified,identity-or-format-review,host returned pointer,entries retrieved,unresolved,response received,unverified,https://maniilaq.mdsave.com/cms-hpt.txt,,,,,2026-09-09T01:41:55.572Z,,,Identity / parser review,"Compare the file header with roster name, address and license state. Inspect archive contents or metadata beyond the capped header if extraction is incomplete.",file-evidence.csv,021310
021311,PEACEHEALTH KETCHIKAN MEDICAL CENTER,AK,pointer-blocked-to-automation,pointer-or-domain-review,HTTP request timeout,not retrieved,unresolved,unresolved,unverified,,,,,,2026-09-09T01:42:05.446Z,,,Browser / official-domain review,Open the recorded pointer and official homepage in a browser. Follow the official pricing page; record redirects and exact response. Verify a replacement domain against first-party facility identity before assigning it.,file-evidence.csv,021311
021312,SAMUEL SIMMONDS MEMORIAL HOSPITAL,AK,not-assessed-site-unreachable,pointer-or-domain-review,HTTP 200,not retrieved,unresolved,unresolved,unverified,,,,,,2026-09-09T01:41:56.173Z,,,Browser / official-domain review,Open the recorded pointer and official homepage in a browser. Follow the official pricing page; record redirects and exact response. Verify a replacement domain against first-party facility identity before assigning it.,file-evidence.csv,021312
021305,SEARHC WRANGELL MEDICAL CENTER & LTC,AK,no-cms-hpt-txt-published,pointer-or-domain-review,HTTP 200,not retrieved,unresolved,unresolved,unverified,,,,,,2026-09-09T01:41:55.598Z,,,Browser / official-domain review,Open the recorded pointer and official homepage in a browser. Follow the official pricing page; record redirects and exact response. Verify a replacement domain against first-party facility identity before assigning it.,file-evidence.csv,021305
021314,SOUTHEAST ALASKA REGIONAL HEALTH CONSORTIUM,AK,mrf-stale-over-365-days,metadata-or-pointer-review,HTTP 200,not retrieved,unresolved,response received,unverified,,,,,,2026-09-09T01:41:56.008Z,,,Pointer / metadata review,Inspect the corroborated file and official pointer separately. Resolve missing or conflicting metadata and multiple file candidates before promoting.,file-evidence.csv,021314
010036,ANDALUSIA HEALTH,AL,not-assessed-site-unreachable,pointer-or-domain-review,HTTP request timeout,not retrieved,unresolved,unresolved,unverified,,,,,,2026-09-09T01:41:55.440Z,,,Browser / official-domain review,Open the recorded pointer and official homepage in a browser. Follow the official pricing page; record redirects and exact response. Verify a replacement domain against first-party facility identity before assigning it.,file-evidence.csv,010036
010079,ATHENS LIMESTONE HOSPITAL,AL,not-assessed-site-unreachable,pointer-or-domain-review,HTTP request timeout,not retrieved,unresolved,unresolved,unverified,,,,,,2026-09-09T01:42:05.315Z,,,Browser / official-domain review,Open the recorded pointer and official homepage in a browser. Follow the official pricing page; record redirects and exact response. Verify a replacement domain against first-party facility identity before assigning it.,file-evidence.csv,010079
010169,ATMORE COMMUNITY HOSPITAL,AL,mrf-stale-over-365-days,metadata-or-pointer-review,HTTP request timeout,not retrieved,unresolved,response received,unverified,,,,,,2026-09-09T01:42:05.565Z,,,Pointer / metadata review,Inspect the corroborated file and official pointer separately. Resolve missing or conflicting metadata and multiple file candidates before promoting.,file-evidence.csv,010169
010083,BALDWIN HEALTH,AL,no-cms-hpt-txt-published,pointer-or-domain-review,HTTP 200,not retrieved,unresolved,unresolved,unverified,,,,,,2026-09-09T01:41:55.650Z,,,Browser / official-domain review,Open the recorded pointer and official homepage in a browser. Follow the official pricing page; record redirects and exact response. Verify a replacement domain against first-party facility identity before assigning it.,file-evidence.csv,010083
010023,BAPTIST MEDICAL CENTER SOUTH,AL,compliant-date-unverified,identity-quarantined,HTTP request timeout,not retrieved,unresolved,unresolved,unverified,,,,,https://www.baptistfirst.org/patients-visitors/before-your-visit/get-a-price-estimate,2026-09-09T01:42:05.648Z,,,Facility identity adjudication,The previous assignment is excluded. Resolve roster name/address or find an official pointer and file that corroborate this facility.,file-evidence.csv,010023
014015,BEACON CHILDREN'S HOSPITAL,AL,old-template-version,identity-or-format-review,HTTP request timeout,not retrieved,unresolved,response received,unverified,,,,,,2026-09-09T01:42:06.043Z,,,Identity / parser review,"Compare the file header with roster name, address and license state. Inspect archive contents or metadata beyond the capped header if extraction is incomplete.",file-evidence.csv,014015
010073,CLAY COUNTY HOSPITAL,AL,compliant-date-unverified,identity-or-format-review,HTTP request timeout,not retrieved,unresolved,response received,unverified,,,,,,2026-09-09T01:42:05.881Z,,,Identity / parser review,"Compare the file header with roster name, address and license state. Inspect archive contents or metadata beyond the capped header if extraction is incomplete.",file-evidence.csv,010073
010034,COMMUNITY HOSPITAL INC,AL,no-cms-hpt-txt-published,pointer-or-domain-review,HTTP 200,not retrieved,unresolved,unresolved,unverified,,,,,,2026-09-09T01:41:56.245Z,,,Browser / official-domain review,Open the recorded pointer and official homepage in a browser. Follow the official pricing page; record redirects and exact response. Verify a replacement domain against first-party facility identity before assigning it.,file-evidence.csv,010034
010164,COOSA VALLEY MEDICAL CENTER,AL,compliant-date-unverified,identity-or-format-review,HTTP request timeout,not retrieved,unresolved,response received,unverified,,,,,,2026-09-09T01:42:05.696Z,,,Identity / parser review,"Compare the file header with roster name, address and license state. Inspect archive contents or metadata beyond the capped header if extraction is incomplete.",file-evidence.csv,010164
011308,CRENSHAW COMMUNITY HOSPITAL,AL,old-template-version,metadata-or-pointer-review,HTTP request timeout,not retrieved,unresolved,response received,unverified,,,,,,2026-09-09T01:42:06.693Z,,,Pointer / metadata review,Inspect the corroborated file and official pointer separately. Resolve missing or conflicting metadata and multiple file candidates before promoting.,file-evidence.csv,011308
010131,CRESTWOOD MEDICAL CENTER,AL,not-assessed-site-unreachable,pointer-or-domain-review,HTTP request timeout,not retrieved,unresolved,unresolved,unverified,,,,,,2026-09-09T01:42:05.348Z,,,Browser / official-domain review,Open the recorded pointer and official homepage in a browser. Follow the official pricing page; record redirects and exact response. Verify a replacement domain against first-party facility identity before assigning it.,file-evidence.csv,010131
010099,D W MCMILLAN MEMORIAL HOSPITAL,AL,mrf-stale-over-365-days,metadata-or-pointer-review,HTTP request timeout,not retrieved,unresolved,response received,unverified,,,,,,2026-09-09T01:42:05.597Z,,,Pointer / metadata review,Inspect the corroborated file and official pointer separately. Resolve missing or conflicting metadata and multiple file candidates before promoting.,file-evidence.csv,010099
010092,DCH REGIONAL MEDICAL CENTER,AL,compliant-date-unverified,pointer-or-domain-review,HTTP request timeout,not retrieved,unresolved,unresolved,unverified,,,,,,2026-09-09T01:42:05.997Z,,,Browser / official-domain review,Open the recorded pointer and official homepage in a browser. Follow the official pricing page; record redirects and exact response. Verify a replacement domain against first-party facility identity before assigning it.,file-evidence.csv,010092
010085,DECATUR MORGAN HOSPITAL - DECATUR CAMPUS,AL,not-assessed-site-unreachable,pointer-or-domain-review,HTTP request timeout,not retrieved,unresolved,unresolved,unverified,,,,,,2026-09-09T01:42:05.315Z,,,Browser / official-domain review,Open the recorded pointer and official homepage in a browser. Follow the official pricing page; record redirects and exact response. Verify a replacement domain against first-party facility identity before assigning it.,file-evidence.csv,010085
010012,DEKALB REGIONAL MEDICAL CENTER,AL,not-assessed-not-named-in-file,pointer-or-domain-review,HTTP request timeout,not retrieved,unresolved,unresolved,unverified,,,,,,2026-09-09T01:42:06.370Z,,,Browser / official-domain review,Open the recorded pointer and official homepage in a browser. Follow the official pricing page; record redirects and exact response. Verify a replacement domain against first-party facility identity before assigning it.,file-evidence.csv,010012
010148,EVERGREEN MEDICAL CENTER,AL,mrf-blocked-to-automation,pointer-or-domain-review,HTTP request timeout,not retrieved,unresolved,unresolved,unverified,,,,,,2026-09-09T01:42:06.448Z,,,Browser / official-domain review,Open the recorded pointer and official homepage in a browser. Follow the official pricing page; record redirects and exact response. Verify a replacement domain against first-party facility identity before assigning it.,file-evidence.csv,010148
010045,FAYETTE MEDICAL CENTER,AL,compliant-date-unverified,pointer-or-domain-review,HTTP request timeout,not retrieved,unresolved,unresolved,unverified,,,,,,2026-09-09T01:42:05.997Z,,,Browser / official-domain review,Open the recorded pointer and official homepage in a browser. Follow the official pricing page; record redirects and exact response. Verify a replacement domain against first-party facility identity before assigning it.,file-evidence.csv,010045
010019,HELEN KELLER HOSPITAL,AL,not-assessed-site-unreachable,pointer-or-domain-review,HTTP request timeout,not retrieved,unresolved,unresolved,unverified,,,,,,2026-09-09T01:42:05.315Z,,,Browser / official-domain review,Open the recorded pointer and official homepage in a browser. Follow the official pricing page; record redirects and exact response. Verify a replacement domain against first-party facility identity before assigning it.,file-evidence.csv,010019
010061,HIGHLANDS MEDICAL CENTER,AL,not-assessed-site-unreachable,pointer-or-domain-review,HTTP request timeout,not retrieved,unresolved,unresolved,unverified,,,,,,2026-09-09T01:42:07.321Z,,,Browser / official-domain review,Open the recorded pointer and official homepage in a browser. Follow the official pricing page; record redirects and exact response. Verify a replacement domain against first-party facility identity before assigning it.,file-evidence.csv,010061
014000,HILL CREST BEHAVIORAL HEALTH SERVICES,AL,pointer-blocked-to-automation,pointer-or-domain-review,HTTP request timeout,not retrieved,unresolved,unresolved,unverified,,,,,,2026-09-09T01:42:16.647Z,,,Browser / official-domain review,Open the recorded pointer and official homepage in a browser. Follow the official pricing page; record redirects and exact response. Verify a replacement domain against first-party facility identity before assigning it.,file-evidence.csv,014000
010168,JACK HUGHSTON MEMORIAL HOSPITAL,AL,mrf-url-unreachable,identity-or-format-review,HTTP 200,not retrieved,unresolved,response received,unverified,,,,,,2026-09-09T01:42:25.525Z,,,Identity / parser review,"Compare the file header with roster name, address and license state. Inspect archive contents or metadata beyond the capped header if extraction is incomplete.",file-evidence.csv,010168
011311,LAKELAND COMMUNITY HOSPITAL,AL,no-cms-hpt-txt-published,pointer-or-domain-review,HTTP 200,not retrieved,unresolved,unresolved,unverified,,,,,,2026-09-09T01:42:35.373Z,,,Browser / official-domain review,Open the recorded pointer and official homepage in a browser. Follow the official pricing page; record redirects and exact response. Verify a replacement domain against first-party facility identity before assigning it.,file-evidence.csv,011311
010007,MIZELL MEMORIAL HOSPITAL,AL,mrf-stale-over-365-days,metadata-or-pointer-review,HTTP 200,not retrieved,unresolved,response received,unverified,,,,,,2026-09-09T01:42:35.420Z,,,Pointer / metadata review,Inspect the corroborated file and official pointer separately. Resolve missing or conflicting metadata and multiple file candidates before promoting.,file-evidence.csv,010007
014006,MOUNTAIN VIEW HOSPITAL,AL,mrf-stale-over-365-days,identity-or-format-review,HTTP 200,not retrieved,unresolved,response received,unverified,,,,,,2026-09-09T01:42:35.515Z,,,Identity / parser review,"Compare the file header with roster name, address and license state. Inspect archive contents or metadata beyond the capped header if extraction is incomplete.",file-evidence.csv,014006
011304,OCHSNER CHOCTAW GENERAL,AL,not-assessed-not-named-in-file,identity-or-format-review,HTTP 200,not retrieved,unresolved,response received,unverified,,,,,,2026-09-09T01:42:35.592Z,,,Identity / parser review,"Compare the file header with roster name, address and license state. Inspect archive contents or metadata beyond the capped header if extraction is incomplete.",file-evidence.csv,011304
011302,RED BAY HOSPITAL,AL,not-assessed-not-named-in-file,pointer-or-domain-review,HTTP 302,not retrieved,unresolved,unresolved,unverified,,,,,,2026-09-09T01:42:35.641Z,,,Browser / official-domain review,Open the recorded pointer and official homepage in a browser. Follow the official pricing page; record redirects and exact response. Verify a replacement domain against first-party facility identity before assigning it.,file-evidence.csv,011302
010065,RUSSELL MEDICAL CENTER,AL,no-cms-hpt-txt-published,metadata-or-pointer-review,HTTP 200,not retrieved,unresolved,response received,unverified,,,,,,2026-09-09T01:42:35.735Z,,,Pointer / metadata review,Inspect the corroborated file and official pointer separately. Resolve missing or conflicting metadata and multiple file candidates before promoting.,file-evidence.csv,010065
011306,TANNER MEDICAL CENTER-EAST ALABAMA,AL,mrf-stale-over-365-days,metadata-or-pointer-review,HTTP 200,not retrieved,unresolved,response received,unverified,,,,,,2026-09-09T01:42:35.924Z,,,Pointer / metadata review,Inspect the corroborated file and official pointer separately. Resolve missing or conflicting metadata and multiple file candidates before promoting.,file-evidence.csv,011306
010150,THE HEALTH CARE AUTHORITY OF THE CITY OF GREENVILLE- LV STABLER HOSPITAL,AL,mrf-stale-over-365-days,pointer-or-domain-review,HTTP Client network socket disconnected before secure TLS connection was established,not retrieved,unresolved,unresolved,unverified,,,,,,2026-09-09T01:42:36.034Z,,,Browser / official-domain review,Open the recorded pointer and official homepage in a browser. Follow the official pricing page; record redirects and exact response. Verify a replacement domain against first-party facility identity before assigning it.,file-evidence.csv,010150
010126,TROY REGIONAL MEDICAL CENTER,AL,mrf-stale-over-365-days,metadata-or-pointer-review,HTTP 200,not retrieved,unresolved,response received,unverified,,,,,,2026-09-09T01:42:36.079Z,,,Pointer / metadata review,Inspect the corroborated file and official pointer separately. Resolve missing or conflicting metadata and multiple file candidates before promoting.,file-evidence.csv,010126
010118,VAUGHAN REGIONAL MEDICAL CENTER PARKWAY CAMPUS,AL,not-assessed-site-unreachable,pointer-or-domain-review,HTTP 406,not retrieved,unresolved,unresolved,unverified,,,,,,2026-09-09T01:42:36.404Z,,,Browser / official-domain review,Open the recorded pointer and official homepage in a browser. Follow the official pricing page; record redirects and exact response. Verify a replacement domain against first-party facility identity before assigning it.,file-evidence.csv,010118
010112,WHITFIELD REGIONAL HOSPITAL,AL,no-cms-hpt-txt-published,pointer-or-domain-review,HTTP 200,not retrieved,unresolved,unresolved,unverified,,,,,,2026-09-09T01:42:36.484Z,,,Browser / official-domain review,Open the recorded pointer and official homepage in a browser. Follow the official pricing page; record redirects and exact response. Verify a replacement domain against first-party facility identity before assigning it.,file-evidence.csv,010112
040039,ARKANSAS METHODIST MEDICAL CENTER,AR,compliant-date-unverified,identity-or-format-review,HTTP 200,not retrieved,unresolved,response received,unverified,,,,,,2026-09-09T01:42:36.829Z,,,Identity / parser review,"Compare the file header with roster name, address and license state. Inspect archive contents or metadata beyond the capped header if extraction is incomplete.",file-evidence.csv,040039
044011,ARKANSAS STATE HOSPITAL,AR,no-cms-hpt-txt-published,pointer-or-domain-review,HTTP 200,not retrieved,unresolved,unresolved,unverified,,,,,,2026-09-09T01:42:37.535Z,,,Browser / official-domain review,Open the recorded pointer and official homepage in a browser. Follow the official pricing page; record redirects and exact response. Verify a replacement domain against first-party facility identity before assigning it.,file-evidence.csv,044011
040147,ARKANSAS SURGICAL HOSPITAL,AR,no-cms-hpt-txt-published,pointer-or-domain-review,HTTP 200,not retrieved,unresolved,unresolved,unverified,,,,,,2026-09-09T01:42:40.969Z,,,Browser / official-domain review,Open the recorded pointer and official homepage in a browser. Follow the official pricing page; record redirects and exact response. Verify a replacement domain against first-party facility identity before assigning it.,file-evidence.csv,040147
040011,CHAMBERS MEMORIAL HOSPITAL,AR,compliant-date-unverified,identity-or-format-review,host returned pointer,entries retrieved,unresolved,response received,unverified,https://chambershealth.org/cms-hpt.txt,,,,,2026-09-09T01:42:40.585Z,,,Identity / parser review,"Compare the file header with roster name, address and license state. Inspect archive contents or metadata beyond the capped header if extraction is incomplete.",file-evidence.csv,040011
040069,GREAT RIVER MEDICAL CENTER,AR,mrf-stale-over-365-days,identity-or-format-review,host returned pointer,entries retrieved,unresolved,response received,unverified,https://www.mchsys.org/cms-hpt.txt,,,,,2026-09-09T01:42:41.347Z,,,Identity / parser review,"Compare the file header with roster name, address and license state. Inspect archive contents or metadata beyond the capped header if extraction is incomplete.",file-evidence.csv,040069
040002,JOHNSON REGIONAL MEDICAL CENTER,AR,old-template-version,identity-or-format-review,host returned pointer,entries retrieved,unresolved,response received,unverified,https://www.jrmc.com/cms-hpt.txt,,,,,2026-09-09T01:42:41.247Z,,,Identity / parser review,"Compare the file header with roster name, address and license state. Inspect archive contents or metadata beyond the capped header if extraction is incomplete.",file-evidence.csv,040002
041309,LAWRENCE MEMORIAL HOSPITAL,AR,mrf-url-unreachable,file-access-review,host returned pointer,entries retrieved,unresolved,unresolved,unverified,https://www.mhlawrencehospital.org/cms-hpt.txt,,,,,2026-09-09T01:42:41.852Z,,,Browser file retrieval,"Open the pointer-declared file in a browser. Record the final URL, status and download evidence. A failed automated request alone does not establish that the file is unavailable.",file-evidence.csv,041309
040017,NORTH ARKANSAS REGIONAL MEDICAL CENTER,AR,old-template-version,publisher-template-review,host returned pointer,entries retrieved,corroborated,response received,date-within-365-days-older-version,https://www.narmc.com/cms-hpt.txt,https://www.narmc.com/images/710787860_north-arkansas-regional-medical-center_standardcharges.csv,2025-11-25,2.0.0,https://www.narmc.com/bill-pay/price-transparency,2026-09-09T01:47:30.684Z,,,Publisher metadata review,Review the draft against the saved header and current CMS data dictionary; request the current file or clarification.,file-evidence.csv,040017
040022,NORTHWEST MEDICAL CENTER-SPRINGDALE,AR,not-assessed-site-unreachable,pointer-or-domain-review,HTTP 200,not retrieved,unresolved,unresolved,unverified,,,,,,2026-09-09T01:42:42.344Z,,,Browser / official-domain review,Open the recorded pointer and official homepage in a browser. Follow the official pricing page; record redirects and exact response. Verify a replacement domain against first-party facility identity before assigning it.,file-evidence.csv,040022
041313,OZARK HEALTH,AR,not-assessed-not-named-in-file,metadata-or-pointer-review,HTTP 200,not retrieved,unresolved,response received,unverified,,,,,,2026-09-09T01:42:42.218Z,,,Pointer / metadata review,Inspect the corroborated file and official pointer separately. Resolve missing or conflicting metadata and multiple file candidates before promoting.,file-evidence.csv,041313
044021,PERIMETER BEHAVIORAL HOSPITAL OF WEST MEMPHIS,AR,not-assessed-not-named-in-file,pointer-or-domain-review,HTTP request timeout,not retrieved,unresolved,unresolved,unverified,,,,,,2026-09-09T01:42:06.043Z,,,Browser / official-domain review,Open the recorded pointer and official homepage in a browser. Follow the official pricing page; record redirects and exact response. Verify a replacement domain against first-party facility identity before assigning it.,file-evidence.csv,044021
040001,SILOAM SPRINGS REGIONAL HOSPITAL,AR,not-assessed-site-unreachable,pointer-or-domain-review,HTTP 200,not retrieved,unresolved,unresolved,unverified,,,,,,2026-09-09T01:42:42.344Z,,,Browser / official-domain review,Open the recorded pointer and official homepage in a browser. Follow the official pricing page; record redirects and exact response. Verify a replacement domain against first-party facility identity before assigning it.,file-evidence.csv,040001
040782,SOUTH MISSISSIPPI COUNTY REGIONAL MEDICAL CENTER,AR,mrf-stale-over-365-days,identity-or-format-review,host returned pointer,entries retrieved,unresolved,response received,unverified,https://www.mchsys.org/cms-hpt.txt,,,,,2026-09-09T01:42:41.347Z,,,Identity / parser review,"Compare the file header with roster name, address and license state. Inspect archive contents or metadata beyond the capped header if extraction is incomplete.",file-evidence.csv,040782
040164,UNITY HEALTH - JACKSONVILLE,AR,mrf-stale-over-365-days,publisher-date-review,host returned pointer,entries retrieved,corroborated,response received,date-over-365-days,https://res.cloudinary.com/dpmykpsih/raw/upload/unity-health-2024-site-471/media/r/6ffa86dd7af948a4b4216e06cb522e07/unity-healthcms-hpt.txt,https://res.cloudinary.com/dpmykpsih/raw/upload/unity-health-2024-site-471/media/r/9853a0e7e4714bd59ef913643cafb308/86-2564877_unity-health-jacksonville_standardcharges.json,2025-03-01,2.2.0,https://www.unity-health.org/patients-visitors/pricing/,2026-09-09T01:47:31.340Z,,,Publisher date review,Review the draft against the saved declared date; request the current file or clarification.,file-evidence.csv,040164
041332,UNITY HEALTH - NEWPORT,AR,mrf-stale-over-365-days,publisher-date-review,host returned pointer,entries retrieved,corroborated,response received,date-over-365-days,https://res.cloudinary.com/dpmykpsih/raw/upload/unity-health-2024-site-471/media/r/6ffa86dd7af948a4b4216e06cb522e07/unity-healthcms-hpt.txt,https://res.cloudinary.com/dpmykpsih/raw/upload/unity-health-2024-site-471/media/r/e095f26cd5034d22b9124fc30dcecb5a/86-1835149_unity-health-newport_standardcharges.json,2025-03-01,2.2.0,https://www.unity-health.org/patients-visitors/pricing/,2026-09-09T01:47:31.400Z,,,Publisher date review,Review the draft against the saved declared date; request the current file or clarification.,file-evidence.csv,041332
040014,WHITE COUNTY MEDICAL CENTER,AR,mrf-stale-over-365-days,publisher-date-review,host returned pointer,entries retrieved,corroborated,response received,date-over-365-days,https://res.cloudinary.com/dpmykpsih/raw/upload/unity-health-2024-site-471/media/r/6ffa86dd7af948a4b4216e06cb522e07/unity-healthcms-hpt.txt,https://res.cloudinary.com/dpmykpsih/raw/upload/unity-health-2024-site-471/media/r/f7b14e4eba234333a31eb2d09e307e62/71-0772737_unity-health-white-county-medical-center_standardcharges.json,2025-03-01,2.2.0,https://www.unity-health.org/patients-visitors/pricing/,2026-09-09T01:47:31.550Z,,,Publisher date review,Review the draft against the saved declared date; request the current file or clarification.,file-evidence.csv,040014
640001,LBJ TROPICAL MEDICAL CENTER,AS,compliant-date-unverified,file-access-review,host returned pointer,entries retrieved,unresolved,unresolved,unverified,https://lbjtmc.org/cms-hpt.txt,,,,,2026-09-09T01:42:42.841Z,,,Browser file retrieval,"Open the pointer-declared file in a browser. Record the final URL, status and download evidence. A failed automated request alone does not establish that the file is unavailable.",file-evidence.csv,640001
034035,AVENIR BEHAVIORAL HEALTH CENTER,AZ,old-template-version,publisher-template-review,host returned pointer,entries retrieved,corroborated,response received,date-within-365-days-older-version,https://g5-assets-cld-res.cloudinary.com/raw/upload/v1759426049/g5/g5-c-5hk8rftzt-avenir-senior-living-single-domain/g5-cl-1ivmhxc3h3-avenir-senior-living/uploads/cms-hptt_ggurj3.txt,https://g5-assets-cld-res.cloudinary.com/raw/upload/v1759418416/g5/g5-c-5hk8rftzt-avenir-senior-living-single-domain/g5-cl-1ivmlhcajg-avenir-center-for-behavioral-health-at-surprise/uploads/400629305_avenir_behavioral_center_standardcharges_wrurw3.csv,2025-09-30,2.0.0,https://www.avenirseniorliving.com/senior-living/az/surprise/behavioral-health/pricing-transparency,2026-09-09T01:47:31.754Z,,,Publisher metadata review,Review the draft against the saved header and current CMS data dictionary; request the current file or clarification.,file-evidence.csv,034035
030002,BANNER - UNIVERSITY MEDICAL CENTER PHOENIX,AZ,pointer-blocked-to-automation,pointer-or-domain-review,HTTP Parse Error: Header overflow,not retrieved,unresolved,unresolved,unverified,,,,,,2026-09-09T01:42:43.244Z,,,Browser / official-domain review,Open the recorded pointer and official homepage in a browser. Follow the official pricing page; record redirects and exact response. Verify a replacement domain against first-party facility identity before assigning it.,file-evidence.csv,030002
030064,BANNER - UNIVERSITY MEDICAL CENTER TUCSON CAMPUS,AZ,pointer-blocked-to-automation,pointer-or-domain-review,HTTP Parse Error: Header overflow,not retrieved,unresolved,unresolved,unverified,,,,,,2026-09-09T01:42:43.244Z,,,Browser / official-domain review,Open the recorded pointer and official homepage in a browser. Follow the official pricing page; record redirects and exact response. Verify a replacement domain against first-party facility identity before assigning it.,file-evidence.csv,030064
030088,BANNER BAYWOOD MEDICAL CENTER,AZ,pointer-blocked-to-automation,pointer-or-domain-review,HTTP Parse Error: Header overflow,not retrieved,unresolved,unresolved,unverified,,,,,,2026-09-09T01:42:43.244Z,,,Browser / official-domain review,Open the recorded pointer and official homepage in a browser. Follow the official pricing page; record redirects and exact response. Verify a replacement domain against first-party facility identity before assigning it.,file-evidence.csv,030088
034004,BANNER BEHAVIORAL HEALTH HOSPITAL,AZ,pointer-blocked-to-automation,pointer-or-domain-review,HTTP Parse Error: Header overflow,not retrieved,unresolved,unresolved,unverified,,,,,,2026-09-09T01:42:43.244Z,,,Browser / official-domain review,Open the recorded pointer and official homepage in a browser. Follow the official pricing page; record redirects and exact response. Verify a replacement domain against first-party facility identity before assigning it.,file-evidence.csv,034004
030061,BANNER BOSWELL MEDICAL CENTER,AZ,pointer-blocked-to-automation,pointer-or-domain-review,HTTP Parse Error: Header overflow,not retrieved,unresolved,unresolved,unverified,,,,,,2026-09-09T01:42:43.244Z,,,Browser / official-domain review,Open the recorded pointer and official homepage in a browser. Follow the official pricing page; record redirects and exact response. Verify a replacement domain against first-party facility identity before assigning it.,file-evidence.csv,030061
030016,BANNER CASA GRANDE MEDICAL CENTER,AZ,pointer-blocked-to-automation,pointer-or-domain-review,HTTP Parse Error: Header overflow,not retrieved,unresolved,unresolved,unverified,,,,,,2026-09-09T01:42:43.244Z,,,Browser / official-domain review,Open the recorded pointer and official homepage in a browser. Follow the official pricing page; record redirects and exact response. Verify a replacement domain against first-party facility identity before assigning it.,file-evidence.csv,030016
030093,BANNER DEL E. WEBB MEDICAL CENTER,AZ,pointer-blocked-to-automation,pointer-or-domain-review,HTTP Parse Error: Header overflow,not retrieved,unresolved,unresolved,unverified,,,,,,2026-09-09T01:42:43.244Z,,,Browser / official-domain review,Open the recorded pointer and official homepage in a browser. Follow the official pricing page; record redirects and exact response. Verify a replacement domain against first-party facility identity before assigning it.,file-evidence.csv,030093
030065,BANNER DESERT MEDICAL CENTER,AZ,pointer-blocked-to-automation,pointer-or-domain-review,HTTP Parse Error: Header overflow,not retrieved,unresolved,unresolved,unverified,,,,,,2026-09-09T01:42:43.244Z,,,Browser / official-domain review,Open the recorded pointer and official homepage in a browser. Follow the official pricing page; record redirects and exact response. Verify a replacement domain against first-party facility identity before assigning it.,file-evidence.csv,030065
030115,BANNER ESTRELLA MEDICAL CENTER,AZ,pointer-blocked-to-automation,pointer-or-domain-review,HTTP Parse Error: Header overflow,not retrieved,unresolved,unresolved,unverified,,,,,,2026-09-09T01:42:43.244Z,,,Browser / official-domain review,Open the recorded pointer and official homepage in a browser. Follow the official pricing page; record redirects and exact response. Verify a replacement domain against first-party facility identity before assigning it.,file-evidence.csv,030115
030122,BANNER GATEWAY MEDICAL CENTER,AZ,pointer-blocked-to-automation,pointer-or-domain-review,HTTP Parse Error: Header overflow,not retrieved,unresolved,unresolved,unverified,,,,,,2026-09-09T01:42:43.244Z,,,Browser / official-domain review,Open the recorded pointer and official homepage in a browser. Follow the official pricing page; record redirects and exact response. Verify a replacement domain against first-party facility identity before assigning it.,file-evidence.csv,030122
030134,BANNER GOLDFIELD MEDICAL CENTER,AZ,pointer-blocked-to-automation,pointer-or-domain-review,HTTP Parse Error: Header overflow,not retrieved,unresolved,unresolved,unverified,,,,,,2026-09-09T01:42:43.244Z,,,Browser / official-domain review,Open the recorded pointer and official homepage in a browser. Follow the official pricing page; record redirects and exact response. Verify a replacement domain against first-party facility identity before assigning it.,file-evidence.csv,030134
030105,BANNER HEART HOSPITAL,AZ,pointer-blocked-to-automation,pointer-or-domain-review,HTTP Parse Error: Header overflow,not retrieved,unresolved,unresolved,unverified,,,,,,2026-09-09T01:42:43.244Z,,,Browser / official-domain review,Open the recorded pointer and official homepage in a browser. Follow the official pricing page; record redirects and exact response. Verify a replacement domain against first-party facility identity before assigning it.,file-evidence.csv,030105
030130,BANNER IRONWOOD MEDICAL CENTER,AZ,pointer-blocked-to-automation,pointer-or-domain-review,HTTP Parse Error: Header overflow,not retrieved,unresolved,unresolved,unverified,,,,,,2026-09-09T01:42:43.244Z,,,Browser / official-domain review,Open the recorded pointer and official homepage in a browser. Follow the official pricing page; record redirects and exact response. Verify a replacement domain against first-party facility identity before assigning it.,file-evidence.csv,030130
030147,BANNER OCOTILLO MEDICAL CENTER,AZ,pointer-blocked-to-automation,pointer-or-domain-review,HTTP Parse Error: Header overflow,not retrieved,unresolved,unresolved,unverified,,,,,,2026-09-09T01:42:43.244Z,,,Browser / official-domain review,Open the recorded pointer and official homepage in a browser. Follow the official pricing page; record redirects and exact response. Verify a replacement domain against first-party facility identity before assigning it.,file-evidence.csv,030147
031318,BANNER PAYSON MEDICAL CENTER,AZ,pointer-blocked-to-automation,pointer-or-domain-review,HTTP Parse Error: Header overflow,not retrieved,unresolved,unresolved,unverified,,,,,,2026-09-09T01:42:43.244Z,,,Browser / official-domain review,Open the recorded pointer and official homepage in a browser. Follow the official pricing page; record redirects and exact response. Verify a replacement domain against first-party facility identity before assigning it.,file-evidence.csv,031318
030089,BANNER THUNDERBIRD MEDICAL CENTER,AZ,pointer-blocked-to-automation,pointer-or-domain-review,HTTP Parse Error: Header overflow,not retrieved,unresolved,unresolved,unverified,,,,,,2026-09-09T01:42:43.244Z,,,Browser / official-domain review,Open the recorded pointer and official homepage in a browser. Follow the official pricing page; record redirects and exact response. Verify a replacement domain against first-party facility identity before assigning it.,file-evidence.csv,030089
030111,BANNER-UNIVERSITY MEDICAL CENTER SOUTH CAMPUS,AZ,pointer-blocked-to-automation,pointer-or-domain-review,HTTP Parse Error: Header overflow,not retrieved,unresolved,unresolved,unverified,,,,,,2026-09-09T01:42:43.244Z,,,Browser / official-domain review,Open the recorded pointer and official homepage in a browser. Follow the official pricing page; record redirects and exact response. Verify a replacement domain against first-party facility identity before assigning it.,file-evidence.csv,030111
030138,CITY OF HOPE CANCER CENTER PHOENIX,AZ,pointer-blocked-to-automation,pointer-or-domain-review,HTTP 403,not retrieved,unresolved,unresolved,unverified,,,,,,2026-09-09T01:42:43.222Z,,,Browser / official-domain review,Open the recorded pointer and official homepage in a browser. Follow the official pricing page; record redirects and exact response. Verify a replacement domain against first-party facility identity before assigning it.,file-evidence.csv,030138
034013,COLLEGE MEDICAL CENTER PHOENIX,AZ,old-template-version,publisher-template-review,host returned pointer,entries retrieved,corroborated,response received,date-within-365-days-older-version,https://cmcphoenix.com/cms-hpt.txt,https://cmcphoenix.com/331313844_college-medical-center-phoenix_standardcharges-3/,2026-03-11,1,https://cmcphoenix.com/price-transparency/,2026-09-09T01:47:31.818Z,,,Publisher metadata review,Review the draft against the saved header and current CMS data dictionary; request the current file or clarification.,file-evidence.csv,034013
034034,DESTINY SPRINGS HEALTHCARE,AZ,mrf-url-unreachable,file-access-review,host returned pointer,entries retrieved,unresolved,unresolved,unverified,https://5798232a-0473-45d2-b484-accd085e50e0.usrfiles.com/ugd/579823_c1d62be5375442a28d99445b448b1c3e.txt,,,,,2026-09-09T01:42:43.262Z,,,Browser file retrieval,"Open the pointer-declared file in a browser. Record the final URL, status and download evidence. A failed automated request alone does not establish that the file is unavailable.",file-evidence.csv,034034
030153,EAST VALLEY ER & HOSPITAL,AZ,old-template-version,publisher-template-review,host returned pointer,entries retrieved,corroborated,response received,date-within-365-days-older-version,https://eastvalleyhospital.com/cms-hpt.txt,https://eastvalleyhospital.com/wp-content/uploads/2025/10/862195601-1881352037_east-valley-hospital-llc_standardcharges-3in.csv,2025-10-10,2.1.0,https://eastvalleyhospital.com/price-transparency/,2026-09-09T01:47:31.832Z,,,Publisher metadata review,Review the draft against the saved header and current CMS data dictionary; request the current file or clarification.,file-evidence.csv,030153
031313,HOLY CROSS HOSPITAL,AZ,not-assessed-not-named-in-file,identity-or-format-review,HTTP 200,not retrieved,unresolved,response received,unverified,,,,,,2026-09-09T01:42:43.380Z,,,Identity / parser review,"Compare the file header with roster name, address and license state. Inspect archive contents or metadata beyond the capped header if extraction is incomplete.",file-evidence.csv,031313
031304,PAGE HOSPITAL,AZ,pointer-blocked-to-automation,pointer-or-domain-review,HTTP Parse Error: Header overflow,not retrieved,unresolved,unresolved,unverified,,,,,,2026-09-09T01:42:43.244Z,,,Browser / official-domain review,Open the recorded pointer and official homepage in a browser. Follow the official pricing page; record redirects and exact response. Verify a replacement domain against first-party facility identity before assigning it.,file-evidence.csv,031304
031309,SAGE MEMORIAL HOSPITAL,AZ,no-cms-hpt-txt-published,pointer-or-domain-review,HTTP 200,not retrieved,unresolved,unresolved,unverified,,,,,,2026-09-09T01:42:44.100Z,,,Browser / official-domain review,Open the recorded pointer and official homepage in a browser. Follow the official pricing page; record redirects and exact response. Verify a replacement domain against first-party facility identity before assigning it.,file-evidence.csv,031309
030062,SUMMIT HEALTHCARE REGIONAL MEDICAL CENTER,AZ,mrf-stale-over-365-days,publisher-date-review,host returned pointer,entries retrieved,corroborated,response received,date-over-365-days,https://summithealthcare.net/cms-hpt.txt,https://hospitalpricedisclosure.com/download.aspx?pi=L*__*5isnkJWsT9OFJEKfZzfA*-*,2025-01-01,2.2.0,https://hospitalpricedisclosure.com/default.aspx?pi=L*__*5isnkJWsT9OFJEKfZzfA*-*,2026-09-09T01:47:32.030Z,,,Publisher date review,Review the draft against the saved declared date; request the current file or clarification.,file-evidence.csv,030062
030108,THE CORE INSTITUTE SPECIALTY HOSP,AZ,no-cms-hpt-txt-published,metadata-or-pointer-review,HTTP 200,not retrieved,unresolved,response received,unverified,,,,,,2026-09-09T01:42:44.234Z,,,Pointer / metadata review,Inspect the corroborated file and official pointer separately. Resolve missing or conflicting metadata and multiple file candidates before promoting.,file-evidence.csv,030108
034023,THE GUIDANCE CENTER,AZ,no-cms-hpt-txt-published,pointer-or-domain-review,HTTP 200,not retrieved,unresolved,unresolved,unverified,,,,,,2026-09-09T01:42:43.662Z,,,Browser / official-domain review,Open the recorded pointer and official homepage in a browser. Follow the official pricing page; record redirects and exact response. Verify a replacement domain against first-party facility identity before assigning it.,file-evidence.csv,034023
034025,THE HEALING PLACE,AZ,old-template-version,publisher-template-review,host returned pointer,entries retrieved,corroborated,response received,date-within-365-days-older-version,https://static1.squarespace.com/static/641cdb99a1fef46a48846e0c/t/69177051ff07795f6421eb3a/1763143790342/cms-hpt.txt,https://www.polarahealth.com/s/TheHealingPlace_MainCampus_StandardCharges.csv,2025-11-04,2.0.0,https://www.polarahealth.com/resourcecenter,2026-09-09T01:47:32.126Z,,,Publisher metadata review,Review the draft against the saved header and current CMS data dictionary; request the current file or clarification.,file-evidence.csv,034025
050455,ADVENTIST HEALTH BAKERSFIELD,CA,not-assessed-not-named-in-file,identity-or-format-review,host returned pointer,entries retrieved,unresolved,response received,unverified,https://www.adventisthealth.org/cms-hpt.txt,,,,,2026-09-09T01:42:44.034Z,,,Identity / parser review,"Compare the file header with roster name, address and license state. Inspect archive contents or metadata beyond the capped header if extraction is incomplete.",file-evidence.csv,050455
050236,ADVENTIST HEALTH SIMI VALLEY,CA,not-assessed-not-named-in-file,identity-or-format-review,host returned pointer,entries retrieved,unresolved,response received,unverified,https://www.adventisthealth.org/cms-hpt.txt,,,,,2026-09-09T01:42:44.034Z,,,Identity / parser review,"Compare the file header with roster name, address and license state. Inspect archive contents or metadata beyond the capped header if extraction is incomplete.",file-evidence.csv,050236
050211,ALAMEDA HOSPITAL,CA,not-assessed-site-unreachable,pointer-or-domain-review,HTTP request deadline exceeded,not retrieved,unresolved,unresolved,unverified,,,,,,2026-09-09T01:42:53.269Z,,,Browser / official-domain review,Open the recorded pointer and official homepage in a browser. Follow the official pricing page; record redirects and exact response. Verify a replacement domain against first-party facility identity before assigning it.,file-evidence.csv,050211
054158,"ALISO RIDGE BEHAVIORAL HEALTH, LLC",CA,mrf-stale-over-365-days,publisher-date-review,host returned pointer,entries retrieved,corroborated,response received,date-over-365-days,https://www.ocspecialtyhealth.com/cms-hpt.txt,https://www.ocspecialtyhealth.com/wp-content/uploads/2025/03/811504286_aliso-ridge-behavioral-health-llc_standardcharges.csv,2025-03-21,2.0.0,https://www.ocspecialtyhealth.com/standard-services/,2026-09-09T01:47:43.539Z,,,Publisher date review,Review the draft against the saved declared date; request the current file or clarification.,file-evidence.csv,054158
050043,ALTA BATES SUMMIT MEDICAL CENTER,CA,not-assessed-site-unreachable,metadata-or-pointer-review,HTTP 200,not retrieved,unresolved,response received,unverified,,,,,,2026-09-09T01:42:43.799Z,,,Pointer / metadata review,Inspect the corroborated file and official pointer separately. Resolve missing or conflicting metadata and multiple file candidates before promoting.,file-evidence.csv,050043
050305,ALTA BATES SUMMIT MEDICAL CENTER - ALTA BATES CAMP,CA,not-assessed-site-unreachable,metadata-or-pointer-review,HTTP 200,not retrieved,unresolved,response received,unverified,,,,,,2026-09-09T01:42:43.799Z,,,Pointer / metadata review,Inspect the corroborated file and official pointer separately. Resolve missing or conflicting metadata and multiple file candidates before promoting.,file-evidence.csv,050305
050854,"ANAHEIM COMMUNITY HOSPITAL, LLC",CA,mrf-stale-over-365-days,publisher-date-review,host returned pointer,entries retrieved,corroborated,response received,date-over-365-days,https://anaheimcommunityhospital.com/cms-hpt.txt,https://www.anaheimcommunityhospital.com/wp-content/uploads/2025/03/854314119_anaheim-community-hospital-llc_standardcharges.csv,2025-03-03,2.0.0,https://www.anaheimcommunityhospital.com/standard-services/,2026-09-09T01:47:44.736Z,,,Publisher date review,Review the draft against the saved declared date; request the current file or clarification.,file-evidence.csv,050854
054078,AURORA LAS ENCINAS,CA,mrf-url-unreachable,file-access-review,host returned pointer,entries retrieved,unresolved,unresolved,unverified,https://www.vistadelmarhospital.com/cms-hpt.txt,,,,,2026-09-09T01:42:44.009Z,,,Browser file retrieval,"Open the pointer-declared file in a browser. Record the final URL, status and download evidence. A failed automated request alone does not establish that the file is unavailable.",file-evidence.csv,054078
051320,BANNER LASSEN MEDICAL CENTER,CA,pointer-blocked-to-automation,pointer-or-domain-review,HTTP Parse Error: Header overflow,not retrieved,unresolved,unresolved,unverified,,,,,,2026-09-09T01:42:43.244Z,,,Browser / official-domain review,Open the recorded pointer and official homepage in a browser. Follow the official pricing page; record redirects and exact response. Verify a replacement domain against first-party facility identity before assigning it.,file-evidence.csv,051320
051335,BEAR VALLEY COMMUNITY HOSPITAL,CA,mrf-stale-over-365-days,publisher-date-review,host returned pointer,entries retrieved,corroborated,response received,date-over-365-days,https://bvchd.com/cms-hpt.txt,https://bvchd.com/wp-content/uploads/2024/09/330294751_BEAR-VALLEY-COMMUNITY-HOSPITAL_standardcharges.csv,2024-08-29,2.0.0,https://bvchd.com/for-patients/price-transparency/,2026-09-09T01:47:44.821Z,,,Publisher date review,Review the draft against the saved declared date; request the current file or clarification.,file-evidence.csv,051335
050055,CALIFORNIA PACIFIC MEDICAL CENTER - MISSION BERNAL,CA,not-assessed-site-unreachable,identity-or-format-review,HTTP 200,not retrieved,unresolved,response received,unverified,,,,,,2026-09-09T01:42:43.799Z,,,Identity / parser review,"Compare the file header with roster name, address and license state. Inspect archive contents or metadata beyond the capped header if extraction is incomplete.",file-evidence.csv,050055
050047,CALIFORNIA PACIFIC MEDICAL CENTER- VAN NESS CAMPUS,CA,not-assessed-site-unreachable,identity-or-format-review,HTTP 200,not retrieved,unresolved,response received,unverified,,,,,,2026-09-09T01:42:43.799Z,,,Identity / parser review,"Compare the file header with roster name, address and license state. Inspect archive contents or metadata beyond the capped header if extraction is incomplete.",file-evidence.csv,050047
050008,CALIFORNIA PACIFIC MEDICAL CTR-DAVIES CAMPUS HOSP,CA,not-assessed-site-unreachable,identity-or-format-review,HTTP 200,not retrieved,unresolved,response received,unverified,,,,,,2026-09-09T01:42:43.799Z,,,Identity / parser review,"Compare the file header with roster name, address and license state. Inspect archive contents or metadata beyond the capped header if extraction is incomplete.",file-evidence.csv,050008
050625,CEDARS-SINAI MEDICAL CENTER,CA,old-template-version,publisher-template-review,host returned pointer,entries retrieved,corroborated,response received,date-within-365-days-older-version,https://www.cedars-sinai.org/cms-hpt.txt,https://www.cedars-sinai.org/content/dam/cedars-sinai/billing-insurance/documents/951644600_CEDARS-SINAI-MEDICAL-CENTER_standardcharges.json,2025-11-26,2.0.0,https://cedars-sinai.org/price-transparency.html,2026-09-09T01:47:44.996Z,,,Publisher metadata review,Review the draft against the saved header and current CMS data dictionary; request the current file or clarification.,file-evidence.csv,050625
053302,CHILDREN'S HOSP OF LOS ANGELES,CA,mrf-blocked-to-automation,file-access-review,host returned pointer,entries retrieved,unresolved,unresolved,unverified,https://www.chla.org/cms-hpt.txt,,,,,2026-09-09T01:42:44.601Z,,,Browser file retrieval,"Open the pointer-declared file in a browser. Record the final URL, status and download evidence. A failed automated request alone does not establish that the file is unavailable.",file-evidence.csv,053302
050543,COLLEGE HOSPITAL COSTA MESA,CA,no-cms-hpt-txt-published,pointer-or-domain-review,HTTP 202,not retrieved,unresolved,unresolved,unverified,,,,,,2026-09-09T01:42:44.291Z,,,Browser / official-domain review,Open the recorded pointer and official homepage in a browser. Follow the official pricing page; record redirects and exact response. Verify a replacement domain against first-party facility identity before assigning it.,file-evidence.csv,050543
050776,COLLEGE MEDICAL CENTER,CA,compliant-date-unverified,file-access-review,host returned pointer,entries retrieved,unresolved,unresolved,unverified,https://collegemedicalcenter.com/cms-hpt.txt,,,,,2026-09-09T01:42:44.193Z,,,Browser file retrieval,"Open the pointer-declared file in a browser. Record the final URL, status and download evidence. A failed automated request alone does not establish that the file is unavailable.",file-evidence.csv,050776
050785,DOCS SURGICAL HOSPITAL,CA,pointer-blocked-to-automation,pointer-or-domain-review,HTTP 200,not retrieved,unresolved,unresolved,unverified,,,,,,2026-09-09T01:42:46.171Z,,,Browser / official-domain review,Open the recorded pointer and official homepage in a browser. Follow the official pricing page; record redirects and exact response. Verify a replacement domain against first-party facility identity before assigning it.,file-evidence.csv,050785
051300,EASTERN PLUMAS HOSPITAL - PORTOLA CAMPUS,CA,mrf-stale-over-365-days,identity-quarantined,host returned pointer,entries retrieved,unresolved,response received,unverified,https://www.ephc.org/cms-hpt.txt,,,,https://www.ephc.org/price-transparency.php,2026-09-09T01:42:44.577Z,,,Facility identity adjudication,The previous assignment is excluded. Resolve roster name/address or find an official pointer and file that corroborate this facility.,file-evidence.csv,051300
050488,EDEN MEDICAL CENTER,CA,not-assessed-site-unreachable,identity-or-format-review,HTTP 200,not retrieved,unresolved,response received,unverified,,,,,,2026-09-09T01:42:43.799Z,,,Identity / parser review,"Compare the file header with roster name, address and license state. Inspect archive contents or metadata beyond the capped header if extraction is incomplete.",file-evidence.csv,050488
050708,FRESNO SURGICAL HOSPITAL,CA,pointer-blocked-to-automation,pointer-or-domain-review,HTTP 403,not retrieved,unresolved,unresolved,unverified,,,,,,2026-09-09T01:42:44.169Z,,,Browser / official-domain review,Open the recorded pointer and official homepage in a browser. Follow the official pricing page; record redirects and exact response. Verify a replacement domain against first-party facility identity before assigning it.,file-evidence.csv,050708
054028,GATEWAYS HOSP  MENTAL HEALTH CTR,CA,mrf-stale-over-365-days,publisher-date-review,host returned pointer,entries retrieved,corroborated,response received,date-over-365-days,https://gatewayshospital.org/cms-hpt.txt,https://www.gatewayshospital.org/price-transparency/95-1691011_gateways-hospital-and-mental-health-center_standardcharges.csv,2025-08-06,3.0.0,https://www.gatewayshospital.org/hospital-price-transparency/,2026-09-09T01:47:45.521Z,,,Publisher date review,Review the draft against the saved declared date; request the current file or clarification.,file-evidence.csv,054028
051306,GLENN MEDICAL CENTER,CA,old-template-version,publisher-template-review,host returned pointer,entries retrieved,corroborated,response received,date-within-365-days-older-version,https://gmcmed.org/cms-hpt.txt,https://apps.para-hcfs.com/PTT/FinalLinks/Reports.aspx?dbName=dbGMCWILLOWSCA&type=CDMWithoutLabel&fileType=CSV,2025-10-04,2.0.0,https://apps.para-hcfs.com/PTT/FinalLinks/AmericanAdvancedGlenn.aspx,2026-09-09T01:47:47.543Z,,,Publisher metadata review,Review the draft against the saved header and current CMS data dictionary; request the current file or clarification.,file-evidence.csv,051306
050320,HIGHLAND HOSPITAL,CA,not-assessed-site-unreachable,pointer-or-domain-review,HTTP request deadline exceeded,not retrieved,unresolved,unresolved,unverified,,,,,,2026-09-09T01:42:53.269Z,,,Browser / official-domain review,Open the recorded pointer and official homepage in a browser. Follow the official pricing page; record redirects and exact response. Verify a replacement domain against first-party facility identity before assigning it.,file-evidence.csv,050320
050438,HUNTINGTON HOSPITAL,CA,pointer-blocked-to-automation,pointer-or-domain-review,HTTP 403,not retrieved,unresolved,unresolved,unverified,,,,,,2026-09-09T01:42:44.680Z,,,Browser / official-domain review,Open the recorded pointer and official homepage in a browser. Follow the official pricing page; record redirects and exact response. Verify a replacement domain against first-party facility identity before assigning it.,file-evidence.csv,050438
050763,L A DOWNTOWN MEDICAL CENTER,CA,mrf-stale-over-365-days,identity-or-format-review,host returned pointer,entries retrieved,unresolved,response received,unverified,https://ladowntownmc.com/cms-hpt.txt,,,,,2026-09-09T01:42:44.685Z,,,Identity / parser review,"Compare the file header with roster name, address and license state. Inspect archive contents or metadata beyond the capped header if extraction is incomplete.",file-evidence.csv,050763
050028,MAD RIVER COMMUNITY HOSPITAL,CA,no-cms-hpt-txt-published,pointer-or-domain-review,HTTP 202,not retrieved,unresolved,unresolved,unverified,,,,,,2026-09-09T01:42:44.807Z,,,Browser / official-domain review,Open the recorded pointer and official homepage in a browser. Follow the official pricing page; record redirects and exact response. Verify a replacement domain against first-party facility identity before assigning it.,file-evidence.csv,050028
050528,MEMORIAL HOSPITAL LOS BANOS,CA,not-assessed-site-unreachable,identity-or-format-review,HTTP 200,not retrieved,unresolved,response received,unverified,,,,,,2026-09-09T01:42:43.799Z,,,Identity / parser review,"Compare the file header with roster name, address and license state. Inspect archive contents or metadata beyond the capped header if extraction is incomplete.",file-evidence.csv,050528
050557,MEMORIAL MEDICAL CENTER,CA,not-assessed-site-unreachable,identity-or-format-review,HTTP 200,not retrieved,unresolved,response received,unverified,,,,,,2026-09-09T01:42:43.799Z,,,Identity / parser review,"Compare the file header with roster name, address and license state. Inspect archive contents or metadata beyond the capped header if extraction is incomplete.",file-evidence.csv,050557
050704,MISSION COMMUNITY HOSPITAL,CA,not-assessed-not-named-in-file,pointer-or-domain-review,HTTP request deadline exceeded,not retrieved,unresolved,unresolved,unverified,,,,,,2026-09-09T01:43:17.907Z,,,Browser / official-domain review,Open the recorded pointer and official homepage in a browser. Follow the official pricing page; record redirects and exact response. Verify a replacement domain against first-party facility identity before assigning it.,file-evidence.csv,050704
051324,NORTHERN INYO HOSPITAL,CA,mrf-stale-over-365-days,publisher-date-review,host returned pointer,entries retrieved,corroborated,response received,date-over-365-days,https://www.nih.org/cms-hpt.txt,https://www.nih.org/documents/956005449_northern-inyo-hospital_standardcharges.csv,2024-10-01,2.2.0,https://www.nih.org/resources/price-transparency/,2026-09-09T01:47:45.589Z,,,Publisher date review,Review the draft against the saved declared date; request the current file or clarification.,file-evidence.csv,051324
050131,NOVATO COMMUNITY HOSPITAL,CA,not-assessed-site-unreachable,identity-or-format-review,HTTP 200,not retrieved,unresolved,response received,unverified,,,,,,2026-09-09T01:42:43.799Z,,,Identity / parser review,"Compare the file header with roster name, address and license state. Inspect archive contents or metadata beyond the capped header if extraction is incomplete.",file-evidence.csv,050131
050378,PACIFICA HOSPITAL OF THE VALLEY,CA,compliant-date-unverified,identity-or-format-review,host returned pointer,entries retrieved,unresolved,response received,unverified,https://pacificahospital.com/cms-hpt.txt,,,,,2026-09-09T01:42:45.013Z,,,Identity / parser review,"Compare the file header with roster name, address and license state. Inspect archive contents or metadata beyond the capped header if extraction is incomplete.",file-evidence.csv,050378
050115,PALOMAR HEALTH DOWNTOWN CAMPUS,CA,no-cms-hpt-txt-published,pointer-or-domain-review,HTTP 200,not retrieved,unresolved,unresolved,unverified,,,,,,2026-09-09T01:43:20.467Z,,,Browser / official-domain review,Open the recorded pointer and official homepage in a browser. Follow the official pricing page; record redirects and exact response. Verify a replacement domain against first-party facility identity before assigning it.,file-evidence.csv,050115
050636,PALOMAR MEDICAL CENTER POWAY,CA,no-cms-hpt-txt-published,pointer-or-domain-review,HTTP 200,not retrieved,unresolved,unresolved,unverified,,,,,,2026-09-09T01:43:20.467Z,,,Browser / official-domain review,Open the recorded pointer and official homepage in a browser. Follow the official pricing page; record redirects and exact response. Verify a replacement domain against first-party facility identity before assigning it.,file-evidence.csv,050636
050007,PENINSULA MEDICAL CENTER,CA,not-assessed-site-unreachable,identity-or-format-review,HTTP 200,not retrieved,unresolved,response received,unverified,,,,,,2026-09-09T01:42:43.799Z,,,Identity / parser review,"Compare the file header with roster name, address and license state. Inspect archive contents or metadata beyond the capped header if extraction is incomplete.",file-evidence.csv,050007
050292,RIVERSIDE UNIVERSITY HEALTH SYSTEM-MEDICAL CENTER,CA,old-template-version,metadata-or-pointer-review,host returned pointer,entries retrieved,corroborated,response received,date-within-365-days-version-unverified,https://ruhealth.org/cms-hpt.txt,https://www.ruhealth.org/956000930_riverside-university-health-system_standardcharges.csv,2026-03-30,2026.1.0,https://www.ruhealth.org/resources/hospital-price-transparency,2026-09-09T01:47:49.024Z,,,Pointer / metadata review,Inspect the corroborated file and official pointer separately. Resolve missing or conflicting metadata and multiple file candidates before promoting.,file-evidence.csv,050292
050167,SAN JOAQUIN GENERAL HOSPITAL,CA,compliant-date-unverified,file-access-review,host returned pointer,entries retrieved,unresolved,unresolved,unverified,https://www.sanjoaquingeneral.org/cms-hpt.txt,,,,,2026-09-09T01:42:45.165Z,,,Browser file retrieval,"Open the pointer-declared file in a browser. Record the final URL, status and download evidence. A failed automated request alone does not establish that the file is unavailable.",file-evidence.csv,050167
050261,SIERRA VIEW MEDICAL CENTER,CA,compliant-date-unverified,file-access-review,host returned pointer,entries retrieved,unresolved,unresolved,unverified,https://www.sierra-view.com/cms-hpt.txt,,,,,2026-09-09T01:43:17.640Z,,,Browser file retrieval,"Open the pointer-declared file in a browser. Record the final URL, status and download evidence. A failed automated request alone does not establish that the file is unavailable.",file-evidence.csv,050261
050726,STANISLAUS SURGICAL HOSPITAL,CA,not-assessed-site-unreachable,pointer-or-domain-review,HTTP getaddrinfo ENOTFOUND stanislaussurgical.com,not retrieved,unresolved,unresolved,unverified,,,,,,2026-09-09T01:43:16.757Z,,,Browser / official-domain review,Open the recorded pointer and official homepage in a browser. Follow the official pricing page; record redirects and exact response. Verify a replacement domain against first-party facility identity before assigning it.,file-evidence.csv,050726
050014,SUTTER AMADOR HOSPITAL,CA,not-assessed-site-unreachable,identity-or-format-review,HTTP 200,not retrieved,unresolved,response received,unverified,,,,,,2026-09-09T01:42:43.799Z,,,Identity / parser review,"Compare the file header with roster name, address and license state. Inspect archive contents or metadata beyond the capped header if extraction is incomplete.",file-evidence.csv,050014
050498,SUTTER AUBURN FAITH HOSPITAL,CA,not-assessed-site-unreachable,identity-or-format-review,HTTP 200,not retrieved,unresolved,response received,unverified,,,,,,2026-09-09T01:42:43.799Z,,,Identity / parser review,"Compare the file header with roster name, address and license state. Inspect archive contents or metadata beyond the capped header if extraction is incomplete.",file-evidence.csv,050498
054096,SUTTER CENTER FOR PSYCHIATRY,CA,not-assessed-site-unreachable,identity-or-format-review,HTTP 200,not retrieved,unresolved,response received,unverified,,,,,,2026-09-09T01:42:43.799Z,,,Identity / parser review,"Compare the file header with roster name, address and license state. Inspect archive contents or metadata beyond the capped header if extraction is incomplete.",file-evidence.csv,054096
050417,SUTTER COAST HOSPITAL,CA,not-assessed-site-unreachable,identity-or-format-review,HTTP 200,not retrieved,unresolved,response received,unverified,,,,,,2026-09-09T01:42:43.799Z,,,Identity / parser review,"Compare the file header with roster name, address and license state. Inspect archive contents or metadata beyond the capped header if extraction is incomplete.",file-evidence.csv,050417
050537,SUTTER DAVIS HOSPITAL,CA,not-assessed-site-unreachable,identity-or-format-review,HTTP 200,not retrieved,unresolved,response received,unverified,,,,,,2026-09-09T01:42:43.799Z,,,Identity / parser review,"Compare the file header with roster name, address and license state. Inspect archive contents or metadata beyond the capped header if extraction is incomplete.",file-evidence.csv,050537
050523,SUTTER DELTA MEDICAL CENTER,CA,not-assessed-site-unreachable,identity-or-format-review,HTTP 200,not retrieved,unresolved,response received,unverified,,,,,,2026-09-09T01:42:43.799Z,,,Identity / parser review,"Compare the file header with roster name, address and license state. Inspect archive contents or metadata beyond the capped header if extraction is incomplete.",file-evidence.csv,050523
051329,SUTTER LAKESIDE HOSPITAL,CA,not-assessed-site-unreachable,identity-or-format-review,HTTP 200,not retrieved,unresolved,response received,unverified,,,,,,2026-09-09T01:42:43.799Z,,,Identity / parser review,"Compare the file header with roster name, address and license state. Inspect archive contents or metadata beyond the capped header if extraction is incomplete.",file-evidence.csv,051329
050714,SUTTER MATERNITY & SURGERY CENTER OF SANTA CRUZ,CA,not-assessed-site-unreachable,identity-or-format-review,HTTP 200,not retrieved,unresolved,response received,unverified,,,,,,2026-09-09T01:42:43.799Z,,,Identity / parser review,"Compare the file header with roster name, address and license state. Inspect archive contents or metadata beyond the capped header if extraction is incomplete.",file-evidence.csv,050714
050108,"SUTTER MEDICAL CENTER, SACRAMENTO",CA,not-assessed-site-unreachable,identity-or-format-review,HTTP 200,not retrieved,unresolved,response received,unverified,,,,,,2026-09-09T01:42:43.799Z,,,Identity / parser review,"Compare the file header with roster name, address and license state. Inspect archive contents or metadata beyond the capped header if extraction is incomplete.",file-evidence.csv,050108
050309,SUTTER ROSEVILLE MEDICAL CENTER,CA,not-assessed-site-unreachable,identity-or-format-review,HTTP 200,not retrieved,unresolved,response received,unverified,,,,,,2026-09-09T01:42:43.799Z,,,Identity / parser review,"Compare the file header with roster name, address and license state. Inspect archive contents or metadata beyond the capped header if extraction is incomplete.",file-evidence.csv,050309
050291,SUTTER SANTA ROSA REGIONAL HOSPITAL,CA,not-assessed-site-unreachable,identity-or-format-review,HTTP 200,not retrieved,unresolved,response received,unverified,,,,,,2026-09-09T01:42:43.799Z,,,Identity / parser review,"Compare the file header with roster name, address and license state. Inspect archive contents or metadata beyond the capped header if extraction is incomplete.",file-evidence.csv,050291
050101,SUTTER SOLANO MEDICAL CENTER,CA,not-assessed-site-unreachable,identity-or-format-review,HTTP 200,not retrieved,unresolved,response received,unverified,,,,,,2026-09-09T01:42:43.799Z,,,Identity / parser review,"Compare the file header with roster name, address and license state. Inspect archive contents or metadata beyond the capped header if extraction is incomplete.",file-evidence.csv,050101
050766,SUTTER SURGICAL HOSPITAL - NORTH VALLEY,CA,not-assessed-site-unreachable,identity-or-format-review,HTTP 200,not retrieved,unresolved,response received,unverified,,,,,,2026-09-09T01:42:43.799Z,,,Identity / parser review,"Compare the file header with roster name, address and license state. Inspect archive contents or metadata beyond the capped header if extraction is incomplete.",file-evidence.csv,050766
050313,SUTTER TRACY COMMUNITY HOSPITAL,CA,not-assessed-site-unreachable,identity-or-format-review,HTTP 200,not retrieved,unresolved,response received,unverified,,,,,,2026-09-09T01:42:43.799Z,,,Identity / parser review,"Compare the file header with roster name, address and license state. Inspect archive contents or metadata beyond the capped header if extraction is incomplete.",file-evidence.csv,050313
050025,UC SAN DIEGO HEALTH HILLCREST - HILLCREST MED CTR,CA,not-assessed-site-unreachable,pointer-or-domain-review,HTTP getaddrinfo EAI_AGAIN health.ucsd.edu,not retrieved,unresolved,unresolved,unverified,,,,,,2026-09-09T01:43:26.706Z,,,Browser / official-domain review,Open the recorded pointer and official homepage in a browser. Follow the official pricing page; record redirects and exact response. Verify a replacement domain against first-party facility identity before assigning it.,file-evidence.csv,050025
050152,UCSF HEALTH SAINT FRANCIS HOSPITAL,CA,not-assessed-not-named-in-file,identity-or-format-review,host returned pointer,entries retrieved,unresolved,response received,unverified,https://www.commonspirit.org/cms-hpt.txt,,,,,2026-09-09T01:43:17.275Z,,,Identity / parser review,"Compare the file header with roster name, address and license state. Inspect archive contents or metadata beyond the capped header if extraction is incomplete.",file-evidence.csv,050152
050457,UCSF HEALTH ST. MARY'S HOSPITAL,CA,not-assessed-not-named-in-file,identity-or-format-review,host returned pointer,entries retrieved,unresolved,response received,unverified,https://www.commonspirit.org/cms-hpt.txt,,,,,2026-09-09T01:43:17.275Z,,,Identity / parser review,"Compare the file header with roster name, address and license state. Inspect archive contents or metadata beyond the capped header if extraction is incomplete.",file-evidence.csv,050457
060126,BANNER FORT COLLINS MEDICAL CENTER,CO,pointer-blocked-to-automation,pointer-or-domain-review,HTTP Parse Error: Header overflow,not retrieved,unresolved,unresolved,unverified,,,,,,2026-09-09T01:42:43.244Z,,,Browser / official-domain review,Open the recorded pointer and official homepage in a browser. Follow the official pricing page; record redirects and exact response. Verify a replacement domain against first-party facility identity before assigning it.,file-evidence.csv,060126
060030,BANNER NORTH CO MEDICAL CENTER - LOVELAND CAMPUS,CO,pointer-blocked-to-automation,pointer-or-domain-review,HTTP Parse Error: Header overflow,not retrieved,unresolved,unresolved,unverified,,,,,,2026-09-09T01:42:43.244Z,,,Browser / official-domain review,Open the recorded pointer and official homepage in a browser. Follow the official pricing page; record redirects and exact response. Verify a replacement domain against first-party facility identity before assigning it.,file-evidence.csv,060030
060001,BANNER NORTH COLORADO MEDICAL CENTER,CO,pointer-blocked-to-automation,pointer-or-domain-review,HTTP Parse Error: Header overflow,not retrieved,unresolved,unresolved,unverified,,,,,,2026-09-09T01:42:43.244Z,,,Browser / official-domain review,Open the recorded pointer and official homepage in a browser. Follow the official pricing page; record redirects and exact response. Verify a replacement domain against first-party facility identity before assigning it.,file-evidence.csv,060001
063303,CHILDREN'S HOSPITAL COLORADO - COLORADO SPRINGS,CO,not-assessed-not-named-in-file,identity-or-format-review,host returned pointer,entries retrieved,unresolved,response received,unverified,https://www.childrenscolorado.org/cms-hpt.txt,,,,,2026-09-09T01:43:17.271Z,,,Identity / parser review,"Compare the file header with roster name, address and license state. Inspect archive contents or metadata beyond the capped header if extraction is incomplete.",file-evidence.csv,063303
061303,EAST MORGAN COUNTY HOSPITAL,CO,pointer-blocked-to-automation,pointer-or-domain-review,HTTP Parse Error: Header overflow,not retrieved,unresolved,unresolved,unverified,,,,,,2026-09-09T01:42:43.244Z,,,Browser / official-domain review,Open the recorded pointer and official homepage in a browser. Follow the official pricing page; record redirects and exact response. Verify a replacement domain against first-party facility identity before assigning it.,file-evidence.csv,061303
061325,EASTERN RIO BLANCO COUNTY HEALTH SERVICE DISTRICT,CO,compliant-date-unverified,identity-or-format-review,host returned pointer,entries retrieved,unresolved,response received,unverified,https://www.pioneershospital.org/cms-hpt.txt,,,,,2026-09-09T01:43:17.301Z,,,Identity / parser review,"Compare the file header with roster name, address and license state. Inspect archive contents or metadata beyond the capped header if extraction is incomplete.",file-evidence.csv,061325
061312,ESTES PARK MEDICAL CENTER,CO,no-cms-hpt-txt-published,pointer-or-domain-review,HTTP 200,not retrieved,unresolved,unresolved,unverified,,,,,,2026-09-09T01:43:17.191Z,,,Browser / official-domain review,Open the recorded pointer and official homepage in a browser. Follow the official pricing page; record redirects and exact response. Verify a replacement domain against first-party facility identity before assigning it.,file-evidence.csv,061312
061304,HAXTUN HOSPITAL DISTRICT,CO,compliant-date-unverified,identity-or-format-review,host returned pointer,entries retrieved,unresolved,response received,unverified,https://haxtunhealth.org/cms-hpt.txt,,,,,2026-09-09T01:43:17.307Z,,,Identity / parser review,"Compare the file header with roster name, address and license state. Inspect archive contents or metadata beyond the capped header if extraction is incomplete.",file-evidence.csv,061304
061343,KEEFE MEMORIAL HOSPITAL,CO,mrf-stale-over-365-days,publisher-date-review,host returned pointer,entries retrieved,corroborated,response received,date-over-365-days,https://keefemh.org/cms-hpt.txt,https://keefemh.org/wp-content/uploads/2025/07/472340447_keefe-memorial-health-service-district_standardcharges.csv,2025-06-30,2.0.0,https://keefemh.org/patient-resources/pricing-transparency/,2026-09-09T01:47:50.518Z,,,Publisher date review,Review the draft against the saved declared date; request the current file or clarification.,file-evidence.csv,061343
061306,LINCOLN HEALTH HOSPITAL,CO,no-cms-hpt-txt-published,pointer-or-domain-review,HTTP 202,not retrieved,unresolved,unresolved,unverified,,,,,,2026-09-09T01:43:17.130Z,,,Browser / official-domain review,Open the recorded pointer and official homepage in a browser. Follow the official pricing page; record redirects and exact response. Verify a replacement domain against first-party facility identity before assigning it.,file-evidence.csv,061306
060020,"PARKVIEW MEDICAL CENTER, INC",CO,mrf-url-unreachable,file-access-review,host returned pointer,entries retrieved,unresolved,unresolved,unverified,https://www.uchealth.org/cms-hpt.txt,,,,,2026-09-09T01:43:17.414Z,,,Browser file retrieval,"Open the pointer-declared file in a browser. Record the final URL, status and download evidence. A failed automated request alone does not establish that the file is unavailable.",file-evidence.csv,060020
061323,PROWERS MEDICAL CENTER,CO,mrf-stale-over-365-days,identity-or-format-review,host returned pointer,entries retrieved,unresolved,response received,unverified,https://www.prowersmedical.com/cms-hpt.txt,,,,,2026-09-09T01:43:17.910Z,,,Identity / parser review,"Compare the file header with roster name, address and license state. Inspect archive contents or metadata beyond the capped header if extraction is incomplete.",file-evidence.csv,061323
061308,SAN LUIS VALLEY HEALTH CONEJOS COUNTY HOSPITAL,CO,not-assessed-not-named-in-file,identity-or-format-review,host returned pointer,entries retrieved,unresolved,response received,unverified,https://www.sanluisvalleyhealth.org/cms-hpt.txt,,,,,2026-09-09T01:43:17.562Z,,,Identity / parser review,"Compare the file header with roster name, address and license state. Inspect archive contents or metadata beyond the capped header if extraction is incomplete.",file-evidence.csv,061308
061311,SOUTHEAST COLORADO HOSPITAL DISTRICT,CO,compliant-date-unverified,identity-or-format-review,host returned pointer,entries retrieved,unresolved,response received,unverified,https://www.sechosp.org/cms-hpt.txt,,,,,2026-09-09T01:43:17.796Z,,,Identity / parser review,"Compare the file header with roster name, address and license state. Inspect archive contents or metadata beyond the capped header if extraction is incomplete.",file-evidence.csv,061311
061327,SOUTHWEST MEMORIAL HOSPITAL,CO,compliant-date-unverified,identity-or-format-review,host returned pointer,entries retrieved,unresolved,response received,unverified,http://www.swhealth.org/cms-hpt.txt,,,,,2026-09-09T01:43:17.644Z,,,Identity / parser review,"Compare the file header with roster name, address and license state. Inspect archive contents or metadata beyond the capped header if extraction is incomplete.",file-evidence.csv,061327
060076,STERLING REGIONAL MEDCENTER,CO,pointer-blocked-to-automation,pointer-or-domain-review,HTTP Parse Error: Header overflow,not retrieved,unresolved,unresolved,unverified,,,,,,2026-09-09T01:42:43.244Z,,,Browser / official-domain review,Open the recorded pointer and official homepage in a browser. Follow the official pricing page; record redirects and exact response. Verify a replacement domain against first-party facility identity before assigning it.,file-evidence.csv,060076
060022,UCH-MEMORIAL HEALTH SYSTEM,CO,not-assessed-not-named-in-file,identity-or-format-review,host returned pointer,entries retrieved,unresolved,response received,unverified,https://www.uchealth.org/cms-hpt.txt,,,,,2026-09-09T01:43:17.414Z,,,Identity / parser review,"Compare the file header with roster name, address and license state. Inspect archive contents or metadata beyond the capped header if extraction is incomplete.",file-evidence.csv,060022
061309,WRAY COMMUNITY DISTRICT HOSPITAL,CO,no-cms-hpt-txt-published,pointer-or-domain-review,HTTP 403,not retrieved,unresolved,unresolved,unverified,,,,,,2026-09-09T01:43:17.437Z,,,Browser / official-domain review,Open the recorded pointer and official homepage in a browser. Follow the official pricing page; record redirects and exact response. Verify a replacement domain against first-party facility identity before assigning it.,file-evidence.csv,061309
070010,BRIDGEPORT HOSPITAL,CT,mrf-url-unreachable,file-access-review,host returned pointer,entries retrieved,unresolved,unresolved,unverified,https://www.bridgeporthospital.org/BHAssets/cms-hpt.txt,,,,,2026-09-09T01:43:18.023Z,,,Browser file retrieval,"Open the pointer-declared file in a browser. Record the final URL, status and download evidence. A failed automated request alone does not establish that the file is unavailable.",file-evidence.csv,070010
070025,HARTFORD HOSPITAL,CT,no-cms-hpt-txt-published,metadata-or-pointer-review,HTTP 200,not retrieved,unresolved,response received,unverified,,,,,,2026-09-09T01:43:17.894Z,,,Pointer / metadata review,Inspect the corroborated file and official pointer separately. Resolve missing or conflicting metadata and multiple file candidates before promoting.,file-evidence.csv,070025
070036,JOHN DEMPSEY HOSPITAL OF THE UNIVERSITY OF CONNECT,CT,compliant-date-unverified,file-access-review,host returned pointer,entries retrieved,unresolved,unresolved,unverified,https://health.uconn.edu/cms-hpt.txt,,,,,2026-09-09T01:43:17.675Z,,,Browser file retrieval,"Open the pointer-declared file in a browser. Record the final URL, status and download evidence. A failed automated request alone does not establish that the file is unavailable.",file-evidence.csv,070036
074016,MASONICARE HEALTH CENTER,CT,mrf-stale-over-365-days,identity-or-format-review,host returned pointer,entries retrieved,unresolved,response received,unverified,https://www.masonicare.org/cms-hpt.txt,,,,,2026-09-09T01:43:18.153Z,,,Identity / parser review,"Compare the file header with roster name, address and license state. Inspect archive contents or metadata beyond the capped header if extraction is incomplete.",file-evidence.csv,074016
070022,YALE-NEW HAVEN HOSPITAL,CT,mrf-url-unreachable,file-access-review,host returned pointer,entries retrieved,unresolved,unresolved,unverified,https://www.ynhh.org/YNHHAssets/cms-hpt.txt,,,,,2026-09-09T01:43:18.280Z,,,Browser file retrieval,"Open the pointer-declared file in a browser. Record the final URL, status and download evidence. A failed automated request alone does not establish that the file is unavailable.",file-evidence.csv,070022
094004,PSYCHIATRIC INSTITUTE OF WASHINGTON,DC,pointer-blocked-to-automation,pointer-or-domain-review,HTTP 403,not retrieved,unresolved,unresolved,unverified,,,,,,2026-09-09T01:43:17.917Z,,,Browser / official-domain review,Open the recorded pointer and official homepage in a browser. Follow the official pricing page; record redirects and exact response. Verify a replacement domain against first-party facility identity before assigning it.,file-evidence.csv,094004
090005,SIBLEY MEMORIAL HOSPITAL,DC,pointer-blocked-to-automation,pointer-or-domain-review,HTTP 403,not retrieved,unresolved,unresolved,unverified,,,,,,2026-09-09T01:43:17.929Z,,,Browser / official-domain review,Open the recorded pointer and official homepage in a browser. Follow the official pricing page; record redirects and exact response. Verify a replacement domain against first-party facility identity before assigning it.,file-evidence.csv,090005
090008,UNITED MEDICAL CENTER,DC,not-assessed-site-unreachable,pointer-or-domain-review,HTTP request deadline exceeded,not retrieved,unresolved,unresolved,unverified,,,,,,2026-09-09T01:43:17.962Z,,,Browser / official-domain review,Open the recorded pointer and official homepage in a browser. Follow the official pricing page; record redirects and exact response. Verify a replacement domain against first-party facility identity before assigning it.,file-evidence.csv,090008
084004,DOVER BEHAVIORAL HEALTH SYSTEM,DE,pointer-blocked-to-automation,pointer-or-domain-review,HTTP 403,not retrieved,unresolved,unresolved,unverified,,,,,,2026-09-09T01:43:17.991Z,,,Browser / official-domain review,Open the recorded pointer and official homepage in a browser. Follow the official pricing page; record redirects and exact response. Verify a replacement domain against first-party facility identity before assigning it.,file-evidence.csv,084004
084005,SUN BEHAVIORAL DELAWARE LLC,DE,no-cms-hpt-txt-published,pointer-or-domain-review,HTTP 202,not retrieved,unresolved,unresolved,unverified,,,,,,2026-09-09T01:43:18.315Z,,,Browser / official-domain review,Open the recorded pointer and official homepage in a browser. Follow the official pricing page; record redirects and exact response. Verify a replacement domain against first-party facility identity before assigning it.,file-evidence.csv,084005
100244,CAPE CORAL HOSPITAL,FL,mrf-blocked-to-automation,file-access-review,host returned pointer,entries retrieved,unresolved,unresolved,unverified,https://www.leehealth.org/cms-hpt.txt,,,,,2026-09-09T01:43:18.364Z,,,Browser file retrieval,"Open the pointer-declared file in a browser. Record the final URL, status and download evidence. A failed automated request alone does not establish that the file is unavailable.",file-evidence.csv,100244
100161,CENTRAL FLORIDA LAKE MONROE HOSPITAL,FL,mrf-blocked-to-automation,pointer-or-domain-review,HTTP request deadline exceeded,not retrieved,unresolved,unresolved,unverified,,,,,,2026-09-09T01:43:28.621Z,,,Browser / official-domain review,Open the recorded pointer and official homepage in a browser. Follow the official pricing page; record redirects and exact response. Verify a replacement domain against first-party facility identity before assigning it.,file-evidence.csv,100161
104024,"CIRCLES OF CARE, INC",FL,old-template-version,publisher-template-review,host returned pointer,entries retrieved,corroborated,response received,date-within-365-days-older-version,https://circlesofcare.org/cms-hpt.txt,https://www.circlesofcare.org/wp-content/uploads/2025/12/591101553_circles-of-care-inc_standardcharges.csv,2025-12-12,2.0.0,https://www.circlesofcare.org/financial-transparency/,2026-09-09T01:47:52.152Z,,,Publisher metadata review,Review the draft against the saved header and current CMS data dictionary; request the current file or clarification.,file-evidence.csv,104024
100105,CLEVELAND CLINIC INDIAN RIVER HOSPITAL,FL,compliant-date-unverified,file-access-review,host returned pointer,entries retrieved,unresolved,unresolved,unverified,https://my.clevelandclinic.org/cms-hpt.txt,,,,,2026-09-09T01:43:18.511Z,,,Browser file retrieval,"Open the pointer-declared file in a browser. Record the final URL, status and download evidence. A failed automated request alone does not establish that the file is unavailable.",file-evidence.csv,100105
100044,CLEVELAND CLINIC MARTIN NORTH HOSPITAL,FL,compliant-date-unverified,identity-or-format-review,host returned pointer,entries retrieved,unresolved,response received,unverified,https://my.clevelandclinic.org/cms-hpt.txt,,,,,2026-09-09T01:43:18.511Z,,,Identity / parser review,"Compare the file header with roster name, address and license state. Inspect archive contents or metadata beyond the capped header if extraction is incomplete.",file-evidence.csv,100044
100183,CORAL GABLES HOSPITAL,FL,mrf-stale-over-365-days,publisher-date-review,host returned pointer,entries retrieved,corroborated,response received,date-over-365-days,https://coralgableshospital.org/cms-hpt.txt,https://coralgableshospital.org/pricetransparency/995038459_CoralGablesHospital_standardcharges.csv,2025-02-21,2.0.0,https://coralgableshospital.org/price-transparency/,2026-09-09T01:47:54.698Z,,,Publisher date review,Review the draft against the saved declared date; request the current file or clarification.,file-evidence.csv,100183
100277,DOUGLAS GARDENS HOSPITAL,FL,no-cms-hpt-txt-published,pointer-or-domain-review,HTTP 202,not retrieved,unresolved,unresolved,unverified,,,,,,2026-09-09T01:43:19.999Z,,,Browser / official-domain review,Open the recorded pointer and official homepage in a browser. Follow the official pricing page; record redirects and exact response. Verify a replacement domain against first-party facility identity before assigning it.,file-evidence.csv,100277
100134,ED FRASER MEMORIAL HOSPITAL,FL,mrf-url-unreachable,metadata-or-pointer-review,HTTP 200,not retrieved,unresolved,response received,unverified,,,,,,2026-09-09T01:43:28.353Z,,,Pointer / metadata review,Inspect the corroborated file and official pointer separately. Resolve missing or conflicting metadata and multiple file candidates before promoting.,file-evidence.csv,100134
100090,FLAGLER HOSPITAL,FL,not-assessed-site-unreachable,pointer-or-domain-review,HTTP 404,not retrieved,unresolved,unresolved,unverified,,,,,,2026-09-09T01:43:28.378Z,,,Browser / official-domain review,Open the recorded pointer and official homepage in a browser. Follow the official pricing page; record redirects and exact response. Verify a replacement domain against first-party facility identity before assigning it.,file-evidence.csv,100090
100298,FLORIDA STATE HOSPITAL UNIT 31 MED,FL,no-cms-hpt-txt-published,pointer-or-domain-review,HTTP 200,not retrieved,unresolved,unresolved,unverified,,,,,,2026-09-09T01:43:28.429Z,,,Browser / official-domain review,Open the recorded pointer and official homepage in a browser. Follow the official pricing page; record redirects and exact response. Verify a replacement domain against first-party facility identity before assigning it.,file-evidence.csv,100298
100266,GULF BREEZE HOSPITAL,FL,compliant-date-unverified,file-access-review,host returned pointer,entries retrieved,unresolved,unresolved,unverified,https://www.ebaptisthealthcare.org/cms-hpt.txt,,,,,2026-09-09T01:43:28.506Z,,,Browser file retrieval,"Open the pointer-declared file in a browser. Record the final URL, status and download evidence. A failed automated request alone does not establish that the file is unavailable.",file-evidence.csv,100266
100220,GULF COAST MEDICAL CENTER LEE HEALTH,FL,mrf-blocked-to-automation,file-access-review,host returned pointer,entries retrieved,unresolved,unresolved,unverified,https://www.leehealth.org/cms-hpt.txt,,,,,2026-09-09T01:43:18.364Z,,,Browser file retrieval,"Open the pointer-declared file in a browser. Record the final URL, status and download evidence. A failed automated request alone does not establish that the file is unavailable.",file-evidence.csv,100220
100330,HALIFAX HEALTH /UF HEALTH MEDICAL CENTER OF DELTON,FL,compliant-date-unverified,file-access-review,host returned pointer,entries retrieved,unresolved,unresolved,unverified,https://halifaxhealth.org/cms-hpt.txt,,,,,2026-09-09T01:43:28.258Z,,,Browser file retrieval,"Open the pointer-declared file in a browser. Record the final URL, status and download evidence. A failed automated request alone does not establish that the file is unavailable.",file-evidence.csv,100330
100131,HCA FLORIDA AVENTURA HOSPITAL,FL,mrf-blocked-to-automation,pointer-or-domain-review,HTTP request deadline exceeded,not retrieved,unresolved,unresolved,unverified,,,,,,2026-09-09T01:43:28.621Z,,,Browser / official-domain review,Open the recorded pointer and official homepage in a browser. Follow the official pricing page; record redirects and exact response. Verify a replacement domain against first-party facility identity before assigning it.,file-evidence.csv,100131
100256,HCA FLORIDA BAYONET POINT HOSPITAL,FL,mrf-blocked-to-automation,pointer-or-domain-review,HTTP request deadline exceeded,not retrieved,unresolved,unresolved,unverified,,,,,,2026-09-09T01:43:28.621Z,,,Browser / official-domain review,Open the recorded pointer and official homepage in a browser. Follow the official pricing page; record redirects and exact response. Verify a replacement domain against first-party facility identity before assigning it.,file-evidence.csv,100256
100213,HCA FLORIDA BLAKE HOSPITAL,FL,mrf-blocked-to-automation,pointer-or-domain-review,HTTP request deadline exceeded,not retrieved,unresolved,unresolved,unverified,,,,,,2026-09-09T01:43:28.621Z,,,Browser / official-domain review,Open the recorded pointer and official homepage in a browser. Follow the official pricing page; record redirects and exact response. Verify a replacement domain against first-party facility identity before assigning it.,file-evidence.csv,100213
100243,HCA FLORIDA BRANDON HOSPITAL,FL,mrf-blocked-to-automation,pointer-or-domain-review,HTTP request deadline exceeded,not retrieved,unresolved,unresolved,unverified,,,,,,2026-09-09T01:43:28.621Z,,,Browser / official-domain review,Open the recorded pointer and official homepage in a browser. Follow the official pricing page; record redirects and exact response. Verify a replacement domain against first-party facility identity before assigning it.,file-evidence.csv,100243
100254,HCA FLORIDA CAPITAL HOSPITAL,FL,mrf-blocked-to-automation,pointer-or-domain-review,HTTP request deadline exceeded,not retrieved,unresolved,unresolved,unverified,,,,,,2026-09-09T01:43:28.621Z,,,Browser / official-domain review,Open the recorded pointer and official homepage in a browser. Follow the official pricing page; record redirects and exact response. Verify a replacement domain against first-party facility identity before assigning it.,file-evidence.csv,100254
100023,HCA FLORIDA CITRUS HOSPITAL,FL,mrf-blocked-to-automation,pointer-or-domain-review,HTTP request deadline exceeded,not retrieved,unresolved,unresolved,unverified,,,,,,2026-09-09T01:43:28.621Z,,,Browser / official-domain review,Open the recorded pointer and official homepage in a browser. Follow the official pricing page; record redirects and exact response. Verify a replacement domain against first-party facility identity before assigning it.,file-evidence.csv,100023
100267,HCA FLORIDA ENGLEWOOD HOSPITAL,FL,mrf-blocked-to-automation,pointer-or-domain-review,HTTP request deadline exceeded,not retrieved,unresolved,unresolved,unverified,,,,,,2026-09-09T01:43:28.621Z,,,Browser / official-domain review,Open the recorded pointer and official homepage in a browser. Follow the official pricing page; record redirects and exact response. Verify a replacement domain against first-party facility identity before assigning it.,file-evidence.csv,100267
100236,HCA FLORIDA FAWCETT HOSPITAL,FL,mrf-blocked-to-automation,pointer-or-domain-review,HTTP request deadline exceeded,not retrieved,unresolved,unresolved,unverified,,,,,,2026-09-09T01:43:28.621Z,,,Browser / official-domain review,Open the recorded pointer and official homepage in a browser. Follow the official pricing page; record redirects and exact response. Verify a replacement domain against first-party facility identity before assigning it.,file-evidence.csv,100236
100223,HCA FLORIDA FORT WALTON-DESTIN HOSPITAL,FL,mrf-blocked-to-automation,pointer-or-domain-review,HTTP request deadline exceeded,not retrieved,unresolved,unresolved,unverified,,,,,,2026-09-09T01:43:28.621Z,,,Browser / official-domain review,Open the recorded pointer and official homepage in a browser. Follow the official pricing page; record redirects and exact response. Verify a replacement domain against first-party facility identity before assigning it.,file-evidence.csv,100223
100242,HCA FLORIDA GULF COAST HOSPITAL,FL,mrf-blocked-to-automation,pointer-or-domain-review,HTTP request deadline exceeded,not retrieved,unresolved,unresolved,unverified,,,,,,2026-09-09T01:43:28.621Z,,,Browser / official-domain review,Open the recorded pointer and official homepage in a browser. Follow the official pricing page; record redirects and exact response. Verify a replacement domain against first-party facility identity before assigning it.,file-evidence.csv,100242
100049,HCA FLORIDA HIGHLANDS HOSPITAL,FL,mrf-blocked-to-automation,pointer-or-domain-review,HTTP request deadline exceeded,not retrieved,unresolved,unresolved,unverified,,,,,,2026-09-09T01:43:28.621Z,,,Browser / official-domain review,Open the recorded pointer and official homepage in a browser. Follow the official pricing page; record redirects and exact response. Verify a replacement domain against first-party facility identity before assigning it.,file-evidence.csv,100049
100080,HCA FLORIDA JFK HOSPITAL,FL,mrf-blocked-to-automation,pointer-or-domain-review,HTTP request deadline exceeded,not retrieved,unresolved,unresolved,unverified,,,,,,2026-09-09T01:43:28.621Z,,,Browser / official-domain review,Open the recorded pointer and official homepage in a browser. Follow the official pricing page; record redirects and exact response. Verify a replacement domain against first-party facility identity before assigning it.,file-evidence.csv,100080
100209,HCA FLORIDA KENDALL HOSPITAL,FL,mrf-blocked-to-automation,pointer-or-domain-review,HTTP request deadline exceeded,not retrieved,unresolved,unresolved,unverified,,,,,,2026-09-09T01:43:28.621Z,,,Browser / official-domain review,Open the recorded pointer and official homepage in a browser. Follow the official pricing page; record redirects and exact response. Verify a replacement domain against first-party facility identity before assigning it.,file-evidence.csv,100209
100156,HCA FLORIDA LAKE CITY HOSPITAL,FL,mrf-blocked-to-automation,pointer-or-domain-review,HTTP request deadline exceeded,not retrieved,unresolved,unresolved,unverified,,,,,,2026-09-09T01:43:28.621Z,,,Browser / official-domain review,Open the recorded pointer and official homepage in a browser. Follow the official pricing page; record redirects and exact response. Verify a replacement domain against first-party facility identity before assigning it.,file-evidence.csv,100156
100248,HCA FLORIDA LARGO HOSPITAL,FL,mrf-blocked-to-automation,pointer-or-domain-review,HTTP request deadline exceeded,not retrieved,unresolved,unresolved,unverified,,,,,,2026-09-09T01:43:28.621Z,,,Browser / official-domain review,Open the recorded pointer and official homepage in a browser. Follow the official pricing page; record redirects and exact response. Verify a replacement domain against first-party facility identity before assigning it.,file-evidence.csv,100248
100246,HCA FLORIDA LAWNWOOD HOSPITAL,FL,mrf-blocked-to-automation,pointer-or-domain-review,HTTP request deadline exceeded,not retrieved,unresolved,unresolved,unverified,,,,,,2026-09-09T01:43:28.621Z,,,Browser / official-domain review,Open the recorded pointer and official homepage in a browser. Follow the official pricing page; record redirects and exact response. Verify a replacement domain against first-party facility identity before assigning it.,file-evidence.csv,100246
100179,HCA FLORIDA MEMORIAL HOSPITAL,FL,mrf-blocked-to-automation,pointer-or-domain-review,HTTP request deadline exceeded,not retrieved,unresolved,unresolved,unverified,,,,,,2026-09-09T01:43:28.621Z,,,Browser / official-domain review,Open the recorded pointer and official homepage in a browser. Follow the official pricing page; record redirects and exact response. Verify a replacement domain against first-party facility identity before assigning it.,file-evidence.csv,100179
100167,HCA FLORIDA MERCY HOSPITAL,FL,mrf-blocked-to-automation,identity-quarantined,HTTP request deadline exceeded,not retrieved,unresolved,unresolved,unverified,,,,,,2026-09-09T01:43:28.621Z,,,Facility identity adjudication,The previous assignment is excluded. Resolve roster name/address or find an official pointer and file that corroborate this facility.,file-evidence.csv,100167
100204,HCA FLORIDA NORTH FLORIDA HOSPITAL,FL,mrf-blocked-to-automation,pointer-or-domain-review,HTTP request deadline exceeded,not retrieved,unresolved,unresolved,unverified,,,,,,2026-09-09T01:43:28.621Z,,,Browser / official-domain review,Open the recorded pointer and official homepage in a browser. Follow the official pricing page; record redirects and exact response. Verify a replacement domain against first-party facility identity before assigning it.,file-evidence.csv,100204
100238,HCA FLORIDA NORTHSIDE HOSPITAL,FL,mrf-blocked-to-automation,pointer-or-domain-review,HTTP request deadline exceeded,not retrieved,unresolved,unresolved,unverified,,,,,,2026-09-09T01:43:28.621Z,,,Browser / official-domain review,Open the recorded pointer and official homepage in a browser. Follow the official pricing page; record redirects and exact response. Verify a replacement domain against first-party facility identity before assigning it.,file-evidence.csv,100238
100189,HCA FLORIDA NORTHWEST HOSPITAL,FL,mrf-blocked-to-automation,pointer-or-domain-review,HTTP request deadline exceeded,not retrieved,unresolved,unresolved,unverified,,,,,,2026-09-09T01:43:28.621Z,,,Browser / official-domain review,Open the recorded pointer and official homepage in a browser. Follow the official pricing page; record redirects and exact response. Verify a replacement domain against first-party facility identity before assigning it.,file-evidence.csv,100189
100264,HCA FLORIDA OAK HILL HOSPITAL,FL,mrf-blocked-to-automation,pointer-or-domain-review,HTTP request deadline exceeded,not retrieved,unresolved,unresolved,unverified,,,,,,2026-09-09T01:43:28.621Z,,,Browser / official-domain review,Open the recorded pointer and official homepage in a browser. Follow the official pricing page; record redirects and exact response. Verify a replacement domain against first-party facility identity before assigning it.,file-evidence.csv,100264
100226,HCA FLORIDA ORANGE PARK HOSPITAL,FL,mrf-blocked-to-automation,pointer-or-domain-review,HTTP request deadline exceeded,not retrieved,unresolved,unresolved,unverified,,,,,,2026-09-09T01:43:28.621Z,,,Browser / official-domain review,Open the recorded pointer and official homepage in a browser. Follow the official pricing page; record redirects and exact response. Verify a replacement domain against first-party facility identity before assigning it.,file-evidence.csv,100226
100110,HCA FLORIDA OSCEOLA HOSPITAL,FL,mrf-blocked-to-automation,pointer-or-domain-review,HTTP request deadline exceeded,not retrieved,unresolved,unresolved,unverified,,,,,,2026-09-09T01:43:28.621Z,,,Browser / official-domain review,Open the recorded pointer and official homepage in a browser. Follow the official pricing page; record redirects and exact response. Verify a replacement domain against first-party facility identity before assigning it.,file-evidence.csv,100110
100269,HCA FLORIDA PALMS WEST HOSPITAL,FL,mrf-blocked-to-automation,pointer-or-domain-review,HTTP request deadline exceeded,not retrieved,unresolved,unresolved,unverified,,,,,,2026-09-09T01:43:28.621Z,,,Browser / official-domain review,Open the recorded pointer and official homepage in a browser. Follow the official pricing page; record redirects and exact response. Verify a replacement domain against first-party facility identity before assigning it.,file-evidence.csv,100269
100126,HCA FLORIDA PASADENA HOSPITAL A PART OF HCA FLORID,FL,mrf-blocked-to-automation,pointer-or-domain-review,HTTP request deadline exceeded,not retrieved,unresolved,unresolved,unverified,,,,,,2026-09-09T01:43:28.621Z,,,Browser / official-domain review,Open the recorded pointer and official homepage in a browser. Follow the official pricing page; record redirects and exact response. Verify a replacement domain against first-party facility identity before assigning it.,file-evidence.csv,100126
100320,HCA FLORIDA POINCIANA HOSPITAL,FL,mrf-blocked-to-automation,pointer-or-domain-review,HTTP request deadline exceeded,not retrieved,unresolved,unresolved,unverified,,,,,,2026-09-09T01:43:28.621Z,,,Browser / official-domain review,Open the recorded pointer and official homepage in a browser. Follow the official pricing page; record redirects and exact response. Verify a replacement domain against first-party facility identity before assigning it.,file-evidence.csv,100320
100232,HCA FLORIDA PUTNAM HOSPITAL,FL,mrf-blocked-to-automation,pointer-or-domain-review,HTTP request deadline exceeded,not retrieved,unresolved,unresolved,unverified,,,,,,2026-09-09T01:43:28.621Z,,,Browser / official-domain review,Open the recorded pointer and official homepage in a browser. Follow the official pricing page; record redirects and exact response. Verify a replacement domain against first-party facility identity before assigning it.,file-evidence.csv,100232
100252,HCA FLORIDA RAULERSON HOSPITAL,FL,mrf-blocked-to-automation,pointer-or-domain-review,HTTP request deadline exceeded,not retrieved,unresolved,unresolved,unverified,,,,,,2026-09-09T01:43:28.621Z,,,Browser / official-domain review,Open the recorded pointer and official homepage in a browser. Follow the official pricing page; record redirects and exact response. Verify a replacement domain against first-party facility identity before assigning it.,file-evidence.csv,100252
100166,HCA FLORIDA SARASOTA DOCTORS HOSPITAL,FL,mrf-blocked-to-automation,pointer-or-domain-review,HTTP request deadline exceeded,not retrieved,unresolved,unresolved,unverified,,,,,,2026-09-09T01:43:28.621Z,,,Browser / official-domain review,Open the recorded pointer and official homepage in a browser. Follow the official pricing page; record redirects and exact response. Verify a replacement domain against first-party facility identity before assigning it.,file-evidence.csv,100166
100259,HCA FLORIDA SOUTH SHORE HOSPITAL,FL,mrf-blocked-to-automation,pointer-or-domain-review,HTTP request deadline exceeded,not retrieved,unresolved,unresolved,unverified,,,,,,2026-09-09T01:43:28.621Z,,,Browser / official-domain review,Open the recorded pointer and official homepage in a browser. Follow the official pricing page; record redirects and exact response. Verify a replacement domain against first-party facility identity before assigning it.,file-evidence.csv,100259
100206,HCA FLORIDA SOUTH TAMPA HOSPITAL,FL,mrf-blocked-to-automation,pointer-or-domain-review,HTTP request deadline exceeded,not retrieved,unresolved,unresolved,unverified,,,,,,2026-09-09T01:43:28.621Z,,,Browser / official-domain review,Open the recorded pointer and official homepage in a browser. Follow the official pricing page; record redirects and exact response. Verify a replacement domain against first-party facility identity before assigning it.,file-evidence.csv,100206
100180,HCA FLORIDA ST PETERSBURG HOSPITAL,FL,mrf-blocked-to-automation,pointer-or-domain-review,HTTP request deadline exceeded,not retrieved,unresolved,unresolved,unverified,,,,,,2026-09-09T01:43:28.621Z,,,Browser / official-domain review,Open the recorded pointer and official homepage in a browser. Follow the official pricing page; record redirects and exact response. Verify a replacement domain against first-party facility identity before assigning it.,file-evidence.csv,100180
100191,HCA FLORIDA TRINITY HOSPITAL,FL,mrf-blocked-to-automation,pointer-or-domain-review,HTTP request deadline exceeded,not retrieved,unresolved,unresolved,unverified,,,,,,2026-09-09T01:43:28.621Z,,,Browser / official-domain review,Open the recorded pointer and official homepage in a browser. Follow the official pricing page; record redirects and exact response. Verify a replacement domain against first-party facility identity before assigning it.,file-evidence.csv,100191
100054,HCA FLORIDA TWIN CITIES HOSPITAL,FL,mrf-blocked-to-automation,pointer-or-domain-review,HTTP request deadline exceeded,not retrieved,unresolved,unresolved,unverified,,,,,,2026-09-09T01:43:28.621Z,,,Browser / official-domain review,Open the recorded pointer and official homepage in a browser. Follow the official pricing page; record redirects and exact response. Verify a replacement domain against first-party facility identity before assigning it.,file-evidence.csv,100054
100360,HCA FLORIDA UNIVERSITY HOSPITAL,FL,mrf-blocked-to-automation,pointer-or-domain-review,HTTP request deadline exceeded,not retrieved,unresolved,unresolved,unverified,,,,,,2026-09-09T01:43:28.621Z,,,Browser / official-domain review,Open the recorded pointer and official homepage in a browser. Follow the official pricing page; record redirects and exact response. Verify a replacement domain against first-party facility identity before assigning it.,file-evidence.csv,100360
100231,HCA FLORIDA WEST HOSPITAL,FL,mrf-blocked-to-automation,pointer-or-domain-review,HTTP request deadline exceeded,not retrieved,unresolved,unresolved,unverified,,,,,,2026-09-09T01:43:28.621Z,,,Browser / official-domain review,Open the recorded pointer and official homepage in a browser. Follow the official pricing page; record redirects and exact response. Verify a replacement domain against first-party facility identity before assigning it.,file-evidence.csv,100231
100053,HIALEAH HOSPITAL,FL,mrf-stale-over-365-days,publisher-date-review,host returned pointer,entries retrieved,corroborated,response received,date-over-365-days,https://hialeahhosp.org/cms-hpt.txt,https://hialeahhosp.org/pricetransparency/995053647_HialeahHospital_standardcharges.csv,2025-02-21,2.0.0,https://hialeahhosp.org/price-transparency/,2026-09-09T01:47:57.201Z,,,Publisher date review,Review the draft against the saved declared date; request the current file or clarification.,file-evidence.csv,100053
103300,JOHNS HOPKINS ALL CHILDREN'S HOSPITAL,FL,pointer-blocked-to-automation,pointer-or-domain-review,HTTP 403,not retrieved,unresolved,unresolved,unverified,,,,,,2026-09-09T01:43:28.526Z,,,Browser / official-domain review,Open the recorded pointer and official homepage in a browser. Follow the official pricing page; record redirects and exact response. Verify a replacement domain against first-party facility identity before assigning it.,file-evidence.csv,103300
100253,JUPITER MEDICAL CENTER,FL,old-template-version,publisher-template-review,host returned pointer,entries retrieved,corroborated,response received,date-within-365-days-older-version,https://www.jupitermed.com/cms-hpt.txt,https://www.jupitermed.com/documents/content/59-1460239_jupiter-medical-center_standardcharges.csv,2025-10-01,2.2.0,https://www.jupitermed.com/patients-visitors/for-patients/billing-financial-information/hospital-pricing/,2026-09-09T01:47:57.478Z,,,Publisher metadata review,Review the draft against the saved header and current CMS data dictionary; request the current file or clarification.,file-evidence.csv,100253
101303,LAKE BUTLER HOSPITAL,FL,no-cms-hpt-txt-published,pointer-or-domain-review,HTTP 202,not retrieved,unresolved,unresolved,unverified,,,,,,2026-09-09T01:43:28.686Z,,,Browser / official-domain review,Open the recorded pointer and official homepage in a browser. Follow the official pricing page; record redirects and exact response. Verify a replacement domain against first-party facility identity before assigning it.,file-evidence.csv,101303
100299,LAKEWOOD RANCH MEDICAL CENTER,FL,pointer-blocked-to-automation,pointer-or-domain-review,HTTP 403,not retrieved,unresolved,unresolved,unverified,,,,,,2026-09-09T01:43:29.601Z,,,Browser / official-domain review,Open the recorded pointer and official homepage in a browser. Follow the official pricing page; record redirects and exact response. Verify a replacement domain against first-party facility identity before assigning it.,file-evidence.csv,100299
100012,LEE MEMORIAL HOSPITAL,FL,mrf-blocked-to-automation,file-access-review,host returned pointer,entries retrieved,unresolved,unresolved,unverified,https://www.leehealth.org/cms-hpt.txt,,,,,2026-09-09T01:43:18.364Z,,,Browser file retrieval,"Open the pointer-declared file in a browser. Record the final URL, status and download evidence. A failed automated request alone does not establish that the file is unavailable.",file-evidence.csv,100012
104084,NEUROBEHAVIORAL HOSPITAL OF THE PALM BEACHES-NORTH,FL,old-template-version,publisher-template-review,host returned pointer,entries retrieved,corroborated,response received,date-within-365-days-older-version,https://nbhospitals.com/cms-hpt.txt,https://nbhospitals.com/standard-services/Pricing-guidelinesNeuro.csv,2026-01-01,1,https://nbhospitals.com/cms-standard-services/,2026-09-09T01:47:59.628Z,,,Publisher metadata review,Review the draft against the saved header and current CMS data dictionary; request the current file or clarification.,file-evidence.csv,104084
104085,NEUROBEHAVIORAL HOSPITAL OF THE PALM BEACHES-SOUTH,FL,old-template-version,publisher-template-review,host returned pointer,entries retrieved,corroborated,response received,date-within-365-days-older-version,https://nbhospitals.com/cms-hpt.txt,https://nbhospitals.com/standard-services/Pricing-guidelinesNeuro.csv,2026-01-01,1,https://nbhospitals.com/cms-standard-services/,2026-09-09T01:47:59.628Z,,,Publisher metadata review,Review the draft against the saved header and current CMS data dictionary; request the current file or clarification.,file-evidence.csv,104085
100029,NORTH SHORE MEDICAL CENTER,FL,mrf-stale-over-365-days,publisher-date-review,host returned pointer,entries retrieved,corroborated,response received,date-over-365-days,https://northshoremc.org/cms-hpt.txt,https://northshoremc.org/pricetransparency/995020733_NorthShoreMedicalCenter_standardcharges.csv,2025-02-21,2.0.0,https://northshoremc.org/price-transparency/,2026-09-09T01:47:59.636Z,,,Publisher date review,Review the draft against the saved declared date; request the current file or clarification.,file-evidence.csv,100029
104007,NORTHEAST FLORIDA STATE HOSPITAL,FL,no-cms-hpt-txt-published,pointer-or-domain-review,HTTP 200,not retrieved,unresolved,unresolved,unverified,,,,,,2026-09-09T01:43:28.429Z,,,Browser / official-domain review,Open the recorded pointer and official homepage in a browser. Follow the official pricing page; record redirects and exact response. Verify a replacement domain against first-party facility identity before assigning it.,file-evidence.csv,104007
100329,OVIEDO MEDICAL CENTER,FL,mrf-blocked-to-automation,pointer-or-domain-review,HTTP request deadline exceeded,not retrieved,unresolved,unresolved,unverified,,,,,,2026-09-09T01:43:28.621Z,,,Browser / official-domain review,Open the recorded pointer and official homepage in a browser. Follow the official pricing page; record redirects and exact response. Verify a replacement domain against first-party facility identity before assigning it.,file-evidence.csv,100329
100187,PALMETTO GENERAL HOSPITAL,FL,mrf-stale-over-365-days,publisher-date-review,host returned pointer,entries retrieved,corroborated,response received,date-over-365-days,https://palmettogeneral.org/cms-hpt.txt,https://palmettogeneral.org/pricetransparency/995002378_PalmettoGeneralHospital_standardcharges.csv,2025-02-20,2.0.0,https://palmettogeneral.org/price-transparency/,2026-09-09T01:47:59.720Z,,,Publisher date review,Review the draft against the saved declared date; request the current file or clarification.,file-evidence.csv,100187
100067,ST ANTHONYS HOSPITAL,FL,mrf-url-unreachable,file-access-review,host returned pointer,entries retrieved,unresolved,unresolved,unverified,https://baycare.org/cms-hpt.txt,,,,,2026-09-09T01:43:29.863Z,,,Browser file retrieval,"Open the pointer-declared file in a browser. Record the final URL, status and download evidence. A failed automated request alone does not establish that the file is unavailable.",file-evidence.csv,100067
100135,TALLAHASSEE MEMORIAL HEALTHCARE,FL,mrf-stale-over-365-days,publisher-date-review,host returned pointer,entries retrieved,corroborated,response received,date-over-365-days,https://www.tmh.org/sites/default/files/price-transparency/cms-hpt.txt,https://www.tmh.org/sites/default/files/price-transparency/591917016_tallahassee-memorial-hospital_standardcharges.csv,2025-05-15,2.0.0,https://www.tmh.org/patients-and-visitors/billing-and-financial-assistance-information#standardrates,2026-09-09T01:48:00.044Z,,,Publisher date review,Review the draft against the saved declared date; request the current file or clarification.,file-evidence.csv,100135
100071,TAMPA GENERAL HOSPITAL BROOKSVILLE,FL,mrf-url-unreachable,file-access-review,host returned pointer,entries retrieved,unresolved,unresolved,unverified,https://www.tgh.org/cms-hpt.txt,,,,,2026-09-09T01:43:30.297Z,,,Browser file retrieval,"Open the pointer-declared file in a browser. Record the final URL, status and download evidence. A failed automated request alone does not establish that the file is unavailable.",file-evidence.csv,100071
100249,TAMPA GENERAL HOSPITAL CRYSTAL RIVER,FL,mrf-url-unreachable,file-access-review,host returned pointer,entries retrieved,unresolved,unresolved,unverified,https://www.tgh.org/cms-hpt.txt,,,,,2026-09-09T01:43:30.297Z,,,Browser file retrieval,"Open the pointer-declared file in a browser. Record the final URL, status and download evidence. A failed automated request alone does not establish that the file is unavailable.",file-evidence.csv,100249
100350,UCF LAKE NONA HOSPITAL,FL,mrf-blocked-to-automation,pointer-or-domain-review,HTTP request deadline exceeded,not retrieved,unresolved,unresolved,unverified,,,,,,2026-09-09T01:43:28.621Z,,,Browser / official-domain review,Open the recorded pointer and official homepage in a browser. Follow the official pricing page; record redirects and exact response. Verify a replacement domain against first-party facility identity before assigning it.,file-evidence.csv,100350
100275,WELLINGTON REGIONAL MEDICAL CENTER,FL,pointer-blocked-to-automation,pointer-or-domain-review,HTTP 403,not retrieved,unresolved,unresolved,unverified,,,,,,2026-09-09T01:43:29.907Z,,,Browser / official-domain review,Open the recorded pointer and official homepage in a browser. Follow the official pricing page; record redirects and exact response. Verify a replacement domain against first-party facility identity before assigning it.,file-evidence.csv,100275
113300,ATHUR M BLANK HOSPITAL,GA,not-assessed-site-unreachable,pointer-or-domain-review,HTTP getaddrinfo ENOTFOUND choaassets.choa.org,not retrieved,unresolved,unresolved,unverified,,,,,,2026-09-09T01:43:29.845Z,,,Browser / official-domain review,Open the recorded pointer and official homepage in a browser. Follow the official pricing page; record redirects and exact response. Verify a replacement domain against first-party facility identity before assigning it.,file-evidence.csv,113300
110024,CANDLER HOSPITAL,GA,mrf-stale-over-365-days,publisher-date-review,host returned pointer,entries retrieved,corroborated,response received,date-over-365-days,https://www.sjchs.org/cms-hpt.txt,https://www.sjchs.org/docs/default-source/default-document-library/580593388_candler-hospital_standardcharges293f9cd3-a627-4d74-aabc-b691b192010e.json,2025-07-01,2.2.0,https://www.sjchs.org/pay-my-bill,2026-09-09T01:48:00.077Z,,,Publisher date review,Review the draft against the saved declared date; request the current file or clarification.,file-evidence.csv,110024
113301,CHILDREN'S HEALTHCARE OF ATLANTA AT SCOTTISH RITE,GA,not-assessed-site-unreachable,pointer-or-domain-review,HTTP getaddrinfo ENOTFOUND choaassets.choa.org,not retrieved,unresolved,unresolved,unverified,,,,,,2026-09-09T01:43:29.845Z,,,Browser / official-domain review,Open the recorded pointer and official homepage in a browser. Follow the official pricing page; record redirects and exact response. Verify a replacement domain against first-party facility identity before assigning it.,file-evidence.csv,113301
110236,COMMONSPIRIT-MEMORIAL HOSPITAL-NORTH GEORGIA,GA,not-assessed-not-named-in-file,identity-or-format-review,host returned pointer,entries retrieved,unresolved,response received,unverified,https://www.commonspirit.org/cms-hpt.txt,,,,,2026-09-09T01:43:17.275Z,,,Identity / parser review,"Compare the file header with roster name, address and license state. Inspect archive contents or metadata beyond the capped header if extraction is incomplete.",file-evidence.csv,110236
110194,DONALSONVILLE HOSPITAL INC,GA,no-cms-hpt-txt-published,pointer-or-domain-review,HTTP 202,not retrieved,unresolved,unresolved,unverified,,,,,,2026-09-09T01:43:30.157Z,,,Browser / official-domain review,Open the recorded pointer and official homepage in a browser. Follow the official pricing page; record redirects and exact response. Verify a replacement domain against first-party facility identity before assigning it.,file-evidence.csv,110194
111337,ELBERT MEMORIAL HOSPITAL,GA,no-cms-hpt-txt-published,pointer-or-domain-review,HTTP 202,not retrieved,unresolved,unresolved,unverified,,,,,,2026-09-09T01:43:30.377Z,,,Browser / official-domain review,Open the recorded pointer and official homepage in a browser. Follow the official pricing page; record redirects and exact response. Verify a replacement domain against first-party facility identity before assigning it.,file-evidence.csv,111337
111314,LIFEBRITE COMMUNITY HOSPITAL OF EARLY,GA,not-assessed-not-named-in-file,identity-or-format-review,host returned pointer,entries retrieved,unresolved,response received,unverified,https://www2.novanthealth.org/Public_Files/regulatory/cms-hpt.txt,,,,,2026-09-09T01:43:30.414Z,,,Identity / parser review,"Compare the file header with roster name, address and license state. Inspect archive contents or metadata beyond the capped header if extraction is incomplete.",file-evidence.csv,111314
110128,MEMORIAL HEALTH MEADOWS HOSPITAL,GA,mrf-url-unreachable,pointer-or-domain-review,HTTP 200,not retrieved,unresolved,unresolved,unverified,,,,,,2026-09-09T01:43:40.701Z,,,Browser / official-domain review,Open the recorded pointer and official homepage in a browser. Follow the official pricing page; record redirects and exact response. Verify a replacement domain against first-party facility identity before assigning it.,file-evidence.csv,110128
111318,MONROE COUNTY HOSPITAL,GA,no-cms-hpt-txt-published,pointer-or-domain-review,HTTP 202,not retrieved,unresolved,unresolved,unverified,,,,,,2026-09-09T01:43:30.498Z,,,Browser / official-domain review,Open the recorded pointer and official homepage in a browser. Follow the official pricing page; record redirects and exact response. Verify a replacement domain against first-party facility identity before assigning it.,file-evidence.csv,111318
110161,NORTHSIDE HOSPITAL,GA,mrf-blocked-to-automation,file-access-review,host returned pointer,entries retrieved,unresolved,unresolved,unverified,https://www.northside.com/cms-hpt.txt,,,,,2026-09-09T01:43:30.653Z,,,Browser file retrieval,"Open the pointer-declared file in a browser. Record the final URL, status and download evidence. A failed automated request alone does not establish that the file is unavailable.",file-evidence.csv,110161
110008,NORTHSIDE HOSPITAL CHEROKEE,GA,mrf-blocked-to-automation,file-access-review,host returned pointer,entries retrieved,unresolved,unresolved,unverified,https://www.northside.com/cms-hpt.txt,,,,,2026-09-09T01:43:30.653Z,,,Browser file retrieval,"Open the pointer-declared file in a browser. Record the final URL, status and download evidence. A failed automated request alone does not establish that the file is unavailable.",file-evidence.csv,110008
110252,NORTHSIDE HOSPITAL DULUTH,GA,mrf-blocked-to-automation,file-access-review,host returned pointer,entries retrieved,unresolved,unresolved,unverified,https://www.northside.com/cms-hpt.txt,,,,,2026-09-09T01:43:30.653Z,,,Browser file retrieval,"Open the pointer-declared file in a browser. Record the final URL, status and download evidence. A failed automated request alone does not establish that the file is unavailable.",file-evidence.csv,110252
110005,NORTHSIDE HOSPITAL FORSYTH,GA,mrf-blocked-to-automation,file-access-review,host returned pointer,entries retrieved,unresolved,unresolved,unverified,https://www.northside.com/cms-hpt.txt,,,,,2026-09-09T01:43:30.653Z,,,Browser file retrieval,"Open the pointer-declared file in a browser. Record the final URL, status and download evidence. A failed automated request alone does not establish that the file is unavailable.",file-evidence.csv,110005
110087,NORTHSIDE HOSPITAL GWINNETT,GA,mrf-blocked-to-automation,file-access-review,host returned pointer,entries retrieved,unresolved,unresolved,unverified,https://www.northside.com/cms-hpt.txt,,,,,2026-09-09T01:43:30.653Z,,,Browser file retrieval,"Open the pointer-declared file in a browser. Record the final URL, status and download evidence. A failed automated request alone does not establish that the file is unavailable.",file-evidence.csv,110087
110253,SOUTH GEORGIA SPECIALTY HOSPITAL,GA,mrf-stale-over-365-days,identity-or-format-review,host returned pointer,entries retrieved,unresolved,response received,unverified,https://southgeorgiaspecialtyhospital.com/cms-hpt.txt,,,,,2026-09-09T01:43:30.741Z,,,Identity / parser review,"Compare the file header with roster name, address and license state. Inspect archive contents or metadata beyond the capped header if extraction is incomplete.",file-evidence.csv,110253
110146,SOUTHEAST GEORGIA HEALTH SYSTEM -- CAMDEN CAMPUS,GA,mrf-stale-over-365-days,publisher-date-review,host returned pointer,entries retrieved,corroborated,response received,date-over-365-days,https://www.sghs.org/cms-hpt.txt,https://res.cloudinary.com/dpmykpsih/raw/upload/southeast-georgia-site-441/media/r/2b7af40f710742bdb73b6db38189c1a2/581911751_southeast-georgia-health-system-camden-campus_standardcharges.csv,2025-01-28,2.0.0,https://www.sghs.org/patients-visitors/billing-information/understanding-health-care-pricing/,2026-09-09T01:48:01.109Z,,,Publisher date review,Review the draft against the saved declared date; request the current file or clarification.,file-evidence.csv,110146
110025,SOUTHEAST GEORGIA HEALTH SYSTEM- BRUNSWICK CAMPUS,GA,mrf-stale-over-365-days,publisher-date-review,host returned pointer,entries retrieved,corroborated,response received,date-over-365-days,https://www.sghs.org/cms-hpt.txt,https://res.cloudinary.com/dpmykpsih/raw/upload/southeast-georgia-site-441/media/r/3973089e73b74845a679c5863cedd135/581911751_southeast-georgia-health-system-brunswick-campus_standardcharg.csv,2025-01-01,2.0.0,https://www.sghs.org/patients-visitors/billing-information/understanding-health-care-pricing/,2026-09-09T01:48:01.189Z,,,Publisher date review,Review the draft against the saved declared date; request the current file or clarification.,file-evidence.csv,110025
110233,"SOUTHEASTERN REGIONAL MEDICAL CENTER, INC",GA,pointer-blocked-to-automation,pointer-or-domain-review,HTTP 403,not retrieved,unresolved,unresolved,unverified,,,,,,2026-09-09T01:42:43.222Z,,,Browser / official-domain review,Open the recorded pointer and official homepage in a browser. Follow the official pricing page; record redirects and exact response. Verify a replacement domain against first-party facility identity before assigning it.,file-evidence.csv,110233
110101,"SOUTHWELL MEDICAL, A CAMPUS OF TRMC",GA,no-cms-hpt-txt-published,pointer-or-domain-review,HTTP 200,not retrieved,unresolved,unresolved,unverified,,,,,,2026-09-09T01:43:30.691Z,,,Browser / official-domain review,Open the recorded pointer and official homepage in a browser. Follow the official pricing page; record redirects and exact response. Verify a replacement domain against first-party facility identity before assigning it.,file-evidence.csv,110101
110129,ST FRANCIS HOSPITAL- EMORY HEALTHCARE,GA,not-assessed-site-unreachable,pointer-or-domain-review,HTTP 406,not retrieved,unresolved,unresolved,unverified,,,,,,2026-09-09T01:43:30.604Z,,,Browser / official-domain review,Open the recorded pointer and official homepage in a browser. Follow the official pricing page; record redirects and exact response. Verify a replacement domain against first-party facility identity before assigning it.,file-evidence.csv,110129
110006,ST MARY'S HOSPITAL,GA,mrf-stale-over-365-days,file-access-review,host returned pointer,entries retrieved,unresolved,unresolved,unverified,https://www.stmaryshealthcaresystem.org/sites/default/files/cms-hpt.txt,,,,,2026-09-09T01:43:30.979Z,,,Browser file retrieval,"Open the pointer-declared file in a browser. Record the final URL, status and download evidence. A failed automated request alone does not establish that the file is unavailable.",file-evidence.csv,110006
111329,ST MARYS GOOD SAMARITAN HOSPITAL,GA,mrf-stale-over-365-days,file-access-review,host returned pointer,entries retrieved,unresolved,unresolved,unverified,https://www.stmaryshealthcaresystem.org/sites/default/files/cms-hpt.txt,,,,,2026-09-09T01:43:30.979Z,,,Browser file retrieval,"Open the pointer-declared file in a browser. Record the final URL, status and download evidence. A failed automated request alone does not establish that the file is unavailable.",file-evidence.csv,111329
114004,SUMMITRIDGE CENTER- PSYCHIATRY & ADDICTIVE MED,GA,pointer-blocked-to-automation,pointer-or-domain-review,HTTP 403,not retrieved,unresolved,unresolved,unverified,,,,,,2026-09-09T01:43:30.807Z,,,Browser / official-domain review,Open the recorded pointer and official homepage in a browser. Follow the official pricing page; record redirects and exact response. Verify a replacement domain against first-party facility identity before assigning it.,file-evidence.csv,114004
110015,TANNER MEDICAL CENTER VILLA RICA,GA,mrf-stale-over-365-days,metadata-or-pointer-review,HTTP 200,not retrieved,unresolved,response received,unverified,,,,,,2026-09-09T01:42:35.924Z,,,Pointer / metadata review,Inspect the corroborated file and official pointer separately. Resolve missing or conflicting metadata and multiple file candidates before promoting.,file-evidence.csv,110015
110002,UPSON REGIONAL MEDICAL CENTER,GA,not-assessed-site-unreachable,pointer-or-domain-review,HTTP 200,not retrieved,unresolved,unresolved,unverified,,,,,,2026-09-09T01:43:32.566Z,,,Browser / official-domain review,Open the recorded pointer and official homepage in a browser. Follow the official pricing page; record redirects and exact response. Verify a replacement domain against first-party facility identity before assigning it.,file-evidence.csv,110002
650001,GUAM MEMORIAL  HOSPITAL AUTHORITY,GU,no-cms-hpt-txt-published,pointer-or-domain-review,HTTP 200,not retrieved,unresolved,unresolved,unverified,,,,,,2026-09-09T01:43:40.756Z,,,Browser / official-domain review,Open the recorded pointer and official homepage in a browser. Follow the official pricing page; record redirects and exact response. Verify a replacement domain against first-party facility identity before assigning it.,file-evidence.csv,650001
161351,AVERA HOLY FAMILY HOSPITAL,IA,old-template-version,pointer-or-domain-review,HTTP 403,not retrieved,unresolved,unresolved,unverified,,,,,,2026-09-09T01:43:39.479Z,,,Browser / official-domain review,Open the recorded pointer and official homepage in a browser. Follow the official pricing page; record redirects and exact response. Verify a replacement domain against first-party facility identity before assigning it.,file-evidence.csv,161351
161321,AVERA MERRILL PIONEER HOSPITAL,IA,old-template-version,pointer-or-domain-review,HTTP 403,not retrieved,unresolved,unresolved,unverified,,,,,,2026-09-09T01:43:39.479Z,,,Browser / official-domain review,Open the recorded pointer and official homepage in a browser. Follow the official pricing page; record redirects and exact response. Verify a replacement domain against first-party facility identity before assigning it.,file-evidence.csv,161321
161359,BURGESS HEALTH CENTER,IA,mrf-url-unreachable,file-access-review,host returned pointer,entries retrieved,unresolved,unresolved,unverified,https://burgesshc.org/cms-hpt.txt,,,,,2026-09-09T01:43:31.248Z,,,Browser file retrieval,"Open the pointer-declared file in a browser. Record the final URL, status and download evidence. A failed automated request alone does not establish that the file is unavailable.",file-evidence.csv,161359
161348,CLARKE COUNTY HOSPITAL,IA,pointer-blocked-to-automation,pointer-or-domain-review,HTTP getaddrinfo EAI_AGAIN clarkehosp.org,not retrieved,unresolved,unresolved,unverified,,,,,,2026-09-09T01:43:41.017Z,,,Browser / official-domain review,Open the recorded pointer and official homepage in a browser. Follow the official pricing page; record redirects and exact response. Verify a replacement domain against first-party facility identity before assigning it.,file-evidence.csv,161348
161368,FLOYD VALLEY HEALTHCARE,IA,old-template-version,pointer-or-domain-review,HTTP 403,not retrieved,unresolved,unresolved,unverified,,,,,,2026-09-09T01:43:39.479Z,,,Browser / official-domain review,Open the recorded pointer and official homepage in a browser. Follow the official pricing page; record redirects and exact response. Verify a replacement domain against first-party facility identity before assigning it.,file-evidence.csv,161368
161365,GREATER REGIONAL MEDICAL CENTER,IA,compliant-date-unverified,identity-or-format-review,host returned pointer,entries retrieved,unresolved,response received,unverified,https://e363f8c5-d982-49c6-ae27-e8ee9e1ff4a3.usrfiles.com/ugd/e363f8_36f15900d3274b44968a27af2c5b43c9.txt,,,,,2026-09-09T01:43:42.269Z,,,Identity / parser review,"Compare the file header with roster name, address and license state. Inspect archive contents or metadata beyond the capped header if extraction is incomplete.",file-evidence.csv,161365
161380,HANSEN FAMILY HOSPITAL,IA,not-assessed-not-named-in-file,identity-or-format-review,host returned pointer,entries retrieved,unresolved,response received,unverified,https://www.mercyone.org/sites/default/files/cms-hpt.txt,,,,,2026-09-09T01:43:42.839Z,,,Identity / parser review,"Compare the file header with roster name, address and license state. Inspect archive contents or metadata beyond the capped header if extraction is incomplete.",file-evidence.csv,161380
161336,HEGG MEMORIAL HEALTH CENTER,IA,old-template-version,pointer-or-domain-review,HTTP 403,not retrieved,unresolved,unresolved,unverified,,,,,,2026-09-09T01:43:39.479Z,,,Browser / official-domain review,Open the recorded pointer and official homepage in a browser. Follow the official pricing page; record redirects and exact response. Verify a replacement domain against first-party facility identity before assigning it.,file-evidence.csv,161336
161329,JACKSON COUNTY REGIONAL HEALTH CENTER,IA,pointer-lists-no-mrf-url,identity-or-format-review,HTTP 200,not retrieved,unresolved,response received,unverified,,,,,,2026-09-09T01:43:39.765Z,,,Identity / parser review,"Compare the file header with roster name, address and license state. Inspect archive contents or metadata beyond the capped header if extraction is incomplete.",file-evidence.csv,161329
160124,LAKES REGIONAL HEALTHCARE,IA,old-template-version,pointer-or-domain-review,HTTP 403,not retrieved,unresolved,unresolved,unverified,,,,,,2026-09-09T01:43:39.479Z,,,Browser / official-domain review,Open the recorded pointer and official homepage in a browser. Follow the official pricing page; record redirects and exact response. Verify a replacement domain against first-party facility identity before assigning it.,file-evidence.csv,160124
160153,MERCYONE SIOUXLAND MEDICAL CENTER,IA,not-assessed-not-named-in-file,identity-or-format-review,host returned pointer,entries retrieved,unresolved,response received,unverified,https://www.mercyone.org/sites/default/files/cms-hpt.txt,,,,,2026-09-09T01:43:42.839Z,,,Identity / parser review,"Compare the file header with roster name, address and license state. Inspect archive contents or metadata beyond the capped header if extraction is incomplete.",file-evidence.csv,160153
161363,MONTGOMERY COUNTY MEMORIAL HOSPITAL,IA,compliant-date-unverified,file-access-review,host returned pointer,entries retrieved,unresolved,unresolved,unverified,https://www.mcmh.org/cms-hpt.txt,,,,,2026-09-09T01:43:42.316Z,,,Browser file retrieval,"Open the pointer-declared file in a browser. Record the final URL, status and download evidence. A failed automated request alone does not establish that the file is unavailable.",file-evidence.csv,161363
161345,OSCEOLA COMMUNITY HOSPITAL,IA,old-template-version,pointer-or-domain-review,HTTP 403,not retrieved,unresolved,unresolved,unverified,,,,,,2026-09-09T01:43:39.479Z,,,Browser / official-domain review,Open the recorded pointer and official homepage in a browser. Follow the official pricing page; record redirects and exact response. Verify a replacement domain against first-party facility identity before assigning it.,file-evidence.csv,161345
161328,REGIONAL HEALTH SERVICES OF HOWARD COUNTY,IA,old-template-version,pointer-or-domain-review,HTTP 403,not retrieved,unresolved,unresolved,unverified,,,,,,2026-09-09T01:43:39.479Z,,,Browser / official-domain review,Open the recorded pointer and official homepage in a browser. Follow the official pricing page; record redirects and exact response. Verify a replacement domain against first-party facility identity before assigning it.,file-evidence.csv,161328
161346,SIOUX CENTER HEALTH,IA,old-template-version,pointer-or-domain-review,HTTP 403,not retrieved,unresolved,unresolved,unverified,,,,,,2026-09-09T01:43:39.479Z,,,Browser / official-domain review,Open the recorded pointer and official homepage in a browser. Follow the official pricing page; record redirects and exact response. Verify a replacement domain against first-party facility identity before assigning it.,file-evidence.csv,161346
160057,SOUTHEAST IOWA REGIONAL MEDICAL CENTER,IA,compliant-date-unverified,file-access-review,host returned pointer,entries retrieved,unresolved,unresolved,unverified,https://res.cloudinary.com/dpmykpsih/raw/upload/great-river-site-504/media/be62bfca32244d0dad6104b3e0b7586d/cms-hpt.txt,,,,,2026-09-09T01:43:43.281Z,,,Browser file retrieval,"Open the pointer-declared file in a browser. Record the final URL, status and download evidence. A failed automated request alone does not establish that the file is unavailable.",file-evidence.csv,160057
161350,STEWART MEMORIAL COMMUNITY HOSPITAL,IA,mrf-stale-over-365-days,publisher-date-review,host returned pointer,entries retrieved,corroborated,response received,date-over-365-days,https://stewartmemorial.org/cms-hpt.txt,https://www.stewartmemorial.org/wp-content/uploads/2025/12/420860039_Stewart-Memorial-Community-Hospital_StandardCharges.csv,2024-10-08,2.0.0,https://www.stewartmemorial.org/patients/price-transparency/,2026-09-09T01:48:03.889Z,,,Publisher date review,Review the draft against the saved declared date; request the current file or clarification.,file-evidence.csv,161350
131326,CASSIA REGIONAL HOSPITAL,ID,compliant-date-unverified,file-access-review,host returned pointer,entries retrieved,unresolved,unresolved,unverified,https://intermountainhealthcare.org/sc10media/files/intermountain-health/locations/hospital-prices/price-transparency.txt,,,,,2026-09-09T01:43:43.038Z,,,Browser file retrieval,"Open the pointer-declared file in a browser. Record the final URL, status and download evidence. A failed automated request alone does not establish that the file is unavailable.",file-evidence.csv,131326
131327,GRITMAN MEDICAL CENTER,ID,no-cms-hpt-txt-published,pointer-or-domain-review,HTTP 202,not retrieved,unresolved,unresolved,unverified,,,,,,2026-09-09T01:43:43.908Z,,,Browser / official-domain review,Open the recorded pointer and official homepage in a browser. Follow the official pricing page; record redirects and exact response. Verify a replacement domain against first-party facility identity before assigning it.,file-evidence.csv,131327
131319,MINIDOKA MEMORIAL HOSPITAL,ID,mrf-url-unreachable,file-access-review,host returned pointer,entries retrieved,unresolved,unresolved,unverified,https://minidokamemorial.org/cms-hpt.txt,,,,,2026-09-09T01:43:43.009Z,,,Browser file retrieval,"Open the pointer-declared file in a browser. Record the final URL, status and download evidence. A failed automated request alone does not establish that the file is unavailable.",file-evidence.csv,131319
130003,ST JOSEPH REGIONAL MEDICAL CENTER,ID,not-assessed-site-unreachable,pointer-or-domain-review,HTTP 406,not retrieved,unresolved,unresolved,unverified,,,,,,2026-09-09T01:43:42.893Z,,,Browser / official-domain review,Open the recorded pointer and official homepage in a browser. Follow the official pricing page; record redirects and exact response. Verify a replacement domain against first-party facility identity before assigning it.,file-evidence.csv,130003
130063,TREASURE VALLEY HOSPITAL,ID,mrf-stale-over-365-days,publisher-date-review,host returned pointer,entries retrieved,corroborated,response received,date-over-365-days,https://treasurevalleyhospital.com/cms-hpt.txt,https://cdn.sanity.io/files/rlbzokv7/production/063a7fda12ee958c90577c83cec3c34abe54407c.csv,2024-07-01,2.0.0,https://treasurevalleyhospital.com/price-transparency/,2026-09-09T01:48:03.989Z,,,Publisher date review,Review the draft against the saved declared date; request the current file or clarification.,file-evidence.csv,130063
140289,ANDERSON HOSPITAL,IL,not-assessed-site-unreachable,pointer-or-domain-review,HTTP 202,not retrieved,unresolved,unresolved,unverified,,,,,,2026-09-09T01:43:43.746Z,,,Browser / official-domain review,Open the recorded pointer and official homepage in a browser. Follow the official pricing page; record redirects and exact response. Verify a replacement domain against first-party facility identity before assigning it.,file-evidence.csv,140289
141306,COMMUNITY HOSPITAL OF STAUNTON,IL,no-cms-hpt-txt-published,pointer-or-domain-review,HTTP 202,not retrieved,unresolved,unresolved,unverified,,,,,,2026-09-09T01:43:43.984Z,,,Browser / official-domain review,Open the recorded pointer and official homepage in a browser. Follow the official pricing page; record redirects and exact response. Verify a replacement domain against first-party facility identity before assigning it.,file-evidence.csv,141306
140029,COPLEY MEMORIAL HOSPITAL,IL,compliant-date-unverified,pointer-or-domain-review,HTTP 200,not retrieved,unresolved,unresolved,unverified,,,,,,2026-09-09T01:43:42.966Z,,,Browser / official-domain review,Open the recorded pointer and official homepage in a browser. Follow the official pricing page; record redirects and exact response. Verify a replacement domain against first-party facility identity before assigning it.,file-evidence.csv,140029
140172,FRANCISCAN HEALTH OLYMPIA & CHICAGO HEIGHTS,IL,not-assessed-not-named-in-file,identity-or-format-review,host returned pointer,entries retrieved,unresolved,response received,unverified,https://www.franciscanhealth.org/cms-hpt.txt,,,,,2026-09-09T01:43:44.234Z,,,Identity / parser review,"Compare the file header with roster name, address and license state. Inspect archive contents or metadata beyond the capped header if extraction is incomplete.",file-evidence.csv,140172
141321,FRANKLIN HOSPITAL,IL,old-template-version,identity-or-format-review,host returned pointer,entries retrieved,unresolved,response received,unverified,https://www.franklinhospital.net/cms-hpt.txt,,,,,2026-09-09T01:43:43.658Z,,,Identity / parser review,"Compare the file header with roster name, address and license state. Inspect archive contents or metadata beyond the capped header if extraction is incomplete.",file-evidence.csv,141321
141317,GIBSON COMMUNITY HOSPITAL,IL,old-template-version,identity-or-format-review,host returned pointer,entries retrieved,unresolved,response received,unverified,https://gibsonhospital.org/cms-hpt.txt,,,,,2026-09-09T01:43:43.289Z,,,Identity / parser review,"Compare the file header with roster name, address and license state. Inspect archive contents or metadata beyond the capped header if extraction is incomplete.",file-evidence.csv,141317
140184,HEARTLAND REGIONAL MEDICAL CENTER,IL,not-assessed-not-named-in-file,identity-or-format-review,host returned pointer,entries retrieved,unresolved,response received,unverified,https://deaconess.com/cms-hpt.txt,,,,,2026-09-09T01:43:43.757Z,,,Identity / parser review,"Compare the file header with roster name, address and license state. Inspect archive contents or metadata beyond the capped header if extraction is incomplete.",file-evidence.csv,140184
141332,HILLSBORO AREA HOSPITAL,IL,not-assessed-site-unreachable,pointer-or-domain-review,HTTP Hostname/IP does not match certificate's altnames: Host: hillsboroareahospital.org. is not in the cert's altnames: DNS:dev4.starkmedia.com,not retrieved,unresolved,unresolved,unverified,,,,,,2026-09-09T01:43:43.384Z,,,Browser / official-domain review,Open the recorded pointer and official homepage in a browser. Follow the official pricing page; record redirects and exact response. Verify a replacement domain against first-party facility identity before assigning it.,file-evidence.csv,141332
141330,HOPEDALE HOSPITAL,IL,no-cms-hpt-txt-published,pointer-or-domain-review,HTTP 200,not retrieved,unresolved,unresolved,unverified,,,,,,2026-09-09T01:43:43.838Z,,,Browser / official-domain review,Open the recorded pointer and official homepage in a browser. Follow the official pricing page; record redirects and exact response. Verify a replacement domain against first-party facility identity before assigning it.,file-evidence.csv,141330
141353,IROQUOIS MEMORIAL HOSPITAL,IL,old-template-version,metadata-or-pointer-review,host returned pointer,entries retrieved,corroborated,response received,date-unverified,https://iroquoismemorial.com/cms-hpt.txt,https://iroquois.slicedhealth.io/pricer/37-0673512_IroquoisMemorialHospital_standardcharges.CSV,,2,https://iroquois.slicedhealth.io/home,2026-09-09T01:48:05.075Z,,,Pointer / metadata review,Inspect the corroborated file and official pointer separately. Resolve missing or conflicting metadata and multiple file candidates before promoting.,file-evidence.csv,141353
140082,LOUIS A WEISS MEMORIAL HOSPITAL,IL,mrf-stale-over-365-days,publisher-date-review,host returned pointer,entries retrieved,corroborated,response received,date-over-365-days,https://www.weisshospital.com/8453_Weiss%20Memorial%20Hospital_2025-04-01.txt,https://sthpiprd.blob.core.windows.net/machine-readable-files/12711/352637418_resilience-healthcare-weiss-memorial-hospital-llc_standardcharges.csv,2025-03-17,2.0.0,https://search.hospitalpriceindex.com/hpi2/machineReadable/WeissMemorialHospital/12711,2026-09-09T01:48:06.392Z,,,Publisher date review,Review the draft against the saved declared date; request the current file or clarification.,file-evidence.csv,140082
140148,MEMORIAL MEDICAL CENTER,IL,not-assessed-not-named-in-file,identity-or-format-review,host returned pointer,entries retrieved,unresolved,response received,unverified,https://memorial.health/cms-hpt.txt,,,,,2026-09-09T01:43:44.205Z,,,Identity / parser review,"Compare the file header with roster name, address and license state. Inspect archive contents or metadata beyond the capped header if extraction is incomplete.",file-evidence.csv,140148
141335,MERCY HARVARD HOSPITAL,IL,not-assessed-not-named-in-file,identity-or-format-review,host returned pointer,entries retrieved,unresolved,response received,unverified,https://res.cloudinary.com/dpmykpsih/raw/upload/mercyhealth-site-398/media/18f42ccebb5847e98aa8a810d0c7b763/cms-hpt.txt,,,,,2026-09-09T01:44:04.706Z,,,Identity / parser review,"Compare the file header with roster name, address and license state. Inspect archive contents or metadata beyond the capped header if extraction is incomplete.",file-evidence.csv,141335
141302,MIDWEST MEDICAL CENTER,IL,mrf-stale-over-365-days,publisher-date-review,host returned pointer,entries retrieved,corroborated,response received,date-over-365-days,https://www.midwestmedicalcenter.org/cms-hpt.txt,https://www.midwestmedicalcenter.org/content/pdfs/204560540_midwest-medical-center_standardcharges.csv,2025-01-02,2.0.0,https://www.midwestmedicalcenter.org/patients-visitors/standard-charges,2026-09-09T01:48:06.716Z,,,Publisher date review,Review the draft against the saved declared date; request the current file or clarification.,file-evidence.csv,141302
140100,"MIDWESTERN REGION MED CENTER, INC",IL,pointer-blocked-to-automation,pointer-or-domain-review,HTTP 403,not retrieved,unresolved,unresolved,unverified,,,,,,2026-09-09T01:42:43.222Z,,,Browser / official-domain review,Open the recorded pointer and official homepage in a browser. Follow the official pricing page; record redirects and exact response. Verify a replacement domain against first-party facility identity before assigning it.,file-evidence.csv,140100
140010,NORTHSHORE UNIVERSITY HEALTHSYSTEM - EVANSTON HOSPITAL,IL,not-assessed-site-unreachable,pointer-or-domain-review,"HTTP unable to verify the first certificate; if the root CA is installed locally, try running Node.js with --use-system-ca",not retrieved,unresolved,unresolved,unverified,,,,,,2026-09-09T01:43:43.997Z,,,Browser / official-domain review,Open the recorded pointer and official homepage in a browser. Follow the official pricing page; record redirects and exact response. Verify a replacement domain against first-party facility identity before assigning it.,file-evidence.csv,140010
140180,PRESENCE SAINTS MARY AND ELIZABETH MEDICAL CENTER,IL,not-assessed-not-named-in-file,identity-or-format-review,host returned pointer,entries retrieved,unresolved,response received,unverified,https://healthcare.ascension.org/-/media/Healthcare/cms-hpt.txt,,,,,2026-09-09T01:43:44.066Z,,,Identity / parser review,"Compare the file header with roster name, address and license state. Inspect archive contents or metadata beyond the capped header if extraction is incomplete.",file-evidence.csv,140180
140063,RUSH OAK PARK HOSPITAL,IL,compliant-date-unverified,pointer-or-domain-review,HTTP 200,not retrieved,unresolved,unresolved,unverified,,,,,,2026-09-09T01:43:42.966Z,,,Browser / official-domain review,Open the recorded pointer and official homepage in a browser. Follow the official pricing page; record redirects and exact response. Verify a replacement domain against first-party facility identity before assigning it.,file-evidence.csv,140063
140119,RUSH UNIVERSITY MEDICAL CENTER,IL,compliant-date-unverified,pointer-or-domain-review,HTTP 200,not retrieved,unresolved,unresolved,unverified,,,,,,2026-09-09T01:43:42.966Z,,,Browser / official-domain review,Open the recorded pointer and official homepage in a browser. Follow the official pricing page; record redirects and exact response. Verify a replacement domain against first-party facility identity before assigning it.,file-evidence.csv,140119
140095,SAINT ANTHONY HOSPITAL,IL,not-assessed-not-named-in-file,pointer-or-domain-review,HTTP 200,not retrieved,unresolved,unresolved,unverified,,,,,,2026-09-09T01:43:53.994Z,,,Browser / official-domain review,Open the recorded pointer and official homepage in a browser. Follow the official pricing page; record redirects and exact response. Verify a replacement domain against first-party facility identity before assigning it.,file-evidence.csv,140095
140114,SWEDISH HOSPITAL,IL,pointer-blocked-to-automation,identity-or-format-review,HTTP 200,not retrieved,unresolved,response received,unverified,,,,,,2026-09-09T01:43:58.605Z,,,Identity / parser review,"Compare the file header with roster name, address and license state. Inspect archive contents or metadata beyond the capped header if extraction is incomplete.",file-evidence.csv,140114
140228,UW HEALTH,IL,not-assessed-not-named-in-file,pointer-or-domain-review,HTTP getaddrinfo EAI_AGAIN uwhealth.org,not retrieved,unresolved,unresolved,unverified,,,,,,2026-09-09T01:43:54.136Z,,,Browser / official-domain review,Open the recorded pointer and official homepage in a browser. Follow the official pricing page; record redirects and exact response. Verify a replacement domain against first-party facility identity before assigning it.,file-evidence.csv,140228
140084,VISTA MEDICAL CENTER EAST,IL,mrf-stale-over-365-days,metadata-or-pointer-review,HTTP 200,not retrieved,unresolved,response received,unverified,,,,,,2026-09-09T01:43:54.225Z,,,Pointer / metadata review,Inspect the corroborated file and official pointer separately. Resolve missing or conflicting metadata and multiple file candidates before promoting.,file-evidence.csv,140084
140049,WEST SUBURBAN MEDICAL CENTER,IL,mrf-stale-over-365-days,metadata-or-pointer-review,HTTP 200,not retrieved,unresolved,response received,unverified,,,,,,2026-09-09T01:43:54.227Z,,,Pointer / metadata review,Inspect the corroborated file and official pointer separately. Resolve missing or conflicting metadata and multiple file candidates before promoting.,file-evidence.csv,140049
154056,EVANSVILLE STATE HOSPITAL,IN,old-template-version,metadata-or-pointer-review,HTTP 200,not retrieved,unresolved,response received,unverified,,,,,,2026-09-09T01:43:54.240Z,,,Pointer / metadata review,Inspect the corroborated file and official pointer separately. Resolve missing or conflicting metadata and multiple file candidates before promoting.,file-evidence.csv,154056
150179,FAIRBANKS,IN,not-assessed-not-named-in-file,pointer-or-domain-review,HTTP 403,not retrieved,unresolved,unresolved,unverified,,,,,,2026-09-09T01:44:04.573Z,,,Browser / official-domain review,Open the recorded pointer and official homepage in a browser. Follow the official pricing page; record redirects and exact response. Verify a replacement domain against first-party facility identity before assigning it.,file-evidence.csv,150179
150193,FRANCISCAN HEALTH ORTHOPEDIC HOSPITAL CARMEL,IN,mrf-stale-over-365-days,identity-or-format-review,host returned pointer,entries retrieved,unresolved,response received,unverified,https://www.franciscanhealth.org/cms-hpt.txt,,,,,2026-09-09T01:43:44.234Z,,,Identity / parser review,"Compare the file header with roster name, address and license state. Inspect archive contents or metadata beyond the capped header if extraction is incomplete.",file-evidence.csv,150193
154009,HAMILTON CENTER INC,IN,old-template-version,publisher-template-review,host returned pointer,entries retrieved,corroborated,response received,date-within-365-days-older-version,https://hamiltoncenter.org/cms-hpt.txt,https://www.hamiltoncenter.org/351140758_hamilton-center-inc-_standardcharges/,2026-02-09,2,https://www.hamiltoncenter.org/price-transparency/,2026-09-09T01:48:16.683Z,,,Publisher metadata review,Review the draft against the saved header and current CMS data dictionary; request the current file or clarification.,file-evidence.csv,154009
154054,HARSHA BEHAVIORAL CENTER INC,IN,compliant-date-unverified,metadata-or-pointer-review,HTTP 200,not retrieved,unresolved,response received,unverified,,,,,,2026-09-09T01:44:05.354Z,,,Pointer / metadata review,Inspect the corroborated file and official pointer separately. Resolve missing or conflicting metadata and multiple file candidates before promoting.,file-evidence.csv,154054
150051,INDIANA UNIVERSITY HEALTH BLOOMINGTON HOSPITAL,IN,not-assessed-not-named-in-file,identity-or-format-review,host returned pointer,entries retrieved,unresolved,response received,unverified,https://cdn.iuhealth.org/global/cms-hpt.txt,,,,,2026-09-09T01:43:58.500Z,,,Identity / parser review,"Compare the file header with roster name, address and license state. Inspect archive contents or metadata beyond the capped header if extraction is incomplete.",file-evidence.csv,150051
154019,MADISON STATE HOSPITAL,IN,old-template-version,metadata-or-pointer-review,HTTP 200,not retrieved,unresolved,response received,unverified,,,,,,2026-09-09T01:43:54.240Z,,,Pointer / metadata review,Inspect the corroborated file and official pointer separately. Resolve missing or conflicting metadata and multiple file candidates before promoting.,file-evidence.csv,154019
151329,MARGARET MARY COMMUNITY HOSPITAL INC,IN,no-cms-hpt-txt-published,identity-or-format-review,HTTP 200,not retrieved,unresolved,response received,unverified,,,,,,2026-09-09T01:44:04.235Z,,,Identity / parser review,"Compare the file header with roster name, address and license state. Inspect archive contents or metadata beyond the capped header if extraction is incomplete.",file-evidence.csv,151329
150011,MARION GENERAL HOSPITAL,IN,compliant-date-unverified,identity-or-format-review,host returned pointer,entries retrieved,unresolved,response received,unverified,https://www.marionhealth.com/cms-hpt.txt,,,,,2026-09-09T01:44:05.607Z,,,Identity / parser review,"Compare the file header with roster name, address and license state. Inspect archive contents or metadata beyond the capped header if extraction is incomplete.",file-evidence.csv,150011
154008,NEURODIAGNOSTIC INSTITUTE,IN,old-template-version,metadata-or-pointer-review,HTTP 200,not retrieved,unresolved,response received,unverified,,,,,,2026-09-09T01:43:54.240Z,,,Pointer / metadata review,Inspect the corroborated file and official pointer separately. Resolve missing or conflicting metadata and multiple file candidates before promoting.,file-evidence.csv,154008
154050,NORTHEASTERN CENTER,IN,old-template-version,publisher-template-review,host returned pointer,entries retrieved,corroborated,response received,date-within-365-days-older-version,https://nec.org/cms-hpt.txt,https://www.nec.org/wp-content/uploads/2026/06/351403134_Northeastern-Center_standardcharges-1.csv,2026-06-01,2.0.0,https://www.nec.org/about-northeastern-center/price-transparency/,2026-09-09T01:48:18.422Z,,,Publisher metadata review,Review the draft against the saved header and current CMS data dictionary; request the current file or clarification.,file-evidence.csv,154050
154060,"PARK CENTER, INC",IN,not-assessed-not-named-in-file,identity-or-format-review,host returned pointer,entries retrieved,unresolved,response received,unverified,https://www.parkview.com/cms-hpt.txt,,,,,2026-09-09T01:44:05.510Z,,,Identity / parser review,"Compare the file header with roster name, address and license state. Inspect archive contents or metadata beyond the capped header if extraction is incomplete.",file-evidence.csv,154060
151322,PERRY COUNTY MEMORIAL HOSPITAL,IN,mrf-blocked-to-automation,identity-or-format-review,host returned pointer,entries retrieved,unresolved,response received,unverified,https://www.pchospital.org/cms-hpt.txt,,,,,2026-09-09T01:44:04.792Z,,,Identity / parser review,"Compare the file header with roster name, address and license state. Inspect archive contents or metadata beyond the capped header if extraction is incomplete.",file-evidence.csv,151322
154018,RICHMOND STATE HOSPITAL,IN,old-template-version,identity-or-format-review,HTTP 200,not retrieved,unresolved,response received,unverified,,,,,,2026-09-09T01:43:54.240Z,,,Identity / parser review,"Compare the file header with roster name, address and license state. Inspect archive contents or metadata beyond the capped header if extraction is incomplete.",file-evidence.csv,154018
150065,SCHNECK MEDICAL CENTER,IN,mrf-stale-over-365-days,publisher-date-review,host returned pointer,entries retrieved,corroborated,response received,date-over-365-days,https://www.schneckmed.org/cms-hpt.txt,https://d188lfxfyq6i9j.cloudfront.net/general-uploads/PDF-Assets/35-1163135_Jackson-County-Schneck-Memorial-Hospital_standardcharges.csv,2024-01-24,2.0.0,https://www.schneckmed.org/patients-visitors/patient-information/billing-insurance#price-transparency---chargemaster,2026-09-09T01:48:19.133Z,,,Publisher date review,Review the draft against the saved declared date; request the current file or clarification.,file-evidence.csv,150065
150046,TERRE HAUTE REGIONAL HOSPITAL,IN,not-assessed-site-unreachable,pointer-or-domain-review,HTTP Hostname/IP does not match certificate's altnames: Host: regionalhospital.com. is not in the cert's altnames: DNS:*.secure.ehc.com,not retrieved,unresolved,unresolved,unverified,,,,,,2026-09-09T01:44:05.113Z,,,Browser / official-domain review,Open the recorded pointer and official homepage in a browser. Follow the official pricing page; record redirects and exact response. Verify a replacement domain against first-party facility identity before assigning it.,file-evidence.csv,150046
171329,CALDWELL REGIONAL MEDICAL CENTER,KS,compliant-date-unverified,identity-or-format-review,host returned pointer,entries retrieved,unresolved,response received,unverified,https://crmcks.com/cms-hpt.txt,,,,,2026-09-09T01:44:05.087Z,,,Identity / parser review,"Compare the file header with roster name, address and license state. Inspect archive contents or metadata beyond the capped header if extraction is incomplete.",file-evidence.csv,171329
173300,CHILDREN'S MERCY SOUTH,KS,not-assessed-not-named-in-file,identity-or-format-review,host returned pointer,entries retrieved,unresolved,response received,unverified,https://www.childrensmercy.org/cms-hpt.txt,,,,,2026-09-09T01:44:05.754Z,,,Identity / parser review,"Compare the file header with roster name, address and license state. Inspect archive contents or metadata beyond the capped header if extraction is incomplete.",file-evidence.csv,173300
171385,COFFEY COUNTY HOSPITAL,KS,mrf-stale-over-365-days,identity-or-format-review,host returned pointer,entries retrieved,unresolved,response received,unverified,https://coffeyhealth.org/communities/coffeyhealth2020-2/cms-hpt.txt,,,,,2026-09-09T01:44:06.645Z,,,Identity / parser review,"Compare the file header with roster name, address and license state. Inspect archive contents or metadata beyond the capped header if extraction is incomplete.",file-evidence.csv,171385
171359,GREELEY COUNTY HEALTH SERVICES,KS,no-cms-hpt-txt-published,metadata-or-pointer-review,HTTP 200,not retrieved,unresolved,response received,unverified,,,,,,2026-09-09T01:44:06.996Z,,,Pointer / metadata review,Inspect the corroborated file and official pointer separately. Resolve missing or conflicting metadata and multiple file candidates before promoting.,file-evidence.csv,171359
171341,HIAWATHA COMMUNITY HOSPITAL,KS,pointer-blocked-to-automation,pointer-or-domain-review,HTTP 403,not retrieved,unresolved,unresolved,unverified,,,,,,2026-09-09T01:44:05.654Z,,,Browser / official-domain review,Open the recorded pointer and official homepage in a browser. Follow the official pricing page; record redirects and exact response. Verify a replacement domain against first-party facility identity before assigning it.,file-evidence.csv,171341
171357,HILLSBORO COMMUNITY HOSPITAL,KS,compliant-date-unverified,identity-or-format-review,host returned pointer,entries retrieved,unresolved,response received,unverified,https://www.hillsborohospital.com/cms-hpt.txt,,,,,2026-09-09T01:44:05.745Z,,,Identity / parser review,"Compare the file header with roster name, address and license state. Inspect archive contents or metadata beyond the capped header if extraction is incomplete.",file-evidence.csv,171357
170188,KANSAS CITY ORTHOPAEDIC INSTITUTE,KS,compliant-date-unverified,file-access-review,host returned pointer,entries retrieved,unresolved,unresolved,unverified,https://www.kcoi.com/cms-hpt.txt,,,,,2026-09-09T01:44:06.178Z,,,Browser file retrieval,"Open the pointer-declared file in a browser. Record the final URL, status and download evidence. A failed automated request alone does not establish that the file is unavailable.",file-evidence.csv,170188
170183,KANSAS SURGERY & RECOVERY CENTER,KS,mrf-stale-over-365-days,publisher-date-review,host returned pointer,entries retrieved,corroborated,response received,date-over-365-days,https://irp.cdn-website.com/fa377abf/files/uploaded/cms-hpt202504.txt,https://irp.cdn-website.com/fa377abf/files/uploaded/481148580_kansas-surgery---recovery-center-llc_standardcharges.csv,2025-03-25,2.0.0,https://www.kansas.surgery/price-transparency,2026-09-09T01:48:19.708Z,,,Publisher date review,Review the draft against the saved declared date; request the current file or clarification.,file-evidence.csv,170183
171321,MEADE DISTRICT HOSPITAL,KS,mrf-stale-over-365-days,publisher-date-review,host returned pointer,entries retrieved,corroborated,response received,date-over-365-days,https://3293c1a2-894d-4ca5-9b72-fc018865f82e.usrfiles.com/ugd/3293c1_0c176796799b488382354a99e253f472.txt,https://a9a4b96f-06fd-48d5-afab-60ad79a55e97.filesusr.com/ugd/3293c1_b634e2c6081e4736bc6956dddef01d94.json?dn=480966086_Meade%20District%20Hospital_standardcharges%20(3).json,2024-12-31,2.2.0,https://www.avhealthsystem.com/pricing-information,2026-09-09T01:48:19.835Z,,,Publisher date review,Review the draft against the saved declared date; request the current file or clarification.,file-evidence.csv,171321
170006,"MERCY HOSPITAL PITTSBURG, INC",KS,not-assessed-not-named-in-file,identity-or-format-review,host returned pointer,entries retrieved,unresolved,response received,unverified,https://healthcare.ascension.org/-/media/Healthcare/cms-hpt.txt,,,,,2026-09-09T01:43:44.066Z,,,Identity / parser review,"Compare the file header with roster name, address and license state. Inspect archive contents or metadata beyond the capped header if extraction is incomplete.",file-evidence.csv,170006
171386,MORTON COUNTY HOSPITAL,KS,compliant-date-unverified,identity-or-format-review,host returned pointer,entries retrieved,unresolved,response received,unverified,https://mchswecare.com/cms-hpt.txt,,,,,2026-09-09T01:44:06.183Z,,,Identity / parser review,"Compare the file header with roster name, address and license state. Inspect archive contents or metadata beyond the capped header if extraction is incomplete.",file-evidence.csv,171386
170103,NMC HEALTH,KS,compliant-date-unverified,identity-or-format-review,HTTP 200,not retrieved,unresolved,response received,unverified,,,,,,2026-09-09T01:44:17.095Z,,,Identity / parser review,"Compare the file header with roster name, address and license state. Inspect archive contents or metadata beyond the capped header if extraction is incomplete.",file-evidence.csv,170103
170027,PRATT REGIONAL MEDICAL CENTER,KS,compliant-date-unverified,identity-or-format-review,host returned pointer,entries retrieved,unresolved,response received,unverified,https://prmc.org/cms-hpt.txt,,,,,2026-09-09T01:44:06.005Z,,,Identity / parser review,"Compare the file header with roster name, address and license state. Inspect archive contents or metadata beyond the capped header if extraction is incomplete.",file-evidence.csv,170027
170204,"ROCK REGIONAL HOSPITAL, LLC",KS,not-assessed-site-unreachable,pointer-or-domain-review,HTTP getaddrinfo ENOTFOUND lucky77.id,not retrieved,unresolved,unresolved,unverified,,,,,,2026-09-09T01:44:06.429Z,,,Browser / official-domain review,Open the recorded pointer and official homepage in a browser. Follow the official pricing page; record redirects and exact response. Verify a replacement domain against first-party facility identity before assigning it.,file-evidence.csv,170204
170017,SUSAN B ALLEN MEMORIAL HOSPITAL,KS,mrf-stale-over-365-days,metadata-or-pointer-review,HTTP 200,not retrieved,unresolved,response received,unverified,,,,,,2026-09-09T01:44:17.091Z,,,Pointer / metadata review,Inspect the corroborated file and official pointer separately. Resolve missing or conflicting metadata and multiple file candidates before promoting.,file-evidence.csv,170017
180043,AdventHealthManchester,KY,not-assessed-not-named-in-file,identity-or-format-review,host returned pointer,entries retrieved,unresolved,response received,unverified,https://www.adventhealth.com/cms-hpt.txt,,,,,2026-09-09T01:44:06.923Z,,,Identity / parser review,"Compare the file header with roster name, address and license state. Inspect archive contents or metadata beyond the capped header if extraction is incomplete.",file-evidence.csv,180043
181309,CASEY COUNTY HOSPITAL,KY,old-template-version,identity-or-format-review,host returned pointer,entries retrieved,unresolved,response received,unverified,https://caseycountyhospital.com/cms-hpt.txt,,,,,2026-09-09T01:44:07.136Z,,,Identity / parser review,"Compare the file header with roster name, address and license state. Inspect archive contents or metadata beyond the capped header if extraction is incomplete.",file-evidence.csv,181309
181314,CAVERNA MEMORIAL HOSPITAL,KY,mrf-blocked-to-automation,file-access-review,host returned pointer,entries retrieved,unresolved,unresolved,unverified,https://medcenterhealth.org/cms-hpt.txt,,,,,2026-09-09T01:44:06.479Z,,,Browser file retrieval,"Open the pointer-declared file in a browser. Record the final URL, status and download evidence. A failed automated request alone does not establish that the file is unavailable.",file-evidence.csv,181314
180092,CLARK REGIONAL MEDICAL CENTER,KY,not-assessed-not-named-in-file,identity-or-format-review,HTTP 200,not retrieved,unresolved,response received,unverified,,,,,,2026-09-09T01:44:16.603Z,,,Identity / parser review,"Compare the file header with roster name, address and license state. Inspect archive contents or metadata beyond the capped header if extraction is incomplete.",file-evidence.csv,180092
181317,CUMBERLAND COUNTY HOSPITAL,KY,pointer-blocked-to-automation,pointer-or-domain-review,HTTP 403,not retrieved,unresolved,unresolved,unverified,,,,,,2026-09-09T01:44:06.626Z,,,Browser / official-domain review,Open the recorded pointer and official homepage in a browser. Follow the official pricing page; record redirects and exact response. Verify a replacement domain against first-party facility identity before assigning it.,file-evidence.csv,181317
181325,JANE TODD CRAWFORD HOSPITAL,KY,old-template-version,publisher-template-review,host returned pointer,entries retrieved,corroborated,response received,date-within-365-days-older-version,https://janetoddhospital.com/cms-hpt.txt,https://www.janetoddhospital.com/Content/Uploads/janetoddhospital.com/files/204474637_Jane-Todd-Crawford-Hospital_standardcharges.csv,2026-03-31,2.0.0,https://www.janetoddhospital.com/Content/Uploads/janetoddhospital.com/files/204474637_Jane-Todd-Crawford-Hospital_standardcharges.csv,2026-09-09T01:48:29.763Z,,,Publisher metadata review,Review the draft against the saved header and current CMS data dictionary; request the current file or clarification.,file-evidence.csv,181325
181328,KNOX COUNTY HOSPITAL,KY,not-assessed-not-named-in-file,pointer-or-domain-review,HTTP getaddrinfo EAI_AGAIN arh.org,not retrieved,unresolved,unresolved,unverified,,,,,,2026-09-09T01:44:16.573Z,,,Browser / official-domain review,Open the recorded pointer and official homepage in a browser. Follow the official pricing page; record redirects and exact response. Verify a replacement domain against first-party facility identity before assigning it.,file-evidence.csv,181328
180013,THE MEDICAL CENTER (BOWLING GREEN),KY,not-assessed-not-named-in-file,file-access-review,host returned pointer,entries retrieved,unresolved,unresolved,unverified,https://medcenterhealth.org/cms-hpt.txt,,,,,2026-09-09T01:44:06.479Z,,,Browser file retrieval,"Open the pointer-declared file in a browser. Record the final URL, status and download evidence. A failed automated request alone does not establish that the file is unavailable.",file-evidence.csv,180013
181333,THE MEDICAL CENTER AT ALBANY,KY,mrf-blocked-to-automation,file-access-review,host returned pointer,entries retrieved,unresolved,unresolved,unverified,https://medcenterhealth.org/cms-hpt.txt,,,,,2026-09-09T01:44:06.479Z,,,Browser file retrieval,"Open the pointer-declared file in a browser. Record the final URL, status and download evidence. A failed automated request alone does not establish that the file is unavailable.",file-evidence.csv,181333
181318,THE MEDICAL CENTER AT FRANKLIN,KY,mrf-blocked-to-automation,file-access-review,host returned pointer,entries retrieved,unresolved,unresolved,unverified,https://medcenterhealth.org/cms-hpt.txt,,,,,2026-09-09T01:44:06.479Z,,,Browser file retrieval,"Open the pointer-declared file in a browser. Record the final URL, status and download evidence. A failed automated request alone does not establish that the file is unavailable.",file-evidence.csv,181318
180066,The Medical Center at Russellville,KY,pointer-blocked-to-automation,pointer-or-domain-review,HTTP 403,not retrieved,unresolved,unresolved,unverified,,,,,,2026-09-09T01:44:16.650Z,,,Browser / official-domain review,Open the recorded pointer and official homepage in a browser. Follow the official pricing page; record redirects and exact response. Verify a replacement domain against first-party facility identity before assigning it.,file-evidence.csv,180066
181324,THE MEDICAL CENTER AT SCOTTSVILLE,KY,mrf-blocked-to-automation,file-access-review,host returned pointer,entries retrieved,unresolved,unresolved,unverified,https://medcenterhealth.org/cms-hpt.txt,,,,,2026-09-09T01:44:06.479Z,,,Browser file retrieval,"Open the pointer-declared file in a browser. Record the final URL, status and download evidence. A failed automated request alone does not establish that the file is unavailable.",file-evidence.csv,181324
181321,WAYNE COUNTY HOSPITAL,KY,old-template-version,metadata-or-pointer-review,HTTP 200,not retrieved,unresolved,response received,unverified,,,,,,2026-09-09T01:44:16.713Z,,,Pointer / metadata review,Inspect the corroborated file and official pointer separately. Resolve missing or conflicting metadata and multiple file candidates before promoting.,file-evidence.csv,181321
190034,ABBEVILLE GENERAL HOSPITAL,LA,not-assessed-site-unreachable,pointer-or-domain-review,HTTP 200,not retrieved,unresolved,unresolved,unverified,,,,,,2026-09-09T01:44:16.921Z,,,Browser / official-domain review,Open the recorded pointer and official homepage in a browser. Follow the official pricing page; record redirects and exact response. Verify a replacement domain against first-party facility identity before assigning it.,file-evidence.csv,190034
190044,ACADIA GENERAL HOSPITAL,LA,not-assessed-site-unreachable,pointer-or-domain-review,HTTP request deadline exceeded,not retrieved,unresolved,unresolved,unverified,,,,,,2026-09-09T01:44:16.998Z,,,Browser / official-domain review,Open the recorded pointer and official homepage in a browser. Follow the official pricing page; record redirects and exact response. Verify a replacement domain against first-party facility identity before assigning it.,file-evidence.csv,190044
190319,ALEXANDRIA HOSPITAL,LA,old-template-version,metadata-or-pointer-review,HTTP 200,not retrieved,unresolved,response received,unverified,,,,,,2026-09-09T01:44:17.155Z,,,Pointer / metadata review,Inspect the corroborated file and official pointer separately. Resolve missing or conflicting metadata and multiple file candidates before promoting.,file-evidence.csv,190319
194105,"APOLLO BEHAVIORAL HEALTH HOSPITAL, L L C",LA,not-assessed-site-unreachable,pointer-or-domain-review,HTTP request timeout,not retrieved,unresolved,unresolved,unverified,,,,,,2026-09-09T01:44:17.325Z,,,Browser / official-domain review,Open the recorded pointer and official homepage in a browser. Follow the official pricing page; record redirects and exact response. Verify a replacement domain against first-party facility identity before assigning it.,file-evidence.csv,194105
194112,BEACON BEHAVIORAL HOSPITAL - CENTRAL,LA,old-template-version,publisher-template-review,host returned pointer,entries retrieved,corroborated,response received,date-within-365-days-older-version,https://beaconbh.com/cms-hpt.txt,https://beaconbh.com/wp-content/uploads/2026/04/853294005-320433074-1184044430_bunkie-hospital_standardcharges_2026.csv,2025-10-01,2.0.0,https://www.beaconbh.com/price-transparency/,2026-09-09T01:48:31.510Z,,,Publisher metadata review,Review the draft against the saved header and current CMS data dictionary; request the current file or clarification.,file-evidence.csv,194112
194080,"BEACON BEHAVIORAL HOSPITAL - NORTHSHORE, LLC",LA,old-template-version,identity-or-format-review,host returned pointer,entries retrieved,unresolved,response received,unverified,https://beaconbh.com/cms-hpt.txt,,,,,2026-09-09T01:44:18.256Z,,,Identity / parser review,"Compare the file header with roster name, address and license state. Inspect archive contents or metadata beyond the capped header if extraction is incomplete.",file-evidence.csv,194080
194084,"BEACON BEHAVIORAL HOSPITAL- NEW ORLEANS, LLC",LA,old-template-version,identity-or-format-review,host returned pointer,entries retrieved,unresolved,response received,unverified,https://beaconbh.com/cms-hpt.txt,,,,,2026-09-09T01:44:18.256Z,,,Identity / parser review,"Compare the file header with roster name, address and license state. Inspect archive contents or metadata beyond the capped header if extraction is incomplete.",file-evidence.csv,194084
194102,"BEACON BEHAVIORAL HOSPITAL, LLC",LA,old-template-version,publisher-template-review,host returned pointer,entries retrieved,corroborated,response received,date-within-365-days-older-version,https://beaconbh.com/cms-hpt.txt,https://beaconbh.com/wp-content/uploads/2026/04/853294019-273463367-1881996940_lutcher-hospital_standardcharges_2026.csv,2025-10-01,2.0.0,https://www.beaconbh.com/price-transparency/,2026-09-09T01:48:31.624Z,,,Publisher metadata review,Review the draft against the saved header and current CMS data dictionary; request the current file or clarification.,file-evidence.csv,194102
190190,"CALDWELL MEMORIAL HOSPITAL, INC",LA,mrf-stale-over-365-days,publisher-date-review,host returned pointer,entries retrieved,corroborated,response received,date-over-365-days,https://mycaldwellmemorial.com/cms-hpt.txt,https://www.mycaldwellmemorial.com/wp-content/uploads/2020/12/720878037_caldwell-memorial-hospital_standardcharges.csv,2024-06-27,2.0.0,https://mycaldwellmemorial.com/faqs,2026-09-09T01:48:31.748Z,,,Publisher date review,Review the draft against the saved declared date; request the current file or clarification.,file-evidence.csv,190190
190114,CLAIBORNE MEMORIAL MEDICAL CENTER,LA,mrf-blocked-to-automation,identity-or-format-review,host returned pointer,entries retrieved,unresolved,response received,unverified,https://claibornemedical.com/wp-content/uploads/2026/07/cms-hpt.txt,,,,,2026-09-09T01:44:23.130Z,,,Identity / parser review,"Compare the file header with roster name, address and license state. Inspect archive contents or metadata beyond the capped header if extraction is incomplete.",file-evidence.csv,190114
194087,FREEDOM BEHAVIORAL HOSPITAL OF MONROE,LA,old-template-version,identity-or-format-review,host returned pointer,entries retrieved,unresolved,response received,unverified,https://freedombehavioral.com/cms-hpt.txt,,,,,2026-09-09T01:44:23.316Z,,,Identity / parser review,"Compare the file header with roster name, address and license state. Inspect archive contents or metadata beyond the capped header if extraction is incomplete.",file-evidence.csv,194087
190160,GLENWOOD REGIONAL MEDICAL CENTER,LA,mrf-stale-over-365-days,publisher-date-review,host returned pointer,entries retrieved,corroborated,response received,date-over-365-days,https://glenwoodregional.org/cms-hpt.txt,https://glenwoodregional.org/pricetransparency/994786140_GlenwoodRegionalMedicalCenter_standardcharges.csv,2025-03-19,2.0.0,https://glenwoodregional.org/price-transparency,2026-09-09T01:48:32.008Z,,,Publisher date review,Review the draft against the saved declared date; request the current file or clarification.,file-evidence.csv,190160
190054,IBERIA MEDICAL CENTER,LA,pointer-lists-no-mrf-url,pointer-or-domain-review,HTTP 200,not retrieved,unresolved,unresolved,unverified,,,,,,2026-09-09T01:44:23.768Z,,,Browser / official-domain review,Open the recorded pointer and official homepage in a browser. Follow the official pricing page; record redirects and exact response. Verify a replacement domain against first-party facility identity before assigning it.,file-evidence.csv,190054
192010,INTENSIVE SPECIALTY HOSPITAL,LA,no-cms-hpt-txt-published,pointer-or-domain-review,HTTP 202,not retrieved,unresolved,unresolved,unverified,,,,,,2026-09-09T01:44:23.858Z,,,Browser / official-domain review,Open the recorded pointer and official homepage in a browser. Follow the official pricing page; record redirects and exact response. Verify a replacement domain against first-party facility identity before assigning it.,file-evidence.csv,192010
190020,LANE REGIONAL MEDICAL CENTER,LA,compliant-date-unverified,identity-or-format-review,host returned pointer,entries retrieved,unresolved,response received,unverified,https://www.lanermc.org/cms-hpt.txt,,,,,2026-09-09T01:44:24.318Z,,,Identity / parser review,"Compare the file header with roster name, address and license state. Inspect archive contents or metadata beyond the capped header if extraction is incomplete.",file-evidence.csv,190020
190167,MERCY REGIONAL MEDICAL CENTER,LA,old-template-version,publisher-template-review,host returned pointer,entries retrieved,corroborated,response received,date-within-365-days-older-version,https://mercyregionalmedical.com/cms-hpt.txt,https://mercyregionalmedical.com/824681222_MERCY-REGIONAL-MEDICAL-CENTER_standardcharges.csv,2026-02-02,2.0.0,https://mercyregionalmedical.com/,2026-09-09T01:48:32.119Z,,,Publisher metadata review,Review the draft against the saved header and current CMS data dictionary; request the current file or clarification.,file-evidence.csv,190167
190007,NATCHITOCHES REGIONAL MEDICAL CENTER,LA,no-cms-hpt-txt-published,pointer-or-domain-review,HTTP 202,not retrieved,unresolved,unresolved,unverified,,,,,,2026-09-09T01:44:23.951Z,,,Browser / official-domain review,Open the recorded pointer and official homepage in a browser. Follow the official pricing page; record redirects and exact response. Verify a replacement domain against first-party facility identity before assigning it.,file-evidence.csv,190007
191304,NORTH CADDO MEDICAL CENTER,LA,no-cms-hpt-txt-published,pointer-or-domain-review,HTTP 202,not retrieved,unresolved,unresolved,unverified,,,,,,2026-09-09T01:44:23.948Z,,,Browser / official-domain review,Open the recorded pointer and official homepage in a browser. Follow the official pricing page; record redirects and exact response. Verify a replacement domain against first-party facility identity before assigning it.,file-evidence.csv,191304
194073,OCEANS HOSPITAL OF BROUSSARD,LA,not-assessed-not-named-in-file,identity-or-format-review,host returned pointer,entries retrieved,unresolved,response received,unverified,https://oceanshealthcare.com/cms-hpt.txt,,,,,2026-09-09T01:44:24.181Z,,,Identity / parser review,"Compare the file header with roster name, address and license state. Inspect archive contents or metadata beyond the capped header if extraction is incomplete.",file-evidence.csv,194073
194113,PERIMETER BEHAVIORAL HOSPITAL OF NEW ORLEANS,LA,not-assessed-not-named-in-file,pointer-or-domain-review,HTTP request timeout,not retrieved,unresolved,unresolved,unverified,,,,,,2026-09-09T01:42:06.043Z,,,Browser / official-domain review,Open the recorded pointer and official homepage in a browser. Follow the official pricing page; record redirects and exact response. Verify a replacement domain against first-party facility identity before assigning it.,file-evidence.csv,194113
190241,PHYSICIANS MEDICAL CENTER,LA,not-assessed-not-named-in-file,file-access-review,host returned pointer,entries retrieved,unresolved,unresolved,unverified,https://www.physicianshouma.com/cms-hpt.txt,,,,,2026-09-09T01:44:25.280Z,,,Browser file retrieval,"Open the pointer-declared file in a browser. Record the final URL, status and download evidence. A failed automated request alone does not establish that the file is unavailable.",file-evidence.csv,190241
194115,REGIONS BEHAVIORAL HOSPITAL,LA,old-template-version,file-access-review,host returned pointer,entries retrieved,unresolved,unresolved,unverified,https://regionsbh.com/cms-hpt.txt,,,,,2026-09-09T01:44:24.346Z,,,Browser file retrieval,"Open the pointer-declared file in a browser. Record the final URL, status and download evidence. A failed automated request alone does not establish that the file is unavailable.",file-evidence.csv,194115
191318,RIVERLAND MEDICAL CENTER,LA,mrf-stale-over-365-days,file-access-review,host returned pointer,entries retrieved,unresolved,unresolved,unverified,https://www.trinitymed.com/cms-hpt.txt,,,,,2026-09-09T01:44:25.093Z,,,Browser file retrieval,"Open the pointer-declared file in a browser. Record the final URL, status and download evidence. A failed automated request alone does not establish that the file is unavailable.",file-evidence.csv,191318
194074,SERENITY SPRINGS SPECIALTY HOSPITAL,LA,mrf-stale-over-365-days,file-access-review,host returned pointer,entries retrieved,unresolved,unresolved,unverified,https://serenityhospital.com/cms-hpt.txt,,,,,2026-09-09T01:44:24.500Z,,,Browser file retrieval,"Open the pointer-declared file in a browser. Record the final URL, status and download evidence. A failed automated request alone does not establish that the file is unavailable.",file-evidence.csv,194074
190300,ST CHARLES SURGICAL HOSPITAL,LA,no-cms-hpt-txt-published,pointer-or-domain-review,HTTP 202,not retrieved,unresolved,unresolved,unverified,,,,,,2026-09-09T01:44:24.609Z,,,Browser / official-domain review,Open the recorded pointer and official homepage in a browser. Follow the official pricing page; record redirects and exact response. Verify a replacement domain against first-party facility identity before assigning it.,file-evidence.csv,190300
190316,THE GENERAL,LA,not-assessed-not-named-in-file,file-access-review,host returned pointer,entries retrieved,unresolved,unresolved,unverified,https://www.brgeneral.org/cms-hpt.txt,,,,,2026-09-09T01:44:24.849Z,,,Browser file retrieval,"Open the pointer-declared file in a browser. Record the final URL, status and download evidence. A failed automated request alone does not establish that the file is unavailable.",file-evidence.csv,190316
191301,UNION GENERAL HOSPITAL,LA,not-assessed-site-unreachable,pointer-or-domain-review,HTTP request deadline exceeded,not retrieved,unresolved,unresolved,unverified,,,,,,2026-09-09T01:44:34.371Z,,,Browser / official-domain review,Open the recorded pointer and official homepage in a browser. Follow the official pricing page; record redirects and exact response. Verify a replacement domain against first-party facility identity before assigning it.,file-evidence.csv,191301
220029,ANNA JAQUES HOSPITAL,MA,not-assessed-site-unreachable,pointer-or-domain-review,HTTP request deadline exceeded,not retrieved,unresolved,unresolved,unverified,,,,,,2026-09-09T01:44:34.511Z,,,Browser / official-domain review,Open the recorded pointer and official homepage in a browser. Follow the official pricing page; record redirects and exact response. Verify a replacement domain against first-party facility identity before assigning it.,file-evidence.csv,220029
221303,ATHOL MEMORIAL HOSPITAL,MA,mrf-stale-over-365-days,file-access-review,host returned pointer,entries retrieved,unresolved,unresolved,unverified,https://www.atholhospital.org/cms-hpt.txt,,,,,2026-09-09T01:44:25.229Z,,,Browser file retrieval,"Open the pointer-declared file in a browser. Record the final URL, status and download evidence. A failed automated request alone does not establish that the file is unavailable.",file-evidence.csv,221303
220108,BETH ISRAEL DEACONESS HOSPITAL - MILTON,MA,not-assessed-site-unreachable,pointer-or-domain-review,HTTP request deadline exceeded,not retrieved,unresolved,unresolved,unverified,,,,,,2026-09-09T01:44:34.774Z,,,Browser / official-domain review,Open the recorded pointer and official homepage in a browser. Follow the official pricing page; record redirects and exact response. Verify a replacement domain against first-party facility identity before assigning it.,file-evidence.csv,220108
220083,BETH ISRAEL DEACONESS HOSPITAL - NEEDHAM,MA,not-assessed-site-unreachable,pointer-or-domain-review,HTTP request deadline exceeded,not retrieved,unresolved,unresolved,unverified,,,,,,2026-09-09T01:44:34.782Z,,,Browser / official-domain review,Open the recorded pointer and official homepage in a browser. Follow the official pricing page; record redirects and exact response. Verify a replacement domain against first-party facility identity before assigning it.,file-evidence.csv,220083
220086,BETH ISRAEL DEACONESS MEDICAL CENTER,MA,not-assessed-site-unreachable,pointer-or-domain-review,HTTP request deadline exceeded,not retrieved,unresolved,unresolved,unverified,,,,,,2026-09-09T01:44:34.811Z,,,Browser / official-domain review,Open the recorded pointer and official homepage in a browser. Follow the official pricing page; record redirects and exact response. Verify a replacement domain against first-party facility identity before assigning it.,file-evidence.csv,220086
220073,BROWN UNIVERSITY HEALTH MORTON HOSPITAL,MA,not-assessed-not-named-in-file,file-access-review,host returned pointer,entries retrieved,unresolved,unresolved,unverified,https://www.brownhealth.org/sites/default/files/2026-05/cms-hpt17.txt,,,,,2026-09-09T01:44:25.222Z,,,Browser file retrieval,"Open the pointer-declared file in a browser. Record the final URL, status and download evidence. A failed automated request alone does not establish that the file is unavailable.",file-evidence.csv,220073
220017,CARNEY HOSPITAL,MA,not-assessed-site-unreachable,pointer-or-domain-review,HTTP getaddrinfo ENOTFOUND carneyhospital.org,not retrieved,unresolved,unresolved,unverified,,,,,,2026-09-09T01:44:24.945Z,,,Browser / official-domain review,Open the recorded pointer and official homepage in a browser. Follow the official pricing page; record redirects and exact response. Verify a replacement domain against first-party facility identity before assigning it.,file-evidence.csv,220017
223300,FRANCISCAN CHILDREN'S HOSPITAL & REHAB CENTER,MA,not-assessed-site-unreachable,pointer-or-domain-review,"HTTP unable to verify the first certificate; if the root CA is installed locally, try running Node.js with --use-system-ca",not retrieved,unresolved,unresolved,unverified,,,,,,2026-09-09T01:44:25.171Z,,,Browser / official-domain review,Open the recorded pointer and official homepage in a browser. Follow the official pricing page; record redirects and exact response. Verify a replacement domain against first-party facility identity before assigning it.,file-evidence.csv,223300
220111,GOOD SAMARITAN MEDICAL CENTER,MA,not-assessed-not-named-in-file,file-access-review,host returned pointer,entries retrieved,unresolved,unresolved,unverified,https://www.bmchealthsystem.org/cms-hpt.txt,,,,,2026-09-09T01:44:25.314Z,,,Browser file retrieval,"Open the pointer-declared file in a browser. Record the final URL, status and download evidence. A failed automated request alone does not establish that the file is unavailable.",file-evidence.csv,220111
220095,HEYWOOD HOSPITAL -,MA,mrf-stale-over-365-days,publisher-date-review,host returned pointer,entries retrieved,corroborated,response received,date-over-365-days,https://www.atholhospital.org/cms-hpt.txt,https://mrfs.hyvehealthcare.com/HeywoodHealthcare/042103581_heywood-hospital_standardcharges.json,2025-04-16,2.2.0,https://mrfs.hyvehealthcare.com/HeywoodHealthcare/,2026-09-09T01:48:38.396Z,,,Publisher date review,Review the draft against the saved declared date; request the current file or clarification.,file-evidence.csv,220095
220080,HOLY FAMILY HOSPITAL,MA,no-cms-hpt-txt-published,pointer-or-domain-review,HTTP 200,not retrieved,unresolved,unresolved,unverified,,,,,,2026-09-09T01:44:25.332Z,,,Browser / official-domain review,Open the recorded pointer and official homepage in a browser. Follow the official pricing page; record redirects and exact response. Verify a replacement domain against first-party facility identity before assigning it.,file-evidence.csv,220080
224007,MCLEAN HOSPITAL CORPORATION,MA,mrf-url-unreachable,pointer-or-domain-review,HTTP 200,not retrieved,unresolved,unresolved,unverified,,,,,,2026-09-09T01:44:25.377Z,,,Browser / official-domain review,Open the recorded pointer and official homepage in a browser. Follow the official pricing page; record redirects and exact response. Verify a replacement domain against first-party facility identity before assigning it.,file-evidence.csv,224007
220098,NASHOBA VALLEY MEDICAL CENTER,MA,not-assessed-site-unreachable,pointer-or-domain-review,"HTTP unable to verify the first certificate; if the root CA is installed locally, try running Node.js with --use-system-ca",not retrieved,unresolved,unresolved,unverified,,,,,,2026-09-09T01:44:25.349Z,,,Browser / official-domain review,Open the recorded pointer and official homepage in a browser. Follow the official pricing page; record redirects and exact response. Verify a replacement domain against first-party facility identity before assigning it.,file-evidence.csv,220098
220088,NEW ENGLAND BAPTIST HOSPITAL,MA,not-assessed-site-unreachable,pointer-or-domain-review,HTTP getaddrinfo EAI_AGAIN onlinepatientestimation.com,not retrieved,unresolved,unresolved,unverified,,,,,,2026-09-09T01:44:35.318Z,,,Browser / official-domain review,Open the recorded pointer and official homepage in a browser. Follow the official pricing page; record redirects and exact response. Verify a replacement domain against first-party facility identity before assigning it.,file-evidence.csv,220088
220035,NORTH SHORE MEDICAL CENTER -,MA,not-assessed-not-named-in-file,identity-or-format-review,host returned pointer,entries retrieved,unresolved,response received,unverified,https://northshoremc.org/cms-hpt.txt,,,,,2026-09-09T01:43:29.672Z,,,Identity / parser review,"Compare the file header with roster name, address and license state. Inspect archive contents or metadata beyond the capped header if extraction is incomplete.",file-evidence.csv,220035
220033,NORTHEAST HOSPITAL CORPORATION,MA,not-assessed-site-unreachable,pointer-or-domain-review,HTTP request deadline exceeded,not retrieved,unresolved,unresolved,unverified,,,,,,2026-09-09T01:44:35.475Z,,,Browser / official-domain review,Open the recorded pointer and official homepage in a browser. Follow the official pricing page; record redirects and exact response. Verify a replacement domain against first-party facility identity before assigning it.,file-evidence.csv,220033
210005,FREDERICK HEALTH HOSPITAL,MD,mrf-stale-over-365-days,publisher-date-review,host returned pointer,entries retrieved,corroborated,response received,date-over-365-days,https://www.frederickhealth.org/cms-hpt.txt,https://www.frederickhealth.org/documents/billing%20and%20finance/52-0591612_FrederickHealthHospital_standardcharges.csv,2025-03-17,2.0.0,https://www.frederickhealth.org/about/billing-financial-assistance/,2026-09-09T01:48:52.538Z,,,Publisher date review,Review the draft against the saved declared date; request the current file or clarification.,file-evidence.csv,210005
210065,HOLY CROSS GERMANTOWN HOSPITAL,MD,pointer-lists-no-mrf-url,metadata-or-pointer-review,HTTP 200,not retrieved,unresolved,response received,unverified,,,,,,2026-09-09T01:42:43.380Z,,,Pointer / metadata review,Inspect the corroborated file and official pointer separately. Resolve missing or conflicting metadata and multiple file candidates before promoting.,file-evidence.csv,210065
210004,HOLY CROSS HOSPITAL,MD,not-assessed-not-named-in-file,identity-or-format-review,HTTP 200,not retrieved,unresolved,response received,unverified,,,,,,2026-09-09T01:42:43.380Z,,,Identity / parser review,"Compare the file header with roster name, address and license state. Inspect archive contents or metadata beyond the capped header if extraction is incomplete.",file-evidence.csv,210004
210029,JOHNS HOPKINS BAYVIEW MEDICAL CENTER,MD,mrf-stale-over-365-days,metadata-or-pointer-review,HTTP 403,not retrieved,unresolved,response received,unverified,,,,,,2026-09-09T01:43:17.929Z,,,Pointer / metadata review,Inspect the corroborated file and official pointer separately. Resolve missing or conflicting metadata and multiple file candidates before promoting.,file-evidence.csv,210029
210009,"JOHNS HOPKINS HOSPITAL, THE",MD,mrf-stale-over-365-days,metadata-or-pointer-review,HTTP 403,not retrieved,unresolved,response received,unverified,,,,,,2026-09-09T01:43:17.929Z,,,Pointer / metadata review,Inspect the corroborated file and official pointer separately. Resolve missing or conflicting metadata and multiple file candidates before promoting.,file-evidence.csv,210009
210048,JOHNS HOPKINS HOWARD COUNTY MEDICAL CENTER,MD,mrf-stale-over-365-days,metadata-or-pointer-review,HTTP 403,not retrieved,unresolved,response received,unverified,,,,,,2026-09-09T01:43:17.929Z,,,Pointer / metadata review,Inspect the corroborated file and official pointer separately. Resolve missing or conflicting metadata and multiple file candidates before promoting.,file-evidence.csv,210048
210023,"LUMINIS HEALTH ANNE ARUNDEL MEDICAL CENTER, INC",MD,old-template-version,publisher-template-review,host returned pointer,entries retrieved,corroborated,response received,date-within-365-days-older-version,https://www.luminishealth.org/sites/default/files/2026-01/cms-hpt.txt,https://www.luminishealth.org/sites/default/files/2026-01/1477517225_annearundelmedicalcenter_standardcharges.csv,2026-01-15,2.0.0,https://www.luminishealth.org/en/price-transparency,2026-09-09T01:48:53.084Z,,,Publisher metadata review,Review the draft against the saved header and current CMS data dictionary; request the current file or clarification.,file-evidence.csv,210023
210051,"LUMINIS HEALTH DOCTORS COMMUNITY MEDICAL CTR, INC",MD,old-template-version,publisher-template-review,host returned pointer,entries retrieved,corroborated,response received,date-within-365-days-older-version,https://www.luminishealth.org/sites/default/files/2026-01/cms-hpt.txt,https://www.luminishealth.org/sites/default/files/2026-01/1730136532_doctorscommunitymedicalcenter_standardcharges.csv,2026-01-15,2.0.0,https://www.luminishealth.org/en/price-transparency,2026-09-09T01:48:53.124Z,,,Publisher metadata review,Review the draft against the saved header and current CMS data dictionary; request the current file or clarification.,file-evidence.csv,210051
214020,LUMINIS HEALTH J KENT MCNEW FAMILY MEDICAL CENTER,MD,old-template-version,publisher-template-review,host returned pointer,entries retrieved,corroborated,response received,date-within-365-days-older-version,https://www.luminishealth.org/sites/default/files/2026-01/cms-hpt.txt,https://www.luminishealth.org/sites/default/files/2026-01/1780236992_jkentmcnewfamilymedicalcenter_standardcharges.csv,2026-01-15,2.0.0,https://www.luminishealth.org/en/price-transparency,2026-09-09T01:48:53.129Z,,,Publisher metadata review,Review the draft against the saved header and current CMS data dictionary; request the current file or clarification.,file-evidence.csv,214020
213300,MOUNT WASHINGTON PEDIATRIC HOSPITAL,MD,pointer-blocked-to-automation,pointer-or-domain-review,HTTP 403,not retrieved,unresolved,unresolved,unverified,,,,,,2026-09-09T01:44:29.482Z,,,Browser / official-domain review,Open the recorded pointer and official homepage in a browser. Follow the official pricing page; record redirects and exact response. Verify a replacement domain against first-party facility identity before assigning it.,file-evidence.csv,213300
210022,SUBURBAN HOSPITAL,MD,mrf-stale-over-365-days,metadata-or-pointer-review,HTTP 403,not retrieved,unresolved,response received,unverified,,,,,,2026-09-09T01:43:17.929Z,,,Pointer / metadata review,Inspect the corroborated file and official pointer separately. Resolve missing or conflicting metadata and multiple file candidates before promoting.,file-evidence.csv,210022
210058,UMD REHABILITATION &  ORTHOPAEDIC INSTITUTE,MD,pointer-blocked-to-automation,pointer-or-domain-review,HTTP 403,not retrieved,unresolved,unresolved,unverified,,,,,,2026-09-09T01:44:29.578Z,,,Browser / official-domain review,Open the recorded pointer and official homepage in a browser. Follow the official pricing page; record redirects and exact response. Verify a replacement domain against first-party facility identity before assigning it.,file-evidence.csv,210058
210049,UMD UPPER CHESAPEAKE MEDICAL CENTER,MD,pointer-blocked-to-automation,pointer-or-domain-review,HTTP 403,not retrieved,unresolved,unresolved,unverified,,,,,,2026-09-09T01:44:29.578Z,,,Browser / official-domain review,Open the recorded pointer and official homepage in a browser. Follow the official pricing page; record redirects and exact response. Verify a replacement domain against first-party facility identity before assigning it.,file-evidence.csv,210049
210002,UNIVERSITY OF MARYLAND MEDICAL CENTER,MD,pointer-blocked-to-automation,pointer-or-domain-review,HTTP 403,not retrieved,unresolved,unresolved,unverified,,,,,,2026-09-09T01:44:29.578Z,,,Browser / official-domain review,Open the recorded pointer and official homepage in a browser. Follow the official pricing page; record redirects and exact response. Verify a replacement domain against first-party facility identity before assigning it.,file-evidence.csv,210002
210043,UNIVERSITY OF MD BALTIMORE WASHINGTON MEDICAL CENTER,MD,pointer-blocked-to-automation,pointer-or-domain-review,HTTP 403,not retrieved,unresolved,unresolved,unverified,,,,,,2026-09-09T01:44:29.578Z,,,Browser / official-domain review,Open the recorded pointer and official homepage in a browser. Follow the official pricing page; record redirects and exact response. Verify a replacement domain against first-party facility identity before assigning it.,file-evidence.csv,210043
210003,UNIVERSITY OF MD CAPITAL REGION MEDICAL CENTER,MD,pointer-blocked-to-automation,pointer-or-domain-review,HTTP 403,not retrieved,unresolved,unresolved,unverified,,,,,,2026-09-09T01:44:29.578Z,,,Browser / official-domain review,Open the recorded pointer and official homepage in a browser. Follow the official pricing page; record redirects and exact response. Verify a replacement domain against first-party facility identity before assigning it.,file-evidence.csv,210003
210035,UNIVERSITY OF MD CHARLES REGIONAL  MEDICAL CENTER,MD,pointer-blocked-to-automation,pointer-or-domain-review,HTTP 403,not retrieved,unresolved,unresolved,unverified,,,,,,2026-09-09T01:44:29.578Z,,,Browser / official-domain review,Open the recorded pointer and official homepage in a browser. Follow the official pricing page; record redirects and exact response. Verify a replacement domain against first-party facility identity before assigning it.,file-evidence.csv,210035
210038,UNIVERSITY OF MD MEDICAL CENTER MIDTOWN CAMPUS,MD,pointer-blocked-to-automation,pointer-or-domain-review,HTTP 403,not retrieved,unresolved,unresolved,unverified,,,,,,2026-09-09T01:44:29.578Z,,,Browser / official-domain review,Open the recorded pointer and official homepage in a browser. Follow the official pricing page; record redirects and exact response. Verify a replacement domain against first-party facility identity before assigning it.,file-evidence.csv,210038
210037,UNIVERSITY OF MD SHORE MEDICAL CENTER AT EASTON,MD,pointer-blocked-to-automation,pointer-or-domain-review,HTTP 403,not retrieved,unresolved,unresolved,unverified,,,,,,2026-09-09T01:44:29.578Z,,,Browser / official-domain review,Open the recorded pointer and official homepage in a browser. Follow the official pricing page; record redirects and exact response. Verify a replacement domain against first-party facility identity before assigning it.,file-evidence.csv,210037
210030,UNIVERSITY OF MD SHORE MEDICAL CTR AT CHESTERTOWN,MD,pointer-blocked-to-automation,pointer-or-domain-review,HTTP 403,not retrieved,unresolved,unresolved,unverified,,,,,,2026-09-09T01:44:29.578Z,,,Browser / official-domain review,Open the recorded pointer and official homepage in a browser. Follow the official pricing page; record redirects and exact response. Verify a replacement domain against first-party facility identity before assigning it.,file-evidence.csv,210030
210063,UNIVERSITY OF MD ST JOSEPH MEDICAL CENTER,MD,pointer-blocked-to-automation,pointer-or-domain-review,HTTP 403,not retrieved,unresolved,unresolved,unverified,,,,,,2026-09-09T01:44:29.578Z,,,Browser / official-domain review,Open the recorded pointer and official homepage in a browser. Follow the official pricing page; record redirects and exact response. Verify a replacement domain against first-party facility identity before assigning it.,file-evidence.csv,210063
201305,CALAIS COMMUNITY HOSPITAL,ME,compliant-date-unverified,identity-or-format-review,HTTP 200,not retrieved,unresolved,response received,unverified,,,,,,2026-09-09T01:44:29.718Z,,,Identity / parser review,"Compare the file header with roster name, address and license state. Inspect archive contents or metadata beyond the capped header if extraction is incomplete.",file-evidence.csv,201305
204005,MAINEHEALTH BEHAVIORAL HEALTH AT SPRING HARBOR,ME,not-assessed-not-named-in-file,identity-or-format-review,host returned pointer,entries retrieved,unresolved,response received,unverified,https://www.mainehealth.org/cms-hpt.txt,,,,,2026-09-09T01:44:29.812Z,,,Identity / parser review,"Compare the file header with roster name, address and license state. Inspect archive contents or metadata beyond the capped header if extraction is incomplete.",file-evidence.csv,204005
231315,ASCENSION BORGESS LEE HOSPITAL,MI,not-assessed-not-named-in-file,identity-or-format-review,host returned pointer,entries retrieved,unresolved,response received,unverified,https://healthcare.ascension.org/-/media/Healthcare/cms-hpt.txt,,,,,2026-09-09T01:43:44.066Z,,,Identity / parser review,"Compare the file header with roster name, address and license state. Inspect archive contents or metadata beyond the capped header if extraction is incomplete.",file-evidence.csv,231315
230197,ASCENSION GENESYS HOSPITAL,MI,not-assessed-not-named-in-file,identity-or-format-review,host returned pointer,entries retrieved,unresolved,response received,unverified,https://healthcare.ascension.org/-/media/Healthcare/cms-hpt.txt,,,,,2026-09-09T01:43:44.066Z,,,Identity / parser review,"Compare the file header with roster name, address and license state. Inspect archive contents or metadata beyond the capped header if extraction is incomplete.",file-evidence.csv,230197
230019,"ASCENSION PROVIDENCE HOSPITAL, SOUTHFIELD AND NOVI",MI,not-assessed-not-named-in-file,identity-or-format-review,host returned pointer,entries retrieved,unresolved,response received,unverified,https://healthcare.ascension.org/-/media/Healthcare/cms-hpt.txt,,,,,2026-09-09T01:43:44.066Z,,,Identity / parser review,"Compare the file header with roster name, address and license state. Inspect archive contents or metadata beyond the capped header if extraction is incomplete.",file-evidence.csv,230019
230254,ASCENSION PROVIDENCE ROCHESTER HOSPITAL,MI,not-assessed-not-named-in-file,identity-or-format-review,host returned pointer,entries retrieved,unresolved,response received,unverified,https://healthcare.ascension.org/-/media/Healthcare/cms-hpt.txt,,,,,2026-09-09T01:43:44.066Z,,,Identity / parser review,"Compare the file header with roster name, address and license state. Inspect archive contents or metadata beyond the capped header if extraction is incomplete.",file-evidence.csv,230254
230241,ASCENSION RIVER DISTRICT HOSPITAL,MI,not-assessed-not-named-in-file,identity-or-format-review,host returned pointer,entries retrieved,unresolved,response received,unverified,https://healthcare.ascension.org/-/media/Healthcare/cms-hpt.txt,,,,,2026-09-09T01:43:44.066Z,,,Identity / parser review,"Compare the file header with roster name, address and license state. Inspect archive contents or metadata beyond the capped header if extraction is incomplete.",file-evidence.csv,230241
231318,"ASPIRUS IRON RIVER HOSPITAL & CLINICS, INC",MI,mrf-stale-over-365-days,publisher-date-review,host returned pointer,entries retrieved,corroborated,response received,date-over-365-days,https://www.aspirus.org/cms-hpt.txt,https://www.aspirus.org/Uploads/Public/Documents/PriceEstimate/TransparencyFY26/383236977_aspirus-iron-river-hospital_standardcharges.json,2025-07-01,2.2.0,https://www.aspirus.org/price-estimate,2026-09-09T01:48:55.968Z,,,Publisher date review,Review the draft against the saved declared date; request the current file or clarification.,file-evidence.csv,231318
231333,ASPIRUS IRONWOOD HOSPITAL,MI,mrf-stale-over-365-days,identity-or-format-review,host returned pointer,entries retrieved,unresolved,response received,unverified,https://www.aspirus.org/cms-hpt.txt,,,,,2026-09-09T01:44:29.866Z,,,Identity / parser review,"Compare the file header with roster name, address and license state. Inspect archive contents or metadata beyond the capped header if extraction is incomplete.",file-evidence.csv,231333
231319,ASPIRUS KEWEENAW HOSPITAL AND CLINICS,MI,mrf-stale-over-365-days,identity-or-format-review,host returned pointer,entries retrieved,unresolved,response received,unverified,https://www.aspirus.org/cms-hpt.txt,,,,,2026-09-09T01:44:29.866Z,,,Identity / parser review,"Compare the file header with roster name, address and license state. Inspect archive contents or metadata beyond the capped header if extraction is incomplete.",file-evidence.csv,231319
230020,BEAUMONT HOSPITAL - DEARBORN,MI,not-assessed-not-named-in-file,identity-or-format-review,host returned pointer,entries retrieved,unresolved,response received,unverified,https://corewellhealth.org/cms-hpt.txt,,,,,2026-09-09T01:44:29.861Z,,,Identity / parser review,"Compare the file header with roster name, address and license state. Inspect archive contents or metadata beyond the capped header if extraction is incomplete.",file-evidence.csv,230020
230151,BEAUMONT HOSPITAL - FARMINGTON HILLS,MI,pointer-lists-no-mrf-url,identity-or-format-review,host returned pointer,entries retrieved,unresolved,response received,unverified,https://corewellhealth.org/cms-hpt.txt,,,,,2026-09-09T01:44:29.861Z,,,Identity / parser review,"Compare the file header with roster name, address and license state. Inspect archive contents or metadata beyond the capped header if extraction is incomplete.",file-evidence.csv,230151
230089,BEAUMONT HOSPITAL - GROSSE POINTE,MI,not-assessed-not-named-in-file,identity-or-format-review,host returned pointer,entries retrieved,unresolved,response received,unverified,https://corewellhealth.org/cms-hpt.txt,,,,,2026-09-09T01:44:29.861Z,,,Identity / parser review,"Compare the file header with roster name, address and license state. Inspect archive contents or metadata beyond the capped header if extraction is incomplete.",file-evidence.csv,230089
230270,BEAUMONT HOSPITAL - TAYLOR,MI,not-assessed-not-named-in-file,identity-or-format-review,host returned pointer,entries retrieved,unresolved,response received,unverified,https://corewellhealth.org/cms-hpt.txt,,,,,2026-09-09T01:44:29.861Z,,,Identity / parser review,"Compare the file header with roster name, address and license state. Inspect archive contents or metadata beyond the capped header if extraction is incomplete.",file-evidence.csv,230270
230269,"BEAUMONT HOSPITAL, TROY",MI,not-assessed-not-named-in-file,identity-or-format-review,host returned pointer,entries retrieved,unresolved,response received,unverified,https://corewellhealth.org/cms-hpt.txt,,,,,2026-09-09T01:44:29.861Z,,,Identity / parser review,"Compare the file header with roster name, address and license state. Inspect archive contents or metadata beyond the capped header if extraction is incomplete.",file-evidence.csv,230269
230117,BORGESS MEDICAL CENTER,MI,not-assessed-not-named-in-file,identity-or-format-review,host returned pointer,entries retrieved,unresolved,response received,unverified,https://healthcare.ascension.org/-/media/Healthcare/cms-hpt.txt,,,,,2026-09-09T01:43:44.066Z,,,Identity / parser review,"Compare the file header with roster name, address and license state. Inspect archive contents or metadata beyond the capped header if extraction is incomplete.",file-evidence.csv,230117
231339,COREWELL HEALTH PENNOCK HOSPITAL,MI,mrf-url-unreachable,file-access-review,host returned pointer,entries retrieved,unresolved,unresolved,unverified,https://corewellhealth.org/cms-hpt.txt,,,,,2026-09-09T01:44:29.905Z,,,Browser file retrieval,"Open the pointer-declared file in a browser. Record the final URL, status and download evidence. A failed automated request alone does not establish that the file is unavailable.",file-evidence.csv,231339
231311,DECKERVILLE COMMUNITY HOSPITAL,MI,mrf-stale-over-365-days,publisher-date-review,host returned pointer,entries retrieved,corroborated,response received,date-over-365-days,https://aspirerhs.org/cms-hpt.txt,https://aspirerhs.org/wp-content/uploads/2024/07/381415390_deckerville-community-hospital_standardcharges.csv,2025-01-15,2.0.0,https://aspirerhs.org/billing/,2026-09-09T01:48:56.433Z,,,Publisher date review,Review the draft against the saved declared date; request the current file or clarification.,file-evidence.csv,231311
230055,DICKINSON COUNTY MEMORIAL HOSPITAL,MI,not-assessed-not-named-in-file,identity-or-format-review,host returned pointer,entries retrieved,unresolved,response received,unverified,https://www.marshfieldclinic.org/cms-hpt.txt,,,,,2026-09-09T01:44:31.198Z,,,Identity / parser review,"Compare the file header with roster name, address and license state. Inspect archive contents or metadata beyond the capped header if extraction is incomplete.",file-evidence.csv,230055
230230,EDWARD W SPARROW HOSPITAL,MI,not-assessed-not-named-in-file,identity-or-format-review,host returned pointer,entries retrieved,unresolved,response received,unverified,https://www.uofmhealthsparrow.org/cms-hpt.txt,,,,,2026-09-09T01:44:30.326Z,,,Identity / parser review,"Compare the file header with roster name, address and license state. Inspect archive contents or metadata beyond the capped header if extraction is incomplete.",file-evidence.csv,230230
230275,HEALTHSOURCE SAGINAW,MI,old-template-version,publisher-template-review,host returned pointer,entries retrieved,corroborated,response received,date-within-365-days-older-version,https://healthsourcesaginaw.org/cms-hpt.txt,https://www.healthsourcesaginaw.org/wp-content/uploads/2026/01/386004889_healthsource-saginaw_standardcharges.csv,2026-01-06,2.0.0,https://www.healthsourcesaginaw.org,2026-09-09T01:48:56.903Z,,,Publisher metadata review,Review the draft against the saved header and current CMS data dictionary; request the current file or clarification.,file-evidence.csv,230275
231316,HILLS & DALES GENERAL HOSPITAL,MI,mrf-stale-over-365-days,publisher-date-review,host returned pointer,entries retrieved,corroborated,response received,date-over-365-days,https://aspirerhs.org/cms-hpt.txt,https://aspirerhs.org/wp-content/uploads/2024/07/381619577_hills-and-dales-general-hospital_standardcharges.csv,2025-01-01,2.0.0,https://aspirerhs.org/billing/,2026-09-09T01:48:57.003Z,,,Publisher date review,Review the draft against the saved declared date; request the current file or clarification.,file-evidence.csv,231316
231330,MARLETTE REGIONAL HOSPITAL,MI,mrf-stale-over-365-days,publisher-date-review,host returned pointer,entries retrieved,corroborated,response received,date-over-365-days,https://aspirerhs.org/cms-hpt.txt,https://aspirerhs.org/wp-content/uploads/2024/07/381507302_marlette-regional-hospital_standardcharges.csv,2025-01-25,2.0.0,https://aspirerhs.org/billing/,2026-09-09T01:48:57.012Z,,,Publisher date review,Review the draft against the saved declared date; request the current file or clarification.,file-evidence.csv,231330
231314,MCKENZIE HEALTH SYSTEM,MI,mrf-stale-over-365-days,publisher-date-review,host returned pointer,entries retrieved,corroborated,response received,date-over-365-days,https://www.mckenziehealth.org/cms-hpt.txt,https://www.mckenziehealth.org/documents/content/standard%20charges/381738615_McKenzie-Memorial-Hospital_standardcharges.csv,2025-05-31,2.0.0,https://www.mckenziehealth.org/patients-visitors/billing-insurance/,2026-09-09T01:48:57.052Z,,,Publisher date review,Review the draft against the saved declared date; request the current file or clarification.,file-evidence.csv,231314
231308,MUNISING MEMORIAL HOSPITAL,MI,compliant-date-unverified,identity-or-format-review,host returned pointer,entries retrieved,unresolved,response received,unverified,https://munisingmemorial.org/cms-hpt.txt,,,,,2026-09-09T01:44:30.207Z,,,Identity / parser review,"Compare the file header with roster name, address and license state. Inspect archive contents or metadata beyond the capped header if extraction is incomplete.",file-evidence.csv,231308
230077,MYMICHIGAN MEDICAL CENTER SAGINAW,MI,not-assessed-not-named-in-file,identity-or-format-review,host returned pointer,entries retrieved,unresolved,response received,unverified,https://healthcare.ascension.org/-/media/Healthcare/cms-hpt.txt,,,,,2026-09-09T01:43:44.066Z,,,Identity / parser review,"Compare the file header with roster name, address and license state. Inspect archive contents or metadata beyond the capped header if extraction is incomplete.",file-evidence.csv,230077
230217,OAKLAWN HOSPITAL,MI,mrf-url-unreachable,file-access-review,host returned pointer,entries retrieved,unresolved,unresolved,unverified,https://oaklawnhospital.org/cms-hpt.txt,,,,,2026-09-09T01:44:30.569Z,,,Browser file retrieval,"Open the pointer-declared file in a browser. Record the final URL, status and download evidence. A failed automated request alone does not establish that the file is unavailable.",file-evidence.csv,230217
234048,PONTIAC GENERAL HOSPITAL,MI,compliant-date-unverified,file-access-review,host returned pointer,entries retrieved,unresolved,unresolved,unverified,https://pontiacgeneral.com/cms-hpt.txt,,,,,2026-09-09T01:44:30.502Z,,,Browser file retrieval,"Open the pointer-declared file in a browser. Record the final URL, status and download evidence. A failed automated request alone does not establish that the file is unavailable.",file-evidence.csv,234048
231305,SAINT MARY'S STANDISH COMMUNITY HOSPITAL,MI,not-assessed-not-named-in-file,identity-or-format-review,host returned pointer,entries retrieved,unresolved,response received,unverified,https://healthcare.ascension.org/-/media/Healthcare/cms-hpt.txt,,,,,2026-09-09T01:43:44.066Z,,,Identity / parser review,"Compare the file header with roster name, address and license state. Inspect archive contents or metadata beyond the capped header if extraction is incomplete.",file-evidence.csv,231305
231331,SPARROW IONIA HOSPITAL,MI,not-assessed-not-named-in-file,identity-or-format-review,host returned pointer,entries retrieved,unresolved,response received,unverified,https://www.uofmhealthsparrow.org/cms-hpt.txt,,,,,2026-09-09T01:44:30.326Z,,,Identity / parser review,"Compare the file header with roster name, address and license state. Inspect archive contents or metadata beyond the capped header if extraction is incomplete.",file-evidence.csv,231331
230038,SPECTRUM HEALTH,MI,not-assessed-not-named-in-file,identity-or-format-review,host returned pointer,entries retrieved,unresolved,response received,unverified,https://corewellhealth.org/cms-hpt.txt,,,,,2026-09-09T01:44:29.905Z,,,Identity / parser review,"Compare the file header with roster name, address and license state. Inspect archive contents or metadata beyond the capped header if extraction is incomplete.",file-evidence.csv,230038
230035,SPECTRUM HEALTH UNITED HOSPITAL,MI,not-assessed-not-named-in-file,identity-or-format-review,host returned pointer,entries retrieved,unresolved,response received,unverified,https://corewellhealth.org/cms-hpt.txt,,,,,2026-09-09T01:44:29.905Z,,,Identity / parser review,"Compare the file header with roster name, address and license state. Inspect archive contents or metadata beyond the capped header if extraction is incomplete.",file-evidence.csv,230035
230002,ST JOE MERCY HOSPITAL SYSTEM LIVONIA,MI,not-assessed-not-named-in-file,identity-or-format-review,host returned pointer,entries retrieved,unresolved,response received,unverified,https://www.trinityhealthmichigan.org/sites/default/files/cms-hpt.txt,,,,,2026-09-09T01:44:30.580Z,,,Identity / parser review,"Compare the file header with roster name, address and license state. Inspect archive contents or metadata beyond the capped header if extraction is incomplete.",file-evidence.csv,230002
230100,TAWAS ST JOSEPH HOSPITAL,MI,not-assessed-not-named-in-file,identity-or-format-review,host returned pointer,entries retrieved,unresolved,response received,unverified,https://healthcare.ascension.org/-/media/Healthcare/cms-hpt.txt,,,,,2026-09-09T01:43:44.066Z,,,Identity / parser review,"Compare the file header with roster name, address and license state. Inspect archive contents or metadata beyond the capped header if extraction is incomplete.",file-evidence.csv,230100
231327,UNIVERSITY OF MICHIGAN HEALTH - SPARROW EATON,MI,not-assessed-not-named-in-file,identity-or-format-review,host returned pointer,entries retrieved,unresolved,response received,unverified,https://www.uofmhealthsparrow.org/cms-hpt.txt,,,,,2026-09-09T01:44:30.326Z,,,Identity / parser review,"Compare the file header with roster name, address and license state. Inspect archive contents or metadata beyond the capped header if extraction is incomplete.",file-evidence.csv,231327
231326,UNIVERSITY OF MICHIGAN HEALTH- SPARROW CLINTON,MI,not-assessed-not-named-in-file,identity-or-format-review,host returned pointer,entries retrieved,unresolved,response received,unverified,https://www.uofmhealthsparrow.org/cms-hpt.txt,,,,,2026-09-09T01:44:30.326Z,,,Identity / parser review,"Compare the file header with roster name, address and license state. Inspect archive contents or metadata beyond the capped header if extraction is incomplete.",file-evidence.csv,231326
230208,UNIVERSITY OF MICHIGAN HEALTH-SPARROW CARSON,MI,not-assessed-not-named-in-file,identity-or-format-review,host returned pointer,entries retrieved,unresolved,response received,unverified,https://www.uofmhealthsparrow.org/cms-hpt.txt,,,,,2026-09-09T01:44:30.326Z,,,Identity / parser review,"Compare the file header with roster name, address and license state. Inspect archive contents or metadata beyond the capped header if extraction is incomplete.",file-evidence.csv,230208
230146,WYANDOTTE HOSPITAL AND MEDICAL CENTER,MI,not-assessed-not-named-in-file,identity-or-format-review,host returned pointer,entries retrieved,unresolved,response received,unverified,https://www.henryford.com/cms-hpt.txt,,,,,2026-09-09T01:44:31.929Z,,,Identity / parser review,"Compare the file header with roster name, address and license state. Inspect archive contents or metadata beyond the capped header if extraction is incomplete.",file-evidence.csv,230146
241308,ASPIRUS LAKE VIEW HOSPITAL,MN,mrf-stale-over-365-days,publisher-date-review,host returned pointer,entries retrieved,corroborated,response received,date-over-365-days,https://www.aspirus.org/cms-hpt.txt,https://www.aspirus.org/Uploads/Public/Documents/PriceEstimate/TransparencyFY26/410786046_aspirus-lake-view-hospital_standardcharges.json,2025-07-01,2.2.0,https://www.aspirus.org/price-estimate,2026-09-09T01:49:08.320Z,,,Publisher date review,Review the draft against the saved declared date; request the current file or clarification.,file-evidence.csv,241308
241343,AVERA GRANITE FALLS,MN,old-template-version,pointer-or-domain-review,HTTP 403,not retrieved,unresolved,unresolved,unverified,,,,,,2026-09-09T01:43:39.479Z,,,Browser / official-domain review,Open the recorded pointer and official homepage in a browser. Follow the official pricing page; record redirects and exact response. Verify a replacement domain against first-party facility identity before assigning it.,file-evidence.csv,241343
241359,AVERA MARSHALL REGIONAL MEDICAL CTR,MN,old-template-version,pointer-or-domain-review,HTTP 403,not retrieved,unresolved,unresolved,unverified,,,,,,2026-09-09T01:43:39.479Z,,,Browser / official-domain review,Open the recorded pointer and official homepage in a browser. Follow the official pricing page; record redirects and exact response. Verify a replacement domain against first-party facility identity before assigning it.,file-evidence.csv,241359
241348,AVERA TYLER HOSPITAL,MN,old-template-version,pointer-or-domain-review,HTTP 403,not retrieved,unresolved,unresolved,unverified,,,,,,2026-09-09T01:43:39.479Z,,,Browser / official-domain review,Open the recorded pointer and official homepage in a browser. Follow the official pricing page; record redirects and exact response. Verify a replacement domain against first-party facility identity before assigning it.,file-evidence.csv,241348
241316,BIGFORK VALLEY HOSPITAL,MN,mrf-stale-over-365-days,identity-or-format-review,host returned pointer,entries retrieved,unresolved,response received,unverified,https://bigforkvalley.org/cms-hpt.txt,,,,,2026-09-09T01:44:30.889Z,,,Identity / parser review,"Compare the file header with roster name, address and license state. Inspect archive contents or metadata beyond the capped header if extraction is incomplete.",file-evidence.csv,241316
244015,COMMUNITY BEHAVIORAL HEALTH HOSPITAL - BAXTER,MN,not-assessed-not-named-in-file,pointer-or-domain-review,HTTP 403,not retrieved,unresolved,unresolved,unverified,,,,,,2026-09-09T01:44:04.573Z,,,Browser / official-domain review,Open the recorded pointer and official homepage in a browser. Follow the official pricing page; record redirects and exact response. Verify a replacement domain against first-party facility identity before assigning it.,file-evidence.csv,244015
241350,ESSENTIA HEALTH MOOSE LAKE,MN,old-template-version,identity-or-format-review,host returned pointer,entries retrieved,unresolved,response received,unverified,https://www.essentiahealth.org/cms-hpt.txt,,,,,2026-09-09T01:44:31.011Z,,,Identity / parser review,"Compare the file header with roster name, address and license state. Inspect archive contents or metadata beyond the capped header if extraction is incomplete.",file-evidence.csv,241350
241301,LAKEWOOD HEALTH CENTER,MN,not-assessed-site-unreachable,pointer-or-domain-review,HTTP getaddrinfo EAI_AGAIN lakewoodhealthcenter.org,not retrieved,unresolved,unresolved,unverified,,,,,,2026-09-09T01:44:31.365Z,,,Browser / official-domain review,Open the recorded pointer and official homepage in a browser. Follow the official pricing page; record redirects and exact response. Verify a replacement domain against first-party facility identity before assigning it.,file-evidence.csv,241301
241319,MURRAY COUNTY MEMORIAL HOSPITAL,MN,not-assessed-not-named-in-file,identity-or-format-review,host returned pointer,entries retrieved,unresolved,response received,unverified,https://pushmatahahospital.com/cms-hpt.txt,,,,,2026-09-09T01:44:31.826Z,,,Identity / parser review,"Compare the file header with roster name, address and license state. Inspect archive contents or metadata beyond the capped header if extraction is incomplete.",file-evidence.csv,241319
240053,PARK NICOLLET METHODIST HOSPITAL,MN,not-assessed-not-named-in-file,identity-or-format-review,host returned pointer,entries retrieved,unresolved,response received,unverified,https://www.healthpartners.com/cms-hpt.txt,,,,,2026-09-09T01:44:33.315Z,,,Identity / parser review,"Compare the file header with roster name, address and license state. Inspect archive contents or metadata beyond the capped header if extraction is incomplete.",file-evidence.csv,240053
241374,PIPESTONE COUNTY  MEDICAL CENTER,MN,old-template-version,pointer-or-domain-review,HTTP 403,not retrieved,unresolved,unresolved,unverified,,,,,,2026-09-09T01:43:39.479Z,,,Browser / official-domain review,Open the recorded pointer and official homepage in a browser. Follow the official pricing page; record redirects and exact response. Verify a replacement domain against first-party facility identity before assigning it.,file-evidence.csv,241374
241320,RIVERVIEW HOSPITAL,MN,mrf-url-unreachable,pointer-or-domain-review,HTTP 200,not retrieved,unresolved,unresolved,unverified,,,,,,2026-09-09T01:44:43.494Z,,,Browser / official-domain review,Open the recorded pointer and official homepage in a browser. Follow the official pricing page; record redirects and exact response. Verify a replacement domain against first-party facility identity before assigning it.,file-evidence.csv,241320
241377,ST FRANCIS MEDICAL CENTER,MN,mrf-url-unreachable,pointer-or-domain-review,HTTP 200,not retrieved,unresolved,unresolved,unverified,,,,,,2026-09-09T01:44:43.339Z,,,Browser / official-domain review,Open the recorded pointer and official homepage in a browser. Follow the official pricing page; record redirects and exact response. Verify a replacement domain against first-party facility identity before assigning it.,file-evidence.csv,241377
240047,ST LUKES HOSPITAL,MN,mrf-stale-over-365-days,publisher-date-review,host returned pointer,entries retrieved,corroborated,response received,date-over-365-days,https://www.aspirus.org/cms-hpt.txt,https://www.aspirus.org/Uploads/Public/Documents/PriceEstimate/TransparencyFY26/410714079_aspirus-st-lukes-hospital_standardcharges.json,2025-07-01,2.2.0,https://www.aspirus.org/price-estimate,2026-09-09T01:49:09.093Z,,,Publisher date review,Review the draft against the saved declared date; request the current file or clarification.,file-evidence.csv,240047
261332,CARROLL COUNTY MEMORIAL HOSPITAL,MO,mrf-stale-over-365-days,identity-or-format-review,host returned pointer,entries retrieved,unresolved,response received,unverified,https://www.carrollcountyhospital.org/cms-hpt.txt,,,,,2026-09-09T01:44:33.669Z,,,Identity / parser review,"Compare the file header with roster name, address and license state. Inspect archive contents or metadata beyond the capped header if extraction is incomplete.",file-evidence.csv,261332
261303,COMMUNITY HOSPITAL ASSOCIATION,MO,mrf-url-unreachable,file-access-review,host returned pointer,entries retrieved,unresolved,unresolved,unverified,https://fairfaxmed.com/cms-hpt.txt,,,,,2026-09-09T01:44:33.420Z,,,Browser file retrieval,"Open the pointer-declared file in a browser. Record the final URL, status and download evidence. A failed automated request alone does not establish that the file is unavailable.",file-evidence.csv,261303
260137,FREEMAN HEALTH SYSTEM - FREEMAN WEST,MO,mrf-stale-over-365-days,pointer-or-domain-review,HTTP 200,not retrieved,unresolved,unresolved,unverified,,,,,,2026-09-09T01:44:43.434Z,,,Browser / official-domain review,Open the recorded pointer and official homepage in a browser. Follow the official pricing page; record redirects and exact response. Verify a replacement domain against first-party facility identity before assigning it.,file-evidence.csv,260137
261331,FREEMAN NEOSHO HOSPITAL,MO,mrf-stale-over-365-days,pointer-or-domain-review,HTTP 200,not retrieved,unresolved,unresolved,unverified,,,,,,2026-09-09T01:44:43.434Z,,,Browser / official-domain review,Open the recorded pointer and official homepage in a browser. Follow the official pricing page; record redirects and exact response. Verify a replacement domain against first-party facility identity before assigning it.,file-evidence.csv,261331
260175,GOLDEN VALLEY MEMORIAL HOSPITAL,MO,no-cms-hpt-txt-published,pointer-or-domain-review,HTTP 200,not retrieved,unresolved,unresolved,unverified,,,,,,2026-09-09T01:44:43.324Z,,,Browser / official-domain review,Open the recorded pointer and official homepage in a browser. Follow the official pricing page; record redirects and exact response. Verify a replacement domain against first-party facility identity before assigning it.,file-evidence.csv,260175
260025,HANNIBAL REGIONAL HOSPITAL,MO,mrf-url-unreachable,pointer-or-domain-review,HTTP 200,not retrieved,unresolved,unresolved,unverified,,,,,,2026-09-09T01:44:43.431Z,,,Browser / official-domain review,Open the recorded pointer and official homepage in a browser. Follow the official pricing page; record redirects and exact response. Verify a replacement domain against first-party facility identity before assigning it.,file-evidence.csv,260025
261302,MADISON MEDICAL CENTER,MO,mrf-stale-over-365-days,metadata-or-pointer-review,HTTP 200,not retrieved,unresolved,response received,unverified,,,,,,2026-09-09T01:44:43.689Z,,,Pointer / metadata review,Inspect the corroborated file and official pointer separately. Resolve missing or conflicting metadata and multiple file candidates before promoting.,file-evidence.csv,261302
260110,MERCY HOSPITAL SOUTHEAST,MO,not-assessed-not-named-in-file,pointer-or-domain-review,HTTP 200,not retrieved,unresolved,unresolved,unverified,,,,,,2026-09-09T01:43:53.994Z,,,Browser / official-domain review,Open the recorded pointer and official homepage in a browser. Follow the official pricing page; record redirects and exact response. Verify a replacement domain against first-party facility identity before assigning it.,file-evidence.csv,260110
260061,NEVADA REGIONAL MEDICAL CENTER,MO,mrf-stale-over-365-days,publisher-date-review,host returned pointer,entries retrieved,corroborated,response received,date-over-365-days,https://irp.cdn-website.com/5b92682e/files/uploaded/cms-hpt-4ab8d9db.txt,https://www.nrmchealth.com/pricing-transparency-mrf-url,2025-01-14,2.0.0,https://www.nrmchealth.com/pricing-transparency,2026-09-09T01:49:09.630Z,,,Publisher date review,Review the draft against the saved declared date; request the current file or clarification.,file-evidence.csv,260061
261307,PERSHING MEMORIAL HOSPITAL,MO,mrf-stale-over-365-days,publisher-date-review,host returned pointer,entries retrieved,corroborated,response received,date-over-365-days,https://phsmo.org/cms-hpt.txt,https://hospitalpricetransparencyfiles.com/general-john-j-pershing-memorial-hospital-association/430715842_General-John-J-Pershing-Memorial-Hospital-Association_standardcharges.csv,2025-06-13,3.0.0,https://www.ezcost.info/pershing-memorial-hospital,2026-09-09T01:49:09.772Z,,,Publisher date review,Review the draft against the saved declared date; request the current file or clarification.,file-evidence.csv,261307
260017,PHELPS COUNTY REGIONAL MEDICAL CENTER,MO,not-assessed-site-unreachable,pointer-or-domain-review,HTTP Hostname/IP does not match certificate's altnames: Host: cdmpricing.com. is not in the cert's altnames: DNS:*.azureedge.net,not retrieved,unresolved,unresolved,unverified,,,,,,2026-09-09T01:44:46.581Z,,,Browser / official-domain review,Open the recorded pointer and official homepage in a browser. Follow the official pricing page; record redirects and exact response. Verify a replacement domain against first-party facility identity before assigning it.,file-evidence.csv,260017
261305,PUTNAM COUNTY MEMORIAL HOSPITAL,MO,not-assessed-site-unreachable,identity-or-format-review,HTTP 200,not retrieved,unresolved,response received,unverified,,,,,,2026-09-09T01:44:47.111Z,,,Identity / parser review,"Compare the file header with roster name, address and license state. Inspect archive contents or metadata beyond the capped header if extraction is incomplete.",file-evidence.csv,261305
260097,WESTERN MISSOURI MEDICAL CENTER,MO,mrf-stale-over-365-days,publisher-date-review,host returned pointer,entries retrieved,corroborated,response received,date-over-365-days,https://wmmc.com/cms-hpt.txt,https://wmmc.com/wp-content/uploads/2024/11/440665266_western-missouri-medical-center_standardcharges.csv,2024-12-01,2.2.0,https://wmmc.com/price-transparency/,2026-09-09T01:49:09.923Z,,,Publisher date review,Review the draft against the saved declared date; request the current file or clarification.,file-evidence.csv,260097
660001,COMMONWEALTH HEALTH CENTER,MP,not-assessed-site-unreachable,pointer-or-domain-review,"HTTP Hostname/IP does not match certificate's altnames: Host: chcc.health. is not in the cert's altnames: DNS:*.chcc.health, DNS:cpn-primary.chcc.health, DNS:cvapp.chcc.health, DNS:cvdb.chcc.health, DNS:ehdp.chcc.health, DNS:lf-app.chcc.health, DNS:lf-prod.chcc.health, DNS:pacs.chcc.health, DNS:pos-prod.chcc.health, DNS:pos-prod-jobs.chcc.health, DNS:pos-prod-services.chcc.health, DNS:pos-training.chcc.health, DNS:pos-training-jobs.chcc.health, DNS:pos-training-services.chcc.health, DNS:pos-trainingrpt.chcc.health, DNS:rcmapp.chcc.health, DNS:rcmdb.chcc.health, DNS:rcmweb.chcc.health, DNS:remote.chcc.health, DNS:vita.chcc.health, DNS:web.chcc.health, DNS:webiz.chcc.health, DNS:pos-prod-rpt.chcc.health, DNS:pos-prod-reports.chcc.health, DNS:ehr.chcc.health, DNS:websso.chcc.health",not retrieved,unresolved,unresolved,unverified,,,,,,2026-09-09T01:44:47.021Z,,,Browser / official-domain review,Open the recorded pointer and official homepage in a browser. Follow the official pricing page; record redirects and exact response. Verify a replacement domain against first-party facility identity before assigning it.,file-evidence.csv,660001
250093,BOLIVAR MEDICAL CENTER,MS,not-assessed-site-unreachable,pointer-or-domain-review,HTTP 406,not retrieved,unresolved,unresolved,unverified,,,,,,2026-09-09T01:44:47.182Z,,,Browser / official-domain review,Open the recorded pointer and official homepage in a browser. Follow the official pricing page; record redirects and exact response. Verify a replacement domain against first-party facility identity before assigning it.,file-evidence.csv,250093
251334,CHOCTAW REGIONAL MEDICAL CENTER,MS,no-cms-hpt-txt-published,identity-or-format-review,HTTP 200,not retrieved,unresolved,response received,unverified,,,,,,2026-09-09T01:44:48.837Z,,,Identity / parser review,"Compare the file header with roster name, address and license state. Inspect archive contents or metadata beyond the capped header if extraction is incomplete.",file-evidence.csv,251334
251325,COVINGTON COUNTY HOSPITAL CAH,MS,pointer-blocked-to-automation,pointer-or-domain-review,HTTP 200,not retrieved,unresolved,unresolved,unverified,,,,,,2026-09-09T01:44:47.654Z,,,Browser / official-domain review,Open the recorded pointer and official homepage in a browser. Follow the official pricing page; record redirects and exact response. Verify a replacement domain against first-party facility identity before assigning it.,file-evidence.csv,251325
250036,GEORGE REGIONAL HEALTH SYSTEM,MS,no-cms-hpt-txt-published,pointer-or-domain-review,HTTP 202,not retrieved,unresolved,unresolved,unverified,,,,,,2026-09-09T01:44:48.116Z,,,Browser / official-domain review,Open the recorded pointer and official homepage in a browser. Follow the official pricing page; record redirects and exact response. Verify a replacement domain against first-party facility identity before assigning it.,file-evidence.csv,250036
250099,GREENWOOD LEFLORE HOSPITAL,MS,not-assessed-not-named-in-file,identity-or-format-review,host returned pointer,entries retrieved,unresolved,response received,unverified,https://umc.edu/cms-hpt.txt,,,,,2026-09-09T01:44:48.101Z,,,Identity / parser review,"Compare the file header with roster name, address and license state. Inspect archive contents or metadata beyond the capped header if extraction is incomplete.",file-evidence.csv,250099
250172,HIGHLAND HILLS MEDICAL CENTER,MS,not-assessed-not-named-in-file,identity-or-format-review,host returned pointer,entries retrieved,unresolved,response received,unverified,https://www.deltahealthsystem.org/cms-hpt.txt,,,,,2026-09-09T01:44:48.866Z,,,Identity / parser review,"Compare the file header with roster name, address and license state. Inspect archive contents or metadata beyond the capped header if extraction is incomplete.",file-evidence.csv,250172
250124,MAGEE GENERAL HOSPITAL,MS,mrf-stale-over-365-days,publisher-date-review,host returned pointer,entries retrieved,corroborated,response received,date-over-365-days,https://mghosp.org/cms-hpt.txt,https://mghosp.org/wp-content/uploads/2025/01/640324402_magee-benevolent-association_standardcharges.csv,2024-12-26,2.0.0,https://mghosp.org/price-transparency/,2026-09-09T01:49:10.398Z,,,Publisher date review,Review the draft against the saved declared date; request the current file or clarification.,file-evidence.csv,250124
250007,Memorial Hospital Biloxi,MS,compliant-date-unverified,file-access-review,host returned pointer,entries retrieved,unresolved,unresolved,unverified,https://wearememorial.com/cms-hpt.txt,,,,,2026-09-09T01:44:48.277Z,,,Browser file retrieval,"Open the pointer-declared file in a browser. Record the final URL, status and download evidence. A failed automated request alone does not establish that the file is unavailable.",file-evidence.csv,250007
250038,MERIT HEALTH MADISON,MS,not-assessed-not-named-in-file,identity-or-format-review,host returned pointer,entries retrieved,unresolved,response received,unverified,https://umc.edu/cms-hpt.txt,,,,,2026-09-09T01:44:48.101Z,,,Identity / parser review,"Compare the file header with roster name, address and license state. Inspect archive contents or metadata beyond the capped header if extraction is incomplete.",file-evidence.csv,250038
254010,MS STATE HOSPITAL-WHITFIELD,MS,not-assessed-site-unreachable,pointer-or-domain-review,"HTTP Hostname/IP does not match certificate's altnames: Host: msh.state.ms.us. is not in the cert's altnames: DNS:www.ms.gov, DNS:www.gcsd.ms.gov, DNS:www.mississippi.gov, DNS:mississippi.gov, DNS:www.dps.state.ms.us, DNS:www.transparency.mississippi.gov, DNS:www.msbmt.ms.gov, DNS:www.firstcircuitcourt.ms.gov, DNS:www.msbrpg.ms.gov, DNS:www.msbpa.ms.gov, DNS:www.charterschoolboard.ms.gov, DNS:www.highwaysafety.ms.gov, DNS:www.homelandsecurity.ms.gov, DNS:www.vhpb.ms.gov, DNS:www.women.ms.gov, DNS:www.ess.ms.gov, DNS:www.jobfairs.ms.gov, DNS:www.judicialperformance.ms.gov, DNS:www.psychologyboard.ms.gov, DNS:www.smsh.ms.gov, DNS:www.therez.ms.gov, DNS:www.wcc.ms.gov, DNS:www.mswcc.ms.gov, DNS:www.swmft.ms.gov, DNS:www.pcc.ms.gov, DNS:www.msbml.ms.gov, DNS:www.borf.ms.gov, DNS:www.drive.ms.gov, DNS:www.physicalfitness.ms.gov, DNS:www.auctioneers.ms.gov, DNS:www.mbp.ms.gov, DNS:www.peer.ms.gov, DNS:www.mdoc.ms.gov, DNS:www.driverservicebureau.dps.ms.gov, DNS:www.egov.ms.gov, DNS:www.hcua.ms.gov, DNS:www.mdrs.ms.gov, DNS:www.msbn.ms.gov, DNS:www.orp.ms.gov, DNS:www.pers.ms.gov, DNS:www.psc.ms.gov, DNS:www.ethics.ms.gov, DNS:www.giscouncil.ms.gov, DNS:www.transparency.ms.gov, DNS:www.access.ms.gov, DNS:www.dsb.dps.ms.gov, DNS:www.nibrs.dps.ms.gov, DNS:www.mpus.ms.gov, DNS:www.msautismboard.ms.gov, DNS:www.monticello.ms.gov, DNS:www.brc.ms.gov, DNS:www.grandgulfpark.ms.gov, DNS:www.coronavirus.ms.gov, DNS:www.msboa.ms.gov, DNS:www.forfeiture.ms.gov, DNS:www.mathiston.ms.gov, DNS:www.beaumont.ms.gov, DNS:www.pepls.ms.gov, DNS:www.dentalboard.ms.gov, DNS:www.psychiatry.msh.ms.gov, DNS:psychiatry.msh.ms.gov, DNS:www.nmrc.ms.gov, DNS:www.houston.ms.gov, DNS:www.beam.ms.gov, DNS:www.psychology.msh.ms.gov, DNS:www.mdcps.ms.gov, DNS:www.sunflowercounty.ms.gov, DNS:www.boxing.ms.gov, DNS:www.ng.ms.gov, DNS:www.mmcp.ms.gov, DNS:www.safetysummit.dps.ms.gov, DNS:www.emsh.ms.gov, DNS:www.mspip.ms.gov, DNS:www.pmp.mbp.ms.gov, DNS:pmp.mbp.ms.gov, DNS:www.forensicservices.msh.ms.gov, DNS:www.smrc.ms.gov, DNS:www.mmvc.ms.gov, DNS:www.mama.ms.gov, DNS:www.pwsd.ms.gov, DNS:www.eab.ms.gov, DNS:www.hrc.ms.gov, DNS:www.mspb.ms.gov, DNS:www.mehc.ms.gov, DNS:www.msbce.ms.gov, DNS:www.nmsh.ms.gov, DNS:www.msh.ms.gov, DNS:www.ospd.ms.gov, DNS:www.stf.ms.gov, DNS:www.msjrc.ms.gov, DNS:www.mhid.ms.gov, DNS:www.mab.ms.gov, DNS:www.msbpt.ms.gov, DNS:www.osa.ms.gov, DNS:www.abbeville.ms.gov, DNS:www.mayersville.ms.gov, DNS:www.rollingfork.ms.gov, DNS:www.ripley.ms.gov, DNS:ms.gov",not retrieved,unresolved,unresolved,unverified,,,,,,2026-09-09T01:44:48.376Z,,,Browser / official-domain review,Open the recorded pointer and official homepage in a browser. Follow the official pricing page; record redirects and exact response. Verify a replacement domain against first-party facility identity before assigning it.,file-evidence.csv,254010
250004,NORTH MISSISSIPPI MEDICAL CENTER,MS,mrf-url-unreachable,file-access-review,host returned pointer,entries retrieved,unresolved,unresolved,unverified,https://www.nmhs.net/cms-hpt.txt,,,,,2026-09-09T01:44:48.676Z,,,Browser file retrieval,"Open the pointer-declared file in a browser. Record the final URL, status and download evidence. A failed automated request alone does not establish that the file is unavailable.",file-evidence.csv,250004
250042,NORTHWEST MISSISSISSIPPI REGIONAL MEDICAL CENTER,MS,not-assessed-not-named-in-file,identity-or-format-review,host returned pointer,entries retrieved,unresolved,response received,unverified,https://www.deltahealthsystem.org/cms-hpt.txt,,,,,2026-09-09T01:44:48.866Z,,,Identity / parser review,"Compare the file header with roster name, address and license state. Inspect archive contents or metadata beyond the capped header if extraction is incomplete.",file-evidence.csv,250042
251307,NOXUBEE GENERAL CRITICAL ACCESS HOSP,MS,mrf-stale-over-365-days,identity-or-format-review,host returned pointer,entries retrieved,unresolved,response received,unverified,https://a27d8bef-da4e-4fa0-9e3b-83c28b7fb454.usrfiles.com/ugd/a27d8b_6e61b042ac8e45d18f7bb55ad253b593.txt,,,,,2026-09-09T01:44:48.673Z,,,Identity / parser review,"Compare the file header with roster name, address and license state. Inspect archive contents or metadata beyond the capped header if extraction is incomplete.",file-evidence.csv,251307
251322,OCHSNER LAIRD HOSPITAL,MS,not-assessed-not-named-in-file,identity-or-format-review,HTTP 200,not retrieved,unresolved,response received,unverified,,,,,,2026-09-09T01:42:35.592Z,,,Identity / parser review,"Compare the file header with roster name, address and license state. Inspect archive contents or metadata beyond the capped header if extraction is incomplete.",file-evidence.csv,251322
250162,OCHSNER MEDICAL CENTER-HANCOCK,MS,not-assessed-not-named-in-file,identity-or-format-review,host returned pointer,entries retrieved,unresolved,response received,unverified,https://www.ochsner.org/cms-hpt.txt,,,,,2026-09-09T01:44:48.720Z,,,Identity / parser review,"Compare the file header with roster name, address and license state. Inspect archive contents or metadata beyond the capped header if extraction is incomplete.",file-evidence.csv,250162
251323,OCHSNER SCOTT REGIONAL,MS,not-assessed-not-named-in-file,identity-or-format-review,HTTP 200,not retrieved,unresolved,response received,unverified,,,,,,2026-09-09T01:42:35.592Z,,,Identity / parser review,"Compare the file header with roster name, address and license state. Inspect archive contents or metadata beyond the capped header if extraction is incomplete.",file-evidence.csv,251323
251335,OCHSNER STENNIS MEMORIAL HOSPITAL,MS,not-assessed-not-named-in-file,identity-or-format-review,HTTP 200,not retrieved,unresolved,response received,unverified,,,,,,2026-09-09T01:42:35.592Z,,,Identity / parser review,"Compare the file header with roster name, address and license state. Inspect archive contents or metadata beyond the capped header if extraction is incomplete.",file-evidence.csv,251335
251316,OCHSNER WATKINS HOSPITAL,MS,not-assessed-not-named-in-file,identity-or-format-review,HTTP 200,not retrieved,unresolved,response received,unverified,,,,,,2026-09-09T01:42:35.592Z,,,Identity / parser review,"Compare the file header with roster name, address and license state. Inspect archive contents or metadata beyond the capped header if extraction is incomplete.",file-evidence.csv,251316
250017,PROGRESSIVE HEALTH GROUP OF HOUSTON,MS,no-cms-hpt-txt-published,pointer-or-domain-review,HTTP 200,not retrieved,unresolved,unresolved,unverified,,,,,,2026-09-09T01:44:48.696Z,,,Browser / official-domain review,Open the recorded pointer and official homepage in a browser. Follow the official pricing page; record redirects and exact response. Verify a replacement domain against first-party facility identity before assigning it.,file-evidence.csv,250017
251317,SIMPSON GENERAL HOSPITAL CAH,MS,mrf-stale-over-365-days,identity-or-format-review,host returned pointer,entries retrieved,unresolved,response received,unverified,https://simpsongeneral.com/cms-hpt.txt,,,,,2026-09-09T01:44:48.826Z,,,Identity / parser review,"Compare the file header with roster name, address and license state. Inspect archive contents or metadata beyond the capped header if extraction is incomplete.",file-evidence.csv,251317
251337,TIPPAH COUNTY HOSPITAL,MS,mrf-stale-over-365-days,publisher-date-review,host returned pointer,entries retrieved,corroborated,response received,date-over-365-days,https://tippahcountyhospital.com/cms-hpt.txt,https://www.tippahcountyhospital.com/assets/Uploads/646001350_tippah-county-hospital_standardcharges.csv?vid=3,2025-07-29,2.0.0,https://www.tippahcountyhospital.com/patients-and-visitors/pricing-transparency,2026-09-09T01:49:10.665Z,,,Publisher date review,Review the draft against the saved declared date; request the current file or clarification.,file-evidence.csv,251337
250002,TISHOMINGO HEALTH SERVICES INC,MS,mrf-url-unreachable,file-access-review,host returned pointer,entries retrieved,unresolved,unresolved,unverified,https://www.nmhs.net/cms-hpt.txt,,,,,2026-09-09T01:44:48.676Z,,,Browser file retrieval,"Open the pointer-declared file in a browser. Record the final URL, status and download evidence. A failed automated request alone does not establish that the file is unavailable.",file-evidence.csv,250002
270012,BENEFIS HOSPITALS INC,MT,not-assessed-not-named-in-file,pointer-or-domain-review,HTTP 403,not retrieved,unresolved,unresolved,unverified,,,,,,2026-09-09T01:44:48.935Z,,,Browser / official-domain review,Open the recorded pointer and official homepage in a browser. Follow the official pricing page; record redirects and exact response. Verify a replacement domain against first-party facility identity before assigning it.,file-evidence.csv,270012
271311,BIG SANDY MEDICAL CENTER,MT,compliant-date-unverified,identity-or-format-review,host returned pointer,entries retrieved,unresolved,response received,unverified,https://bsmc.org/cms-hpt.txt,,,,,2026-09-09T01:44:49.007Z,,,Identity / parser review,"Compare the file header with roster name, address and license state. Inspect archive contents or metadata beyond the capped header if extraction is incomplete.",file-evidence.csv,271311
270004,BILLINGS CLINIC HOSPITAL,MT,mrf-stale-over-365-days,identity-or-format-review,host returned pointer,entries retrieved,unresolved,response received,unverified,https://stillwaterbillingsclinic.com/cms-hpt.txt,,,,,2026-09-09T01:44:49.117Z,,,Identity / parser review,"Compare the file header with roster name, address and license state. Inspect archive contents or metadata beyond the capped header if extraction is incomplete.",file-evidence.csv,270004
271389,BOZEMAN HEALTH BIG SKY MEDICAL CENTER,MT,mrf-stale-over-365-days,publisher-date-review,host returned pointer,entries retrieved,corroborated,response received,date-over-365-days,https://bozemanhealth.org/cms-hpt.txt,https://bozemanhealth.org/wp-content/uploads/2025/01/01/474718253_big-sky-medical-center_standardcharges.json,2024-11-19,2.2.0,https://bozemanhealth.org/services/patient-financial-services/pricing-transparency/,2026-09-09T01:49:11.101Z,,,Publisher date review,Review the draft against the saved declared date; request the current file or clarification.,file-evidence.csv,271389
270057,BOZEMAN HEALTH DEACONESS HOSPITAL,MT,mrf-stale-over-365-days,identity-or-format-review,host returned pointer,entries retrieved,unresolved,response received,unverified,https://bozemanhealth.org/cms-hpt.txt,,,,,2026-09-09T01:44:48.952Z,,,Identity / parser review,"Compare the file header with roster name, address and license state. Inspect archive contents or metadata beyond the capped header if extraction is incomplete.",file-evidence.csv,270057
271314,DEER LODGE MEDICAL CENTER,MT,old-template-version,identity-or-format-review,host returned pointer,entries retrieved,unresolved,response received,unverified,https://dlmed.org/cms-hpt.txt,,,,,2026-09-09T01:44:49.138Z,,,Identity / parser review,"Compare the file header with roster name, address and license state. Inspect archive contents or metadata beyond the capped header if extraction is incomplete.",file-evidence.csv,271314
271332,GLENDIVE MEDICAL CENTER,MT,mrf-blocked-to-automation,file-access-review,host returned pointer,entries retrieved,unresolved,unresolved,unverified,https://www.gmc.org/cms-hpt.txt,,,,,2026-09-09T01:44:49.952Z,,,Browser file retrieval,"Open the pointer-declared file in a browser. Record the final URL, status and download evidence. A failed automated request alone does not establish that the file is unavailable.",file-evidence.csv,271332
271329,MADISON VALLEY MEDICAL CENTER,MT,no-cms-hpt-txt-published,pointer-or-domain-review,HTTP 202,not retrieved,unresolved,unresolved,unverified,,,,,,2026-09-09T01:44:49.381Z,,,Browser / official-domain review,Open the recorded pointer and official homepage in a browser. Follow the official pricing page; record redirects and exact response. Verify a replacement domain against first-party facility identity before assigning it.,file-evidence.csv,271329
271331,MINERAL COMMUNITY HOSPITAL,MT,compliant-date-unverified,identity-or-format-review,host returned pointer,entries retrieved,unresolved,response received,unverified,https://mineralcommunityhospital.com/cms-hpt.txt,,,,,2026-09-09T01:44:49.205Z,,,Identity / parser review,"Compare the file header with roster name, address and license state. Inspect archive contents or metadata beyond the capped header if extraction is incomplete.",file-evidence.csv,271331
271324,PONDERA MEDICAL CENTER,MT,not-assessed-not-named-in-file,identity-or-format-review,host returned pointer,entries retrieved,unresolved,response received,unverified,https://logan.org/cms-hpt.txt,,,,,2026-09-09T01:44:49.527Z,,,Identity / parser review,"Compare the file header with roster name, address and license state. Inspect archive contents or metadata beyond the capped header if extraction is incomplete.",file-evidence.csv,271324
341322,ADVENT HEALTH POLK,NC,not-assessed-not-named-in-file,identity-or-format-review,host returned pointer,entries retrieved,unresolved,response received,unverified,https://www.adventhealth.com/cms-hpt.txt,,,,,2026-09-09T01:44:06.923Z,,,Identity / parser review,"Compare the file header with roster name, address and license state. Inspect archive contents or metadata beyond the capped header if extraction is incomplete.",file-evidence.csv,341322
341320,ALLEGHANY  MEMORIAL HOSPITAL,NC,not-assessed-site-unreachable,pointer-or-domain-review,HTTP 202,not retrieved,unresolved,unresolved,unverified,,,,,,2026-09-09T01:44:49.272Z,,,Browser / official-domain review,Open the recorded pointer and official homepage in a browser. Follow the official pricing page; record redirects and exact response. Verify a replacement domain against first-party facility identity before assigning it.,file-evidence.csv,341320
341325,ASHE MEMORIAL HOSPITAL,NC,mrf-url-unreachable,file-access-review,host returned pointer,entries retrieved,unresolved,unresolved,unverified,https://www.ashememorial.org/cms-hpt.txt,,,,,2026-09-09T01:44:49.549Z,,,Browser file retrieval,"Open the pointer-declared file in a browser. Record the final URL, status and download evidence. A failed automated request alone does not establish that the file is unavailable.",file-evidence.csv,341325
344025,BROUGHTON HOSPITAL,NC,no-cms-hpt-txt-published,pointer-or-domain-review,HTTP 200,not retrieved,unresolved,unresolved,unverified,,,,,,2026-09-09T01:44:49.516Z,,,Browser / official-domain review,Open the recorded pointer and official homepage in a browser. Follow the official pricing page; record redirects and exact response. Verify a replacement domain against first-party facility identity before assigning it.,file-evidence.csv,344025
344004,CENTRAL REGIONAL HOSPITAL,NC,no-cms-hpt-txt-published,pointer-or-domain-review,HTTP 200,not retrieved,unresolved,unresolved,unverified,,,,,,2026-09-09T01:44:49.516Z,,,Browser / official-domain review,Open the recorded pointer and official homepage in a browser. Follow the official pricing page; record redirects and exact response. Verify a replacement domain against first-party facility identity before assigning it.,file-evidence.csv,344004
344026,CHERRY HOSPITAL,NC,no-cms-hpt-txt-published,pointer-or-domain-review,HTTP 200,not retrieved,unresolved,unresolved,unverified,,,,,,2026-09-09T01:44:49.516Z,,,Browser / official-domain review,Open the recorded pointer and official homepage in a browser. Follow the official pricing page; record redirects and exact response. Verify a replacement domain against first-party facility identity before assigning it.,file-evidence.csv,344026
340068,COLUMBUS REGIONAL HEALTHCARE SYSTEM,NC,mrf-stale-over-365-days,publisher-date-review,host returned pointer,entries retrieved,corroborated,response received,date-over-365-days,https://crhealthcare.org/cms-hpt.txt,"https://sthpiprd.blob.core.windows.net/machine-readable-files/11292/560538020_columbus-regional-healthcare-system,-inc_standardcharges.csv",2025-09-01,3.0.0,https://crhealthcare.org/patients-visitors/crhs-financial-assistance/,2026-09-09T01:49:12.656Z,,,Publisher date review,Review the draft against the saved declared date; request the current file or clarification.,file-evidence.csv,340068
340127,GRANVILLE HEALTH SYSTEMS,NC,mrf-stale-over-365-days,identity-or-format-review,host returned pointer,entries retrieved,unresolved,response received,unverified,https://ghshospital.org/cms-hpt.txt,,,,,2026-09-09T01:44:49.476Z,,,Identity / parser review,"Compare the file header with roster name, address and license state. Inspect archive contents or metadata beyond the capped header if extraction is incomplete.",file-evidence.csv,340127
344036,IREDELL DAVIS BEHAVIORAL HEALTH HOSPITAL,NC,compliant-date-unverified,identity-or-format-review,host returned pointer,entries retrieved,unresolved,response received,unverified,https://www.iredelldavis.org/cms-hpt.txt,,,,,2026-09-09T01:44:50.109Z,,,Identity / parser review,"Compare the file header with roster name, address and license state. Inspect archive contents or metadata beyond the capped header if extraction is incomplete.",file-evidence.csv,344036
340090,JOHNSTON HEALTH,NC,compliant-date-unverified,file-access-review,host returned pointer,entries retrieved,unresolved,unresolved,unverified,https://www.unchealth.org/cms-hpt.txt,,,,,2026-09-09T01:44:49.884Z,,,Browser file retrieval,"Open the pointer-declared file in a browser. Record the final URL, status and download evidence. A failed automated request alone does not establish that the file is unavailable.",file-evidence.csv,340090
344023,JULIAN F KEITH ALCOHOL & DRUG ABUSE TX,NC,no-cms-hpt-txt-published,pointer-or-domain-review,HTTP 200,not retrieved,unresolved,unresolved,unverified,,,,,,2026-09-09T01:44:49.516Z,,,Browser / official-domain review,Open the recorded pointer and official homepage in a browser. Follow the official pricing page; record redirects and exact response. Verify a replacement domain against first-party facility identity before assigning it.,file-evidence.csv,344023
340096,LEXINGTON MEMORIAL HOSPITAL INC,NC,not-assessed-not-named-in-file,identity-or-format-review,host returned pointer,entries retrieved,unresolved,response received,unverified,https://cdn.atriumhealth.org/-/media/wakeforest/clinical/files/patient-and-family-resources/transparency-files/wfb_cms-hpt.txt?rev=85a171e49f3f48798f921e649fd5bc37&hash=EB0C5382AFF1913F2F21E80EF076A342,,,,,2026-09-09T01:44:50.735Z,,,Identity / parser review,"Compare the file header with roster name, address and license state. Inspect archive contents or metadata beyond the capped header if extraction is incomplete.",file-evidence.csv,340096
340047,NORTH CAROLINA BAPTIST HOSPITAL,NC,not-assessed-not-named-in-file,identity-or-format-review,host returned pointer,entries retrieved,unresolved,response received,unverified,https://cdn.atriumhealth.org/-/media/wakeforest/clinical/files/patient-and-family-resources/transparency-files/wfb_cms-hpt.txt?rev=85a171e49f3f48798f921e649fd5bc37&hash=EB0C5382AFF1913F2F21E80EF076A342,,,,,2026-09-09T01:44:50.735Z,,,Identity / parser review,"Compare the file header with roster name, address and license state. Inspect archive contents or metadata beyond the capped header if extraction is incomplete.",file-evidence.csv,340047
340049,NORTH CAROLINA SPECIALTY HOSPITAL,NC,compliant-date-unverified,file-access-review,host returned pointer,entries retrieved,unresolved,unresolved,unverified,https://ncspecialty.com/cms-hpt.txt,,,,,2026-09-09T01:44:49.698Z,,,Browser file retrieval,"Open the pointer-declared file in a browser. Record the final URL, status and download evidence. A failed automated request alone does not establish that the file is unavailable.",file-evidence.csv,340049
340042,ONSLOW MEMORIAL HOSPITAL,NC,compliant-date-unverified,identity-or-format-review,host returned pointer,entries retrieved,unresolved,response received,unverified,https://onslow.org/cms-hpt.txt,,,,,2026-09-09T01:44:49.782Z,,,Identity / parser review,"Compare the file header with roster name, address and license state. Inspect archive contents or metadata beyond the capped header if extraction is incomplete.",file-evidence.csv,340042
340010,UNC HEALTH CARE WAYNE,NC,compliant-date-unverified,file-access-review,host returned pointer,entries retrieved,unresolved,unresolved,unverified,https://www.unchealth.org/cms-hpt.txt,,,,,2026-09-09T01:44:49.884Z,,,Browser file retrieval,"Open the pointer-declared file in a browser. Record the final URL, status and download evidence. A failed automated request alone does not establish that the file is unavailable.",file-evidence.csv,340010
340061,UNC HOSPITALS,NC,compliant-date-unverified,file-access-review,host returned pointer,entries retrieved,unresolved,unresolved,unverified,https://www.unchealth.org/cms-hpt.txt,,,,,2026-09-09T01:44:49.884Z,,,Browser file retrieval,"Open the pointer-declared file in a browser. Record the final URL, status and download evidence. A failed automated request alone does not establish that the file is unavailable.",file-evidence.csv,340061
340060,UNC ROCKINGHAM,NC,compliant-date-unverified,file-access-review,host returned pointer,entries retrieved,unresolved,unresolved,unverified,https://www.unchealth.org/cms-hpt.txt,,,,,2026-09-09T01:44:49.884Z,,,Browser file retrieval,"Open the pointer-declared file in a browser. Record the final URL, status and download evidence. A failed automated request alone does not establish that the file is unavailable.",file-evidence.csv,340060
344033,WALTER B JONES CENTER LAKESIDE PSYCHIATRIC HOSPITA,NC,no-cms-hpt-txt-published,pointer-or-domain-review,HTTP 200,not retrieved,unresolved,unresolved,unverified,,,,,,2026-09-09T01:44:49.516Z,,,Browser / official-domain review,Open the recorded pointer and official homepage in a browser. Follow the official pricing page; record redirects and exact response. Verify a replacement domain against first-party facility identity before assigning it.,file-evidence.csv,344033
351326,FIRST CARE HEALTH CENTER,ND,compliant-date-unverified,identity-or-format-review,host returned pointer,entries retrieved,unresolved,response received,unverified,https://www.firstcarehc.com/cms-hpt.txt,,,,,2026-09-09T01:44:49.989Z,,,Identity / parser review,"Compare the file header with roster name, address and license state. Inspect archive contents or metadata beyond the capped header if extraction is incomplete.",file-evidence.csv,351326
351335,JAMESTOWN REGIONAL MEDICAL CENTER,ND,compliant-date-unverified,identity-or-format-review,host returned pointer,entries retrieved,unresolved,response received,unverified,https://jrmcnd.com/cms-hpt.txt,,,,,2026-09-09T01:44:49.943Z,,,Identity / parser review,"Compare the file header with roster name, address and license state. Inspect archive contents or metadata beyond the capped header if extraction is incomplete.",file-evidence.csv,351335
351328,LINTON HOSPITAL - CAH,ND,compliant-date-unverified,identity-or-format-review,host returned pointer,entries retrieved,unresolved,response received,unverified,https://lintonregionalmedicalcenter.org/wp-content/uploads/2026/05/Linton-Regional-Medical-Center-cms-hpt.txt,,,,,2026-09-09T01:44:50.404Z,,,Identity / parser review,"Compare the file header with roster name, address and license state. Inspect archive contents or metadata beyond the capped header if extraction is incomplete.",file-evidence.csv,351328
351316,PRESENTATION MEDICAL CENTER,ND,not-assessed-not-named-in-file,identity-or-format-review,host returned pointer,entries retrieved,unresolved,response received,unverified,https://smphealth.org/cms-hpt.txt,,,,,2026-09-09T01:44:49.900Z,,,Identity / parser review,"Compare the file header with roster name, address and license state. Inspect archive contents or metadata beyond the capped header if extraction is incomplete.",file-evidence.csv,351316
351327,SMP HEALTH ST ALOISIUS,ND,compliant-date-unverified,identity-or-format-review,host returned pointer,entries retrieved,unresolved,response received,unverified,https://smphealth.org/cms-hpt.txt,,,,,2026-09-09T01:44:49.900Z,,,Identity / parser review,"Compare the file header with roster name, address and license state. Inspect archive contents or metadata beyond the capped header if extraction is incomplete.",file-evidence.csv,351327
351321,SOUTH CENTRAL HEALTH,ND,no-cms-hpt-txt-published,pointer-or-domain-review,HTTP 202,not retrieved,unresolved,unresolved,unverified,,,,,,2026-09-09T01:44:50.217Z,,,Browser / official-domain review,Open the recorded pointer and official homepage in a browser. Follow the official pricing page; record redirects and exact response. Verify a replacement domain against first-party facility identity before assigning it.,file-evidence.csv,351321
351313,SOUTHWEST HEALTHCARE SERVICES,ND,old-template-version,file-access-review,host returned pointer,entries retrieved,unresolved,unresolved,unverified,https://swhealthcare.net/file_download/inline/6a1de74d-5341-449e-8339-9ff3e2f6e18d,,,,,2026-09-09T01:44:50.594Z,,,Browser file retrieval,"Open the pointer-declared file in a browser. Record the final URL, status and download evidence. A failed automated request alone does not establish that the file is unavailable.",file-evidence.csv,351313
351307,ST ANDREW'S HOSPITAL,ND,compliant-date-unverified,identity-or-format-review,host returned pointer,entries retrieved,unresolved,response received,unverified,https://smphealth.org/cms-hpt.txt,,,,,2026-09-09T01:44:49.900Z,,,Identity / parser review,"Compare the file header with roster name, address and license state. Inspect archive contents or metadata beyond the capped header if extraction is incomplete.",file-evidence.csv,351307
351300,TIOGA MEDICAL CENTER,ND,compliant-date-unverified,identity-or-format-review,host returned pointer,entries retrieved,unresolved,response received,unverified,https://51e5d73e-a7ba-4ecf-9e98-ab943c753632.usrfiles.com/ugd/51e5d7_1c0e13a9bda74111810e55b9c6e6452b.txt,,,,,2026-09-09T01:44:50.229Z,,,Identity / parser review,"Compare the file header with roster name, address and license state. Inspect archive contents or metadata beyond the capped header if extraction is incomplete.",file-evidence.csv,351300
281314,ANNIE JEFFREY MEMORIAL COUNTY HEALTH CENTER,NE,not-assessed-site-unreachable,pointer-or-domain-review,HTTP request timeout,not retrieved,unresolved,unresolved,unverified,,,,,,2026-09-09T01:44:59.967Z,,,Browser / official-domain review,Open the recorded pointer and official homepage in a browser. Follow the official pricing page; record redirects and exact response. Verify a replacement domain against first-party facility identity before assigning it.,file-evidence.csv,281314
281326,ANTELOPE MEMORIAL HOSPITAL,NE,mrf-blocked-to-automation,file-access-review,host returned pointer,entries retrieved,unresolved,unresolved,unverified,https://www.amhne.org/cms-hpt.txt,,,,,2026-09-09T01:44:50.522Z,,,Browser file retrieval,"Open the pointer-declared file in a browser. Record the final URL, status and download evidence. A failed automated request alone does not establish that the file is unavailable.",file-evidence.csv,281326
281331,AVERA CREIGHTON HOSPITAL,NE,old-template-version,pointer-or-domain-review,HTTP 403,not retrieved,unresolved,unresolved,unverified,,,,,,2026-09-09T01:43:39.479Z,,,Browser / official-domain review,Open the recorded pointer and official homepage in a browser. Follow the official pricing page; record redirects and exact response. Verify a replacement domain against first-party facility identity before assigning it.,file-evidence.csv,281331
281329,AVERA ST ANTHONY'S HOSPITAL,NE,old-template-version,pointer-or-domain-review,HTTP 403,not retrieved,unresolved,unresolved,unverified,,,,,,2026-09-09T01:43:39.479Z,,,Browser / official-domain review,Open the recorded pointer and official homepage in a browser. Follow the official pricing page; record redirects and exact response. Verify a replacement domain against first-party facility identity before assigning it.,file-evidence.csv,281329
281364,"BEATRICE COMMUNITY HOSPITAL & HEALTH CENTER, INC",NE,compliant-date-unverified,identity-or-format-review,host returned pointer,entries retrieved,unresolved,response received,unverified,https://beatricecommunityhospital.com/cms-hpt.txt,,,,,2026-09-09T01:44:52.526Z,,,Identity / parser review,"Compare the file header with roster name, address and license state. Inspect archive contents or metadata beyond the capped header if extraction is incomplete.",file-evidence.csv,281364
281334,BOONE COUNTY HEALTH CENTER,NE,compliant-date-unverified,identity-or-format-review,host returned pointer,entries retrieved,unresolved,response received,unverified,https://boonecohealth.org/cms-hpt.txt,,,,,2026-09-09T01:44:50.257Z,,,Identity / parser review,"Compare the file header with roster name, address and license state. Inspect archive contents or metadata beyond the capped header if extraction is incomplete.",file-evidence.csv,281334
281325,BROWN COUNTY HOSPITAL,NE,compliant-date-unverified,identity-or-format-review,host returned pointer,entries retrieved,unresolved,response received,unverified,https://browncountyhospital.org/cms-hpt.txt,,,,,2026-09-09T01:44:50.414Z,,,Identity / parser review,"Compare the file header with roster name, address and license state. Inspect archive contents or metadata beyond the capped header if extraction is incomplete.",file-evidence.csv,281325
281332,BUTLER COUNTY HEALTH,NE,compliant-date-unverified,identity-or-format-review,host returned pointer,entries retrieved,unresolved,response received,unverified,https://www.bchccnet.org/cms-hpt.txt,,,,,2026-09-09T01:44:50.560Z,,,Identity / parser review,"Compare the file header with roster name, address and license state. Inspect archive contents or metadata beyond the capped header if extraction is incomplete.",file-evidence.csv,281332
281335,CALLAWAY DISTRICT HOSPITAL,NE,compliant-date-unverified,identity-or-format-review,host returned pointer,entries retrieved,unresolved,response received,unverified,https://www.callawayhospital.org/cms-hpt.txt,,,,,2026-09-09T01:44:50.867Z,,,Identity / parser review,"Compare the file header with roster name, address and license state. Inspect archive contents or metadata beyond the capped header if extraction is incomplete.",file-evidence.csv,281335
281352,"COMMUNITY MEDICAL CENTER, INC",NE,not-assessed-site-unreachable,pointer-or-domain-review,HTTP request timeout,not retrieved,unresolved,unresolved,unverified,,,,,,2026-09-09T01:45:00.419Z,,,Browser / official-domain review,Open the recorded pointer and official homepage in a browser. Follow the official pricing page; record redirects and exact response. Verify a replacement domain against first-party facility identity before assigning it.,file-evidence.csv,281352
281327,COZAD COMMUNITY HOSPITAL,NE,compliant-date-unverified,identity-or-format-review,host returned pointer,entries retrieved,unresolved,response received,unverified,https://cozadhealthcare.com/cms-hpt.txt,,,,,2026-09-09T01:44:50.744Z,,,Identity / parser review,"Compare the file header with roster name, address and license state. Inspect archive contents or metadata beyond the capped header if extraction is incomplete.",file-evidence.csv,281327
284009,DOUGLAS COUNTY COMMUNITY MENTAL HEALTH CENTER,NE,mrf-blocked-to-automation,pointer-or-domain-review,HTTP 403,not retrieved,unresolved,unresolved,unverified,,,,,,2026-09-09T01:44:50.649Z,,,Browser / official-domain review,Open the recorded pointer and official homepage in a browser. Follow the official pricing page; record redirects and exact response. Verify a replacement domain against first-party facility identity before assigning it.,file-evidence.csv,284009
281340,DUNDY COUNTY HOSPITAL,NE,compliant-date-unverified,identity-or-format-review,host returned pointer,entries retrieved,unresolved,response received,unverified,https://www.dchbenkelman.com/cms-hpt.txt,,,,,2026-09-09T01:44:50.889Z,,,Identity / parser review,"Compare the file header with roster name, address and license state. Inspect archive contents or metadata beyond the capped header if extraction is incomplete.",file-evidence.csv,281340
281312,GENOA COMMUNITY HOSPITAL,NE,compliant-date-unverified,identity-or-format-review,host returned pointer,entries retrieved,unresolved,response received,unverified,https://www.genoamedical.org/cms-hpt.txt,,,,,2026-09-09T01:44:51.321Z,,,Identity / parser review,"Compare the file header with roster name, address and license state. Inspect archive contents or metadata beyond the capped header if extraction is incomplete.",file-evidence.csv,281312
281358,GORDON MEMORIAL HOSPITAL DISTRICT,NE,compliant-date-unverified,identity-or-format-review,host returned pointer,entries retrieved,unresolved,response received,unverified,https://gordonmemorial.org/cms-hpt.txt,,,,,2026-09-09T01:44:50.884Z,,,Identity / parser review,"Compare the file header with roster name, address and license state. Inspect archive contents or metadata beyond the capped header if extraction is incomplete.",file-evidence.csv,281358
281313,GOTHENBURG HEALTH,NE,compliant-date-unverified,identity-or-format-review,host returned pointer,entries retrieved,unresolved,response received,unverified,https://www.gothenburghealth.org/cms-hpt.txt,,,,,2026-09-09T01:44:51.107Z,,,Identity / parser review,"Compare the file header with roster name, address and license state. Inspect archive contents or metadata beyond the capped header if extraction is incomplete.",file-evidence.csv,281313
280065,GREAT PLAINS HEALTH,NE,compliant-date-unverified,identity-or-format-review,HTTP request timeout,not retrieved,unresolved,response received,unverified,,,,,,2026-09-09T01:45:01.842Z,,,Identity / parser review,"Compare the file header with roster name, address and license state. Inspect archive contents or metadata beyond the capped header if extraction is incomplete.",file-evidence.csv,280065
281338,HOWARD COUNTY MEDICAL CENTER,NE,no-cms-hpt-txt-published,pointer-or-domain-review,HTTP 200,not retrieved,unresolved,unresolved,unverified,,,,,,2026-09-09T01:43:17.191Z,,,Browser / official-domain review,Open the recorded pointer and official homepage in a browser. Follow the official pricing page; record redirects and exact response. Verify a replacement domain against first-party facility identity before assigning it.,file-evidence.csv,281338
281350,JOHNSON COUNTY HOSPITAL,NE,compliant-date-unverified,identity-or-format-review,host returned pointer,entries retrieved,unresolved,response received,unverified,https://jchosp.com/cms-hpt.txt,,,,,2026-09-09T01:44:50.962Z,,,Identity / parser review,"Compare the file header with roster name, address and license state. Inspect archive contents or metadata beyond the capped header if extraction is incomplete.",file-evidence.csv,281350
281306,KEARNEY COUNTY HEALTH SERVICES HOSPITAL,NE,compliant-date-unverified,identity-or-format-review,host returned pointer,entries retrieved,unresolved,response received,unverified,https://kchs.org/cms-hpt.txt,,,,,2026-09-09T01:44:51.013Z,,,Identity / parser review,"Compare the file header with roster name, address and license state. Inspect archive contents or metadata beyond the capped header if extraction is incomplete.",file-evidence.csv,281306
280134,KEARNEY REGIONAL MEDICAL CENTER,NE,mrf-stale-over-365-days,pointer-or-domain-review,HTTP 403,not retrieved,unresolved,unresolved,unverified,,,,,,2026-09-09T01:44:51.160Z,,,Browser / official-domain review,Open the recorded pointer and official homepage in a browser. Follow the official pricing page; record redirects and exact response. Verify a replacement domain against first-party facility identity before assigning it.,file-evidence.csv,280134
281320,MEMORIAL HOSPITAL,NE,not-assessed-not-named-in-file,identity-or-format-review,host returned pointer,entries retrieved,unresolved,response received,unverified,https://www.upmc.com/cms-hpt.txt,,,,,2026-09-09T01:44:51.293Z,,,Identity / parser review,"Compare the file header with roster name, address and license state. Inspect archive contents or metadata beyond the capped header if extraction is incomplete.",file-evidence.csv,281320
281318,MORRILL COUNTY COMMUNITY HOSPITAL,NE,compliant-date-unverified,identity-or-format-review,host returned pointer,entries retrieved,unresolved,response received,unverified,https://www.morrillcountyhospital.com/storage/app/media/cms-hpt.txt,,,,,2026-09-09T01:44:51.809Z,,,Identity / parser review,"Compare the file header with roster name, address and license state. Inspect archive contents or metadata beyond the capped header if extraction is incomplete.",file-evidence.csv,281318
281355,OGALLALA COMMUNITY HOSPITAL,NE,pointer-blocked-to-automation,pointer-or-domain-review,HTTP Parse Error: Header overflow,not retrieved,unresolved,unresolved,unverified,,,,,,2026-09-09T01:42:43.244Z,,,Browser / official-domain review,Open the recorded pointer and official homepage in a browser. Follow the official pricing page; record redirects and exact response. Verify a replacement domain against first-party facility identity before assigning it.,file-evidence.csv,281355
281349,PENDER COMMUNITY HOSPITAL,NE,compliant-date-unverified,identity-or-format-review,host returned pointer,entries retrieved,unresolved,response received,unverified,https://www.pchne.org/cms-hpt.txt,,,,,2026-09-09T01:44:51.252Z,,,Identity / parser review,"Compare the file header with roster name, address and license state. Inspect archive contents or metadata beyond the capped header if extraction is incomplete.",file-evidence.csv,281349
281333,ROCK COUNTY HOSPITAL,NE,compliant-date-unverified,identity-or-format-review,host returned pointer,entries retrieved,unresolved,response received,unverified,https://rockcountyhospital.com/cms-hpt.txt,,,,,2026-09-09T01:44:51.496Z,,,Identity / parser review,"Compare the file header with roster name, address and license state. Inspect archive contents or metadata beyond the capped header if extraction is incomplete.",file-evidence.csv,281333
281357,SIDNEY REGIONAL MEDICAL CENTER,NE,mrf-url-unreachable,file-access-review,host returned pointer,entries retrieved,unresolved,unresolved,unverified,http://www.sidneyrmc.com/cms-hpt.txt,,,,,2026-09-09T01:44:51.661Z,,,Browser file retrieval,"Open the pointer-declared file in a browser. Record the final URL, status and download evidence. A failed automated request alone does not establish that the file is unavailable.",file-evidence.csv,281357
281309,SYRACUSE AREA HEALTH,NE,compliant-date-unverified,identity-or-format-review,host returned pointer,entries retrieved,unresolved,response received,unverified,https://syracuseareahealth.com/cms-hpt.txt,,,,,2026-09-09T01:44:51.449Z,,,Identity / parser review,"Compare the file header with roster name, address and license state. Inspect archive contents or metadata beyond the capped header if extraction is incomplete.",file-evidence.csv,281309
281304,THAYER COUNTY HEALTH SERVICES,NE,compliant-date-unverified,identity-or-format-review,host returned pointer,entries retrieved,unresolved,response received,unverified,https://thayercountyhealth.com/cms-hpt.txt,,,,,2026-09-09T01:44:51.507Z,,,Identity / parser review,"Compare the file header with roster name, address and license state. Inspect archive contents or metadata beyond the capped header if extraction is incomplete.",file-evidence.csv,281304
281353,VALLEY COUNTY HEALTH SYSTEM,NE,not-assessed-site-unreachable,pointer-or-domain-review,HTTP request timeout,not retrieved,unresolved,unresolved,unverified,,,,,,2026-09-09T01:45:01.461Z,,,Browser / official-domain review,Open the recorded pointer and official homepage in a browser. Follow the official pricing page; record redirects and exact response. Verify a replacement domain against first-party facility identity before assigning it.,file-evidence.csv,281353
281316,WEBSTER COUNTY COMMUNITY HOSPITAL,NE,compliant-date-unverified,identity-or-format-review,host returned pointer,entries retrieved,unresolved,response received,unverified,https://websterhospital.org/cms-hpt.txt,,,,,2026-09-09T01:44:51.770Z,,,Identity / parser review,"Compare the file header with roster name, address and license state. Inspect archive contents or metadata beyond the capped header if extraction is incomplete.",file-evidence.csv,281316
281343,WEST HOLT MEMORIAL HOSPITAL,NE,compliant-date-unverified,identity-or-format-review,HTTP request timeout,not retrieved,unresolved,response received,unverified,,,,,,2026-09-09T01:45:01.699Z,,,Identity / parser review,"Compare the file header with roster name, address and license state. Inspect archive contents or metadata beyond the capped header if extraction is incomplete.",file-evidence.csv,281343
301305,ALICE PECK DAY MEMORIAL HOSPITAL,NH,not-assessed-site-unreachable,pointer-or-domain-review,HTTP request timeout,not retrieved,unresolved,unresolved,unverified,,,,,,2026-09-09T01:45:01.586Z,,,Browser / official-domain review,Open the recorded pointer and official homepage in a browser. Follow the official pricing page; record redirects and exact response. Verify a replacement domain against first-party facility identity before assigning it.,file-evidence.csv,301305
300019,CHESHIRE MEDICAL CENTER,NH,not-assessed-site-unreachable,pointer-or-domain-review,HTTP request timeout,not retrieved,unresolved,unresolved,unverified,,,,,,2026-09-09T01:45:01.677Z,,,Browser / official-domain review,Open the recorded pointer and official homepage in a browser. Follow the official pricing page; record redirects and exact response. Verify a replacement domain against first-party facility identity before assigning it.,file-evidence.csv,300019
301301,COTTAGE HOSPITAL,NH,pointer-blocked-to-automation,pointer-or-domain-review,HTTP request timeout,not retrieved,unresolved,unresolved,unverified,,,,,,2026-09-09T01:45:01.780Z,,,Browser / official-domain review,Open the recorded pointer and official homepage in a browser. Follow the official pricing page; record redirects and exact response. Verify a replacement domain against first-party facility identity before assigning it.,file-evidence.csv,301301
300023,EXETER HOSPITAL INC,NH,not-assessed-site-unreachable,pointer-or-domain-review,HTTP request timeout,not retrieved,unresolved,unresolved,unverified,,,,,,2026-09-09T01:45:01.828Z,,,Browser / official-domain review,Open the recorded pointer and official homepage in a browser. Follow the official pricing page; record redirects and exact response. Verify a replacement domain against first-party facility identity before assigning it.,file-evidence.csv,300023
300003,MARY HITCHCOCK MEMORIAL HOSPITAL,NH,not-assessed-site-unreachable,pointer-or-domain-review,HTTP request timeout,not retrieved,unresolved,unresolved,unverified,,,,,,2026-09-09T01:45:02.542Z,,,Browser / official-domain review,Open the recorded pointer and official homepage in a browser. Follow the official pricing page; record redirects and exact response. Verify a replacement domain against first-party facility identity before assigning it.,file-evidence.csv,300003
301308,VALLEY REGIONAL HOSPITAL,NH,not-assessed-site-unreachable,pointer-or-domain-review,HTTP request timeout,not retrieved,unresolved,unresolved,unverified,,,,,,2026-09-09T01:45:04.552Z,,,Browser / official-domain review,Open the recorded pointer and official homepage in a browser. Follow the official pricing page; record redirects and exact response. Verify a replacement domain against first-party facility identity before assigning it.,file-evidence.csv,301308
310115,AHS HOSPITAL CORP,NJ,not-assessed-not-named-in-file,pointer-or-domain-review,HTTP request timeout,not retrieved,unresolved,unresolved,unverified,,,,,,2026-09-09T01:45:04.558Z,,,Browser / official-domain review,Open the recorded pointer and official homepage in a browser. Follow the official pricing page; record redirects and exact response. Verify a replacement domain against first-party facility identity before assigning it.,file-evidence.csv,310115
310064,ATLANTICARE REGIONAL MEDICAL CENTER - CITY CAMPUS,NJ,not-assessed-not-named-in-file,pointer-or-domain-review,HTTP request timeout,not retrieved,unresolved,unresolved,unverified,,,,,,2026-09-09T01:45:04.814Z,,,Browser / official-domain review,Open the recorded pointer and official homepage in a browser. Follow the official pricing page; record redirects and exact response. Verify a replacement domain against first-party facility identity before assigning it.,file-evidence.csv,310064
310011,CAPE REGIONAL MEDICAL CENTER INC,NJ,not-assessed-site-unreachable,pointer-or-domain-review,HTTP request timeout,not retrieved,unresolved,unresolved,unverified,,,,,,2026-09-09T01:45:04.817Z,,,Browser / official-domain review,Open the recorded pointer and official homepage in a browser. Follow the official pricing page; record redirects and exact response. Verify a replacement domain against first-party facility identity before assigning it.,file-evidence.csv,310011
310025,CAREPOINT HEALTH - BAYONNE MEDICAL CENTER,NJ,not-assessed-not-named-in-file,pointer-or-domain-review,HTTP request timeout,not retrieved,unresolved,unresolved,unverified,,,,,,2026-09-09T01:45:04.845Z,,,Browser / official-domain review,Open the recorded pointer and official homepage in a browser. Follow the official pricing page; record redirects and exact response. Verify a replacement domain against first-party facility identity before assigning it.,file-evidence.csv,310025
310083,CAREWELL HEALTH MEDICAL CENTER,NJ,no-cms-hpt-txt-published,pointer-or-domain-review,HTTP request timeout,not retrieved,unresolved,unresolved,unverified,,,,,,2026-09-09T01:45:05.517Z,,,Browser / official-domain review,Open the recorded pointer and official homepage in a browser. Follow the official pricing page; record redirects and exact response. Verify a replacement domain against first-party facility identity before assigning it.,file-evidence.csv,310083
310045,ENGLEWOOD HOSPITAL AND MEDICAL CENTER,NJ,compliant-date-unverified,identity-or-format-review,HTTP request timeout,not retrieved,unresolved,response received,unverified,,,,,,2026-09-09T01:45:30.006Z,,,Identity / parser review,"Compare the file header with roster name, address and license state. Inspect archive contents or metadata beyond the capped header if extraction is incomplete.",file-evidence.csv,310045
310016,HEIGHTS UNIVERSITY HOSPITAL,NJ,not-assessed-not-named-in-file,pointer-or-domain-review,HTTP request timeout,not retrieved,unresolved,unresolved,unverified,,,,,,2026-09-09T01:45:04.845Z,,,Browser / official-domain review,Open the recorded pointer and official homepage in a browser. Follow the official pricing page; record redirects and exact response. Verify a replacement domain against first-party facility identity before assigning it.,file-evidence.csv,310016
310008,HOLY NAME MEDICAL CENTER,NJ,compliant-date-unverified,identity-or-format-review,HTTP request timeout,not retrieved,unresolved,response received,unverified,,,,,,2026-09-09T01:45:30.464Z,,,Identity / parser review,"Compare the file header with roster name, address and license state. Inspect archive contents or metadata beyond the capped header if extraction is incomplete.",file-evidence.csv,310008
310118,HUDSON REGIONAL HOSPITAL,NJ,not-assessed-not-named-in-file,pointer-or-domain-review,HTTP request timeout,not retrieved,unresolved,unresolved,unverified,,,,,,2026-09-09T01:45:31.507Z,,,Browser / official-domain review,Open the recorded pointer and official homepage in a browser. Follow the official pricing page; record redirects and exact response. Verify a replacement domain against first-party facility identity before assigning it.,file-evidence.csv,310118
310070,SAINT PETER'S UNIVERSITY HOSPITAL,NJ,old-template-version,metadata-or-pointer-review,HTTP request timeout,not retrieved,unresolved,response received,unverified,,,,,,2026-09-09T01:45:31.620Z,,,Pointer / metadata review,Inspect the corroborated file and official pointer separately. Resolve missing or conflicting metadata and multiple file candidates before promoting.,file-evidence.csv,310070
310047,SHORE MEDICAL CENTER,NJ,compliant-date-unverified,metadata-or-pointer-review,HTTP request timeout,not retrieved,unresolved,response received,unverified,,,,,,2026-09-09T01:45:31.715Z,,,Pointer / metadata review,Inspect the corroborated file and official pointer separately. Resolve missing or conflicting metadata and multiple file candidates before promoting.,file-evidence.csv,310047
313302,WEISMAN CHILDRENS REHABILITATION HOSPITAL,NJ,pointer-blocked-to-automation,pointer-or-domain-review,HTTP request timeout,not retrieved,unresolved,unresolved,unverified,,,,,,2026-09-09T01:45:31.730Z,,,Browser / official-domain review,Open the recorded pointer and official homepage in a browser. Follow the official pricing page; record redirects and exact response. Verify a replacement domain against first-party facility identity before assigning it.,file-evidence.csv,313302
310022,WEST JERSEY HOSPITAL,NJ,not-assessed-not-named-in-file,pointer-or-domain-review,HTTP request timeout,not retrieved,unresolved,unresolved,unverified,,,,,,2026-09-09T01:45:31.824Z,,,Browser / official-domain review,Open the recorded pointer and official homepage in a browser. Follow the official pricing page; record redirects and exact response. Verify a replacement domain against first-party facility identity before assigning it.,file-evidence.csv,310022
320779,GUADALUPE COUNTY HOSPITAL,NM,compliant-date-unverified,identity-or-format-review,HTTP request timeout,not retrieved,unresolved,response received,unverified,,,,,,2026-09-09T01:45:31.854Z,,,Identity / parser review,"Compare the file header with roster name, address and license state. Inspect archive contents or metadata beyond the capped header if extraction is incomplete.",file-evidence.csv,320779
321313,REHOBOTH MCKINLEY CHRISTIAN HEALTH CARE SERVICES,NM,compliant-date-unverified,identity-or-format-review,HTTP request timeout,not retrieved,unresolved,response received,unverified,,,,,,2026-09-09T01:45:31.869Z,,,Identity / parser review,"Compare the file header with roster name, address and license state. Inspect archive contents or metadata beyond the capped header if extraction is incomplete.",file-evidence.csv,321313
320001,UNM HOSPITAL,NM,not-assessed-not-named-in-file,pointer-or-domain-review,HTTP request timeout,not retrieved,unresolved,unresolved,unverified,,,,,,2026-09-09T01:45:32.573Z,,,Browser / official-domain review,Open the recorded pointer and official homepage in a browser. Follow the official pricing page; record redirects and exact response. Verify a replacement domain against first-party facility identity before assigning it.,file-evidence.csv,320001
291313,BANNER CHURCHILL COMMUNITY HOSPITAL,NV,pointer-blocked-to-automation,pointer-or-domain-review,HTTP Parse Error: Header overflow,not retrieved,unresolved,unresolved,unverified,,,,,,2026-09-09T01:42:43.244Z,,,Browser / official-domain review,Open the recorded pointer and official homepage in a browser. Follow the official pricing page; record redirects and exact response. Verify a replacement domain against first-party facility identity before assigning it.,file-evidence.csv,291313
291303,BATTLE MOUNTAIN GENERAL HOSPITAL,NV,old-template-version,metadata-or-pointer-review,HTTP request timeout,not retrieved,unresolved,response received,unverified,,,,,,2026-09-09T01:45:34.580Z,,,Pointer / metadata review,Inspect the corroborated file and official pointer separately. Resolve missing or conflicting metadata and multiple file candidates before promoting.,file-evidence.csv,291303
291309,BOULDER CITY HOSPITAL,NV,old-template-version,metadata-or-pointer-review,HTTP request timeout,not retrieved,unresolved,response received,unverified,,,,,,2026-09-09T01:45:34.584Z,,,Pointer / metadata review,Inspect the corroborated file and official pointer separately. Resolve missing or conflicting metadata and multiple file candidates before promoting.,file-evidence.csv,291309
290019,CARSON TAHOE REGIONAL MEDICAL CENTER,NV,pointer-blocked-to-automation,pointer-or-domain-review,HTTP request timeout,not retrieved,unresolved,unresolved,unverified,,,,,,2026-09-09T01:45:34.866Z,,,Browser / official-domain review,Open the recorded pointer and official homepage in a browser. Follow the official pricing page; record redirects and exact response. Verify a replacement domain against first-party facility identity before assigning it.,file-evidence.csv,290019
291306,CARSON VALLEY HEALTH,NV,compliant-date-unverified,metadata-or-pointer-review,HTTP request timeout,not retrieved,unresolved,response received,unverified,,,,,,2026-09-09T01:45:34.870Z,,,Pointer / metadata review,Inspect the corroborated file and official pointer separately. Resolve missing or conflicting metadata and multiple file candidates before promoting.,file-evidence.csv,291306
291300,MOUNT GRANT GENERAL HOSPITAL,NV,mrf-url-unreachable,pointer-or-domain-review,HTTP request timeout,not retrieved,unresolved,unresolved,unverified,,,,,,2026-09-09T01:45:34.874Z,,,Browser / official-domain review,Open the recorded pointer and official homepage in a browser. Follow the official pricing page; record redirects and exact response. Verify a replacement domain against first-party facility identity before assigning it.,file-evidence.csv,291300
290039,MOUNTAINVIEW HOSPITAL,NV,mrf-stale-over-365-days,identity-or-format-review,HTTP request timeout,not retrieved,unresolved,response received,unverified,,,,,,2026-09-09T01:45:35.567Z,,,Identity / parser review,"Compare the file header with roster name, address and license state. Inspect archive contents or metadata beyond the capped header if extraction is incomplete.",file-evidence.csv,290039
291304,PERSHING GENERAL HOSPITAL,NV,mrf-stale-over-365-days,identity-or-format-review,host returned pointer,entries retrieved,unresolved,response received,unverified,https://ad3230b5-b9c7-4f2c-a14b-3d713fd2a267.usrfiles.com/ugd/ad3230_89792fb0bf314ed0a68f669819044727.txt,,,,,2026-09-09T01:45:57.093Z,,,Identity / parser review,"Compare the file header with roster name, address and license state. Inspect archive contents or metadata beyond the capped header if extraction is incomplete.",file-evidence.csv,291304
294015,"RENO BEHAVIORAL HEALTHCARE HOSPITAL, LLC",NV,not-assessed-not-named-in-file,identity-or-format-review,host returned pointer,entries retrieved,unresolved,response received,unverified,https://renobehavioral.com/cms-hpt.txt,,,,,2026-09-09T01:45:56.968Z,,,Identity / parser review,"Compare the file header with roster name, address and license state. Inspect archive contents or metadata beyond the capped header if extraction is incomplete.",file-evidence.csv,294015
290001,RENOWN REGIONAL MEDICAL CENTER,NV,pointer-blocked-to-automation,pointer-or-domain-review,HTTP 429,not retrieved,unresolved,unresolved,unverified,,,,,,2026-09-09T01:45:56.987Z,,,Browser / official-domain review,Open the recorded pointer and official homepage in a browser. Follow the official pricing page; record redirects and exact response. Verify a replacement domain against first-party facility identity before assigning it.,file-evidence.csv,290001
290049,RENOWN SOUTH MEADOWS MEDICAL CENTER,NV,pointer-blocked-to-automation,pointer-or-domain-review,HTTP 429,not retrieved,unresolved,unresolved,unverified,,,,,,2026-09-09T01:45:56.987Z,,,Browser / official-domain review,Open the recorded pointer and official homepage in a browser. Follow the official pricing page; record redirects and exact response. Verify a replacement domain against first-party facility identity before assigning it.,file-evidence.csv,290049
291314,SOUTH LYON MEDICAL CENTER,NV,compliant-date-unverified,identity-or-format-review,host returned pointer,entries retrieved,unresolved,response received,unverified,https://slmcnv.org/cms-hpt.txt,,,,,2026-09-09T01:45:56.946Z,,,Identity / parser review,"Compare the file header with roster name, address and license state. Inspect archive contents or metadata beyond the capped header if extraction is incomplete.",file-evidence.csv,291314
290046,SPRING VALLEY HOSPITAL MEDICAL CENTER,NV,pointer-blocked-to-automation,pointer-or-domain-review,HTTP 403,not retrieved,unresolved,unresolved,unverified,,,,,,2026-09-09T01:45:57.104Z,,,Browser / official-domain review,Open the recorded pointer and official homepage in a browser. Follow the official pricing page; record redirects and exact response. Verify a replacement domain against first-party facility identity before assigning it.,file-evidence.csv,290046
290003,SUNRISE HOSPITAL AND MEDICAL CENTER,NV,mrf-stale-over-365-days,publisher-date-review,host returned pointer,entries retrieved,corroborated,response received,date-over-365-days,https://sunrisehospital.com/cms-hpt.txt,https://core.secure.ehc.com/src/util/json-detail-price-list/62-1762537_sunrise-hospital-and-medical-center_standardcharges.json,2024-10-01,2.2.0,https://sunrisehospital.com/about/legal/pricing-transparency-cms-required-file-of-standard-charges.dot,2026-09-09T01:49:49.993Z,,,Publisher date review,Review the draft against the saved declared date; request the current file or clarification.,file-evidence.csv,290003
330013,ALBANY MEDICAL CENTER HOSPITAL,NY,compliant-date-unverified,file-access-review,host returned pointer,entries retrieved,unresolved,unresolved,unverified,https://www.amc.edu/cms-hpt.txt,,,,,2026-09-09T01:45:57.289Z,,,Browser file retrieval,"Open the pointer-declared file in a browser. Record the final URL, status and download evidence. A failed automated request alone does not establish that the file is unavailable.",file-evidence.csv,330013
330090,ARNOT OGDEN MEDICAL CENTER,NY,compliant-date-unverified,file-access-review,host returned pointer,entries retrieved,unresolved,unresolved,unverified,https://arnothealth.org/cms-hpt.txt,,,,,2026-09-09T01:45:57.163Z,,,Browser file retrieval,"Open the pointer-declared file in a browser. Record the final URL, status and download evidence. A failed automated request alone does not establish that the file is unavailable.",file-evidence.csv,330090
330235,AUBURN  COMMUNITY  HOSPITAL,NY,mrf-stale-over-365-days,publisher-date-review,host returned pointer,entries retrieved,corroborated,response received,date-over-365-days,https://www.auburnhospital.org/cms-hpt.txt,https://www.auburnhospital.org/wp-content/uploads/2025/01/150532054_auburn-community-hospital_standardcharges-2.zip,2025-01-19,2.0.0,https://www.auburnhospital.org/patients-and-visitors/billing/,2026-09-09T01:49:50.514Z,,,Publisher date review,Review the draft against the saved declared date; request the current file or clarification.,file-evidence.csv,330235
330204,BELLEVUE HOSPITAL CENTER,NY,compliant-date-unverified,pointer-or-domain-review,HTTP 403,not retrieved,unresolved,unresolved,unverified,,,,,,2026-09-09T01:45:57.463Z,,,Browser / official-domain review,Open the recorded pointer and official homepage in a browser. Follow the official pricing page; record redirects and exact response. Verify a replacement domain against first-party facility identity before assigning it.,file-evidence.csv,330204
333301,BLYTHEDALE CHILDREN'S HOSPITAL,NY,mrf-url-unreachable,file-access-review,host returned pointer,entries retrieved,unresolved,unresolved,unverified,https://www.blythedale.org/cms-hpt.txt,,,,,2026-09-09T01:45:57.364Z,,,Browser file retrieval,"Open the pointer-declared file in a browser. Record the final URL, status and download evidence. A failed automated request alone does not establish that the file is unavailable.",file-evidence.csv,333301
330009,BRONXCARE HOSPITAL CENTER,NY,not-assessed-not-named-in-file,identity-or-format-review,host returned pointer,entries retrieved,unresolved,response received,unverified,https://www.bronxcare.org/cms-hpt.txt,,,,,2026-09-09T01:45:57.156Z,,,Identity / parser review,"Compare the file header with roster name, address and license state. Inspect archive contents or metadata beyond the capped header if extraction is incomplete.",file-evidence.csv,330009
334022,BRYLIN HOSP,NY,old-template-version,publisher-template-review,host returned pointer,entries retrieved,corroborated,response received,date-within-365-days-older-version,https://brylin.com/cms-hpt.txt,https://www.brylin.com/wp-content/uploads/2025/10/16-1163586_BryLin-Hospitals-Inc_standardcharges.csv,2025-10-15,1.0.0,https://www.brylin.com/price-transparency/,2026-09-09T01:49:50.763Z,,,Publisher metadata review,Review the draft against the saved header and current CMS data dictionary; request the current file or clarification.,file-evidence.csv,334022
330094,COLUMBIA MEMORIAL HOSPITAL,NY,compliant-date-unverified,file-access-review,host returned pointer,entries retrieved,unresolved,unresolved,unverified,https://www.albanymed.org/cms-hpt.txt,,,,,2026-09-09T01:45:57.410Z,,,Browser file retrieval,"Open the pointer-declared file in a browser. Record the final URL, status and download evidence. A failed automated request alone does not establish that the file is unavailable.",file-evidence.csv,330094
330128,ELMHURST HOSPITAL CENTER,NY,compliant-date-unverified,pointer-or-domain-review,HTTP 403,not retrieved,unresolved,unresolved,unverified,,,,,,2026-09-09T01:45:57.463Z,,,Browser / official-domain review,Open the recorded pointer and official homepage in a browser. Follow the official pricing page; record redirects and exact response. Verify a replacement domain against first-party facility identity before assigning it.,file-evidence.csv,330128
330405,HELEN HAYES HOSPITAL,NY,mrf-stale-over-365-days,publisher-date-review,host returned pointer,entries retrieved,corroborated,response received,date-over-365-days,https://helenhayeshospital.org/cms-hpt.txt,https://shop.helenhayeshosp.org/00-0432000_Helen-Hayes-Hospital_standardcharges.csv,2024-07-01,1.0.0,https://shop.helenhayeshosp.org/,2026-09-09T01:49:50.996Z,,,Publisher date review,Review the draft against the saved declared date; request the current file or clarification.,file-evidence.csv,330405
330270,HOSPITAL FOR SPECIAL SURGERY,NY,mrf-blocked-to-automation,file-access-review,host returned pointer,entries retrieved,unresolved,unresolved,unverified,https://www.hss.edu/cms-hpt.txt,,,,,2026-09-09T01:45:57.312Z,,,Browser file retrieval,"Open the pointer-declared file in a browser. Record the final URL, status and download evidence. A failed automated request alone does not establish that the file is unavailable.",file-evidence.csv,330270
330800,IRA DAVENPORT MEMORIAL HOSPITAL,NY,compliant-date-unverified,file-access-review,host returned pointer,entries retrieved,unresolved,unresolved,unverified,https://arnothealth.org/cms-hpt.txt,,,,,2026-09-09T01:45:57.163Z,,,Browser file retrieval,"Open the pointer-declared file in a browser. Record the final URL, status and download evidence. A failed automated request alone does not establish that the file is unavailable.",file-evidence.csv,330800
330202,KINGS COUNTY HOSPITAL CENTER,NY,compliant-date-unverified,metadata-or-pointer-review,HTTP 403,not retrieved,unresolved,response received,unverified,,,,,,2026-09-09T01:45:57.463Z,,,Pointer / metadata review,Inspect the corroborated file and official pointer separately. Resolve missing or conflicting metadata and multiple file candidates before promoting.,file-evidence.csv,330202
330080,LINCOLN MEDICAL & MENTAL HEALTH CENTER,NY,not-assessed-not-named-in-file,pointer-or-domain-review,HTTP 403,not retrieved,unresolved,unresolved,unverified,,,,,,2026-09-09T01:45:57.463Z,,,Browser / official-domain review,Open the recorded pointer and official homepage in a browser. Follow the official pricing page; record redirects and exact response. Verify a replacement domain against first-party facility identity before assigning it.,file-evidence.csv,330080
330199,METROPOLITAN HOSPITAL CENTER,NY,compliant-date-unverified,metadata-or-pointer-review,HTTP 403,not retrieved,unresolved,response received,unverified,,,,,,2026-09-09T01:45:57.463Z,,,Pointer / metadata review,Inspect the corroborated file and official pointer separately. Resolve missing or conflicting metadata and multiple file candidates before promoting.,file-evidence.csv,330199
330188,MOUNT ST. MARY'S HOSPITAL & HEALTH CENTER,NY,mrf-stale-over-365-days,identity-or-format-review,host returned pointer,entries retrieved,unresolved,response received,unverified,https://chsbuffalo.org/cms-hpt.txt,,,,,2026-09-09T01:45:57.214Z,,,Identity / parser review,"Compare the file header with roster name, address and license state. Inspect archive contents or metadata beyond the capped header if extraction is incomplete.",file-evidence.csv,330188
330027,NASSAU UNIVERSITY MEDICAL CENTER,NY,old-template-version,publisher-template-review,host returned pointer,entries retrieved,corroborated,response received,date-within-365-days-older-version,https://numc.edu/cms-hpt.txt,https://sthpiprd.blob.core.windows.net/machine-readable-files/13384/113465690-1801857172_nassau-health-care-corporation_standardcharges.csv,2025-10-28,2.0.0,https://search.hospitalpriceindex.com/hpi2/machineReadable/NassauHealthCareCorporation/13384,2026-09-09T01:49:52.005Z,,,Publisher metadata review,Review the draft against the saved header and current CMS data dictionary; request the current file or clarification.,file-evidence.csv,330027
330276,NATHAN LITTAUER HOSPITAL,NY,old-template-version,metadata-or-pointer-review,host returned pointer,entries retrieved,unresolved,response received,unverified,https://nlh.org/cms-hpt.txt,,,,,2026-09-09T01:45:57.385Z,,,Pointer / metadata review,Inspect the corroborated file and official pointer separately. Resolve missing or conflicting metadata and multiple file candidates before promoting.,file-evidence.csv,330276
330101,NEW YORK-PRESBYTERIAN HOSPITAL,NY,not-assessed-not-named-in-file,identity-or-format-review,host returned pointer,entries retrieved,unresolved,response received,unverified,https://www.nyp.org/cms-hpt.txt,,,,,2026-09-09T01:45:57.437Z,,,Identity / parser review,"Compare the file header with roster name, address and license state. Inspect archive contents or metadata beyond the capped header if extraction is incomplete.",file-evidence.csv,330101
330043,NS/LIJ HS SOUTHSIDE HOSPITAL,NY,not-assessed-not-named-in-file,identity-or-format-review,host returned pointer,entries retrieved,unresolved,response received,unverified,https://www.northwell.edu/cms-hpt.txt,,,,,2026-09-09T01:45:57.302Z,,,Identity / parser review,"Compare the file header with roster name, address and license state. Inspect archive contents or metadata beyond the capped header if extraction is incomplete.",file-evidence.csv,330043
330011,"OUR LADY OF LOURDES MEMORIAL HOSPITAL, INC",NY,not-assessed-not-named-in-file,identity-or-format-review,host returned pointer,entries retrieved,unresolved,response received,unverified,https://healthcare.ascension.org/-/media/Healthcare/cms-hpt.txt,,,,,2026-09-09T01:43:44.066Z,,,Identity / parser review,"Compare the file header with roster name, address and license state. Inspect archive contents or metadata beyond the capped header if extraction is incomplete.",file-evidence.csv,330011
330157,SAMARITAN MEDICAL CENTER,NY,no-cms-hpt-txt-published,pointer-or-domain-review,HTTP 200,not retrieved,unresolved,unresolved,unverified,,,,,,2026-09-09T01:43:17.191Z,,,Browser / official-domain review,Open the recorded pointer and official homepage in a browser. Follow the official pricing page; record redirects and exact response. Verify a replacement domain against first-party facility identity before assigning it.,file-evidence.csv,330157
334027,SOUTH OAKS HOSP,NY,not-assessed-not-named-in-file,identity-or-format-review,host returned pointer,entries retrieved,unresolved,response received,unverified,https://www.northwell.edu/cms-hpt.txt,,,,,2026-09-09T01:45:57.302Z,,,Identity / parser review,"Compare the file header with roster name, address and license state. Inspect archive contents or metadata beyond the capped header if extraction is incomplete.",file-evidence.csv,334027
330395,ST JOHN'S EPISCOPAL HOSPITAL AT SOUTH SHORE,NY,not-assessed-not-named-in-file,identity-or-format-review,host returned pointer,entries retrieved,unresolved,response received,unverified,https://www.northwell.edu/cms-hpt.txt,,,,,2026-09-09T01:45:57.302Z,,,Identity / parser review,"Compare the file header with roster name, address and license state. Inspect archive contents or metadata beyond the capped header if extraction is incomplete.",file-evidence.csv,330395
330006,ST JOSEPH'S MEDICAL CENTER,NY,mrf-url-unreachable,file-access-review,host returned pointer,entries retrieved,unresolved,unresolved,unverified,https://search.hospitalpriceindex.com/100287/cms-hpt.txt,,,,,2026-09-09T01:45:57.898Z,,,Browser file retrieval,"Open the pointer-declared file in a browser. Record the final URL, status and download evidence. A failed automated request alone does not establish that the file is unavailable.",file-evidence.csv,330006
330047,St Marys Healthcare,NY,compliant-date-unverified,file-access-review,host returned pointer,entries retrieved,unresolved,unresolved,unverified,https://www.smha.org/wp-content/uploads/2026/05/cms-hpt-7.txt,,,,,2026-09-09T01:45:57.980Z,,,Browser file retrieval,"Open the pointer-declared file in a browser. Record the final URL, status and download evidence. A failed automated request alone does not establish that the file is unavailable.",file-evidence.csv,330047
330350,SUNY/DOWNSTATE UNIVERSITY HOSPITAL OF BROOKLYN,NY,mrf-stale-over-365-days,identity-or-format-review,host returned pointer,entries retrieved,unresolved,response received,unverified,https://www.downstate.edu/cms-hpt.txt,,,,,2026-09-09T01:45:57.377Z,,,Identity / parser review,"Compare the file header with roster name, address and license state. Inspect archive contents or metadata beyond the capped header if extraction is incomplete.",file-evidence.csv,330350
330396,WOODHULL MEDICAL & MENTAL HEALTH CENTER,NY,mrf-stale-over-365-days,pointer-or-domain-review,HTTP 403,not retrieved,unresolved,unresolved,unverified,,,,,,2026-09-09T01:45:57.463Z,,,Browser / official-domain review,Open the recorded pointer and official homepage in a browser. Follow the official pricing page; record redirects and exact response. Verify a replacement domain against first-party facility identity before assigning it.,file-evidence.csv,330396
361326,ADAMS COUNTY REGIONAL MEDICAL CENTER,OH,mrf-stale-over-365-days,publisher-date-review,host returned pointer,entries retrieved,corroborated,response received,date-over-365-days,https://acrmc.com/wp-content/uploads/2025/03/cms-hpt.txt,https://acrmc.com/wp-content/uploads/2025/03/81-2817266_Adams-County-Regional-Medical-Center_standardcharges-1.zip,2024-12-25,2.2.0,https://acrmc.com/price-transparency/,2026-09-09T01:50:05.529Z,,,Publisher date review,Review the draft against the saved declared date; request the current file or clarification.,file-evidence.csv,361326
363303,AKRON CHILDREN'S HOSPITAL,OH,compliant-date-unverified,file-access-review,host returned pointer,entries retrieved,unresolved,unresolved,unverified,https://www.akronchildrens.org/cms-hpt.txt,,,,,2026-09-09T01:45:57.689Z,,,Browser file retrieval,"Open the pointer-declared file in a browser. Record the final URL, status and download evidence. A failed automated request alone does not establish that the file is unavailable.",file-evidence.csv,363303
360027,AKRON GENERAL MEDICAL CENTER,OH,compliant-date-unverified,file-access-review,host returned pointer,entries retrieved,unresolved,unresolved,unverified,https://my.clevelandclinic.org/cms-hpt.txt,,,,,2026-09-09T01:43:18.511Z,,,Browser file retrieval,"Open the pointer-declared file in a browser. Record the final URL, status and download evidence. A failed automated request alone does not establish that the file is unavailable.",file-evidence.csv,360027
360364,CLEVELAND CLINIC AVON HOSPITAL,OH,old-template-version,identity-or-format-review,host returned pointer,entries retrieved,unresolved,response received,unverified,https://my.clevelandclinic.org/cms-hpt.txt,,,,,2026-09-09T01:43:18.511Z,,,Identity / parser review,"Compare the file header with roster name, address and license state. Inspect archive contents or metadata beyond the capped header if extraction is incomplete.",file-evidence.csv,360364
360077,FAIRVIEW HOSPITAL,OH,compliant-date-unverified,file-access-review,host returned pointer,entries retrieved,unresolved,unresolved,unverified,https://my.clevelandclinic.org/cms-hpt.txt,,,,,2026-09-09T01:43:18.511Z,,,Browser file retrieval,"Open the pointer-declared file in a browser. Record the final URL, status and download evidence. A failed automated request alone does not establish that the file is unavailable.",file-evidence.csv,360077
360025,FIRELANDS REGIONAL MEDICAL CENTER,OH,mrf-blocked-to-automation,pointer-or-domain-review,HTTP 403,not retrieved,unresolved,unresolved,unverified,,,,,,2026-09-09T01:45:57.582Z,,,Browser / official-domain review,Open the recorded pointer and official homepage in a browser. Follow the official pricing page; record redirects and exact response. Verify a replacement domain against first-party facility identity before assigning it.,file-evidence.csv,360025
361333,FULTON COUNTY HEALTH CENTER,OH,no-cms-hpt-txt-published,pointer-or-domain-review,HTTP 202,not retrieved,unresolved,unresolved,unverified,,,,,,2026-09-09T01:45:57.644Z,,,Browser / official-domain review,Open the recorded pointer and official homepage in a browser. Follow the official pricing page; record redirects and exact response. Verify a replacement domain against first-party facility identity before assigning it.,file-evidence.csv,361333
360039,GENESIS HOSPITAL,OH,old-template-version,metadata-or-pointer-review,host returned pointer,entries retrieved,corroborated,response received,date-within-365-days-version-unverified,https://www.genesishcs.org/cms-hpt.txt,https://genesisgenericblob.blob.core.windows.net/price-transparency/311480941_Genesis-Healthcare-System_standardcharges.csv,2026-03-27,5.0.0,https://genesishcs.org/patients/billing-insurance/price-list,2026-09-09T01:50:06.168Z,,,Pointer / metadata review,Inspect the corroborated file and official pointer separately. Resolve missing or conflicting metadata and multiple file candidates before promoting.,file-evidence.csv,360039
361311,HARRISON COMMUNITY HOSPITAL,OH,pointer-lists-no-mrf-url,identity-or-format-review,host returned pointer,entries retrieved,unresolved,response received,unverified,https://wvumedicine.org/cms-hpt.txt,,,,,2026-09-09T01:45:57.514Z,,,Identity / parser review,"Compare the file header with roster name, address and license state. Inspect archive contents or metadata beyond the capped header if extraction is incomplete.",file-evidence.csv,361311
364048,HAVEN BEHAVIORAL HOSPITAL OF DAYTON,OH,mrf-url-unreachable,identity-or-format-review,host returned pointer,entries retrieved,unresolved,response received,unverified,https://oceanshealthcare.com/cms-hpt.txt,,,,,2026-09-09T01:44:24.181Z,,,Identity / parser review,"Compare the file header with roster name, address and license state. Inspect archive contents or metadata beyond the capped header if extraction is incomplete.",file-evidence.csv,364048
361309,"HENRY COUNTY HOSPITAL, INC",OH,old-template-version,publisher-template-review,host returned pointer,entries retrieved,corroborated,response received,date-within-365-days-older-version,https://www.henrycountyhospital.org/cms-hpt.txt,https://www.henrycountyhospital.org/documents/344477047_henry-county-hospital_standardcharges.csv,2025-12-29,2.0.0,https://www.henrycountyhospital.org/,2026-09-09T01:50:06.549Z,,,Publisher metadata review,Review the draft against the saved header and current CMS data dictionary; request the current file or clarification.,file-evidence.csv,361309
360098,LAKE HEALTH,OH,not-assessed-not-named-in-file,identity-or-format-review,host returned pointer,entries retrieved,unresolved,response received,unverified,https://lakehealth.org/cms-hpt.txt,,,,,2026-09-09T01:45:58.162Z,,,Identity / parser review,"Compare the file header with roster name, address and license state. Inspect archive contents or metadata beyond the capped header if extraction is incomplete.",file-evidence.csv,360098
360218,LICKING MEMORIAL HOSPITAL,OH,old-template-version,publisher-template-review,host returned pointer,entries retrieved,corroborated,response received,date-within-365-days-older-version,https://lmhealth.org/cms-hpt.txt,https://www.lmhealth.org/LMHealth.org/media/314379519_licking-memorial-hospital_standardcharges.zip,2026-03-16,2.0.0,https://www.lmhealth.org/Patients-Visitors/Before-You-Arrive/Patient-Pricing,2026-09-09T01:50:06.795Z,,,Publisher metadata review,Review the draft against the saved header and current CMS data dictionary; request the current file or clarification.,file-evidence.csv,360218
360189,MADISON HEALTH,OH,no-cms-hpt-txt-published,metadata-or-pointer-review,HTTP 200,not retrieved,unresolved,response received,unverified,,,,,,2026-09-09T01:45:58.087Z,,,Pointer / metadata review,Inspect the corroborated file and official pointer separately. Resolve missing or conflicting metadata and multiple file candidates before promoting.,file-evidence.csv,360189
360143,MARYMOUNT HOSPITAL,OH,compliant-date-unverified,file-access-review,host returned pointer,entries retrieved,unresolved,unresolved,unverified,https://my.clevelandclinic.org/cms-hpt.txt,,,,,2026-09-09T01:43:18.511Z,,,Browser file retrieval,"Open the pointer-declared file in a browser. Record the final URL, status and download evidence. A failed automated request alone does not establish that the file is unavailable.",file-evidence.csv,360143
360091,MEDINA HOSPITAL,OH,compliant-date-unverified,file-access-review,host returned pointer,entries retrieved,unresolved,unresolved,unverified,https://my.clevelandclinic.org/cms-hpt.txt,,,,,2026-09-09T01:43:18.511Z,,,Browser file retrieval,"Open the pointer-declared file in a browser. Record the final URL, status and download evidence. A failed automated request alone does not establish that the file is unavailable.",file-evidence.csv,360091
360041,PARMA COMMUNITY GENERAL HOSPITAL,OH,not-assessed-not-named-in-file,identity-or-format-review,host returned pointer,entries retrieved,unresolved,response received,unverified,https://www.uhhospitals.org/cms-hpt.txt,,,,,2026-09-09T01:45:58.596Z,,,Identity / parser review,"Compare the file header with roster name, address and license state. Inspect archive contents or metadata beyond the capped header if extraction is incomplete.",file-evidence.csv,360041
360008,SOUTHERN OHIO MEDICAL CENTER,OH,mrf-url-unreachable,pointer-or-domain-review,HTTP 403,not retrieved,unresolved,unresolved,unverified,,,,,,2026-09-09T01:45:57.723Z,,,Browser / official-domain review,Open the recorded pointer and official homepage in a browser. Follow the official pricing page; record redirects and exact response. Verify a replacement domain against first-party facility identity before assigning it.,file-evidence.csv,360008
360155,SOUTHWEST GENERAL HEALTH CENTER,OH,compliant-date-unverified,file-access-review,host returned pointer,entries retrieved,unresolved,unresolved,unverified,https://www.swgeneral.com/cms-hpt.txt,,,,,2026-09-09T01:45:58.308Z,,,Browser file retrieval,"Open the pointer-declared file in a browser. Record the final URL, status and download evidence. A failed automated request alone does not establish that the file is unavailable.",file-evidence.csv,360155
360352,SURGICAL HOSPITAL AT SOUTHWOODS,OH,compliant-date-unverified,identity-or-format-review,host returned pointer,entries retrieved,unresolved,response received,unverified,https://www.southwoodshealth.com/cms-hpt.txt,,,,,2026-09-09T01:45:57.880Z,,,Identity / parser review,"Compare the file header with roster name, address and license state. Inspect archive contents or metadata beyond the capped header if extraction is incomplete.",file-evidence.csv,360352
360075,UH REGIONAL HOSPITALS,OH,not-assessed-not-named-in-file,identity-or-format-review,host returned pointer,entries retrieved,unresolved,response received,unverified,https://www.uhhospitals.org/cms-hpt.txt,,,,,2026-09-09T01:45:58.596Z,,,Identity / parser review,"Compare the file header with roster name, address and license state. Inspect archive contents or metadata beyond the capped header if extraction is incomplete.",file-evidence.csv,360075
361307,UHHS MEMORIAL HOSPITAL OF GENEVA,OH,not-assessed-not-named-in-file,identity-or-format-review,host returned pointer,entries retrieved,unresolved,response received,unverified,https://www.uhhospitals.org/cms-hpt.txt,,,,,2026-09-09T01:45:58.596Z,,,Identity / parser review,"Compare the file header with roster name, address and license state. Inspect archive contents or metadata beyond the capped header if extraction is incomplete.",file-evidence.csv,361307
360013,WILSON MEMORIAL HOSPITAL,OH,old-template-version,identity-or-format-review,host returned pointer,entries retrieved,unresolved,response received,unverified,https://www.wilsonhealth.org/cms-hpt.txt,,,,,2026-09-09T01:45:58.054Z,,,Identity / parser review,"Compare the file header with roster name, address and license state. Inspect archive contents or metadata beyond the capped header if extraction is incomplete.",file-evidence.csv,360013
360029,WOOD COUNTY HOSPITAL,OH,mrf-stale-over-365-days,publisher-date-review,host returned pointer,entries retrieved,corroborated,response received,date-over-365-days,https://www.woodcountyhospital.org/cms-hpt.txt,https://www.woodcountyhospital.org/media/0x5fw0tn/344440884_wood-county_standardcharges.csv,2024-06-30,2.0.0,https://www.woodcountyhospital.org/patients-visitors/billing-and-insurance/services-pricing/,2026-09-09T01:50:07.315Z,,,Publisher date review,Review the draft against the saved declared date; request the current file or clarification.,file-evidence.csv,360029
361329,WYANDOT MEMORIAL HOSPITAL,OH,mrf-stale-over-365-days,publisher-date-review,host returned pointer,entries retrieved,corroborated,response received,date-over-365-days,https://wyandotmemorial.org/cms-hpt.txt,https://www.wyandotmemorial.org/wp-content/uploads/2025/04/WMH-MRF-PT-4.8-4-increased.csv,2024-12-31,2.0.0,https://www.wyandotmemorial.org/pricing/,2026-09-09T01:50:07.412Z,,,Publisher date review,Review the draft against the saved declared date; request the current file or clarification.,file-evidence.csv,361329
371328,ARBUCKLE MEMORIAL HOSPITAL AUTHORITY,OK,compliant-date-unverified,identity-or-format-review,host returned pointer,entries retrieved,unresolved,response received,unverified,https://arbucklehospital.com/cms-hpt.txt,,,,,2026-09-09T01:45:58.203Z,,,Identity / parser review,"Compare the file header with roster name, address and license state. Inspect archive contents or metadata beyond the capped header if extraction is incomplete.",file-evidence.csv,371328
371322,BEAVER COUNTY MEMORIAL HOSPITAL,OK,not-assessed-site-unreachable,pointer-or-domain-review,HTTP 202,not retrieved,unresolved,unresolved,unverified,,,,,,2026-09-09T01:45:58.448Z,,,Browser / official-domain review,Open the recorded pointer and official homepage in a browser. Follow the official pricing page; record redirects and exact response. Verify a replacement domain against first-party facility identity before assigning it.,file-evidence.csv,371322
371307,CIMARRON MEMORIAL HOSPITAL,OK,compliant-date-unverified,identity-or-format-review,host returned pointer,entries retrieved,unresolved,response received,unverified,https://cmhok.com/cms-hpt.txt,,,,,2026-09-09T01:45:58.182Z,,,Identity / parser review,"Compare the file header with roster name, address and license state. Inspect archive contents or metadata beyond the capped header if extraction is incomplete.",file-evidence.csv,371307
371320,CLEVELAND AREA HOSPITAL,OK,mrf-stale-over-365-days,publisher-date-review,host returned pointer,entries retrieved,corroborated,response received,date-over-365-days,https://f01f54e7-88bc-4da1-b172-3386a48f3183.usrfiles.com/ugd/f01f54_5b7c18cab1b84eb5b51ddd5342367a52.txt,https://www.clevelandareahospital.com/_files/ugd/f01f54_5b69ac08fe9841c9a70139a0ce50a4ca.csv?dn=263778478_cleveland-area-hospital_standardcharges.csv,2025-03-04,2.0.0,https://www.clevelandareahospital.com/hospital-pricing,2026-09-09T01:50:07.458Z,,,Publisher date review,Review the draft against the saved declared date; request the current file or clarification.,file-evidence.csv,371320
370203,"COMMUNITY HOSPITAL, LLC",OK,pointer-blocked-to-automation,pointer-or-domain-review,HTTP 403,not retrieved,unresolved,unresolved,unverified,,,,,,2026-09-09T01:45:58.231Z,,,Browser / official-domain review,Open the recorded pointer and official homepage in a browser. Follow the official pricing page; record redirects and exact response. Verify a replacement domain against first-party facility identity before assigning it.,file-evidence.csv,370203
370006,INTEGRIS HEALTH PONCA CITY,OK,pointer-blocked-to-automation,pointer-or-domain-review,"HTTP write EPROTO 20020000:error:0A000438:SSL routines:ssl3_read_bytes:tlsv1 alert internal error:openssl\ssl\record\rec_layer_s3.c:918:SSL alert number 80
",not retrieved,unresolved,unresolved,unverified,,,,,,2026-09-09T01:45:58.315Z,,,Browser / official-domain review,Open the recorded pointer and official homepage in a browser. Follow the official pricing page; record redirects and exact response. Verify a replacement domain against first-party facility identity before assigning it.,file-evidence.csv,370006
370002,Integris Health Woodward Hospital,OK,pointer-blocked-to-automation,pointer-or-domain-review,HTTP 403,not retrieved,unresolved,unresolved,unverified,,,,,,2026-09-09T01:45:58.376Z,,,Browser / official-domain review,Open the recorded pointer and official homepage in a browser. Follow the official pricing page; record redirects and exact response. Verify a replacement domain against first-party facility identity before assigning it.,file-evidence.csv,370002
370199,"LAKESIDE WOMEN'S HOSPITAL, A MEMBER OF INTEGRIS HE",OK,pointer-blocked-to-automation,pointer-or-domain-review,HTTP 403,not retrieved,unresolved,unresolved,unverified,,,,,,2026-09-09T01:45:58.420Z,,,Browser / official-domain review,Open the recorded pointer and official homepage in a browser. Follow the official pricing page; record redirects and exact response. Verify a replacement domain against first-party facility identity before assigning it.,file-evidence.csv,370199
370222,MCBRIDE ORTHOPEDIC HOSPITAL,OK,compliant-date-unverified,identity-or-format-review,host returned pointer,entries retrieved,unresolved,response received,unverified,https://mcboh.com/cms-hpt.txt,,,,,2026-09-09T01:45:58.599Z,,,Identity / parser review,"Compare the file header with roster name, address and license state. Inspect archive contents or metadata beyond the capped header if extraction is incomplete.",file-evidence.csv,370222
370008,NORMAN REGIONAL,OK,old-template-version,publisher-template-review,host returned pointer,entries retrieved,corroborated,response received,date-within-365-days-older-version,https://www.normanregional.com/cms-hpt.txt,https://www.normanregional.com/documents/736048282_norman-regional-health-system_standardcharges.csv,2026-01-01,2.2.0,https://www.normanregional.com/patients-visitors/price-transparency/,2026-09-09T01:50:07.625Z,,,Publisher metadata review,Review the draft against the saved header and current CMS data dictionary; request the current file or clarification.,file-evidence.csv,370008
370093,O U MEDICAL CENTER,OK,not-assessed-not-named-in-file,identity-or-format-review,host returned pointer,entries retrieved,unresolved,response received,unverified,https://www.ouhealth.com/cms-hpt.txt,,,,,2026-09-09T01:45:59.604Z,,,Identity / parser review,"Compare the file header with roster name, address and license state. Inspect archive contents or metadata beyond the capped header if extraction is incomplete.",file-evidence.csv,370093
370083,PUSHMATAHA HOSPITAL,OK,mrf-stale-over-365-days,publisher-date-review,host returned pointer,entries retrieved,corroborated,response received,date-over-365-days,https://pushmatahahospital.com/cms-hpt.txt,https://pushmatahahospital.com/images/docs/736069650_pushmataha-county---city-of-antlers-hospital-authority_standardcharges.csv,2024-10-03,2.0.0,https://pushmatahahospital.com/index.php/component/sppagebuilder/?view=page&id=74,2026-09-09T01:49:08.803Z,,,Publisher date review,Review the draft against the saved declared date; request the current file or clarification.,file-evidence.csv,370083
370097,SOUTHWESTERN MEDICAL CENTER,OK,not-assessed-site-unreachable,pointer-or-domain-review,HTTP Hostname/IP does not match certificate's altnames: Host: swmconline.com. is not in the cert's altnames: DNS:*.adobeaemcloud.com,not retrieved,unresolved,unresolved,unverified,,,,,,2026-09-09T01:45:58.440Z,,,Browser / official-domain review,Open the recorded pointer and official homepage in a browser. Follow the official pricing page; record redirects and exact response. Verify a replacement domain against first-party facility identity before assigning it.,file-evidence.csv,370097
370201,SURGICAL HOSPITAL OF OKLAHOMA,OK,not-assessed-not-named-in-file,identity-or-format-review,host returned pointer,entries retrieved,unresolved,response received,unverified,https://surgicalhospitalok.net/cms-hpt.txt,,,,,2026-09-09T01:45:59.066Z,,,Identity / parser review,"Compare the file header with roster name, address and license state. Inspect archive contents or metadata beyond the capped header if extraction is incomplete.",file-evidence.csv,370201
371314,THE PHYSICIANS' HOSPITAL IN ANADARKO,OK,not-assessed-site-unreachable,pointer-or-domain-review,HTTP getaddrinfo ENOTFOUND anadarkohospital.com,not retrieved,unresolved,unresolved,unverified,,,,,,2026-09-09T01:45:58.702Z,,,Browser / official-domain review,Open the recorded pointer and official homepage in a browser. Follow the official pricing page; record redirects and exact response. Verify a replacement domain against first-party facility identity before assigning it.,file-evidence.csv,371314
381317,ADVENTIST HEALTH TILLAMOOK,OR,not-assessed-not-named-in-file,identity-or-format-review,host returned pointer,entries retrieved,unresolved,response received,unverified,https://www.adventisthealth.org/cms-hpt.txt,,,,,2026-09-09T01:42:44.034Z,,,Identity / parser review,"Compare the file header with roster name, address and license state. Inspect archive contents or metadata beyond the capped header if extraction is incomplete.",file-evidence.csv,381317
380005,ASANTE ASHLAND COMMUNITY HOSPITAL,OR,mrf-blocked-to-automation,pointer-or-domain-review,HTTP 403,not retrieved,unresolved,unresolved,unverified,,,,,,2026-09-09T01:45:59.041Z,,,Browser / official-domain review,Open the recorded pointer and official homepage in a browser. Follow the official pricing page; record redirects and exact response. Verify a replacement domain against first-party facility identity before assigning it.,file-evidence.csv,380005
381321,GRANDE RONDE HOSPITAL,OR,mrf-url-unreachable,file-access-review,host returned pointer,entries retrieved,unresolved,unresolved,unverified,https://res.cloudinary.com/dpmykpsih/raw/upload/grande-ronde-2024-site-487/media/r/c2c54056abfc458fbae9748c1bb9db93/cms-hpt.txt,,,,,2026-09-09T01:46:00.147Z,,,Browser file retrieval,"Open the pointer-declared file in a browser. Record the final URL, status and download evidence. A failed automated request alone does not establish that the file is unavailable.",file-evidence.csv,381321
384008,OREGON STATE HOSPITAL DISTINCT PART,OR,not-assessed-site-unreachable,pointer-or-domain-review,HTTP request timeout,not retrieved,unresolved,unresolved,unverified,,,,,,2026-09-09T01:46:00.249Z,,,Browser / official-domain review,Open the recorded pointer and official homepage in a browser. Follow the official pricing page; record redirects and exact response. Verify a replacement domain against first-party facility identity before assigning it.,file-evidence.csv,384008
381316,PEACE HARBOR MEDICAL CENTER,OR,pointer-blocked-to-automation,pointer-or-domain-review,HTTP request timeout,not retrieved,unresolved,unresolved,unverified,,,,,,2026-09-09T01:42:05.446Z,,,Browser / official-domain review,Open the recorded pointer and official homepage in a browser. Follow the official pricing page; record redirects and exact response. Verify a replacement domain against first-party facility identity before assigning it.,file-evidence.csv,381316
381301,PEACEHEALTH COTTAGE GROVE COMMUNITY MEDICAL CENTER,OR,pointer-blocked-to-automation,pointer-or-domain-review,HTTP request timeout,not retrieved,unresolved,unresolved,unverified,,,,,,2026-09-09T01:42:05.446Z,,,Browser / official-domain review,Open the recorded pointer and official homepage in a browser. Follow the official pricing page; record redirects and exact response. Verify a replacement domain against first-party facility identity before assigning it.,file-evidence.csv,381301
380102,SACRED HEART MEDICAL CENTER - RIVERBEND,OR,pointer-blocked-to-automation,pointer-or-domain-review,HTTP request timeout,not retrieved,unresolved,unresolved,unverified,,,,,,2026-09-09T01:42:05.446Z,,,Browser / official-domain review,Open the recorded pointer and official homepage in a browser. Follow the official pricing page; record redirects and exact response. Verify a replacement domain against first-party facility identity before assigning it.,file-evidence.csv,380102
380022,SAMARITAN ALBANY GENERAL HOSPITAL,OR,compliant-date-unverified,file-access-review,host returned pointer,entries retrieved,unresolved,unresolved,unverified,https://samhealth.org/cms-hpt.txt,,,,,2026-09-09T01:45:58.853Z,,,Browser file retrieval,"Open the pointer-declared file in a browser. Record the final URL, status and download evidence. A failed automated request alone does not establish that the file is unavailable.",file-evidence.csv,380022
391309,BARNES-KASSON COUNTY HOSPITAL,PA,not-assessed-site-unreachable,pointer-or-domain-review,HTTP request deadline exceeded,not retrieved,unresolved,unresolved,unverified,,,,,,2026-09-09T01:46:08.708Z,,,Browser / official-domain review,Open the recorded pointer and official homepage in a browser. Follow the official pricing page; record redirects and exact response. Verify a replacement domain against first-party facility identity before assigning it.,file-evidence.csv,391309
394049,BROOKE GLEN BEHAVIORAL HOSPITAL,PA,pointer-blocked-to-automation,pointer-or-domain-review,HTTP 403,not retrieved,unresolved,unresolved,unverified,,,,,,2026-09-09T01:45:58.843Z,,,Browser / official-domain review,Open the recorded pointer and official homepage in a browser. Follow the official pricing page; record redirects and exact response. Verify a replacement domain against first-party facility identity before assigning it.,file-evidence.csv,394049
391304,BUCKTAIL MEDICAL CENTER,PA,compliant-date-unverified,file-access-review,host returned pointer,entries retrieved,unresolved,unresolved,unverified,https://bucktailmedicalcenter.org/cms-hpt.txt,,,,,2026-09-09T01:45:59.054Z,,,Browser file retrieval,"Open the pointer-declared file in a browser. Record the final URL, status and download evidence. A failed automated request alone does not establish that the file is unavailable.",file-evidence.csv,391304
393304,CHILDREN'S HOME OF PITTSBURGH,PA,old-template-version,publisher-template-review,host returned pointer,entries retrieved,corroborated,response received,date-within-365-days-older-version,https://childrenshomepgh.org/cms-hpt.txt,https://www.childrenshomepgh.org/pricetransparency/250965292_the-children's-home-of-pittsburgh_standardcharges.csv,2025-11-21,2.0.0,https://www.childrenshomepgh.org/price-transparency/,2026-09-09T01:50:08.405Z,,,Publisher metadata review,Review the draft against the saved header and current CMS data dictionary; request the current file or clarification.,file-evidence.csv,393304
394043,CLARION PSYCHIATRIC CENTER,PA,pointer-blocked-to-automation,pointer-or-domain-review,HTTP 403,not retrieved,unresolved,unresolved,unverified,,,,,,2026-09-09T01:45:58.954Z,,,Browser / official-domain review,Open the recorded pointer and official homepage in a browser. Follow the official pricing page; record redirects and exact response. Verify a replacement domain against first-party facility identity before assigning it.,file-evidence.csv,394043
390180,CROZER CHESTER MEDICAL CENTER,PA,no-cms-hpt-txt-published,pointer-or-domain-review,HTTP 200,not retrieved,unresolved,unresolved,unverified,,,,,,2026-09-09T01:45:59.061Z,,,Browser / official-domain review,Open the recorded pointer and official homepage in a browser. Follow the official pricing page; record redirects and exact response. Verify a replacement domain against first-party facility identity before assigning it.,file-evidence.csv,390180
390278,EAGLEVILLE HOSPITAL,PA,no-cms-hpt-txt-published,pointer-or-domain-review,HTTP 200,not retrieved,unresolved,unresolved,unverified,,,,,,2026-09-09T01:45:59.095Z,,,Browser / official-domain review,Open the recorded pointer and official homepage in a browser. Follow the official pricing page; record redirects and exact response. Verify a replacement domain against first-party facility identity before assigning it.,file-evidence.csv,390278
390307,EDGEWOOD SURGICAL HOSPITAL,PA,no-cms-hpt-txt-published,pointer-or-domain-review,HTTP 200,not retrieved,unresolved,unresolved,unverified,,,,,,2026-09-09T01:46:00.092Z,,,Browser / official-domain review,Open the recorded pointer and official homepage in a browser. Follow the official pricing page; record redirects and exact response. Verify a replacement domain against first-party facility identity before assigning it.,file-evidence.csv,390307
391306,ENDLESS MOUNTAINS HEALTH SYSTEMS,PA,no-cms-hpt-txt-published,metadata-or-pointer-review,HTTP 200,not retrieved,unresolved,response received,unverified,,,,,,2026-09-09T01:45:59.616Z,,,Pointer / metadata review,Inspect the corroborated file and official pointer separately. Resolve missing or conflicting metadata and multiple file candidates before promoting.,file-evidence.csv,391306
390219,EXCELA HEALTH LATROBE HOSPITAL,PA,not-assessed-not-named-in-file,identity-or-format-review,host returned pointer,entries retrieved,unresolved,response received,unverified,https://www.excelahealth.org/cms-hpt.txt,,,,,2026-09-09T01:45:59.912Z,,,Identity / parser review,"Compare the file header with roster name, address and license state. Inspect archive contents or metadata beyond the capped header if extraction is incomplete.",file-evidence.csv,390219
394027,FAIRMOUNT BEHAVIORAL HEALTH SYSTEM,PA,pointer-blocked-to-automation,pointer-or-domain-review,HTTP 403,not retrieved,unresolved,unresolved,unverified,,,,,,2026-09-09T01:45:59.214Z,,,Browser / official-domain review,Open the recorded pointer and official homepage in a browser. Follow the official pricing page; record redirects and exact response. Verify a replacement domain against first-party facility identity before assigning it.,file-evidence.csv,394027
391303,FULTON COUNTY MEDICAL CENTER,PA,old-template-version,publisher-template-review,host returned pointer,entries retrieved,corroborated,response received,date-within-365-days-older-version,https://www.fcmcpa.org/cms-hpt.txt,https://www.fcmcpa.org/docs/231401561_fulton-county-medical-center_standardcharges.csv,2026-03-12,2.0.0,https://www.fcmcpa.org/getpage.php?name=Pricing_Transparency,2026-09-09T01:50:09.229Z,,,Publisher metadata review,Review the draft against the saved header and current CMS data dictionary; request the current file or clarification.,file-evidence.csv,391303
390270,GEISINGER WYOMING VALLEY MEDICAL CENTER,PA,compliant-date-unverified,identity-or-format-review,host returned pointer,entries retrieved,unresolved,response received,unverified,https://www.geisinger.org/cms-hpt.txt,,,,,2026-09-09T01:45:59.504Z,,,Identity / parser review,"Compare the file header with roster name, address and license state. Inspect archive contents or metadata beyond the capped header if extraction is incomplete.",file-evidence.csv,390270
394052,HAVEN BEHAVIORAL HOSPITAL OF EASTERN PENNSYLVANIA,PA,mrf-stale-over-365-days,identity-or-format-review,HTTP 200,not retrieved,unresolved,response received,unverified,,,,,,2026-09-09T01:45:59.253Z,,,Identity / parser review,"Compare the file header with roster name, address and license state. Inspect archive contents or metadata beyond the capped header if extraction is incomplete.",file-evidence.csv,394052
394034,HORSHAM CLINIC,PA,pointer-blocked-to-automation,pointer-or-domain-review,HTTP 403,not retrieved,unresolved,unresolved,unverified,,,,,,2026-09-09T01:45:59.393Z,,,Browser / official-domain review,Open the recorded pointer and official homepage in a browser. Follow the official pricing page; record redirects and exact response. Verify a replacement domain against first-party facility identity before assigning it.,file-evidence.csv,394034
390168,INDEPENDENCE HEALTH SYSTEM BUTLER MEMORIAL HOSPITA,PA,not-assessed-not-named-in-file,identity-or-format-review,host returned pointer,entries retrieved,unresolved,response received,unverified,https://www.butlerhealthsystem.org/cms-hpt.txt,,,,,2026-09-09T01:46:00.543Z,,,Identity / parser review,"Compare the file header with roster name, address and license state. Inspect archive contents or metadata beyond the capped header if extraction is incomplete.",file-evidence.csv,390168
390093,INDEPENDENCE HEALTH SYSTEM CLARION HOSPITAL,PA,not-assessed-not-named-in-file,identity-or-format-review,host returned pointer,entries retrieved,unresolved,response received,unverified,https://www.butlerhealthsystem.org/cms-hpt.txt,,,,,2026-09-09T01:46:00.543Z,,,Identity / parser review,"Compare the file header with roster name, address and license state. Inspect archive contents or metadata beyond the capped header if extraction is incomplete.",file-evidence.csv,390093
394057,MALVERN BEHAVIORAL HEALTH,PA,no-cms-hpt-txt-published,pointer-or-domain-review,HTTP 200,not retrieved,unresolved,unresolved,unverified,,,,,,2026-09-09T01:46:00.118Z,,,Browser / official-domain review,Open the recorded pointer and official homepage in a browser. Follow the official pricing page; record redirects and exact response. Verify a replacement domain against first-party facility identity before assigning it.,file-evidence.csv,394057
394040,MEADOWS PSYCHIATRIC CENTER,PA,pointer-blocked-to-automation,pointer-or-domain-review,HTTP 403,not retrieved,unresolved,unresolved,unverified,,,,,,2026-09-09T01:45:59.629Z,,,Browser / official-domain review,Open the recorded pointer and official homepage in a browser. Follow the official pricing page; record redirects and exact response. Verify a replacement domain against first-party facility identity before assigning it.,file-evidence.csv,394040
390325,OSS ORTHOPAEDIC HOSPITAL,PA,compliant-date-unverified,identity-or-format-review,host returned pointer,entries retrieved,unresolved,response received,unverified,https://osshealth.com/cms-hpt.txt,,,,,2026-09-09T01:45:59.623Z,,,Identity / parser review,"Compare the file header with roster name, address and license state. Inspect archive contents or metadata beyond the capped header if extraction is incomplete.",file-evidence.csv,390325
391312,PENN HIGHLANDS BROOKVILLE,PA,mrf-blocked-to-automation,file-access-review,host returned pointer,entries retrieved,unresolved,unresolved,unverified,https://www.phhealthcare.org/cms-hpt.txt,,,,,2026-09-09T01:46:00.122Z,,,Browser file retrieval,"Open the pointer-declared file in a browser. Record the final URL, status and download evidence. A failed automated request alone does not establish that the file is unavailable.",file-evidence.csv,391312
390184,PENN HIGHLANDS CONNELLSVILLE,PA,mrf-blocked-to-automation,file-access-review,host returned pointer,entries retrieved,unresolved,unresolved,unverified,https://www.phhealthcare.org/cms-hpt.txt,,,,,2026-09-09T01:46:00.125Z,,,Browser file retrieval,"Open the pointer-declared file in a browser. Record the final URL, status and download evidence. A failed automated request alone does not establish that the file is unavailable.",file-evidence.csv,390184
390086,PENN HIGHLANDS DUBOIS,PA,mrf-blocked-to-automation,file-access-review,host returned pointer,entries retrieved,unresolved,unresolved,unverified,https://www.phhealthcare.org/cms-hpt.txt,,,,,2026-09-09T01:46:00.122Z,,,Browser file retrieval,"Open the pointer-declared file in a browser. Record the final URL, status and download evidence. A failed automated request alone does not establish that the file is unavailable.",file-evidence.csv,390086
391315,PENN HIGHLANDS ELK,PA,mrf-blocked-to-automation,file-access-review,host returned pointer,entries retrieved,unresolved,unresolved,unverified,https://www.phhealthcare.org/cms-hpt.txt,,,,,2026-09-09T01:46:00.122Z,,,Browser file retrieval,"Open the pointer-declared file in a browser. Record the final URL, status and download evidence. A failed automated request alone does not establish that the file is unavailable.",file-evidence.csv,391315
390056,PENN HIGHLANDS HUNTINGDON,PA,mrf-blocked-to-automation,file-access-review,host returned pointer,entries retrieved,unresolved,unresolved,unverified,https://www.phhealthcare.org/cms-hpt.txt,,,,,2026-09-09T01:46:00.122Z,,,Browser file retrieval,"Open the pointer-declared file in a browser. Record the final URL, status and download evidence. A failed automated request alone does not establish that the file is unavailable.",file-evidence.csv,390056
390147,PENN HIGHLANDS MON VALLEY,PA,mrf-blocked-to-automation,file-access-review,host returned pointer,entries retrieved,unresolved,unresolved,unverified,https://www.phhealthcare.org/cms-hpt.txt,,,,,2026-09-09T01:46:00.038Z,,,Browser file retrieval,"Open the pointer-declared file in a browser. Record the final URL, status and download evidence. A failed automated request alone does not establish that the file is unavailable.",file-evidence.csv,390147
391307,PENN HIGHLANDS TYRONE,PA,mrf-blocked-to-automation,file-access-review,host returned pointer,entries retrieved,unresolved,unresolved,unverified,https://www.phhealthcare.org/cms-hpt.txt,,,,,2026-09-09T01:46:00.122Z,,,Browser file retrieval,"Open the pointer-declared file in a browser. Record the final URL, status and download evidence. A failed automated request alone does not establish that the file is unavailable.",file-evidence.csv,391307
390237,REGIONAL HOSPITAL OF SCRANTON,PA,no-cms-hpt-txt-published,pointer-or-domain-review,HTTP 200,not retrieved,unresolved,unresolved,unverified,,,,,,2026-09-09T01:46:01.114Z,,,Browser / official-domain review,Open the recorded pointer and official homepage in a browser. Follow the official pricing page; record redirects and exact response. Verify a replacement domain against first-party facility identity before assigning it.,file-evidence.csv,390237
394050,ROXBURY TREATMENT CENTER,PA,pointer-blocked-to-automation,pointer-or-domain-review,HTTP 403,not retrieved,unresolved,unresolved,unverified,,,,,,2026-09-09T01:46:00.171Z,,,Browser / official-domain review,Open the recorded pointer and official homepage in a browser. Follow the official pricing page; record redirects and exact response. Verify a replacement domain against first-party facility identity before assigning it.,file-evidence.csv,394050
390030,SCHUYLKILL MEDICAL CENTER - SOUTH JACKSON STREET,PA,not-assessed-not-named-in-file,pointer-or-domain-review,HTTP 200,not retrieved,unresolved,unresolved,unverified,,,,,,2026-09-09T01:46:10.495Z,,,Browser / official-domain review,Open the recorded pointer and official homepage in a browser. Follow the official pricing page; record redirects and exact response. Verify a replacement domain against first-party facility identity before assigning it.,file-evidence.csv,390030
390211,SHARON REGIONAL MEDICAL CENTER,PA,no-cms-hpt-txt-published,pointer-or-domain-review,HTTP request timeout,not retrieved,unresolved,unresolved,unverified,,,,,,2026-09-09T01:46:00.309Z,,,Browser / official-domain review,Open the recorded pointer and official homepage in a browser. Follow the official pricing page; record redirects and exact response. Verify a replacement domain against first-party facility identity before assigning it.,file-evidence.csv,390211
390116,SUBURBAN COMMUNITY HOSPITAL,PA,not-assessed-not-named-in-file,identity-or-format-review,host returned pointer,entries retrieved,unresolved,response received,unverified,https://suburbanhosp.org/cms-hpt.txt,,,,,2026-09-09T01:46:00.467Z,,,Identity / parser review,"Compare the file header with roster name, address and license state. Inspect archive contents or metadata beyond the capped header if extraction is incomplete.",file-evidence.csv,390116
390316,SURGICAL INSTITUTE OF READING,PA,pointer-blocked-to-automation,pointer-or-domain-review,HTTP request timeout,not retrieved,unresolved,unresolved,unverified,,,,,,2026-09-09T01:46:00.320Z,,,Browser / official-domain review,Open the recorded pointer and official homepage in a browser. Follow the official pricing page; record redirects and exact response. Verify a replacement domain against first-party facility identity before assigning it.,file-evidence.csv,390316
390272,VALLEY FORGE MEDICAL CENTER,PA,old-template-version,identity-or-format-review,HTTP 200,entries retrieved,unresolved,response received,unverified,https://cdn.prod.website-files.com/6684743004f3e45bc8afff2e/693883d6049ac7d72bb67020_cms-hpt.txt,,,,,2026-09-09T01:46:10.482Z,,,Identity / parser review,"Compare the file header with roster name, address and license state. Inspect archive contents or metadata beyond the capped header if extraction is incomplete.",file-evidence.csv,390272
390146,WARREN GENERAL HOSPITAL,PA,mrf-url-unreachable,metadata-or-pointer-review,HTTP 200,not retrieved,unresolved,response received,unverified,,,,,,2026-09-09T01:46:10.486Z,,,Pointer / metadata review,Inspect the corroborated file and official pointer separately. Resolve missing or conflicting metadata and multiple file candidates before promoting.,file-evidence.csv,390146
390125,WAYNE MEMORIAL HOSPITAL,PA,old-template-version,metadata-or-pointer-review,HTTP 200,not retrieved,unresolved,response received,unverified,,,,,,2026-09-09T01:46:11.218Z,,,Pointer / metadata review,Inspect the corroborated file and official pointer separately. Resolve missing or conflicting metadata and multiple file candidates before promoting.,file-evidence.csv,390125
390137,WILKES-BARRE GENERAL HOSPITAL,PA,no-cms-hpt-txt-published,pointer-or-domain-review,HTTP 200,not retrieved,unresolved,unresolved,unverified,,,,,,2026-09-09T01:46:01.114Z,,,Browser / official-domain review,Open the recorded pointer and official homepage in a browser. Follow the official pricing page; record redirects and exact response. Verify a replacement domain against first-party facility identity before assigning it.,file-evidence.csv,390137
400132,DOCTORS CENTER HOSPITAL  CAROLINA LLC,PR,compliant-date-unverified,identity-or-format-review,HTTP 200,not retrieved,unresolved,response received,unverified,,,,,,2026-09-09T01:46:10.467Z,,,Identity / parser review,"Compare the file header with roster name, address and license state. Inspect archive contents or metadata beyond the capped header if extraction is incomplete.",file-evidence.csv,400132
400102,DOCTORS' CENTER BAYAMON,PR,not-assessed-not-named-in-file,pointer-or-domain-review,HTTP 200,not retrieved,unresolved,unresolved,unverified,,,,,,2026-09-09T01:46:10.467Z,,,Browser / official-domain review,Open the recorded pointer and official homepage in a browser. Follow the official pricing page; record redirects and exact response. Verify a replacement domain against first-party facility identity before assigning it.,file-evidence.csv,400102
400006,DOCTORS' CENTER HOSPITAL SAN JUAN,PR,compliant-date-unverified,identity-or-format-review,HTTP 200,not retrieved,unresolved,response received,unverified,,,,,,2026-09-09T01:46:10.467Z,,,Identity / parser review,"Compare the file header with roster name, address and license state. Inspect archive contents or metadata beyond the capped header if extraction is incomplete.",file-evidence.csv,400006
400118,"DOCTORS' CENTER HOSPITAL, INC",PR,compliant-date-unverified,identity-or-format-review,HTTP 200,not retrieved,unresolved,response received,unverified,,,,,,2026-09-09T01:46:10.467Z,,,Identity / parser review,"Compare the file header with roster name, address and license state. Inspect archive contents or metadata beyond the capped header if extraction is incomplete.",file-evidence.csv,400118
400117,HOSPITAL METROPOLITANO  DR SUSONI,PR,no-cms-hpt-txt-published,pointer-or-domain-review,HTTP 202,not retrieved,unresolved,unresolved,unverified,,,,,,2026-09-09T01:46:10.474Z,,,Browser / official-domain review,Open the recorded pointer and official homepage in a browser. Follow the official pricing page; record redirects and exact response. Verify a replacement domain against first-party facility identity before assigning it.,file-evidence.csv,400117
404007,HOSPITAL METROPOLITANO  PSIQUIATRICO DE CABO ROJO,PR,no-cms-hpt-txt-published,pointer-or-domain-review,HTTP 202,not retrieved,unresolved,unresolved,unverified,,,,,,2026-09-09T01:46:10.532Z,,,Browser / official-domain review,Open the recorded pointer and official homepage in a browser. Follow the official pricing page; record redirects and exact response. Verify a replacement domain against first-party facility identity before assigning it.,file-evidence.csv,404007
400130,HOSPITAL METROPOLITANO DE LA MONTANA,PR,no-cms-hpt-txt-published,pointer-or-domain-review,HTTP 202,not retrieved,unresolved,unresolved,unverified,,,,,,2026-09-09T01:46:10.552Z,,,Browser / official-domain review,Open the recorded pointer and official homepage in a browser. Follow the official pricing page; record redirects and exact response. Verify a replacement domain against first-party facility identity before assigning it.,file-evidence.csv,400130
400003,HOSPITAL METROPOLITANO DR PILA,PR,no-cms-hpt-txt-published,pointer-or-domain-review,HTTP 202,not retrieved,unresolved,unresolved,unverified,,,,,,2026-09-09T01:46:10.701Z,,,Browser / official-domain review,Open the recorded pointer and official homepage in a browser. Follow the official pricing page; record redirects and exact response. Verify a replacement domain against first-party facility identity before assigning it.,file-evidence.csv,400003
400128,"HOSPITAL PAVIA HATO REY, INC",PR,no-cms-hpt-txt-published,pointer-or-domain-review,HTTP 202,not retrieved,unresolved,unresolved,unverified,,,,,,2026-09-09T01:46:11.883Z,,,Browser / official-domain review,Open the recorded pointer and official homepage in a browser. Follow the official pricing page; record redirects and exact response. Verify a replacement domain against first-party facility identity before assigning it.,file-evidence.csv,400128
400019,HOSPITAL PAVIA SANTURCE,PR,no-cms-hpt-txt-published,pointer-or-domain-review,HTTP 202,not retrieved,unresolved,unresolved,unverified,,,,,,2026-09-09T01:46:11.883Z,,,Browser / official-domain review,Open the recorded pointer and official homepage in a browser. Follow the official pricing page; record redirects and exact response. Verify a replacement domain against first-party facility identity before assigning it.,file-evidence.csv,400019
400110,HOSPITAL PAVIA YAUCO,PR,no-cms-hpt-txt-published,pointer-or-domain-review,HTTP 202,not retrieved,unresolved,unresolved,unverified,,,,,,2026-09-09T01:46:11.864Z,,,Browser / official-domain review,Open the recorded pointer and official homepage in a browser. Follow the official pricing page; record redirects and exact response. Verify a replacement domain against first-party facility identity before assigning it.,file-evidence.csv,400110
400123,HOSPITAL PEREA,PR,no-cms-hpt-txt-published,pointer-or-domain-review,HTTP 202,not retrieved,unresolved,unresolved,unverified,,,,,,2026-09-09T01:46:11.887Z,,,Browser / official-domain review,Open the recorded pointer and official homepage in a browser. Follow the official pricing page; record redirects and exact response. Verify a replacement domain against first-party facility identity before assigning it.,file-evidence.csv,400123
400106,METROPOLITAN HOSPITAL,PR,no-cms-hpt-txt-published,pointer-or-domain-review,HTTP 202,not retrieved,unresolved,unresolved,unverified,,,,,,2026-09-09T01:46:11.890Z,,,Browser / official-domain review,Open the recorded pointer and official homepage in a browser. Follow the official pricing page; record redirects and exact response. Verify a replacement domain against first-party facility identity before assigning it.,file-evidence.csv,400106
400122,PROFESSIONAL HOSPITAL GUAYNABO INC,PR,mrf-url-unreachable,file-access-review,host returned pointer,entries retrieved,unresolved,unresolved,unverified,https://professionalhospital.net/cms-hpt.txt,,,,,2026-09-09T01:46:11.918Z,,,Browser file retrieval,"Open the pointer-declared file in a browser. Record the final URL, status and download evidence. A failed automated request alone does not establish that the file is unavailable.",file-evidence.csv,400122
420082,AIKEN REGIONAL MEDICAL CENTER,SC,pointer-blocked-to-automation,pointer-or-domain-review,HTTP 403,not retrieved,unresolved,unresolved,unverified,,,,,,2026-09-09T01:46:11.769Z,,,Browser / official-domain review,Open the recorded pointer and official homepage in a browser. Follow the official pricing page; record redirects and exact response. Verify a replacement domain against first-party facility identity before assigning it.,file-evidence.csv,420082
420010,CAROLINA PINES REGIONAL MEDICAL CENTER,SC,not-assessed-site-unreachable,pointer-or-domain-review,HTTP 406,not retrieved,unresolved,unresolved,unverified,,,,,,2026-09-09T01:46:11.965Z,,,Browser / official-domain review,Open the recorded pointer and official homepage in a browser. Follow the official pricing page; record redirects and exact response. Verify a replacement domain against first-party facility identity before assigning it.,file-evidence.csv,420010
420030,COLLETON MEDICAL CENTER,SC,mrf-stale-over-365-days,publisher-date-review,host returned pointer,entries retrieved,corroborated,response received,date-over-365-days,https://colletonmedical.com/cms-hpt.txt,https://core.secure.ehc.com/src/util/json-detail-price-list/57-0712623_colleton-medical-center_standardcharges.json,2024-10-01,2.2.0,https://colletonmedical.com/about/legal/pricing-transparency-cms-required-file-of-standard-charges.dot,2026-09-09T01:50:21.176Z,,,Publisher date review,Review the draft against the saved declared date; request the current file or clarification.,file-evidence.csv,420030
420072,HAMPTON REGIONAL MEDICAL CENTER,SC,mrf-url-unreachable,file-access-review,host returned pointer,entries retrieved,unresolved,unresolved,unverified,https://www.hamptonregional.org/cms-hpt.txt,,,,,2026-09-09T01:46:12.649Z,,,Browser file retrieval,"Open the pointer-declared file in a browser. Record the final URL, status and download evidence. A failed automated request alone does not establish that the file is unavailable.",file-evidence.csv,420072
420073,LEXINGTON MEDICAL CENTER,SC,no-cms-hpt-txt-published,metadata-or-pointer-review,HTTP 200,not retrieved,unresolved,response received,unverified,,,,,,2026-09-09T01:46:12.868Z,,,Pointer / metadata review,Inspect the corroborated file and official pointer separately. Resolve missing or conflicting metadata and multiple file candidates before promoting.,file-evidence.csv,420073
420051,MCLEOD REGIONAL MEDICAL CENTER-PEE DEE,SC,not-assessed-not-named-in-file,identity-or-format-review,host returned pointer,entries retrieved,unresolved,response received,unverified,https://www.mcleodhealth.org/cms-hpt.txt,,,,,2026-09-09T01:46:12.568Z,,,Identity / parser review,"Compare the file header with roster name, address and license state. Inspect archive contents or metadata beyond the capped header if extraction is incomplete.",file-evidence.csv,420051
420104,MOUNT PLEASANT HOSPITAL,SC,not-assessed-not-named-in-file,pointer-or-domain-review,HTTP 403,not retrieved,unresolved,unresolved,unverified,,,,,,2026-09-09T01:46:12.103Z,,,Browser / official-domain review,Open the recorded pointer and official homepage in a browser. Follow the official pricing page; record redirects and exact response. Verify a replacement domain against first-party facility identity before assigning it.,file-evidence.csv,420104
431332,AVERA DE SMET MEMORIAL HOSPITAL - CAH,SD,old-template-version,pointer-or-domain-review,HTTP 403,not retrieved,unresolved,unresolved,unverified,,,,,,2026-09-09T01:43:39.479Z,,,Browser / official-domain review,Open the recorded pointer and official homepage in a browser. Follow the official pricing page; record redirects and exact response. Verify a replacement domain against first-party facility identity before assigning it.,file-evidence.csv,431332
431331,AVERA DELLS AREA HOSPITAL  - CAH,SD,old-template-version,pointer-or-domain-review,HTTP 403,not retrieved,unresolved,unresolved,unverified,,,,,,2026-09-09T01:43:39.479Z,,,Browser / official-domain review,Open the recorded pointer and official homepage in a browser. Follow the official pricing page; record redirects and exact response. Verify a replacement domain against first-party facility identity before assigning it.,file-evidence.csv,431331
431310,AVERA FLANDREAU HOSPITAL - CAH,SD,old-template-version,pointer-or-domain-review,HTTP 403,not retrieved,unresolved,unresolved,unverified,,,,,,2026-09-09T01:43:39.479Z,,,Browser / official-domain review,Open the recorded pointer and official homepage in a browser. Follow the official pricing page; record redirects and exact response. Verify a replacement domain against first-party facility identity before assigning it.,file-evidence.csv,431310
431338,AVERA GREGORY HOSPITAL,SD,old-template-version,pointer-or-domain-review,HTTP 403,not retrieved,unresolved,unresolved,unverified,,,,,,2026-09-09T01:43:39.479Z,,,Browser / official-domain review,Open the recorded pointer and official homepage in a browser. Follow the official pricing page; record redirects and exact response. Verify a replacement domain against first-party facility identity before assigning it.,file-evidence.csv,431338
431337,AVERA HAND COUNTY MEMORIAL HOSPITAL AND CLINIC,SD,old-template-version,pointer-or-domain-review,HTTP 403,not retrieved,unresolved,unresolved,unverified,,,,,,2026-09-09T01:43:39.479Z,,,Browser / official-domain review,Open the recorded pointer and official homepage in a browser. Follow the official pricing page; record redirects and exact response. Verify a replacement domain against first-party facility identity before assigning it.,file-evidence.csv,431337
430095,AVERA HEART HOSPITAL OF SOUTH DAKOTA,SD,old-template-version,pointer-or-domain-review,HTTP 403,not retrieved,unresolved,unresolved,unverified,,,,,,2026-09-09T01:43:39.479Z,,,Browser / official-domain review,Open the recorded pointer and official homepage in a browser. Follow the official pricing page; record redirects and exact response. Verify a replacement domain against first-party facility identity before assigning it.,file-evidence.csv,430095
430016,AVERA MCKENNAN HOSPITAL & UNIVERSITY HEALTH CENTER,SD,old-template-version,pointer-or-domain-review,HTTP 403,not retrieved,unresolved,unresolved,unverified,,,,,,2026-09-09T01:43:39.479Z,,,Browser / official-domain review,Open the recorded pointer and official homepage in a browser. Follow the official pricing page; record redirects and exact response. Verify a replacement domain against first-party facility identity before assigning it.,file-evidence.csv,430016
431302,AVERA MISSOURI RIVER HEALTH CENTER,SD,old-template-version,pointer-or-domain-review,HTTP 403,not retrieved,unresolved,unresolved,unverified,,,,,,2026-09-09T01:43:39.479Z,,,Browser / official-domain review,Open the recorded pointer and official homepage in a browser. Follow the official pricing page; record redirects and exact response. Verify a replacement domain against first-party facility identity before assigning it.,file-evidence.csv,431302
431340,AVERA QUEEN OF PEACE,SD,old-template-version,pointer-or-domain-review,HTTP 403,not retrieved,unresolved,unresolved,unverified,,,,,,2026-09-09T01:43:39.479Z,,,Browser / official-domain review,Open the recorded pointer and official homepage in a browser. Follow the official pricing page; record redirects and exact response. Verify a replacement domain against first-party facility identity before assigning it.,file-evidence.csv,431340
430012,AVERA SACRED HEART HOSPITAL,SD,old-template-version,pointer-or-domain-review,HTTP 403,not retrieved,unresolved,unresolved,unverified,,,,,,2026-09-09T01:43:39.479Z,,,Browser / official-domain review,Open the recorded pointer and official homepage in a browser. Follow the official pricing page; record redirects and exact response. Verify a replacement domain against first-party facility identity before assigning it.,file-evidence.csv,430012
431330,AVERA ST BENEDICT HEALTH CENTER - CAH,SD,old-template-version,pointer-or-domain-review,HTTP 403,not retrieved,unresolved,unresolved,unverified,,,,,,2026-09-09T01:43:39.479Z,,,Browser / official-domain review,Open the recorded pointer and official homepage in a browser. Follow the official pricing page; record redirects and exact response. Verify a replacement domain against first-party facility identity before assigning it.,file-evidence.csv,431330
430014,AVERA ST LUKES,SD,old-template-version,pointer-or-domain-review,HTTP 403,not retrieved,unresolved,unresolved,unverified,,,,,,2026-09-09T01:43:39.479Z,,,Browser / official-domain review,Open the recorded pointer and official homepage in a browser. Follow the official pricing page; record redirects and exact response. Verify a replacement domain against first-party facility identity before assigning it.,file-evidence.csv,430014
430015,AVERA ST MARY'S HOSPITAL,SD,old-template-version,pointer-or-domain-review,HTTP 403,not retrieved,unresolved,unresolved,unverified,,,,,,2026-09-09T01:43:39.479Z,,,Browser / official-domain review,Open the recorded pointer and official homepage in a browser. Follow the official pricing page; record redirects and exact response. Verify a replacement domain against first-party facility identity before assigning it.,file-evidence.csv,430015
431324,AVERA WESKOTA MEMORIAL MEDICAL CENTER - CAH,SD,old-template-version,pointer-or-domain-review,HTTP 403,not retrieved,unresolved,unresolved,unverified,,,,,,2026-09-09T01:43:39.479Z,,,Browser / official-domain review,Open the recorded pointer and official homepage in a browser. Follow the official pricing page; record redirects and exact response. Verify a replacement domain against first-party facility identity before assigning it.,file-evidence.csv,431324
431314,BENNETT COUNTY HOSPITAL AND NURSING HOME - CAH,SD,mrf-stale-over-365-days,identity-or-format-review,host returned pointer,entries retrieved,unresolved,response received,unverified,https://bennettcountyhospital.com/cms-hpt.txt,,,,,2026-09-09T01:46:12.578Z,,,Identity / parser review,"Compare the file header with roster name, address and license state. Inspect archive contents or metadata beyond the capped header if extraction is incomplete.",file-evidence.csv,431314
430091,BLACK HILLS SURGICAL HOSPITAL LLC,SD,old-template-version,publisher-template-review,host returned pointer,entries retrieved,corroborated,response received,date-within-365-days-older-version,https://www.sanfordhealth.org/cms-hpt.txt,https://www.sanfordhealth.org/-/media/org/files/patients-and-visitors/billing-insurance/price-estimates/black-hills-surgical-hospital_standard-charges.csv,2026-01-30,2.0.0,https://www.sanfordhealth.org/patients-and-visitors/billing-and-insurance/price-estimates,2026-09-09T01:50:22.194Z,,,Publisher metadata review,Review the draft against the saved header and current CMS data dictionary; request the current file or clarification.,file-evidence.csv,430091
431318,BOWDLE HOSPITAL - CAH,SD,not-assessed-not-named-in-file,pointer-or-domain-review,HTTP 403,not retrieved,unresolved,unresolved,unverified,,,,,,2026-09-09T01:43:39.479Z,,,Browser / official-domain review,Open the recorded pointer and official homepage in a browser. Follow the official pricing page; record redirects and exact response. Verify a replacement domain against first-party facility identity before assigning it.,file-evidence.csv,431318
431316,COMMUNITY MEMORIAL HOSPITAL,SD,mrf-blocked-to-automation,pointer-or-domain-review,HTTP 403,not retrieved,unresolved,unresolved,unverified,,,,,,2026-09-09T01:43:39.479Z,,,Browser / official-domain review,Open the recorded pointer and official homepage in a browser. Follow the official pricing page; record redirects and exact response. Verify a replacement domain against first-party facility identity before assigning it.,file-evidence.csv,431316
431308,EUREKA COMMUNITY HEALTH SERVICES - CAH,SD,not-assessed-not-named-in-file,pointer-or-domain-review,HTTP 403,not retrieved,unresolved,unresolved,unverified,,,,,,2026-09-09T01:43:39.479Z,,,Browser / official-domain review,Open the recorded pointer and official homepage in a browser. Follow the official pricing page; record redirects and exact response. Verify a replacement domain against first-party facility identity before assigning it.,file-evidence.csv,431308
431322,FALL RIVER HOSPITAL - CAH,SD,compliant-date-unverified,identity-or-format-review,host returned pointer,entries retrieved,unresolved,response received,unverified,https://www.frhssd.org/cms-hpt.txt,,,,,2026-09-09T01:46:12.803Z,,,Identity / parser review,"Compare the file header with roster name, address and license state. Inspect archive contents or metadata beyond the capped header if extraction is incomplete.",file-evidence.csv,431322
431313,FREEMAN MEDICAL CENTER - CAH,SD,not-assessed-not-named-in-file,pointer-or-domain-review,HTTP 403,not retrieved,unresolved,unresolved,unverified,,,,,,2026-09-09T01:43:39.479Z,,,Browser / official-domain review,Open the recorded pointer and official homepage in a browser. Follow the official pricing page; record redirects and exact response. Verify a replacement domain against first-party facility identity before assigning it.,file-evidence.csv,431313
431319,HANS P PETERSON MEMORIAL HOSPITAL - CAH,SD,mrf-stale-over-365-days,identity-or-format-review,host returned pointer,entries retrieved,unresolved,response received,unverified,https://www.philiphealthservices.com/cms-hpt.txt,,,,,2026-09-09T01:46:12.606Z,,,Identity / parser review,"Compare the file header with roster name, address and license state. Inspect archive contents or metadata beyond the capped header if extraction is incomplete.",file-evidence.csv,431319
430779,LANDMANN JUNGMAN MEMORIAL HOSPITAL CORPORATION,SD,old-template-version,pointer-or-domain-review,HTTP 403,not retrieved,unresolved,unresolved,unverified,,,,,,2026-09-09T01:43:39.479Z,,,Browser / official-domain review,Open the recorded pointer and official homepage in a browser. Follow the official pricing page; record redirects and exact response. Verify a replacement domain against first-party facility identity before assigning it.,file-evidence.csv,430779
431300,MADISON REGIONAL HEALTH SYSTEM,SD,no-cms-hpt-txt-published,pointer-or-domain-review,HTTP request deadline exceeded,not retrieved,unresolved,unresolved,unverified,,,,,,2026-09-09T01:46:22.482Z,,,Browser / official-domain review,Open the recorded pointer and official homepage in a browser. Follow the official pricing page; record redirects and exact response. Verify a replacement domain against first-party facility identity before assigning it.,file-evidence.csv,431300
431312,MARSHALL COUNTY HEALTHCARE CENTER - CAH,SD,old-template-version,pointer-or-domain-review,HTTP 403,not retrieved,unresolved,unresolved,unverified,,,,,,2026-09-09T01:43:39.479Z,,,Browser / official-domain review,Open the recorded pointer and official homepage in a browser. Follow the official pricing page; record redirects and exact response. Verify a replacement domain against first-party facility identity before assigning it.,file-evidence.csv,431312
431326,MILBANK AREA HOSPITAL/AVERA HEALTH,SD,old-template-version,pointer-or-domain-review,HTTP 403,not retrieved,unresolved,unresolved,unverified,,,,,,2026-09-09T01:43:39.479Z,,,Browser / official-domain review,Open the recorded pointer and official homepage in a browser. Follow the official pricing page; record redirects and exact response. Verify a replacement domain against first-party facility identity before assigning it.,file-evidence.csv,431326
431306,PLATTE HEALTH CENTER,SD,old-template-version,pointer-or-domain-review,HTTP 403,not retrieved,unresolved,unresolved,unverified,,,,,,2026-09-09T01:43:39.479Z,,,Browser / official-domain review,Open the recorded pointer and official homepage in a browser. Follow the official pricing page; record redirects and exact response. Verify a replacement domain against first-party facility identity before assigning it.,file-evidence.csv,431306
431327,ST MICHAEL'S HOSPITAL - CAH,SD,old-template-version,pointer-or-domain-review,HTTP 403,not retrieved,unresolved,unresolved,unverified,,,,,,2026-09-09T01:43:39.479Z,,,Browser / official-domain review,Open the recorded pointer and official homepage in a browser. Follow the official pricing page; record redirects and exact response. Verify a replacement domain against first-party facility identity before assigning it.,file-evidence.csv,431327
431315,WAGNER COMMUNITY MEMORIAL HOSPITAL - CAH,SD,old-template-version,pointer-or-domain-review,HTTP 403,not retrieved,unresolved,unresolved,unverified,,,,,,2026-09-09T01:43:39.479Z,,,Browser / official-domain review,Open the recorded pointer and official homepage in a browser. Follow the official pricing page; record redirects and exact response. Verify a replacement domain against first-party facility identity before assigning it.,file-evidence.csv,431315
441323,BIG SOUTH FORK MEDICAL CENTER,TN,old-template-version,identity-or-format-review,HTTP 202,not retrieved,unresolved,response received,unverified,,,,,,2026-09-09T01:46:13.041Z,,,Identity / parser review,"Compare the file header with roster name, address and license state. Inspect archive contents or metadata beyond the capped header if extraction is incomplete.",file-evidence.csv,441323
440072,DYERSBURG REGIONAL MEDICAL CENTER,TN,no-cms-hpt-txt-published,identity-or-format-review,HTTP 200,not retrieved,unresolved,response received,unverified,,,,,,2026-09-09T01:46:12.991Z,,,Identity / parser review,"Compare the file header with roster name, address and license state. Inspect archive contents or metadata beyond the capped header if extraction is incomplete.",file-evidence.csv,440072
443303,EAST TENNESSEE CHILDRENS HOSPITAL,TN,mrf-blocked-to-automation,pointer-or-domain-review,HTTP 403,not retrieved,unresolved,unresolved,unverified,,,,,,2026-09-09T01:46:13.154Z,,,Browser / official-domain review,Open the recorded pointer and official homepage in a browser. Follow the official pricing page; record redirects and exact response. Verify a replacement domain against first-party facility identity before assigning it.,file-evidence.csv,443303
441306,ERLANGER BLEDSOE HOSPITAL,TN,compliant-date-unverified,file-access-review,host returned pointer,entries retrieved,unresolved,unresolved,unverified,https://www.erlanger.org/cms-hpt.txt,,,,,2026-09-09T01:46:12.966Z,,,Browser file retrieval,"Open the pointer-declared file in a browser. Record the final URL, status and download evidence. A failed automated request alone does not establish that the file is unavailable.",file-evidence.csv,441306
440104,ERLANGER MEDICAL CENTER,TN,not-assessed-not-named-in-file,identity-or-format-review,host returned pointer,entries retrieved,unresolved,response received,unverified,https://www.erlanger.org/cms-hpt.txt,,,,,2026-09-09T01:46:12.966Z,,,Identity / parser review,"Compare the file header with roster name, address and license state. Inspect archive contents or metadata beyond the capped header if extraction is incomplete.",file-evidence.csv,440104
441322,HOUSTON COUNTY COMMUNITY HOSPITAL,TN,not-assessed-not-named-in-file,identity-or-format-review,host returned pointer,entries retrieved,unresolved,response received,unverified,https://shamrock.health/cms-hpt.txt,,,,,2026-09-09T01:46:13.043Z,,,Identity / parser review,"Compare the file header with roster name, address and license state. Inspect archive contents or metadata beyond the capped header if extraction is incomplete.",file-evidence.csv,441322
440002,JACKSON-MADISON COUNTY GENERAL HOSPITAL,TN,no-cms-hpt-txt-published,metadata-or-pointer-review,HTTP 200,not retrieved,unresolved,response received,unverified,,,,,,2026-09-09T01:46:12.991Z,,,Pointer / metadata review,Inspect the corroborated file and official pointer separately. Resolve missing or conflicting metadata and multiple file candidates before promoting.,file-evidence.csv,440002
440102,LINCOLN MEDICAL CENTER,TN,not-assessed-not-named-in-file,file-access-review,host returned pointer,entries retrieved,unresolved,unresolved,unverified,https://lincolnhealthsystem.com/cms-hpt.txt,,,,,2026-09-09T01:46:12.937Z,,,Browser file retrieval,"Open the pointer-declared file in a browser. Record the final URL, status and download evidence. A failed automated request alone does not establish that the file is unavailable.",file-evidence.csv,440102
440187,LIVINGSTON REGIONAL HOSPITAL,TN,not-assessed-site-unreachable,pointer-or-domain-review,HTTP 406,not retrieved,unresolved,unresolved,unverified,,,,,,2026-09-09T01:46:12.819Z,,,Browser / official-domain review,Open the recorded pointer and official homepage in a browser. Follow the official pricing page; record redirects and exact response. Verify a replacement domain against first-party facility identity before assigning it.,file-evidence.csv,440187
440091,"MEMORIAL HEALTHCARE SYSTEM, INC",TN,not-assessed-not-named-in-file,identity-or-format-review,host returned pointer,entries retrieved,unresolved,response received,unverified,https://www.commonspirit.org/cms-hpt.txt,,,,,2026-09-09T01:43:17.275Z,,,Identity / parser review,"Compare the file header with roster name, address and license state. Inspect archive contents or metadata beyond the capped header if extraction is incomplete.",file-evidence.csv,440091
440111,METRO NASHVILLE GENERAL HOSPITAL,TN,mrf-stale-over-365-days,publisher-date-review,host returned pointer,entries retrieved,corroborated,response received,date-over-365-days,https://nashvillegeneral.org/cms-hpt.txt,https://nashvillegeneral-440111.s3.amazonaws.com/62-1383977_METRO-NASHVILLE-GENERAL-HOSPITAL_standardcharges.csv,2024-07-01,1.0.0,https://nashvillegeneral.org/patient-visitor-info/billing-insurance,2026-09-09T01:50:23.729Z,,,Publisher date review,Review the draft against the saved declared date; request the current file or clarification.,file-evidence.csv,440111
444014,MIDDLE TN MENTAL HEALTH INSTITUTE,TN,not-assessed-site-unreachable,pointer-or-domain-review,HTTP 200,not retrieved,unresolved,unresolved,unverified,,,,,,2026-09-09T01:46:13.016Z,,,Browser / official-domain review,Open the recorded pointer and official homepage in a browser. Follow the official pricing page; record redirects and exact response. Verify a replacement domain against first-party facility identity before assigning it.,file-evidence.csv,444014
444010,"PATHWAYS OF TENNESSEE, INC",TN,no-cms-hpt-txt-published,identity-or-format-review,HTTP 200,not retrieved,unresolved,response received,unverified,,,,,,2026-09-09T01:46:12.991Z,,,Identity / parser review,"Compare the file header with roster name, address and license state. Inspect archive contents or metadata beyond the capped header if extraction is incomplete.",file-evidence.csv,444010
444023,PERIMETER BEHAVIORAL CENTER OF JACKSON,TN,not-assessed-not-named-in-file,pointer-or-domain-review,HTTP request timeout,not retrieved,unresolved,unresolved,unverified,,,,,,2026-09-09T01:42:06.043Z,,,Browser / official-domain review,Open the recorded pointer and official homepage in a browser. Follow the official pricing page; record redirects and exact response. Verify a replacement domain against first-party facility identity before assigning it.,file-evidence.csv,444023
440152,REGIONAL ONE HEALTH,TN,mrf-stale-over-365-days,publisher-date-review,host returned pointer,entries retrieved,corroborated,response received,date-over-365-days,https://www.regionalonehealth.org/cms-hpt.txt,https://www.regionalonehealth.org/wp-content/uploads/2024/12/621113169_shelby-county-health-care_standardcharges.csv,2025-01-06,2.0.0,https://www.regionalonehealth.org/estimated-charges-for-services/,2026-09-09T01:50:23.899Z,,,Publisher date review,Review the draft against the saved declared date; request the current file or clarification.,file-evidence.csv,440152
440058,SOUTHERN TENNESSEE REGIONAL HEALTH SYSTEM WINCHEST,TN,not-assessed-not-named-in-file,identity-or-format-review,host returned pointer,entries retrieved,unresolved,response received,unverified,https://www.highpointhealthsystem.com/cms-hpt.txt,,,,,2026-09-09T01:46:13.794Z,,,Identity / parser review,"Compare the file header with roster name, address and license state. Inspect archive contents or metadata beyond the capped header if extraction is incomplete.",file-evidence.csv,440058
440200,STONES RIVER HOSPITAL,TN,not-assessed-not-named-in-file,identity-or-format-review,host returned pointer,entries retrieved,unresolved,response received,unverified,https://healthcare.ascension.org/-/media/Healthcare/cms-hpt.txt,,,,,2026-09-09T01:43:44.066Z,,,Identity / parser review,"Compare the file header with roster name, address and license state. Inspect archive contents or metadata beyond the capped header if extraction is incomplete.",file-evidence.csv,440200
440161,TRISTAR CENTENNIAL MEDICAL CENTER,TN,mrf-blocked-to-automation,pointer-or-domain-review,HTTP request deadline exceeded,not retrieved,unresolved,unresolved,unverified,,,,,,2026-09-09T01:46:23.566Z,,,Browser / official-domain review,Open the recorded pointer and official homepage in a browser. Follow the official pricing page; record redirects and exact response. Verify a replacement domain against first-party facility identity before assigning it.,file-evidence.csv,440161
440061,VOLUNTEER COMMUNITY HOSPITAL,TN,no-cms-hpt-txt-published,identity-or-format-review,HTTP 200,not retrieved,unresolved,response received,unverified,,,,,,2026-09-09T01:46:12.991Z,,,Identity / parser review,"Compare the file header with roster name, address and license state. Inspect archive contents or metadata beyond the capped header if extraction is incomplete.",file-evidence.csv,440061
441320,WEST TENNESSEE HEALTHCARE BOLIVAR HOSPITAL,TN,no-cms-hpt-txt-published,metadata-or-pointer-review,HTTP 200,not retrieved,unresolved,response received,unverified,,,,,,2026-09-09T01:46:12.991Z,,,Pointer / metadata review,Inspect the corroborated file and official pointer separately. Resolve missing or conflicting metadata and multiple file candidates before promoting.,file-evidence.csv,441320
441316,WEST TENNESSEE HEALTHCARE CAMDEN HOSPITAL,TN,no-cms-hpt-txt-published,metadata-or-pointer-review,HTTP 200,not retrieved,unresolved,response received,unverified,,,,,,2026-09-09T01:46:12.991Z,,,Pointer / metadata review,Inspect the corroborated file and official pointer separately. Resolve missing or conflicting metadata and multiple file candidates before promoting.,file-evidence.csv,441316
440060,WEST TENNESSEE HEALTHCARE MILAN HOSPITAL,TN,no-cms-hpt-txt-published,identity-or-format-review,HTTP 200,not retrieved,unresolved,response received,unverified,,,,,,2026-09-09T01:46:12.991Z,,,Identity / parser review,"Compare the file header with roster name, address and license state. Inspect archive contents or metadata beyond the capped header if extraction is incomplete.",file-evidence.csv,440060
440029,WILLIAMSON MEDICAL CENTER,TN,mrf-url-unreachable,file-access-review,host returned pointer,entries retrieved,unresolved,unresolved,unverified,https://williamsonhealth.org/cms-hpt.txt,,,,,2026-09-09T01:46:13.182Z,,,Browser file retrieval,"Open the pointer-declared file in a browser. Record the final URL, status and download evidence. A failed automated request alone does not establish that the file is unavailable.",file-evidence.csv,440029
670321,ADVANCED DALLAS HOSPITALS AND CLINICS,TX,mrf-stale-over-365-days,publisher-date-review,host returned pointer,entries retrieved,corroborated,response received,date-over-365-days,https://adhealthcare.com/cms-hpt.txt,https://hospitalpricetransparencyfiles.com/advanced-dallas-hospital-and-clinics/852671865_Advanced-Dallas-Hospital-and-Clinics-LLC_standardcharges.csv,2025-07-20,3.0.0,https://ezcost.info/advanceddallas,2026-09-09T01:50:32.575Z,,,Publisher date review,Review the draft against the saved declared date; request the current file or clarification.,file-evidence.csv,670321
670135,"ALTUS HOUSTON HOSPITAL, LP",TX,not-assessed-site-unreachable,pointer-or-domain-review,HTTP 200,not retrieved,unresolved,unresolved,unverified,,,,,,2026-09-09T01:46:13.163Z,,,Browser / official-domain review,Open the recorded pointer and official homepage in a browser. Follow the official pricing page; record redirects and exact response. Verify a replacement domain against first-party facility identity before assigning it.,file-evidence.csv,670135
670056,ASCENSION  SETON HAYS,TX,compliant-date-unverified,identity-or-format-review,host returned pointer,entries retrieved,unresolved,response received,unverified,https://healthcare.ascension.org/-/media/Healthcare/cms-hpt.txt,,,,,2026-09-09T01:43:44.066Z,,,Identity / parser review,"Compare the file header with roster name, address and license state. Inspect archive contents or metadata beyond the capped header if extraction is incomplete.",file-evidence.csv,670056
451310,BALLINGER MEMORIAL HOSPITAL,TX,compliant-date-unverified,file-access-review,host returned pointer,entries retrieved,unresolved,unresolved,unverified,https://cdn.prod.website-files.com/5adf6cdd38b7220028f13ac3/67a0e64b708de2c840578fb1_cms-hpt.txt,,,,,2026-09-09T01:46:13.946Z,,,Browser file retrieval,"Open the pointer-declared file in a browser. Record the final URL, status and download evidence. A failed automated request alone does not establish that the file is unavailable.",file-evidence.csv,451310
670336,BANDERA FAMILY HOSPITAL,TX,mrf-stale-over-365-days,publisher-date-review,host returned pointer,entries retrieved,corroborated,response received,date-over-365-days,https://fhsmc.com/price-transparency/cms-hpt-txt/?tmstv=1773081269,https://fhsmc.com/price-transparency/920323729_bandera-family-hospital_standardcharges.csv,2025-08-29,2.0.0,https://fhsmc.com/price-transparency/,2026-09-09T01:50:33.132Z,,,Publisher date review,Review the draft against the saved declared date; request the current file or clarification.,file-evidence.csv,670336
670109,BAYTOWN MEDICAL CENTER LP,TX,not-assessed-site-unreachable,pointer-or-domain-review,HTTP 200,not retrieved,unresolved,unresolved,unverified,,,,,,2026-09-09T01:46:13.163Z,,,Browser / official-domain review,Open the recorded pointer and official homepage in a browser. Follow the official pricing page; record redirects and exact response. Verify a replacement domain against first-party facility identity before assigning it.,file-evidence.csv,670109
450253,BELLVILLE MEDICAL CENTER,TX,not-assessed-not-named-in-file,identity-or-format-review,host returned pointer,entries retrieved,unresolved,response received,unverified,https://www.sjhsyr.org/sites/default/files/price-transparency/cms-hpt.txt,,,,,2026-09-09T01:46:13.589Z,,,Identity / parser review,"Compare the file header with roster name, address and license state. Inspect archive contents or metadata beyond the capped header if extraction is incomplete.",file-evidence.csv,450253
450399,BROWNFIELD REGIONAL MEDICAL CENTER,TX,compliant-date-unverified,identity-or-format-review,host returned pointer,entries retrieved,unresolved,response received,unverified,https://www.brownfield-rmc.org/_functions/getCmsText,,,,,2026-09-09T01:46:14.606Z,,,Identity / parser review,"Compare the file header with roster name, address and license state. Inspect archive contents or metadata beyond the capped header if extraction is incomplete.",file-evidence.csv,450399
450237,CHRISTUS SANTA ROSA MEDICAL CENTER,TX,mrf-url-unreachable,file-access-review,host returned pointer,entries retrieved,unresolved,unresolved,unverified,https://www.christushealth.org/cms-hpt.txt,,,,,2026-09-09T01:46:15.279Z,,,Browser file retrieval,"Open the pointer-declared file in a browser. Record the final URL, status and download evidence. A failed automated request alone does not establish that the file is unavailable.",file-evidence.csv,450237
670115,CLEVELAND EMERGENCY HOSPITAL,TX,no-cms-hpt-txt-published,pointer-or-domain-review,HTTP 200,not retrieved,unresolved,unresolved,unverified,,,,,,2026-09-09T01:46:13.970Z,,,Browser / official-domain review,Open the recorded pointer and official homepage in a browser. Follow the official pricing page; record redirects and exact response. Verify a replacement domain against first-party facility identity before assigning it.,file-evidence.csv,670115
451384,COGDELL MEMORIAL HOSPITAL,TX,compliant-date-unverified,identity-or-format-review,host returned pointer,entries retrieved,unresolved,response received,unverified,https://cogdellhospital.com/cms-hpt.txt,,,,,2026-09-09T01:46:14.008Z,,,Identity / parser review,"Compare the file header with roster name, address and license state. Inspect archive contents or metadata beyond the capped header if extraction is incomplete.",file-evidence.csv,451384
451347,COLEMAN COUNTY MEDICAL CENTER COMPANY,TX,no-cms-hpt-txt-published,pointer-or-domain-review,HTTP 202,not retrieved,unresolved,unresolved,unverified,,,,,,2026-09-09T01:46:14.413Z,,,Browser / official-domain review,Open the recorded pointer and official homepage in a browser. Follow the official pricing page; record redirects and exact response. Verify a replacement domain against first-party facility identity before assigning it.,file-evidence.csv,451347
451355,COLLINGSWORTH GENERAL HOSPITAL,TX,no-cms-hpt-txt-published,pointer-or-domain-review,HTTP 202,not retrieved,unresolved,unresolved,unverified,,,,,,2026-09-09T01:46:14.560Z,,,Browser / official-domain review,Open the recorded pointer and official homepage in a browser. Follow the official pricing page; record redirects and exact response. Verify a replacement domain against first-party facility identity before assigning it.,file-evidence.csv,451355
451379,CORYELL MEMORIAL HOSPITAL,TX,compliant-date-unverified,identity-or-format-review,host returned pointer,entries retrieved,unresolved,response received,unverified,https://coryellhealth.org/cms-hpt.txt,,,,,2026-09-09T01:46:14.679Z,,,Identity / parser review,"Compare the file header with roster name, address and license state. Inspect archive contents or metadata beyond the capped header if extraction is incomplete.",file-evidence.csv,451379
451353,CRANE COUNTY HOSPITAL DISTRICT,TX,compliant-date-unverified,identity-or-format-review,host returned pointer,entries retrieved,unresolved,response received,unverified,https://www.cranememorial.org/cms-hpt.txt,,,,,2026-09-09T01:46:14.683Z,,,Identity / parser review,"Compare the file header with roster name, address and license state. Inspect archive contents or metadata beyond the capped header if extraction is incomplete.",file-evidence.csv,451353
670090,CRESCENT MEDICAL CENTER LANCASTER,TX,compliant-date-unverified,identity-or-format-review,host returned pointer,entries retrieved,unresolved,response received,unverified,https://crescentregionalhospital.com/cms-hpt.txt,,,,,2026-09-09T01:46:15.013Z,,,Identity / parser review,"Compare the file header with roster name, address and license state. Inspect archive contents or metadata beyond the capped header if extraction is incomplete.",file-evidence.csv,670090
451338,CULBERSON HOSPITAL,TX,no-cms-hpt-txt-published,pointer-or-domain-review,HTTP 202,not retrieved,unresolved,unresolved,unverified,,,,,,2026-09-09T01:46:15.084Z,,,Browser / official-domain review,Open the recorded pointer and official homepage in a browser. Follow the official pricing page; record redirects and exact response. Verify a replacement domain against first-party facility identity before assigning it.,file-evidence.csv,451338
451390,DIMMIT REGIONAL HOSPITAL,TX,compliant-date-unverified,identity-or-format-review,host returned pointer,entries retrieved,unresolved,response received,unverified,https://www.dimmitregionalhospital.com/cms-hpt.txt,,,,,2026-09-09T01:46:15.252Z,,,Identity / parser review,"Compare the file header with roster name, address and license state. Inspect archive contents or metadata beyond the capped header if extraction is incomplete.",file-evidence.csv,451390
453321,DRISCOLL CHILDREN'S HOSPITAL RIO GRANDE VALLEY,TX,old-template-version,identity-or-format-review,host returned pointer,entries retrieved,unresolved,response received,unverified,https://driscollchildrens.org/cms-hpt.txt,,,,,2026-09-09T01:46:15.128Z,,,Identity / parser review,"Compare the file header with roster name, address and license state. Inspect archive contents or metadata beyond the capped header if extraction is incomplete.",file-evidence.csv,453321
453301,DRISCOLL CHILDRENS HOSPITAL,TX,old-template-version,publisher-template-review,host returned pointer,entries retrieved,corroborated,response received,date-within-365-days-older-version,https://driscollchildrens.org/cms-hpt.txt,https://driscollchildrens.org/wp-content/uploads/742577746-1548286172_Driscoll-Childrens-Hospital_standardcharges.csv,2025-10-06,2.0.0,https://driscollchildrens.org/patients/resources/price-transparency/,2026-09-09T01:50:43.266Z,,,Publisher metadata review,Review the draft against the saved header and current CMS data dictionary; request the current file or clarification.,file-evidence.csv,453301
671303,EASTLAND MEMORIAL HOSPITAL,TX,compliant-date-unverified,identity-or-format-review,host returned pointer,entries retrieved,unresolved,response received,unverified,https://www.eastlandmemorial.com/cms-hpt.txt,,,,,2026-09-09T01:46:15.367Z,,,Identity / parser review,"Compare the file header with roster name, address and license state. Inspect archive contents or metadata beyond the capped header if extraction is incomplete.",file-evidence.csv,671303
450833,ENNIS REGIONAL MEDICAL CENTER,TX,not-assessed-site-unreachable,pointer-or-domain-review,HTTP 406,not retrieved,unresolved,unresolved,unverified,,,,,,2026-09-09T01:46:15.048Z,,,Browser / official-domain review,Open the recorded pointer and official homepage in a browser. Follow the official pricing page; record redirects and exact response. Verify a replacement domain against first-party facility identity before assigning it.,file-evidence.csv,450833
450241,FAITH COMMUNITY HOSPITAL,TX,compliant-date-unverified,identity-or-format-review,host returned pointer,entries retrieved,unresolved,response received,unverified,https://fchtexas.com/cms-hpt.txt,,,,,2026-09-09T01:46:15.112Z,,,Identity / parser review,"Compare the file header with roster name, address and license state. Inspect archive contents or metadata beyond the capped header if extraction is incomplete.",file-evidence.csv,450241
451391,FRIO REGIONAL HOSPITAL,TX,compliant-date-unverified,identity-or-format-review,host returned pointer,entries retrieved,unresolved,response received,unverified,https://frioregionalhospital.com/cms-hpt.txt,,,,,2026-09-09T01:46:15.106Z,,,Identity / parser review,"Compare the file header with roster name, address and license state. Inspect archive contents or metadata beyond the capped header if extraction is incomplete.",file-evidence.csv,451391
454129,GEORGETOWN BEHAVIORAL HEALTH INSTITUTE,TX,mrf-stale-over-365-days,publisher-date-review,host returned pointer,entries retrieved,corroborated,response received,date-over-365-days,https://auroraarizona.com/cms-hpt.txt,https://www.georgetownbehavioral.com/sites/default/files/462465087_Georgetown%20Behavioral%20Insitute_Standardcharges.csv,2024-10-16,2.0.0,https://www.georgetownbehavioral.com/standard-services,2026-09-09T01:50:43.442Z,,,Publisher date review,Review the draft against the saved declared date; request the current file or clarification.,file-evidence.csv,454129
450451,GLEN ROSE MEDICAL CENTER,TX,compliant-date-unverified,file-access-review,host returned pointer,entries retrieved,unresolved,unresolved,unverified,https://glenrosemedicalcenter.com/wp-content/uploads/2024/12/cms-hpt.txt,,,,,2026-09-09T01:46:15.204Z,,,Browser file retrieval,"Open the pointer-declared file in a browser. Record the final URL, status and download evidence. A failed automated request alone does not establish that the file is unavailable.",file-evidence.csv,450451
671300,GRAHAM REGIONAL MEDICAL CENTER,TX,compliant-date-unverified,identity-or-format-review,host returned pointer,entries retrieved,unresolved,response received,unverified,https://3a8fe0be-6bd3-4fb3-8ed2-9c9666b2b893.usrfiles.com/ugd/3a8fe0_de920787b0134273a40628d34dff9fb1.txt,,,,,2026-09-09T01:46:15.450Z,,,Identity / parser review,"Compare the file header with roster name, address and license state. Inspect archive contents or metadata beyond the capped header if extraction is incomplete.",file-evidence.csv,671300
454076,HARRIS COUNTY PSYCHIATRIC CENTER,TX,not-assessed-site-unreachable,pointer-or-domain-review,HTTP 200,not retrieved,unresolved,unresolved,unverified,,,,,,2026-09-09T01:46:15.513Z,,,Browser / official-domain review,Open the recorded pointer and official homepage in a browser. Follow the official pricing page; record redirects and exact response. Verify a replacement domain against first-party facility identity before assigning it.,file-evidence.csv,454076
450155,HEREFORD REGIONAL MEDICAL CENTER,TX,pointer-lists-no-mrf-url,identity-or-format-review,HTTP 200,not retrieved,unresolved,response received,unverified,,,,,,2026-09-09T01:46:15.327Z,,,Identity / parser review,"Compare the file header with roster name, address and license state. Inspect archive contents or metadata beyond the capped header if extraction is incomplete.",file-evidence.csv,450155
451395,HILL REGIONAL HOSPITAL,TX,compliant-date-unverified,identity-or-format-review,host returned pointer,entries retrieved,unresolved,response received,unverified,https://hillregionalhospital.com/cms-hpt.txt,,,,,2026-09-09T01:46:15.468Z,,,Identity / parser review,"Compare the file header with roster name, address and license state. Inspect archive contents or metadata beyond the capped header if extraction is incomplete.",file-evidence.csv,451395
450347,HUNTSVILLE MEMORIAL HOSPITAL,TX,no-cms-hpt-txt-published,pointer-or-domain-review,HTTP 202,not retrieved,unresolved,unresolved,unverified,,,,,,2026-09-09T01:46:15.351Z,,,Browser / official-domain review,Open the recorded pointer and official homepage in a browser. Follow the official pricing page; record redirects and exact response. Verify a replacement domain against first-party facility identity before assigning it.,file-evidence.csv,450347
450698,LAMB HEALTHCARE CENTER,TX,pointer-blocked-to-automation,pointer-or-domain-review,HTTP 200,not retrieved,unresolved,unresolved,unverified,,,,,,2026-09-09T01:44:47.654Z,,,Browser / official-domain review,Open the recorded pointer and official homepage in a browser. Follow the official pricing page; record redirects and exact response. Verify a replacement domain against first-party facility identity before assigning it.,file-evidence.csv,450698
450107,LAS PALMAS MEDICAL CENTER A CAMPUS OF LPDS HEALTHC,TX,not-assessed-not-named-in-file,pointer-or-domain-review,HTTP request deadline exceeded,not retrieved,unresolved,unresolved,unverified,,,,,,2026-09-09T01:46:25.755Z,,,Browser / official-domain review,Open the recorded pointer and official homepage in a browser. Follow the official pricing page; record redirects and exact response. Verify a replacement domain against first-party facility identity before assigning it.,file-evidence.csv,450107
451375,LIBERTY DAYTON REGIONAL MEDICAL CENTER,TX,compliant-date-unverified,file-access-review,host returned pointer,entries retrieved,unresolved,unresolved,unverified,https://libertydaytonrmc.com/cms-hpt.txt,,,,,2026-09-09T01:46:15.528Z,,,Browser file retrieval,"Open the pointer-declared file in a browser. Record the final URL, status and download evidence. A failed automated request alone does not establish that the file is unavailable.",file-evidence.csv,451375
450465,MATAGORDA REGIONAL MEDICAL CENTER,TX,compliant-date-unverified,identity-or-format-review,host returned pointer,entries retrieved,unresolved,response received,unverified,https://matagordaregional.org/cms-hpt.txt,,,,,2026-09-09T01:46:15.772Z,,,Identity / parser review,"Compare the file header with roster name, address and license state. Inspect archive contents or metadata beyond the capped header if extraction is incomplete.",file-evidence.csv,450465
451309,MC CAMEY HOSPITAL,TX,compliant-date-unverified,identity-or-format-review,host returned pointer,entries retrieved,unresolved,response received,unverified,https://mccameyhospital.org/cms-hpt.txt,,,,,2026-09-09T01:46:15.478Z,,,Identity / parser review,"Compare the file header with roster name, address and license state. Inspect archive contents or metadata beyond the capped header if extraction is incomplete.",file-evidence.csv,451309
450489,MEDICAL ARTS HOSPITAL,TX,compliant-date-unverified,identity-or-format-review,host returned pointer,entries retrieved,unresolved,response received,unverified,https://medicalartshospital.org/cms-hpt.txt,,,,,2026-09-09T01:46:15.812Z,,,Identity / parser review,"Compare the file header with roster name, address and license state. Inspect archive contents or metadata beyond the capped header if extraction is incomplete.",file-evidence.csv,450489
454161,MEDICAL CITY MENTAL HEALTH AND WELLNESS CENTER,TX,mrf-stale-over-365-days,identity-or-format-review,host returned pointer,entries retrieved,unresolved,response received,unverified,https://www.medicalcityhealthcare.com/cms-hpt.txt,,,,,2026-09-09T01:46:24.854Z,,,Identity / parser review,"Compare the file header with roster name, address and license state. Inspect archive contents or metadata beyond the capped header if extraction is incomplete.",file-evidence.csv,454161
450235,MEMORIAL HOSPITAL,TX,pointer-blocked-to-automation,pointer-or-domain-review,HTTP 403,not retrieved,unresolved,unresolved,unverified,,,,,,2026-09-09T01:46:15.628Z,,,Browser / official-domain review,Open the recorded pointer and official homepage in a browser. Follow the official pricing page; record redirects and exact response. Verify a replacement domain against first-party facility identity before assigning it.,file-evidence.csv,450235
451358,MEMORIAL HOSPITAL,TX,pointer-blocked-to-automation,pointer-or-domain-review,HTTP 403,not retrieved,unresolved,unresolved,unverified,,,,,,2026-09-09T01:46:15.628Z,,,Browser / official-domain review,Open the recorded pointer and official homepage in a browser. Follow the official pricing page; record redirects and exact response. Verify a replacement domain against first-party facility identity before assigning it.,file-evidence.csv,451358
451386,MEMORIAL HOSPITAL,TX,pointer-blocked-to-automation,pointer-or-domain-review,HTTP 403,not retrieved,unresolved,unresolved,unverified,,,,,,2026-09-09T01:46:15.628Z,,,Browser / official-domain review,Open the recorded pointer and official homepage in a browser. Follow the official pricing page; record redirects and exact response. Verify a replacement domain against first-party facility identity before assigning it.,file-evidence.csv,451386
451396,MID COAST MEDICAL CENTER - CENTRAL,TX,not-assessed-not-named-in-file,identity-or-format-review,host returned pointer,entries retrieved,unresolved,response received,unverified,https://www.bswhealth.com/cms-hpt.txt,,,,,2026-09-09T01:46:15.834Z,,,Identity / parser review,"Compare the file header with roster name, address and license state. Inspect archive contents or metadata beyond the capped header if extraction is incomplete.",file-evidence.csv,451396
450133,MIDLAND MEMORIAL HOSPITAL,TX,mrf-url-unreachable,file-access-review,host returned pointer,entries retrieved,unresolved,unresolved,unverified,https://www.midlandhealth.org/cms-hpt.txt,,,,,2026-09-09T01:46:15.795Z,,,Browser file retrieval,"Open the pointer-declared file in a browser. Record the final URL, status and download evidence. A failed automated request alone does not establish that the file is unavailable.",file-evidence.csv,450133
451335,MUENSTER MEMORIAL HOSPITAL,TX,compliant-date-unverified,identity-or-format-review,host returned pointer,entries retrieved,unresolved,response received,unverified,https://muensterhospital.com/cms-hpt.txt,,,,,2026-09-09T01:46:15.638Z,,,Identity / parser review,"Compare the file header with roster name, address and license state. Inspect archive contents or metadata beyond the capped header if extraction is incomplete.",file-evidence.csv,451335
451372,MULESHOE AREA MEDICAL CENTER,TX,no-cms-hpt-txt-published,pointer-or-domain-review,HTTP 202,not retrieved,unresolved,unresolved,unverified,,,,,,2026-09-09T01:46:16.049Z,,,Browser / official-domain review,Open the recorded pointer and official homepage in a browser. Follow the official pricing page; record redirects and exact response. Verify a replacement domain against first-party facility identity before assigning it.,file-evidence.csv,451372
450508,NACOGDOCHES MEMORIAL HOSPITAL,TX,compliant-date-unverified,file-access-review,host returned pointer,entries retrieved,unresolved,unresolved,unverified,https://nacmem.org/cms-hpt.txt,,,,,2026-09-09T01:46:15.776Z,,,Browser file retrieval,"Open the pointer-declared file in a browser. Record the final URL, status and download evidence. A failed automated request alone does not establish that the file is unavailable.",file-evidence.csv,450508
450641,NOCONA GENERAL HOSPITAL,TX,old-template-version,file-access-review,host returned pointer,entries retrieved,unresolved,unresolved,unverified,https://noconageneral.com/cms-hpt.txt,,,,,2026-09-09T01:46:15.942Z,,,Browser file retrieval,"Open the pointer-declared file in a browser. Record the final URL, status and download evidence. A failed automated request alone does not establish that the file is unavailable.",file-evidence.csv,450641
450090,NORTH TEXAS MEDICAL CENTER,TX,no-cms-hpt-txt-published,pointer-or-domain-review,HTTP 202,not retrieved,unresolved,unresolved,unverified,,,,,,2026-09-09T01:46:16.066Z,,,Browser / official-domain review,Open the recorded pointer and official homepage in a browser. Follow the official pricing page; record redirects and exact response. Verify a replacement domain against first-party facility identity before assigning it.,file-evidence.csv,450090
450209,NORTHWEST TEXAS HOSPITAL,TX,pointer-blocked-to-automation,pointer-or-domain-review,HTTP 403,not retrieved,unresolved,unresolved,unverified,,,,,,2026-09-09T01:46:15.960Z,,,Browser / official-domain review,Open the recorded pointer and official homepage in a browser. Follow the official pricing page; record redirects and exact response. Verify a replacement domain against first-party facility identity before assigning it.,file-evidence.csv,450209
451359,OCHILTREE GENERAL HOSPITAL,TX,compliant-date-unverified,identity-or-format-review,host returned pointer,entries retrieved,unresolved,response received,unverified,https://www.ochiltreehospital.com/cms-hpt.txt,,,,,2026-09-09T01:46:16.615Z,,,Identity / parser review,"Compare the file header with roster name, address and license state. Inspect archive contents or metadata beyond the capped header if extraction is incomplete.",file-evidence.csv,451359
450747,PALESTINE REGIONAL MEDICAL CENTER,TX,not-assessed-site-unreachable,pointer-or-domain-review,HTTP 406,not retrieved,unresolved,unresolved,unverified,,,,,,2026-09-09T01:46:16.090Z,,,Browser / official-domain review,Open the recorded pointer and official homepage in a browser. Follow the official pricing page; record redirects and exact response. Verify a replacement domain against first-party facility identity before assigning it.,file-evidence.csv,450747
450196,PARIS REGIONAL MEDICAL CENTER,TX,compliant-date-unverified,pointer-or-domain-review,HTTP 200,not retrieved,unresolved,unresolved,unverified,,,,,,2026-09-09T01:46:16.653Z,,,Browser / official-domain review,Open the recorded pointer and official homepage in a browser. Follow the official pricing page; record redirects and exact response. Verify a replacement domain against first-party facility identity before assigning it.,file-evidence.csv,450196
451334,PARKVIEW HOSPITAL,TX,compliant-date-unverified,file-access-review,host returned pointer,entries retrieved,unresolved,unresolved,unverified,https://parkviewhosp.org/cms-hpt.txt,,,,,2026-09-09T01:46:16.166Z,,,Browser file retrieval,"Open the pointer-declared file in a browser. Record the final URL, status and download evidence. A failed automated request alone does not establish that the file is unavailable.",file-evidence.csv,451334
450400,PARKVIEW REGIONAL HOSPITAL,TX,not-assessed-site-unreachable,pointer-or-domain-review,HTTP 406,not retrieved,unresolved,unresolved,unverified,,,,,,2026-09-09T01:46:16.246Z,,,Browser / official-domain review,Open the recorded pointer and official homepage in a browser. Follow the official pricing page; record redirects and exact response. Verify a replacement domain against first-party facility identity before assigning it.,file-evidence.csv,450400
450834,"PHYSICIANS CENTRE,THE",TX,not-assessed-site-unreachable,pointer-or-domain-review,HTTP request timeout,not retrieved,unresolved,unresolved,unverified,,,,,,2026-09-09T01:46:16.468Z,,,Browser / official-domain review,Open the recorded pointer and official homepage in a browser. Follow the official pricing page; record redirects and exact response. Verify a replacement domain against first-party facility identity before assigning it.,file-evidence.csv,450834
451350,PLAINS MEMORIAL HOSPITAL,TX,not-assessed-site-unreachable,pointer-or-domain-review,HTTP 200,not retrieved,unresolved,unresolved,unverified,,,,,,2026-09-09T01:46:16.349Z,,,Browser / official-domain review,Open the recorded pointer and official homepage in a browser. Follow the official pricing page; record redirects and exact response. Verify a replacement domain against first-party facility identity before assigning it.,file-evidence.csv,451350
451312,RICE MEDICAL CENTER,TX,old-template-version,file-access-review,host returned pointer,entries retrieved,unresolved,unresolved,unverified,https://irp.cdn-website.com/1a9a1f05/files/uploaded/cms-hpt-updated.txt,,,,,2026-09-09T01:46:16.678Z,,,Browser file retrieval,"Open the pointer-declared file in a browser. Record the final URL, status and download evidence. A failed automated request alone does not establish that the file is unavailable.",file-evidence.csv,451312
450055,ROLLING PLAINS MEMORIAL HOSPITAL,TX,compliant-date-unverified,identity-or-format-review,HTTP 200,not retrieved,unresolved,response received,unverified,,,,,,2026-09-09T01:46:26.591Z,,,Identity / parser review,"Compare the file header with roster name, address and license state. Inspect archive contents or metadata beyond the capped header if extraction is incomplete.",file-evidence.csv,450055
451361,SABINE COUNTY HOSPITAL,TX,pointer-blocked-to-automation,pointer-or-domain-review,HTTP 202,not retrieved,unresolved,unresolved,unverified,,,,,,2026-09-09T01:46:16.763Z,,,Browser / official-domain review,Open the recorded pointer and official homepage in a browser. Follow the official pricing page; record redirects and exact response. Verify a replacement domain against first-party facility identity before assigning it.,file-evidence.csv,451361
454132,SAN ANTONIO BEHAVIORAL HEALTHCARE HOSPITAL,TX,old-template-version,pointer-or-domain-review,HTTP 200,not retrieved,unresolved,unresolved,unverified,,,,,,2026-09-09T01:46:26.767Z,,,Browser / official-domain review,Open the recorded pointer and official homepage in a browser. Follow the official pricing page; record redirects and exact response. Verify a replacement domain against first-party facility identity before assigning it.,file-evidence.csv,454132
450653,SCENIC MOUNTAIN MEDICAL CENTER,TX,not-assessed-not-named-in-file,pointer-or-domain-review,HTTP request deadline exceeded,not retrieved,unresolved,unresolved,unverified,,,,,,2026-09-09T01:46:26.622Z,,,Browser / official-domain review,Open the recorded pointer and official homepage in a browser. Follow the official pricing page; record redirects and exact response. Verify a replacement domain against first-party facility identity before assigning it.,file-evidence.csv,450653
450035,ST JOSEPH MEDICAL CENTER,TX,mrf-stale-over-365-days,pointer-or-domain-review,HTTP 200,not retrieved,unresolved,unresolved,unverified,,,,,,2026-09-09T01:46:26.626Z,,,Browser / official-domain review,Open the recorded pointer and official homepage in a browser. Follow the official pricing page; record redirects and exact response. Verify a replacement domain against first-party facility identity before assigning it.,file-evidence.csv,450035
670314,ST MICHAELS MEDICAL HOSPITAL LLC,TX,no-cms-hpt-txt-published,pointer-or-domain-review,HTTP 200,not retrieved,unresolved,unresolved,unverified,,,,,,2026-09-09T01:46:26.652Z,,,Browser / official-domain review,Open the recorded pointer and official homepage in a browser. Follow the official pricing page; record redirects and exact response. Verify a replacement domain against first-party facility identity before assigning it.,file-evidence.csv,670314
450860,SUGAR LAND SURGICAL HOSPITAL LLP,TX,not-assessed-not-named-in-file,pointer-or-domain-review,HTTP 200,not retrieved,unresolved,unresolved,unverified,,,,,,2026-09-09T01:46:26.699Z,,,Browser / official-domain review,Open the recorded pointer and official homepage in a browser. Follow the official pricing page; record redirects and exact response. Verify a replacement domain against first-party facility identity before assigning it.,file-evidence.csv,450860
450831,SURGERY SPECIALTY HOSPITALS OF AMERICA SE HOUSTON,TX,mrf-url-unreachable,pointer-or-domain-review,HTTP 200,not retrieved,unresolved,unresolved,unverified,,,,,,2026-09-09T01:46:26.760Z,,,Browser / official-domain review,Open the recorded pointer and official homepage in a browser. Follow the official pricing page; record redirects and exact response. Verify a replacement domain against first-party facility identity before assigning it.,file-evidence.csv,450831
450889,TEXAS INSTITUTE FOR SURGERY AT PRESBYTERIAN HOSPIT,TX,compliant-date-unverified,identity-or-format-review,HTTP 200,not retrieved,unresolved,response received,unverified,,,,,,2026-09-09T01:46:26.930Z,,,Identity / parser review,"Compare the file header with roster name, address and license state. Inspect archive contents or metadata beyond the capped header if extraction is incomplete.",file-evidence.csv,450889
450804,TEXAS ORTHOPEDIC HOSPITAL,TX,mrf-blocked-to-automation,pointer-or-domain-review,HTTP request timeout,not retrieved,unresolved,unresolved,unverified,,,,,,2026-09-09T01:46:38.428Z,,,Browser / official-domain review,Open the recorded pointer and official homepage in a browser. Follow the official pricing page; record redirects and exact response. Verify a replacement domain against first-party facility identity before assigning it.,file-evidence.csv,450804
670006,THE HOSPITAL AT WESTLAKE MEDICAL CENTER,TX,mrf-stale-over-365-days,identity-or-format-review,host returned pointer,entries retrieved,unresolved,response received,unverified,https://www.westlakemedical.com/cms-hpt.txt,,,,,2026-09-09T01:46:28.277Z,,,Identity / parser review,"Compare the file header with roster name, address and license state. Inspect archive contents or metadata beyond the capped header if extraction is incomplete.",file-evidence.csv,670006
450518,THE MEDICAL CENTER OF SOUTHEAST TEXAS,TX,mrf-stale-over-365-days,publisher-date-review,host returned pointer,entries retrieved,corroborated,response received,date-over-365-days,https://medicalcentersetexas.org/cms-hpt.txt,https://medicalcentersetexas.org/pricetransparency/994785659_MedicalCenterSETexas_standardcharges.csv,2024-12-26,2.0.0,https://medicalcentersetexas.org/price-transparency,2026-09-09T01:51:07.985Z,,,Publisher date review,Review the draft against the saved declared date; request the current file or clarification.,file-evidence.csv,450518
451339,THROCKMORTON COUNTY MEMORIAL HOSPITAL,TX,compliant-date-unverified,identity-or-format-review,host returned pointer,entries retrieved,unresolved,response received,unverified,https://throckmortonhospital.com/cms-hpt.txt,,,,,2026-09-09T01:46:28.045Z,,,Identity / parser review,"Compare the file header with roster name, address and license state. Inspect archive contents or metadata beyond the capped header if extraction is incomplete.",file-evidence.csv,451339
451370,TMC- BONHAM HOSPITAL,TX,pointer-blocked-to-automation,pointer-or-domain-review,HTTP 403,not retrieved,unresolved,unresolved,unverified,,,,,,2026-09-09T01:46:28.055Z,,,Browser / official-domain review,Open the recorded pointer and official homepage in a browser. Follow the official pricing page; record redirects and exact response. Verify a replacement domain against first-party facility identity before assigning it.,file-evidence.csv,451370
450774,TOPS SURGICAL SPECIALTY HOSPITAL,TX,pointer-blocked-to-automation,pointer-or-domain-review,HTTP 403,not retrieved,unresolved,unresolved,unverified,,,,,,2026-09-09T01:46:28.454Z,,,Browser / official-domain review,Open the recorded pointer and official homepage in a browser. Follow the official pricing page; record redirects and exact response. Verify a replacement domain against first-party facility identity before assigning it.,file-evidence.csv,450774
450010,UNITED REGIONAL HEALTH CARE SYSTEM,TX,old-template-version,publisher-template-review,host returned pointer,entries retrieved,corroborated,response received,date-within-365-days-older-version,https://unitedregional.org/getContentAsset/87726b46-3db7-42d1-b3d7-11de88ed5834/c204d644-0ccb-43d4-a505-69664b0a9bc3/cms-hpt.txt?language=en,https://unitedregional.org/getContentAsset/a128db8c-8ea3-461b-9531-3197f7c0b635/c204d644-0ccb-43d4-a505-69664b0a9bc3/751912147-united-regional-healthcare-system-standardcharges-in.csv?language=en,2025-11-15,2.0.0,https://unitedregional.org/patients-and-visitors/price-transparency,2026-09-09T01:51:08.178Z,,,Publisher metadata review,Review the draft against the saved header and current CMS data dictionary; request the current file or clarification.,file-evidence.csv,450010
450018,UNIVERSITY OF TEXAS MEDICAL BRANCH GALVESTON,TX,compliant-date-unverified,identity-or-format-review,host returned pointer,entries retrieved,unresolved,response received,unverified,https://www.utmb.edu/cms-hpt.txt,,,,,2026-09-09T01:46:29.228Z,,,Identity / parser review,"Compare the file header with roster name, address and license state. Inspect archive contents or metadata beyond the capped header if extraction is incomplete.",file-evidence.csv,450018
450200,WADLEY REGIONAL MEDICAL CENTER,TX,not-assessed-not-named-in-file,identity-or-format-review,host returned pointer,entries retrieved,unresolved,response received,unverified,https://www.christushealth.org/cms-hpt.txt,,,,,2026-09-09T01:46:15.279Z,,,Identity / parser review,"Compare the file header with roster name, address and license state. Inspect archive contents or metadata beyond the capped header if extraction is incomplete.",file-evidence.csv,450200
451373,WARD MEMORIAL HOSPITAL,TX,compliant-date-unverified,identity-or-format-review,host returned pointer,entries retrieved,unresolved,response received,unverified,https://www.wardmemorial.com/cms-hpt.txt,,,,,2026-09-09T01:46:29.257Z,,,Identity / parser review,"Compare the file header with roster name, address and license state. Inspect archive contents or metadata beyond the capped header if extraction is incomplete.",file-evidence.csv,451373
450674,"WOMANS HOSPITAL OF TEXAS,THE",TX,mrf-blocked-to-automation,pointer-or-domain-review,HTTP request timeout,not retrieved,unresolved,unresolved,unverified,,,,,,2026-09-09T01:46:39.466Z,,,Browser / official-domain review,Open the recorded pointer and official homepage in a browser. Follow the official pricing page; record redirects and exact response. Verify a replacement domain against first-party facility identity before assigning it.,file-evidence.csv,450674
461310,BLUE MOUNTAIN HOSPITAL,UT,no-cms-hpt-txt-published,pointer-or-domain-review,HTTP 200,not retrieved,unresolved,unresolved,unverified,,,,,,2026-09-09T01:46:29.582Z,,,Browser / official-domain review,Open the recorded pointer and official homepage in a browser. Follow the official pricing page; record redirects and exact response. Verify a replacement domain against first-party facility identity before assigning it.,file-evidence.csv,461310
460017,BRIGHAM CITY COMMUNITY HOSPITAL,UT,mrf-stale-over-365-days,metadata-or-pointer-review,HTTP request timeout,not retrieved,unresolved,response received,unverified,,,,,,2026-09-09T01:46:39.567Z,,,Pointer / metadata review,Inspect the corroborated file and official pointer separately. Resolve missing or conflicting metadata and multiple file candidates before promoting.,file-evidence.csv,460017
460054,CACHE VALLEY HOSPITAL,UT,mrf-stale-over-365-days,metadata-or-pointer-review,HTTP request timeout,not retrieved,unresolved,response received,unverified,,,,,,2026-09-09T01:46:39.567Z,,,Pointer / metadata review,Inspect the corroborated file and official pointer separately. Resolve missing or conflicting metadata and multiple file candidates before promoting.,file-evidence.csv,460054
461306,GUNNISON VALLEY HOSPITAL,UT,no-cms-hpt-txt-published,pointer-or-domain-review,HTTP 200,not retrieved,unresolved,unresolved,unverified,,,,,,2026-09-09T01:46:39.531Z,,,Browser / official-domain review,Open the recorded pointer and official homepage in a browser. Follow the official pricing page; record redirects and exact response. Verify a replacement domain against first-party facility identity before assigning it.,file-evidence.csv,461306
461300,INTERMOUNTAIN HEALTH DELTA COMMUNITY HOSPITAL,UT,compliant-date-unverified,identity-or-format-review,host returned pointer,entries retrieved,unresolved,response received,unverified,https://intermountainhealthcare.org/sc10media/files/intermountain-health/locations/hospital-prices/price-transparency.txt,,,,,2026-09-09T01:43:43.038Z,,,Identity / parser review,"Compare the file header with roster name, address and license state. Inspect archive contents or metadata beyond the capped header if extraction is incomplete.",file-evidence.csv,461300
461301,INTERMOUNTAIN HEALTH FILLMORE COMMUNITY HOSPITAL,UT,compliant-date-unverified,identity-or-format-review,host returned pointer,entries retrieved,unresolved,response received,unverified,https://intermountainhealthcare.org/sc10media/files/intermountain-health/locations/hospital-prices/price-transparency.txt,,,,,2026-09-09T01:43:43.038Z,,,Identity / parser review,"Compare the file header with roster name, address and license state. Inspect archive contents or metadata beyond the capped header if extraction is incomplete.",file-evidence.csv,461301
461333,INTERMOUNTAIN HEALTH GARFIELD MEMORIAL HOSPITAL,UT,compliant-date-unverified,file-access-review,host returned pointer,entries retrieved,unresolved,unresolved,unverified,https://intermountainhealthcare.org/sc10media/files/intermountain-health/locations/hospital-prices/price-transparency.txt,,,,,2026-09-09T01:43:43.038Z,,,Browser file retrieval,"Open the pointer-declared file in a browser. Record the final URL, status and download evidence. A failed automated request alone does not establish that the file is unavailable.",file-evidence.csv,461333
461303,INTERMOUNTAIN HEALTH SANPETE VALLEY HOSPITAL,UT,compliant-date-unverified,identity-or-format-review,host returned pointer,entries retrieved,unresolved,response received,unverified,https://intermountainhealthcare.org/sc10media/files/intermountain-health/locations/hospital-prices/price-transparency.txt,,,,,2026-09-09T01:43:43.038Z,,,Identity / parser review,"Compare the file header with roster name, address and license state. Inspect archive contents or metadata beyond the capped header if extraction is incomplete.",file-evidence.csv,461303
460042,LAKEVIEW HOSPITAL,UT,mrf-stale-over-365-days,metadata-or-pointer-review,HTTP request timeout,not retrieved,unresolved,response received,unverified,,,,,,2026-09-09T01:46:39.567Z,,,Pointer / metadata review,Inspect the corroborated file and official pointer separately. Resolve missing or conflicting metadata and multiple file candidates before promoting.,file-evidence.csv,460042
460060,LONE PEAK HOSPITAL,UT,mrf-stale-over-365-days,metadata-or-pointer-review,HTTP request timeout,not retrieved,unresolved,response received,unverified,,,,,,2026-09-09T01:46:39.567Z,,,Pointer / metadata review,Inspect the corroborated file and official pointer separately. Resolve missing or conflicting metadata and multiple file candidates before promoting.,file-evidence.csv,460060
461302,MOAB REGIONAL HOSPITAL,UT,no-cms-hpt-txt-published,pointer-or-domain-review,HTTP 202,not retrieved,unresolved,unresolved,unverified,,,,,,2026-09-09T01:46:29.543Z,,,Browser / official-domain review,Open the recorded pointer and official homepage in a browser. Follow the official pricing page; record redirects and exact response. Verify a replacement domain against first-party facility identity before assigning it.,file-evidence.csv,461302
460013,MOUNTAIN VIEW HOSPITAL,UT,mrf-stale-over-365-days,metadata-or-pointer-review,HTTP request timeout,not retrieved,unresolved,response received,unverified,,,,,,2026-09-09T01:46:39.567Z,,,Pointer / metadata review,Inspect the corroborated file and official pointer separately. Resolve missing or conflicting metadata and multiple file candidates before promoting.,file-evidence.csv,460013
460005,OGDEN REGIONAL MEDICAL CENTER,UT,mrf-stale-over-365-days,metadata-or-pointer-review,HTTP request timeout,not retrieved,unresolved,response received,unverified,,,,,,2026-09-09T01:46:39.567Z,,,Pointer / metadata review,Inspect the corroborated file and official pointer separately. Resolve missing or conflicting metadata and multiple file candidates before promoting.,file-evidence.csv,460005
460047,ST MARK'S HOSPITAL,UT,mrf-stale-over-365-days,metadata-or-pointer-review,HTTP request timeout,not retrieved,unresolved,response received,unverified,,,,,,2026-09-09T01:46:39.567Z,,,Pointer / metadata review,Inspect the corroborated file and official pointer separately. Resolve missing or conflicting metadata and multiple file candidates before promoting.,file-evidence.csv,460047
460052,TIMPANOGOS REGIONAL HOSPITAL,UT,mrf-stale-over-365-days,metadata-or-pointer-review,HTTP request timeout,not retrieved,unresolved,response received,unverified,,,,,,2026-09-09T01:46:39.567Z,,,Pointer / metadata review,Inspect the corroborated file and official pointer separately. Resolve missing or conflicting metadata and multiple file candidates before promoting.,file-evidence.csv,460052
460009,UNIVERSITY OF UTAH HOSPITAL AND CLINICS,UT,mrf-stale-over-365-days,metadata-or-pointer-review,HTTP 200,not retrieved,unresolved,response received,unverified,,,,,,2026-09-09T01:46:39.643Z,,,Pointer / metadata review,Inspect the corroborated file and official pointer separately. Resolve missing or conflicting metadata and multiple file candidates before promoting.,file-evidence.csv,460009
491300,BATH COMMUNITY HOSPITAL,VA,not-assessed-site-unreachable,pointer-or-domain-review,HTTP 202,not retrieved,unresolved,unresolved,unverified,,,,,,2026-09-09T01:46:39.705Z,,,Browser / official-domain review,Open the recorded pointer and official homepage in a browser. Follow the official pricing page; record redirects and exact response. Verify a replacement domain against first-party facility identity before assigning it.,file-evidence.csv,491300
491304,CARILION STONEWALL JACKSON HOSPITAL,VA,not-assessed-not-named-in-file,pointer-or-domain-review,HTTP 200,not retrieved,unresolved,unresolved,unverified,,,,,,2026-09-09T01:46:39.814Z,,,Browser / official-domain review,Open the recorded pointer and official homepage in a browser. Follow the official pricing page; record redirects and exact response. Verify a replacement domain against first-party facility identity before assigning it.,file-evidence.csv,491304
494033,CATAWBA HOSPITAL,VA,mrf-stale-over-365-days,metadata-or-pointer-review,HTTP 200,not retrieved,unresolved,response received,unverified,,,,,,2026-09-09T01:46:40.038Z,,,Pointer / metadata review,Inspect the corroborated file and official pointer separately. Resolve missing or conflicting metadata and multiple file candidates before promoting.,file-evidence.csv,494033
490021,CENTRA HEALTH -  LYNCHBURG GEN HOSPITAL,VA,not-assessed-not-named-in-file,pointer-or-domain-review,HTTP 403,not retrieved,unresolved,unresolved,unverified,,,,,,2026-09-09T01:46:40.054Z,,,Browser / official-domain review,Open the recorded pointer and official homepage in a browser. Follow the official pricing page; record redirects and exact response. Verify a replacement domain against first-party facility identity before assigning it.,file-evidence.csv,490021
490112,CJW MEDICAL CENTER,VA,not-assessed-not-named-in-file,pointer-or-domain-review,HTTP request timeout,not retrieved,unresolved,unresolved,unverified,,,,,,2026-09-09T01:46:40.524Z,,,Browser / official-domain review,Open the recorded pointer and official homepage in a browser. Follow the official pricing page; record redirects and exact response. Verify a replacement domain against first-party facility identity before assigning it.,file-evidence.csv,490112
494023,DOMINION HOSPITAL,VA,not-assessed-not-named-in-file,pointer-or-domain-review,HTTP request timeout,not retrieved,unresolved,unresolved,unverified,,,,,,2026-09-09T01:46:40.524Z,,,Browser / official-domain review,Open the recorded pointer and official homepage in a browser. Follow the official pricing page; record redirects and exact response. Verify a replacement domain against first-party facility identity before assigning it.,file-evidence.csv,494023
490104,HIRAM W DAVIS MEDICAL CENTER,VA,mrf-stale-over-365-days,identity-or-format-review,HTTP 200,not retrieved,unresolved,response received,unverified,,,,,,2026-09-09T01:46:40.038Z,,,Identity / parser review,"Compare the file header with roster name, address and license state. Inspect archive contents or metadata beyond the capped header if extraction is incomplete.",file-evidence.csv,490104
490020,JOHN RANDOLPH MEDICAL CENTER,VA,not-assessed-not-named-in-file,pointer-or-domain-review,HTTP request timeout,not retrieved,unresolved,unresolved,unverified,,,,,,2026-09-09T01:46:40.524Z,,,Browser / official-domain review,Open the recorded pointer and official homepage in a browser. Follow the official pricing page; record redirects and exact response. Verify a replacement domain against first-party facility identity before assigning it.,file-evidence.csv,490020
490022,MARY WASHINGTON HOSPITAL,VA,mrf-stale-over-365-days,publisher-date-review,host returned pointer,entries retrieved,corroborated,response received,date-over-365-days,https://www.marywashingtonhealthcare.com/cms-hpt.txt,https://www.marywashingtonhealthcare.com/documents/540519577_mary-washington-hospital_standardcharges.csv,2024-12-30,2.0.0,https://www.marywashingtonhealthcare.com/patients-visitors/cost-estimates/,2026-09-09T01:51:12.724Z,,,Publisher date review,Review the draft against the saved declared date; request the current file or clarification.,file-evidence.csv,490022
490032,MEDICAL COLLEGE OF VIRGINIA HOSPITALS,VA,not-assessed-site-unreachable,file-access-review,host returned pointer,entries retrieved,unresolved,unresolved,unverified,https://www.vcuhealth.org/cms-hpt.txt,,,,,2026-09-09T01:46:42.115Z,,,Browser file retrieval,"Open the pointer-declared file in a browser. Record the final URL, status and download evidence. A failed automated request alone does not establish that the file is unavailable.",file-evidence.csv,490032
494010,NORTHERN VIRGINIA MENTAL HEALTH INSTI,VA,mrf-stale-over-365-days,metadata-or-pointer-review,HTTP 200,not retrieved,unresolved,response received,unverified,,,,,,2026-09-09T01:46:40.038Z,,,Pointer / metadata review,Inspect the corroborated file and official pointer separately. Resolve missing or conflicting metadata and multiple file candidates before promoting.,file-evidence.csv,494010
494017,SOUTHERN VIRGINIA MENTAL HEALTH INSTITUTE,VA,mrf-stale-over-365-days,metadata-or-pointer-review,HTTP 200,not retrieved,unresolved,response received,unverified,,,,,,2026-09-09T01:46:40.038Z,,,Pointer / metadata review,Inspect the corroborated file and official pointer separately. Resolve missing or conflicting metadata and multiple file candidates before promoting.,file-evidence.csv,494017
494029,SOUTHWESTERN VIRGINIA MENTAL HEALTH INSTITUTE,VA,mrf-stale-over-365-days,identity-or-format-review,HTTP 200,not retrieved,unresolved,response received,unverified,,,,,,2026-09-09T01:46:40.038Z,,,Identity / parser review,"Compare the file header with roster name, address and license state. Inspect archive contents or metadata beyond the capped header if extraction is incomplete.",file-evidence.csv,494029
490140,"STAFFORD HOSPITAL, LLC",VA,mrf-stale-over-365-days,publisher-date-review,host returned pointer,entries retrieved,corroborated,response received,date-over-365-days,https://www.marywashingtonhealthcare.com/cms-hpt.txt,https://www.marywashingtonhealthcare.com/documents/134316364_stafford-hospital_standardcharges.csv,2024-12-30,2.0.0,https://www.marywashingtonhealthcare.com/patients-visitors/cost-estimates/,2026-09-09T01:51:12.928Z,,,Publisher date review,Review the draft against the saved declared date; request the current file or clarification.,file-evidence.csv,490140
494021,WESTERN STATE HOSPITAL,VA,mrf-stale-over-365-days,identity-or-format-review,host returned pointer,entries retrieved,unresolved,response received,unverified,https://dbhds.virginia.gov/cms-hpt.txt,,,,,2026-09-09T01:46:41.641Z,,,Identity / parser review,"Compare the file header with roster name, address and license state. Inspect archive contents or metadata beyond the capped header if extraction is incomplete.",file-evidence.csv,494021
470001,CENTRAL VERMONT MEDICAL CENTER,VT,pointer-blocked-to-automation,identity-or-format-review,host returned pointer,entries retrieved,unresolved,response received,unverified,https://www.uvmhealth.org/cms-hpt.txt,,,,,2026-09-09T01:46:42.419Z,,,Identity / parser review,"Compare the file header with roster name, address and license state. Inspect archive contents or metadata beyond the capped header if extraction is incomplete.",file-evidence.csv,470001
471305,COPLEY HOSPITAL,VT,mrf-url-unreachable,file-access-review,host returned pointer,entries retrieved,unresolved,unresolved,unverified,https://www.copleyvt.org/cms-hpt.txt,,,,,2026-09-09T01:46:42.468Z,,,Browser file retrieval,"Open the pointer-declared file in a browser. Record the final URL, status and download evidence. A failed automated request alone does not establish that the file is unavailable.",file-evidence.csv,471305
471300,GRACE COTTAGE HOSPITAL,VT,compliant-date-unverified,identity-or-format-review,host returned pointer,entries retrieved,unresolved,response received,unverified,https://gracecottage.org/cms-hpt.txt,,,,,2026-09-09T01:46:42.198Z,,,Identity / parser review,"Compare the file header with roster name, address and license state. Inspect archive contents or metadata beyond the capped header if extraction is incomplete.",file-evidence.csv,471300
470012,SOUTHWESTERN VERMONT MEDICAL CENTER,VT,compliant-date-unverified,file-access-review,host returned pointer,entries retrieved,unresolved,unresolved,unverified,https://svhealthcare.org/cms-hpt.txt,,,,,2026-09-09T01:46:42.452Z,,,Browser file retrieval,"Open the pointer-declared file in a browser. Record the final URL, status and download evidence. A failed automated request alone does not establish that the file is unavailable.",file-evidence.csv,470012
471306,SPRINGFIELD HOSPITAL,VT,compliant-date-unverified,identity-or-format-review,host returned pointer,entries retrieved,unresolved,response received,unverified,https://springfieldhospital.org/cms-hpt.txt,,,,,2026-09-09T01:46:42.443Z,,,Identity / parser review,"Compare the file header with roster name, address and license state. Inspect archive contents or metadata beyond the capped header if extraction is incomplete.",file-evidence.csv,471306
504002,BHC FAIRFAX HOSPITAL,WA,pointer-blocked-to-automation,pointer-or-domain-review,HTTP 403,not retrieved,unresolved,unresolved,unverified,,,,,,2026-09-09T01:46:42.680Z,,,Browser / official-domain review,Open the recorded pointer and official homepage in a browser. Follow the official pricing page; record redirects and exact response. Verify a replacement domain against first-party facility identity before assigning it.,file-evidence.csv,504002
500044,DEACONESS MEDICAL CENTER,WA,not-assessed-not-named-in-file,identity-or-format-review,host returned pointer,entries retrieved,unresolved,response received,unverified,https://www.multicare.org/cms-hpt.txt,,,,,2026-09-09T01:46:43.299Z,,,Identity / parser review,"Compare the file header with roster name, address and license state. Inspect archive contents or metadata beyond the capped header if extraction is incomplete.",file-evidence.csv,500044
500031,GRAYS HARBOR COMMUNITY HOSPITAL,WA,mrf-url-unreachable,file-access-review,host returned pointer,entries retrieved,unresolved,unresolved,unverified,https://static1.squarespace.com/static/5e90f5d75542933b842d0964/t/681d2dd1e71fc254c48f7fa0/1746742737725/cms-hpt.txt,,,,,2026-09-09T01:46:43.552Z,,,Browser file retrieval,"Open the pointer-declared file in a browser. Record the final URL, status and download evidence. A failed automated request alone does not establish that the file is unavailable.",file-evidence.csv,500031
500007,ISLAND HOSPITAL,WA,mrf-url-unreachable,file-access-review,host returned pointer,entries retrieved,unresolved,unresolved,unverified,https://islandhospital.org/cms-hpt.txt,,,,,2026-09-09T01:46:42.744Z,,,Browser file retrieval,"Open the pointer-declared file in a browser. Record the final URL, status and download evidence. A failed automated request alone does not establish that the file is unavailable.",file-evidence.csv,500007
501316,KLICKITAT VALLEY HOSPITAL,WA,mrf-stale-over-365-days,identity-or-format-review,host returned pointer,entries retrieved,unresolved,response received,unverified,https://kvhealth.net/cms-hpt.txt,,,,,2026-09-09T01:46:42.798Z,,,Identity / parser review,"Compare the file header with roster name, address and license state. Inspect archive contents or metadata beyond the capped header if extraction is incomplete.",file-evidence.csv,501316
501340,PEACEHEALTH PEACE ISLAND MEDICAL CENTER,WA,pointer-blocked-to-automation,pointer-or-domain-review,HTTP request timeout,not retrieved,unresolved,unresolved,unverified,,,,,,2026-09-09T01:42:05.446Z,,,Browser / official-domain review,Open the recorded pointer and official homepage in a browser. Follow the official pricing page; record redirects and exact response. Verify a replacement domain against first-party facility identity before assigning it.,file-evidence.csv,501340
500050,PEACEHEALTH SOUTHWEST MEDICAL CENTE,WA,pointer-blocked-to-automation,pointer-or-domain-review,HTTP request timeout,not retrieved,unresolved,unresolved,unverified,,,,,,2026-09-09T01:42:05.446Z,,,Browser / official-domain review,Open the recorded pointer and official homepage in a browser. Follow the official pricing page; record redirects and exact response. Verify a replacement domain against first-party facility identity before assigning it.,file-evidence.csv,500050
500041,PEACEHEALTH ST JOHN MEDICAL CENTER,WA,pointer-blocked-to-automation,pointer-or-domain-review,HTTP request timeout,not retrieved,unresolved,unresolved,unverified,,,,,,2026-09-09T01:42:05.446Z,,,Browser / official-domain review,Open the recorded pointer and official homepage in a browser. Follow the official pricing page; record redirects and exact response. Verify a replacement domain against first-party facility identity before assigning it.,file-evidence.csv,500041
500030,PEACEHEALTH ST JOSEPH MEDICAL CENTER,WA,pointer-blocked-to-automation,pointer-or-domain-review,HTTP request timeout,not retrieved,unresolved,unresolved,unverified,,,,,,2026-09-09T01:42:05.446Z,,,Browser / official-domain review,Open the recorded pointer and official homepage in a browser. Follow the official pricing page; record redirects and exact response. Verify a replacement domain against first-party facility identity before assigning it.,file-evidence.csv,500030
501329,PEACEHEALTH UNITED GENERAL MEDICAL CENTER,WA,pointer-blocked-to-automation,pointer-or-domain-review,HTTP request timeout,not retrieved,unresolved,unresolved,unverified,,,,,,2026-09-09T01:42:05.446Z,,,Browser / official-domain review,Open the recorded pointer and official homepage in a browser. Follow the official pricing page; record redirects and exact response. Verify a replacement domain against first-party facility identity before assigning it.,file-evidence.csv,501329
501312,PROSSER MEMORIAL HOSPITAL,WA,mrf-stale-over-365-days,publisher-date-review,host returned pointer,entries retrieved,corroborated,response received,date-over-365-days,https://www.prosserhealth.org/cms-hpt.txt,https://res.cloudinary.com/dpmykpsih/raw/upload/prosser-health-site-416/media/r/98285db682424129bd554acc0db84c2a/91-6013490_prosser-memorial-health-hospital_standardcharges.csv,2025-01-01,2.0.0,https://www.prosserhealth.org/patients-and-visitors/financial-services/pricing-transparency/,2026-09-09T01:51:14.084Z,,,Publisher date review,Review the draft against the saved declared date; request the current file or clarification.,file-evidence.csv,501312
500054,PROV SACRED HRT MED CTR & CHILDS HOSP.,WA,not-assessed-not-named-in-file,pointer-or-domain-review,HTTP 200,not retrieved,unresolved,unresolved,unverified,,,,,,2026-09-09T01:46:53.821Z,,,Browser / official-domain review,Open the recorded pointer and official homepage in a browser. Follow the official pricing page; record redirects and exact response. Verify a replacement domain against first-party facility identity before assigning it.,file-evidence.csv,500054
520041,ASPIRUS DIVINE SAVIOR HOSPITAL,WI,mrf-stale-over-365-days,publisher-date-review,host returned pointer,entries retrieved,corroborated,response received,date-over-365-days,https://www.aspirus.org/cms-hpt.txt,https://www.aspirus.org/Uploads/Public/Documents/PriceEstimate/TransparencyFY26/390806250_aspirus-divine-savior-hospital_standardcharges.json,2025-07-01,2.2.0,https://www.aspirus.org/price-estimate,2026-09-09T01:51:14.215Z,,,Publisher date review,Review the draft against the saved declared date; request the current file or clarification.,file-evidence.csv,520041
521300,ASPIRUS EAGLE RIVER HOSPITAL,WI,mrf-stale-over-365-days,publisher-date-review,host returned pointer,entries retrieved,corroborated,response received,date-over-365-days,https://www.aspirus.org/cms-hpt.txt,https://www.aspirus.org/Uploads/Public/Documents/PriceEstimate/TransparencyFY26/390985690_aspirus-eagle-river-hospital_standardcharges.json,2025-07-01,2.2.0,https://www.aspirus.org/price-estimate,2026-09-09T01:51:14.413Z,,,Publisher date review,Review the draft against the saved declared date; request the current file or clarification.,file-evidence.csv,521300
521324,"ASPIRUS MEDFORD HOSPITAL & CLINICS, INC",WI,mrf-stale-over-365-days,identity-or-format-review,host returned pointer,entries retrieved,unresolved,response received,unverified,https://www.aspirus.org/cms-hpt.txt,,,,,2026-09-09T01:44:29.866Z,,,Identity / parser review,"Compare the file header with roster name, address and license state. Inspect archive contents or metadata beyond the capped header if extraction is incomplete.",file-evidence.csv,521324
521339,ASPIRUS MERRILL HOSPITAL,WI,mrf-stale-over-365-days,publisher-date-review,host returned pointer,entries retrieved,corroborated,response received,date-over-365-days,https://www.aspirus.org/cms-hpt.txt,https://www.aspirus.org/Uploads/Public/Documents/PriceEstimate/TransparencyFY26/390808503_aspirus-merrill-hospital_standardcharges.json,2025-07-01,2.2.0,https://www.aspirus.org/price-estimate,2026-09-09T01:51:14.604Z,,,Publisher date review,Review the draft against the saved declared date; request the current file or clarification.,file-evidence.csv,521339
520019,ASPIRUS RHINELANDER HOSPITAL,WI,mrf-stale-over-365-days,file-access-review,host returned pointer,entries retrieved,unresolved,unresolved,unverified,https://www.aspirus.org/cms-hpt.txt,,,,,2026-09-09T01:44:29.866Z,,,Browser file retrieval,"Open the pointer-declared file in a browser. Record the final URL, status and download evidence. A failed automated request alone does not establish that the file is unavailable.",file-evidence.csv,520019
520033,ASPIRUS RIVERVIEW HOSPITAL & CLINICS INC,WI,mrf-stale-over-365-days,file-access-review,host returned pointer,entries retrieved,unresolved,unresolved,unverified,https://www.aspirus.org/cms-hpt.txt,,,,,2026-09-09T01:44:29.866Z,,,Browser file retrieval,"Open the pointer-declared file in a browser. Record the final URL, status and download evidence. A failed automated request alone does not establish that the file is unavailable.",file-evidence.csv,520033
521311,ASPIRUS STANLEY HOSPITAL,WI,mrf-stale-over-365-days,file-access-review,host returned pointer,entries retrieved,unresolved,unresolved,unverified,https://www.aspirus.org/cms-hpt.txt,,,,,2026-09-09T01:44:29.866Z,,,Browser file retrieval,"Open the pointer-declared file in a browser. Record the final URL, status and download evidence. A failed automated request alone does not establish that the file is unavailable.",file-evidence.csv,521311
520002,"ASPIRUS STEVENS POINT HOSPITAL & CLINICS, INC.",WI,mrf-stale-over-365-days,file-access-review,host returned pointer,entries retrieved,unresolved,unresolved,unverified,https://www.aspirus.org/cms-hpt.txt,,,,,2026-09-09T01:44:29.866Z,,,Browser file retrieval,"Open the pointer-declared file in a browser. Record the final URL, status and download evidence. A failed automated request alone does not establish that the file is unavailable.",file-evidence.csv,520002
521313,ASPIRUS TOMAHAWK HOSPITAL,WI,mrf-stale-over-365-days,file-access-review,host returned pointer,entries retrieved,unresolved,unresolved,unverified,https://www.aspirus.org/cms-hpt.txt,,,,,2026-09-09T01:44:29.866Z,,,Browser file retrieval,"Open the pointer-declared file in a browser. Record the final URL, status and download evidence. A failed automated request alone does not establish that the file is unavailable.",file-evidence.csv,521313
520030,ASPIRUS WAUSAU HOSPITAL,WI,mrf-stale-over-365-days,file-access-review,host returned pointer,entries retrieved,unresolved,unresolved,unverified,https://www.aspirus.org/cms-hpt.txt,,,,,2026-09-09T01:44:29.866Z,,,Browser file retrieval,"Open the pointer-declared file in a browser. Record the final URL, status and download evidence. A failed automated request alone does not establish that the file is unavailable.",file-evidence.csv,520030
521331,BURNETT MEDICAL CENTER,WI,mrf-stale-over-365-days,publisher-date-review,host returned pointer,entries retrieved,corroborated,response received,date-over-365-days,https://www.burnettmedicalcenter.com/cms-hpt.txt,https://www.burnettmedicalcenter.com/wp-content/uploads/2025/03/390938661_BurnettMedicalCenter_standardcharges.csv,2024-07-01,2.0.0,https://www.burnettmedicalcenter.com/patients-visitors/price-transparency/,2026-09-09T01:51:14.710Z,,,Publisher date review,Review the draft against the saved declared date; request the current file or clarification.,file-evidence.csv,521331
521307,CHIPPEWA VALLEY HOSPITAL,WI,not-assessed-not-named-in-file,identity-or-format-review,host returned pointer,entries retrieved,unresolved,response received,unverified,https://www.adventhealth.com/cms-hpt.txt,,,,,2026-09-09T01:44:06.923Z,,,Identity / parser review,"Compare the file header with roster name, address and license state. Inspect archive contents or metadata beyond the capped header if extraction is incomplete.",file-evidence.csv,521307
520103,COMMUNITY MEMORIAL HOSPITAL,WI,not-assessed-not-named-in-file,identity-or-format-review,host returned pointer,entries retrieved,unresolved,response received,unverified,https://www.froedtert.com/sites/default/files/upload/docs/patients-visitors/cms-hpt.txt,,,,,2026-09-09T01:46:44.055Z,,,Identity / parser review,"Compare the file header with roster name, address and license state. Inspect archive contents or metadata beyond the capped header if extraction is incomplete.",file-evidence.csv,520103
520071,FORT MEMORIAL HOSPITAL,WI,compliant-date-unverified,file-access-review,host returned pointer,entries retrieved,unresolved,unresolved,unverified,https://www.forthealthcare.com/cms-hpt.txt,,,,,2026-09-09T01:46:43.955Z,,,Browser file retrieval,"Open the pointer-declared file in a browser. Record the final URL, status and download evidence. A failed automated request alone does not establish that the file is unavailable.",file-evidence.csv,520071
520021,FROEDTERT SOUTH INC.,WI,not-assessed-not-named-in-file,identity-or-format-review,host returned pointer,entries retrieved,unresolved,response received,unverified,https://www.froedtert.com/sites/default/files/upload/docs/patients-visitors/cms-hpt.txt,,,,,2026-09-09T01:46:44.055Z,,,Identity / parser review,"Compare the file header with roster name, address and license state. Inspect archive contents or metadata beyond the capped header if extraction is incomplete.",file-evidence.csv,520021
520091,HOWARD YOUNG MEDICAL CENTER,WI,mrf-stale-over-365-days,publisher-date-review,host returned pointer,entries retrieved,corroborated,response received,date-over-365-days,https://www.aspirus.org/cms-hpt.txt,https://www.aspirus.org/Uploads/Public/Documents/PriceEstimate/TransparencyFY26/390873606_howard-young-medical-center_standardcharges.json,2025-07-01,2.2.0,https://www.aspirus.org/price-estimate,2026-09-09T01:51:59.618Z,,,Publisher date review,Review the draft against the saved declared date; request the current file or clarification.,file-evidence.csv,520091
521335,HUDSON HOSPITAL,WI,not-assessed-not-named-in-file,identity-or-format-review,host returned pointer,entries retrieved,unresolved,response received,unverified,https://www.healthpartners.com/cms-hpt.txt,,,,,2026-09-09T01:44:33.315Z,,,Identity / parser review,"Compare the file header with roster name, address and license state. Inspect archive contents or metadata beyond the capped header if extraction is incomplete.",file-evidence.csv,521335
521350,LANGLADE HOSPITAL,WI,mrf-stale-over-365-days,identity-or-format-review,host returned pointer,entries retrieved,unresolved,response received,unverified,https://www.aspirus.org/cms-hpt.txt,,,,,2026-09-09T01:44:29.866Z,,,Identity / parser review,"Compare the file header with roster name, address and license state. Inspect archive contents or metadata beyond the capped header if extraction is incomplete.",file-evidence.csv,521350
524017,NORTH CENTRAL HEALTH CARE,WI,mrf-stale-over-365-days,file-access-review,host returned pointer,entries retrieved,unresolved,unresolved,unverified,https://www.norcen.org/cms-hpt.txt,,,,,2026-09-09T01:46:43.630Z,,,Browser file retrieval,"Open the pointer-declared file in a browser. Record the final URL, status and download evidence. A failed automated request alone does not establish that the file is unavailable.",file-evidence.csv,524017
524019,NORWOOD HEALTH CENTER,WI,old-template-version,file-access-review,host returned pointer,entries retrieved,unresolved,unresolved,unverified,https://woodcountywi.gov/cms-hpt.txt,,,,,2026-09-09T01:46:43.914Z,,,Browser file retrieval,"Open the pointer-declared file in a browser. Record the final URL, status and download evidence. A failed automated request alone does not establish that the file is unavailable.",file-evidence.csv,524019
520116,WATERTOWN MEMORIAL HOSPITAL,WI,not-assessed-site-unreachable,pointer-or-domain-review,HTTP request timeout,not retrieved,unresolved,unresolved,unverified,,,,,,2026-09-09T01:46:43.866Z,,,Browser / official-domain review,Open the recorded pointer and official homepage in a browser. Follow the official pricing page; record redirects and exact response. Verify a replacement domain against first-party facility identity before assigning it.,file-evidence.csv,520116
510091,CAMC CHARLESTON SURGICAL HOSPITAL,WV,mrf-url-unreachable,pointer-or-domain-review,HTTP 200,not retrieved,unresolved,unresolved,unverified,,,,,,2026-09-09T01:46:53.932Z,,,Browser / official-domain review,Open the recorded pointer and official homepage in a browser. Follow the official pricing page; record redirects and exact response. Verify a replacement domain against first-party facility identity before assigning it.,file-evidence.csv,510091
510002,"CAMC GREENBRIER VALLEY MEDICAL CENTER, INC",WV,mrf-url-unreachable,file-access-review,HTTP 200,entries retrieved,unresolved,unresolved,unverified,https://www.camc.org/cms-hpt.txt,,,,,2026-09-09T01:46:53.944Z,,,Browser file retrieval,"Open the pointer-declared file in a browser. Record the final URL, status and download evidence. A failed automated request alone does not establish that the file is unavailable.",file-evidence.csv,510002
510030,DAVIS MEDICAL CENTER,WV,mrf-url-unreachable,file-access-review,HTTP 200,entries retrieved,unresolved,unresolved,unverified,https://search.hospitalpriceindex.com/8555/cms-hpt.txt,,,,,2026-09-09T01:46:53.930Z,,,Browser file retrieval,"Open the pointer-declared file in a browser. Record the final URL, status and download evidence. A failed automated request alone does not establish that the file is unavailable.",file-evidence.csv,510030
510048,LOGAN REGIONAL MEDICAL CENTER,WV,not-assessed-site-unreachable,pointer-or-domain-review,HTTP 406,not retrieved,unresolved,unresolved,unverified,,,,,,2026-09-09T01:46:53.959Z,,,Browser / official-domain review,Open the recorded pointer and official homepage in a browser. Follow the official pricing page; record redirects and exact response. Verify a replacement domain against first-party facility identity before assigning it.,file-evidence.csv,510048
514009,MILDRED MITCHELL-BATEMAN HOSPITAL,WV,not-assessed-site-unreachable,pointer-or-domain-review,HTTP Client network socket disconnected before secure TLS connection was established,not retrieved,unresolved,unresolved,unverified,,,,,,2026-09-09T01:46:54.075Z,,,Browser / official-domain review,Open the recorded pointer and official homepage in a browser. Follow the official pricing page; record redirects and exact response. Verify a replacement domain against first-party facility identity before assigning it.,file-evidence.csv,514009
511306,ROANE GENERAL HOSPITAL,WV,no-cms-hpt-txt-published,pointer-or-domain-review,HTTP 202,not retrieved,unresolved,unresolved,unverified,,,,,,2026-09-09T01:46:56.661Z,,,Browser / official-domain review,Open the recorded pointer and official homepage in a browser. Follow the official pricing page; record redirects and exact response. Verify a replacement domain against first-party facility identity before assigning it.,file-evidence.csv,511306
510086,WELCH COMMUNITY HOSPITAL,WV,not-assessed-site-unreachable,pointer-or-domain-review,HTTP 200,not retrieved,unresolved,unresolved,unverified,,,,,,2026-09-09T01:46:58.354Z,,,Browser / official-domain review,Open the recorded pointer and official homepage in a browser. Follow the official pricing page; record redirects and exact response. Verify a replacement domain against first-party facility identity before assigning it.,file-evidence.csv,510086
514012,"WILLIAM R SHARPE, JR HOSPITAL",WV,not-assessed-site-unreachable,pointer-or-domain-review,HTTP 200,not retrieved,unresolved,unresolved,unverified,,,,,,2026-09-09T01:46:58.354Z,,,Browser / official-domain review,Open the recorded pointer and official homepage in a browser. Follow the official pricing page; record redirects and exact response. Verify a replacement domain against first-party facility identity before assigning it.,file-evidence.csv,514012
530012,BANNER WYOMING MEDICAL CENTER,WY,not-assessed-site-unreachable,pointer-or-domain-review,HTTP request deadline exceeded,not retrieved,unresolved,unresolved,unverified,,,,,,2026-09-09T01:47:01.367Z,,,Browser / official-domain review,Open the recorded pointer and official homepage in a browser. Follow the official pricing page; record redirects and exact response. Verify a replacement domain against first-party facility identity before assigning it.,file-evidence.csv,530012
531305,PLATTE COUNTY HOSPITAL,WY,pointer-blocked-to-automation,pointer-or-domain-review,HTTP Parse Error: Header overflow,not retrieved,unresolved,unresolved,unverified,,,,,,2026-09-09T01:42:43.244Z,,,Browser / official-domain review,Open the recorded pointer and official homepage in a browser. Follow the official pricing page; record redirects and exact response. Verify a replacement domain against first-party facility identity before assigning it.,file-evidence.csv,531305
530008,SAGEWEST HEALTH CARE,WY,not-assessed-site-unreachable,pointer-or-domain-review,HTTP 406,not retrieved,unresolved,unresolved,unverified,,,,,,2026-09-09T01:47:01.371Z,,,Browser / official-domain review,Open the recorded pointer and official homepage in a browser. Follow the official pricing page; record redirects and exact response. Verify a replacement domain against first-party facility identity before assigning it.,file-evidence.csv,530008
531313,STAR VALLEY MEDICAL CENTER,WY,mrf-stale-over-365-days,pointer-or-domain-review,HTTP 200,not retrieved,unresolved,unresolved,unverified,,,,,,2026-09-09T01:47:02.081Z,,,Browser / official-domain review,Open the recorded pointer and official homepage in a browser. Follow the official pricing page; record redirects and exact response. Verify a replacement domain against first-party facility identity before assigning it.,file-evidence.csv,531313
530034,SUMMIT MEDICAL CENTER,WY,not-assessed-not-named-in-file,pointer-or-domain-review,HTTP request timeout,not retrieved,unresolved,unresolved,unverified,,,,,,2026-09-09T01:47:04.006Z,,,Browser / official-domain review,Open the recorded pointer and official homepage in a browser. Follow the official pricing page; record redirects and exact response. Verify a replacement domain against first-party facility identity before assigning it.,file-evidence.csv,530034
531306,WASHAKIE MEDICAL CENTER,WY,pointer-blocked-to-automation,pointer-or-domain-review,HTTP Parse Error: Header overflow,not retrieved,unresolved,unresolved,unverified,,,,,,2026-09-09T01:42:43.244Z,,,Browser / official-domain review,Open the recorded pointer and official homepage in a browser. Follow the official pricing page; record redirects and exact response. Verify a replacement domain against first-party facility identity before assigning it.,file-evidence.csv,531306
